evaluation,fitness,test_accuracy,time
0,0.2922065854072571,1.00
0,0.2922065854072571,0.5057791471481323,0.81
100,0.2922065854072571,0.5057791471481323,0.81
200,0.2922065854072571,0.5057791471481323,0.81
300,0.2922065854072571,0.5057791471481323,0.81
400,0.2922065854072571,0.5057791471481323,0.81
500,0.2922065854072571,0.5057791471481323,0.81
600,0.2922065854072571,0.5057791471481323,0.81
700,0.35406678915023804,0.5633666515350342,0.81
800,0.35406678915023804,0.5633666515350342,0.81
900,0.35406678915023804,0.5633666515350342,0.81
1000,0.35406678915023804,0.5633666515350342,0.81
1100,0.3701854348182678,0.5621517896652222,0.81
1200,0.3701854348182678,0.5621517896652222,0.81
1300,0.3701854348182678,0.5621517896652222,0.81
1400,0.3701854348182678,0.5621517896652222,0.81
1500,0.3701854348182678,0.5621517896652222,0.81
1600,0.5169579982757568,0.6635518074035645,0.81
1700,0.5169579982757568,0.6635518074035645,0.81
1800,0.5169579982757568,0.6635518074035645,0.81
1900,0.5169579982757568,0.6635518074035645,0.81
2000,0.5169579982757568,0.6635518074035645,0.81
2100,0.5169579982757568,0.6635518074035645,0.81
2200,0.5169579982757568,0.6635518074035645,0.81
2300,0.5169579982757568,0.6635518074035645,0.81
2400,0.5169579982757568,0.6635518074035645,0.81
2500,0.5169579982757568,0.6635518074035645,0.81
2600,0.5169579982757568,0.6635518074035645,0.81
2700,0.5169579982757568,0.6635518074035645,0.81
2800,0.5169579982757568,0.6635518074035645,0.81
2900,0.5169579982757568,0.6635518074035645,0.81
3000,0.5169579982757568,0.6635518074035645,0.81
3100,0.5169579982757568,0.6635518074035645,0.81
3200,0.5169579982757568,0.6635518074035645,0.81
3300,0.5169579982757568,0.6635518074035645,0.81
3400,0.5169579982757568,0.6635518074035645,0.81
3500,0.5169579982757568,0.6635518074035645,0.81
3600,0.5169579982757568,0.6635518074035645,0.81
3700,0.5169579982757568,0.6635518074035645,0.81
3800,0.5169579982757568,0.6635518074035645,0.81
3900,0.5169579982757568,0.6635518074035645,0.81
4000,0.5169579982757568,0.6635518074035645,0.81
4100,0.5169579982757568,0.6635518074035645,0.81
4200,0.5169579982757568,0.6635518074035645,0.81
4300,0.5768355131149292,0.5385038256645203,0.81
4400,0.5768355131149292,0.5385038256645203,0.81
4500,0.5856717824935913,0.5421054363250732,0.81
4600,0.5856717824935913,0.5421054363250732,0.81
4700,0.5856717824935913,0.5421054363250732,0.81
4800,0.5856717824935913,0.5421054363250732,0.81
4900,0.5856717824935913,0.5421054363250732,0.81
5000,0.5856717824935913,0.5421054363250732,0.81
5100,0.5856717824935913,0.5421054363250732,0.81
5200,0.5856717824935913,0.5421054363250732,0.81
5300,0.5856717824935913,0.5421054363250732,0.81
5400,0.5856717824935913,0.5421054363250732,0.81
5500,0.5856717824935913,0.5421054363250732,0.81
5600,0.5856717824935913,0.5421054363250732,0.81
5700,0.5856717824935913,0.5421054363250732,0.81
5800,0.5856717824935913,0.5421054363250732,0.81
5900,0.5856717824935913,0.5421054363250732,0.81
6000,0.5856717824935913,0.5421054363250732,0.81
6100,0.5856717824935913,0.5421054363250732,0.81
6200,0.5856717824935913,0.5421054363250732,0.81
6300,0.5856717824935913,0.5421054363250732,0.81
6400,0.5856717824935913,0.5421054363250732,0.81
6500,0.5856717824935913,0.5421054363250732,0.81
6600,0.5856717824935913,0.5421054363250732,0.81
6700,0.5856717824935913,0.5421054363250732,0.81
6800,0.5856717824935913,0.5421054363250732,0.81
6900,0.5856717824935913,0.5421054363250732,0.81
7000,0.5856717824935913,0.5421054363250732,0.81
7100,0.5856717824935913,0.5421054363250732,0.81
7200,0.5856717824935913,0.5421054363250732,0.81
7300,0.5856717824935913,0.5421054363250732,0.81
7400,0.5856717824935913,0.5421054363250732,0.81
7500,0.5856717824935913,0.5421054363250732,0.81
7600,0.5856717824935913,0.5421054363250732,0.81
7700,0.5856717824935913,0.5421054363250732,0.81
7800,0.5856717824935913,0.5421054363250732,0.81
7900,0.5856717824935913,0.5421054363250732,0.81
8000,0.5856717824935913,0.5421054363250732,0.81
8100,0.5856717824935913,0.5421054363250732,0.81
8200,0.5856717824935913,0.5421054363250732,0.81
8300,0.5856717824935913,0.5421054363250732,0.81
8400,0.5856717824935913,0.5421054363250732,0.81
8500,0.5856717824935913,0.5421054363250732,0.81
8600,0.5856717824935913,0.5421054363250732,0.81
8700,0.5856717824935913,0.5421054363250732,0.81
8800,0.5856717824935913,0.5421054363250732,0.81
8900,0.5856717824935913,0.5421054363250732,0.81
9000,0.5856717824935913,0.5421054363250732,0.81
9100,0.5856717824935913,0.5421054363250732,0.81
9200,0.5856717824935913,0.5421054363250732,0.81
9300,0.5856717824935913,0.5421054363250732,0.81
9400,0.5856717824935913,0.5421054363250732,0.81
9500,0.5856717824935913,0.5421054363250732,0.81
9600,0.5856717824935913,0.5421054363250732,0.81
9700,0.5856717824935913,0.5421054363250732,0.81
9800,0.5856717824935913,0.5421054363250732,0.81
9900,0.5856717824935913,0.5421054363250732,0.81
10000,0.5856717824935913,0.5421054363250732,0.81
10100,0.5856717824935913,0.5421054363250732,0.81
10200,0.5856717824935913,0.5421054363250732,0.81
10300,0.5856717824935913,0.5421054363250732,0.81
10400,0.5856717824935913,0.5421054363250732,0.81
10500,0.5856717824935913,0.5421054363250732,0.81
10600,0.5856717824935913,0.5421054363250732,0.81
10700,0.5856717824935913,0.5421054363250732,0.81
10800,0.5856717824935913,0.5421054363250732,0.81
10900,0.5856717824935913,0.5421054363250732,0.81
11000,0.5856717824935913,0.5421054363250732,0.81
11100,0.5856717824935913,0.5421054363250732,0.81
11200,0.5856717824935913,0.5421054363250732,0.81
11300,0.5856717824935913,0.5421054363250732,0.81
11400,0.5856717824935913,0.5421054363250732,0.81
11500,0.5856717824935913,0.5421054363250732,0.81
11600,0.5856717824935913,0.5421054363250732,0.81
11700,0.5856717824935913,0.5421054363250732,0.81
11800,0.5856717824935913,0.5421054363250732,0.81
11900,0.5856717824935913,0.5421054363250732,0.81
12000,0.5856717824935913,0.5421054363250732,0.81
12100,0.5856717824935913,0.5421054363250732,0.81
12200,0.5856717824935913,0.5421054363250732,0.81
12300,0.5856717824935913,0.5421054363250732,0.81
12400,0.5856717824935913,0.5421054363250732,0.81
12500,0.5856717824935913,0.5421054363250732,0.81
12600,0.5856717824935913,0.5421054363250732,0.81
12700,0.5856717824935913,0.5421054363250732,0.81
12800,0.5856717824935913,0.5421054363250732,0.81
12900,0.5856717824935913,0.5421054363250732,0.81
13000,0.5856717824935913,0.5421054363250732,0.81
13100,0.7046324014663696,0.8539152145385742,0.81
13200,0.7046324014663696,0.8539152145385742,0.81
13300,0.7046324014663696,0.8539152145385742,0.81
13400,0.7046324014663696,0.8539152145385742,0.81
13500,0.7046324014663696,0.8539152145385742,0.81
13600,0.7046324014663696,0.8539152145385742,0.81
13700,0.7046324014663696,0.8539152145385742,0.81
13800,0.7046324014663696,0.8539152145385742,0.81
13900,0.7046324014663696,0.8539152145385742,0.81
14000,0.7046324014663696,0.8539152145385742,0.81
14100,0.7046324014663696,0.8539152145385742,0.81
14200,0.7046324014663696,0.8539152145385742,0.81
14300,0.7046324014663696,0.8539152145385742,0.81
14400,0.7046324014663696,0.8539152145385742,0.81
14500,0.7046324014663696,0.8539152145385742,0.81
14600,0.7046324014663696,0.8539152145385742,0.81
14700,0.7046324014663696,0.8539152145385742,0.81
14800,0.7046324014663696,0.8539152145385742,0.81
14900,0.7046324014663696,0.8539152145385742,0.81
15000,0.7046324014663696,0.8539152145385742,0.81
15100,0.7046324014663696,0.8539152145385742,0.81
15200,0.7046324014663696,0.8539152145385742,0.81
15300,0.7046324014663696,0.8539152145385742,0.81
15400,0.7046324014663696,0.8539152145385742,0.81
15500,0.7046324014663696,0.8539152145385742,0.81
15600,0.7046324014663696,0.8539152145385742,0.81
15700,0.7046324014663696,0.8539152145385742,0.81
15800,0.7046324014663696,0.8539152145385742,0.81
15900,0.7046324014663696,0.8539152145385742,0.81
16000,0.7046324014663696,0.8539152145385742,0.81
16100,0.7046324014663696,0.8539152145385742,0.81
16200,0.7046324014663696,0.8539152145385742,0.81
16300,0.7046324014663696,0.8539152145385742,0.81
16400,0.7046324014663696,0.8539152145385742,0.81
16500,0.7046324014663696,0.8539152145385742,0.81
16600,0.7046324014663696,0.8539152145385742,0.81
16700,0.7046324014663696,0.8539152145385742,0.81
16800,0.7046324014663696,0.8539152145385742,0.81
16900,0.7046324014663696,0.8539152145385742,0.81
17000,0.7046324014663696,0.8539152145385742,0.81
17100,0.7046324014663696,0.8539152145385742,0.81
17200,0.7046324014663696,0.8539152145385742,0.81
17300,0.7046324014663696,0.8539152145385742,0.81
17400,0.8590373992919922,0.9268216490745544,0.81
17500,0.8590373992919922,0.9268216490745544,0.81
17600,0.8590373992919922,0.9268216490745544,0.81
17700,0.8590373992919922,0.9268216490745544,0.81
17800,0.8590373992919922,0.9268216490745544,0.81
17900,0.8590373992919922,0.9268216490745544,0.81
18000,0.8590373992919922,0.9268216490745544,0.81
18100,0.8590373992919922,0.9268216490745544,0.81
18200,0.8590373992919922,0.9268216490745544,0.81
18300,0.8590373992919922,0.9268216490745544,0.81
18400,0.8590373992919922,0.9268216490745544,0.81
18500,0.8590373992919922,0.9268216490745544,0.81
18600,0.8590373992919922,0.9268216490745544,0.81
18700,0.8590373992919922,0.9268216490745544,0.81
18800,0.8590373992919922,0.9268216490745544,0.81
18900,0.8590373992919922,0.9268216490745544,0.81
19000,0.8590373992919922,0.9268216490745544,0.81
19100,0.8590373992919922,0.9268216490745544,0.81
19200,0.8590373992919922,0.9268216490745544,0.81
19300,0.8590373992919922,0.9268216490745544,0.81
19400,0.8590373992919922,0.9268216490745544,0.81
19500,0.8590373992919922,0.9268216490745544,0.81
19600,0.8590373992919922,0.9268216490745544,0.81
19700,0.8590373992919922,0.9268216490745544,0.81
19800,0.8590373992919922,0.9268216490745544,0.81
19900,0.8590373992919922,0.9268216490745544,0.81
20000,0.8590373992919922,0.9268216490745544,0.81
20100,0.8590373992919922,0.9268216490745544,0.81
20200,0.8590373992919922,0.9268216490745544,0.81
20300,0.8590373992919922,0.9268216490745544,0.81
20400,0.8590373992919922,0.9268216490745544,0.81
20500,0.8590373992919922,0.9268216490745544,0.81
20600,0.8590373992919922,0.9268216490745544,0.81
20700,0.8590373992919922,0.9268216490745544,0.81
20800,0.8590373992919922,0.9268216490745544,0.81
20900,0.8590373992919922,0.9268216490745544,0.81
21000,0.8590373992919922,0.9268216490745544,0.81
21100,0.8590373992919922,0.9268216490745544,0.81
21200,0.8590373992919922,0.9268216490745544,0.81
21300,0.8590373992919922,0.9268216490745544,0.81
21400,0.8590373992919922,0.9268216490745544,0.81
21500,0.8590373992919922,0.9268216490745544,0.81
21600,0.8590373992919922,0.9268216490745544,0.81
21700,0.8590373992919922,0.9268216490745544,0.81
21800,0.8590373992919922,0.9268216490745544,0.81
21900,0.8590373992919922,0.9268216490745544,0.81
22000,0.8590373992919922,0.9268216490745544,0.81
22100,0.8590373992919922,0.9268216490745544,0.81
22200,0.8590373992919922,0.9268216490745544,0.81
22300,0.8590373992919922,0.9268216490745544,0.81
22400,0.8590373992919922,0.9268216490745544,0.81
22500,0.8590373992919922,0.9268216490745544,0.81
22600,0.8590373992919922,0.9268216490745544,0.81
22700,0.8590373992919922,0.9268216490745544,0.81
22800,0.8590373992919922,0.9268216490745544,0.81
22900,0.8590373992919922,0.9268216490745544,0.81
23000,0.8590373992919922,0.9268216490745544,0.81
23100,0.8590373992919922,0.9268216490745544,0.81
23200,0.8590373992919922,0.9268216490745544,0.81
23300,0.8590373992919922,0.9268216490745544,0.81
23400,0.8590373992919922,0.9268216490745544,0.81
23500,0.8590373992919922,0.9268216490745544,0.81
23600,0.8590373992919922,0.9268216490745544,0.81
23700,0.8590373992919922,0.9268216490745544,0.81
23800,0.8590373992919922,0.9268216490745544,0.81
23900,0.8590373992919922,0.9268216490745544,0.81
24000,0.8590373992919922,0.9268216490745544,0.81
24100,0.8590373992919922,0.9268216490745544,0.81
24200,0.8590373992919922,0.9268216490745544,0.81
24300,0.8590373992919922,0.9268216490745544,0.81
24400,0.8590373992919922,0.9268216490745544,0.81
24500,0.8590373992919922,0.9268216490745544,0.81
24600,0.8590373992919922,0.9268216490745544,0.81
24700,0.8590373992919922,0.9268216490745544,0.81
24800,0.8590373992919922,0.9268216490745544,0.81
24900,0.8590373992919922,0.9268216490745544,0.81
25000,0.8590373992919922,0.9268216490745544,0.81
25100,0.8590373992919922,0.9268216490745544,0.81
25200,0.8590373992919922,0.9268216490745544,0.81
25300,0.8590373992919922,0.9268216490745544,0.81
25400,0.8590373992919922,0.9268216490745544,0.81
25500,0.8590373992919922,0.9268216490745544,0.81
25600,0.8590373992919922,0.9268216490745544,0.81
25700,0.8590373992919922,0.9268216490745544,0.81
25800,0.8590373992919922,0.9268216490745544,0.81
25900,0.8590373992919922,0.9268216490745544,0.81
26000,0.8590373992919922,0.9268216490745544,0.81
26100,0.8590373992919922,0.9268216490745544,0.81
26200,0.8590373992919922,0.9268216490745544,0.81
26300,0.8590373992919922,0.9268216490745544,0.81
26400,0.8590373992919922,0.9268216490745544,0.81
26500,0.8590373992919922,0.9268216490745544,0.81
26600,0.8590373992919922,0.9268216490745544,0.81
26700,0.8590373992919922,0.9268216490745544,0.81
26800,0.8590373992919922,0.9268216490745544,0.81
26900,0.8590373992919922,0.9268216490745544,0.81
27000,0.8590373992919922,0.9268216490745544,0.81
27100,0.8590373992919922,0.9268216490745544,0.81
27200,0.8590373992919922,0.9268216490745544,0.81
27300,0.8590373992919922,0.9268216490745544,0.81
27400,0.8590373992919922,0.9268216490745544,0.81
27500,0.8590373992919922,0.9268216490745544,0.81
27600,0.8914478421211243,0.9198262691497803,0.81
27700,0.8914478421211243,0.9198262691497803,0.81
27800,0.8914478421211243,0.9198262691497803,0.81
27900,0.8914478421211243,0.9198262691497803,0.81
28000,0.8914478421211243,0.9198262691497803,0.81
28100,0.8914478421211243,0.9198262691497803,0.81
28200,0.8914478421211243,0.9198262691497803,0.81
28300,0.8914478421211243,0.9198262691497803,0.81
28400,0.8914478421211243,0.9198262691497803,0.81
28500,0.8914478421211243,0.9198262691497803,0.81
28600,0.8914478421211243,0.9198262691497803,0.81
28700,0.8914478421211243,0.9198262691497803,0.81
28800,0.8914478421211243,0.9198262691497803,0.81
28900,0.8914478421211243,0.9198262691497803,0.81
29000,0.8914478421211243,0.9198262691497803,0.81
29100,0.8914478421211243,0.9198262691497803,0.81
29200,0.8914478421211243,0.9198262691497803,0.81
29300,0.8914478421211243,0.9198262691497803,0.81
29400,0.8914478421211243,0.9198262691497803,0.81
29500,0.8914478421211243,0.9198262691497803,0.81
29600,0.8914478421211243,0.9198262691497803,0.81
29700,0.8914478421211243,0.9198262691497803,0.81
29800,0.8914478421211243,0.9198262691497803,0.81
29900,0.8914478421211243,0.9198262691497803,0.81
30000,0.8914478421211243,-8.506614685058594,0.76
30100,0.8914478421211243,-8.506614685058594,0.76
30200,0.8914478421211243,-8.506614685058594,0.76
30300,0.8914478421211243,-8.506614685058594,0.76
30400,0.8914478421211243,-8.506614685058594,0.76
30500,0.8914478421211243,-8.506614685058594,0.76
30600,0.8914478421211243,-8.506614685058594,0.76
30700,0.8914478421211243,-8.506614685058594,0.76
30800,0.8914478421211243,-8.506614685058594,0.76
30900,0.8914478421211243,-8.506614685058594,0.76
31000,0.8914478421211243,-8.506614685058594,0.76
31100,0.8914478421211243,-8.506614685058594,0.76
31200,0.8914478421211243,-8.506614685058594,0.76
31300,0.8914478421211243,-8.506614685058594,0.76
31400,0.8914478421211243,-8.506614685058594,0.76
31500,0.8914478421211243,-8.506614685058594,0.76
31600,0.8914478421211243,-8.506614685058594,0.76
31700,0.8914478421211243,-8.506614685058594,0.76
31800,0.8914478421211243,-8.506614685058594,0.76
31900,0.8914478421211243,-8.506614685058594,0.76
32000,0.8914478421211243,-8.506614685058594,0.76
32100,0.8914478421211243,-8.506614685058594,0.76
32200,0.8914478421211243,-8.506614685058594,0.76
32300,0.8914478421211243,-8.506614685058594,0.76
32400,0.8914478421211243,-8.506614685058594,0.76
32500,0.8914478421211243,-8.506614685058594,0.76
32600,0.8914478421211243,-8.506614685058594,0.76
32700,0.8914478421211243,-8.506614685058594,0.76
32800,0.8914478421211243,-8.506614685058594,0.76
32900,0.8914478421211243,-8.506614685058594,0.76
33000,0.8914478421211243,-8.506614685058594,0.76
33100,0.8914478421211243,-8.506614685058594,0.76
33200,0.8914478421211243,-8.506614685058594,0.76
33300,0.8914478421211243,-8.506614685058594,0.76
33400,0.8914478421211243,-8.506614685058594,0.76
33500,0.8914478421211243,-8.506614685058594,0.76
33600,0.8914478421211243,-8.506614685058594,0.76
33700,0.8914478421211243,-8.506614685058594,0.76
33800,0.8914478421211243,-8.506614685058594,0.76
33900,0.8914478421211243,-8.506614685058594,0.76
34000,0.8914478421211243,-8.506614685058594,0.76
34100,0.8914478421211243,-8.506614685058594,0.76
34200,0.8914478421211243,-8.506614685058594,0.76
34300,0.8914478421211243,-8.506614685058594,0.76
34400,0.8914478421211243,-8.506614685058594,0.76
34500,0.8914478421211243,-8.506614685058594,0.76
34600,0.8914478421211243,-8.506614685058594,0.76
34700,0.8914478421211243,-8.506614685058594,0.76
34800,0.8914478421211243,-8.506614685058594,0.76
34900,0.8914478421211243,-8.506614685058594,0.76
35000,0.8914478421211243,-8.506614685058594,0.76
35100,0.8914478421211243,-8.506614685058594,0.76
35200,0.8914478421211243,-8.506614685058594,0.76
35300,0.8914478421211243,-8.506614685058594,0.76
35400,0.8914478421211243,-8.506614685058594,0.76
35500,0.8914478421211243,-8.506614685058594,0.76
35600,0.8914478421211243,-8.506614685058594,0.76
35700,0.8914478421211243,-8.506614685058594,0.76
35800,0.8914478421211243,-8.506614685058594,0.76
35900,0.8914478421211243,-8.506614685058594,0.76
36000,0.8914478421211243,-8.506614685058594,0.76
36100,0.8914478421211243,-8.506614685058594,0.76
36200,0.8914478421211243,-8.506614685058594,0.76
36300,0.8914478421211243,-8.506614685058594,0.76
36400,0.8914478421211243,-8.506614685058594,0.76
36500,0.8914478421211243,-8.506614685058594,0.76
36600,0.8914478421211243,-8.506614685058594,0.76
36700,0.8914478421211243,-8.506614685058594,0.76
36800,0.8914478421211243,-8.506614685058594,0.76
36900,0.8914478421211243,-8.506614685058594,0.76
37000,0.8914478421211243,-8.506614685058594,0.76
37100,0.8914478421211243,-8.506614685058594,0.76
37200,0.8914478421211243,-8.506614685058594,0.76
37300,0.8914478421211243,-8.506614685058594,0.76
37400,0.8914478421211243,-8.506614685058594,0.76
37500,0.8914478421211243,-8.506614685058594,0.76
37600,0.8914478421211243,-8.506614685058594,0.76
37700,0.8914478421211243,-8.506614685058594,0.76
37800,0.8914478421211243,-8.506614685058594,0.76
37900,0.8914478421211243,-8.506614685058594,0.76
38000,0.8914478421211243,-8.506614685058594,0.76
38100,0.8914478421211243,-8.506614685058594,0.76
38200,0.8914478421211243,-8.506614685058594,0.76
38300,0.8914478421211243,-8.506614685058594,0.76
38400,0.8914478421211243,-8.506614685058594,0.76
38500,0.8914478421211243,-8.506614685058594,0.76
38600,0.8914478421211243,-8.506614685058594,0.76
38700,0.8914478421211243,-8.506614685058594,0.76
38800,0.8914478421211243,-8.506614685058594,0.76
38900,0.8914478421211243,-8.506614685058594,0.76
39000,0.8914478421211243,-8.506614685058594,0.76
39100,0.8914478421211243,-8.506614685058594,0.76
39200,0.8914478421211243,-8.506614685058594,0.76
39300,0.8914478421211243,-8.506614685058594,0.76
39400,0.8914478421211243,-8.506614685058594,0.76
39500,0.8914478421211243,-8.506614685058594,0.76
39600,0.8914478421211243,-8.506614685058594,0.76
39700,0.8914478421211243,-8.506614685058594,0.76
39800,0.8914478421211243,-8.506614685058594,0.76
39900,0.8914478421211243,-8.506614685058594,0.76
40000,0.8914478421211243,-8.506614685058594,0.76
40100,0.8914478421211243,-8.506614685058594,0.76
40200,0.8914478421211243,-8.506614685058594,0.76
40300,0.8914478421211243,-8.506614685058594,0.76
40400,0.8914478421211243,-8.506614685058594,0.76
40500,0.8914478421211243,-8.506614685058594,0.76
40600,0.8914478421211243,-8.506614685058594,0.76
40700,0.8914478421211243,-8.506614685058594,0.76
40800,0.8914478421211243,-8.506614685058594,0.76
40900,0.8914478421211243,-8.506614685058594,0.76
41000,0.8914478421211243,-8.506614685058594,0.76
41100,0.8914478421211243,-8.506614685058594,0.76
41200,0.8914478421211243,-8.506614685058594,0.76
41300,0.8914478421211243,-8.506614685058594,0.76
41400,0.8914478421211243,-8.506614685058594,0.76
41500,0.8914478421211243,-8.506614685058594,0.76
41600,0.8914478421211243,-8.506614685058594,0.76
41700,0.8914478421211243,-8.506614685058594,0.76
41800,0.8914478421211243,-8.506614685058594,0.76
41900,0.8914478421211243,-8.506614685058594,0.76
42000,0.8914478421211243,-8.506614685058594,0.76
42100,0.8914478421211243,-8.506614685058594,0.76
42200,0.8914478421211243,-8.506614685058594,0.76
42300,0.8914478421211243,-8.506614685058594,0.76
42400,0.8914478421211243,-8.506614685058594,0.76
42500,0.8914478421211243,-8.506614685058594,0.76
42600,0.8914478421211243,-8.506614685058594,0.76
42700,0.8914478421211243,-8.506614685058594,0.76
42800,0.8914478421211243,-8.506614685058594,0.76
42900,0.8914478421211243,-8.506614685058594,0.76
43000,0.8914478421211243,-8.506614685058594,0.76
43100,0.8914478421211243,-8.506614685058594,0.76
43200,0.8914478421211243,-8.506614685058594,0.76
43300,0.8914478421211243,-8.506614685058594,0.76
43400,0.8914478421211243,-8.506614685058594,0.76
43500,0.8914478421211243,-8.506614685058594,0.76
43600,0.8914478421211243,-8.506614685058594,0.76
43700,0.8914478421211243,-8.506614685058594,0.76
43800,0.8914478421211243,-8.506614685058594,0.76
43900,0.8914478421211243,-8.506614685058594,0.76
44000,0.8914478421211243,-8.506614685058594,0.76
44100,0.8914478421211243,-8.506614685058594,0.76
44200,0.8914478421211243,-8.506614685058594,0.76
44300,0.8914478421211243,-8.506614685058594,0.76
44400,0.8914478421211243,-8.506614685058594,0.76
44500,0.8914478421211243,-8.506614685058594,0.76
44600,0.8914478421211243,-8.506614685058594,0.76
44700,0.8914478421211243,-8.506614685058594,0.76
44800,0.8914478421211243,-8.506614685058594,0.76
44900,0.8914478421211243,-8.506614685058594,0.76
45000,0.8914478421211243,-8.506614685058594,0.76
45100,0.8914478421211243,-8.506614685058594,0.76
45200,0.8914478421211243,-8.506614685058594,0.76
45300,0.8914478421211243,-8.506614685058594,0.76
45400,0.8914478421211243,-8.506614685058594,0.76
45500,0.8914478421211243,-8.506614685058594,0.76
45600,0.8914478421211243,-8.506614685058594,0.76
45700,0.8914478421211243,-8.506614685058594,0.76
45800,0.8914478421211243,-8.506614685058594,0.76
45900,0.8914478421211243,-8.506614685058594,0.76
46000,0.8914478421211243,-8.506614685058594,0.76
46100,0.8914478421211243,-8.506614685058594,0.76
46200,0.8914478421211243,-8.506614685058594,0.76
46300,0.8914478421211243,-8.506614685058594,0.76
46400,0.8914478421211243,-8.506614685058594,0.76
46500,0.8914478421211243,-8.506614685058594,0.76
46600,0.8914478421211243,-8.506614685058594,0.76
46700,0.8914478421211243,-8.506614685058594,0.76
46800,0.8914478421211243,-8.506614685058594,0.76
46900,0.8914478421211243,-8.506614685058594,0.76
47000,0.8914478421211243,-8.506614685058594,0.76
47100,0.8914478421211243,-8.506614685058594,0.76
47200,0.8914478421211243,-8.506614685058594,0.76
47300,0.8914478421211243,-8.506614685058594,0.76
47400,0.8914478421211243,-8.506614685058594,0.76
47500,0.8914478421211243,-8.506614685058594,0.76
47600,0.8914478421211243,-8.506614685058594,0.76
47700,0.8914478421211243,-8.506614685058594,0.76
47800,0.8914478421211243,-8.506614685058594,0.76
47900,0.8914478421211243,-8.506614685058594,0.76
48000,0.8914478421211243,-8.506614685058594,0.76
48100,0.8914478421211243,-8.506614685058594,0.76
48200,0.8914478421211243,-8.506614685058594,0.76
48300,0.8914478421211243,-8.506614685058594,0.76
48400,0.8914478421211243,-8.506614685058594,0.76
48500,0.8914478421211243,-8.506614685058594,0.76
48600,0.8914478421211243,-8.506614685058594,0.76
48700,0.8914478421211243,-8.506614685058594,0.76
48800,0.8914478421211243,-8.506614685058594,0.76
48900,0.8914478421211243,-8.506614685058594,0.76
49000,0.8914478421211243,-8.506614685058594,0.76
49100,0.8914478421211243,-8.506614685058594,0.76
49200,0.8914478421211243,-8.506614685058594,0.76
49300,0.8914478421211243,-8.506614685058594,0.76
49400,0.8914478421211243,-8.506614685058594,0.76
49500,0.8914478421211243,-8.506614685058594,0.76
49600,0.8914478421211243,-8.506614685058594,0.76
49700,0.8914478421211243,-8.506614685058594,0.76
49800,0.8914478421211243,-8.506614685058594,0.76
49900,0.8914478421211243,-8.506614685058594,0.76
50000,0.8914478421211243,-8.506614685058594,0.76
50100,0.8914478421211243,-8.506614685058594,0.76
50200,0.8914478421211243,-8.506614685058594,0.76
50300,0.8914478421211243,-8.506614685058594,0.76
50400,0.8914478421211243,-8.506614685058594,0.76
50500,0.8914478421211243,-8.506614685058594,0.76
50600,0.8914478421211243,-8.506614685058594,0.76
50700,0.8914478421211243,-8.506614685058594,0.76
50800,0.8914478421211243,-8.506614685058594,0.76
50900,0.8914478421211243,-8.506614685058594,0.76
51000,0.8914478421211243,-8.506614685058594,0.76
51100,0.8914478421211243,-8.506614685058594,0.76
51200,0.8914478421211243,-8.506614685058594,0.76
51300,0.8914478421211243,-8.506614685058594,0.76
51400,0.8914478421211243,-8.506614685058594,0.76
51500,0.8914478421211243,-8.506614685058594,0.76
51600,0.8914478421211243,-8.506614685058594,0.76
51700,0.8914478421211243,-8.506614685058594,0.76
51800,0.8914478421211243,-8.506614685058594,0.76
51900,0.8914478421211243,-8.506614685058594,0.76
52000,0.8914478421211243,-8.506614685058594,0.76
52100,0.8914478421211243,-8.506614685058594,0.76
52200,0.8914478421211243,-8.506614685058594,0.76
52300,0.8914478421211243,-8.506614685058594,0.76
52400,0.8914478421211243,-8.506614685058594,0.76
52500,0.8914478421211243,-8.506614685058594,0.76
52600,0.8914478421211243,-8.506614685058594,0.76
52700,0.8914478421211243,-8.506614685058594,0.76
52800,0.8914478421211243,-8.506614685058594,0.76
52900,0.8914478421211243,-8.506614685058594,0.76
53000,0.9834232926368713,0.9915574193000793,0.76
53100,0.9834232926368713,0.9915574193000793,0.76
53200,0.9834232926368713,0.9915574193000793,0.76
53300,0.9834232926368713,0.9915574193000793,0.76
53400,0.9834232926368713,0.9915574193000793,0.76
53500,0.9834232926368713,0.9915574193000793,0.76
53600,0.9834232926368713,0.9915574193000793,0.76
53700,0.9834232926368713,0.9915574193000793,0.76
53800,0.9834232926368713,0.9915574193000793,0.76
53900,0.9834232926368713,0.9915574193000793,0.76
54000,0.9834232926368713,0.9915574193000793,0.76
54100,0.9834232926368713,0.9915574193000793,0.76
54200,0.9834232926368713,0.9915574193000793,0.76
54300,0.9834232926368713,0.9915574193000793,0.76
54400,0.9834232926368713,0.9915574193000793,0.76
54500,0.9834232926368713,0.9915574193000793,0.76
54600,0.9834232926368713,0.9915574193000793,0.76
54700,0.9834232926368713,0.9915574193000793,0.76
54800,0.9834232926368713,0.9915574193000793,0.76
54900,0.9834232926368713,0.9915574193000793,0.76
55000,0.9834232926368713,0.9915574193000793,0.76
55100,0.9834232926368713,0.9915574193000793,0.76
55200,0.9834232926368713,0.9915574193000793,0.76
55300,0.9834232926368713,0.9915574193000793,0.76
55400,0.9834232926368713,0.9915574193000793,0.76
55500,0.9834232926368713,0.9915574193000793,0.76
55600,0.9834232926368713,0.9915574193000793,0.76
55700,0.9834232926368713,0.9915574193000793,0.76
55800,0.9834232926368713,0.9915574193000793,0.76
55900,0.9834232926368713,0.9915574193000793,0.76
56000,0.9834232926368713,0.9915574193000793,0.76
56100,0.9834232926368713,0.9915574193000793,0.76
56200,0.9834232926368713,0.9915574193000793,0.76
56300,0.9834232926368713,0.9915574193000793,0.76
56400,0.9834232926368713,0.9915574193000793,0.76
56500,0.9834232926368713,0.9915574193000793,0.76
56600,0.9834232926368713,0.9915574193000793,0.76
56700,0.9834232926368713,0.9915574193000793,0.76
56800,0.9834232926368713,0.9915574193000793,0.76
56900,0.9834232926368713,0.9915574193000793,0.76
57000,0.9834232926368713,0.9915574193000793,0.76
57100,0.9834232926368713,0.9915574193000793,0.76
57200,0.9834232926368713,0.9915574193000793,0.76
57300,0.9834232926368713,0.9915574193000793,0.76
57400,0.9834232926368713,0.9915574193000793,0.76
57500,0.9834232926368713,0.9915574193000793,0.76
57600,0.9834232926368713,0.9915574193000793,0.76
57700,0.9834232926368713,0.9915574193000793,0.76
57800,0.9834232926368713,0.9915574193000793,0.76
57900,0.9834232926368713,0.9915574193000793,0.76
58000,0.9834232926368713,0.9915574193000793,0.76
58100,0.9834232926368713,0.9915574193000793,0.76
58200,0.9834232926368713,0.9915574193000793,0.76
58300,0.9834232926368713,0.9915574193000793,0.76
58400,0.9834232926368713,0.9915574193000793,0.76
58500,0.9834232926368713,0.9915574193000793,0.76
58600,0.9834232926368713,0.9915574193000793,0.76
58700,0.9834232926368713,0.9915574193000793,0.76
58800,0.9834232926368713,0.9915574193000793,0.76
58900,0.9834232926368713,0.9915574193000793,0.76
59000,0.9834232926368713,0.9915574193000793,0.76
59100,0.9834232926368713,0.9915574193000793,0.76
59200,0.9834232926368713,0.9915574193000793,0.76
59300,0.9834232926368713,0.9915574193000793,0.76
59400,0.9834232926368713,0.9915574193000793,0.76
59500,0.9834232926368713,0.9915574193000793,0.76
59600,0.9834232926368713,0.9915574193000793,0.76
59700,0.9834232926368713,0.9915574193000793,0.76
59800,0.9834232926368713,0.9915574193000793,0.76
59900,0.9834232926368713,0.9915574193000793,0.76
76286,0.9834232926368713,0.9915574193000793,0.76
76386,0.9834232926368713,0.9915574193000793,0.76
76486,0.9834232926368713,0.9915574193000793,0.76
76586,0.9834232926368713,0.9915574193000793,0.76
76686,0.9834232926368713,0.9915574193000793,0.76
76786,0.9834232926368713,0.9915574193000793,0.76
76886,0.9834232926368713,0.9915574193000793,0.76
76986,0.9834232926368713,0.9915574193000793,0.76
77086,0.9834232926368713,0.9915574193000793,0.76
77186,0.9834232926368713,0.9915574193000793,0.76
77286,0.9834232926368713,0.9915574193000793,0.76
77386,0.9834232926368713,0.9915574193000793,0.76
77486,0.9834232926368713,0.9915574193000793,0.76
77586,0.9834232926368713,0.9915574193000793,0.76
77686,0.9834232926368713,0.9915574193000793,0.76
77786,0.9834232926368713,0.9915574193000793,0.76
77886,0.9834232926368713,0.9915574193000793,0.76
77986,0.9834232926368713,0.9915574193000793,0.76
78086,0.9834232926368713,0.9915574193000793,0.76
78186,0.9834232926368713,0.9915574193000793,0.76
78286,0.9834232926368713,0.9915574193000793,0.76
78386,0.9834232926368713,0.9915574193000793,0.76
78486,0.9834232926368713,0.9915574193000793,0.76
78586,0.9834232926368713,0.9915574193000793,0.76
78686,0.9834232926368713,0.9915574193000793,0.76
78786,0.9834232926368713,0.9915574193000793,0.76
78886,0.9834232926368713,0.9915574193000793,0.76
78986,0.9834232926368713,0.9915574193000793,0.76
79086,0.9834232926368713,0.9915574193000793,0.76
79186,0.9834232926368713,0.9915574193000793,0.76
79286,0.9834232926368713,0.9915574193000793,0.76
79386,0.9834232926368713,0.9915574193000793,0.76
79486,0.9834232926368713,0.9915574193000793,0.76
79586,0.9834232926368713,0.9915574193000793,0.76
79686,0.9834232926368713,0.9915574193000793,0.76
79786,0.9834232926368713,0.9915574193000793,0.76
79886,0.9834232926368713,0.9915574193000793,0.76
79986,0.9834232926368713,0.9915574193000793,0.76
80086,0.9834232926368713,0.9915574193000793,0.76
80186,0.9834232926368713,0.9915574193000793,0.76
80286,0.9834232926368713,0.9915574193000793,0.76
80386,0.9834232926368713,0.9915574193000793,0.76
80486,0.9834232926368713,0.9915574193000793,0.76
80586,0.9834232926368713,0.9915574193000793,0.76
80686,0.9834232926368713,0.9915574193000793,0.76
80786,0.9834232926368713,0.9915574193000793,0.76
80886,0.9834232926368713,0.9915574193000793,0.76
80986,0.9834232926368713,0.9915574193000793,0.76
81086,0.9834232926368713,0.9915574193000793,0.76
81186,0.9834232926368713,0.9915574193000793,0.76
81286,0.9834232926368713,0.9915574193000793,0.76
81386,0.9834232926368713,0.9915574193000793,0.76
81486,0.9834232926368713,0.9915574193000793,0.76
81586,0.9834232926368713,0.9915574193000793,0.76
81686,0.9834232926368713,0.9915574193000793,0.76
81786,0.9834232926368713,0.9915574193000793,0.76
81886,0.9850966334342957,0.99237459897995,0.76
81986,0.9850966334342957,0.99237459897995,0.76
82086,0.9850966334342957,0.99237459897995,0.76
82186,0.9850966334342957,0.99237459897995,0.76
82286,0.9850966334342957,0.99237459897995,0.76
82386,0.9850966334342957,0.99237459897995,0.76
82486,0.9850966334342957,0.99237459897995,0.76
82586,0.9850966334342957,0.99237459897995,0.76
82686,0.9850966334342957,0.99237459897995,0.76
82786,0.9850966334342957,0.99237459897995,0.76
82886,0.9850966334342957,0.99237459897995,0.76
82986,0.9850966334342957,0.99237459897995,0.76
83086,0.9850966334342957,0.99237459897995,0.76
83186,0.9850966334342957,0.99237459897995,0.76
83286,0.9850966334342957,0.99237459897995,0.76
83386,0.9850966334342957,0.99237459897995,0.76
83486,0.9850966334342957,0.99237459897995,0.76
83586,0.9850966334342957,0.99237459897995,0.76
83686,0.9850966334342957,0.99237459897995,0.76
83786,0.9850966334342957,0.99237459897995,0.76
83886,0.9850966334342957,0.99237459897995,0.76
83986,0.9850966334342957,0.99237459897995,0.76
84086,0.9850966334342957,0.99237459897995,0.76
84186,0.9850966334342957,0.99237459897995,0.76
84286,0.9850966334342957,0.99237459897995,0.76
84386,0.9850966334342957,0.99237459897995,0.76
84486,0.9850966334342957,0.99237459897995,0.76
84586,0.9850966334342957,0.99237459897995,0.76
84686,0.9850966334342957,0.99237459897995,0.76
84786,0.9850966334342957,0.99237459897995,0.76
84886,0.9850966334342957,0.99237459897995,0.76
84986,0.9850966334342957,0.99237459897995,0.76
85086,0.9850966334342957,0.99237459897995,0.76
85186,0.9850966334342957,0.99237459897995,0.76
85286,0.9850966334342957,0.99237459897995,0.76
85386,0.9850966334342957,0.99237459897995,0.76
85486,0.9850966334342957,0.99237459897995,0.76
85586,0.9850966334342957,0.99237459897995,0.76
85686,0.9850966334342957,0.99237459897995,0.76
85786,0.9850966334342957,0.99237459897995,0.76
85886,0.9850966334342957,0.99237459897995,0.76
85986,0.9850966334342957,0.99237459897995,0.76
86086,0.9850966334342957,0.99237459897995,0.76
86186,0.9850966334342957,0.99237459897995,0.76
86286,0.9850966334342957,0.99237459897995,0.76
86386,0.9850966334342957,0.99237459897995,0.76
86486,0.9850966334342957,0.99237459897995,0.76
86586,0.9850966334342957,0.99237459897995,0.76
86686,0.9850966334342957,0.99237459897995,0.76
86786,0.9850966334342957,0.99237459897995,0.76
86886,0.9850966334342957,0.99237459897995,0.76
86986,0.9850966334342957,0.99237459897995,0.76
87086,0.9850966334342957,0.99237459897995,0.76
87186,0.9850966334342957,0.99237459897995,0.76
87286,0.9850966334342957,0.99237459897995,0.76
87386,0.9850966334342957,0.99237459897995,0.76
87486,0.9850966334342957,0.99237459897995,0.76
87586,0.9850966334342957,0.99237459897995,0.76
87686,0.9850966334342957,0.99237459897995,0.76
87786,0.9850966334342957,0.99237459897995,0.76
87886,0.9850966334342957,0.99237459897995,0.76
87986,0.9850966334342957,0.99237459897995,0.76
88086,0.9850966334342957,0.99237459897995,0.76
88186,0.9850966334342957,0.99237459897995,0.76
88286,0.9850966334342957,0.99237459897995,0.76
88386,0.9850966334342957,0.99237459897995,0.76
88486,0.9850966334342957,0.99237459897995,0.76
88586,0.9850966334342957,0.99237459897995,0.76
88686,0.9850966334342957,0.99237459897995,0.76
88786,0.9850966334342957,0.99237459897995,0.76
88886,0.9850966334342957,0.99237459897995,0.76
88986,0.9850966334342957,0.99237459897995,0.76
89086,0.9850966334342957,0.99237459897995,0.76
89186,0.9850966334342957,0.99237459897995,0.76
89286,0.9850966334342957,0.99237459897995,0.76
89386,0.9850966334342957,0.99237459897995,0.76
89486,0.9850966334342957,0.99237459897995,0.76
89586,0.9850966334342957,0.99237459897995,0.76
89686,0.9850966334342957,0.99237459897995,0.76
89786,0.9850966334342957,0.99237459897995,0.76
89886,0.9850966334342957,0.99237459897995,0.76
89986,0.9850966334342957,0.99237459897995,0.76
90086,0.9850966334342957,0.99237459897995,0.76
90186,0.9850966334342957,0.99237459897995,0.76
90286,0.9850966334342957,0.99237459897995,0.76
90386,0.9850966334342957,0.99237459897995,0.76
90486,0.9850966334342957,0.99237459897995,0.76
90586,0.9850966334342957,0.99237459897995,0.76
90686,0.9850966334342957,0.99237459897995,0.76
90786,0.9850966334342957,0.99237459897995,0.76
90886,0.9850966334342957,0.99237459897995,0.76
90986,0.9850966334342957,0.99237459897995,0.76
91086,0.9850966334342957,0.99237459897995,0.76
91186,0.9850966334342957,0.99237459897995,0.76
91286,0.9850966334342957,0.99237459897995,0.76
91386,0.9850966334342957,0.99237459897995,0.76
91486,0.9850966334342957,0.99237459897995,0.76
91586,0.9850966334342957,0.99237459897995,0.76
91686,0.9850966334342957,0.99237459897995,0.76
91786,0.9850966334342957,0.99237459897995,0.76
91886,0.9850966334342957,0.99237459897995,0.76
91986,0.9850966334342957,0.99237459897995,0.76
92086,0.9850966334342957,0.99237459897995,0.76
92186,0.9850966334342957,0.99237459897995,0.76
92286,0.9850966334342957,0.99237459897995,0.76
92386,0.9850966334342957,0.99237459897995,0.76
92486,0.9850966334342957,0.99237459897995,0.76
92586,0.9850966334342957,0.99237459897995,0.76
92686,0.9850966334342957,0.99237459897995,0.76
92786,0.9850966334342957,0.99237459897995,0.76
92886,0.9850966334342957,0.99237459897995,0.76
92986,0.9850966334342957,0.99237459897995,0.76
93086,0.9850966334342957,0.99237459897995,0.76
93186,0.9850966334342957,0.99237459897995,0.76
93286,0.9850966334342957,0.99237459897995,0.76
93386,0.9850966334342957,0.99237459897995,0.76
93486,0.9850966334342957,0.99237459897995,0.76
93586,0.9850966334342957,0.99237459897995,0.76
93686,0.9850966334342957,0.99237459897995,0.76
93786,0.9850966334342957,0.99237459897995,0.76
93886,0.9850966334342957,0.99237459897995,0.76
93986,0.9850966334342957,0.99237459897995,0.76
94086,0.9850966334342957,0.99237459897995,0.76
94186,0.9850966334342957,0.99237459897995,0.76
94286,0.9850966334342957,0.99237459897995,0.76
94386,0.9850966334342957,0.99237459897995,0.76
94486,0.9850966334342957,0.99237459897995,0.76
94586,0.9850966334342957,0.99237459897995,0.76
94686,0.9850966334342957,0.99237459897995,0.76
94786,0.9850966334342957,0.99237459897995,0.76
94886,0.9850966334342957,0.99237459897995,0.76
94986,0.9986159205436707,0.999040961265564,0.76
95086,0.9986159205436707,0.999040961265564,0.76
95186,0.9986159205436707,0.999040961265564,0.76
95286,0.9986159205436707,0.999040961265564,0.76
95386,0.9986159205436707,0.999040961265564,0.76
95486,0.9986159205436707,0.999040961265564,0.76
95586,0.9986159205436707,0.999040961265564,0.76
95686,0.9986159205436707,0.999040961265564,0.76
95786,0.9986159205436707,0.999040961265564,0.76
95886,0.9986159205436707,0.999040961265564,0.76
95986,0.9986159205436707,0.999040961265564,0.76
96086,0.9986159205436707,0.999040961265564,0.76
96186,0.9986159205436707,0.999040961265564,0.76
96286,0.9986159205436707,0.999040961265564,0.76
96386,0.9986159205436707,0.999040961265564,0.76
96486,0.9986159205436707,0.999040961265564,0.76
96586,0.9986159205436707,0.999040961265564,0.76
96686,0.9986159205436707,0.999040961265564,0.76
96786,0.9986159205436707,0.999040961265564,0.76
96886,0.9986159205436707,0.999040961265564,0.76
96986,0.9986159205436707,0.999040961265564,0.76
97086,0.9986159205436707,0.999040961265564,0.76
97186,0.9986159205436707,0.999040961265564,0.76
97286,0.9986159205436707,0.999040961265564,0.76
97386,0.9986159205436707,0.999040961265564,0.76
97486,0.9986159205436707,0.999040961265564,0.76
97586,0.9986159205436707,0.999040961265564,0.76
97686,0.9986159205436707,0.999040961265564,0.76
97786,0.9986159205436707,0.999040961265564,0.76
97886,0.9986159205436707,0.999040961265564,0.76
97986,0.9986159205436707,0.999040961265564,0.76
98086,0.9986159205436707,0.999040961265564,0.76
98186,0.9986159205436707,0.999040961265564,0.76
98286,0.9986159205436707,0.999040961265564,0.76
98386,0.9986159205436707,0.999040961265564,0.76
98486,0.9986159205436707,0.999040961265564,0.76
98586,0.9986159205436707,0.999040961265564,0.76
98686,0.9986159205436707,0.999040961265564,0.76
98786,0.9986159205436707,0.999040961265564,0.76
98886,0.9986159205436707,0.999040961265564,0.76
98986,0.9986159205436707,0.999040961265564,0.76
99086,0.9986159205436707,0.999040961265564,0.76
99186,0.9986159205436707,0.999040961265564,0.76
99286,0.9986159205436707,0.999040961265564,0.76
99386,0.9986159205436707,0.999040961265564,0.76
99486,0.9986159205436707,0.999040961265564,0.76
99586,0.9986159205436707,0.999040961265564,0.76
99686,0.9986159205436707,0.999040961265564,0.76
99786,0.9986159205436707,0.999040961265564,0.76
99886,0.9986159205436707,0.999040961265564,0.76
99986,0.9986159205436707,0.999040961265564,0.76
100086,0.9986159205436707,0.999040961265564,0.76
100186,0.9986159205436707,0.999040961265564,0.76
100286,0.9986159205436707,0.999040961265564,0.76
100386,0.9986159205436707,0.999040961265564,0.76
100486,0.9986159205436707,0.999040961265564,0.76
100586,0.9986159205436707,0.999040961265564,0.76
100686,0.9986159205436707,0.999040961265564,0.76
100786,0.9986159205436707,0.999040961265564,0.76
100886,0.9986159205436707,0.999040961265564,0.76
100986,0.9986159205436707,0.999040961265564,0.76
101086,0.9986159205436707,0.999040961265564,0.76
101186,0.9986159205436707,0.999040961265564,0.76
101286,0.9986159205436707,0.999040961265564,0.76
101386,0.9986159205436707,0.999040961265564,0.76
101486,0.9986159205436707,0.999040961265564,0.76
101586,0.9986159205436707,0.999040961265564,0.76
101686,0.9986159205436707,0.999040961265564,0.76
101786,0.9986159205436707,0.999040961265564,0.76
101886,0.9986159205436707,0.999040961265564,0.76
101986,0.9986159205436707,0.999040961265564,0.76
102086,0.9986159205436707,0.999040961265564,0.76
102186,0.9986159205436707,0.999040961265564,0.76
102286,0.9986159205436707,0.999040961265564,0.76
102386,0.9986159205436707,0.999040961265564,0.76
102486,0.9986159205436707,0.999040961265564,0.76
102586,0.9986159205436707,0.999040961265564,0.76
102686,0.9986159205436707,0.999040961265564,0.76
102786,0.9986159205436707,0.999040961265564,0.76
102886,0.9986159205436707,0.999040961265564,0.76
102986,0.9986159205436707,0.999040961265564,0.76
103086,0.9986159205436707,0.999040961265564,0.76
103186,0.9986159205436707,0.999040961265564,0.76
103286,0.9986159205436707,0.999040961265564,0.76
103386,0.9986159205436707,0.999040961265564,0.76
103486,0.9986159205436707,0.999040961265564,0.76
103586,0.9986159205436707,0.999040961265564,0.76
103686,0.9986159205436707,0.999040961265564,0.76
103786,0.9986159205436707,0.999040961265564,0.76
103886,0.9986159205436707,0.999040961265564,0.76
103986,0.9986159205436707,0.999040961265564,0.76
104086,0.9986159205436707,0.999040961265564,0.76
104186,0.9986159205436707,0.999040961265564,0.76
104286,0.9986159205436707,0.999040961265564,0.76
104386,0.9986159205436707,0.999040961265564,0.76
104486,0.9986159205436707,0.999040961265564,0.76
104586,0.9986159205436707,0.999040961265564,0.76
104686,0.9986159205436707,0.999040961265564,0.76
104786,0.9986159205436707,0.999040961265564,0.76
104886,0.9986159205436707,0.999040961265564,0.76
104986,0.9986159205436707,0.999040961265564,0.76
105086,0.9986159205436707,0.999040961265564,0.76
105186,0.9986159205436707,0.999040961265564,0.76
105286,0.9986159205436707,0.999040961265564,0.76
105386,0.9986159205436707,0.999040961265564,0.76
105486,0.9986159205436707,0.999040961265564,0.76
105586,0.9986159205436707,0.999040961265564,0.76
105686,0.9986159205436707,0.999040961265564,0.76
105786,0.9986159205436707,0.999040961265564,0.76
105886,0.9986159205436707,0.999040961265564,0.76
105986,0.9986159205436707,0.999040961265564,0.76
106086,0.9986159205436707,0.999040961265564,0.76
106186,0.9986159205436707,0.999040961265564,0.76
106286,0.9986159205436707,0.8100988268852234,0.76
106386,0.9986159205436707,0.8100988268852234,0.76
106486,0.9986159205436707,0.8100988268852234,0.76
106586,0.9986159205436707,0.8100988268852234,0.76
106686,0.9986159205436707,0.8100988268852234,0.76
106786,0.9986159205436707,0.8100988268852234,0.76
106886,0.9986159205436707,0.8100988268852234,0.76
106986,0.9986159205436707,0.8100988268852234,0.76
107086,0.9986159205436707,0.8100988268852234,0.76
107186,0.9986159205436707,0.8100988268852234,0.76
107286,0.9986159205436707,0.8100988268852234,0.76
107386,0.9986159205436707,0.8100988268852234,0.76
107486,0.9986159205436707,0.8100988268852234,0.76
107586,0.9986159205436707,0.8100988268852234,0.76
107686,0.9986159205436707,0.8100988268852234,0.76
107786,0.9986159205436707,0.8100988268852234,0.76
107886,0.9986159205436707,0.8100988268852234,0.76
107986,0.9986159205436707,0.8100988268852234,0.76
108086,0.9986159205436707,0.8100988268852234,0.76
108186,0.9986159205436707,0.8100988268852234,0.76
108286,0.9986159205436707,0.8100988268852234,0.76
108386,0.9986159205436707,0.8100988268852234,0.76
108486,0.9986159205436707,0.8100988268852234,0.76
108586,0.9986159205436707,0.8100988268852234,0.76
108686,0.9986159205436707,0.8100988268852234,0.76
108786,0.9986159205436707,0.8100988268852234,0.76
108886,0.9986159205436707,0.8100988268852234,0.76
108986,0.9986159205436707,0.8100988268852234,0.76
109086,0.9986159205436707,0.8100988268852234,0.76
109186,0.9986159205436707,0.8100988268852234,0.76
109286,0.9986159205436707,0.8100988268852234,0.76
109386,0.9986159205436707,0.8100988268852234,0.76
109486,0.9986159205436707,0.8100988268852234,0.76
109586,0.9986159205436707,0.8100988268852234,0.76
109686,0.9986159205436707,0.8100988268852234,0.76
109786,0.9986159205436707,0.8100988268852234,0.76
109886,0.9986159205436707,0.8100988268852234,0.76
109986,0.9986159205436707,0.8100988268852234,0.76
110086,0.9986159205436707,0.8100988268852234,0.76
110186,0.9986159205436707,0.8100988268852234,0.76
110286,0.9986159205436707,0.8100988268852234,0.76
110386,0.9986159205436707,0.8100988268852234,0.76
110486,0.9986159205436707,0.8100988268852234,0.76
110586,0.9986159205436707,0.8100988268852234,0.76
110686,0.9986159205436707,0.8100988268852234,0.76
110786,0.9986159205436707,0.8100988268852234,0.76
110886,0.9986159205436707,0.8100988268852234,0.76
110986,0.9986159205436707,0.8100988268852234,0.76
111086,0.9986159205436707,0.8100988268852234,0.76
111186,0.9986159205436707,0.8100988268852234,0.76
111286,0.9986159205436707,0.8100988268852234,0.76
111386,0.9986159205436707,0.8100988268852234,0.76
111486,0.9986159205436707,0.8100988268852234,0.76
111586,0.9986159205436707,0.8100988268852234,0.76
111686,0.9986159205436707,0.8100988268852234,0.76
111786,0.9986159205436707,0.8100988268852234,0.76
111886,0.9986159205436707,0.8100988268852234,0.76
111986,0.9986159205436707,0.8100988268852234,0.76
112086,0.9986159205436707,0.8100988268852234,0.76
112186,0.9986159205436707,0.8100988268852234,0.76
112286,0.9986159205436707,0.8100988268852234,0.76
112386,0.9986159205436707,0.8100988268852234,0.76
112486,0.9986159205436707,0.8100988268852234,0.76
112586,0.9986159205436707,0.8100988268852234,0.76
112686,0.9986159205436707,0.8100988268852234,0.76
112786,0.9986159205436707,0.8100988268852234,0.76
112886,0.9986159205436707,0.8100988268852234,0.76
112986,0.9986159205436707,0.8100988268852234,0.76
113086,0.9986159205436707,0.8100988268852234,0.76
113186,0.9986159205436707,0.8100988268852234,0.76
113286,0.9986159205436707,0.8100988268852234,0.76
113386,0.9986159205436707,0.8100988268852234,0.76
113486,0.9986159205436707,0.8100988268852234,0.76
113586,0.9986159205436707,0.8100988268852234,0.76
113686,0.9986159205436707,0.8100988268852234,0.76
113786,0.9986159205436707,0.8100988268852234,0.76
113886,0.9986159205436707,0.8100988268852234,0.76
113986,0.9986159205436707,0.8100988268852234,0.76
114086,0.9986159205436707,0.8100988268852234,0.76
114186,0.9986159205436707,0.8100988268852234,0.76
114286,0.9986159205436707,0.8100988268852234,0.76
114386,0.9986159205436707,0.8100988268852234,0.76
114486,0.9986159205436707,0.8100988268852234,0.76
114586,0.9986159205436707,0.8100988268852234,0.76
114686,0.9986159205436707,0.8100988268852234,0.76
114786,0.9986159205436707,0.8100988268852234,0.76
114886,0.9986159205436707,0.8100988268852234,0.76
114986,0.9986159205436707,0.8100988268852234,0.76
115086,0.9986159205436707,0.8100988268852234,0.76
115186,0.9986159205436707,0.8100988268852234,0.76
115286,0.9986159205436707,0.8100988268852234,0.76
115386,0.9986159205436707,0.8100988268852234,0.76
115486,0.9986159205436707,0.8100988268852234,0.76
115586,0.9986159205436707,0.8100988268852234,0.76
115686,0.9986159205436707,0.8100988268852234,0.76
115786,0.9986159205436707,0.8100988268852234,0.76
115886,0.9986159205436707,0.8100988268852234,0.76
115986,0.9986159205436707,0.8100988268852234,0.76
116086,0.9986159205436707,0.8100988268852234,0.76
116186,0.9986159205436707,0.8100988268852234,0.76
116286,0.9986159205436707,0.8100988268852234,0.76
116386,0.9986159205436707,0.8100988268852234,0.76
116486,0.9986159205436707,0.8100988268852234,0.76
116586,0.9986159205436707,0.8100988268852234,0.76
116686,0.9986159205436707,0.8100988268852234,0.76
116786,0.9986159205436707,0.8100988268852234,0.76
116886,0.9986159205436707,0.8100988268852234,0.76
116986,0.9986159205436707,0.8100988268852234,0.76
117086,0.9986159205436707,0.8100988268852234,0.76
117186,0.9986159205436707,0.8100988268852234,0.76
117286,0.9986159205436707,0.8100988268852234,0.76
117386,0.9986159205436707,0.8100988268852234,0.76
117486,0.9986159205436707,0.8100988268852234,0.76
117586,0.9986159205436707,0.8100988268852234,0.76
117686,0.9986159205436707,0.8100988268852234,0.76
117786,0.9986159205436707,0.8100988268852234,0.76
117886,0.9986159205436707,0.8100988268852234,0.76
117986,0.9986159205436707,0.8100988268852234,0.76
118086,0.9986159205436707,0.8100988268852234,0.76
118186,0.9986159205436707,0.8100988268852234,0.76
118286,0.9986159205436707,0.8100988268852234,0.76
118386,0.9986159205436707,0.8100988268852234,0.76
118486,0.9986159205436707,0.8100988268852234,0.76
118586,0.9986159205436707,0.8100988268852234,0.76
118686,0.9986159205436707,0.8100988268852234,0.76
118786,0.9986159205436707,0.8100988268852234,0.76
118886,0.9986159205436707,0.8100988268852234,0.76
118986,0.9986159205436707,0.8100988268852234,0.76
119086,0.9986159205436707,0.8100988268852234,0.76
119186,0.9986159205436707,0.8100988268852234,0.76
119286,0.9986159205436707,0.8100988268852234,0.76
119386,0.9986159205436707,0.8100988268852234,0.76
119486,0.9986159205436707,0.8100988268852234,0.76
119586,0.9986159205436707,0.8100988268852234,0.76
119686,0.9986159205436707,0.8100988268852234,0.76
119786,0.9986159205436707,0.8100988268852234,0.76
119886,0.9986159205436707,0.8100988268852234,0.76
119986,0.9986159205436707,0.8100988268852234,0.76
120086,0.9986159205436707,0.8100988268852234,0.76
120186,0.9986159205436707,0.8100988268852234,0.76
120286,0.9986159205436707,0.8100988268852234,0.76
120386,0.9986159205436707,0.8100988268852234,0.76
120486,0.9986159205436707,0.8100988268852234,0.76
120586,0.9986159205436707,0.8100988268852234,0.76
120686,0.9986159205436707,0.8100988268852234,0.76
120786,0.9986159205436707,0.8100988268852234,0.76
120886,0.9986159205436707,0.8100988268852234,0.76
120986,0.9986159205436707,0.8100988268852234,0.76
121086,0.9986159205436707,0.8100988268852234,0.76
121186,0.9986159205436707,0.8100988268852234,0.76
121286,0.9986159205436707,0.8100988268852234,0.76
121386,0.9986159205436707,0.8100988268852234,0.76
121486,0.9986159205436707,0.8100988268852234,0.76
121586,0.9986159205436707,0.8100988268852234,0.76
121686,0.9986159205436707,0.8100988268852234,0.76
121786,0.9986159205436707,0.8100988268852234,0.76
121886,0.9986159205436707,0.8100988268852234,0.76
121986,0.9986159205436707,0.8100988268852234,0.76
122086,0.9986159205436707,0.8100988268852234,0.76
122186,0.9986159205436707,0.8100988268852234,0.76
122286,0.9986159205436707,0.8100988268852234,0.76
122386,0.9986159205436707,0.8100988268852234,0.76
122486,0.9986159205436707,0.8100988268852234,0.76
122586,0.9986159205436707,0.8100988268852234,0.76
122686,0.9986159205436707,0.8100988268852234,0.76
122786,0.9986159205436707,0.8100988268852234,0.76
122886,0.9986159205436707,0.8100988268852234,0.76
122986,0.9986159205436707,0.8100988268852234,0.76
123086,0.9986159205436707,0.8100988268852234,0.76
123186,0.9986159205436707,0.8100988268852234,0.76
123286,0.9986159205436707,0.8100988268852234,0.76
123386,0.9986159205436707,0.8100988268852234,0.76
123486,0.9986159205436707,0.8100988268852234,0.76
123586,0.9986159205436707,0.8100988268852234,0.76
123686,0.9986159205436707,0.8100988268852234,0.76
123786,0.9986159205436707,0.8100988268852234,0.76
123886,0.9986159205436707,0.8100988268852234,0.76
123986,0.9986159205436707,0.8100988268852234,0.76
124086,0.9986159205436707,0.8100988268852234,0.76
124186,0.9986159205436707,0.8100988268852234,0.76
124286,0.9986159205436707,0.8100988268852234,0.76
124386,0.9986159205436707,0.8100988268852234,0.76
124486,0.9986159205436707,0.8100988268852234,0.76
124586,0.9986159205436707,0.8100988268852234,0.76
124686,0.9986159205436707,0.8100988268852234,0.76
124786,0.9986159205436707,0.8100988268852234,0.76
124886,0.9986159205436707,0.8100988268852234,0.76
124986,0.9986159205436707,0.8100988268852234,0.76
125086,0.9986159205436707,0.8100988268852234,0.76
125186,0.9986159205436707,0.8100988268852234,0.76
125286,0.9986159205436707,0.8100988268852234,0.76
125386,0.9986159205436707,0.8100988268852234,0.76
125486,0.9986159205436707,0.8100988268852234,0.76
125586,0.9986159205436707,0.8100988268852234,0.76
125686,0.9986159205436707,0.8100988268852234,0.76
125786,0.9986159205436707,0.8100988268852234,0.76
125886,0.9986159205436707,0.8100988268852234,0.76
125986,0.9986159205436707,0.8100988268852234,0.76
126086,0.9986159205436707,0.8100988268852234,0.76
126186,0.9986159205436707,0.8100988268852234,0.76
126286,0.9986159205436707,0.8100988268852234,0.76
126386,0.9986159205436707,0.8100988268852234,0.76
126486,0.9986159205436707,0.8100988268852234,0.76
126586,0.9986159205436707,0.8100988268852234,0.76
126686,0.9986159205436707,0.8100988268852234,0.76
126786,0.9986159205436707,0.8100988268852234,0.76
126886,0.9986159205436707,0.8100988268852234,0.76
126986,0.9986159205436707,0.8100988268852234,0.76
127086,0.9986159205436707,0.8100988268852234,0.76
127186,0.9986159205436707,0.8100988268852234,0.76
127286,0.9986159205436707,0.8100988268852234,0.76
127386,0.9986159205436707,0.8100988268852234,0.76
127486,0.9986159205436707,0.8100988268852234,0.76
127586,0.9986159205436707,0.8100988268852234,0.76
127686,0.9986159205436707,0.8100988268852234,0.76
127786,0.9986159205436707,0.8100988268852234,0.76
127886,0.9986159205436707,0.8100988268852234,0.76
127986,0.9986159205436707,0.8100988268852234,0.76
128086,0.9986159205436707,0.8100988268852234,0.76
128186,0.9986159205436707,0.8100988268852234,0.76
128286,0.9986159205436707,0.8100988268852234,0.76
128386,0.9986159205436707,0.8100988268852234,0.76
128486,0.9986159205436707,0.8100988268852234,0.76
128586,0.9986159205436707,0.8100988268852234,0.76
128686,0.9986159205436707,0.8100988268852234,0.76
128786,0.9986159205436707,0.8100988268852234,0.76
128886,0.9986159205436707,0.8100988268852234,0.76
128986,0.9986159205436707,0.8100988268852234,0.76
129086,0.9986159205436707,0.8100988268852234,0.76
129186,0.9986159205436707,0.8100988268852234,0.76
129286,0.9986159205436707,0.8100988268852234,0.76
129386,0.9986159205436707,0.8100988268852234,0.76
129486,0.9986159205436707,0.8100988268852234,0.76
129586,0.9986159205436707,0.8100988268852234,0.76
129686,0.9986159205436707,0.8100988268852234,0.76
129786,0.9986159205436707,0.8100988268852234,0.76
129886,0.9986159205436707,0.8100988268852234,0.76
129986,0.9986159205436707,0.8100988268852234,0.76
130086,0.9986159205436707,0.8100988268852234,0.76
130186,0.9986159205436707,0.8100988268852234,0.76
130286,0.9986159205436707,0.8100988268852234,0.76
130386,0.9986159205436707,0.8100988268852234,0.76
130486,0.9986159205436707,0.8100988268852234,0.76
130586,0.9986159205436707,0.8100988268852234,0.76
130686,0.9986159205436707,0.8100988268852234,0.76
130786,0.9986159205436707,0.8100988268852234,0.76
130886,0.9986159205436707,0.8100988268852234,0.76
130986,0.9986159205436707,0.8100988268852234,0.76
131086,0.9986159205436707,0.8100988268852234,0.76
131186,0.9986159205436707,0.8100988268852234,0.76
131286,0.9986159205436707,0.8100988268852234,0.76
131386,0.9986159205436707,0.8100988268852234,0.76
131486,0.9986159205436707,0.8100988268852234,0.76
131586,0.9986159205436707,0.8100988268852234,0.76
131686,0.9986159205436707,0.8100988268852234,0.76
131786,0.9986159205436707,0.8100988268852234,0.76
131886,0.9986159205436707,0.8100988268852234,0.76
131986,0.9986159205436707,0.8100988268852234,0.76
132086,0.9986159205436707,0.8100988268852234,0.76
132186,0.9986159205436707,0.8100988268852234,0.76
132286,0.9986159205436707,0.8100988268852234,0.76
132386,0.9986159205436707,0.8100988268852234,0.76
132486,0.9986159205436707,0.8100988268852234,0.76
132586,0.9986159205436707,0.8100988268852234,0.76
132686,0.9986159205436707,0.8100988268852234,0.76
132786,0.9986159205436707,0.8100988268852234,0.76
132886,0.9986159205436707,0.8100988268852234,0.76
132986,0.9986159205436707,0.8100988268852234,0.76
133086,0.9986159205436707,0.8100988268852234,0.76
133186,0.9986159205436707,0.8100988268852234,0.76
133286,0.9986159205436707,0.8100988268852234,0.76
133386,0.9986159205436707,0.8100988268852234,0.76
133486,0.9986159205436707,0.8100988268852234,0.76
133586,0.9986159205436707,0.8100988268852234,0.76
133686,0.9986159205436707,0.8100988268852234,0.76
133786,0.9986159205436707,0.8100988268852234,0.76
133886,0.9986159205436707,0.8100988268852234,0.76
133986,0.9986159205436707,0.8100988268852234,0.76
134086,0.9986159205436707,0.8100988268852234,0.76
134186,0.9986159205436707,0.8100988268852234,0.76
134286,0.9986159205436707,0.8100988268852234,0.76
134386,0.9986159205436707,0.8100988268852234,0.76
134486,0.9986159205436707,0.8100988268852234,0.76
134586,0.9986159205436707,0.8100988268852234,0.76
134686,0.9986159205436707,0.8100988268852234,0.76
134786,0.9986159205436707,0.8100988268852234,0.76
134886,0.9986159205436707,0.8100988268852234,0.76
134986,0.9986159205436707,0.8100988268852234,0.76
135086,0.9986159205436707,0.8100988268852234,0.76
135186,0.9986159205436707,0.8100988268852234,0.76
135286,0.9986159205436707,0.8100988268852234,0.76
135386,0.9986159205436707,0.8100988268852234,0.76
135486,0.9986159205436707,0.8100988268852234,0.76
135586,0.9986159205436707,0.8100988268852234,0.76
135686,0.9986159205436707,0.8100988268852234,0.76
135786,0.9986159205436707,0.8100988268852234,0.76
135886,0.9986159205436707,0.8100988268852234,0.76
135986,0.9986159205436707,0.8100988268852234,0.76
136086,0.9986159205436707,0.8100988268852234,0.76
136186,0.9986159205436707,0.8100988268852234,0.76
144097,0.9986159205436707,0.999040961265564,0.76
144197,0.9986159205436707,0.999040961265564,0.76
144297,0.9986159205436707,0.999040961265564,0.76
144397,0.9986159205436707,0.999040961265564,0.76
144497,0.9986159205436707,0.999040961265564,0.76
144597,0.9986159205436707,0.999040961265564,0.76
144697,0.9986159205436707,0.999040961265564,0.76
144797,0.9986159205436707,0.999040961265564,0.76
144897,0.9986159205436707,0.999040961265564,0.76
144997,0.9986159205436707,0.999040961265564,0.76
145097,0.9986159205436707,0.999040961265564,0.76
145197,0.9986159205436707,0.999040961265564,0.76
145297,0.9986159205436707,0.999040961265564,0.76
145397,0.9986159205436707,0.999040961265564,0.76
145497,0.9986159205436707,0.999040961265564,0.76
145597,0.9986159205436707,0.999040961265564,0.76
145697,0.9986159205436707,0.999040961265564,0.76
145797,0.9986159205436707,0.999040961265564,0.76
145897,0.9986159205436707,0.999040961265564,0.76
145997,0.9986159205436707,0.999040961265564,0.76
146097,0.9986159205436707,0.999040961265564,0.76
146197,0.9986159205436707,0.999040961265564,0.76
146297,0.9986159205436707,0.999040961265564,0.76
146397,0.9986159205436707,0.999040961265564,0.76
146497,0.9986159205436707,0.999040961265564,0.76
146597,0.9986159205436707,0.999040961265564,0.76
146697,0.9986159205436707,0.999040961265564,0.76
146797,0.9986159205436707,0.999040961265564,0.76
146897,0.9986159205436707,0.999040961265564,0.76
146997,0.9986159205436707,0.999040961265564,0.76
147097,0.9986159205436707,0.999040961265564,0.76
147197,0.9986159205436707,0.999040961265564,0.76
147297,0.9986159205436707,0.999040961265564,0.76
147397,0.9986159205436707,0.999040961265564,0.76
147497,0.9986159205436707,0.999040961265564,0.76
147597,0.9986159205436707,0.999040961265564,0.76
147697,0.9986159205436707,0.999040961265564,0.76
147797,0.9986159205436707,0.999040961265564,0.76
147897,0.9986159205436707,0.999040961265564,0.76
147997,0.9986159205436707,0.999040961265564,0.76
148097,0.9986159205436707,0.999040961265564,0.76
148197,0.9986159205436707,0.999040961265564,0.76
148297,0.9986159205436707,0.999040961265564,0.76
148397,0.9986159205436707,0.999040961265564,0.76
148497,0.9986159205436707,0.999040961265564,0.76
148597,0.9986159205436707,0.999040961265564,0.76
148697,0.9986159205436707,0.999040961265564,0.76
148797,0.9986159205436707,0.999040961265564,0.76
148897,0.9986159205436707,0.999040961265564,0.76
148997,0.9986159205436707,0.999040961265564,0.76
149097,0.9986159205436707,0.999040961265564,0.76
149197,0.9986159205436707,0.999040961265564,0.76
149297,0.9986159205436707,0.999040961265564,0.76
149397,0.9986159205436707,0.999040961265564,0.76
149497,0.9986159205436707,0.999040961265564,0.76
149597,0.9986159205436707,0.999040961265564,0.76
149697,0.9986159205436707,0.999040961265564,0.76
149797,0.9986159205436707,0.999040961265564,0.76
149897,0.9986159205436707,0.999040961265564,0.76
149997,0.9986159205436707,0.999040961265564,0.76
150097,0.9986159205436707,0.999040961265564,0.76
150197,0.9986159205436707,0.999040961265564,0.76
150297,0.9986159205436707,0.999040961265564,0.76
150397,0.9986159205436707,0.999040961265564,0.76
150497,0.9986159205436707,0.999040961265564,0.76
150597,0.9986159205436707,0.999040961265564,0.76
150697,0.9986159205436707,0.999040961265564,0.76
150797,0.9986159205436707,0.999040961265564,0.76
150897,0.9986159205436707,0.999040961265564,0.76
150997,0.9986159205436707,0.999040961265564,0.76
151097,0.9986159205436707,0.999040961265564,0.76
151197,0.9986159205436707,0.999040961265564,0.76
151297,0.9986159205436707,0.999040961265564,0.76
151397,0.9986159205436707,0.999040961265564,0.76
151497,0.9986159205436707,0.999040961265564,0.76
151597,0.9986159205436707,0.999040961265564,0.76
151697,0.9986159205436707,0.999040961265564,0.76
151797,0.9986159205436707,0.999040961265564,0.76
151897,0.9986159205436707,0.999040961265564,0.76
151997,0.9986159205436707,0.999040961265564,0.76
152097,0.9986159205436707,0.999040961265564,0.76
152197,0.9986159205436707,0.999040961265564,0.76
152297,0.9986159205436707,0.999040961265564,0.76
152397,0.9986159205436707,0.999040961265564,0.76
152497,0.9986159205436707,0.999040961265564,0.76
152597,0.9986159205436707,0.999040961265564,0.76
152697,0.9986159205436707,0.999040961265564,0.76
152797,0.9986159205436707,0.999040961265564,0.76
152897,0.9986159205436707,0.999040961265564,0.76
152997,0.9986159205436707,0.999040961265564,0.76
153097,0.9986159205436707,0.999040961265564,0.76
153197,0.9986159205436707,0.999040961265564,0.76
153297,0.9986159205436707,0.999040961265564,0.76
153397,0.9986159205436707,0.999040961265564,0.76
153497,0.9986159205436707,0.999040961265564,0.76
153597,0.9986159205436707,0.999040961265564,0.76
153697,0.9986159205436707,0.999040961265564,0.76
153797,0.9986159205436707,0.999040961265564,0.76
153897,0.9986159205436707,0.999040961265564,0.76
153997,0.9986159205436707,0.999040961265564,0.76
154097,0.9986159205436707,0.999040961265564,0.76
154197,0.9986159205436707,0.999040961265564,0.76
154297,0.9986159205436707,0.999040961265564,0.76
154397,0.9986159205436707,0.999040961265564,0.76
154497,0.9986159205436707,0.999040961265564,0.76
154597,0.9986159205436707,0.999040961265564,0.76
154697,0.9986159205436707,0.999040961265564,0.76
154797,0.9986159205436707,0.999040961265564,0.76
154897,0.9986159205436707,0.999040961265564,0.76
154997,0.9986159205436707,0.999040961265564,0.76
155097,0.9986159205436707,0.999040961265564,0.76
155197,0.9986159205436707,0.999040961265564,0.76
155297,0.9986159205436707,0.999040961265564,0.76
155397,0.9986159205436707,0.999040961265564,0.76
155497,0.9986159205436707,0.999040961265564,0.76
155597,0.9986159205436707,0.999040961265564,0.76
155697,0.9986159205436707,0.999040961265564,0.76
155797,0.9986159205436707,0.999040961265564,0.76
155897,0.9986159205436707,0.999040961265564,0.76
155997,0.9986159205436707,0.999040961265564,0.76
156097,0.9986159205436707,0.999040961265564,0.76
156197,0.9986159205436707,0.999040961265564,0.76
156297,0.9986159205436707,0.999040961265564,0.76
156397,0.9986159205436707,0.999040961265564,0.76
156497,0.9986159205436707,0.999040961265564,0.76
156597,0.9986159205436707,0.999040961265564,0.76
156697,0.9986159205436707,0.999040961265564,0.76
156797,0.9986159205436707,0.999040961265564,0.76
156897,0.9986159205436707,0.999040961265564,0.76
156997,0.9986159205436707,0.999040961265564,0.76
157097,0.9986159205436707,0.999040961265564,0.76
157197,0.9986159205436707,0.999040961265564,0.76
157297,0.9986159205436707,0.999040961265564,0.76
157397,0.9986159205436707,0.999040961265564,0.76
157497,0.9986159205436707,0.999040961265564,0.76
157597,0.9986159205436707,0.999040961265564,0.76
157697,0.9986159205436707,0.999040961265564,0.76
157797,0.9986159205436707,0.999040961265564,0.76
157897,0.9986159205436707,0.999040961265564,0.76
157997,0.9986159205436707,0.999040961265564,0.76
158097,0.9986159205436707,0.999040961265564,0.76
158197,0.9986159205436707,0.999040961265564,0.76
158297,0.9986159205436707,0.999040961265564,0.76
158397,0.9986159205436707,0.999040961265564,0.76
158497,0.9986159205436707,0.999040961265564,0.76
158597,0.9986159205436707,0.999040961265564,0.76
158697,0.9986159205436707,0.999040961265564,0.76
158797,0.9986159205436707,0.999040961265564,0.76
158897,0.9986159205436707,0.999040961265564,0.76
158997,0.9986159205436707,0.999040961265564,0.76
159097,0.9986159205436707,0.999040961265564,0.76
159197,0.9986159205436707,0.999040961265564,0.76
159297,0.9986159205436707,0.999040961265564,0.76
159397,0.9986159205436707,0.999040961265564,0.76
159497,0.9986159205436707,0.999040961265564,0.76
159597,0.9986159205436707,0.999040961265564,0.76
159697,0.9986159205436707,0.999040961265564,0.76
159797,0.9986159205436707,0.999040961265564,0.76
159897,0.9986159205436707,0.999040961265564,0.76
159997,0.9986159205436707,0.999040961265564,0.76
160097,0.9986159205436707,0.999040961265564,0.76
160197,0.9986159205436707,0.999040961265564,0.76
160297,0.9986159205436707,0.999040961265564,0.76
160397,0.9986159205436707,0.999040961265564,0.76
160497,0.9986159205436707,0.999040961265564,0.76
160597,0.9986159205436707,0.999040961265564,0.76
160697,0.9986159205436707,0.999040961265564,0.76
160797,0.9986159205436707,0.999040961265564,0.76
160897,0.9986159205436707,0.999040961265564,0.76
160997,0.9986159205436707,0.999040961265564,0.76
161097,0.9986159205436707,0.999040961265564,0.76
161197,0.9986159205436707,0.999040961265564,0.76
161297,0.9986159205436707,0.999040961265564,0.76
161397,0.9986159205436707,0.999040961265564,0.76
161497,0.9986159205436707,0.999040961265564,0.76
161597,0.9986159205436707,0.999040961265564,0.76
161697,0.9986159205436707,0.999040961265564,0.76
161797,0.9986159205436707,0.999040961265564,0.76
161897,0.9986159205436707,0.999040961265564,0.76
161997,0.9986159205436707,0.999040961265564,0.76
162097,0.9986159205436707,0.999040961265564,0.76
162197,0.9986159205436707,0.999040961265564,0.76
162297,0.9986159205436707,0.999040961265564,0.76
162397,0.9986159205436707,0.999040961265564,0.76
162497,0.9986159205436707,0.999040961265564,0.76
162597,0.9986159205436707,0.999040961265564,0.76
162697,0.9986159205436707,0.999040961265564,0.76
162797,0.9986159205436707,0.999040961265564,0.76
162897,0.9986159205436707,0.999040961265564,0.76
162997,0.9986159205436707,0.999040961265564,0.76
163097,0.9986159205436707,0.999040961265564,0.76
163197,0.9986159205436707,0.999040961265564,0.76
163297,0.9986159205436707,0.999040961265564,0.76
163397,0.9986159205436707,0.999040961265564,0.76
163497,0.9986159205436707,0.999040961265564,0.76
163597,0.9986159205436707,0.999040961265564,0.76
163697,0.9986159205436707,0.999040961265564,0.76
163797,0.9986159205436707,0.999040961265564,0.76
163897,0.9986159205436707,0.999040961265564,0.76
163997,0.9986159205436707,0.999040961265564,0.76
164097,0.9986159205436707,0.999040961265564,0.76
164197,0.9986159205436707,0.999040961265564,0.76
164297,0.9986159205436707,0.999040961265564,0.76
164397,0.9986159205436707,0.999040961265564,0.76
164497,0.9986159205436707,0.999040961265564,0.76
164597,0.9986159205436707,0.999040961265564,0.76
164697,0.9986159205436707,0.999040961265564,0.76
164797,0.9986159205436707,0.999040961265564,0.76
164897,0.9986159205436707,0.999040961265564,0.76
164997,0.9986159205436707,0.999040961265564,0.76
165097,0.9986159205436707,0.999040961265564,0.76
165197,0.9986159205436707,0.999040961265564,0.76
165297,0.9986159205436707,0.999040961265564,0.76
165397,0.9986159205436707,0.999040961265564,0.76
165497,0.9986159205436707,0.999040961265564,0.76
165597,0.9986159205436707,0.999040961265564,0.76
165697,0.9986159205436707,0.999040961265564,0.76
165797,0.9986159205436707,0.999040961265564,0.76
165897,0.9986159205436707,0.999040961265564,0.76
165997,0.9986159205436707,0.999040961265564,0.76
166097,0.9986159205436707,0.999040961265564,0.76
166197,0.9986159205436707,0.999040961265564,0.76
166297,0.9986159205436707,0.999040961265564,0.76
166397,0.9986159205436707,0.999040961265564,0.76
166497,0.9986159205436707,0.999040961265564,0.76
166597,0.9986159205436707,0.999040961265564,0.76
166697,0.9986159205436707,0.999040961265564,0.76
166797,0.9986159205436707,0.999040961265564,0.76
166897,0.9986159205436707,0.999040961265564,0.76
166997,0.9986159205436707,0.999040961265564,0.76
167097,0.9986159205436707,0.999040961265564,0.76
167197,0.9986159205436707,0.999040961265564,0.76
167297,0.9986159205436707,0.999040961265564,0.76
167397,0.9986159205436707,0.999040961265564,0.76
167497,0.9986159205436707,0.999040961265564,0.76
167597,0.9986159205436707,0.999040961265564,0.76
167697,0.9986159205436707,0.999040961265564,0.76
167797,0.9986159205436707,0.999040961265564,0.76
167897,0.9986159205436707,0.999040961265564,0.76
167997,0.9986159205436707,0.999040961265564,0.76
168097,0.9986159205436707,0.999040961265564,0.76
168197,0.9986159205436707,0.999040961265564,0.76
168297,0.9986159205436707,0.999040961265564,0.76
168397,0.9986159205436707,0.999040961265564,0.76
168497,0.9986159205436707,0.999040961265564,0.76
168597,0.9986159205436707,0.999040961265564,0.76
168697,0.9986159205436707,0.999040961265564,0.76
168797,0.9986159205436707,0.999040961265564,0.76
168897,0.9986159205436707,0.999040961265564,0.76
168997,0.9986159205436707,0.999040961265564,0.76
169097,0.9986159205436707,0.999040961265564,0.76
169197,0.9986159205436707,0.999040961265564,0.76
169297,0.9986159205436707,0.999040961265564,0.76
169397,0.9986159205436707,0.999040961265564,0.76
169497,0.9986159205436707,0.999040961265564,0.76
169597,0.9986159205436707,0.999040961265564,0.76
169697,0.9986159205436707,0.999040961265564,0.76
169797,0.9986159205436707,0.999040961265564,0.76
169897,0.9986159205436707,0.999040961265564,0.76
169997,0.9986159205436707,0.999040961265564,0.76
170097,0.9986159205436707,0.999040961265564,0.76
170197,0.9986159205436707,0.999040961265564,0.76
170297,0.9986159205436707,0.999040961265564,0.76
170397,0.9986159205436707,0.999040961265564,0.76
170497,0.9986159205436707,0.999040961265564,0.76
170597,0.9986159205436707,0.999040961265564,0.76
170697,0.9986159205436707,0.999040961265564,0.76
170797,0.9986159205436707,0.999040961265564,0.76
170897,0.9986159205436707,0.999040961265564,0.76
170997,0.9986159205436707,0.999040961265564,0.76
171097,0.9986159205436707,0.999040961265564,0.76
171197,0.9986159205436707,0.999040961265564,0.76
171297,0.9986159205436707,0.999040961265564,0.76
171397,0.9986159205436707,0.999040961265564,0.76
171497,0.9986159205436707,0.999040961265564,0.76
171597,0.9986159205436707,0.999040961265564,0.76
171697,0.9986159205436707,0.999040961265564,0.76
171797,0.9986159205436707,0.999040961265564,0.76
171897,0.9986159205436707,0.999040961265564,0.76
171997,0.9986159205436707,0.999040961265564,0.76
172097,0.9986159205436707,0.999040961265564,0.76
172197,0.9986159205436707,0.999040961265564,0.76
172297,0.9986159205436707,0.999040961265564,0.76
172397,0.9986159205436707,0.999040961265564,0.76
172497,0.9986159205436707,0.999040961265564,0.76
172597,0.9986159205436707,0.999040961265564,0.76
172697,0.9986159205436707,0.999040961265564,0.76
172797,0.9986159205436707,0.999040961265564,0.76
172897,0.9986159205436707,0.999040961265564,0.76
172997,0.9986159205436707,0.999040961265564,0.76
173097,0.9986159205436707,0.999040961265564,0.76
173197,0.9986159205436707,0.999040961265564,0.76
173297,0.9986159205436707,0.999040961265564,0.76
173397,0.9986159205436707,0.999040961265564,0.76
173497,0.9986159205436707,0.999040961265564,0.76
173597,0.9986159205436707,0.999040961265564,0.76
173697,0.9986159205436707,0.999040961265564,0.76
173797,0.9986159205436707,0.999040961265564,0.76
173897,0.9986159205436707,0.999040961265564,0.76
173997,0.9986159205436707,0.999040961265564,0.76
174097,0.9986159205436707,0.9915574193000793,0.76
174197,0.9986159205436707,0.9915574193000793,0.76
174297,0.9986159205436707,0.9915574193000793,0.76
174397,0.9986159205436707,0.9915574193000793,0.76
174497,0.9986159205436707,0.9915574193000793,0.76
174597,0.9986159205436707,0.9915574193000793,0.76
174697,0.9986159205436707,0.9915574193000793,0.76
174797,0.9986159205436707,0.9915574193000793,0.76
174897,0.9986159205436707,0.9915574193000793,0.76
174997,0.9986159205436707,0.9915574193000793,0.76
175097,0.9986159205436707,0.9915574193000793,0.76
175197,0.9986159205436707,0.9915574193000793,0.76
175297,0.9986159205436707,0.9915574193000793,0.76
175397,0.9986159205436707,0.9915574193000793,0.76
175497,0.9986159205436707,0.9915574193000793,0.76
175597,0.9986159205436707,0.9915574193000793,0.76
175697,0.9986159205436707,0.9915574193000793,0.76
175797,0.9986159205436707,0.9915574193000793,0.76
175897,0.9986159205436707,0.9915574193000793,0.76
175997,0.9986159205436707,0.9915574193000793,0.76
176097,0.9986159205436707,0.9915574193000793,0.76
176197,0.9986159205436707,0.9915574193000793,0.76
176297,0.9986159205436707,0.9915574193000793,0.76
176397,0.9986159205436707,0.9915574193000793,0.76
176497,0.9986159205436707,0.999040961265564,0.76
176597,0.9986159205436707,0.999040961265564,0.76
176697,0.9986159205436707,0.999040961265564,0.76
176797,0.9986159205436707,0.999040961265564,0.76
176897,0.9986159205436707,0.999040961265564,0.76
176997,0.9986159205436707,0.999040961265564,0.76
177097,0.9986159205436707,0.999040961265564,0.76
177197,0.9986159205436707,0.999040961265564,0.76
177297,0.9986159205436707,0.999040961265564,0.76
177397,0.9986159205436707,0.999040961265564,0.76
177497,0.9986159205436707,0.999040961265564,0.76
177597,0.9986159205436707,0.999040961265564,0.76
177697,0.9986159205436707,0.999040961265564,0.76
177797,0.9986159205436707,0.999040961265564,0.76
177897,0.9986159205436707,0.999040961265564,0.76
177997,0.9986159205436707,0.999040961265564,0.76
178097,0.9986159205436707,0.999040961265564,0.76
178197,0.9986159205436707,0.999040961265564,0.76
178297,0.9986159205436707,0.999040961265564,0.76
178397,0.9986159205436707,0.999040961265564,0.76
178497,0.9986159205436707,0.999040961265564,0.76
178597,0.9986159205436707,0.999040961265564,0.76
178697,0.9986159205436707,0.999040961265564,0.76
178797,0.9986159205436707,0.999040961265564,0.76
178897,0.9986159205436707,0.999040961265564,0.76
178997,0.9986159205436707,0.999040961265564,0.76
179097,0.9986159205436707,0.999040961265564,0.76
179197,0.9986159205436707,0.999040961265564,0.76
179297,0.9986159205436707,0.999040961265564,0.76
179397,0.9986159205436707,0.999040961265564,0.76
179497,0.9986159205436707,0.999040961265564,0.76
179597,0.9986159205436707,0.999040961265564,0.76
179697,0.9986159205436707,0.999040961265564,0.76
179797,0.9986159205436707,0.999040961265564,0.76
179897,0.9986159205436707,0.999040961265564,0.76
179997,0.9986159205436707,0.999040961265564,0.76
180097,0.9986159205436707,0.999040961265564,0.76
180197,0.9986159205436707,0.999040961265564,0.76
180297,0.9986159205436707,0.999040961265564,0.76
180397,0.9986159205436707,0.999040961265564,0.76
180497,0.9986159205436707,0.999040961265564,0.76
180597,0.9986159205436707,0.999040961265564,0.76
180697,0.9986159205436707,0.999040961265564,0.76
180797,0.9986159205436707,0.999040961265564,0.76
180897,0.9986159205436707,0.999040961265564,0.76
180997,0.9986159205436707,0.999040961265564,0.76
181097,0.9986159205436707,0.999040961265564,0.76
181197,0.9986159205436707,0.999040961265564,0.76
181297,0.9986159205436707,0.999040961265564,0.76
181397,0.9986159205436707,0.999040961265564,0.76
181497,0.9986159205436707,0.999040961265564,0.76
181597,0.9986159205436707,0.999040961265564,0.76
181697,0.9986159205436707,0.999040961265564,0.76
181797,0.9986159205436707,0.999040961265564,0.76
181897,0.9986159205436707,0.999040961265564,0.76
181997,0.9986159205436707,0.999040961265564,0.76
182097,0.9986159205436707,0.999040961265564,0.76
182197,0.9986159205436707,0.999040961265564,0.76
182297,0.9986159205436707,0.999040961265564,0.76
182397,0.9986159205436707,0.999040961265564,0.76
182497,0.9986159205436707,0.999040961265564,0.76
182597,0.9986159205436707,0.999040961265564,0.76
182697,0.9986159205436707,0.999040961265564,0.76
182797,0.9986159205436707,0.999040961265564,0.76
182897,0.9986159205436707,0.999040961265564,0.76
182997,0.9986159205436707,0.999040961265564,0.76
183097,0.9986159205436707,0.999040961265564,0.76
183197,0.9986159205436707,0.999040961265564,0.76
183297,0.9986159205436707,0.999040961265564,0.76
183397,0.9986159205436707,0.999040961265564,0.76
183497,0.9986159205436707,0.999040961265564,0.76
183597,0.9986159205436707,0.999040961265564,0.76
183697,0.9986159205436707,0.999040961265564,0.76
183797,0.9986159205436707,0.999040961265564,0.76
183897,0.9986159205436707,0.999040961265564,0.76
183997,0.9986159205436707,0.999040961265564,0.76
184097,0.9986159205436707,0.999040961265564,0.76
184197,0.9986159205436707,0.999040961265564,0.76
184297,0.9986159205436707,0.999040961265564,0.76
184397,0.9986159205436707,0.999040961265564,0.76
184497,0.9986159205436707,0.999040961265564,0.76
184597,0.9986159205436707,0.999040961265564,0.76
184697,0.9986159205436707,0.999040961265564,0.76
184797,0.9986159205436707,0.999040961265564,0.76
184897,0.9986159205436707,0.999040961265564,0.76
184997,0.9986159205436707,0.999040961265564,0.76
185097,0.9986159205436707,0.999040961265564,0.76
185197,0.9986159205436707,0.999040961265564,0.76
185297,0.9986159205436707,0.999040961265564,0.76
185397,0.9986159205436707,0.999040961265564,0.76
185497,0.9986159205436707,0.999040961265564,0.76
185597,0.9986159205436707,0.999040961265564,0.76
185697,0.9986159205436707,0.999040961265564,0.76
185797,0.9986159205436707,0.999040961265564,0.76
185897,0.9986159205436707,0.999040961265564,0.76
185997,0.9986159205436707,0.999040961265564,0.76
186097,0.9986159205436707,0.999040961265564,0.76
186197,0.9986159205436707,0.999040961265564,0.76
186297,0.9986159205436707,0.999040961265564,0.76
186397,0.9986159205436707,0.999040961265564,0.76
186497,0.9986159205436707,0.999040961265564,0.76
186597,0.9986159205436707,0.999040961265564,0.76
186697,0.9986159205436707,0.999040961265564,0.76
186797,0.9986159205436707,0.999040961265564,0.76
186897,0.9986159205436707,0.999040961265564,0.76
186997,0.9986159205436707,0.999040961265564,0.76
187097,0.9986159205436707,0.999040961265564,0.76
187197,0.9986159205436707,0.999040961265564,0.76
187297,0.9986159205436707,0.999040961265564,0.76
187397,0.9986159205436707,0.999040961265564,0.76
187497,0.9986159205436707,0.999040961265564,0.76
187597,0.9986159205436707,0.999040961265564,0.76
187697,0.9986159205436707,0.999040961265564,0.76
187797,0.9986159205436707,0.999040961265564,0.76
187897,0.9986159205436707,0.999040961265564,0.76
187997,0.9986159205436707,0.999040961265564,0.76
188097,0.9986159205436707,0.999040961265564,0.76
188197,0.9986159205436707,0.999040961265564,0.76
188297,0.9986159205436707,0.999040961265564,0.76
188397,0.9986159205436707,0.999040961265564,0.76
188497,0.9986159205436707,0.999040961265564,0.76
188597,0.9986159205436707,0.999040961265564,0.76
188697,0.9986159205436707,0.999040961265564,0.76
188797,0.9986159205436707,0.999040961265564,0.76
188897,0.9986159205436707,0.999040961265564,0.76
188997,0.9986159205436707,0.999040961265564,0.76
189097,0.9986159205436707,0.999040961265564,0.76
189197,0.9986159205436707,0.999040961265564,0.76
189297,0.9986159205436707,0.999040961265564,0.76
189397,0.9986159205436707,0.999040961265564,0.76
189497,0.9986159205436707,0.999040961265564,0.76
189597,0.9986159205436707,0.999040961265564,0.76
189697,0.9986159205436707,0.999040961265564,0.76
189797,0.9986159205436707,0.999040961265564,0.76
189897,0.9986159205436707,0.999040961265564,0.76
189997,0.9986159205436707,0.999040961265564,0.76
190097,0.9986159205436707,0.999040961265564,0.76
190197,0.9986159205436707,0.999040961265564,0.76
190297,0.9986159205436707,0.999040961265564,0.76
190397,0.9986159205436707,0.999040961265564,0.76
190497,0.9986159205436707,0.999040961265564,0.76
190597,0.9986159205436707,0.999040961265564,0.76
190697,0.9986159205436707,0.999040961265564,0.76
190797,0.9986159205436707,0.999040961265564,0.76
190897,0.9986159205436707,0.999040961265564,0.76
190997,0.9986159205436707,0.999040961265564,0.76
191097,0.9986159205436707,0.999040961265564,0.76
191197,0.9986159205436707,0.999040961265564,0.76
191297,0.9986159205436707,0.999040961265564,0.76
191397,0.9986159205436707,0.999040961265564,0.76
191497,0.9986159205436707,0.999040961265564,0.76
191597,0.9986159205436707,0.999040961265564,0.76
191697,0.9986159205436707,0.999040961265564,0.76
191797,0.9986159205436707,0.999040961265564,0.76
191897,0.9986159205436707,0.999040961265564,0.76
191997,0.9986159205436707,0.999040961265564,0.76
192097,0.9986159205436707,0.999040961265564,0.76
192197,0.9986159205436707,0.999040961265564,0.76
192297,0.9986159205436707,0.999040961265564,0.76
192397,0.9986159205436707,0.999040961265564,0.76
192497,0.9986159205436707,0.999040961265564,0.76
192597,0.9986159205436707,0.999040961265564,0.76
192697,0.9986159205436707,0.999040961265564,0.76
192797,0.9986159205436707,0.999040961265564,0.76
192897,0.9986159205436707,0.999040961265564,0.76
192997,0.9986159205436707,0.999040961265564,0.76
193097,0.9986159205436707,0.999040961265564,0.76
193197,0.9986159205436707,0.999040961265564,0.76
193297,0.9986159205436707,0.999040961265564,0.76
193397,0.9986159205436707,0.999040961265564,0.76
193497,0.9986159205436707,0.999040961265564,0.76
193597,0.9986159205436707,0.999040961265564,0.76
193697,0.9986159205436707,0.999040961265564,0.76
193797,0.9986159205436707,0.999040961265564,0.76
193897,0.9986159205436707,0.999040961265564,0.76
193997,0.9986159205436707,0.999040961265564,0.76
194097,0.9986159205436707,0.999040961265564,0.76
194197,0.9986159205436707,0.999040961265564,0.76
194297,0.9986159205436707,0.999040961265564,0.76
194397,0.9986159205436707,0.999040961265564,0.76
194497,0.9986159205436707,0.999040961265564,0.76
194597,0.9986159205436707,0.999040961265564,0.76
194697,0.9986159205436707,0.999040961265564,0.76
194797,0.9986159205436707,0.999040961265564,0.76
194897,0.9986159205436707,0.999040961265564,0.76
194997,0.9986159205436707,0.999040961265564,0.76
195097,0.9986159205436707,0.999040961265564,0.76
195197,0.9986159205436707,0.999040961265564,0.76
195297,0.9986159205436707,0.999040961265564,0.76
195397,0.9986159205436707,0.999040961265564,0.76
195497,0.9986159205436707,0.999040961265564,0.76
195597,0.9986159205436707,0.999040961265564,0.76
195697,0.9986159205436707,0.999040961265564,0.76
195797,0.9986159205436707,0.999040961265564,0.76
195897,0.9986159205436707,0.999040961265564,0.76
195997,0.9986159205436707,0.999040961265564,0.76
196097,0.9986159205436707,0.999040961265564,0.76
196197,0.9986159205436707,0.999040961265564,0.76
196297,0.9986159205436707,0.999040961265564,0.76
196397,0.9986159205436707,0.999040961265564,0.76
196497,0.9986159205436707,0.999040961265564,0.76
196597,0.9986159205436707,0.999040961265564,0.76
196697,0.9986159205436707,0.999040961265564,0.76
196797,0.9986159205436707,0.999040961265564,0.76
196897,0.9986159205436707,0.999040961265564,0.76
196997,0.9986159205436707,0.999040961265564,0.76
197097,0.9986159205436707,0.999040961265564,0.76
197197,0.9986159205436707,0.999040961265564,0.76
197297,0.9986159205436707,0.999040961265564,0.76
197397,0.9986159205436707,0.999040961265564,0.76
197497,0.9986159205436707,0.999040961265564,0.76
197597,0.9986159205436707,0.999040961265564,0.76
197697,0.9986159205436707,0.999040961265564,0.76
197797,0.9986159205436707,0.999040961265564,0.76
197897,0.9986159205436707,0.999040961265564,0.76
197997,0.9986159205436707,0.999040961265564,0.76
198097,0.9986159205436707,0.999040961265564,0.76
198197,0.9986159205436707,0.999040961265564,0.76
198297,0.9986159205436707,0.999040961265564,0.76
198397,0.9986159205436707,0.999040961265564,0.76
198497,0.9986159205436707,0.999040961265564,0.76
198597,0.9986159205436707,0.999040961265564,0.76
198697,0.9986159205436707,0.999040961265564,0.76
198797,0.9986159205436707,0.999040961265564,0.76
198897,0.9986159205436707,0.999040961265564,0.76
198997,0.9986159205436707,0.999040961265564,0.76
199097,0.9986159205436707,0.999040961265564,0.76
199197,0.9986159205436707,0.999040961265564,0.76
199297,0.9986159205436707,0.999040961265564,0.76
199397,0.9986159205436707,0.999040961265564,0.76
199497,0.9986159205436707,0.999040961265564,0.76
199597,0.9986159205436707,0.999040961265564,0.76
199697,0.9986159205436707,0.999040961265564,0.76
199797,0.9986159205436707,0.999040961265564,0.76
199897,0.9986159205436707,0.999040961265564,0.76
199997,0.9986159205436707,0.999040961265564,0.76
200097,0.9986159205436707,0.999040961265564,0.76
200197,0.9986159205436707,0.999040961265564,0.76
200297,0.9986159205436707,0.999040961265564,0.76
200397,0.9986159205436707,0.999040961265564,0.76
200497,0.9986159205436707,0.999040961265564,0.76
200597,0.9986159205436707,0.999040961265564,0.76
200697,0.9986159205436707,0.999040961265564,0.76
200797,0.9986159205436707,0.999040961265564,0.76
200897,0.9986159205436707,0.999040961265564,0.76
200997,0.9986159205436707,0.999040961265564,0.76
201097,0.9986159205436707,0.999040961265564,0.76
201197,0.9986159205436707,0.999040961265564,0.76
201297,0.9986159205436707,0.999040961265564,0.76
201397,0.9986159205436707,0.999040961265564,0.76
201497,0.9986159205436707,0.999040961265564,0.76
201597,0.9986159205436707,0.999040961265564,0.76
201697,0.9986159205436707,0.999040961265564,0.76
201797,0.9986159205436707,0.999040961265564,0.76
201897,0.9986159205436707,0.999040961265564,0.76
201997,0.9986159205436707,0.999040961265564,0.76
202097,0.9986159205436707,0.999040961265564,0.76
202197,0.9986159205436707,0.999040961265564,0.76
202297,0.9986159205436707,0.999040961265564,0.76
202397,0.9986159205436707,0.999040961265564,0.76
202497,0.9986159205436707,0.999040961265564,0.76
202597,0.9986159205436707,0.999040961265564,0.76
202697,0.9986159205436707,0.999040961265564,0.76
202797,0.9986159205436707,0.999040961265564,0.76
202897,0.9986159205436707,0.999040961265564,0.76
202997,0.9986159205436707,0.999040961265564,0.76
203097,0.9986159205436707,0.999040961265564,0.76
203197,0.9986159205436707,0.999040961265564,0.76
203297,0.9986159205436707,0.999040961265564,0.76
203397,0.9986159205436707,0.999040961265564,0.76
203497,0.9986159205436707,0.999040961265564,0.76
203597,0.9986159205436707,0.999040961265564,0.76
203697,0.9986159205436707,0.999040961265564,0.76
203797,0.9986159205436707,0.999040961265564,0.76
203897,0.9986159205436707,0.999040961265564,0.76
203997,0.9986159205436707,0.999040961265564,0.76
229766,0.9986159205436707,0.999040961265564,0.75
229866,0.9986159205436707,0.999040961265564,0.75
229966,0.9986159205436707,0.999040961265564,0.75
230066,0.9986159205436707,0.999040961265564,0.75
230166,0.9986159205436707,0.999040961265564,0.75
230266,0.9986159205436707,0.999040961265564,0.75
230366,0.9986159205436707,0.999040961265564,0.75
230466,0.9986159205436707,0.999040961265564,0.75
230566,0.9986159205436707,0.999040961265564,0.75
230666,0.9986159205436707,0.999040961265564,0.75
230766,0.9986159205436707,0.999040961265564,0.75
230866,0.9986159205436707,0.999040961265564,0.75
230966,0.9986159205436707,0.999040961265564,0.75
231066,0.9986159205436707,0.999040961265564,0.75
231166,0.9986159205436707,0.999040961265564,0.75
231266,0.9986159205436707,0.999040961265564,0.75
231366,0.9986159205436707,0.999040961265564,0.75
231466,0.9986159205436707,0.999040961265564,0.75
231566,0.9986159205436707,0.999040961265564,0.75
231666,0.9986159205436707,0.999040961265564,0.75
231766,0.9986159205436707,0.999040961265564,0.75
231866,0.9986159205436707,0.999040961265564,0.75
231966,0.9986159205436707,0.999040961265564,0.75
232066,0.9986159205436707,0.999040961265564,0.75
232166,0.9986159205436707,0.999040961265564,0.75
232266,0.9986159205436707,0.999040961265564,0.75
232366,0.9986159205436707,0.999040961265564,0.75
232466,0.9986159205436707,0.999040961265564,0.75
232566,0.9986159205436707,0.999040961265564,0.75
232666,0.9986159205436707,0.999040961265564,0.75
232766,0.9986159205436707,0.999040961265564,0.75
232866,0.9986159205436707,0.999040961265564,0.75
232966,0.9986159205436707,0.999040961265564,0.75
233066,0.9986159205436707,0.999040961265564,0.75
233166,0.9986159205436707,0.999040961265564,0.75
233266,0.9986159205436707,0.999040961265564,0.75
233366,0.9986159205436707,0.999040961265564,0.75
233466,0.9986159205436707,0.999040961265564,0.75
233566,0.9986159205436707,0.999040961265564,0.75
233666,0.9986159205436707,0.999040961265564,0.75
233766,0.9986159205436707,0.999040961265564,0.75
233866,0.9986159205436707,0.999040961265564,0.75
233966,0.9986159205436707,0.999040961265564,0.75
234066,0.9986159205436707,0.999040961265564,0.75
234166,0.9986159205436707,0.999040961265564,0.75
234266,0.9986159205436707,0.999040961265564,0.75
234366,0.9986159205436707,0.999040961265564,0.75
234466,0.9986159205436707,0.999040961265564,0.75
234566,0.9986159205436707,0.999040961265564,0.75
234666,0.9986159205436707,0.999040961265564,0.75
234766,0.9986159205436707,0.999040961265564,0.75
234866,0.9986159205436707,0.999040961265564,0.75
234966,0.9986159205436707,0.999040961265564,0.75
235066,0.9986159205436707,0.999040961265564,0.75
235166,0.9986159205436707,0.999040961265564,0.75
235266,0.9986159205436707,0.999040961265564,0.75
235366,0.9986159205436707,0.999040961265564,0.75
235466,0.9986159205436707,0.999040961265564,0.75
235566,0.9986159205436707,0.999040961265564,0.75
235666,0.9986159205436707,0.999040961265564,0.75
235766,0.9986159205436707,0.999040961265564,0.75
235866,0.9986159205436707,0.999040961265564,0.75
235966,0.9986159205436707,0.999040961265564,0.75
236066,0.9986159205436707,0.999040961265564,0.75
236166,0.9986159205436707,0.999040961265564,0.75
236266,0.9986159205436707,0.999040961265564,0.75
236366,0.9986159205436707,0.999040961265564,0.75
236466,0.9986159205436707,0.999040961265564,0.75
236566,0.9986159205436707,0.999040961265564,0.75
236666,0.9986159205436707,0.999040961265564,0.75
236766,0.9986159205436707,0.999040961265564,0.75
236866,0.9986159205436707,0.999040961265564,0.75
236966,0.9986159205436707,0.999040961265564,0.75
237066,0.9986159205436707,0.999040961265564,0.75
237166,0.9986159205436707,0.999040961265564,0.75
237266,0.9986159205436707,0.999040961265564,0.75
237366,0.9986159205436707,0.999040961265564,0.75
237466,0.9986159205436707,0.999040961265564,0.75
237566,0.9986159205436707,0.999040961265564,0.75
237666,0.9986159205436707,0.999040961265564,0.75
237766,0.9986159205436707,0.999040961265564,0.75
237866,0.9986159205436707,0.999040961265564,0.75
237966,0.9986159205436707,0.999040961265564,0.75
238066,0.9986159205436707,0.999040961265564,0.75
238166,0.9986159205436707,0.999040961265564,0.75
238266,0.9986159205436707,0.999040961265564,0.75
238366,0.9986159205436707,0.999040961265564,0.75
238466,0.9986159205436707,0.999040961265564,0.75
238566,0.9986159205436707,0.999040961265564,0.75
238666,0.9986159205436707,0.999040961265564,0.75
238766,0.9986159205436707,0.999040961265564,0.75
238866,0.9986159205436707,0.999040961265564,0.75
238966,0.9986159205436707,0.999040961265564,0.75
239066,0.9986159205436707,0.999040961265564,0.75
239166,0.9986159205436707,0.999040961265564,0.75
239266,0.9986159205436707,0.999040961265564,0.75
239366,0.9986159205436707,0.999040961265564,0.75
239466,0.9986159205436707,0.999040961265564,0.75
239566,0.9986159205436707,0.999040961265564,0.75
239666,0.9986159205436707,0.999040961265564,0.75
239766,0.9986159205436707,0.999040961265564,0.75
239866,0.9986159205436707,0.999040961265564,0.75
239966,0.9986159205436707,0.999040961265564,0.75
240066,0.9986159205436707,0.999040961265564,0.75
240166,0.9986159205436707,0.999040961265564,0.75
240266,0.9986159205436707,0.999040961265564,0.75
240366,0.9986159205436707,0.999040961265564,0.75
240466,0.9986159205436707,0.999040961265564,0.75
240566,0.9986159205436707,0.999040961265564,0.75
240666,0.9986159205436707,0.999040961265564,0.75
240766,0.9986159205436707,0.999040961265564,0.75
240866,0.9986159205436707,0.999040961265564,0.75
240966,0.9986159205436707,0.999040961265564,0.75
241066,0.9986159205436707,0.999040961265564,0.75
241166,0.9986159205436707,0.999040961265564,0.75
241266,0.9986159205436707,0.999040961265564,0.75
241366,0.9986159205436707,0.999040961265564,0.75
241466,0.9986159205436707,0.999040961265564,0.75
241566,0.9986159205436707,0.999040961265564,0.75
241666,0.9986159205436707,0.999040961265564,0.75
241766,0.9986159205436707,0.999040961265564,0.75
241866,0.9986159205436707,0.999040961265564,0.75
241966,0.9986159205436707,0.999040961265564,0.75
242066,0.9986159205436707,0.999040961265564,0.75
242166,0.9986159205436707,0.999040961265564,0.75
242266,0.9986159205436707,0.999040961265564,0.75
242366,0.9986159205436707,0.999040961265564,0.75
242466,0.9986159205436707,0.999040961265564,0.75
242566,0.9986159205436707,0.999040961265564,0.75
242666,0.9986159205436707,0.999040961265564,0.75
242766,0.9986159205436707,0.999040961265564,0.75
242866,0.9986159205436707,0.999040961265564,0.75
242966,0.9986159205436707,0.999040961265564,0.75
243066,0.9986159205436707,0.999040961265564,0.75
243166,0.9986159205436707,0.999040961265564,0.75
243266,0.9986159205436707,0.999040961265564,0.75
243366,0.9986159205436707,0.999040961265564,0.75
243466,0.9986159205436707,0.999040961265564,0.75
243566,0.9986159205436707,0.999040961265564,0.75
243666,0.9986159205436707,0.999040961265564,0.75
243766,0.9986159205436707,0.999040961265564,0.75
243866,0.9986159205436707,0.999040961265564,0.75
243966,0.9986159205436707,0.999040961265564,0.75
244066,0.9986159205436707,0.999040961265564,0.75
244166,0.9986159205436707,0.999040961265564,0.75
244266,0.9986159205436707,0.999040961265564,0.75
244366,0.9986159205436707,0.999040961265564,0.75
244466,0.9986159205436707,0.999040961265564,0.75
244566,0.9986159205436707,0.999040961265564,0.75
244666,0.9986159205436707,0.999040961265564,0.75
244766,0.9986159205436707,0.999040961265564,0.75
244866,0.9986159205436707,0.999040961265564,0.75
244966,0.9986159205436707,0.999040961265564,0.75
245066,0.9986159205436707,0.999040961265564,0.75
245166,0.9986159205436707,0.999040961265564,0.75
245266,0.9986159205436707,0.999040961265564,0.75
245366,0.9986159205436707,0.999040961265564,0.75
245466,0.9986159205436707,0.999040961265564,0.75
245566,0.9986159205436707,0.999040961265564,0.75
245666,0.9986159205436707,0.999040961265564,0.75
245766,0.9986159205436707,0.999040961265564,0.75
245866,0.9986159205436707,0.999040961265564,0.75
245966,0.9986159205436707,0.999040961265564,0.75
246066,0.9986159205436707,0.999040961265564,0.75
246166,0.9986159205436707,0.999040961265564,0.75
246266,0.9986159205436707,0.999040961265564,0.75
246366,0.9986159205436707,0.999040961265564,0.75
246466,0.9986159205436707,0.999040961265564,0.75
246566,0.9986159205436707,0.999040961265564,0.75
246666,0.9986159205436707,0.999040961265564,0.75
246766,0.9986159205436707,0.999040961265564,0.75
246866,0.9986159205436707,0.999040961265564,0.75
246966,0.9986159205436707,0.999040961265564,0.75
247066,0.9986159205436707,0.999040961265564,0.75
247166,0.9986159205436707,0.999040961265564,0.75
247266,0.9986159205436707,0.999040961265564,0.75
247366,0.9986159205436707,0.999040961265564,0.75
247466,0.9986159205436707,0.999040961265564,0.75
247566,0.9986159205436707,0.999040961265564,0.75
247666,0.9986159205436707,0.999040961265564,0.75
247766,0.9986159205436707,0.999040961265564,0.75
247866,0.9986159205436707,0.999040961265564,0.75
247966,0.9986159205436707,0.999040961265564,0.75
248066,0.9986159205436707,0.999040961265564,0.75
248166,0.9986159205436707,0.999040961265564,0.75
248266,0.9986159205436707,0.999040961265564,0.75
248366,0.9986159205436707,0.999040961265564,0.75
248466,0.9986159205436707,0.999040961265564,0.75
248566,0.9986159205436707,0.999040961265564,0.75
248666,0.9986159205436707,0.999040961265564,0.75
248766,0.9986159205436707,0.999040961265564,0.75
248866,0.9986159205436707,0.999040961265564,0.75
248966,0.9986159205436707,0.999040961265564,0.75
249066,0.9986159205436707,0.999040961265564,0.75
249166,0.9986159205436707,0.999040961265564,0.75
249266,0.9986159205436707,0.999040961265564,0.75
249366,0.9986159205436707,0.999040961265564,0.75
249466,0.9986159205436707,0.999040961265564,0.75
249566,0.9986159205436707,0.999040961265564,0.75
249666,0.9986159205436707,0.999040961265564,0.75
249766,0.9986159205436707,0.999040961265564,0.75
249866,0.9986159205436707,0.999040961265564,0.75
249966,0.9986159205436707,0.999040961265564,0.75
250066,0.9986159205436707,0.999040961265564,0.75
250166,0.9986159205436707,0.999040961265564,0.75
250266,0.9986159205436707,0.999040961265564,0.75
250366,0.9986159205436707,0.999040961265564,0.75
250466,0.9986159205436707,0.999040961265564,0.75
250566,0.9986159205436707,0.999040961265564,0.75
250666,0.9986159205436707,0.999040961265564,0.75
250766,0.9986159205436707,0.999040961265564,0.75
250866,0.9986159205436707,0.999040961265564,0.75
250966,0.9986159205436707,0.999040961265564,0.75
251066,0.9986159205436707,0.999040961265564,0.75
251166,0.9986159205436707,0.999040961265564,0.75
251266,0.9986159205436707,0.999040961265564,0.75
251366,0.9986159205436707,0.999040961265564,0.75
251466,0.9986159205436707,0.999040961265564,0.75
251566,0.9986159205436707,0.999040961265564,0.75
251666,0.9986159205436707,0.999040961265564,0.75
251766,0.9986159205436707,0.999040961265564,0.75
251866,0.9986159205436707,0.999040961265564,0.75
251966,0.9986159205436707,0.999040961265564,0.75
252066,0.9986159205436707,0.999040961265564,0.75
252166,0.9986159205436707,0.999040961265564,0.75
252266,0.9986159205436707,0.999040961265564,0.75
252366,0.9986159205436707,0.999040961265564,0.75
252466,0.9986159205436707,0.999040961265564,0.75
252566,0.9986159205436707,0.999040961265564,0.75
252666,0.9986159205436707,0.999040961265564,0.75
252766,0.9986159205436707,0.999040961265564,0.75
252866,0.9986159205436707,0.999040961265564,0.75
252966,0.9986159205436707,0.999040961265564,0.75
253066,0.9986159205436707,0.999040961265564,0.75
253166,0.9986159205436707,0.999040961265564,0.75
253266,0.9986159205436707,0.999040961265564,0.75
253366,0.9986159205436707,0.999040961265564,0.75
253466,0.9986159205436707,0.999040961265564,0.75
253566,0.9986159205436707,0.999040961265564,0.75
253666,0.9986159205436707,0.999040961265564,0.75
253766,0.9986159205436707,0.999040961265564,0.75
253866,0.9986159205436707,0.999040961265564,0.75
253966,0.9986159205436707,0.999040961265564,0.75
254066,0.9986159205436707,0.999040961265564,0.75
254166,0.9986159205436707,0.999040961265564,0.75
254266,0.9986159205436707,0.999040961265564,0.75
254366,0.9986159205436707,0.999040961265564,0.75
254466,0.9986159205436707,0.999040961265564,0.75
254566,0.9986159205436707,0.999040961265564,0.75
254666,0.9986159205436707,0.999040961265564,0.75
254766,0.9986159205436707,0.999040961265564,0.75
254866,0.9986159205436707,0.999040961265564,0.75
254966,0.9986159205436707,0.999040961265564,0.75
255066,0.9986159205436707,0.999040961265564,0.75
255166,0.9986159205436707,0.999040961265564,0.75
255266,0.9986159205436707,0.999040961265564,0.75
255366,0.9986159205436707,0.999040961265564,0.75
255466,0.9986159205436707,0.999040961265564,0.75
255566,0.9986159205436707,0.999040961265564,0.75
255666,0.9986159205436707,0.999040961265564,0.75
255766,0.9986159205436707,0.999040961265564,0.75
255866,0.9986159205436707,0.999040961265564,0.75
255966,0.9986159205436707,0.999040961265564,0.75
256066,0.9986159205436707,0.999040961265564,0.75
256166,0.9986159205436707,0.999040961265564,0.75
256266,0.9986159205436707,0.999040961265564,0.75
256366,0.9986159205436707,0.999040961265564,0.75
256466,0.9986159205436707,0.999040961265564,0.75
256566,0.9986159205436707,0.999040961265564,0.75
256666,0.9986159205436707,0.999040961265564,0.75
256766,0.9986159205436707,0.999040961265564,0.75
256866,0.9986159205436707,0.999040961265564,0.75
256966,0.9986159205436707,0.999040961265564,0.75
257066,0.9986159205436707,0.999040961265564,0.75
257166,0.9986159205436707,0.999040961265564,0.75
257266,0.9986159205436707,0.999040961265564,0.75
257366,0.9986159205436707,0.999040961265564,0.75
257466,0.9986159205436707,0.999040961265564,0.75
257566,0.9986159205436707,0.999040961265564,0.75
257666,0.9986159205436707,0.999040961265564,0.75
257766,0.9986159205436707,0.999040961265564,0.75
257866,0.9986159205436707,0.999040961265564,0.75
257966,0.9986159205436707,0.999040961265564,0.75
258066,0.9986159205436707,0.999040961265564,0.75
258166,0.9986159205436707,0.999040961265564,0.75
258266,0.9986159205436707,0.999040961265564,0.75
258366,0.9986159205436707,0.999040961265564,0.75
258466,0.9986159205436707,0.999040961265564,0.75
258566,0.9986159205436707,0.999040961265564,0.75
258666,0.9986159205436707,0.999040961265564,0.75
258766,0.9986159205436707,0.999040961265564,0.75
258866,0.9986159205436707,0.999040961265564,0.75
258966,0.9986159205436707,0.999040961265564,0.75
259066,0.9986159205436707,0.999040961265564,0.75
259166,0.9986159205436707,0.999040961265564,0.75
259266,0.9986159205436707,0.999040961265564,0.75
259366,0.9986159205436707,0.999040961265564,0.75
259466,0.9986159205436707,0.999040961265564,0.75
259566,0.9986159205436707,0.999040961265564,0.75
259666,0.9986159205436707,0.999040961265564,0.75
289766,0.9986159205436707,0.999040961265564,0.76
289866,0.9986159205436707,0.999040961265564,0.76
289966,0.9986159205436707,0.999040961265564,0.76
290066,0.9986159205436707,0.999040961265564,0.76
290166,0.9986159205436707,0.999040961265564,0.76
290266,0.9986159205436707,0.999040961265564,0.76
290366,0.9986159205436707,0.999040961265564,0.76
290466,0.9986159205436707,0.999040961265564,0.76
290566,0.9986159205436707,0.999040961265564,0.76
290666,0.9986159205436707,0.999040961265564,0.76
290766,0.9986159205436707,0.999040961265564,0.76
290866,0.9986159205436707,0.999040961265564,0.76
290966,0.9986159205436707,0.999040961265564,0.76
291066,0.9986159205436707,0.999040961265564,0.76
291166,0.9986159205436707,0.999040961265564,0.76
291266,0.9986159205436707,0.999040961265564,0.76
291366,0.9986159205436707,0.999040961265564,0.76
291466,0.9986159205436707,0.999040961265564,0.76
291566,0.9986159205436707,0.999040961265564,0.76
291666,0.9986159205436707,0.999040961265564,0.76
291766,0.9986159205436707,0.999040961265564,0.76
291866,0.9986159205436707,0.999040961265564,0.76
291966,0.9986159205436707,0.999040961265564,0.76
292066,0.9986159205436707,0.999040961265564,0.76
292166,0.9986159205436707,0.999040961265564,0.76
292266,0.9986159205436707,0.999040961265564,0.76
292366,0.9986159205436707,0.999040961265564,0.76
292466,0.9986159205436707,0.999040961265564,0.76
292566,0.9986159205436707,0.999040961265564,0.76
292666,0.9986159205436707,0.999040961265564,0.76
292766,0.9986159205436707,0.999040961265564,0.76
292866,0.9986159205436707,0.999040961265564,0.76
292966,0.9986159205436707,0.999040961265564,0.76
293066,0.9986159205436707,0.999040961265564,0.76
293166,0.9986159205436707,0.999040961265564,0.76
293266,0.9986159205436707,0.999040961265564,0.76
293366,0.9986159205436707,0.999040961265564,0.76
293466,0.9986159205436707,0.999040961265564,0.76
293566,0.9986159205436707,0.999040961265564,0.76
293666,0.9986159205436707,0.999040961265564,0.76
293766,0.9986159205436707,0.999040961265564,0.76
293866,0.9986159205436707,0.999040961265564,0.76
293966,0.9986159205436707,0.999040961265564,0.76
294066,0.9986159205436707,0.999040961265564,0.76
294166,0.9986159205436707,0.999040961265564,0.76
294266,0.9986159205436707,0.999040961265564,0.76
294366,0.9986159205436707,0.999040961265564,0.76
294466,0.9986159205436707,0.999040961265564,0.76
294566,0.9986159205436707,0.999040961265564,0.76
294666,0.9986159205436707,0.999040961265564,0.76
294766,0.9986159205436707,0.999040961265564,0.76
294866,0.9986159205436707,0.999040961265564,0.76
294966,0.9986159205436707,0.999040961265564,0.76
295066,0.9986159205436707,0.999040961265564,0.76
295166,0.9986159205436707,0.999040961265564,0.76
295266,0.9986159205436707,0.999040961265564,0.76
295366,0.9986159205436707,0.999040961265564,0.76
295466,0.9986159205436707,0.999040961265564,0.76
295566,0.9986159205436707,0.999040961265564,0.76
295666,0.9986159205436707,0.999040961265564,0.76
295766,0.9986159205436707,0.999040961265564,0.76
295866,0.9986159205436707,0.999040961265564,0.76
295966,0.9986159205436707,0.999040961265564,0.76
296066,0.9986159205436707,0.999040961265564,0.76
296166,0.9986159205436707,0.999040961265564,0.76
296266,0.9986159205436707,0.999040961265564,0.76
296366,0.9986159205436707,0.999040961265564,0.76
296466,0.9986159205436707,0.999040961265564,0.76
296566,0.9986159205436707,0.999040961265564,0.76
296666,0.9986159205436707,0.999040961265564,0.76
296766,0.9986159205436707,0.999040961265564,0.76
296866,0.9986159205436707,0.999040961265564,0.76
296966,0.9986159205436707,0.999040961265564,0.76
297066,0.9986159205436707,0.999040961265564,0.76
297166,0.9986159205436707,0.999040961265564,0.76
297266,0.9986159205436707,0.999040961265564,0.76
297366,0.9986159205436707,0.999040961265564,0.76
297466,0.9986159205436707,0.999040961265564,0.76
297566,0.9986159205436707,0.999040961265564,0.76
297666,0.9986159205436707,0.999040961265564,0.76
297766,0.9986159205436707,0.999040961265564,0.76
297866,0.9986159205436707,0.999040961265564,0.76
297966,0.9986159205436707,0.999040961265564,0.76
298066,0.9986159205436707,0.999040961265564,0.76
298166,0.9986159205436707,0.999040961265564,0.76
298266,0.9986159205436707,0.999040961265564,0.76
298366,0.9986159205436707,0.999040961265564,0.76
298466,0.9986159205436707,0.999040961265564,0.76
298566,0.9986159205436707,0.999040961265564,0.76
298666,0.9986159205436707,0.999040961265564,0.76
298766,0.9986159205436707,0.999040961265564,0.76
298866,0.9986159205436707,0.999040961265564,0.76
298966,0.9986159205436707,0.999040961265564,0.76
299066,0.9986159205436707,0.999040961265564,0.76
299166,0.9986159205436707,0.999040961265564,0.76
299266,0.9986159205436707,0.999040961265564,0.76
299366,0.9986159205436707,0.999040961265564,0.76
299466,0.9986159205436707,0.999040961265564,0.76
299566,0.9986159205436707,0.999040961265564,0.76
299666,0.9986159205436707,0.999040961265564,0.76
299766,0.9986159205436707,0.999040961265564,0.76
299866,0.9986159205436707,0.999040961265564,0.76
299966,0.9986159205436707,0.999040961265564,0.76
300066,0.9986159205436707,0.999040961265564,0.76
300166,0.9986159205436707,0.999040961265564,0.76
300266,0.9986159205436707,0.999040961265564,0.76
300366,0.9986159205436707,0.999040961265564,0.76
300466,0.9986159205436707,0.999040961265564,0.76
300566,0.9986159205436707,0.999040961265564,0.76
300666,0.9986159205436707,0.999040961265564,0.76
300766,0.9986159205436707,0.999040961265564,0.76
300866,0.9986159205436707,0.999040961265564,0.76
300966,0.9986159205436707,0.999040961265564,0.76
301066,0.9986159205436707,0.999040961265564,0.76
301166,0.9986159205436707,0.999040961265564,0.76
301266,0.9986159205436707,0.999040961265564,0.76
301366,0.9986159205436707,0.999040961265564,0.76
301466,0.9986159205436707,0.999040961265564,0.76
301566,0.9986159205436707,0.999040961265564,0.76
301666,0.9986159205436707,0.999040961265564,0.76
301766,0.9986159205436707,0.999040961265564,0.76
301866,0.9986159205436707,0.999040961265564,0.76
301966,0.9986159205436707,0.999040961265564,0.76
302066,0.9986159205436707,0.999040961265564,0.76
302166,0.9986159205436707,0.999040961265564,0.76
302266,0.9986159205436707,0.999040961265564,0.76
302366,0.9986159205436707,0.999040961265564,0.76
302466,0.9986159205436707,0.999040961265564,0.76
302566,0.9986159205436707,0.999040961265564,0.76
302666,0.9986159205436707,0.999040961265564,0.76
302766,0.9986159205436707,0.999040961265564,0.76
302866,0.9986159205436707,0.999040961265564,0.76
302966,0.9986159205436707,0.999040961265564,0.76
303066,0.9986159205436707,0.999040961265564,0.76
303166,0.9986159205436707,0.999040961265564,0.76
303266,0.9986159205436707,0.999040961265564,0.76
303366,0.9986159205436707,0.999040961265564,0.76
303466,0.9986159205436707,0.999040961265564,0.76
303566,0.9986159205436707,0.999040961265564,0.76
303666,0.9986159205436707,0.999040961265564,0.76
303766,0.9986159205436707,0.999040961265564,0.76
303866,0.9986159205436707,0.999040961265564,0.76
303966,0.9986159205436707,0.999040961265564,0.76
304066,0.9986159205436707,0.999040961265564,0.76
304166,0.9986159205436707,0.999040961265564,0.76
304266,0.9986159205436707,0.999040961265564,0.76
304366,0.9986159205436707,0.999040961265564,0.76
304466,0.9986159205436707,0.999040961265564,0.76
304566,0.9986159205436707,0.999040961265564,0.76
304666,0.9986159205436707,0.999040961265564,0.76
304766,0.9986159205436707,0.999040961265564,0.76
304866,0.9986159205436707,0.999040961265564,0.76
304966,0.9986159205436707,0.999040961265564,0.76
305066,0.9986159205436707,0.999040961265564,0.76
305166,0.9986159205436707,0.999040961265564,0.76
305266,0.9986159205436707,0.999040961265564,0.76
305366,0.9986159205436707,0.999040961265564,0.76
305466,0.9986159205436707,0.999040961265564,0.76
305566,0.9986159205436707,0.999040961265564,0.76
305666,0.9986159205436707,0.999040961265564,0.76
305766,0.9986159205436707,0.999040961265564,0.76
305866,0.9986159205436707,0.999040961265564,0.76
305966,0.9986159205436707,0.999040961265564,0.76
306066,0.9986159205436707,0.999040961265564,0.76
306166,0.9986159205436707,0.999040961265564,0.76
306266,0.9986159205436707,0.999040961265564,0.76
306366,0.9986159205436707,0.999040961265564,0.76
306466,0.9986159205436707,0.999040961265564,0.76
306566,0.9986159205436707,0.999040961265564,0.76
306666,0.9986159205436707,0.999040961265564,0.76
306766,0.9986159205436707,0.999040961265564,0.76
306866,0.9986159205436707,0.999040961265564,0.76
306966,0.9986159205436707,0.999040961265564,0.76
307066,0.9986159205436707,0.999040961265564,0.76
307166,0.9986159205436707,0.999040961265564,0.76
307266,0.9986159205436707,0.999040961265564,0.76
307366,0.9986159205436707,0.999040961265564,0.76
307466,0.9986159205436707,0.999040961265564,0.76
307566,0.9986159205436707,0.999040961265564,0.76
307666,0.9986159205436707,0.999040961265564,0.76
307766,0.9986159205436707,0.999040961265564,0.76
307866,0.9986159205436707,0.999040961265564,0.76
307966,0.9986159205436707,0.999040961265564,0.76
308066,0.9986159205436707,0.999040961265564,0.76
308166,0.9986159205436707,0.999040961265564,0.76
308266,0.9986159205436707,0.999040961265564,0.76
308366,0.9986159205436707,0.999040961265564,0.76
308466,0.9986159205436707,0.999040961265564,0.76
308566,0.9986159205436707,0.999040961265564,0.76
308666,0.9986159205436707,0.999040961265564,0.76
308766,0.9986159205436707,0.999040961265564,0.76
308866,0.9986159205436707,0.999040961265564,0.76
308966,0.9986159205436707,0.999040961265564,0.76
309066,0.9986159205436707,0.999040961265564,0.76
309166,0.9986159205436707,0.999040961265564,0.76
309266,0.9986159205436707,0.999040961265564,0.76
309366,0.9986159205436707,0.999040961265564,0.76
309466,0.9986159205436707,0.999040961265564,0.76
309566,0.9986159205436707,0.999040961265564,0.76
309666,0.9986159205436707,0.999040961265564,0.76
309766,0.9986159205436707,0.999040961265564,0.76
309866,0.9986159205436707,0.999040961265564,0.76
309966,0.9986159205436707,0.999040961265564,0.76
310066,0.9986159205436707,0.999040961265564,0.76
310166,0.9986159205436707,0.999040961265564,0.76
310266,0.9986159205436707,0.999040961265564,0.76
310366,0.9986159205436707,0.999040961265564,0.76
310466,0.9986159205436707,0.999040961265564,0.76
310566,0.9986159205436707,0.999040961265564,0.76
310666,0.9986159205436707,0.999040961265564,0.76
310766,0.9986159205436707,0.999040961265564,0.76
310866,0.9986159205436707,0.999040961265564,0.76
310966,0.9986159205436707,0.999040961265564,0.76
311066,0.9986159205436707,0.999040961265564,0.76
311166,0.9986159205436707,0.999040961265564,0.76
311266,0.9986159205436707,0.999040961265564,0.76
311366,0.9986159205436707,0.999040961265564,0.76
311466,0.9986159205436707,0.999040961265564,0.76
311566,0.9986159205436707,0.999040961265564,0.76
311666,0.9986159205436707,0.999040961265564,0.76
311766,0.9986159205436707,0.999040961265564,0.76
311866,0.9986159205436707,0.999040961265564,0.76
311966,0.9986159205436707,0.999040961265564,0.76
312066,0.9986159205436707,0.999040961265564,0.76
312166,0.9986159205436707,0.999040961265564,0.76
312266,0.9986159205436707,0.999040961265564,0.76
312366,0.9986159205436707,0.999040961265564,0.76
312466,0.9986159205436707,0.999040961265564,0.76
312566,0.9986159205436707,0.999040961265564,0.76
312666,0.9986159205436707,0.999040961265564,0.76
312766,0.9986159205436707,0.999040961265564,0.76
312866,0.9986159205436707,0.999040961265564,0.76
312966,0.9986159205436707,0.999040961265564,0.76
313066,0.9986159205436707,0.999040961265564,0.76
313166,0.9986159205436707,0.999040961265564,0.76
313266,0.9986159205436707,0.999040961265564,0.76
313366,0.9986159205436707,0.999040961265564,0.76
313466,0.9986159205436707,0.999040961265564,0.76
313566,0.9986159205436707,0.999040961265564,0.76
313666,0.9986159205436707,0.999040961265564,0.76
313766,0.9986159205436707,0.999040961265564,0.76
313866,0.9986159205436707,0.999040961265564,0.76
313966,0.9986159205436707,0.999040961265564,0.76
314066,0.9986159205436707,0.999040961265564,0.76
314166,0.9986159205436707,0.999040961265564,0.76
314266,0.9986159205436707,0.999040961265564,0.76
314366,0.9986159205436707,0.999040961265564,0.76
314466,0.9986159205436707,0.999040961265564,0.76
314566,0.9986159205436707,0.999040961265564,0.76
314666,0.9986159205436707,0.999040961265564,0.76
314766,0.9986159205436707,0.999040961265564,0.76
314866,0.9986159205436707,0.999040961265564,0.76
314966,0.9986159205436707,0.999040961265564,0.76
315066,0.9986159205436707,0.999040961265564,0.76
315166,0.9986159205436707,0.999040961265564,0.76
315266,0.9986159205436707,0.999040961265564,0.76
315366,0.9986159205436707,0.999040961265564,0.76
315466,0.9986159205436707,0.999040961265564,0.76
315566,0.9986159205436707,0.999040961265564,0.76
315666,0.9986159205436707,0.999040961265564,0.76
315766,0.9986159205436707,0.999040961265564,0.76
315866,0.9986159205436707,0.999040961265564,0.76
315966,0.9986159205436707,0.999040961265564,0.76
316066,0.9986159205436707,0.999040961265564,0.76
316166,0.9986159205436707,0.999040961265564,0.76
316266,0.9986159205436707,0.999040961265564,0.76
316366,0.9986159205436707,0.999040961265564,0.76
316466,0.9986159205436707,0.999040961265564,0.76
316566,0.9986159205436707,0.999040961265564,0.76
316666,0.9986159205436707,0.999040961265564,0.76
316766,0.9986159205436707,0.999040961265564,0.76
316866,0.9986159205436707,0.999040961265564,0.76
316966,0.9986159205436707,0.999040961265564,0.76
317066,0.9986159205436707,0.999040961265564,0.76
317166,0.9986159205436707,0.999040961265564,0.76
317266,0.9986159205436707,0.999040961265564,0.76
317366,0.9986159205436707,0.999040961265564,0.76
317466,0.9986159205436707,0.999040961265564,0.76
317566,0.9986159205436707,0.999040961265564,0.76
317666,0.9986159205436707,0.999040961265564,0.76
317766,0.9986159205436707,0.999040961265564,0.76
317866,0.9986159205436707,0.999040961265564,0.76
317966,0.9986159205436707,0.999040961265564,0.76
318066,0.9986159205436707,0.999040961265564,0.76
318166,0.9986159205436707,0.999040961265564,0.76
318266,0.9986159205436707,0.999040961265564,0.76
318366,0.9986159205436707,0.999040961265564,0.76
318466,0.9986159205436707,0.999040961265564,0.76
318566,0.9986159205436707,0.999040961265564,0.76
318666,0.9986159205436707,0.999040961265564,0.76
318766,0.9986159205436707,0.999040961265564,0.76
318866,0.9986159205436707,0.999040961265564,0.76
318966,0.9986159205436707,0.999040961265564,0.76
319066,0.9986159205436707,0.999040961265564,0.76
319166,0.9986159205436707,0.999040961265564,0.76
319266,0.9986159205436707,0.999040961265564,0.76
319366,0.9986159205436707,0.999040961265564,0.76
319466,0.9986159205436707,0.999040961265564,0.76
319566,0.9986159205436707,0.999040961265564,0.76
319666,0.9986159205436707,0.999040961265564,0.76
349766,0.9986159205436707,0.999040961265564,0.76
349866,0.9986159205436707,0.999040961265564,0.76
349966,0.9986159205436707,0.999040961265564,0.76
350066,0.9986159205436707,0.999040961265564,0.76
350166,0.9986159205436707,0.999040961265564,0.76
350266,0.9986159205436707,0.999040961265564,0.76
350366,0.9986159205436707,0.999040961265564,0.76
350466,0.9986159205436707,0.999040961265564,0.76
350566,0.9986159205436707,0.999040961265564,0.76
350666,0.9986159205436707,0.999040961265564,0.76
350766,0.9986159205436707,0.999040961265564,0.76
350866,0.9986159205436707,0.999040961265564,0.76
350966,0.9986159205436707,0.999040961265564,0.76
351066,0.9986159205436707,0.999040961265564,0.76
351166,0.9986159205436707,0.999040961265564,0.76
351266,0.9986159205436707,0.999040961265564,0.76
351366,0.9986159205436707,0.999040961265564,0.76
351466,0.9986159205436707,0.999040961265564,0.76
351566,0.9986159205436707,0.999040961265564,0.76
351666,0.9986159205436707,0.999040961265564,0.76
351766,0.9986159205436707,0.999040961265564,0.76
351866,0.9986159205436707,0.999040961265564,0.76
351966,0.9986159205436707,0.999040961265564,0.76
352066,0.9986159205436707,0.999040961265564,0.76
352166,0.9986159205436707,0.999040961265564,0.76
352266,0.9986159205436707,0.999040961265564,0.76
352366,0.9986159205436707,0.999040961265564,0.76
352466,0.9986159205436707,0.999040961265564,0.76
352566,0.9986159205436707,0.999040961265564,0.76
352666,0.9986159205436707,0.999040961265564,0.76
352766,0.9986159205436707,0.999040961265564,0.76
352866,0.9986159205436707,0.999040961265564,0.76
352966,0.9986159205436707,0.999040961265564,0.76
353066,0.9986159205436707,0.999040961265564,0.76
353166,0.9986159205436707,0.999040961265564,0.76
353266,0.9986159205436707,0.999040961265564,0.76
353366,0.9986159205436707,0.999040961265564,0.76
353466,0.9986159205436707,0.999040961265564,0.76
353566,0.9986159205436707,0.999040961265564,0.76
353666,0.9986159205436707,0.999040961265564,0.76
353766,0.9986159205436707,0.999040961265564,0.76
353866,0.9986159205436707,0.999040961265564,0.76
353966,0.9986159205436707,0.999040961265564,0.76
354066,0.9986159205436707,0.999040961265564,0.76
354166,0.9986159205436707,0.999040961265564,0.76
354266,0.9986159205436707,0.999040961265564,0.76
354366,0.9986159205436707,0.999040961265564,0.76
354466,0.9986159205436707,0.999040961265564,0.76
354566,0.9986159205436707,0.999040961265564,0.76
354666,0.9986159205436707,0.999040961265564,0.76
354766,0.9986159205436707,0.999040961265564,0.76
354866,0.9986159205436707,0.999040961265564,0.76
354966,0.9986159205436707,0.999040961265564,0.76
355066,0.9986159205436707,0.999040961265564,0.76
355166,0.9986159205436707,0.999040961265564,0.76
355266,0.9986159205436707,0.999040961265564,0.76
355366,0.9986159205436707,0.999040961265564,0.76
355466,0.9986159205436707,0.999040961265564,0.76
355566,0.9986159205436707,0.999040961265564,0.76
355666,0.9986159205436707,0.999040961265564,0.76
355766,0.9986159205436707,0.999040961265564,0.76
355866,0.9986159205436707,0.999040961265564,0.76
355966,0.9986159205436707,0.999040961265564,0.76
356066,0.9986159205436707,0.999040961265564,0.76
356166,0.9986159205436707,0.999040961265564,0.76
356266,0.9986159205436707,0.999040961265564,0.76
356366,0.9986159205436707,0.999040961265564,0.76
356466,0.9986159205436707,0.999040961265564,0.76
356566,0.9986159205436707,0.999040961265564,0.76
356666,0.9986159205436707,0.999040961265564,0.76
356766,0.9986159205436707,0.999040961265564,0.76
356866,0.9986159205436707,0.999040961265564,0.76
356966,0.9986159205436707,0.999040961265564,0.76
357066,0.9986159205436707,0.999040961265564,0.76
357166,0.9986159205436707,0.999040961265564,0.76
357266,0.9986159205436707,0.999040961265564,0.76
357366,0.9986159205436707,0.999040961265564,0.76
357466,0.9986159205436707,0.999040961265564,0.76
357566,0.9986159205436707,0.999040961265564,0.76
357666,0.9986159205436707,0.999040961265564,0.76
357766,0.9986159205436707,0.999040961265564,0.76
357866,0.9986159205436707,0.999040961265564,0.76
357966,0.9986159205436707,0.999040961265564,0.76
358066,0.9986159205436707,0.999040961265564,0.76
358166,0.9986159205436707,0.999040961265564,0.76
358266,0.9986159205436707,0.999040961265564,0.76
358366,0.9986159205436707,0.999040961265564,0.76
358466,0.9986159205436707,0.999040961265564,0.76
358566,0.9986159205436707,0.999040961265564,0.76
358666,0.9986159205436707,0.999040961265564,0.76
358766,0.9986159205436707,0.999040961265564,0.76
358866,0.9986159205436707,0.999040961265564,0.76
358966,0.9986159205436707,0.999040961265564,0.76
359066,0.9986159205436707,0.999040961265564,0.76
359166,0.9986159205436707,0.999040961265564,0.76
359266,0.9986159205436707,0.999040961265564,0.76
359366,0.9986159205436707,0.999040961265564,0.76
359466,0.9986159205436707,0.999040961265564,0.76
359566,0.9986159205436707,0.999040961265564,0.76
359666,0.9986159205436707,0.999040961265564,0.76
359766,0.9986159205436707,0.999040961265564,0.76
359866,0.9986159205436707,0.999040961265564,0.76
359966,0.9986159205436707,0.999040961265564,0.76
360066,0.9986159205436707,0.999040961265564,0.76
360166,0.9986159205436707,0.999040961265564,0.76
360266,0.9986159205436707,0.999040961265564,0.76
360366,0.9986159205436707,0.999040961265564,0.76
360466,0.9986159205436707,0.999040961265564,0.76
360566,0.9986159205436707,0.999040961265564,0.76
360666,0.9986159205436707,0.999040961265564,0.76
360766,0.9986159205436707,0.999040961265564,0.76
360866,0.9986159205436707,0.999040961265564,0.76
360966,0.9986159205436707,0.999040961265564,0.76
361066,0.9986159205436707,0.999040961265564,0.76
361166,0.9986159205436707,0.999040961265564,0.76
361266,0.9986159205436707,0.999040961265564,0.76
361366,0.9986159205436707,0.999040961265564,0.76
361466,0.9986159205436707,0.999040961265564,0.76
361566,0.9986159205436707,0.999040961265564,0.76
361666,0.9986159205436707,0.999040961265564,0.76
361766,0.9986159205436707,0.999040961265564,0.76
361866,0.9986159205436707,0.999040961265564,0.76
361966,0.9986159205436707,0.999040961265564,0.76
362066,0.9986159205436707,0.999040961265564,0.76
362166,0.9986159205436707,0.999040961265564,0.76
362266,0.9986159205436707,0.999040961265564,0.76
362366,0.9986159205436707,0.999040961265564,0.76
362466,0.9986159205436707,0.999040961265564,0.76
362566,0.9986159205436707,0.999040961265564,0.76
362666,0.9986159205436707,0.999040961265564,0.76
362766,0.9986159205436707,0.999040961265564,0.76
362866,0.9986159205436707,0.999040961265564,0.76
362966,0.9986159205436707,0.999040961265564,0.76
363066,0.9986159205436707,0.999040961265564,0.76
363166,0.9986159205436707,0.999040961265564,0.76
363266,0.9986159205436707,0.999040961265564,0.76
363366,0.9986159205436707,0.999040961265564,0.76
363466,0.9986159205436707,0.999040961265564,0.76
363566,0.9986159205436707,0.999040961265564,0.76
363666,0.9986159205436707,0.999040961265564,0.76
363766,0.9986159205436707,0.999040961265564,0.76
363866,0.9986159205436707,0.999040961265564,0.76
363966,0.9986159205436707,0.999040961265564,0.76
364066,0.9986159205436707,0.999040961265564,0.76
364166,0.9986159205436707,0.999040961265564,0.76
364266,0.9986159205436707,0.999040961265564,0.76
364366,0.9986159205436707,0.999040961265564,0.76
364466,0.9986159205436707,0.999040961265564,0.76
364566,0.9986159205436707,0.999040961265564,0.76
364666,0.9986159205436707,0.999040961265564,0.76
364766,0.9986159205436707,0.999040961265564,0.76
364866,0.9986159205436707,0.999040961265564,0.76
364966,0.9986159205436707,0.999040961265564,0.76
365066,0.9986159205436707,0.999040961265564,0.76
365166,0.9986159205436707,0.999040961265564,0.76
365266,0.9986159205436707,0.999040961265564,0.76
365366,0.9986159205436707,0.999040961265564,0.76
365466,0.9986159205436707,0.999040961265564,0.76
365566,0.9986159205436707,0.999040961265564,0.76
365666,0.9986159205436707,0.999040961265564,0.76
365766,0.9986159205436707,0.999040961265564,0.76
365866,0.9986159205436707,0.999040961265564,0.76
365966,0.9986159205436707,0.999040961265564,0.76
366066,0.9986159205436707,0.999040961265564,0.76
366166,0.9986159205436707,0.999040961265564,0.76
366266,0.9986159205436707,0.999040961265564,0.76
366366,0.9986159205436707,0.999040961265564,0.76
366466,0.9986159205436707,0.999040961265564,0.76
366566,0.9986159205436707,0.999040961265564,0.76
366666,0.9986159205436707,0.999040961265564,0.76
366766,0.9986159205436707,0.999040961265564,0.76
366866,0.9986159205436707,0.999040961265564,0.76
366966,0.9986159205436707,0.999040961265564,0.76
367066,0.9986159205436707,0.999040961265564,0.76
367166,0.9986159205436707,0.999040961265564,0.76
367266,0.9986159205436707,0.999040961265564,0.76
367366,0.9986159205436707,0.999040961265564,0.76
367466,0.9986159205436707,0.999040961265564,0.76
367566,0.9986159205436707,0.999040961265564,0.76
367666,0.9986159205436707,0.999040961265564,0.76
367766,0.9986159205436707,0.999040961265564,0.76
367866,0.9986159205436707,0.999040961265564,0.76
367966,0.9986159205436707,0.999040961265564,0.76
368066,0.9986159205436707,0.999040961265564,0.76
368166,0.9986159205436707,0.999040961265564,0.76
368266,0.9986159205436707,0.999040961265564,0.76
368366,0.9986159205436707,0.999040961265564,0.76
368466,0.9986159205436707,0.999040961265564,0.76
368566,0.9986159205436707,0.999040961265564,0.76
368666,0.9986159205436707,0.999040961265564,0.76
368766,0.9986159205436707,0.999040961265564,0.76
368866,0.9986159205436707,0.999040961265564,0.76
368966,0.9986159205436707,0.999040961265564,0.76
369066,0.9986159205436707,0.999040961265564,0.76
369166,0.9986159205436707,0.999040961265564,0.76
369266,0.9986159205436707,0.999040961265564,0.76
369366,0.9986159205436707,0.999040961265564,0.76
369466,0.9986159205436707,0.999040961265564,0.76
369566,0.9986159205436707,0.999040961265564,0.76
369666,0.9986159205436707,0.999040961265564,0.76
369766,0.9986159205436707,0.999040961265564,0.76
369866,0.9986159205436707,0.999040961265564,0.76
369966,0.9986159205436707,0.999040961265564,0.76
370066,0.9986159205436707,0.999040961265564,0.76
370166,0.9986159205436707,0.999040961265564,0.76
370266,0.9986159205436707,0.999040961265564,0.76
370366,0.9986159205436707,0.999040961265564,0.76
370466,0.9986159205436707,0.999040961265564,0.76
370566,0.9986159205436707,0.999040961265564,0.76
370666,0.9986159205436707,0.999040961265564,0.76
370766,0.9986159205436707,0.999040961265564,0.76
370866,0.9986159205436707,0.999040961265564,0.76
370966,0.9986159205436707,0.999040961265564,0.76
371066,0.9986159205436707,0.999040961265564,0.76
371166,0.9986159205436707,0.999040961265564,0.76
371266,0.9986159205436707,0.999040961265564,0.76
371366,0.9986159205436707,0.999040961265564,0.76
371466,0.9986159205436707,0.999040961265564,0.76
371566,0.9986159205436707,0.999040961265564,0.76
371666,0.9986159205436707,0.999040961265564,0.76
371766,0.9986159205436707,0.999040961265564,0.76
371866,0.9986159205436707,0.999040961265564,0.76
371966,0.9986159205436707,0.999040961265564,0.76
372066,0.9986159205436707,0.999040961265564,0.76
372166,0.9986159205436707,0.999040961265564,0.76
372266,0.9986159205436707,0.999040961265564,0.76
372366,0.9986159205436707,0.999040961265564,0.76
372466,0.9986159205436707,0.999040961265564,0.76
372566,0.9986159205436707,0.999040961265564,0.76
372666,0.9986159205436707,0.999040961265564,0.76
372766,0.9986159205436707,0.999040961265564,0.76
372866,0.9986159205436707,0.999040961265564,0.76
372966,0.9986159205436707,0.999040961265564,0.76
373066,0.9986159205436707,0.999040961265564,0.76
373166,0.9986159205436707,0.999040961265564,0.76
373266,0.9986159205436707,0.999040961265564,0.76
373366,0.9986159205436707,0.999040961265564,0.76
373466,0.9986159205436707,0.999040961265564,0.76
373566,0.9986159205436707,0.999040961265564,0.76
373666,0.9986159205436707,0.999040961265564,0.76
373766,0.9986159205436707,0.999040961265564,0.76
373866,0.9986159205436707,0.999040961265564,0.76
373966,0.9986159205436707,0.999040961265564,0.76
374066,0.9986159205436707,0.999040961265564,0.76
374166,0.9986159205436707,0.999040961265564,0.76
374266,0.9986159205436707,0.999040961265564,0.76
374366,0.9986159205436707,0.999040961265564,0.76
374466,0.9986159205436707,0.999040961265564,0.76
374566,0.9986159205436707,0.999040961265564,0.76
374666,0.9986159205436707,0.999040961265564,0.76
374766,0.9986159205436707,0.999040961265564,0.76
374866,0.9986159205436707,0.999040961265564,0.76
374966,0.9986159205436707,0.999040961265564,0.76
375066,0.9986159205436707,0.999040961265564,0.76
375166,0.9986159205436707,0.999040961265564,0.76
375266,0.9986159205436707,0.999040961265564,0.76
375366,0.9986159205436707,0.999040961265564,0.76
375466,0.9986159205436707,0.999040961265564,0.76
375566,0.9986159205436707,0.999040961265564,0.76
375666,0.9986159205436707,0.999040961265564,0.76
375766,0.9986159205436707,0.999040961265564,0.76
375866,0.9986159205436707,0.999040961265564,0.76
375966,0.9986159205436707,0.999040961265564,0.76
376066,0.9986159205436707,0.999040961265564,0.76
376166,0.9986159205436707,0.999040961265564,0.76
376266,0.9986159205436707,0.999040961265564,0.76
376366,0.9986159205436707,0.999040961265564,0.76
376466,0.9986159205436707,0.999040961265564,0.76
376566,0.9986159205436707,0.999040961265564,0.76
376666,0.9986159205436707,0.999040961265564,0.76
376766,0.9986159205436707,0.999040961265564,0.76
376866,0.9986159205436707,0.999040961265564,0.76
376966,0.9986159205436707,0.999040961265564,0.76
377066,0.9986159205436707,0.999040961265564,0.76
377166,0.9986159205436707,0.999040961265564,0.76
377266,0.9986159205436707,0.999040961265564,0.76
377366,0.9986159205436707,0.999040961265564,0.76
377466,0.9986159205436707,0.999040961265564,0.76
377566,0.9986159205436707,0.999040961265564,0.76
377666,0.9986159205436707,0.999040961265564,0.76
377766,0.9986159205436707,0.999040961265564,0.76
377866,0.9986159205436707,0.999040961265564,0.76
377966,0.9986159205436707,0.999040961265564,0.76
378066,0.9986159205436707,0.999040961265564,0.76
378166,0.9986159205436707,0.999040961265564,0.76
378266,0.9986159205436707,0.999040961265564,0.76
378366,0.9986159205436707,0.999040961265564,0.76
378466,0.9986159205436707,0.999040961265564,0.76
378566,0.9986159205436707,0.999040961265564,0.76
378666,0.9986159205436707,0.999040961265564,0.76
378766,0.9986159205436707,0.999040961265564,0.76
378866,0.9986159205436707,0.999040961265564,0.76
378966,0.9986159205436707,0.999040961265564,0.76
379066,0.9986159205436707,0.999040961265564,0.76
379166,0.9986159205436707,0.999040961265564,0.76
379266,0.9986159205436707,0.999040961265564,0.76
379366,0.9986159205436707,0.999040961265564,0.76
379466,0.9986159205436707,0.999040961265564,0.76
379566,0.9986159205436707,0.999040961265564,0.76
379666,0.9986159205436707,0.999040961265564,0.76
409766,0.9986159205436707,0.999040961265564,0.75
409866,0.9986159205436707,0.999040961265564,0.75
409966,0.9986159205436707,0.999040961265564,0.75
410066,0.9986159205436707,0.999040961265564,0.75
410166,0.9986159205436707,0.999040961265564,0.75
410266,0.9986159205436707,0.999040961265564,0.75
410366,0.9986159205436707,0.999040961265564,0.75
410466,0.9986159205436707,0.999040961265564,0.75
410566,0.9986159205436707,0.999040961265564,0.75
410666,0.9986159205436707,0.999040961265564,0.75
410766,0.9986159205436707,0.999040961265564,0.75
410866,0.9986159205436707,0.999040961265564,0.75
410966,0.9986159205436707,0.999040961265564,0.75
411066,0.9986159205436707,0.999040961265564,0.75
411166,0.9986159205436707,0.999040961265564,0.75
411266,0.9986159205436707,0.999040961265564,0.75
411366,0.9986159205436707,0.999040961265564,0.75
411466,0.9986159205436707,0.999040961265564,0.75
411566,0.9986159205436707,0.999040961265564,0.75
411666,0.9986159205436707,0.999040961265564,0.75
411766,0.9986159205436707,0.999040961265564,0.75
411866,0.9986159205436707,0.999040961265564,0.75
411966,0.9986159205436707,0.999040961265564,0.75
412066,0.9986159205436707,0.999040961265564,0.75
412166,0.9986159205436707,0.999040961265564,0.75
412266,0.9986159205436707,0.999040961265564,0.75
412366,0.9986159205436707,0.999040961265564,0.75
412466,0.9986159205436707,0.999040961265564,0.75
412566,0.9986159205436707,0.999040961265564,0.75
412666,0.9986159205436707,0.999040961265564,0.75
412766,0.9986159205436707,0.999040961265564,0.75
412866,0.9986159205436707,0.999040961265564,0.75
412966,0.9986159205436707,0.999040961265564,0.75
413066,0.9986159205436707,0.999040961265564,0.75
413166,0.9986159205436707,0.999040961265564,0.75
413266,0.9986159205436707,0.999040961265564,0.75
413366,0.9986159205436707,0.999040961265564,0.75
413466,0.9986159205436707,0.999040961265564,0.75
413566,0.9986159205436707,0.999040961265564,0.75
413666,0.9986159205436707,0.999040961265564,0.75
413766,0.9986159205436707,0.999040961265564,0.75
413866,0.9986159205436707,0.999040961265564,0.75
413966,0.9986159205436707,0.999040961265564,0.75
414066,0.9986159205436707,0.999040961265564,0.75
414166,0.9986159205436707,0.999040961265564,0.75
414266,0.9986159205436707,0.999040961265564,0.75
414366,0.9986159205436707,0.999040961265564,0.75
414466,0.9986159205436707,0.999040961265564,0.75
414566,0.9986159205436707,0.999040961265564,0.75
414666,0.9986159205436707,0.999040961265564,0.75
414766,0.9986159205436707,0.999040961265564,0.75
414866,0.9986159205436707,0.999040961265564,0.75
414966,0.9986159205436707,0.999040961265564,0.75
415066,0.9986159205436707,0.999040961265564,0.75
415166,0.9986159205436707,0.999040961265564,0.75
415266,0.9986159205436707,0.999040961265564,0.75
415366,0.9986159205436707,0.999040961265564,0.75
415466,0.9986159205436707,0.999040961265564,0.75
415566,0.9986159205436707,0.999040961265564,0.75
415666,0.9986159205436707,0.999040961265564,0.75
415766,0.9986159205436707,0.999040961265564,0.75
415866,0.9986159205436707,0.999040961265564,0.75
415966,0.9986159205436707,0.999040961265564,0.75
416066,0.9986159205436707,0.999040961265564,0.75
416166,0.9986159205436707,0.999040961265564,0.75
416266,0.9986159205436707,0.999040961265564,0.75
416366,0.9986159205436707,0.999040961265564,0.75
416466,0.9986159205436707,0.999040961265564,0.75
416566,0.9986159205436707,0.999040961265564,0.75
416666,0.9986159205436707,0.999040961265564,0.75
416766,0.9986159205436707,0.999040961265564,0.75
416866,0.9986159205436707,0.999040961265564,0.75
416966,0.9986159205436707,0.999040961265564,0.75
417066,0.9986159205436707,0.999040961265564,0.75
417166,0.9986159205436707,0.999040961265564,0.75
417266,0.9986159205436707,0.999040961265564,0.75
417366,0.9986159205436707,0.999040961265564,0.75
417466,0.9986159205436707,0.999040961265564,0.75
417566,0.9986159205436707,0.999040961265564,0.75
417666,0.9986159205436707,0.999040961265564,0.75
417766,0.9986159205436707,0.999040961265564,0.75
417866,0.9986159205436707,0.999040961265564,0.75
417966,0.9986159205436707,0.999040961265564,0.75
418066,0.9986159205436707,0.999040961265564,0.75
418166,0.9986159205436707,0.999040961265564,0.75
418266,0.9986159205436707,0.999040961265564,0.75
418366,0.9986159205436707,0.999040961265564,0.75
418466,0.9986159205436707,0.999040961265564,0.75
418566,0.9986159205436707,0.999040961265564,0.75
418666,0.9986159205436707,0.999040961265564,0.75
418766,0.9986159205436707,0.999040961265564,0.75
418866,0.9986159205436707,0.999040961265564,0.75
418966,0.9986159205436707,0.999040961265564,0.75
419066,0.9986159205436707,0.999040961265564,0.75
419166,0.9986159205436707,0.999040961265564,0.75
419266,0.9986159205436707,0.999040961265564,0.75
419366,0.9986159205436707,0.999040961265564,0.75
419466,0.9986159205436707,0.999040961265564,0.75
419566,0.9986159205436707,0.999040961265564,0.75
419666,0.9986159205436707,0.999040961265564,0.75
419766,0.9986159205436707,0.999040961265564,0.75
419866,0.9986159205436707,0.999040961265564,0.75
419966,0.9986159205436707,0.999040961265564,0.75
420066,0.9986159205436707,0.999040961265564,0.75
420166,0.9986159205436707,0.999040961265564,0.75
420266,0.9986159205436707,0.999040961265564,0.75
420366,0.9986159205436707,0.999040961265564,0.75
420466,0.9986159205436707,0.999040961265564,0.75
420566,0.9986159205436707,0.999040961265564,0.75
420666,0.9986159205436707,0.999040961265564,0.75
420766,0.9986159205436707,0.999040961265564,0.75
420866,0.9986159205436707,0.999040961265564,0.75
420966,0.9986159205436707,0.999040961265564,0.75
421066,0.9986159205436707,0.999040961265564,0.75
421166,0.9986159205436707,0.999040961265564,0.75
421266,0.9986159205436707,0.999040961265564,0.75
421366,0.9986159205436707,0.999040961265564,0.75
421466,0.9986159205436707,0.999040961265564,0.75
421566,0.9986159205436707,0.999040961265564,0.75
421666,0.9986159205436707,0.999040961265564,0.75
421766,0.9986159205436707,0.999040961265564,0.75
421866,0.9986159205436707,0.999040961265564,0.75
421966,0.9986159205436707,0.999040961265564,0.75
422066,0.9986159205436707,0.999040961265564,0.75
422166,0.9986159205436707,0.999040961265564,0.75
422266,0.9986159205436707,0.999040961265564,0.75
422366,0.9986159205436707,0.999040961265564,0.75
422466,0.9986159205436707,0.999040961265564,0.75
422566,0.9986159205436707,0.999040961265564,0.75
422666,0.9986159205436707,0.999040961265564,0.75
422766,0.9986159205436707,0.999040961265564,0.75
422866,0.9986159205436707,0.999040961265564,0.75
422966,0.9986159205436707,0.999040961265564,0.75
423066,0.9986159205436707,0.999040961265564,0.75
423166,0.9986159205436707,0.999040961265564,0.75
423266,0.9986159205436707,0.999040961265564,0.75
423366,0.9986159205436707,0.999040961265564,0.75
423466,0.9986159205436707,0.999040961265564,0.75
423566,0.9986159205436707,0.999040961265564,0.75
423666,0.9986159205436707,0.999040961265564,0.75
423766,0.9986159205436707,0.999040961265564,0.75
423866,0.9986159205436707,0.999040961265564,0.75
423966,0.9986159205436707,0.999040961265564,0.75
424066,0.9986159205436707,0.999040961265564,0.75
424166,0.9986159205436707,0.999040961265564,0.75
424266,0.9986159205436707,0.999040961265564,0.75
424366,0.9986159205436707,0.999040961265564,0.75
424466,0.9986159205436707,0.999040961265564,0.75
424566,0.9986159205436707,0.999040961265564,0.75
424666,0.9986159205436707,0.999040961265564,0.75
424766,0.9986159205436707,0.999040961265564,0.75
424866,0.9986159205436707,0.999040961265564,0.75
424966,0.9986159205436707,0.999040961265564,0.75
425066,0.9986159205436707,0.999040961265564,0.75
425166,0.9986159205436707,0.999040961265564,0.75
425266,0.9986159205436707,0.999040961265564,0.75
425366,0.9986159205436707,0.999040961265564,0.75
425466,0.9986159205436707,0.999040961265564,0.75
425566,0.9986159205436707,0.999040961265564,0.75
425666,0.9986159205436707,0.999040961265564,0.75
425766,0.9986159205436707,0.999040961265564,0.75
425866,0.9986159205436707,0.999040961265564,0.75
425966,0.9986159205436707,0.999040961265564,0.75
426066,0.9986159205436707,0.999040961265564,0.75
426166,0.9986159205436707,0.999040961265564,0.75
426266,0.9986159205436707,0.999040961265564,0.75
426366,0.9986159205436707,0.999040961265564,0.75
426466,0.9986159205436707,0.999040961265564,0.75
426566,0.9986159205436707,0.999040961265564,0.75
426666,0.9986159205436707,0.999040961265564,0.75
426766,0.9986159205436707,0.999040961265564,0.75
426866,0.9986159205436707,0.999040961265564,0.75
426966,0.9986159205436707,0.999040961265564,0.75
427066,0.9986159205436707,0.999040961265564,0.75
427166,0.9986159205436707,0.999040961265564,0.75
427266,0.9986159205436707,0.999040961265564,0.75
427366,0.9986159205436707,0.999040961265564,0.75
427466,0.9986159205436707,0.999040961265564,0.75
427566,0.9986159205436707,0.999040961265564,0.75
427666,0.9986159205436707,0.999040961265564,0.75
427766,0.9986159205436707,0.999040961265564,0.75
427866,0.9986159205436707,0.999040961265564,0.75
427966,0.9986159205436707,0.999040961265564,0.75
428066,0.9986159205436707,0.999040961265564,0.75
428166,0.9986159205436707,0.999040961265564,0.75
428266,0.9986159205436707,0.999040961265564,0.75
428366,0.9986159205436707,0.999040961265564,0.75
428466,0.9986159205436707,0.999040961265564,0.75
428566,0.9986159205436707,0.999040961265564,0.75
428666,0.9986159205436707,0.999040961265564,0.75
428766,0.9986159205436707,0.999040961265564,0.75
428866,0.9986159205436707,0.999040961265564,0.75
428966,0.9986159205436707,0.999040961265564,0.75
429066,0.9986159205436707,0.999040961265564,0.75
429166,0.9986159205436707,0.999040961265564,0.75
429266,0.9986159205436707,0.999040961265564,0.75
429366,0.9986159205436707,0.999040961265564,0.75
429466,0.9986159205436707,0.999040961265564,0.75
429566,0.9986159205436707,0.999040961265564,0.75
429666,0.9986159205436707,0.999040961265564,0.75
429766,0.9986159205436707,0.999040961265564,0.75
429866,0.9986159205436707,0.999040961265564,0.75
429966,0.9986159205436707,0.999040961265564,0.75
430066,0.9986159205436707,0.999040961265564,0.75
430166,0.9986159205436707,0.999040961265564,0.75
430266,0.9986159205436707,0.999040961265564,0.75
430366,0.9986159205436707,0.999040961265564,0.75
430466,0.9986159205436707,0.999040961265564,0.75
430566,0.9986159205436707,0.999040961265564,0.75
430666,0.9986159205436707,0.999040961265564,0.75
430766,0.9986159205436707,0.999040961265564,0.75
430866,0.9986159205436707,0.999040961265564,0.75
430966,0.9986159205436707,0.999040961265564,0.75
431066,0.9986159205436707,0.999040961265564,0.75
431166,0.9986159205436707,0.999040961265564,0.75
431266,0.9986159205436707,0.999040961265564,0.75
431366,0.9986159205436707,0.999040961265564,0.75
431466,0.9986159205436707,0.999040961265564,0.75
431566,0.9986159205436707,0.999040961265564,0.75
431666,0.9986159205436707,0.999040961265564,0.75
431766,0.9986159205436707,0.999040961265564,0.75
431866,0.9986159205436707,0.999040961265564,0.75
431966,0.9986159205436707,0.999040961265564,0.75
432066,0.9986159205436707,0.999040961265564,0.75
432166,0.9986159205436707,0.999040961265564,0.75
432266,0.9986159205436707,0.999040961265564,0.75
432366,0.9986159205436707,0.999040961265564,0.75
432466,0.9986159205436707,0.999040961265564,0.75
432566,0.9986159205436707,0.999040961265564,0.75
432666,0.9986159205436707,0.999040961265564,0.75
432766,0.9986159205436707,0.999040961265564,0.75
432866,0.9986159205436707,0.999040961265564,0.75
432966,0.9986159205436707,0.999040961265564,0.75
433066,0.9986159205436707,0.999040961265564,0.75
433166,0.9986159205436707,0.999040961265564,0.75
433266,0.9986159205436707,0.999040961265564,0.75
433366,0.9986159205436707,0.999040961265564,0.75
433466,0.9986159205436707,0.999040961265564,0.75
433566,0.9986159205436707,0.999040961265564,0.75
433666,0.9986159205436707,0.999040961265564,0.75
433766,0.9986159205436707,0.999040961265564,0.75
433866,0.9986159205436707,0.999040961265564,0.75
433966,0.9986159205436707,0.999040961265564,0.75
434066,0.9986159205436707,0.999040961265564,0.75
434166,0.9986159205436707,0.999040961265564,0.75
434266,0.9986159205436707,0.999040961265564,0.75
434366,0.9986159205436707,0.999040961265564,0.75
434466,0.9986159205436707,0.999040961265564,0.75
434566,0.9986159205436707,0.999040961265564,0.75
434666,0.9986159205436707,0.999040961265564,0.75
434766,0.9986159205436707,0.999040961265564,0.75
434866,0.9986159205436707,0.999040961265564,0.75
434966,0.9986159205436707,0.999040961265564,0.75
435066,0.9986159205436707,0.999040961265564,0.75
435166,0.9986159205436707,0.999040961265564,0.75
435266,0.9986159205436707,0.999040961265564,0.75
435366,0.9986159205436707,0.999040961265564,0.75
435466,0.9986159205436707,0.999040961265564,0.75
435566,0.9986159205436707,0.999040961265564,0.75
435666,0.9986159205436707,0.999040961265564,0.75
435766,0.9986159205436707,0.999040961265564,0.75
435866,0.9986159205436707,0.999040961265564,0.75
435966,0.9986159205436707,0.999040961265564,0.75
436066,0.9986159205436707,0.999040961265564,0.75
436166,0.9986159205436707,0.999040961265564,0.75
436266,0.9986159205436707,0.999040961265564,0.75
436366,0.9986159205436707,0.999040961265564,0.75
436466,0.9986159205436707,0.999040961265564,0.75
436566,0.9986159205436707,0.999040961265564,0.75
436666,0.9986159205436707,0.999040961265564,0.75
436766,0.9986159205436707,0.999040961265564,0.75
436866,0.9986159205436707,0.999040961265564,0.75
436966,0.9986159205436707,0.999040961265564,0.75
437066,0.9986159205436707,0.999040961265564,0.75
437166,0.9986159205436707,0.999040961265564,0.75
437266,0.9986159205436707,0.999040961265564,0.75
437366,0.9986159205436707,0.999040961265564,0.75
437466,0.9986159205436707,0.999040961265564,0.75
437566,0.9986159205436707,0.999040961265564,0.75
437666,0.9986159205436707,0.999040961265564,0.75
437766,0.9986159205436707,0.999040961265564,0.75
437866,0.9986159205436707,0.999040961265564,0.75
437966,0.9986159205436707,0.999040961265564,0.75
438066,0.9986159205436707,0.999040961265564,0.75
438166,0.9986159205436707,0.999040961265564,0.75
438266,0.9986159205436707,0.999040961265564,0.75
438366,0.9986159205436707,0.999040961265564,0.75
438466,0.9986159205436707,0.999040961265564,0.75
438566,0.9986159205436707,0.999040961265564,0.75
438666,0.9986159205436707,0.999040961265564,0.75
438766,0.9986159205436707,0.999040961265564,0.75
438866,0.9986159205436707,0.999040961265564,0.75
438966,0.9986159205436707,0.999040961265564,0.75
439066,0.9986159205436707,0.999040961265564,0.75
439166,0.9986159205436707,0.999040961265564,0.75
439266,0.9986159205436707,0.999040961265564,0.75
439366,0.9986159205436707,0.999040961265564,0.75
439466,0.9986159205436707,0.999040961265564,0.75
439566,0.9986159205436707,0.999040961265564,0.75
439666,0.9986159205436707,0.999040961265564,0.75
469766,0.9986159205436707,0.999040961265564,0.76
469866,0.9986159205436707,0.999040961265564,0.76
469966,0.9986159205436707,0.999040961265564,0.76
470066,0.9986159205436707,0.999040961265564,0.76
470166,0.9986159205436707,0.999040961265564,0.76
470266,0.9986159205436707,0.999040961265564,0.76
470366,0.9986159205436707,0.999040961265564,0.76
470466,0.9986159205436707,0.999040961265564,0.76
470566,0.9986159205436707,0.999040961265564,0.76
470666,0.9986159205436707,0.999040961265564,0.76
470766,0.9986159205436707,0.999040961265564,0.76
470866,0.9986159205436707,0.999040961265564,0.76
470966,0.9986159205436707,0.999040961265564,0.76
471066,0.9986159205436707,0.999040961265564,0.76
471166,0.9986159205436707,0.999040961265564,0.76
471266,0.9986159205436707,0.999040961265564,0.76
471366,0.9986159205436707,0.999040961265564,0.76
471466,0.9986159205436707,0.999040961265564,0.76
471566,0.9986159205436707,0.999040961265564,0.76
471666,0.9986159205436707,0.999040961265564,0.76
471766,0.9986159205436707,0.999040961265564,0.76
471866,0.9986159205436707,0.999040961265564,0.76
471966,0.9986159205436707,0.999040961265564,0.76
472066,0.9986159205436707,0.999040961265564,0.76
472166,0.9986159205436707,0.999040961265564,0.76
472266,0.9986159205436707,0.999040961265564,0.76
472366,0.9986159205436707,0.999040961265564,0.76
472466,0.9986159205436707,0.999040961265564,0.76
472566,0.9986159205436707,0.999040961265564,0.76
472666,0.9986159205436707,0.999040961265564,0.76
472766,0.9986159205436707,0.999040961265564,0.76
472866,0.9986159205436707,0.999040961265564,0.76
472966,0.9986159205436707,0.999040961265564,0.76
473066,0.9986159205436707,0.999040961265564,0.76
473166,0.9986159205436707,0.999040961265564,0.76
473266,0.9986159205436707,0.999040961265564,0.76
473366,0.9986159205436707,0.999040961265564,0.76
473466,0.9986159205436707,0.999040961265564,0.76
473566,0.9986159205436707,0.999040961265564,0.76
473666,0.9986159205436707,0.999040961265564,0.76
473766,0.9986159205436707,0.999040961265564,0.76
473866,0.9986159205436707,0.999040961265564,0.76
473966,0.9986159205436707,0.999040961265564,0.76
474066,0.9986159205436707,0.999040961265564,0.76
474166,0.9986159205436707,0.999040961265564,0.76
474266,0.9986159205436707,0.999040961265564,0.76
474366,0.9986159205436707,0.999040961265564,0.76
474466,0.9986159205436707,0.999040961265564,0.76
474566,0.9986159205436707,0.999040961265564,0.76
474666,0.9986159205436707,0.999040961265564,0.76
474766,0.9986159205436707,0.999040961265564,0.76
474866,0.9986159205436707,0.999040961265564,0.76
474966,0.9986159205436707,0.999040961265564,0.76
475066,0.9986159205436707,0.999040961265564,0.76
475166,0.9986159205436707,0.999040961265564,0.76
475266,0.9986159205436707,0.999040961265564,0.76
475366,0.9986159205436707,0.999040961265564,0.76
475466,0.9986159205436707,0.999040961265564,0.76
475566,0.9986159205436707,0.999040961265564,0.76
475666,0.9986159205436707,0.999040961265564,0.76
475766,0.9986159205436707,0.999040961265564,0.76
475866,0.9986159205436707,0.999040961265564,0.76
475966,0.9986159205436707,0.999040961265564,0.76
476066,0.9986159205436707,0.999040961265564,0.76
476166,0.9986159205436707,0.999040961265564,0.76
476266,0.9986159205436707,0.999040961265564,0.76
476366,0.9986159205436707,0.999040961265564,0.76
476466,0.9986159205436707,0.999040961265564,0.76
476566,0.9986159205436707,0.999040961265564,0.76
476666,0.9986159205436707,0.999040961265564,0.76
476766,0.9986159205436707,0.999040961265564,0.76
476866,0.9986159205436707,0.999040961265564,0.76
476966,0.9986159205436707,0.999040961265564,0.76
477066,0.9986159205436707,0.999040961265564,0.76
477166,0.9986159205436707,0.999040961265564,0.76
477266,0.9986159205436707,0.999040961265564,0.76
477366,0.9986159205436707,0.999040961265564,0.76
477466,0.9986159205436707,0.999040961265564,0.76
477566,0.9986159205436707,0.999040961265564,0.76
477666,0.9986159205436707,0.999040961265564,0.76
477766,0.9986159205436707,0.999040961265564,0.76
477866,0.9986159205436707,0.999040961265564,0.76
477966,0.9986159205436707,0.999040961265564,0.76
478066,0.9986159205436707,0.999040961265564,0.76
478166,0.9986159205436707,0.999040961265564,0.76
478266,0.9986159205436707,0.999040961265564,0.76
478366,0.9986159205436707,0.999040961265564,0.76
478466,0.9986159205436707,0.999040961265564,0.76
478566,0.9986159205436707,0.999040961265564,0.76
478666,0.9986159205436707,0.999040961265564,0.76
478766,0.9986159205436707,0.999040961265564,0.76
478866,0.9986159205436707,0.999040961265564,0.76
478966,0.9986159205436707,0.999040961265564,0.76
479066,0.9986159205436707,0.999040961265564,0.76
479166,0.9986159205436707,0.999040961265564,0.76
479266,0.9986159205436707,0.999040961265564,0.76
479366,0.9986159205436707,0.999040961265564,0.76
479466,0.9986159205436707,0.999040961265564,0.76
479566,0.9986159205436707,0.999040961265564,0.76
479666,0.9986159205436707,0.999040961265564,0.76
479766,0.9986159205436707,0.999040961265564,0.76
479866,0.9986159205436707,0.999040961265564,0.76
479966,0.9986159205436707,0.999040961265564,0.76
480066,0.9986159205436707,0.999040961265564,0.76
480166,0.9986159205436707,0.999040961265564,0.76
480266,0.9986159205436707,0.999040961265564,0.76
480366,0.9986159205436707,0.999040961265564,0.76
480466,0.9986159205436707,0.999040961265564,0.76
480566,0.9986159205436707,0.999040961265564,0.76
480666,0.9986159205436707,0.999040961265564,0.76
480766,0.9986159205436707,0.999040961265564,0.76
480866,0.9986159205436707,0.999040961265564,0.76
480966,0.9986159205436707,0.999040961265564,0.76
481066,0.9986159205436707,0.999040961265564,0.76
481166,0.9986159205436707,0.999040961265564,0.76
481266,0.9986159205436707,0.999040961265564,0.76
481366,0.9986159205436707,0.999040961265564,0.76
481466,0.9986159205436707,0.999040961265564,0.76
481566,0.9986159205436707,0.999040961265564,0.76
481666,0.9986159205436707,0.999040961265564,0.76
481766,0.9986159205436707,0.999040961265564,0.76
481866,0.9986159205436707,0.999040961265564,0.76
481966,0.9986159205436707,0.999040961265564,0.76
482066,0.9986159205436707,0.999040961265564,0.76
482166,0.9986159205436707,0.999040961265564,0.76
482266,0.9986159205436707,0.999040961265564,0.76
482366,0.9986159205436707,0.999040961265564,0.76
482466,0.9986159205436707,0.999040961265564,0.76
482566,0.9986159205436707,0.999040961265564,0.76
482666,0.9986159205436707,0.999040961265564,0.76
482766,0.9986159205436707,0.999040961265564,0.76
482866,0.9986159205436707,0.999040961265564,0.76
482966,0.9986159205436707,0.999040961265564,0.76
483066,0.9986159205436707,0.999040961265564,0.76
483166,0.9986159205436707,0.999040961265564,0.76
483266,0.9986159205436707,0.999040961265564,0.76
483366,0.9986159205436707,0.999040961265564,0.76
483466,0.9986159205436707,0.999040961265564,0.76
483566,0.9986159205436707,0.999040961265564,0.76
483666,0.9986159205436707,0.999040961265564,0.76
483766,0.9986159205436707,0.999040961265564,0.76
483866,0.9986159205436707,0.999040961265564,0.76
483966,0.9986159205436707,0.999040961265564,0.76
484066,0.9986159205436707,0.999040961265564,0.76
484166,0.9986159205436707,0.999040961265564,0.76
484266,0.9986159205436707,0.999040961265564,0.76
484366,0.9986159205436707,0.999040961265564,0.76
484466,0.9986159205436707,0.999040961265564,0.76
484566,0.9986159205436707,0.999040961265564,0.76
484666,0.9986159205436707,0.999040961265564,0.76
484766,0.9986159205436707,0.999040961265564,0.76
484866,0.9986159205436707,0.999040961265564,0.76
484966,0.9986159205436707,0.999040961265564,0.76
485066,0.9986159205436707,0.999040961265564,0.76
485166,0.9986159205436707,0.999040961265564,0.76
485266,0.9986159205436707,0.999040961265564,0.76
485366,0.9986159205436707,0.999040961265564,0.76
485466,0.9986159205436707,0.999040961265564,0.76
485566,0.9986159205436707,0.999040961265564,0.76
485666,0.9986159205436707,0.999040961265564,0.76
485766,0.9986159205436707,0.999040961265564,0.76
485866,0.9986159205436707,0.999040961265564,0.76
485966,0.9986159205436707,0.999040961265564,0.76
486066,0.9986159205436707,0.999040961265564,0.76
486166,0.9986159205436707,0.999040961265564,0.76
486266,0.9986159205436707,0.999040961265564,0.76
486366,0.9986159205436707,0.999040961265564,0.76
486466,0.9986159205436707,0.999040961265564,0.76
486566,0.9986159205436707,0.999040961265564,0.76
486666,0.9986159205436707,0.999040961265564,0.76
486766,0.9986159205436707,0.999040961265564,0.76
486866,0.9986159205436707,0.999040961265564,0.76
486966,0.9986159205436707,0.999040961265564,0.76
487066,0.9986159205436707,0.999040961265564,0.76
487166,0.9986159205436707,0.999040961265564,0.76
487266,0.9986159205436707,0.999040961265564,0.76
487366,0.9986159205436707,0.999040961265564,0.76
487466,0.9986159205436707,0.999040961265564,0.76
487566,0.9986159205436707,0.999040961265564,0.76
487666,0.9986159205436707,0.999040961265564,0.76
487766,0.9986159205436707,0.999040961265564,0.76
487866,0.9986159205436707,0.999040961265564,0.76
487966,0.9986159205436707,0.999040961265564,0.76
488066,0.9986159205436707,0.999040961265564,0.76
488166,0.9986159205436707,0.999040961265564,0.76
488266,0.9986159205436707,0.999040961265564,0.76
488366,0.9986159205436707,0.999040961265564,0.76
488466,0.9986159205436707,0.999040961265564,0.76
488566,0.9986159205436707,0.999040961265564,0.76
488666,0.9986159205436707,0.999040961265564,0.76
488766,0.9986159205436707,0.999040961265564,0.76
488866,0.9986159205436707,0.999040961265564,0.76
488966,0.9986159205436707,0.999040961265564,0.76
489066,0.9986159205436707,0.999040961265564,0.76
489166,0.9986159205436707,0.999040961265564,0.76
489266,0.9986159205436707,0.999040961265564,0.76
489366,0.9986159205436707,0.999040961265564,0.76
489466,0.9986159205436707,0.999040961265564,0.76
489566,0.9986159205436707,0.999040961265564,0.76
489666,0.9986159205436707,0.999040961265564,0.76
489766,0.9986159205436707,0.999040961265564,0.76
489866,0.9986159205436707,0.999040961265564,0.76
489966,0.9986159205436707,0.999040961265564,0.76
490066,0.9986159205436707,0.999040961265564,0.76
490166,0.9986159205436707,0.999040961265564,0.76
490266,0.9986159205436707,0.999040961265564,0.76
490366,0.9986159205436707,0.999040961265564,0.76
490466,0.9986159205436707,0.999040961265564,0.76
490566,0.9986159205436707,0.999040961265564,0.76
490666,0.9986159205436707,0.999040961265564,0.76
490766,0.9986159205436707,0.999040961265564,0.76
490866,0.9986159205436707,0.999040961265564,0.76
490966,0.9986159205436707,0.999040961265564,0.76
491066,0.9986159205436707,0.999040961265564,0.76
491166,0.9986159205436707,0.999040961265564,0.76
491266,0.9986159205436707,0.999040961265564,0.76
491366,0.9986159205436707,0.999040961265564,0.76
491466,0.9986159205436707,0.999040961265564,0.76
491566,0.9986159205436707,0.999040961265564,0.76
491666,0.9986159205436707,0.999040961265564,0.76
491766,0.9986159205436707,0.999040961265564,0.76
491866,0.9986159205436707,0.999040961265564,0.76
491966,0.9986159205436707,0.999040961265564,0.76
492066,0.9986159205436707,0.999040961265564,0.76
492166,0.9986159205436707,0.999040961265564,0.76
492266,0.9986159205436707,0.999040961265564,0.76
492366,0.9986159205436707,0.999040961265564,0.76
492466,0.9986159205436707,0.999040961265564,0.76
492566,0.9986159205436707,0.999040961265564,0.76
492666,0.9986159205436707,0.999040961265564,0.76
492766,0.9986159205436707,0.999040961265564,0.76
492866,0.9986159205436707,0.999040961265564,0.76
492966,0.9986159205436707,0.999040961265564,0.76
493066,0.9986159205436707,0.999040961265564,0.76
493166,0.9986159205436707,0.999040961265564,0.76
493266,0.9986159205436707,0.999040961265564,0.76
493366,0.9986159205436707,0.999040961265564,0.76
493466,0.9986159205436707,0.999040961265564,0.76
493566,0.9986159205436707,0.999040961265564,0.76
493666,0.9986159205436707,0.999040961265564,0.76
493766,0.9986159205436707,0.999040961265564,0.76
493866,0.9986159205436707,0.999040961265564,0.76
493966,0.9986159205436707,0.999040961265564,0.76
494066,0.9986159205436707,0.999040961265564,0.76
494166,0.9986159205436707,0.999040961265564,0.76
494266,0.9986159205436707,0.999040961265564,0.76
494366,0.9986159205436707,0.999040961265564,0.76
494466,0.9986159205436707,0.999040961265564,0.76
494566,0.9986159205436707,0.999040961265564,0.76
494666,0.9986159205436707,0.999040961265564,0.76
494766,0.9986159205436707,0.999040961265564,0.76
494866,0.9986159205436707,0.999040961265564,0.76
494966,0.9986159205436707,0.999040961265564,0.76
495066,0.9986159205436707,0.999040961265564,0.76
495166,0.9986159205436707,0.999040961265564,0.76
495266,0.9986159205436707,0.999040961265564,0.76
495366,0.9986159205436707,0.999040961265564,0.76
495466,0.9986159205436707,0.999040961265564,0.76
495566,0.9986159205436707,0.999040961265564,0.76
495666,0.9986159205436707,0.999040961265564,0.76
495766,0.9986159205436707,0.999040961265564,0.76
495866,0.9986159205436707,0.999040961265564,0.76
495966,0.9986159205436707,0.999040961265564,0.76
496066,0.9986159205436707,0.999040961265564,0.76
496166,0.9986159205436707,0.999040961265564,0.76
496266,0.9986159205436707,0.999040961265564,0.76
496366,0.9986159205436707,0.999040961265564,0.76
496466,0.9986159205436707,0.999040961265564,0.76
496566,0.9986159205436707,0.999040961265564,0.76
496666,0.9986159205436707,0.999040961265564,0.76
496766,0.9986159205436707,0.999040961265564,0.76
496866,0.9986159205436707,0.999040961265564,0.76
496966,0.9986159205436707,0.999040961265564,0.76
497066,0.9986159205436707,0.999040961265564,0.76
497166,0.9986159205436707,0.999040961265564,0.76
497266,0.9986159205436707,0.999040961265564,0.76
497366,0.9986159205436707,0.999040961265564,0.76
497466,0.9986159205436707,0.999040961265564,0.76
497566,0.9986159205436707,0.999040961265564,0.76
497666,0.9986159205436707,0.999040961265564,0.76
497766,0.9986159205436707,0.999040961265564,0.76
497866,0.9986159205436707,0.999040961265564,0.76
497966,0.9986159205436707,0.999040961265564,0.76
498066,0.9986159205436707,0.999040961265564,0.76
498166,0.9986159205436707,0.999040961265564,0.76
498266,0.9986159205436707,0.999040961265564,0.76
498366,0.9986159205436707,0.999040961265564,0.76
498466,0.9986159205436707,0.999040961265564,0.76
498566,0.9986159205436707,0.999040961265564,0.76
498666,0.9986159205436707,0.999040961265564,0.76
498766,0.9986159205436707,0.999040961265564,0.76
498866,0.9986159205436707,0.999040961265564,0.76
498966,0.9986159205436707,0.999040961265564,0.76
499066,0.9986159205436707,0.999040961265564,0.76
499166,0.9986159205436707,0.999040961265564,0.76
499266,0.9986159205436707,0.999040961265564,0.76
499366,0.9986159205436707,0.999040961265564,0.76
499466,0.9986159205436707,0.999040961265564,0.76
499566,0.9986159205436707,0.999040961265564,0.76
499666,0.9986159205436707,0.999040961265564,0.76
