evaluation,fitness,test_accuracy,time
0,-0.6930311918258667,1.30
0,-0.6930311918258667,-0.10173121094703674,1.23
100,-0.6930311918258667,-0.10173121094703674,1.23
200,-0.6867799162864685,0.04828488826751709,1.23
300,-0.6867799162864685,0.04828488826751709,1.23
400,-0.6867799162864685,0.04828488826751709,1.23
500,-0.6867799162864685,0.04828488826751709,1.23
600,-0.6867799162864685,0.04828488826751709,1.23
700,-0.6867799162864685,0.04828488826751709,1.23
800,-0.6867799162864685,0.04828488826751709,1.23
900,-0.6867799162864685,0.04828488826751709,1.23
1000,-0.6867799162864685,0.04828488826751709,1.23
1100,-0.6867799162864685,0.04828488826751709,1.23
1200,-0.6867799162864685,0.04828488826751709,1.23
1300,-0.6867799162864685,0.04828488826751709,1.23
1400,-0.6867799162864685,0.04828488826751709,1.23
1500,-0.1152118444442749,-0.37657105922698975,1.23
1600,-0.1152118444442749,-0.37657105922698975,1.23
1700,-0.1152118444442749,-0.37657105922698975,1.23
1800,-0.1152118444442749,-0.37657105922698975,1.23
1900,-0.1152118444442749,-0.37657105922698975,1.23
2000,-0.1152118444442749,-0.37657105922698975,1.23
2100,-0.1152118444442749,-0.37657105922698975,1.23
2200,-0.1152118444442749,-0.37657105922698975,1.23
2300,-0.1152118444442749,-0.37657105922698975,1.23
2400,-0.1152118444442749,-0.37657105922698975,1.23
2500,0.1131247878074646,0.06306326389312744,1.23
2600,0.1131247878074646,0.06306326389312744,1.23
2700,0.1131247878074646,0.06306326389312744,1.23
2800,0.1131247878074646,0.06306326389312744,1.23
2900,0.1131247878074646,0.06306326389312744,1.23
3000,0.1131247878074646,0.06306326389312744,1.23
3100,0.1131247878074646,0.06306326389312744,1.23
3200,0.1131247878074646,0.06306326389312744,1.23
3300,0.1131247878074646,0.06306326389312744,1.23
3400,0.1131247878074646,0.06306326389312744,1.23
3500,0.1657848060131073,0.36358851194381714,1.23
3600,0.1657848060131073,0.36358851194381714,1.23
3700,0.1657848060131073,0.36358851194381714,1.23
3800,0.1657848060131073,0.36358851194381714,1.23
3900,0.1657848060131073,0.36358851194381714,1.23
4000,0.1657848060131073,0.36358851194381714,1.23
4100,0.1657848060131073,0.36358851194381714,1.23
4200,0.1657848060131073,0.36358851194381714,1.23
4300,0.1657848060131073,0.36358851194381714,1.23
4400,0.1657848060131073,0.36358851194381714,1.23
4500,0.442225843667984,0.5358067750930786,1.23
4600,0.442225843667984,0.5358067750930786,1.23
4700,0.442225843667984,0.5358067750930786,1.23
4800,0.442225843667984,0.5358067750930786,1.23
4900,0.442225843667984,0.5358067750930786,1.23
5000,0.442225843667984,0.5358067750930786,1.23
5100,0.442225843667984,0.5358067750930786,1.23
5200,0.442225843667984,-35.074012756347656,0.75
5300,0.442225843667984,-35.074012756347656,0.75
5400,0.442225843667984,-35.074012756347656,0.75
5500,0.442225843667984,-35.074012756347656,0.75
5600,0.442225843667984,-35.074012756347656,0.75
5700,0.442225843667984,-35.074012756347656,0.75
5800,0.442225843667984,-35.074012756347656,0.75
5900,0.442225843667984,-35.074012756347656,0.75
6000,0.442225843667984,-35.074012756347656,0.75
6100,0.442225843667984,-35.074012756347656,0.75
6200,0.442225843667984,-35.074012756347656,0.75
6300,0.442225843667984,-35.074012756347656,0.75
6400,0.442225843667984,-35.074012756347656,0.75
6500,0.442225843667984,-35.074012756347656,0.75
6600,0.442225843667984,-35.074012756347656,0.75
6700,0.442225843667984,-35.074012756347656,0.75
6800,0.442225843667984,-35.074012756347656,0.75
6900,0.442225843667984,-35.074012756347656,0.75
7000,0.442225843667984,-35.074012756347656,0.75
7100,0.442225843667984,-35.074012756347656,0.75
7200,0.442225843667984,-35.074012756347656,0.75
7300,0.442225843667984,-35.074012756347656,0.75
7400,0.442225843667984,-35.074012756347656,0.75
7500,0.442225843667984,-35.074012756347656,0.75
7600,0.442225843667984,-35.074012756347656,0.75
7700,0.442225843667984,-35.074012756347656,0.75
7800,0.442225843667984,-35.074012756347656,0.75
7900,0.442225843667984,-35.074012756347656,0.75
8000,0.442225843667984,-35.074012756347656,0.75
8100,0.442225843667984,-35.074012756347656,0.75
8200,0.442225843667984,-35.074012756347656,0.75
8300,0.442225843667984,-35.074012756347656,0.75
8400,0.442225843667984,-35.074012756347656,0.75
8500,0.442225843667984,-35.074012756347656,0.75
8600,0.442225843667984,-35.074012756347656,0.75
8700,0.442225843667984,-35.074012756347656,0.75
8800,0.442225843667984,-35.074012756347656,0.75
8900,0.442225843667984,-35.074012756347656,0.75
9000,0.442225843667984,-35.074012756347656,0.75
9100,0.442225843667984,-35.074012756347656,0.75
9200,0.442225843667984,-35.074012756347656,0.75
9300,0.442225843667984,-35.074012756347656,0.75
9400,0.442225843667984,-35.074012756347656,0.75
9500,0.442225843667984,-35.074012756347656,0.75
9600,0.442225843667984,-35.074012756347656,0.75
9700,0.442225843667984,-35.074012756347656,0.75
9800,0.442225843667984,-35.074012756347656,0.75
9900,0.442225843667984,-35.074012756347656,0.75
10000,0.442225843667984,-35.074012756347656,0.75
10100,0.442225843667984,-35.074012756347656,0.75
10200,0.442225843667984,-35.074012756347656,0.75
10300,0.442225843667984,-35.074012756347656,0.75
10400,0.442225843667984,-35.074012756347656,0.74
10500,0.442225843667984,-35.074012756347656,0.74
10600,0.442225843667984,-35.074012756347656,0.74
10700,0.442225843667984,-35.074012756347656,0.74
10800,0.442225843667984,-35.074012756347656,0.74
10900,0.442225843667984,-35.074012756347656,0.74
11000,0.442225843667984,-35.074012756347656,0.74
11100,0.442225843667984,-35.074012756347656,0.74
11200,0.442225843667984,-35.074012756347656,0.74
11300,0.442225843667984,-35.074012756347656,0.74
11400,0.442225843667984,-35.074012756347656,0.74
11500,0.442225843667984,-35.074012756347656,0.74
11600,0.442225843667984,-35.074012756347656,0.74
11700,0.442225843667984,-35.074012756347656,0.74
11800,0.442225843667984,-35.074012756347656,0.74
11900,0.442225843667984,-35.074012756347656,0.74
12000,0.442225843667984,-35.074012756347656,0.74
12100,0.442225843667984,-35.074012756347656,0.74
12200,0.442225843667984,-35.074012756347656,0.74
12300,0.442225843667984,-35.074012756347656,0.74
12400,0.442225843667984,-35.074012756347656,0.74
12500,0.442225843667984,-35.074012756347656,0.74
12600,0.442225843667984,-35.074012756347656,0.74
12700,0.442225843667984,-35.074012756347656,0.74
12800,0.442225843667984,-35.074012756347656,0.74
12900,0.442225843667984,-35.074012756347656,0.74
13000,0.442225843667984,-35.074012756347656,0.74
13100,0.442225843667984,-35.074012756347656,0.74
13200,0.442225843667984,-35.074012756347656,0.74
13300,0.442225843667984,-35.074012756347656,0.74
13400,0.442225843667984,-35.074012756347656,0.74
13500,0.442225843667984,-35.074012756347656,0.74
13600,0.442225843667984,-35.074012756347656,0.74
13700,0.442225843667984,-35.074012756347656,0.74
13800,0.442225843667984,-35.074012756347656,0.74
13900,0.442225843667984,-35.074012756347656,0.74
14000,0.442225843667984,-35.074012756347656,0.74
14100,0.442225843667984,-35.074012756347656,0.74
14200,0.442225843667984,-35.074012756347656,0.74
14300,0.442225843667984,-35.074012756347656,0.74
14400,0.442225843667984,-35.074012756347656,0.74
14500,0.442225843667984,-35.074012756347656,0.74
14600,0.442225843667984,-35.074012756347656,0.74
14700,0.442225843667984,-35.074012756347656,0.74
14800,0.442225843667984,-35.074012756347656,0.74
14900,0.442225843667984,-35.074012756347656,0.74
15000,0.442225843667984,-35.074012756347656,0.74
15100,0.442225843667984,-35.074012756347656,0.74
15200,0.442225843667984,-35.074012756347656,0.74
15300,0.442225843667984,-35.074012756347656,0.74
15400,0.442225843667984,-35.074012756347656,0.74
15500,0.442225843667984,-35.074012756347656,0.74
15600,0.442225843667984,-35.074012756347656,0.75
15700,0.442225843667984,-35.074012756347656,0.75
15800,0.442225843667984,-35.074012756347656,0.75
15900,0.442225843667984,-35.074012756347656,0.75
16000,0.442225843667984,-35.074012756347656,0.75
16100,0.442225843667984,-35.074012756347656,0.75
16200,0.442225843667984,-35.074012756347656,0.75
16300,0.442225843667984,-35.074012756347656,0.75
16400,0.442225843667984,-35.074012756347656,0.75
16500,0.442225843667984,-35.074012756347656,0.75
16600,0.442225843667984,-35.074012756347656,0.75
16700,0.442225843667984,-35.074012756347656,0.75
16800,0.442225843667984,-35.074012756347656,0.75
16900,0.442225843667984,-35.074012756347656,0.75
17000,0.442225843667984,-35.074012756347656,0.75
17100,0.442225843667984,-35.074012756347656,0.75
17200,0.442225843667984,-35.074012756347656,0.75
17300,0.442225843667984,-35.074012756347656,0.75
17400,0.442225843667984,-35.074012756347656,0.75
17500,0.442225843667984,-35.074012756347656,0.75
17600,0.442225843667984,-35.074012756347656,0.75
17700,0.442225843667984,-35.074012756347656,0.75
17800,0.442225843667984,-35.074012756347656,0.75
17900,0.442225843667984,-35.074012756347656,0.75
18000,0.442225843667984,-35.074012756347656,0.75
18100,0.442225843667984,-35.074012756347656,0.75
18200,0.442225843667984,-35.074012756347656,0.75
18300,0.442225843667984,-35.074012756347656,0.75
18400,0.442225843667984,-35.074012756347656,0.75
18500,0.442225843667984,-35.074012756347656,0.75
18600,0.442225843667984,-35.074012756347656,0.75
18700,0.442225843667984,-35.074012756347656,0.75
18800,0.442225843667984,-35.074012756347656,0.75
18900,0.442225843667984,-35.074012756347656,0.75
19000,0.442225843667984,-35.074012756347656,0.75
19100,0.442225843667984,-35.074012756347656,0.75
19200,0.442225843667984,-35.074012756347656,0.75
19300,0.442225843667984,-35.074012756347656,0.75
19400,0.442225843667984,-35.074012756347656,0.75
19500,0.442225843667984,-35.074012756347656,0.75
19600,0.442225843667984,-35.074012756347656,0.75
19700,0.442225843667984,-35.074012756347656,0.75
19800,0.442225843667984,-35.074012756347656,0.75
19900,0.442225843667984,-35.074012756347656,0.75
20000,0.442225843667984,-35.074012756347656,0.75
20100,0.442225843667984,-35.074012756347656,0.75
20200,0.442225843667984,-35.074012756347656,0.75
20300,0.442225843667984,-35.074012756347656,0.75
20400,0.442225843667984,-35.074012756347656,0.75
20500,0.442225843667984,-35.074012756347656,0.75
20600,0.442225843667984,-35.074012756347656,0.75
20700,0.442225843667984,-35.074012756347656,0.75
20800,0.442225843667984,-35.074012756347656,0.74
20900,0.442225843667984,-35.074012756347656,0.74
21000,0.442225843667984,-35.074012756347656,0.74
21100,0.442225843667984,-35.074012756347656,0.74
21200,0.442225843667984,-35.074012756347656,0.74
21300,0.442225843667984,-35.074012756347656,0.74
21400,0.442225843667984,-35.074012756347656,0.74
21500,0.442225843667984,-35.074012756347656,0.74
21600,0.442225843667984,-35.074012756347656,0.74
21700,0.442225843667984,-35.074012756347656,0.74
21800,0.442225843667984,-35.074012756347656,0.74
21900,0.442225843667984,-35.074012756347656,0.74
22000,0.442225843667984,-35.074012756347656,0.74
22100,0.442225843667984,-35.074012756347656,0.74
22200,0.442225843667984,-35.074012756347656,0.74
22300,0.442225843667984,-35.074012756347656,0.74
22400,0.442225843667984,-35.074012756347656,0.74
22500,0.442225843667984,-35.074012756347656,0.74
22600,0.442225843667984,-35.074012756347656,0.74
22700,0.442225843667984,-35.074012756347656,0.74
22800,0.442225843667984,-35.074012756347656,0.74
22900,0.442225843667984,-35.074012756347656,0.74
23000,0.442225843667984,-35.074012756347656,0.74
23100,0.442225843667984,-35.074012756347656,0.74
23200,0.442225843667984,-35.074012756347656,0.74
23300,0.442225843667984,-35.074012756347656,0.74
23400,0.442225843667984,-35.074012756347656,0.74
23500,0.442225843667984,-35.074012756347656,0.74
23600,0.442225843667984,-35.074012756347656,0.74
23700,0.442225843667984,-35.074012756347656,0.74
23800,0.442225843667984,-35.074012756347656,0.74
23900,0.442225843667984,-35.074012756347656,0.74
24000,0.442225843667984,-35.074012756347656,0.74
24100,0.442225843667984,-35.074012756347656,0.74
24200,0.442225843667984,-35.074012756347656,0.74
24300,0.442225843667984,-35.074012756347656,0.74
24400,0.442225843667984,-35.074012756347656,0.74
24500,0.442225843667984,-35.074012756347656,0.74
24600,0.442225843667984,-35.074012756347656,0.74
24700,0.442225843667984,-35.074012756347656,0.74
24800,0.442225843667984,-35.074012756347656,0.74
24900,0.442225843667984,-35.074012756347656,0.74
25000,0.442225843667984,-35.074012756347656,0.74
25100,0.442225843667984,-35.074012756347656,0.74
25200,0.442225843667984,-35.074012756347656,0.74
25300,0.442225843667984,-35.074012756347656,0.74
25400,0.442225843667984,-35.074012756347656,0.74
25500,0.442225843667984,-35.074012756347656,0.74
25600,0.442225843667984,-35.074012756347656,0.74
25700,0.442225843667984,-35.074012756347656,0.74
25800,0.442225843667984,-35.074012756347656,0.74
25900,0.442225843667984,-35.074012756347656,0.74
26000,0.442225843667984,-35.074012756347656,0.74
26100,0.442225843667984,-35.074012756347656,0.74
26200,0.442225843667984,-35.074012756347656,0.74
26300,0.442225843667984,-35.074012756347656,0.74
26400,0.442225843667984,-35.074012756347656,0.74
26500,0.442225843667984,-35.074012756347656,0.74
26600,0.442225843667984,-35.074012756347656,0.74
26700,0.442225843667984,-35.074012756347656,0.74
26800,0.442225843667984,-35.074012756347656,0.74
26900,0.442225843667984,-35.074012756347656,0.74
27000,0.442225843667984,-35.074012756347656,0.74
27100,0.442225843667984,-35.074012756347656,0.74
27200,0.442225843667984,-35.074012756347656,0.74
27300,0.442225843667984,-35.074012756347656,0.74
27400,0.442225843667984,-35.074012756347656,0.74
27500,0.442225843667984,-35.074012756347656,0.74
27600,0.442225843667984,-35.074012756347656,0.74
27700,0.442225843667984,-35.074012756347656,0.74
27800,0.442225843667984,-35.074012756347656,0.74
27900,0.442225843667984,-35.074012756347656,0.74
28000,0.442225843667984,-35.074012756347656,0.74
28100,0.442225843667984,-35.074012756347656,0.74
28200,0.442225843667984,-35.074012756347656,0.74
28300,0.442225843667984,-35.074012756347656,0.74
28400,0.442225843667984,-35.074012756347656,0.74
28500,0.442225843667984,-35.074012756347656,0.74
28600,0.442225843667984,-35.074012756347656,0.74
28700,0.442225843667984,-35.074012756347656,0.74
28800,0.442225843667984,-35.074012756347656,0.74
28900,0.442225843667984,-35.074012756347656,0.74
29000,0.442225843667984,-35.074012756347656,0.74
29100,0.442225843667984,-35.074012756347656,0.74
29200,0.442225843667984,-35.074012756347656,0.74
29300,0.442225843667984,-35.074012756347656,0.74
29400,0.442225843667984,-35.074012756347656,0.74
29500,0.442225843667984,-35.074012756347656,0.74
29600,0.442225843667984,-35.074012756347656,0.74
29700,0.442225843667984,-35.074012756347656,0.74
29800,0.442225843667984,-35.074012756347656,0.74
29900,0.442225843667984,-35.074012756347656,0.74
30000,0.442225843667984,-35.074012756347656,0.74
30100,0.442225843667984,-35.074012756347656,0.74
30200,0.442225843667984,-35.074012756347656,0.74
30300,0.442225843667984,-35.074012756347656,0.74
30400,0.442225843667984,-35.074012756347656,0.74
30500,0.442225843667984,-35.074012756347656,0.74
30600,0.442225843667984,-35.074012756347656,0.74
30700,0.442225843667984,-35.074012756347656,0.74
30800,0.442225843667984,-35.074012756347656,0.74
30900,0.442225843667984,-35.074012756347656,0.74
31000,0.442225843667984,-35.074012756347656,0.74
31100,0.6755465865135193,0.79854416847229,0.74
31200,0.6755465865135193,-17.54421043395996,0.74
31300,0.6755465865135193,-17.54421043395996,0.74
31400,0.6755465865135193,-17.54421043395996,0.74
31500,0.6755465865135193,-17.54421043395996,0.74
31600,0.6755465865135193,-17.54421043395996,0.74
31700,0.6755465865135193,-17.54421043395996,0.74
31800,0.6755465865135193,-17.54421043395996,0.74
31900,0.6755465865135193,-17.54421043395996,0.74
32000,0.6755465865135193,-17.54421043395996,0.74
32100,0.6755465865135193,-17.54421043395996,0.74
32200,0.6755465865135193,-17.54421043395996,0.74
32300,0.6755465865135193,-17.54421043395996,0.74
32400,0.6755465865135193,-17.54421043395996,0.74
32500,0.6755465865135193,-17.54421043395996,0.74
32600,0.6755465865135193,-17.54421043395996,0.74
32700,0.6755465865135193,-17.54421043395996,0.74
32800,0.6755465865135193,-17.54421043395996,0.74
32900,0.6755465865135193,-17.54421043395996,0.74
33000,0.6755465865135193,-17.54421043395996,0.74
33100,0.6755465865135193,-17.54421043395996,0.74
33200,0.6755465865135193,-17.54421043395996,0.74
33300,0.6755465865135193,-17.54421043395996,0.74
33400,0.6755465865135193,-17.54421043395996,0.74
33500,0.6755465865135193,-17.54421043395996,0.74
33600,0.6755465865135193,-17.54421043395996,0.74
33700,0.6755465865135193,-17.54421043395996,0.74
33800,0.6755465865135193,-17.54421043395996,0.74
33900,0.6755465865135193,-17.54421043395996,0.74
34000,0.6755465865135193,-17.54421043395996,0.74
34100,0.6755465865135193,-17.54421043395996,0.74
34200,0.6755465865135193,-17.54421043395996,0.74
34300,0.6755465865135193,-17.54421043395996,0.74
34400,0.6755465865135193,-17.54421043395996,0.74
34500,0.6755465865135193,-17.54421043395996,0.74
34600,0.6755465865135193,-17.54421043395996,0.74
34700,0.6755465865135193,-17.54421043395996,0.74
34800,0.6755465865135193,-17.54421043395996,0.74
34900,0.6755465865135193,-17.54421043395996,0.74
35000,0.6755465865135193,-17.54421043395996,0.74
35100,0.6755465865135193,-17.54421043395996,0.74
35200,0.6755465865135193,-17.54421043395996,0.74
35300,0.6755465865135193,-17.54421043395996,0.74
35400,0.6755465865135193,-17.54421043395996,0.74
35500,0.6755465865135193,-17.54421043395996,0.74
35600,0.6755465865135193,-17.54421043395996,0.74
35700,0.6755465865135193,-17.54421043395996,0.74
35800,0.6755465865135193,-17.54421043395996,0.74
35900,0.6755465865135193,-17.54421043395996,0.74
36000,0.6755465865135193,-17.54421043395996,0.74
36100,0.6755465865135193,-17.54421043395996,0.74
36200,0.6755465865135193,-17.54421043395996,0.74
36300,0.6755465865135193,-17.54421043395996,0.74
36400,0.6755465865135193,-17.54421043395996,0.74
36500,0.6755465865135193,-17.54421043395996,0.74
36600,0.6755465865135193,-17.54421043395996,0.74
36700,0.6755465865135193,-17.54421043395996,0.74
36800,0.6755465865135193,-17.54421043395996,0.74
36900,0.6755465865135193,-17.54421043395996,0.74
37000,0.6755465865135193,-17.54421043395996,0.74
37100,0.6755465865135193,-17.54421043395996,0.74
37200,0.6755465865135193,-17.54421043395996,0.74
37300,0.6755465865135193,-17.54421043395996,0.74
37400,0.6755465865135193,-17.54421043395996,0.74
37500,0.6755465865135193,-17.54421043395996,0.74
37600,0.6755465865135193,-17.54421043395996,0.74
37700,0.6755465865135193,-17.54421043395996,0.74
37800,0.6755465865135193,-17.54421043395996,0.74
37900,0.6755465865135193,-17.54421043395996,0.74
38000,0.6755465865135193,-17.54421043395996,0.74
38100,0.6755465865135193,-17.54421043395996,0.74
38200,0.6755465865135193,-17.54421043395996,0.74
38300,0.6755465865135193,-17.54421043395996,0.74
38400,0.6755465865135193,-17.54421043395996,0.74
38500,0.6755465865135193,-17.54421043395996,0.74
38600,0.6755465865135193,-17.54421043395996,0.74
38700,0.6755465865135193,-17.54421043395996,0.74
38800,0.6755465865135193,-17.54421043395996,0.74
38900,0.6755465865135193,-17.54421043395996,0.74
39000,0.6755465865135193,-17.54421043395996,0.74
39100,0.6755465865135193,-17.54421043395996,0.74
39200,0.6755465865135193,-17.54421043395996,0.74
39300,0.6755465865135193,-17.54421043395996,0.74
39400,0.6755465865135193,-17.54421043395996,0.74
39500,0.6755465865135193,-17.54421043395996,0.74
39600,0.6755465865135193,-17.54421043395996,0.74
39700,0.6755465865135193,-17.54421043395996,0.74
39800,0.6755465865135193,-17.54421043395996,0.74
39900,0.6755465865135193,-17.54421043395996,0.74
40000,0.6755465865135193,-17.54421043395996,0.74
40100,0.6755465865135193,-17.54421043395996,0.74
40200,0.6755465865135193,-17.54421043395996,0.74
40300,0.6755465865135193,-17.54421043395996,0.74
40400,0.6755465865135193,-17.54421043395996,0.74
40500,0.6755465865135193,-17.54421043395996,0.74
40600,0.6755465865135193,-17.54421043395996,0.74
40700,0.6755465865135193,-17.54421043395996,0.74
40800,0.6755465865135193,-17.54421043395996,0.74
40900,0.6755465865135193,-17.54421043395996,0.74
41000,0.6755465865135193,-17.54421043395996,0.74
41100,0.6755465865135193,-17.54421043395996,0.74
41200,0.6755465865135193,-17.54421043395996,0.74
41300,0.6755465865135193,-17.54421043395996,0.74
41400,0.6755465865135193,-17.54421043395996,0.74
41500,0.6755465865135193,-17.54421043395996,0.74
41600,0.6755465865135193,-17.54421043395996,0.76
41700,0.6755465865135193,-17.54421043395996,0.76
41800,0.6755465865135193,-17.54421043395996,0.76
41900,0.6755465865135193,-17.54421043395996,0.76
42000,0.6755465865135193,-17.54421043395996,0.76
42100,0.6755465865135193,-17.54421043395996,0.76
42200,0.6755465865135193,-17.54421043395996,0.76
42300,0.6755465865135193,-17.54421043395996,0.76
42400,0.6755465865135193,-17.54421043395996,0.76
42500,0.6755465865135193,-17.54421043395996,0.76
42600,0.6755465865135193,-17.54421043395996,0.76
42700,0.6755465865135193,-17.54421043395996,0.76
42800,0.6755465865135193,-17.54421043395996,0.76
42900,0.6755465865135193,-17.54421043395996,0.76
43000,0.6755465865135193,-17.54421043395996,0.76
43100,0.6755465865135193,-17.54421043395996,0.76
43200,0.6755465865135193,-17.54421043395996,0.76
43300,0.6755465865135193,-17.54421043395996,0.76
43400,0.6755465865135193,-17.54421043395996,0.76
43500,0.6755465865135193,-17.54421043395996,0.76
43600,0.6755465865135193,-17.54421043395996,0.76
43700,0.6755465865135193,-17.54421043395996,0.76
43800,0.6755465865135193,-17.54421043395996,0.76
43900,0.6755465865135193,-17.54421043395996,0.76
44000,0.6755465865135193,-17.54421043395996,0.76
44100,0.6755465865135193,-17.54421043395996,0.76
44200,0.6755465865135193,-17.54421043395996,0.76
44300,0.6755465865135193,-17.54421043395996,0.76
44400,0.6755465865135193,-17.54421043395996,0.76
44500,0.6755465865135193,-17.54421043395996,0.76
44600,0.6755465865135193,-17.54421043395996,0.76
44700,0.6755465865135193,-17.54421043395996,0.76
44800,0.6755465865135193,-17.54421043395996,0.76
44900,0.6755465865135193,-17.54421043395996,0.76
45000,0.6755465865135193,-17.54421043395996,0.76
45100,0.6755465865135193,-17.54421043395996,0.76
45200,0.6755465865135193,-17.54421043395996,0.76
45300,0.6755465865135193,-17.54421043395996,0.76
45400,0.6755465865135193,-17.54421043395996,0.76
45500,0.6755465865135193,-17.54421043395996,0.76
45600,0.6755465865135193,-17.54421043395996,0.76
45700,0.6755465865135193,-17.54421043395996,0.76
45800,0.6755465865135193,-17.54421043395996,0.76
45900,0.6755465865135193,-17.54421043395996,0.76
46000,0.6755465865135193,-17.54421043395996,0.76
46100,0.6755465865135193,-17.54421043395996,0.76
46200,0.6755465865135193,-17.54421043395996,0.76
46300,0.6755465865135193,-17.54421043395996,0.76
46400,0.6755465865135193,-17.54421043395996,0.76
46500,0.6755465865135193,-17.54421043395996,0.76
46600,0.6755465865135193,-17.54421043395996,0.76
46700,0.6755465865135193,-17.54421043395996,0.76
46800,0.6755465865135193,-17.54421043395996,0.76
46900,0.6755465865135193,-17.54421043395996,0.76
47000,0.6755465865135193,-17.54421043395996,0.76
47100,0.6755465865135193,-17.54421043395996,0.76
47200,0.6755465865135193,-17.54421043395996,0.76
47300,0.6755465865135193,-17.54421043395996,0.76
47400,0.6755465865135193,-17.54421043395996,0.76
47500,0.6755465865135193,-17.54421043395996,0.76
47600,0.6755465865135193,-17.54421043395996,0.76
47700,0.6755465865135193,-17.54421043395996,0.76
47800,0.6755465865135193,-17.54421043395996,0.76
47900,0.6755465865135193,-17.54421043395996,0.76
48000,0.6755465865135193,-17.54421043395996,0.76
48100,0.6755465865135193,-17.54421043395996,0.76
48200,0.6755465865135193,-17.54421043395996,0.76
48300,0.6755465865135193,-17.54421043395996,0.76
48400,0.6755465865135193,-17.54421043395996,0.76
48500,0.6755465865135193,-17.54421043395996,0.76
48600,0.6755465865135193,-17.54421043395996,0.76
48700,0.6755465865135193,-17.54421043395996,0.76
48800,0.6755465865135193,-17.54421043395996,0.76
48900,0.6755465865135193,-17.54421043395996,0.76
49000,0.6755465865135193,-17.54421043395996,0.76
49100,0.6755465865135193,-17.54421043395996,0.76
49200,0.6755465865135193,-17.54421043395996,0.76
49300,0.6755465865135193,-17.54421043395996,0.76
49400,0.6755465865135193,-17.54421043395996,0.76
49500,0.6755465865135193,-17.54421043395996,0.76
49600,0.6755465865135193,-17.54421043395996,0.76
49700,0.6755465865135193,-17.54421043395996,0.76
49800,0.6755465865135193,-17.54421043395996,0.76
49900,0.6755465865135193,-17.54421043395996,0.76
50000,0.6755465865135193,-17.54421043395996,0.76
50100,0.6755465865135193,-17.54421043395996,0.76
50200,0.6755465865135193,-17.54421043395996,0.76
50300,0.6755465865135193,-17.54421043395996,0.76
50400,0.6755465865135193,-17.54421043395996,0.76
50500,0.6755465865135193,-17.54421043395996,0.76
50600,0.6755465865135193,-17.54421043395996,0.76
50700,0.6755465865135193,-17.54421043395996,0.76
50800,0.6755465865135193,-17.54421043395996,0.76
50900,0.6755465865135193,-17.54421043395996,0.76
51000,0.6755465865135193,-17.54421043395996,0.76
51100,0.6755465865135193,-17.54421043395996,0.76
51200,0.6755465865135193,-17.54421043395996,0.76
51300,0.6755465865135193,-17.54421043395996,0.76
51400,0.6755465865135193,-17.54421043395996,0.76
51500,0.6755465865135193,-17.54421043395996,0.76
51600,0.6755465865135193,-17.54421043395996,0.76
51700,0.6755465865135193,-17.54421043395996,0.76
51800,0.6755465865135193,-17.54421043395996,0.76
51900,0.6755465865135193,-17.54421043395996,0.76
52000,0.6755465865135193,-17.54421043395996,0.75
52100,0.6755465865135193,-17.54421043395996,0.75
52200,0.6755465865135193,-17.54421043395996,0.75
52300,0.6755465865135193,-17.54421043395996,0.75
52400,0.6755465865135193,-17.54421043395996,0.75
52500,0.6755465865135193,-17.54421043395996,0.75
52600,0.6755465865135193,-17.54421043395996,0.75
52700,0.6755465865135193,-17.54421043395996,0.75
52800,0.6755465865135193,-17.54421043395996,0.75
52900,0.6755465865135193,-17.54421043395996,0.75
53000,0.6755465865135193,-17.54421043395996,0.75
53100,0.6755465865135193,-17.54421043395996,0.75
53200,0.6755465865135193,-17.54421043395996,0.75
53300,0.6755465865135193,-17.54421043395996,0.75
53400,0.6755465865135193,-17.54421043395996,0.75
53500,0.6755465865135193,-17.54421043395996,0.75
53600,0.6755465865135193,-17.54421043395996,0.75
53700,0.6755465865135193,-17.54421043395996,0.75
53800,0.6755465865135193,-17.54421043395996,0.75
53900,0.6755465865135193,-17.54421043395996,0.75
54000,0.6755465865135193,-17.54421043395996,0.75
54100,0.6755465865135193,-17.54421043395996,0.75
54200,0.6755465865135193,-17.54421043395996,0.75
54300,0.6755465865135193,-17.54421043395996,0.75
54400,0.6755465865135193,-17.54421043395996,0.75
54500,0.6755465865135193,-17.54421043395996,0.75
54600,0.6755465865135193,-17.54421043395996,0.75
54700,0.6755465865135193,-17.54421043395996,0.75
54800,0.6755465865135193,-17.54421043395996,0.75
54900,0.6755465865135193,-17.54421043395996,0.75
55000,0.6755465865135193,-17.54421043395996,0.75
55100,0.6755465865135193,-17.54421043395996,0.75
55200,0.6755465865135193,-17.54421043395996,0.75
55300,0.6755465865135193,-17.54421043395996,0.75
55400,0.6755465865135193,-17.54421043395996,0.75
55500,0.6755465865135193,-17.54421043395996,0.75
55600,0.6755465865135193,-17.54421043395996,0.75
55700,0.6755465865135193,-17.54421043395996,0.75
55800,0.6755465865135193,-17.54421043395996,0.75
55900,0.6755465865135193,-17.54421043395996,0.75
56000,0.6755465865135193,-17.54421043395996,0.75
56100,0.6755465865135193,-17.54421043395996,0.75
56200,0.6755465865135193,-17.54421043395996,0.75
56300,0.6755465865135193,-17.54421043395996,0.75
56400,0.6755465865135193,-17.54421043395996,0.75
56500,0.6755465865135193,-17.54421043395996,0.75
56600,0.6755465865135193,-17.54421043395996,0.75
56700,0.6755465865135193,-17.54421043395996,0.75
56800,0.6755465865135193,-17.54421043395996,0.75
56900,0.6755465865135193,-17.54421043395996,0.75
57000,0.6755465865135193,-17.54421043395996,0.75
57100,0.6755465865135193,-17.54421043395996,0.75
57200,0.6755465865135193,-17.54421043395996,0.77
57300,0.6755465865135193,-17.54421043395996,0.77
57400,0.6755465865135193,-17.54421043395996,0.77
57500,0.6755465865135193,-17.54421043395996,0.77
57600,0.6755465865135193,-17.54421043395996,0.77
57700,0.6755465865135193,-17.54421043395996,0.77
57800,0.6755465865135193,-17.54421043395996,0.77
57900,0.6755465865135193,-17.54421043395996,0.77
58000,0.6755465865135193,-17.54421043395996,0.77
58100,0.6755465865135193,-17.54421043395996,0.77
58200,0.6755465865135193,-17.54421043395996,0.77
58300,0.6755465865135193,-17.54421043395996,0.77
58400,0.6755465865135193,-17.54421043395996,0.77
58500,0.6755465865135193,-17.54421043395996,0.77
58600,0.6755465865135193,-17.54421043395996,0.77
58700,0.6755465865135193,-17.54421043395996,0.77
58800,0.6755465865135193,-17.54421043395996,0.77
58900,0.6755465865135193,-17.54421043395996,0.77
59000,0.6755465865135193,-17.54421043395996,0.77
59100,0.6755465865135193,-17.54421043395996,0.77
59200,0.6755465865135193,-17.54421043395996,0.77
59300,0.6755465865135193,-17.54421043395996,0.77
59400,0.6755465865135193,-17.54421043395996,0.77
59500,0.6755465865135193,-17.54421043395996,0.77
59600,0.6755465865135193,-17.54421043395996,0.77
59700,0.6755465865135193,-17.54421043395996,0.77
59800,0.6755465865135193,-17.54421043395996,0.77
59900,0.6755465865135193,-17.54421043395996,0.77
60000,0.6755465865135193,-17.54421043395996,0.77
60100,0.6755465865135193,-17.54421043395996,0.77
60200,0.6755465865135193,-17.54421043395996,0.77
60300,0.6755465865135193,-17.54421043395996,0.77
60400,0.6755465865135193,-17.54421043395996,0.77
60500,0.6755465865135193,-17.54421043395996,0.77
60600,0.6755465865135193,-17.54421043395996,0.77
60700,0.6755465865135193,-17.54421043395996,0.77
60800,0.6755465865135193,-17.54421043395996,0.77
60900,0.6755465865135193,-17.54421043395996,0.77
61000,0.6755465865135193,-17.54421043395996,0.77
61100,0.6755465865135193,-17.54421043395996,0.77
61200,0.6755465865135193,-17.54421043395996,0.77
61300,0.6755465865135193,-17.54421043395996,0.77
61400,0.6755465865135193,-17.54421043395996,0.77
61500,0.6755465865135193,-17.54421043395996,0.77
61600,0.6755465865135193,-17.54421043395996,0.77
61700,0.6755465865135193,-17.54421043395996,0.77
61800,0.6755465865135193,-17.54421043395996,0.77
61900,0.6755465865135193,-17.54421043395996,0.77
62000,0.6755465865135193,-17.54421043395996,0.77
62100,0.6755465865135193,-17.54421043395996,0.77
62200,0.6755465865135193,-17.54421043395996,0.77
62300,0.6755465865135193,-17.54421043395996,0.77
62400,0.6755465865135193,-17.54421043395996,0.76
62500,0.6755465865135193,-17.54421043395996,0.76
62600,0.6755465865135193,-17.54421043395996,0.76
62700,0.6755465865135193,-17.54421043395996,0.76
62800,0.6755465865135193,-17.54421043395996,0.76
62900,0.6755465865135193,-17.54421043395996,0.76
63000,0.6755465865135193,-17.54421043395996,0.76
63100,0.6755465865135193,-17.54421043395996,0.76
63200,0.6755465865135193,-17.54421043395996,0.76
63300,0.6755465865135193,-17.54421043395996,0.76
63400,0.6755465865135193,-17.54421043395996,0.76
63500,0.6755465865135193,-17.54421043395996,0.76
63600,0.6755465865135193,-17.54421043395996,0.76
63700,0.6755465865135193,-17.54421043395996,0.76
63800,0.6755465865135193,-17.54421043395996,0.76
63900,0.6755465865135193,-17.54421043395996,0.76
64000,0.6755465865135193,-17.54421043395996,0.76
64100,0.6755465865135193,-17.54421043395996,0.76
64200,0.6755465865135193,-17.54421043395996,0.76
64300,0.6755465865135193,-17.54421043395996,0.76
64400,0.6755465865135193,-17.54421043395996,0.76
64500,0.6755465865135193,-17.54421043395996,0.76
64600,0.6755465865135193,-17.54421043395996,0.76
64700,0.6755465865135193,-17.54421043395996,0.76
64800,0.6755465865135193,-17.54421043395996,0.76
64900,0.6755465865135193,-17.54421043395996,0.76
65000,0.6755465865135193,-17.54421043395996,0.76
65100,0.6755465865135193,-17.54421043395996,0.76
65200,0.6755465865135193,-17.54421043395996,0.76
65300,0.6755465865135193,-17.54421043395996,0.76
65400,0.6755465865135193,-17.54421043395996,0.76
65500,0.6755465865135193,-17.54421043395996,0.76
65600,0.6755465865135193,-17.54421043395996,0.76
65700,0.6755465865135193,-17.54421043395996,0.76
65800,0.6755465865135193,-17.54421043395996,0.76
65900,0.6755465865135193,-17.54421043395996,0.76
66000,0.6755465865135193,-17.54421043395996,0.76
66100,0.6755465865135193,-17.54421043395996,0.76
66200,0.6755465865135193,-17.54421043395996,0.76
66300,0.6755465865135193,-17.54421043395996,0.76
66400,0.6755465865135193,-17.54421043395996,0.76
66500,0.6755465865135193,-17.54421043395996,0.76
66600,0.6755465865135193,-17.54421043395996,0.76
66700,0.6755465865135193,-17.54421043395996,0.76
66800,0.6755465865135193,-17.54421043395996,0.76
66900,0.6755465865135193,-17.54421043395996,0.76
67000,0.6755465865135193,-17.54421043395996,0.76
67100,0.6755465865135193,-17.54421043395996,0.76
67200,0.6755465865135193,-17.54421043395996,0.76
67300,0.6755465865135193,-17.54421043395996,0.76
67400,0.6755465865135193,-17.54421043395996,0.76
67500,0.6755465865135193,-17.54421043395996,0.76
67600,0.6755465865135193,-17.54421043395996,0.74
67700,0.6755465865135193,-17.54421043395996,0.74
67800,0.6755465865135193,-17.54421043395996,0.74
67900,0.6755465865135193,-17.54421043395996,0.74
68000,0.6755465865135193,-17.54421043395996,0.74
68100,0.6755465865135193,-17.54421043395996,0.74
68200,0.6755465865135193,-17.54421043395996,0.74
68300,0.6755465865135193,-17.54421043395996,0.74
68400,0.6755465865135193,-17.54421043395996,0.74
68500,0.6755465865135193,-17.54421043395996,0.74
68600,0.6755465865135193,-17.54421043395996,0.74
68700,0.6755465865135193,-17.54421043395996,0.74
68800,0.6755465865135193,-17.54421043395996,0.74
68900,0.6755465865135193,-17.54421043395996,0.74
69000,0.6755465865135193,-17.54421043395996,0.74
69100,0.6755465865135193,-17.54421043395996,0.74
69200,0.6755465865135193,-17.54421043395996,0.74
69300,0.6755465865135193,-17.54421043395996,0.74
69400,0.6755465865135193,-17.54421043395996,0.74
69500,0.6755465865135193,-17.54421043395996,0.74
69600,0.6755465865135193,-17.54421043395996,0.74
69700,0.6755465865135193,-17.54421043395996,0.74
69800,0.6755465865135193,-17.54421043395996,0.74
69900,0.6755465865135193,-17.54421043395996,0.74
70000,0.6755465865135193,-17.54421043395996,0.74
70100,0.6755465865135193,-17.54421043395996,0.74
70200,0.6755465865135193,-17.54421043395996,0.74
70300,0.6755465865135193,-17.54421043395996,0.74
70400,0.6755465865135193,-17.54421043395996,0.74
70500,0.6755465865135193,-17.54421043395996,0.74
70600,0.6755465865135193,-17.54421043395996,0.74
70700,0.6755465865135193,-17.54421043395996,0.74
70800,0.6755465865135193,-17.54421043395996,0.74
70900,0.6755465865135193,-17.54421043395996,0.74
71000,0.6755465865135193,-17.54421043395996,0.74
71100,0.6755465865135193,-17.54421043395996,0.74
71200,0.6755465865135193,-17.54421043395996,0.74
71300,0.6755465865135193,-17.54421043395996,0.74
71400,0.6755465865135193,-17.54421043395996,0.74
71500,0.6755465865135193,-17.54421043395996,0.74
71600,0.6755465865135193,-17.54421043395996,0.74
71700,0.6755465865135193,-17.54421043395996,0.74
71800,0.6755465865135193,-17.54421043395996,0.74
71900,0.6755465865135193,-17.54421043395996,0.74
72000,0.6755465865135193,-17.54421043395996,0.74
72100,0.6755465865135193,-17.54421043395996,0.74
72200,0.6755465865135193,-17.54421043395996,0.74
72300,0.6755465865135193,-17.54421043395996,0.74
72400,0.6755465865135193,-17.54421043395996,0.74
72500,0.6755465865135193,-17.54421043395996,0.74
72600,0.6755465865135193,-17.54421043395996,0.74
72700,0.6755465865135193,-17.54421043395996,0.74
72800,0.6755465865135193,-17.54421043395996,0.75
72900,0.6755465865135193,-17.54421043395996,0.75
73000,0.6755465865135193,-17.54421043395996,0.75
73100,0.6755465865135193,-17.54421043395996,0.75
73200,0.6755465865135193,-17.54421043395996,0.75
73300,0.6755465865135193,-17.54421043395996,0.75
73400,0.6755465865135193,-17.54421043395996,0.75
73500,0.6755465865135193,-17.54421043395996,0.75
73600,0.6755465865135193,-17.54421043395996,0.75
73700,0.6755465865135193,-17.54421043395996,0.75
73800,0.6755465865135193,-17.54421043395996,0.75
73900,0.6755465865135193,-17.54421043395996,0.75
74000,0.6755465865135193,-17.54421043395996,0.75
74100,0.6755465865135193,-17.54421043395996,0.75
74200,0.6755465865135193,-17.54421043395996,0.75
74300,0.6755465865135193,-17.54421043395996,0.75
74400,0.6755465865135193,-17.54421043395996,0.75
74500,0.6755465865135193,-17.54421043395996,0.75
74600,0.6755465865135193,-17.54421043395996,0.75
74700,0.6755465865135193,-17.54421043395996,0.75
74800,0.6755465865135193,-17.54421043395996,0.75
74900,0.6755465865135193,-17.54421043395996,0.75
75000,0.6755465865135193,-17.54421043395996,0.75
75100,0.6755465865135193,-17.54421043395996,0.75
75200,0.6755465865135193,-17.54421043395996,0.75
75300,0.6755465865135193,-17.54421043395996,0.75
75400,0.6755465865135193,-17.54421043395996,0.75
75500,0.6755465865135193,-17.54421043395996,0.75
75600,0.6755465865135193,-17.54421043395996,0.75
75700,0.6755465865135193,-17.54421043395996,0.75
75800,0.6755465865135193,-17.54421043395996,0.75
75900,0.6755465865135193,-17.54421043395996,0.75
76000,0.6755465865135193,-17.54421043395996,0.75
76100,0.6755465865135193,-17.54421043395996,0.75
76200,0.6755465865135193,-17.54421043395996,0.75
76300,0.6755465865135193,-17.54421043395996,0.75
76400,0.6755465865135193,-17.54421043395996,0.75
76500,0.6755465865135193,-17.54421043395996,0.75
76600,0.6755465865135193,-17.54421043395996,0.75
76700,0.6755465865135193,-17.54421043395996,0.75
76800,0.6755465865135193,-17.54421043395996,0.75
76900,0.6755465865135193,-17.54421043395996,0.75
77000,0.6755465865135193,-17.54421043395996,0.75
77100,0.6755465865135193,-17.54421043395996,0.75
77200,0.6755465865135193,-17.54421043395996,0.75
77300,0.6755465865135193,-17.54421043395996,0.75
77400,0.6755465865135193,-17.54421043395996,0.75
77500,0.6755465865135193,-17.54421043395996,0.75
77600,0.6755465865135193,-17.54421043395996,0.75
77700,0.6755465865135193,-17.54421043395996,0.75
77800,0.6755465865135193,-17.54421043395996,0.75
77900,0.6755465865135193,-17.54421043395996,0.75
78000,0.6755465865135193,-17.54421043395996,0.74
78100,0.6755465865135193,-17.54421043395996,0.74
78200,0.6755465865135193,-17.54421043395996,0.74
78300,0.6755465865135193,-17.54421043395996,0.74
78400,0.6755465865135193,-17.54421043395996,0.74
78500,0.6755465865135193,-17.54421043395996,0.74
78600,0.6755465865135193,-17.54421043395996,0.74
78700,0.6755465865135193,-17.54421043395996,0.74
78800,0.6755465865135193,-17.54421043395996,0.74
78900,0.6755465865135193,-17.54421043395996,0.74
79000,0.6755465865135193,-17.54421043395996,0.74
79100,0.6755465865135193,-17.54421043395996,0.74
79200,0.6755465865135193,-17.54421043395996,0.74
79300,0.6755465865135193,-17.54421043395996,0.74
79400,0.6755465865135193,-17.54421043395996,0.74
79500,0.6755465865135193,-17.54421043395996,0.74
79600,0.6755465865135193,-17.54421043395996,0.74
79700,0.6755465865135193,-17.54421043395996,0.74
79800,0.6755465865135193,-17.54421043395996,0.74
79900,0.6755465865135193,-17.54421043395996,0.74
80000,0.6755465865135193,-17.54421043395996,0.74
80100,0.6755465865135193,-17.54421043395996,0.74
80200,0.6755465865135193,-17.54421043395996,0.74
80300,0.6755465865135193,-17.54421043395996,0.74
80400,0.6755465865135193,-17.54421043395996,0.74
80500,0.6755465865135193,-17.54421043395996,0.74
80600,0.6755465865135193,-17.54421043395996,0.74
80700,0.6755465865135193,-17.54421043395996,0.74
80800,0.6755465865135193,-17.54421043395996,0.74
80900,0.6755465865135193,-17.54421043395996,0.74
81000,0.6755465865135193,-17.54421043395996,0.74
81100,0.6755465865135193,-17.54421043395996,0.74
81200,0.6755465865135193,-17.54421043395996,0.74
81300,0.6755465865135193,-17.54421043395996,0.74
81400,0.6755465865135193,-17.54421043395996,0.74
81500,0.6755465865135193,-17.54421043395996,0.74
81600,0.6755465865135193,-17.54421043395996,0.74
81700,0.6755465865135193,-17.54421043395996,0.74
81800,0.6755465865135193,-17.54421043395996,0.74
81900,0.6755465865135193,-17.54421043395996,0.74
82000,0.6755465865135193,-17.54421043395996,0.74
82100,0.6755465865135193,-17.54421043395996,0.74
82200,0.6755465865135193,-17.54421043395996,0.74
82300,0.6755465865135193,-17.54421043395996,0.74
82400,0.6755465865135193,-17.54421043395996,0.74
82500,0.6755465865135193,-17.54421043395996,0.74
82600,0.6755465865135193,-17.54421043395996,0.74
82700,0.6755465865135193,-17.54421043395996,0.74
82800,0.6755465865135193,-17.54421043395996,0.74
82900,0.6755465865135193,-17.54421043395996,0.74
83000,0.6755465865135193,-17.54421043395996,0.74
83100,0.6755465865135193,-17.54421043395996,0.74
83200,0.6755465865135193,-17.54421043395996,0.74
83300,0.6755465865135193,-17.54421043395996,0.74
83400,0.6755465865135193,-17.54421043395996,0.74
83500,0.6755465865135193,-17.54421043395996,0.74
83600,0.6755465865135193,-17.54421043395996,0.74
83700,0.6755465865135193,-17.54421043395996,0.74
83800,0.6755465865135193,-17.54421043395996,0.74
83900,0.6755465865135193,-17.54421043395996,0.74
84000,0.6755465865135193,-17.54421043395996,0.74
84100,0.6755465865135193,-17.54421043395996,0.74
84200,0.6755465865135193,-17.54421043395996,0.74
84300,0.6755465865135193,-17.54421043395996,0.74
84400,0.6755465865135193,-17.54421043395996,0.74
84500,0.6755465865135193,-17.54421043395996,0.74
84600,0.6755465865135193,-17.54421043395996,0.74
84700,0.6755465865135193,-17.54421043395996,0.74
84800,0.6755465865135193,-17.54421043395996,0.74
84900,0.6755465865135193,-17.54421043395996,0.74
85000,0.6755465865135193,-17.54421043395996,0.74
85100,0.6755465865135193,-17.54421043395996,0.74
85200,0.6755465865135193,-17.54421043395996,0.74
85300,0.6755465865135193,-17.54421043395996,0.74
85400,0.6755465865135193,-17.54421043395996,0.74
85500,0.6755465865135193,-17.54421043395996,0.74
85600,0.6755465865135193,-17.54421043395996,0.74
85700,0.6755465865135193,-17.54421043395996,0.74
85800,0.6755465865135193,-17.54421043395996,0.74
85900,0.6755465865135193,-17.54421043395996,0.74
86000,0.6755465865135193,-17.54421043395996,0.74
86100,0.6755465865135193,-17.54421043395996,0.74
86200,0.6755465865135193,-17.54421043395996,0.74
86300,0.6755465865135193,-17.54421043395996,0.74
86400,0.6755465865135193,-17.54421043395996,0.74
86500,0.6755465865135193,-17.54421043395996,0.74
86600,0.6755465865135193,-17.54421043395996,0.74
86700,0.6755465865135193,-17.54421043395996,0.74
86800,0.6755465865135193,-17.54421043395996,0.74
86900,0.6755465865135193,-17.54421043395996,0.74
87000,0.6755465865135193,-17.54421043395996,0.74
87100,0.6755465865135193,-17.54421043395996,0.74
87200,0.6755465865135193,-17.54421043395996,0.74
87300,0.6755465865135193,-17.54421043395996,0.74
87400,0.6755465865135193,-17.54421043395996,0.74
87500,0.6755465865135193,-17.54421043395996,0.74
87600,0.6755465865135193,-17.54421043395996,0.74
87700,0.6755465865135193,-17.54421043395996,0.74
87800,0.6755465865135193,-17.54421043395996,0.74
87900,0.6755465865135193,-17.54421043395996,0.74
88000,0.6755465865135193,-17.54421043395996,0.74
88100,0.6755465865135193,-17.54421043395996,0.74
88200,0.6755465865135193,-17.54421043395996,0.74
88300,0.6755465865135193,-17.54421043395996,0.74
88400,0.6755465865135193,-17.54421043395996,0.74
88500,0.6755465865135193,-17.54421043395996,0.74
88600,0.6755465865135193,-17.54421043395996,0.74
88700,0.6755465865135193,-17.54421043395996,0.74
88800,0.6755465865135193,-17.54421043395996,0.74
88900,0.6755465865135193,-17.54421043395996,0.74
89000,0.6755465865135193,-17.54421043395996,0.74
89100,0.6755465865135193,-17.54421043395996,0.74
89200,0.6755465865135193,-17.54421043395996,0.74
89300,0.6755465865135193,-17.54421043395996,0.74
89400,0.6755465865135193,-17.54421043395996,0.74
89500,0.6755465865135193,-17.54421043395996,0.74
89600,0.6755465865135193,-17.54421043395996,0.74
89700,0.6755465865135193,-17.54421043395996,0.74
89800,0.6755465865135193,-17.54421043395996,0.74
89900,0.6755465865135193,-17.54421043395996,0.74
90000,0.6755465865135193,-17.54421043395996,0.74
90100,0.6755465865135193,-17.54421043395996,0.74
90200,0.6755465865135193,-17.54421043395996,0.74
90300,0.6755465865135193,-17.54421043395996,0.74
90400,0.6755465865135193,-17.54421043395996,0.74
90500,0.6755465865135193,-17.54421043395996,0.74
90600,0.6755465865135193,-17.54421043395996,0.74
90700,0.6755465865135193,-17.54421043395996,0.74
90800,0.6755465865135193,-17.54421043395996,0.74
90900,0.6755465865135193,-17.54421043395996,0.74
91000,0.6755465865135193,-17.54421043395996,0.74
91100,0.6755465865135193,-17.54421043395996,0.74
91200,0.6755465865135193,-17.54421043395996,0.74
91300,0.6755465865135193,-17.54421043395996,0.74
91400,0.6755465865135193,-17.54421043395996,0.74
91500,0.6755465865135193,-17.54421043395996,0.74
91600,0.6755465865135193,-17.54421043395996,0.74
91700,0.6755465865135193,-17.54421043395996,0.74
91800,0.6755465865135193,-17.54421043395996,0.74
91900,0.6755465865135193,-17.54421043395996,0.74
92000,0.6755465865135193,-17.54421043395996,0.74
92100,0.6755465865135193,-17.54421043395996,0.74
92200,0.6755465865135193,-17.54421043395996,0.74
92300,0.6755465865135193,-17.54421043395996,0.74
92400,0.6755465865135193,-17.54421043395996,0.74
92500,0.6755465865135193,-17.54421043395996,0.74
92600,0.6755465865135193,-17.54421043395996,0.74
92700,0.6755465865135193,-17.54421043395996,0.74
92800,0.6755465865135193,-17.54421043395996,0.74
92900,0.6755465865135193,-17.54421043395996,0.74
93000,0.6755465865135193,-17.54421043395996,0.74
93100,0.6755465865135193,-17.54421043395996,0.74
93200,0.6755465865135193,-17.54421043395996,0.74
93300,0.6755465865135193,-17.54421043395996,0.74
93400,0.6755465865135193,-17.54421043395996,0.74
93500,0.6755465865135193,-17.54421043395996,0.74
93600,0.6755465865135193,-17.54421043395996,0.74
93700,0.6755465865135193,-17.54421043395996,0.74
93800,0.6755465865135193,-17.54421043395996,0.74
93900,0.6755465865135193,-17.54421043395996,0.74
94000,0.6755465865135193,-17.54421043395996,0.74
94100,0.6755465865135193,-17.54421043395996,0.74
94200,0.6755465865135193,-17.54421043395996,0.74
94300,0.6755465865135193,-17.54421043395996,0.74
94400,0.6755465865135193,-17.54421043395996,0.74
94500,0.6755465865135193,-17.54421043395996,0.74
94600,0.6755465865135193,-17.54421043395996,0.74
94700,0.6755465865135193,-17.54421043395996,0.74
94800,0.6755465865135193,-17.54421043395996,0.74
94900,0.6755465865135193,-17.54421043395996,0.74
95000,0.6755465865135193,-17.54421043395996,0.74
95100,0.6755465865135193,-17.54421043395996,0.74
95200,0.6755465865135193,-17.54421043395996,0.74
95300,0.6755465865135193,-17.54421043395996,0.74
95400,0.6755465865135193,-17.54421043395996,0.74
95500,0.6755465865135193,-17.54421043395996,0.74
95600,0.6755465865135193,-17.54421043395996,0.74
95700,0.6755465865135193,-17.54421043395996,0.74
95800,0.6755465865135193,-17.54421043395996,0.74
95900,0.6755465865135193,-17.54421043395996,0.74
96000,0.6755465865135193,-17.54421043395996,0.74
96100,0.6755465865135193,-17.54421043395996,0.74
96200,0.6755465865135193,-17.54421043395996,0.74
96300,0.6755465865135193,-17.54421043395996,0.74
96400,0.6755465865135193,-17.54421043395996,0.74
96500,0.6755465865135193,-17.54421043395996,0.74
96600,0.6755465865135193,-17.54421043395996,0.74
96700,0.6755465865135193,-17.54421043395996,0.74
96800,0.6755465865135193,-17.54421043395996,0.74
96900,0.6755465865135193,-17.54421043395996,0.74
97000,0.6755465865135193,-17.54421043395996,0.74
97100,0.6755465865135193,-17.54421043395996,0.74
97200,0.6755465865135193,-17.54421043395996,0.74
97300,0.6755465865135193,-17.54421043395996,0.74
97400,0.6755465865135193,-17.54421043395996,0.74
97500,0.6755465865135193,-17.54421043395996,0.74
97600,0.6755465865135193,-17.54421043395996,0.74
97700,0.6755465865135193,-17.54421043395996,0.74
97800,0.6755465865135193,-17.54421043395996,0.74
97900,0.6755465865135193,-17.54421043395996,0.74
98000,0.6755465865135193,-17.54421043395996,0.74
98100,0.6755465865135193,-17.54421043395996,0.74
98200,0.6755465865135193,-17.54421043395996,0.74
98300,0.6755465865135193,-17.54421043395996,0.74
98400,0.6755465865135193,-17.54421043395996,0.74
98500,0.6755465865135193,-17.54421043395996,0.74
98600,0.6755465865135193,-17.54421043395996,0.74
98700,0.6755465865135193,-17.54421043395996,0.74
98800,0.6755465865135193,-17.54421043395996,0.76
98900,0.6755465865135193,-17.54421043395996,0.76
99000,0.6755465865135193,-17.54421043395996,0.76
99100,0.6755465865135193,-17.54421043395996,0.76
99200,0.6755465865135193,-17.54421043395996,0.76
99300,0.6755465865135193,-17.54421043395996,0.76
99400,0.6755465865135193,-17.54421043395996,0.76
99500,0.6755465865135193,-17.54421043395996,0.76
99600,0.6755465865135193,-17.54421043395996,0.76
99700,0.6755465865135193,-17.54421043395996,0.76
99800,0.6755465865135193,-17.54421043395996,0.76
99900,0.6755465865135193,-17.54421043395996,0.76
100000,0.6755465865135193,-17.54421043395996,0.76
100100,0.6755465865135193,-17.54421043395996,0.76
100200,0.6755465865135193,-17.54421043395996,0.76
100300,0.6755465865135193,-17.54421043395996,0.76
100400,0.6755465865135193,-17.54421043395996,0.76
100500,0.6755465865135193,-17.54421043395996,0.76
100600,0.6755465865135193,-17.54421043395996,0.76
100700,0.6755465865135193,-17.54421043395996,0.76
100800,0.6755465865135193,-17.54421043395996,0.76
100900,0.6755465865135193,-17.54421043395996,0.76
101000,0.6755465865135193,-17.54421043395996,0.76
101100,0.6755465865135193,-17.54421043395996,0.76
101200,0.6755465865135193,-17.54421043395996,0.76
101300,0.6755465865135193,-17.54421043395996,0.76
101400,0.6755465865135193,-17.54421043395996,0.76
101500,0.6755465865135193,-17.54421043395996,0.76
101600,0.6755465865135193,-17.54421043395996,0.76
101700,0.6755465865135193,-17.54421043395996,0.76
101800,0.6755465865135193,-17.54421043395996,0.76
101900,0.6755465865135193,-17.54421043395996,0.76
102000,0.6755465865135193,-17.54421043395996,0.76
102100,0.6755465865135193,-17.54421043395996,0.76
102200,0.6755465865135193,-17.54421043395996,0.76
102300,0.6755465865135193,-17.54421043395996,0.76
102400,0.6755465865135193,-17.54421043395996,0.76
102500,0.6755465865135193,-17.54421043395996,0.76
102600,0.6755465865135193,-17.54421043395996,0.76
102700,0.6755465865135193,-17.54421043395996,0.76
102800,0.6755465865135193,-17.54421043395996,0.76
102900,0.6755465865135193,-17.54421043395996,0.76
103000,0.6755465865135193,-17.54421043395996,0.76
103100,0.6755465865135193,-17.54421043395996,0.76
103200,0.6755465865135193,-17.54421043395996,0.76
103300,0.6755465865135193,-17.54421043395996,0.76
103400,0.6755465865135193,-17.54421043395996,0.76
103500,0.6755465865135193,-17.54421043395996,0.76
103600,0.6755465865135193,-17.54421043395996,0.76
103700,0.6755465865135193,-17.54421043395996,0.76
103800,0.6755465865135193,-17.54421043395996,0.76
103900,0.6755465865135193,-17.54421043395996,0.76
104000,0.6755465865135193,-17.54421043395996,0.74
104100,0.6755465865135193,-17.54421043395996,0.74
104200,0.6755465865135193,-17.54421043395996,0.74
104300,0.6755465865135193,-17.54421043395996,0.74
104400,0.6755465865135193,-17.54421043395996,0.74
104500,0.6755465865135193,-17.54421043395996,0.74
104600,0.6755465865135193,-17.54421043395996,0.74
104700,0.6755465865135193,-17.54421043395996,0.74
104800,0.6755465865135193,-17.54421043395996,0.74
104900,0.6755465865135193,-17.54421043395996,0.74
105000,0.6755465865135193,-17.54421043395996,0.74
105100,0.6755465865135193,-17.54421043395996,0.74
105200,0.6755465865135193,-17.54421043395996,0.74
105300,0.6755465865135193,-17.54421043395996,0.74
105400,0.6755465865135193,-17.54421043395996,0.74
105500,0.6755465865135193,-17.54421043395996,0.74
105600,0.6755465865135193,-17.54421043395996,0.74
105700,0.6755465865135193,-17.54421043395996,0.74
105800,0.6755465865135193,-17.54421043395996,0.74
105900,0.6755465865135193,-17.54421043395996,0.74
106000,0.6755465865135193,-17.54421043395996,0.74
106100,0.6755465865135193,-17.54421043395996,0.74
106200,0.6755465865135193,-17.54421043395996,0.74
106300,0.6755465865135193,-17.54421043395996,0.74
106400,0.6755465865135193,-17.54421043395996,0.74
106500,0.6755465865135193,-17.54421043395996,0.74
106600,0.6755465865135193,-17.54421043395996,0.74
106700,0.6755465865135193,-17.54421043395996,0.74
106800,0.6755465865135193,-17.54421043395996,0.74
106900,0.6755465865135193,-17.54421043395996,0.74
107000,0.6755465865135193,-17.54421043395996,0.74
107100,0.6755465865135193,-17.54421043395996,0.74
107200,0.6755465865135193,-17.54421043395996,0.74
107300,0.6755465865135193,-17.54421043395996,0.74
107400,0.6755465865135193,-17.54421043395996,0.74
107500,0.6755465865135193,-17.54421043395996,0.74
107600,0.6755465865135193,-17.54421043395996,0.74
107700,0.6755465865135193,-17.54421043395996,0.74
107800,0.6755465865135193,-17.54421043395996,0.74
107900,0.6755465865135193,-17.54421043395996,0.74
108000,0.6755465865135193,-17.54421043395996,0.74
108100,0.6755465865135193,-17.54421043395996,0.74
108200,0.6755465865135193,-17.54421043395996,0.74
108300,0.6755465865135193,-17.54421043395996,0.74
108400,0.6755465865135193,-17.54421043395996,0.74
108500,0.6755465865135193,-17.54421043395996,0.74
108600,0.6755465865135193,-17.54421043395996,0.74
108700,0.6755465865135193,-17.54421043395996,0.74
108800,0.6755465865135193,-17.54421043395996,0.74
108900,0.6755465865135193,-17.54421043395996,0.74
109000,0.6755465865135193,-17.54421043395996,0.74
109100,0.6755465865135193,-17.54421043395996,0.74
109200,0.6755465865135193,-17.54421043395996,0.76
109300,0.6755465865135193,-17.54421043395996,0.76
109400,0.6755465865135193,-17.54421043395996,0.76
109500,0.6755465865135193,-17.54421043395996,0.76
109600,0.6755465865135193,-17.54421043395996,0.76
109700,0.6755465865135193,-17.54421043395996,0.76
109800,0.6755465865135193,-17.54421043395996,0.76
109900,0.6755465865135193,-17.54421043395996,0.76
110000,0.6755465865135193,-17.54421043395996,0.76
110100,0.6755465865135193,-17.54421043395996,0.76
110200,0.6755465865135193,-17.54421043395996,0.76
110300,0.6755465865135193,-17.54421043395996,0.76
110400,0.6755465865135193,-17.54421043395996,0.76
110500,0.6755465865135193,-17.54421043395996,0.76
110600,0.6755465865135193,-17.54421043395996,0.76
110700,0.6755465865135193,-17.54421043395996,0.76
110800,0.6755465865135193,-17.54421043395996,0.76
110900,0.6755465865135193,-17.54421043395996,0.76
111000,0.6755465865135193,-17.54421043395996,0.76
111100,0.6755465865135193,-17.54421043395996,0.76
111200,0.6755465865135193,-17.54421043395996,0.76
111300,0.6755465865135193,-17.54421043395996,0.76
111400,0.6755465865135193,-17.54421043395996,0.76
111500,0.6755465865135193,-17.54421043395996,0.76
111600,0.6755465865135193,-17.54421043395996,0.76
111700,0.6755465865135193,-17.54421043395996,0.76
111800,0.6755465865135193,-17.54421043395996,0.76
111900,0.6755465865135193,-17.54421043395996,0.76
112000,0.6755465865135193,-17.54421043395996,0.76
112100,0.6755465865135193,-17.54421043395996,0.76
112200,0.6755465865135193,-17.54421043395996,0.76
112300,0.6755465865135193,-17.54421043395996,0.76
112400,0.6755465865135193,-17.54421043395996,0.76
112500,0.6755465865135193,-17.54421043395996,0.76
112600,0.6755465865135193,-17.54421043395996,0.76
112700,0.6755465865135193,-17.54421043395996,0.76
112800,0.6755465865135193,-17.54421043395996,0.76
112900,0.6755465865135193,-17.54421043395996,0.76
113000,0.6755465865135193,-17.54421043395996,0.76
113100,0.6755465865135193,-17.54421043395996,0.76
113200,0.6755465865135193,-17.54421043395996,0.76
113300,0.6755465865135193,-17.54421043395996,0.76
113400,0.6755465865135193,-17.54421043395996,0.76
113500,0.6755465865135193,-17.54421043395996,0.76
113600,0.6755465865135193,-17.54421043395996,0.76
113700,0.6755465865135193,-17.54421043395996,0.76
113800,0.6755465865135193,-17.54421043395996,0.76
113900,0.6755465865135193,-17.54421043395996,0.76
114000,0.6755465865135193,-17.54421043395996,0.76
114100,0.6755465865135193,-17.54421043395996,0.76
114200,0.6755465865135193,-17.54421043395996,0.76
114300,0.6755465865135193,-17.54421043395996,0.76
114400,0.6755465865135193,-17.54421043395996,0.75
114500,0.6755465865135193,-17.54421043395996,0.75
114600,0.6755465865135193,-17.54421043395996,0.75
114700,0.6755465865135193,-17.54421043395996,0.75
114800,0.6755465865135193,-17.54421043395996,0.75
114900,0.6755465865135193,-17.54421043395996,0.75
115000,0.6755465865135193,-17.54421043395996,0.75
115100,0.6755465865135193,-17.54421043395996,0.75
115200,0.6755465865135193,-17.54421043395996,0.75
115300,0.6755465865135193,-17.54421043395996,0.75
115400,0.6755465865135193,-17.54421043395996,0.75
115500,0.6755465865135193,-17.54421043395996,0.75
115600,0.6755465865135193,-17.54421043395996,0.75
115700,0.6755465865135193,-17.54421043395996,0.75
115800,0.6755465865135193,-17.54421043395996,0.75
115900,0.6755465865135193,-17.54421043395996,0.75
116000,0.6755465865135193,-17.54421043395996,0.75
116100,0.6755465865135193,-17.54421043395996,0.75
116200,0.6755465865135193,-17.54421043395996,0.75
116300,0.6755465865135193,-17.54421043395996,0.75
116400,0.6755465865135193,-17.54421043395996,0.75
116500,0.6755465865135193,-17.54421043395996,0.75
116600,0.6755465865135193,-17.54421043395996,0.75
116700,0.6755465865135193,-17.54421043395996,0.75
116800,0.6755465865135193,-17.54421043395996,0.75
116900,0.6755465865135193,-17.54421043395996,0.75
117000,0.6755465865135193,-17.54421043395996,0.75
117100,0.6755465865135193,-17.54421043395996,0.75
117200,0.6755465865135193,-17.54421043395996,0.75
117300,0.6755465865135193,-17.54421043395996,0.75
117400,0.6755465865135193,-17.54421043395996,0.75
117500,0.6755465865135193,-17.54421043395996,0.75
117600,0.6755465865135193,-17.54421043395996,0.75
117700,0.6755465865135193,-17.54421043395996,0.75
117800,0.6755465865135193,-17.54421043395996,0.75
117900,0.6755465865135193,-17.54421043395996,0.75
118000,0.6755465865135193,-17.54421043395996,0.75
118100,0.6755465865135193,-17.54421043395996,0.75
118200,0.6755465865135193,-17.54421043395996,0.75
118300,0.6755465865135193,-17.54421043395996,0.75
118400,0.6755465865135193,-17.54421043395996,0.75
118500,0.6755465865135193,-17.54421043395996,0.75
118600,0.6755465865135193,-17.54421043395996,0.75
118700,0.6755465865135193,-17.54421043395996,0.75
118800,0.6755465865135193,-17.54421043395996,0.75
118900,0.6755465865135193,-17.54421043395996,0.75
119000,0.6755465865135193,-17.54421043395996,0.75
119100,0.6755465865135193,-17.54421043395996,0.75
119200,0.6755465865135193,-17.54421043395996,0.75
119300,0.6755465865135193,-17.54421043395996,0.75
119400,0.6755465865135193,-17.54421043395996,0.75
119500,0.6755465865135193,-17.54421043395996,0.75
119600,0.6755465865135193,-17.54421043395996,0.76
119700,0.6755465865135193,-17.54421043395996,0.76
119800,0.6755465865135193,-17.54421043395996,0.76
119900,0.6755465865135193,-17.54421043395996,0.76
120000,0.6755465865135193,-17.54421043395996,0.76
120100,0.6755465865135193,-17.54421043395996,0.76
120200,0.6755465865135193,-17.54421043395996,0.76
120300,0.6755465865135193,-17.54421043395996,0.76
120400,0.6755465865135193,-17.54421043395996,0.76
120500,0.6755465865135193,-17.54421043395996,0.76
120600,0.6755465865135193,-17.54421043395996,0.76
120700,0.6755465865135193,-17.54421043395996,0.76
120800,0.6755465865135193,-17.54421043395996,0.76
120900,0.6755465865135193,-17.54421043395996,0.76
121000,0.6755465865135193,-17.54421043395996,0.76
121100,0.6755465865135193,-17.54421043395996,0.76
121200,0.6755465865135193,-17.54421043395996,0.76
121300,0.6755465865135193,-17.54421043395996,0.76
121400,0.6755465865135193,-17.54421043395996,0.76
121500,0.6755465865135193,-17.54421043395996,0.76
121600,0.6755465865135193,-17.54421043395996,0.76
121700,0.6755465865135193,-17.54421043395996,0.76
121800,0.6755465865135193,-17.54421043395996,0.76
121900,0.6755465865135193,-17.54421043395996,0.76
122000,0.6755465865135193,-17.54421043395996,0.76
122100,0.6755465865135193,-17.54421043395996,0.76
122200,0.6755465865135193,-17.54421043395996,0.76
122300,0.6755465865135193,-17.54421043395996,0.76
122400,0.6755465865135193,-17.54421043395996,0.76
122500,0.6755465865135193,-17.54421043395996,0.76
122600,0.6755465865135193,-17.54421043395996,0.76
122700,0.6755465865135193,-17.54421043395996,0.76
122800,0.6755465865135193,-17.54421043395996,0.76
122900,0.6755465865135193,-17.54421043395996,0.76
123000,0.6755465865135193,-17.54421043395996,0.76
123100,0.6755465865135193,-17.54421043395996,0.76
123200,0.6755465865135193,-17.54421043395996,0.76
123300,0.6755465865135193,-17.54421043395996,0.76
123400,0.6755465865135193,-17.54421043395996,0.76
123500,0.6755465865135193,-17.54421043395996,0.76
123600,0.6755465865135193,-17.54421043395996,0.76
123700,0.6755465865135193,-17.54421043395996,0.76
123800,0.6755465865135193,-17.54421043395996,0.76
123900,0.6755465865135193,-17.54421043395996,0.76
124000,0.6755465865135193,-17.54421043395996,0.76
124100,0.6755465865135193,-17.54421043395996,0.76
124200,0.6755465865135193,-17.54421043395996,0.76
124300,0.6755465865135193,-17.54421043395996,0.76
124400,0.6755465865135193,-17.54421043395996,0.76
124500,0.6755465865135193,-17.54421043395996,0.76
124600,0.6755465865135193,-17.54421043395996,0.76
124700,0.6755465865135193,-17.54421043395996,0.76
124800,0.6755465865135193,-17.54421043395996,0.77
124900,0.6755465865135193,-17.54421043395996,0.77
125000,0.6755465865135193,-17.54421043395996,0.77
125100,0.6755465865135193,-17.54421043395996,0.77
125200,0.6755465865135193,-17.54421043395996,0.77
125300,0.6755465865135193,-17.54421043395996,0.77
125400,0.6755465865135193,-17.54421043395996,0.77
125500,0.6755465865135193,-17.54421043395996,0.77
125600,0.6755465865135193,-17.54421043395996,0.77
125700,0.6755465865135193,-17.54421043395996,0.77
125800,0.6755465865135193,-17.54421043395996,0.77
125900,0.6755465865135193,-17.54421043395996,0.77
126000,0.6755465865135193,-17.54421043395996,0.77
126100,0.6755465865135193,-17.54421043395996,0.77
126200,0.6755465865135193,-17.54421043395996,0.77
126300,0.6755465865135193,-17.54421043395996,0.77
126400,0.6755465865135193,-17.54421043395996,0.77
126500,0.6755465865135193,-17.54421043395996,0.77
126600,0.6755465865135193,-17.54421043395996,0.77
126700,0.6755465865135193,-17.54421043395996,0.77
126800,0.6755465865135193,-17.54421043395996,0.77
126900,0.6755465865135193,-17.54421043395996,0.77
127000,0.6755465865135193,-17.54421043395996,0.77
127100,0.6755465865135193,-17.54421043395996,0.77
127200,0.6755465865135193,-17.54421043395996,0.77
127300,0.6755465865135193,-17.54421043395996,0.77
127400,0.6755465865135193,-17.54421043395996,0.77
127500,0.6755465865135193,-17.54421043395996,0.77
127600,0.6755465865135193,-17.54421043395996,0.77
127700,0.6755465865135193,-17.54421043395996,0.77
127800,0.6755465865135193,-17.54421043395996,0.77
127900,0.6755465865135193,-17.54421043395996,0.77
128000,0.6755465865135193,-17.54421043395996,0.77
128100,0.6755465865135193,-17.54421043395996,0.77
128200,0.6755465865135193,-17.54421043395996,0.77
128300,0.6755465865135193,-17.54421043395996,0.77
128400,0.6755465865135193,-17.54421043395996,0.77
128500,0.6755465865135193,-17.54421043395996,0.77
128600,0.6755465865135193,-17.54421043395996,0.77
128700,0.6755465865135193,-17.54421043395996,0.77
128800,0.6755465865135193,-17.54421043395996,0.77
128900,0.6755465865135193,-17.54421043395996,0.77
129000,0.6755465865135193,-17.54421043395996,0.77
129100,0.6755465865135193,-17.54421043395996,0.77
129200,0.6755465865135193,-17.54421043395996,0.77
129300,0.6755465865135193,-17.54421043395996,0.77
129400,0.6755465865135193,-17.54421043395996,0.77
129500,0.6755465865135193,-17.54421043395996,0.77
129600,0.6755465865135193,-17.54421043395996,0.77
129700,0.6755465865135193,-17.54421043395996,0.77
129800,0.6755465865135193,-17.54421043395996,0.77
129900,0.6755465865135193,-17.54421043395996,0.77
130000,0.6755465865135193,-17.54421043395996,0.75
130100,0.6755465865135193,-17.54421043395996,0.75
130200,0.6755465865135193,-17.54421043395996,0.75
130300,0.6755465865135193,-17.54421043395996,0.75
130400,0.6755465865135193,-17.54421043395996,0.75
130500,0.6755465865135193,-17.54421043395996,0.75
130600,0.6755465865135193,-17.54421043395996,0.75
130700,0.6755465865135193,-17.54421043395996,0.75
130800,0.6755465865135193,-17.54421043395996,0.75
130900,0.6755465865135193,-17.54421043395996,0.75
131000,0.6755465865135193,-17.54421043395996,0.75
131100,0.6755465865135193,-17.54421043395996,0.75
131200,0.6755465865135193,-17.54421043395996,0.75
131300,0.6755465865135193,-17.54421043395996,0.75
131400,0.6755465865135193,-17.54421043395996,0.75
131500,0.6755465865135193,-17.54421043395996,0.75
131600,0.6755465865135193,-17.54421043395996,0.75
131700,0.6755465865135193,-17.54421043395996,0.75
131800,0.6755465865135193,-17.54421043395996,0.75
131900,0.6755465865135193,-17.54421043395996,0.75
132000,0.6755465865135193,-17.54421043395996,0.75
132100,0.6755465865135193,-17.54421043395996,0.75
132200,0.6755465865135193,-17.54421043395996,0.75
132300,0.6755465865135193,-17.54421043395996,0.75
132400,0.6755465865135193,-17.54421043395996,0.75
132500,0.6755465865135193,-17.54421043395996,0.75
132600,0.6755465865135193,-17.54421043395996,0.75
132700,0.6755465865135193,-17.54421043395996,0.75
132800,0.6755465865135193,-17.54421043395996,0.75
132900,0.6755465865135193,-17.54421043395996,0.75
133000,0.6755465865135193,-17.54421043395996,0.75
133100,0.6755465865135193,-17.54421043395996,0.75
133200,0.6755465865135193,-17.54421043395996,0.75
133300,0.6755465865135193,-17.54421043395996,0.75
133400,0.6755465865135193,-17.54421043395996,0.75
133500,0.6755465865135193,-17.54421043395996,0.75
133600,0.6755465865135193,-17.54421043395996,0.75
133700,0.6755465865135193,-17.54421043395996,0.75
133800,0.6755465865135193,-17.54421043395996,0.75
133900,0.6755465865135193,-17.54421043395996,0.75
134000,0.6755465865135193,-17.54421043395996,0.75
134100,0.6755465865135193,-17.54421043395996,0.75
134200,0.6755465865135193,-17.54421043395996,0.75
134300,0.6755465865135193,-17.54421043395996,0.75
134400,0.6755465865135193,-17.54421043395996,0.75
134500,0.6755465865135193,-17.54421043395996,0.75
134600,0.6755465865135193,-17.54421043395996,0.75
134700,0.6755465865135193,-17.54421043395996,0.75
134800,0.6755465865135193,-17.54421043395996,0.75
134900,0.6755465865135193,-17.54421043395996,0.75
135000,0.6755465865135193,-17.54421043395996,0.75
135100,0.6755465865135193,-17.54421043395996,0.75
135200,0.6755465865135193,-17.54421043395996,0.74
135300,0.6755465865135193,-17.54421043395996,0.74
135400,0.6755465865135193,-17.54421043395996,0.74
135500,0.6755465865135193,-17.54421043395996,0.74
135600,0.6755465865135193,-17.54421043395996,0.74
135700,0.6755465865135193,-17.54421043395996,0.74
135800,0.6755465865135193,-17.54421043395996,0.74
135900,0.6755465865135193,-17.54421043395996,0.74
136000,0.6755465865135193,-17.54421043395996,0.74
136100,0.6755465865135193,-17.54421043395996,0.74
136200,0.6755465865135193,-17.54421043395996,0.74
136300,0.6755465865135193,-17.54421043395996,0.74
136400,0.6755465865135193,-17.54421043395996,0.74
136500,0.6755465865135193,-17.54421043395996,0.74
136600,0.6755465865135193,-17.54421043395996,0.74
136700,0.6755465865135193,-17.54421043395996,0.74
136800,0.6755465865135193,-17.54421043395996,0.74
136900,0.6755465865135193,-17.54421043395996,0.74
137000,0.6755465865135193,-17.54421043395996,0.74
137100,0.6755465865135193,-17.54421043395996,0.74
137200,0.6755465865135193,-17.54421043395996,0.74
137300,0.6755465865135193,-17.54421043395996,0.74
137400,0.6755465865135193,-17.54421043395996,0.74
137500,0.6755465865135193,-17.54421043395996,0.74
137600,0.6755465865135193,-17.54421043395996,0.74
137700,0.6755465865135193,-17.54421043395996,0.74
137800,0.6755465865135193,-17.54421043395996,0.74
137900,0.6755465865135193,-17.54421043395996,0.74
138000,0.6755465865135193,-17.54421043395996,0.74
138100,0.6755465865135193,-17.54421043395996,0.74
138200,0.6755465865135193,-17.54421043395996,0.74
138300,0.6755465865135193,-17.54421043395996,0.74
138400,0.6755465865135193,-17.54421043395996,0.74
138500,0.6755465865135193,-17.54421043395996,0.74
138600,0.6755465865135193,-17.54421043395996,0.74
138700,0.6755465865135193,-17.54421043395996,0.74
138800,0.6755465865135193,-17.54421043395996,0.74
138900,0.6755465865135193,-17.54421043395996,0.74
139000,0.6755465865135193,-17.54421043395996,0.74
139100,0.6755465865135193,-17.54421043395996,0.74
139200,0.6755465865135193,-17.54421043395996,0.74
139300,0.6755465865135193,-17.54421043395996,0.74
139400,0.6755465865135193,-17.54421043395996,0.74
139500,0.6755465865135193,-17.54421043395996,0.74
139600,0.6755465865135193,-17.54421043395996,0.74
139700,0.6755465865135193,-17.54421043395996,0.74
139800,0.6755465865135193,-17.54421043395996,0.74
139900,0.6755465865135193,-17.54421043395996,0.74
140000,0.6755465865135193,-17.54421043395996,0.74
140100,0.6755465865135193,-17.54421043395996,0.74
140200,0.6755465865135193,-17.54421043395996,0.74
140300,0.6755465865135193,-17.54421043395996,0.74
140400,0.6755465865135193,-17.54421043395996,0.74
140500,0.6755465865135193,-17.54421043395996,0.74
140600,0.6755465865135193,-17.54421043395996,0.74
140700,0.6755465865135193,-17.54421043395996,0.74
140800,0.6755465865135193,-17.54421043395996,0.74
140900,0.6755465865135193,-17.54421043395996,0.74
141000,0.6755465865135193,-17.54421043395996,0.74
141100,0.6755465865135193,-17.54421043395996,0.74
141200,0.6755465865135193,-17.54421043395996,0.74
141300,0.6755465865135193,-17.54421043395996,0.74
141400,0.6755465865135193,-17.54421043395996,0.74
141500,0.6755465865135193,-17.54421043395996,0.74
141600,0.6755465865135193,-17.54421043395996,0.74
141700,0.6755465865135193,-17.54421043395996,0.74
141800,0.6755465865135193,-17.54421043395996,0.74
141900,0.6755465865135193,-17.54421043395996,0.74
142000,0.6755465865135193,-17.54421043395996,0.74
142100,0.6755465865135193,-17.54421043395996,0.74
142200,0.6755465865135193,-17.54421043395996,0.74
142300,0.6755465865135193,-17.54421043395996,0.74
142400,0.6755465865135193,-17.54421043395996,0.74
142500,0.6755465865135193,-17.54421043395996,0.74
142600,0.6755465865135193,-17.54421043395996,0.74
142700,0.6755465865135193,-17.54421043395996,0.74
142800,0.6755465865135193,-17.54421043395996,0.74
142900,0.6755465865135193,-17.54421043395996,0.74
143000,0.6755465865135193,-17.54421043395996,0.74
143100,0.6755465865135193,-17.54421043395996,0.74
143200,0.6755465865135193,-17.54421043395996,0.74
143300,0.6755465865135193,-17.54421043395996,0.74
143400,0.6755465865135193,-17.54421043395996,0.74
143500,0.6755465865135193,-17.54421043395996,0.74
143600,0.6755465865135193,-17.54421043395996,0.74
143700,0.6755465865135193,-17.54421043395996,0.74
143800,0.6755465865135193,-17.54421043395996,0.74
143900,0.6755465865135193,-17.54421043395996,0.74
144000,0.6755465865135193,-17.54421043395996,0.74
144100,0.6755465865135193,-17.54421043395996,0.74
144200,0.6755465865135193,-17.54421043395996,0.74
144300,0.6755465865135193,-17.54421043395996,0.74
144400,0.6755465865135193,-17.54421043395996,0.74
144500,0.6755465865135193,-17.54421043395996,0.74
144600,0.6755465865135193,-17.54421043395996,0.74
144700,0.6755465865135193,-17.54421043395996,0.74
144800,0.6755465865135193,-17.54421043395996,0.74
144900,0.6755465865135193,-17.54421043395996,0.74
145000,0.6755465865135193,-17.54421043395996,0.74
145100,0.6755465865135193,-17.54421043395996,0.74
145200,0.6755465865135193,-17.54421043395996,0.74
145300,0.6755465865135193,-17.54421043395996,0.74
145400,0.6755465865135193,-17.54421043395996,0.74
145500,0.6755465865135193,-17.54421043395996,0.74
145600,0.6755465865135193,-17.54421043395996,0.75
145700,0.6755465865135193,-17.54421043395996,0.75
145800,0.6755465865135193,-17.54421043395996,0.75
145900,0.6755465865135193,-17.54421043395996,0.75
146000,0.6755465865135193,-17.54421043395996,0.75
146100,0.6755465865135193,-17.54421043395996,0.75
146200,0.6755465865135193,-17.54421043395996,0.75
146300,0.6755465865135193,-17.54421043395996,0.75
146400,0.6755465865135193,-17.54421043395996,0.75
146500,0.6755465865135193,-17.54421043395996,0.75
146600,0.6755465865135193,-17.54421043395996,0.75
146700,0.6755465865135193,-17.54421043395996,0.75
146800,0.6755465865135193,-17.54421043395996,0.75
146900,0.6755465865135193,-17.54421043395996,0.75
147000,0.6755465865135193,-17.54421043395996,0.75
147100,0.6755465865135193,-17.54421043395996,0.75
147200,0.6755465865135193,-17.54421043395996,0.75
147300,0.6755465865135193,-17.54421043395996,0.75
147400,0.6755465865135193,-17.54421043395996,0.75
147500,0.6755465865135193,-17.54421043395996,0.75
147600,0.6755465865135193,-17.54421043395996,0.75
147700,0.6755465865135193,-17.54421043395996,0.75
147800,0.6755465865135193,-17.54421043395996,0.75
147900,0.6755465865135193,-17.54421043395996,0.75
148000,0.6755465865135193,-17.54421043395996,0.75
148100,0.6755465865135193,-17.54421043395996,0.75
148200,0.6755465865135193,-17.54421043395996,0.75
148300,0.6755465865135193,-17.54421043395996,0.75
148400,0.6755465865135193,-17.54421043395996,0.75
148500,0.6755465865135193,-17.54421043395996,0.75
148600,0.6755465865135193,-17.54421043395996,0.75
148700,0.6755465865135193,-17.54421043395996,0.75
148800,0.6755465865135193,-17.54421043395996,0.75
148900,0.6755465865135193,-17.54421043395996,0.75
149000,0.6755465865135193,-17.54421043395996,0.75
149100,0.6755465865135193,-17.54421043395996,0.75
149200,0.6755465865135193,-17.54421043395996,0.75
149300,0.6755465865135193,-17.54421043395996,0.75
149400,0.6755465865135193,-17.54421043395996,0.75
149500,0.6755465865135193,-17.54421043395996,0.75
149600,0.6755465865135193,-17.54421043395996,0.75
149700,0.6755465865135193,-17.54421043395996,0.75
149800,0.6755465865135193,-17.54421043395996,0.75
149900,0.6755465865135193,-17.54421043395996,0.75
150000,0.6755465865135193,-17.54421043395996,0.75
150100,0.6755465865135193,-17.54421043395996,0.75
150200,0.6755465865135193,-17.54421043395996,0.75
150300,0.6755465865135193,-17.54421043395996,0.75
150400,0.6755465865135193,-17.54421043395996,0.75
150500,0.6755465865135193,-17.54421043395996,0.75
150600,0.6755465865135193,-17.54421043395996,0.75
150700,0.6755465865135193,-17.54421043395996,0.75
150800,0.6755465865135193,-17.54421043395996,0.76
150900,0.6755465865135193,-17.54421043395996,0.76
151000,0.6755465865135193,-17.54421043395996,0.76
151100,0.6755465865135193,-17.54421043395996,0.76
151200,0.6755465865135193,-17.54421043395996,0.76
151300,0.6755465865135193,-17.54421043395996,0.76
151400,0.6755465865135193,-17.54421043395996,0.76
151500,0.6755465865135193,-17.54421043395996,0.76
151600,0.6755465865135193,-17.54421043395996,0.76
151700,0.6755465865135193,-17.54421043395996,0.76
151800,0.6755465865135193,-17.54421043395996,0.76
151900,0.6755465865135193,-17.54421043395996,0.76
152000,0.6755465865135193,-17.54421043395996,0.76
152100,0.6755465865135193,-17.54421043395996,0.76
152200,0.6755465865135193,-17.54421043395996,0.76
152300,0.6755465865135193,-17.54421043395996,0.76
152400,0.6755465865135193,-17.54421043395996,0.76
152500,0.6755465865135193,-17.54421043395996,0.76
152600,0.6755465865135193,-17.54421043395996,0.76
152700,0.6755465865135193,-17.54421043395996,0.76
152800,0.6755465865135193,-17.54421043395996,0.76
152900,0.6755465865135193,-17.54421043395996,0.76
153000,0.6755465865135193,-17.54421043395996,0.76
153100,0.6755465865135193,-17.54421043395996,0.76
153200,0.6755465865135193,-17.54421043395996,0.76
153300,0.6755465865135193,-17.54421043395996,0.76
153400,0.6755465865135193,-17.54421043395996,0.76
153500,0.6755465865135193,-17.54421043395996,0.76
153600,0.6755465865135193,-17.54421043395996,0.76
153700,0.6755465865135193,-17.54421043395996,0.76
153800,0.6755465865135193,-17.54421043395996,0.76
153900,0.6755465865135193,-17.54421043395996,0.76
154000,0.6755465865135193,-17.54421043395996,0.76
154100,0.6755465865135193,-17.54421043395996,0.76
154200,0.6755465865135193,-17.54421043395996,0.76
154300,0.6755465865135193,-17.54421043395996,0.76
154400,0.6755465865135193,-17.54421043395996,0.76
154500,0.6755465865135193,-17.54421043395996,0.76
154600,0.6755465865135193,-17.54421043395996,0.76
154700,0.6755465865135193,-17.54421043395996,0.76
154800,0.6755465865135193,-17.54421043395996,0.76
154900,0.6755465865135193,-17.54421043395996,0.76
155000,0.6755465865135193,-17.54421043395996,0.76
155100,0.6755465865135193,-17.54421043395996,0.76
155200,0.6755465865135193,-17.54421043395996,0.76
155300,0.6755465865135193,-17.54421043395996,0.76
155400,0.6755465865135193,-17.54421043395996,0.76
155500,0.6755465865135193,-17.54421043395996,0.76
155600,0.6755465865135193,-17.54421043395996,0.76
155700,0.6755465865135193,-17.54421043395996,0.76
155800,0.6755465865135193,-17.54421043395996,0.76
155900,0.6755465865135193,-17.54421043395996,0.76
156000,0.6755465865135193,-17.54421043395996,0.74
156100,0.6755465865135193,-17.54421043395996,0.74
156200,0.6755465865135193,-17.54421043395996,0.74
156300,0.6755465865135193,-17.54421043395996,0.74
156400,0.6755465865135193,-17.54421043395996,0.74
156500,0.6755465865135193,-17.54421043395996,0.74
156600,0.6755465865135193,-17.54421043395996,0.74
156700,0.6755465865135193,-17.54421043395996,0.74
156800,0.6755465865135193,-17.54421043395996,0.74
156900,0.6755465865135193,-17.54421043395996,0.74
157000,0.6755465865135193,-17.54421043395996,0.74
157100,0.6755465865135193,-17.54421043395996,0.74
157200,0.6755465865135193,-17.54421043395996,0.74
157300,0.6755465865135193,-17.54421043395996,0.74
157400,0.6755465865135193,-17.54421043395996,0.74
157500,0.6755465865135193,-17.54421043395996,0.74
157600,0.6755465865135193,-17.54421043395996,0.74
157700,0.6755465865135193,-17.54421043395996,0.74
157800,0.6755465865135193,-17.54421043395996,0.74
157900,0.6755465865135193,-17.54421043395996,0.74
158000,0.6755465865135193,-17.54421043395996,0.74
158100,0.6755465865135193,-17.54421043395996,0.74
158200,0.6755465865135193,-17.54421043395996,0.74
158300,0.6755465865135193,-17.54421043395996,0.74
158400,0.6755465865135193,-17.54421043395996,0.74
158500,0.6755465865135193,-17.54421043395996,0.74
158600,0.6755465865135193,-17.54421043395996,0.74
158700,0.6755465865135193,-17.54421043395996,0.74
158800,0.6755465865135193,-17.54421043395996,0.74
158900,0.6755465865135193,-17.54421043395996,0.74
159000,0.6755465865135193,-17.54421043395996,0.74
159100,0.6755465865135193,-17.54421043395996,0.74
159200,0.6755465865135193,-17.54421043395996,0.74
159300,0.6755465865135193,-17.54421043395996,0.74
159400,0.6755465865135193,-17.54421043395996,0.74
159500,0.6755465865135193,-17.54421043395996,0.74
159600,0.6755465865135193,-17.54421043395996,0.74
159700,0.6755465865135193,-17.54421043395996,0.74
159800,0.6755465865135193,-17.54421043395996,0.74
159900,0.6755465865135193,-17.54421043395996,0.74
160000,0.6755465865135193,-17.54421043395996,0.74
160100,0.6755465865135193,-17.54421043395996,0.74
160200,0.6755465865135193,-17.54421043395996,0.74
160300,0.6755465865135193,-17.54421043395996,0.74
160400,0.6755465865135193,-17.54421043395996,0.74
160500,0.6755465865135193,-17.54421043395996,0.74
160600,0.6755465865135193,-17.54421043395996,0.74
160700,0.6755465865135193,-17.54421043395996,0.74
160800,0.6755465865135193,-17.54421043395996,0.74
160900,0.6755465865135193,-17.54421043395996,0.74
161000,0.6755465865135193,-17.54421043395996,0.74
161100,0.6755465865135193,-17.54421043395996,0.74
161200,0.6755465865135193,-17.54421043395996,0.75
161300,0.6755465865135193,-17.54421043395996,0.75
161400,0.6755465865135193,-17.54421043395996,0.75
161500,0.6755465865135193,-17.54421043395996,0.75
161600,0.6755465865135193,-17.54421043395996,0.75
161700,0.6755465865135193,-17.54421043395996,0.75
161800,0.6755465865135193,-17.54421043395996,0.75
161900,0.6755465865135193,-17.54421043395996,0.75
162000,0.6755465865135193,-17.54421043395996,0.75
162100,0.6755465865135193,-17.54421043395996,0.75
162200,0.6755465865135193,-17.54421043395996,0.75
162300,0.6755465865135193,-17.54421043395996,0.75
162400,0.6755465865135193,-17.54421043395996,0.75
162500,0.6755465865135193,-17.54421043395996,0.75
162600,0.6755465865135193,-17.54421043395996,0.75
162700,0.6755465865135193,-17.54421043395996,0.75
162800,0.6755465865135193,-17.54421043395996,0.75
162900,0.6755465865135193,-17.54421043395996,0.75
163000,0.6755465865135193,-17.54421043395996,0.75
163100,0.6755465865135193,-17.54421043395996,0.75
163200,0.6755465865135193,-17.54421043395996,0.75
163300,0.6755465865135193,-17.54421043395996,0.75
163400,0.6755465865135193,-17.54421043395996,0.75
163500,0.6755465865135193,-17.54421043395996,0.75
163600,0.6755465865135193,-17.54421043395996,0.75
163700,0.6755465865135193,-17.54421043395996,0.75
163800,0.6755465865135193,-17.54421043395996,0.75
163900,0.6755465865135193,-17.54421043395996,0.75
164000,0.6755465865135193,-17.54421043395996,0.75
164100,0.6755465865135193,-17.54421043395996,0.75
164200,0.6755465865135193,-17.54421043395996,0.75
164300,0.6755465865135193,-17.54421043395996,0.75
164400,0.6755465865135193,-17.54421043395996,0.75
164500,0.6755465865135193,-17.54421043395996,0.75
164600,0.6755465865135193,-17.54421043395996,0.75
164700,0.6755465865135193,-17.54421043395996,0.75
164800,0.6755465865135193,-17.54421043395996,0.75
164900,0.6755465865135193,-17.54421043395996,0.75
165000,0.6755465865135193,-17.54421043395996,0.75
165100,0.6755465865135193,-17.54421043395996,0.75
165200,0.6755465865135193,-17.54421043395996,0.75
165300,0.6755465865135193,-17.54421043395996,0.75
165400,0.6755465865135193,-17.54421043395996,0.75
165500,0.6755465865135193,-17.54421043395996,0.75
165600,0.6755465865135193,-17.54421043395996,0.75
165700,0.6755465865135193,-17.54421043395996,0.75
165800,0.6755465865135193,-17.54421043395996,0.75
165900,0.6755465865135193,-17.54421043395996,0.75
166000,0.6755465865135193,-17.54421043395996,0.75
166100,0.6755465865135193,-17.54421043395996,0.75
166200,0.6755465865135193,-17.54421043395996,0.75
166300,0.6755465865135193,-17.54421043395996,0.75
166400,0.6755465865135193,-17.54421043395996,0.76
166500,0.6755465865135193,-17.54421043395996,0.76
166600,0.6755465865135193,-17.54421043395996,0.76
166700,0.6755465865135193,-17.54421043395996,0.76
166800,0.6755465865135193,-17.54421043395996,0.76
166900,0.6755465865135193,-17.54421043395996,0.76
167000,0.6755465865135193,-17.54421043395996,0.76
167100,0.6755465865135193,-17.54421043395996,0.76
167200,0.6755465865135193,-17.54421043395996,0.76
167300,0.6755465865135193,-17.54421043395996,0.76
167400,0.6755465865135193,-17.54421043395996,0.76
167500,0.6755465865135193,-17.54421043395996,0.76
167600,0.6755465865135193,-17.54421043395996,0.76
167700,0.6755465865135193,-17.54421043395996,0.76
167800,0.6755465865135193,-17.54421043395996,0.76
167900,0.6755465865135193,-17.54421043395996,0.76
168000,0.6755465865135193,-17.54421043395996,0.76
168100,0.6755465865135193,-17.54421043395996,0.76
168200,0.6755465865135193,-17.54421043395996,0.76
168300,0.6755465865135193,-17.54421043395996,0.76
168400,0.6755465865135193,-17.54421043395996,0.76
168500,0.6755465865135193,-17.54421043395996,0.76
168600,0.6755465865135193,-17.54421043395996,0.76
168700,0.6755465865135193,-17.54421043395996,0.76
168800,0.6755465865135193,-17.54421043395996,0.76
168900,0.6755465865135193,-17.54421043395996,0.76
169000,0.6755465865135193,-17.54421043395996,0.76
169100,0.6755465865135193,-17.54421043395996,0.76
169200,0.6755465865135193,-17.54421043395996,0.76
169300,0.6755465865135193,-17.54421043395996,0.76
169400,0.6755465865135193,-17.54421043395996,0.76
169500,0.6755465865135193,-17.54421043395996,0.76
169600,0.6755465865135193,-17.54421043395996,0.76
169700,0.6755465865135193,-17.54421043395996,0.76
169800,0.6755465865135193,-17.54421043395996,0.76
169900,0.6755465865135193,-17.54421043395996,0.76
170000,0.6755465865135193,-17.54421043395996,0.76
170100,0.6755465865135193,-17.54421043395996,0.76
170200,0.6755465865135193,-17.54421043395996,0.76
170300,0.6755465865135193,-17.54421043395996,0.76
170400,0.6755465865135193,-17.54421043395996,0.76
170500,0.6755465865135193,-17.54421043395996,0.76
170600,0.6755465865135193,-17.54421043395996,0.76
170700,0.6755465865135193,-17.54421043395996,0.76
170800,0.6755465865135193,-17.54421043395996,0.76
170900,0.6755465865135193,-17.54421043395996,0.76
171000,0.6755465865135193,-17.54421043395996,0.76
171100,0.6755465865135193,-17.54421043395996,0.76
171200,0.6755465865135193,-17.54421043395996,0.76
171300,0.6755465865135193,-17.54421043395996,0.76
171400,0.6755465865135193,-17.54421043395996,0.76
171500,0.6755465865135193,-17.54421043395996,0.76
171600,0.6755465865135193,-17.54421043395996,0.76
171700,0.6755465865135193,-17.54421043395996,0.76
171800,0.6755465865135193,-17.54421043395996,0.76
171900,0.6755465865135193,-17.54421043395996,0.76
172000,0.6755465865135193,-17.54421043395996,0.76
172100,0.6755465865135193,-17.54421043395996,0.76
172200,0.6755465865135193,-17.54421043395996,0.76
172300,0.6755465865135193,-17.54421043395996,0.76
172400,0.6755465865135193,-17.54421043395996,0.76
172500,0.6755465865135193,-17.54421043395996,0.76
172600,0.6755465865135193,-17.54421043395996,0.76
172700,0.6755465865135193,-17.54421043395996,0.76
172800,0.6755465865135193,-17.54421043395996,0.76
172900,0.6755465865135193,-17.54421043395996,0.76
173000,0.6755465865135193,-17.54421043395996,0.76
173100,0.6755465865135193,-17.54421043395996,0.76
173200,0.6755465865135193,-17.54421043395996,0.76
173300,0.6755465865135193,-17.54421043395996,0.76
173400,0.6755465865135193,-17.54421043395996,0.76
173500,0.6755465865135193,-17.54421043395996,0.76
173600,0.6755465865135193,-17.54421043395996,0.76
173700,0.6755465865135193,-17.54421043395996,0.76
173800,0.6755465865135193,-17.54421043395996,0.76
173900,0.6755465865135193,-17.54421043395996,0.76
174000,0.6755465865135193,-17.54421043395996,0.76
174100,0.6755465865135193,-17.54421043395996,0.76
174200,0.6755465865135193,-17.54421043395996,0.76
174300,0.6755465865135193,-17.54421043395996,0.76
174400,0.6755465865135193,-17.54421043395996,0.76
174500,0.6755465865135193,-17.54421043395996,0.76
174600,0.6755465865135193,-17.54421043395996,0.76
174700,0.6755465865135193,-17.54421043395996,0.76
174800,0.6755465865135193,-17.54421043395996,0.76
174900,0.6755465865135193,-17.54421043395996,0.76
175000,0.6755465865135193,-17.54421043395996,0.76
175100,0.6755465865135193,-17.54421043395996,0.76
175200,0.6755465865135193,-17.54421043395996,0.76
175300,0.6755465865135193,-17.54421043395996,0.76
175400,0.6755465865135193,-17.54421043395996,0.76
175500,0.6755465865135193,-17.54421043395996,0.76
175600,0.6755465865135193,-17.54421043395996,0.76
175700,0.6755465865135193,-17.54421043395996,0.76
175800,0.6755465865135193,-17.54421043395996,0.76
175900,0.6755465865135193,-17.54421043395996,0.76
176000,0.6755465865135193,-17.54421043395996,0.76
176100,0.6755465865135193,-17.54421043395996,0.76
176200,0.6755465865135193,-17.54421043395996,0.76
176300,0.6755465865135193,-17.54421043395996,0.76
176400,0.6755465865135193,-17.54421043395996,0.76
176500,0.6755465865135193,-17.54421043395996,0.76
176600,0.6755465865135193,-17.54421043395996,0.76
176700,0.6755465865135193,-17.54421043395996,0.76
176800,0.6755465865135193,-17.54421043395996,0.76
176900,0.6755465865135193,-17.54421043395996,0.76
177000,0.6755465865135193,-17.54421043395996,0.76
177100,0.6755465865135193,-17.54421043395996,0.76
177200,0.6755465865135193,-17.54421043395996,0.76
177300,0.6755465865135193,-17.54421043395996,0.76
177400,0.6755465865135193,-17.54421043395996,0.76
177500,0.6755465865135193,-17.54421043395996,0.76
177600,0.6755465865135193,-17.54421043395996,0.76
177700,0.6755465865135193,-17.54421043395996,0.76
177800,0.6755465865135193,-17.54421043395996,0.76
177900,0.6755465865135193,-17.54421043395996,0.76
178000,0.6755465865135193,-17.54421043395996,0.76
178100,0.6755465865135193,-17.54421043395996,0.76
178200,0.6755465865135193,-17.54421043395996,0.76
178300,0.6755465865135193,-17.54421043395996,0.76
178400,0.6755465865135193,-17.54421043395996,0.76
178500,0.6755465865135193,-17.54421043395996,0.76
178600,0.6755465865135193,-17.54421043395996,0.76
178700,0.6755465865135193,-17.54421043395996,0.76
178800,0.6755465865135193,-17.54421043395996,0.76
178900,0.6755465865135193,-17.54421043395996,0.76
179000,0.6755465865135193,-17.54421043395996,0.76
179100,0.6755465865135193,-17.54421043395996,0.76
179200,0.6755465865135193,-17.54421043395996,0.76
179300,0.6755465865135193,-17.54421043395996,0.76
179400,0.6755465865135193,-17.54421043395996,0.76
179500,0.6755465865135193,-17.54421043395996,0.76
179600,0.6755465865135193,-17.54421043395996,0.76
179700,0.6755465865135193,-17.54421043395996,0.76
179800,0.6755465865135193,-17.54421043395996,0.76
179900,0.6755465865135193,-17.54421043395996,0.76
180000,0.6755465865135193,-17.54421043395996,0.76
180100,0.6755465865135193,-17.54421043395996,0.76
180200,0.6755465865135193,-17.54421043395996,0.76
180300,0.6755465865135193,-17.54421043395996,0.76
180400,0.6755465865135193,-17.54421043395996,0.76
180500,0.6755465865135193,-17.54421043395996,0.76
180600,0.6755465865135193,-17.54421043395996,0.76
180700,0.6755465865135193,-17.54421043395996,0.76
180800,0.6755465865135193,-17.54421043395996,0.76
180900,0.6755465865135193,-17.54421043395996,0.76
181000,0.6755465865135193,-17.54421043395996,0.76
181100,0.6755465865135193,-17.54421043395996,0.76
181200,0.6755465865135193,-17.54421043395996,0.76
181300,0.6755465865135193,-17.54421043395996,0.76
181400,0.6755465865135193,-17.54421043395996,0.76
181500,0.6755465865135193,-17.54421043395996,0.76
181600,0.6755465865135193,-17.54421043395996,0.76
181700,0.6755465865135193,-17.54421043395996,0.76
181800,0.6755465865135193,-17.54421043395996,0.76
181900,0.6755465865135193,-17.54421043395996,0.76
182000,0.6755465865135193,-17.54421043395996,0.75
182100,0.6755465865135193,-17.54421043395996,0.75
182200,0.6755465865135193,-17.54421043395996,0.75
182300,0.6755465865135193,-17.54421043395996,0.75
182400,0.6755465865135193,-17.54421043395996,0.75
182500,0.6755465865135193,-17.54421043395996,0.75
182600,0.6755465865135193,-17.54421043395996,0.75
182700,0.6755465865135193,-17.54421043395996,0.75
182800,0.6755465865135193,-17.54421043395996,0.75
182900,0.6755465865135193,-17.54421043395996,0.75
183000,0.6755465865135193,-17.54421043395996,0.75
183100,0.6755465865135193,-17.54421043395996,0.75
183200,0.6755465865135193,-17.54421043395996,0.75
183300,0.6755465865135193,-17.54421043395996,0.75
183400,0.6755465865135193,-17.54421043395996,0.75
183500,0.6755465865135193,-17.54421043395996,0.75
183600,0.6755465865135193,-17.54421043395996,0.75
183700,0.6755465865135193,-17.54421043395996,0.75
183800,0.6755465865135193,-17.54421043395996,0.75
183900,0.6755465865135193,-17.54421043395996,0.75
184000,0.6755465865135193,-17.54421043395996,0.75
184100,0.6755465865135193,-17.54421043395996,0.75
184200,0.6755465865135193,-17.54421043395996,0.75
184300,0.6755465865135193,-17.54421043395996,0.75
184400,0.6755465865135193,-17.54421043395996,0.75
184500,0.6755465865135193,-17.54421043395996,0.75
184600,0.6755465865135193,-17.54421043395996,0.75
184700,0.6755465865135193,-17.54421043395996,0.75
184800,0.6755465865135193,-17.54421043395996,0.75
184900,0.6755465865135193,-17.54421043395996,0.75
185000,0.6755465865135193,-17.54421043395996,0.75
185100,0.6755465865135193,-17.54421043395996,0.75
185200,0.6755465865135193,-17.54421043395996,0.75
185300,0.6755465865135193,-17.54421043395996,0.75
185400,0.6755465865135193,-17.54421043395996,0.75
185500,0.6755465865135193,-17.54421043395996,0.75
185600,0.6755465865135193,-17.54421043395996,0.75
185700,0.6755465865135193,-17.54421043395996,0.75
185800,0.6755465865135193,-17.54421043395996,0.75
185900,0.6755465865135193,-17.54421043395996,0.75
186000,0.6755465865135193,-17.54421043395996,0.75
186100,0.6755465865135193,-17.54421043395996,0.75
186200,0.6755465865135193,-17.54421043395996,0.75
186300,0.6755465865135193,-17.54421043395996,0.75
186400,0.6755465865135193,-17.54421043395996,0.75
186500,0.6755465865135193,-17.54421043395996,0.75
186600,0.6755465865135193,-17.54421043395996,0.75
186700,0.6755465865135193,-17.54421043395996,0.75
186800,0.6755465865135193,-17.54421043395996,0.75
186900,0.6755465865135193,-17.54421043395996,0.75
187000,0.6755465865135193,-17.54421043395996,0.75
187100,0.6755465865135193,-17.54421043395996,0.75
187200,0.6755465865135193,-17.54421043395996,0.73
187300,0.6755465865135193,-17.54421043395996,0.73
187400,0.6755465865135193,-17.54421043395996,0.73
187500,0.6755465865135193,-17.54421043395996,0.73
187600,0.6755465865135193,-17.54421043395996,0.73
187700,0.6755465865135193,-17.54421043395996,0.73
187800,0.6755465865135193,-17.54421043395996,0.73
187900,0.6755465865135193,-17.54421043395996,0.73
188000,0.6755465865135193,-17.54421043395996,0.73
188100,0.6755465865135193,-17.54421043395996,0.73
188200,0.6755465865135193,-17.54421043395996,0.73
188300,0.6755465865135193,-17.54421043395996,0.73
188400,0.6755465865135193,-17.54421043395996,0.73
188500,0.6755465865135193,-17.54421043395996,0.73
188600,0.6755465865135193,-17.54421043395996,0.73
188700,0.6755465865135193,-17.54421043395996,0.73
188800,0.6755465865135193,-17.54421043395996,0.73
188900,0.6755465865135193,-17.54421043395996,0.73
189000,0.6755465865135193,-17.54421043395996,0.73
189100,0.6755465865135193,-17.54421043395996,0.73
189200,0.6755465865135193,-17.54421043395996,0.73
189300,0.6755465865135193,-17.54421043395996,0.73
189400,0.6755465865135193,-17.54421043395996,0.73
189500,0.6755465865135193,-17.54421043395996,0.73
189600,0.6755465865135193,-17.54421043395996,0.73
189700,0.6755465865135193,-17.54421043395996,0.73
189800,0.6755465865135193,-17.54421043395996,0.73
189900,0.6755465865135193,-17.54421043395996,0.73
190000,0.6755465865135193,-17.54421043395996,0.73
190100,0.6755465865135193,-17.54421043395996,0.73
190200,0.6755465865135193,-17.54421043395996,0.73
190300,0.6755465865135193,-17.54421043395996,0.73
190400,0.6755465865135193,-17.54421043395996,0.73
190500,0.6755465865135193,-17.54421043395996,0.73
190600,0.6755465865135193,-17.54421043395996,0.73
190700,0.6755465865135193,-17.54421043395996,0.73
190800,0.6755465865135193,-17.54421043395996,0.73
190900,0.6755465865135193,-17.54421043395996,0.73
191000,0.6755465865135193,-17.54421043395996,0.73
191100,0.6755465865135193,-17.54421043395996,0.73
191200,0.6755465865135193,-17.54421043395996,0.73
191300,0.6755465865135193,-17.54421043395996,0.73
191400,0.6755465865135193,-17.54421043395996,0.73
191500,0.6755465865135193,-17.54421043395996,0.73
191600,0.6755465865135193,-17.54421043395996,0.73
191700,0.6755465865135193,-17.54421043395996,0.73
191800,0.6755465865135193,-17.54421043395996,0.73
191900,0.6755465865135193,-17.54421043395996,0.73
192000,0.6755465865135193,-17.54421043395996,0.73
192100,0.6755465865135193,-17.54421043395996,0.73
192200,0.6755465865135193,-17.54421043395996,0.73
192300,0.6755465865135193,-17.54421043395996,0.73
192400,0.6755465865135193,-17.54421043395996,0.73
192500,0.6755465865135193,-17.54421043395996,0.73
192600,0.6755465865135193,-17.54421043395996,0.73
192700,0.6755465865135193,-17.54421043395996,0.73
192800,0.6755465865135193,-17.54421043395996,0.73
192900,0.6755465865135193,-17.54421043395996,0.73
193000,0.6755465865135193,-17.54421043395996,0.73
193100,0.6755465865135193,-17.54421043395996,0.73
193200,0.6755465865135193,-17.54421043395996,0.73
193300,0.6755465865135193,-17.54421043395996,0.73
193400,0.6755465865135193,-17.54421043395996,0.73
193500,0.6755465865135193,-17.54421043395996,0.73
193600,0.6755465865135193,-17.54421043395996,0.73
193700,0.6755465865135193,-17.54421043395996,0.73
193800,0.6755465865135193,-17.54421043395996,0.73
193900,0.6755465865135193,-17.54421043395996,0.73
194000,0.6755465865135193,-17.54421043395996,0.73
194100,0.6755465865135193,-17.54421043395996,0.73
194200,0.6755465865135193,-17.54421043395996,0.73
194300,0.6755465865135193,-17.54421043395996,0.73
194400,0.6755465865135193,-17.54421043395996,0.73
194500,0.6755465865135193,-17.54421043395996,0.73
194600,0.6755465865135193,-17.54421043395996,0.73
194700,0.6755465865135193,-17.54421043395996,0.73
194800,0.6755465865135193,-17.54421043395996,0.73
194900,0.6755465865135193,-17.54421043395996,0.73
195000,0.6755465865135193,-17.54421043395996,0.73
195100,0.6755465865135193,-17.54421043395996,0.73
195200,0.6755465865135193,-17.54421043395996,0.73
195300,0.6755465865135193,-17.54421043395996,0.73
195400,0.6755465865135193,-17.54421043395996,0.73
195500,0.6755465865135193,-17.54421043395996,0.73
195600,0.6755465865135193,-17.54421043395996,0.73
195700,0.6755465865135193,-17.54421043395996,0.73
195800,0.6755465865135193,-17.54421043395996,0.73
195900,0.6755465865135193,-17.54421043395996,0.73
196000,0.6755465865135193,-17.54421043395996,0.73
196100,0.6755465865135193,-17.54421043395996,0.73
196200,0.6755465865135193,-17.54421043395996,0.73
196300,0.6755465865135193,-17.54421043395996,0.73
196400,0.6755465865135193,-17.54421043395996,0.73
196500,0.6755465865135193,-17.54421043395996,0.73
196600,0.6755465865135193,-17.54421043395996,0.73
196700,0.6755465865135193,-17.54421043395996,0.73
196800,0.6755465865135193,-17.54421043395996,0.73
196900,0.6755465865135193,-17.54421043395996,0.73
197000,0.6755465865135193,-17.54421043395996,0.73
197100,0.6755465865135193,-17.54421043395996,0.73
197200,0.6755465865135193,-17.54421043395996,0.73
197300,0.6755465865135193,-17.54421043395996,0.73
197400,0.6755465865135193,-17.54421043395996,0.73
197500,0.6755465865135193,-17.54421043395996,0.73
197600,0.6755465865135193,-17.54421043395996,0.74
197700,0.6755465865135193,-17.54421043395996,0.74
197800,0.6755465865135193,-17.54421043395996,0.74
197900,0.6755465865135193,-17.54421043395996,0.74
198000,0.6755465865135193,-17.54421043395996,0.74
198100,0.6755465865135193,-17.54421043395996,0.74
198200,0.6755465865135193,-17.54421043395996,0.74
198300,0.6755465865135193,-17.54421043395996,0.74
198400,0.6755465865135193,-17.54421043395996,0.74
198500,0.6755465865135193,-17.54421043395996,0.74
198600,0.6755465865135193,-17.54421043395996,0.74
198700,0.6755465865135193,-17.54421043395996,0.74
198800,0.6755465865135193,-17.54421043395996,0.74
198900,0.6755465865135193,-17.54421043395996,0.74
199000,0.6755465865135193,-17.54421043395996,0.74
199100,0.6755465865135193,-17.54421043395996,0.74
199200,0.6755465865135193,-17.54421043395996,0.74
199300,0.6755465865135193,-17.54421043395996,0.74
199400,0.6755465865135193,-17.54421043395996,0.74
199500,0.6755465865135193,-17.54421043395996,0.74
199600,0.6755465865135193,-17.54421043395996,0.74
199700,0.6755465865135193,-17.54421043395996,0.74
199800,0.6755465865135193,-17.54421043395996,0.74
199900,0.6755465865135193,-17.54421043395996,0.74
200000,0.6755465865135193,-17.54421043395996,0.74
200100,0.6755465865135193,-17.54421043395996,0.74
200200,0.6755465865135193,-17.54421043395996,0.74
200300,0.6755465865135193,-17.54421043395996,0.74
200400,0.6755465865135193,-17.54421043395996,0.74
200500,0.6755465865135193,-17.54421043395996,0.74
200600,0.6755465865135193,-17.54421043395996,0.74
200700,0.6755465865135193,-17.54421043395996,0.74
200800,0.6755465865135193,-17.54421043395996,0.74
200900,0.6755465865135193,-17.54421043395996,0.74
201000,0.6755465865135193,-17.54421043395996,0.74
201100,0.6755465865135193,-17.54421043395996,0.74
201200,0.6755465865135193,-17.54421043395996,0.74
201300,0.6755465865135193,-17.54421043395996,0.74
201400,0.6755465865135193,-17.54421043395996,0.74
201500,0.6755465865135193,-17.54421043395996,0.74
201600,0.6755465865135193,-17.54421043395996,0.74
201700,0.6755465865135193,-17.54421043395996,0.74
201800,0.6755465865135193,-17.54421043395996,0.74
201900,0.6755465865135193,-17.54421043395996,0.74
202000,0.6755465865135193,-17.54421043395996,0.74
202100,0.6755465865135193,-17.54421043395996,0.74
202200,0.6755465865135193,-17.54421043395996,0.74
202300,0.6755465865135193,-17.54421043395996,0.74
202400,0.6755465865135193,-17.54421043395996,0.74
202500,0.6755465865135193,-17.54421043395996,0.74
202600,0.6755465865135193,-17.54421043395996,0.74
202700,0.6755465865135193,-17.54421043395996,0.74
202800,0.6755465865135193,-17.54421043395996,0.76
202900,0.6755465865135193,-17.54421043395996,0.76
203000,0.6755465865135193,-17.54421043395996,0.76
203100,0.6755465865135193,-17.54421043395996,0.76
203200,0.6755465865135193,-17.54421043395996,0.76
203300,0.6755465865135193,-17.54421043395996,0.76
203400,0.6755465865135193,-17.54421043395996,0.76
203500,0.6755465865135193,-17.54421043395996,0.76
203600,0.6755465865135193,-17.54421043395996,0.76
203700,0.6755465865135193,-17.54421043395996,0.76
203800,0.6755465865135193,-17.54421043395996,0.76
203900,0.6755465865135193,-17.54421043395996,0.76
204000,0.6755465865135193,-17.54421043395996,0.76
204100,0.6755465865135193,-17.54421043395996,0.76
204200,0.6755465865135193,-17.54421043395996,0.76
204300,0.6755465865135193,-17.54421043395996,0.76
204400,0.6755465865135193,-17.54421043395996,0.76
204500,0.6755465865135193,-17.54421043395996,0.76
204600,0.6755465865135193,-17.54421043395996,0.76
204700,0.6755465865135193,-17.54421043395996,0.76
204800,0.6755465865135193,-17.54421043395996,0.76
204900,0.6755465865135193,-17.54421043395996,0.76
205000,0.6755465865135193,-17.54421043395996,0.76
205100,0.6755465865135193,-17.54421043395996,0.76
205200,0.6755465865135193,-17.54421043395996,0.76
205300,0.6755465865135193,-17.54421043395996,0.76
205400,0.6755465865135193,-17.54421043395996,0.76
205500,0.6755465865135193,-17.54421043395996,0.76
205600,0.6755465865135193,-17.54421043395996,0.76
205700,0.6755465865135193,-17.54421043395996,0.76
205800,0.6755465865135193,-17.54421043395996,0.76
205900,0.6755465865135193,-17.54421043395996,0.76
206000,0.6755465865135193,-17.54421043395996,0.76
206100,0.6755465865135193,-17.54421043395996,0.76
206200,0.6755465865135193,-17.54421043395996,0.76
206300,0.6755465865135193,-17.54421043395996,0.76
206400,0.6755465865135193,-17.54421043395996,0.76
206500,0.6755465865135193,-17.54421043395996,0.76
206600,0.6755465865135193,-17.54421043395996,0.76
206700,0.6755465865135193,-17.54421043395996,0.76
206800,0.6755465865135193,-17.54421043395996,0.76
206900,0.6755465865135193,-17.54421043395996,0.76
207000,0.6755465865135193,-17.54421043395996,0.76
207100,0.6755465865135193,-17.54421043395996,0.76
207200,0.6755465865135193,-17.54421043395996,0.76
207300,0.6755465865135193,-17.54421043395996,0.76
207400,0.6755465865135193,-17.54421043395996,0.76
207500,0.6755465865135193,-17.54421043395996,0.76
207600,0.6755465865135193,-17.54421043395996,0.76
207700,0.6755465865135193,-17.54421043395996,0.76
207800,0.6755465865135193,-17.54421043395996,0.76
207900,0.6755465865135193,-17.54421043395996,0.76
208000,0.6755465865135193,-17.54421043395996,0.75
208100,0.6755465865135193,-17.54421043395996,0.75
208200,0.6755465865135193,-17.54421043395996,0.75
208300,0.6755465865135193,-17.54421043395996,0.75
208400,0.6755465865135193,-17.54421043395996,0.75
208500,0.6755465865135193,-17.54421043395996,0.75
208600,0.6755465865135193,-17.54421043395996,0.75
208700,0.6755465865135193,-17.54421043395996,0.75
208800,0.6755465865135193,-17.54421043395996,0.75
208900,0.6755465865135193,-17.54421043395996,0.75
209000,0.6755465865135193,-17.54421043395996,0.75
209100,0.6755465865135193,-17.54421043395996,0.75
209200,0.6755465865135193,-17.54421043395996,0.75
209300,0.6755465865135193,-17.54421043395996,0.75
209400,0.6755465865135193,-17.54421043395996,0.75
209500,0.6755465865135193,-17.54421043395996,0.75
209600,0.6755465865135193,-17.54421043395996,0.75
209700,0.6755465865135193,-17.54421043395996,0.75
209800,0.6755465865135193,-17.54421043395996,0.75
209900,0.6755465865135193,-17.54421043395996,0.75
210000,0.6755465865135193,-17.54421043395996,0.75
210100,0.6755465865135193,-17.54421043395996,0.75
210200,0.6755465865135193,-17.54421043395996,0.75
210300,0.6755465865135193,-17.54421043395996,0.75
210400,0.6755465865135193,-17.54421043395996,0.75
210500,0.6755465865135193,-17.54421043395996,0.75
210600,0.6755465865135193,-17.54421043395996,0.75
210700,0.6755465865135193,-17.54421043395996,0.75
210800,0.6755465865135193,-17.54421043395996,0.75
210900,0.6755465865135193,-17.54421043395996,0.75
211000,0.6755465865135193,-17.54421043395996,0.75
211100,0.6755465865135193,-17.54421043395996,0.75
211200,0.6755465865135193,-17.54421043395996,0.75
211300,0.6755465865135193,-17.54421043395996,0.75
211400,0.6755465865135193,-17.54421043395996,0.75
211500,0.6755465865135193,-17.54421043395996,0.75
211600,0.6755465865135193,-17.54421043395996,0.75
211700,0.6755465865135193,-17.54421043395996,0.75
211800,0.6755465865135193,-17.54421043395996,0.75
211900,0.6755465865135193,-17.54421043395996,0.75
212000,0.6755465865135193,-17.54421043395996,0.75
212100,0.6755465865135193,-17.54421043395996,0.75
212200,0.6755465865135193,-17.54421043395996,0.75
212300,0.6755465865135193,-17.54421043395996,0.75
212400,0.6755465865135193,-17.54421043395996,0.75
212500,0.6755465865135193,-17.54421043395996,0.75
212600,0.6755465865135193,-17.54421043395996,0.75
212700,0.6755465865135193,-17.54421043395996,0.75
212800,0.6755465865135193,-17.54421043395996,0.75
212900,0.6755465865135193,-17.54421043395996,0.75
213000,0.6755465865135193,-17.54421043395996,0.75
213100,0.6755465865135193,-17.54421043395996,0.75
213200,0.6755465865135193,-17.54421043395996,0.75
213300,0.6755465865135193,-17.54421043395996,0.75
213400,0.6755465865135193,-17.54421043395996,0.75
213500,0.6755465865135193,-17.54421043395996,0.75
213600,0.6755465865135193,-17.54421043395996,0.75
213700,0.6755465865135193,-17.54421043395996,0.75
213800,0.6755465865135193,-17.54421043395996,0.75
213900,0.6755465865135193,-17.54421043395996,0.75
214000,0.6755465865135193,-17.54421043395996,0.75
214100,0.6755465865135193,-17.54421043395996,0.75
214200,0.6755465865135193,-17.54421043395996,0.75
214300,0.6755465865135193,-17.54421043395996,0.75
214400,0.6755465865135193,-17.54421043395996,0.75
214500,0.6755465865135193,-17.54421043395996,0.75
214600,0.6755465865135193,-17.54421043395996,0.75
214700,0.6755465865135193,-17.54421043395996,0.75
214800,0.6755465865135193,-17.54421043395996,0.75
214900,0.6755465865135193,-17.54421043395996,0.75
215000,0.6755465865135193,-17.54421043395996,0.75
215100,0.6755465865135193,-17.54421043395996,0.75
215200,0.6755465865135193,-17.54421043395996,0.75
215300,0.6755465865135193,-17.54421043395996,0.75
215400,0.6755465865135193,-17.54421043395996,0.75
215500,0.6755465865135193,-17.54421043395996,0.75
215600,0.6755465865135193,-17.54421043395996,0.75
215700,0.6755465865135193,-17.54421043395996,0.75
215800,0.6755465865135193,-17.54421043395996,0.75
215900,0.6755465865135193,-17.54421043395996,0.75
216000,0.6755465865135193,-17.54421043395996,0.75
216100,0.6755465865135193,-17.54421043395996,0.75
216200,0.6755465865135193,-17.54421043395996,0.75
216300,0.6755465865135193,-17.54421043395996,0.75
216400,0.6755465865135193,-17.54421043395996,0.75
216500,0.6755465865135193,-17.54421043395996,0.75
216600,0.6755465865135193,-17.54421043395996,0.75
216700,0.6755465865135193,-17.54421043395996,0.75
216800,0.6755465865135193,-17.54421043395996,0.75
216900,0.6755465865135193,-17.54421043395996,0.75
217000,0.6755465865135193,-17.54421043395996,0.75
217100,0.6755465865135193,-17.54421043395996,0.75
217200,0.6755465865135193,-17.54421043395996,0.75
217300,0.6755465865135193,-17.54421043395996,0.75
217400,0.6755465865135193,-17.54421043395996,0.75
217500,0.6755465865135193,-17.54421043395996,0.75
217600,0.6755465865135193,-17.54421043395996,0.75
217700,0.6755465865135193,-17.54421043395996,0.75
217800,0.6755465865135193,-17.54421043395996,0.75
217900,0.6755465865135193,-17.54421043395996,0.75
218000,0.6755465865135193,-17.54421043395996,0.75
218100,0.6755465865135193,-17.54421043395996,0.75
218200,0.6755465865135193,-17.54421043395996,0.75
218300,0.6755465865135193,-17.54421043395996,0.75
218400,0.6755465865135193,-17.54421043395996,0.74
218500,0.6755465865135193,-17.54421043395996,0.74
218600,0.6755465865135193,-17.54421043395996,0.74
218700,0.6755465865135193,-17.54421043395996,0.74
218800,0.6755465865135193,-17.54421043395996,0.74
218900,0.6755465865135193,-17.54421043395996,0.74
219000,0.6755465865135193,-17.54421043395996,0.74
219100,0.6755465865135193,-17.54421043395996,0.74
219200,0.6755465865135193,-17.54421043395996,0.74
219300,0.6755465865135193,-17.54421043395996,0.74
219400,0.6755465865135193,-17.54421043395996,0.74
219500,0.6755465865135193,-17.54421043395996,0.74
219600,0.6755465865135193,-17.54421043395996,0.74
219700,0.6755465865135193,-17.54421043395996,0.74
219800,0.6755465865135193,-17.54421043395996,0.74
219900,0.6755465865135193,-17.54421043395996,0.74
220000,0.6755465865135193,-17.54421043395996,0.74
220100,0.6755465865135193,-17.54421043395996,0.74
220200,0.6755465865135193,-17.54421043395996,0.74
220300,0.6755465865135193,-17.54421043395996,0.74
220400,0.6755465865135193,-17.54421043395996,0.74
220500,0.6755465865135193,-17.54421043395996,0.74
220600,0.6755465865135193,-17.54421043395996,0.74
220700,0.6755465865135193,-17.54421043395996,0.74
220800,0.6755465865135193,-17.54421043395996,0.74
220900,0.6755465865135193,-17.54421043395996,0.74
221000,0.6755465865135193,-17.54421043395996,0.74
221100,0.6755465865135193,-17.54421043395996,0.74
221200,0.6755465865135193,-17.54421043395996,0.74
221300,0.6755465865135193,-17.54421043395996,0.74
221400,0.6755465865135193,-17.54421043395996,0.74
221500,0.6755465865135193,-17.54421043395996,0.74
221600,0.6755465865135193,-17.54421043395996,0.74
221700,0.6755465865135193,-17.54421043395996,0.74
221800,0.6755465865135193,-17.54421043395996,0.74
221900,0.6755465865135193,-17.54421043395996,0.74
222000,0.6755465865135193,-17.54421043395996,0.74
222100,0.6755465865135193,-17.54421043395996,0.74
222200,0.6755465865135193,-17.54421043395996,0.74
222300,0.6755465865135193,-17.54421043395996,0.74
222400,0.6755465865135193,-17.54421043395996,0.74
222500,0.6755465865135193,-17.54421043395996,0.74
222600,0.6755465865135193,-17.54421043395996,0.74
222700,0.6755465865135193,-17.54421043395996,0.74
222800,0.6755465865135193,-17.54421043395996,0.74
222900,0.6755465865135193,-17.54421043395996,0.74
223000,0.6755465865135193,-17.54421043395996,0.74
223100,0.6755465865135193,-17.54421043395996,0.74
223200,0.6755465865135193,-17.54421043395996,0.74
223300,0.6755465865135193,-17.54421043395996,0.74
223400,0.6755465865135193,-17.54421043395996,0.74
223500,0.6755465865135193,-17.54421043395996,0.74
223600,0.6755465865135193,-17.54421043395996,0.73
223700,0.6755465865135193,-17.54421043395996,0.73
223800,0.6755465865135193,-17.54421043395996,0.73
223900,0.6755465865135193,-17.54421043395996,0.73
224000,0.6755465865135193,-17.54421043395996,0.73
224100,0.6755465865135193,-17.54421043395996,0.73
224200,0.6755465865135193,-17.54421043395996,0.73
224300,0.6755465865135193,-17.54421043395996,0.73
224400,0.6755465865135193,-17.54421043395996,0.73
224500,0.6755465865135193,-17.54421043395996,0.73
224600,0.6755465865135193,-17.54421043395996,0.73
224700,0.6755465865135193,-17.54421043395996,0.73
224800,0.6755465865135193,-17.54421043395996,0.73
224900,0.6755465865135193,-17.54421043395996,0.73
225000,0.6755465865135193,-17.54421043395996,0.73
225100,0.6755465865135193,-17.54421043395996,0.73
225200,0.6755465865135193,-17.54421043395996,0.73
225300,0.6755465865135193,-17.54421043395996,0.73
225400,0.6755465865135193,-17.54421043395996,0.73
225500,0.6755465865135193,-17.54421043395996,0.73
225600,0.6755465865135193,-17.54421043395996,0.73
225700,0.6755465865135193,-17.54421043395996,0.73
225800,0.6755465865135193,-17.54421043395996,0.73
225900,0.6755465865135193,-17.54421043395996,0.73
226000,0.6755465865135193,-17.54421043395996,0.73
226100,0.6755465865135193,-17.54421043395996,0.73
226200,0.6755465865135193,-17.54421043395996,0.73
226300,0.6755465865135193,-17.54421043395996,0.73
226400,0.6755465865135193,-17.54421043395996,0.73
226500,0.6755465865135193,-17.54421043395996,0.73
226600,0.6755465865135193,-17.54421043395996,0.73
226700,0.6755465865135193,-17.54421043395996,0.73
226800,0.6755465865135193,-17.54421043395996,0.73
226900,0.6755465865135193,-17.54421043395996,0.73
227000,0.6755465865135193,-17.54421043395996,0.73
227100,0.6755465865135193,-17.54421043395996,0.73
227200,0.6755465865135193,-17.54421043395996,0.73
227300,0.6755465865135193,-17.54421043395996,0.73
227400,0.6755465865135193,-17.54421043395996,0.73
227500,0.6755465865135193,-17.54421043395996,0.73
227600,0.6755465865135193,-17.54421043395996,0.73
227700,0.6755465865135193,-17.54421043395996,0.73
227800,0.6755465865135193,-17.54421043395996,0.73
227900,0.6755465865135193,-17.54421043395996,0.73
228000,0.6755465865135193,-17.54421043395996,0.73
228100,0.6755465865135193,-17.54421043395996,0.73
228200,0.6755465865135193,-17.54421043395996,0.73
228300,0.6755465865135193,-17.54421043395996,0.73
228400,0.6755465865135193,-17.54421043395996,0.73
228500,0.6755465865135193,-17.54421043395996,0.73
228600,0.6755465865135193,-17.54421043395996,0.73
228700,0.6755465865135193,-17.54421043395996,0.73
228800,0.6755465865135193,-17.54421043395996,0.76
228900,0.6755465865135193,-17.54421043395996,0.76
229000,0.6755465865135193,-17.54421043395996,0.76
229100,0.6755465865135193,-17.54421043395996,0.76
229200,0.6755465865135193,-17.54421043395996,0.76
229300,0.6755465865135193,-17.54421043395996,0.76
229400,0.6755465865135193,-17.54421043395996,0.76
229500,0.6755465865135193,-17.54421043395996,0.76
229600,0.6755465865135193,-17.54421043395996,0.76
229700,0.6755465865135193,-17.54421043395996,0.76
229800,0.6755465865135193,-17.54421043395996,0.76
229900,0.6755465865135193,-17.54421043395996,0.76
230000,0.6755465865135193,-17.54421043395996,0.76
230100,0.6755465865135193,-17.54421043395996,0.76
230200,0.6755465865135193,-17.54421043395996,0.76
230300,0.6755465865135193,-17.54421043395996,0.76
230400,0.6755465865135193,-17.54421043395996,0.76
230500,0.6755465865135193,-17.54421043395996,0.76
230600,0.6755465865135193,-17.54421043395996,0.76
230700,0.6755465865135193,-17.54421043395996,0.76
230800,0.6755465865135193,-17.54421043395996,0.76
230900,0.6755465865135193,-17.54421043395996,0.76
231000,0.6755465865135193,-17.54421043395996,0.76
231100,0.6755465865135193,-17.54421043395996,0.76
231200,0.6755465865135193,-17.54421043395996,0.76
231300,0.6755465865135193,-17.54421043395996,0.76
231400,0.6755465865135193,-17.54421043395996,0.76
231500,0.6755465865135193,-17.54421043395996,0.76
231600,0.6755465865135193,-17.54421043395996,0.76
231700,0.6755465865135193,-17.54421043395996,0.76
231800,0.6755465865135193,-17.54421043395996,0.76
231900,0.6755465865135193,-17.54421043395996,0.76
232000,0.6755465865135193,-17.54421043395996,0.76
232100,0.6755465865135193,-17.54421043395996,0.76
232200,0.6755465865135193,-17.54421043395996,0.76
232300,0.6755465865135193,-17.54421043395996,0.76
232400,0.6755465865135193,-17.54421043395996,0.76
232500,0.6755465865135193,-17.54421043395996,0.76
232600,0.6755465865135193,-17.54421043395996,0.76
232700,0.6755465865135193,-17.54421043395996,0.76
232800,0.6755465865135193,-17.54421043395996,0.76
232900,0.6755465865135193,-17.54421043395996,0.76
233000,0.6755465865135193,-17.54421043395996,0.76
233100,0.6755465865135193,-17.54421043395996,0.76
233200,0.6755465865135193,-17.54421043395996,0.76
233300,0.6755465865135193,-17.54421043395996,0.76
233400,0.6755465865135193,-17.54421043395996,0.76
233500,0.6755465865135193,-17.54421043395996,0.76
233600,0.6755465865135193,-17.54421043395996,0.76
233700,0.6755465865135193,-17.54421043395996,0.76
233800,0.6755465865135193,-17.54421043395996,0.76
233900,0.6755465865135193,-17.54421043395996,0.76
234000,0.6755465865135193,-17.54421043395996,0.77
234100,0.6755465865135193,-17.54421043395996,0.77
234200,0.6755465865135193,-17.54421043395996,0.77
234300,0.6755465865135193,-17.54421043395996,0.77
234400,0.6755465865135193,-17.54421043395996,0.77
234500,0.6755465865135193,-17.54421043395996,0.77
234600,0.6755465865135193,-17.54421043395996,0.77
234700,0.6755465865135193,-17.54421043395996,0.77
234800,0.6755465865135193,-17.54421043395996,0.77
234900,0.6755465865135193,-17.54421043395996,0.77
235000,0.6755465865135193,-17.54421043395996,0.77
235100,0.6755465865135193,-17.54421043395996,0.77
235200,0.6755465865135193,-17.54421043395996,0.77
235300,0.6755465865135193,-17.54421043395996,0.77
235400,0.6755465865135193,-17.54421043395996,0.77
235500,0.6755465865135193,-17.54421043395996,0.77
235600,0.6755465865135193,-17.54421043395996,0.77
235700,0.6755465865135193,-17.54421043395996,0.77
235800,0.6755465865135193,-17.54421043395996,0.77
235900,0.6755465865135193,-17.54421043395996,0.77
236000,0.6755465865135193,-17.54421043395996,0.77
236100,0.6755465865135193,-17.54421043395996,0.77
236200,0.6755465865135193,-17.54421043395996,0.77
236300,0.6755465865135193,-17.54421043395996,0.77
236400,0.6755465865135193,-17.54421043395996,0.77
236500,0.6755465865135193,-17.54421043395996,0.77
236600,0.6755465865135193,-17.54421043395996,0.77
236700,0.6755465865135193,-17.54421043395996,0.77
236800,0.6755465865135193,-17.54421043395996,0.77
236900,0.6755465865135193,-17.54421043395996,0.77
237000,0.6755465865135193,-17.54421043395996,0.77
237100,0.6755465865135193,-17.54421043395996,0.77
237200,0.6755465865135193,-17.54421043395996,0.77
237300,0.6755465865135193,-17.54421043395996,0.77
237400,0.6755465865135193,-17.54421043395996,0.77
237500,0.6755465865135193,-17.54421043395996,0.77
237600,0.6755465865135193,-17.54421043395996,0.77
237700,0.6755465865135193,-17.54421043395996,0.77
237800,0.6755465865135193,-17.54421043395996,0.77
237900,0.6755465865135193,-17.54421043395996,0.77
238000,0.6755465865135193,-17.54421043395996,0.77
238100,0.6755465865135193,-17.54421043395996,0.77
238200,0.6755465865135193,-17.54421043395996,0.77
238300,0.6755465865135193,-17.54421043395996,0.77
238400,0.6755465865135193,-17.54421043395996,0.77
238500,0.6755465865135193,-17.54421043395996,0.77
238600,0.6755465865135193,-17.54421043395996,0.77
238700,0.6755465865135193,-17.54421043395996,0.77
238800,0.6755465865135193,-17.54421043395996,0.77
238900,0.6755465865135193,-17.54421043395996,0.77
239000,0.6755465865135193,-17.54421043395996,0.77
239100,0.6755465865135193,-17.54421043395996,0.77
239200,0.6755465865135193,-17.54421043395996,0.75
239300,0.6755465865135193,-17.54421043395996,0.75
239400,0.6755465865135193,-17.54421043395996,0.75
239500,0.6755465865135193,-17.54421043395996,0.75
239600,0.6755465865135193,-17.54421043395996,0.75
239700,0.6755465865135193,-17.54421043395996,0.75
239800,0.6755465865135193,-17.54421043395996,0.75
239900,0.6755465865135193,-17.54421043395996,0.75
240000,0.6755465865135193,-17.54421043395996,0.75
240100,0.6755465865135193,-17.54421043395996,0.75
240200,0.6755465865135193,-17.54421043395996,0.75
240300,0.6755465865135193,-17.54421043395996,0.75
240400,0.6755465865135193,-17.54421043395996,0.75
240500,0.6755465865135193,-17.54421043395996,0.75
240600,0.6755465865135193,-17.54421043395996,0.75
240700,0.6755465865135193,-17.54421043395996,0.75
240800,0.6755465865135193,-17.54421043395996,0.75
240900,0.6755465865135193,-17.54421043395996,0.75
241000,0.6755465865135193,-17.54421043395996,0.75
241100,0.6755465865135193,-17.54421043395996,0.75
241200,0.6755465865135193,-17.54421043395996,0.75
241300,0.6755465865135193,-17.54421043395996,0.75
241400,0.6755465865135193,-17.54421043395996,0.75
241500,0.6755465865135193,-17.54421043395996,0.75
241600,0.6755465865135193,-17.54421043395996,0.75
241700,0.6755465865135193,-17.54421043395996,0.75
241800,0.6755465865135193,-17.54421043395996,0.75
241900,0.6755465865135193,-17.54421043395996,0.75
242000,0.6755465865135193,-17.54421043395996,0.75
242100,0.6755465865135193,-17.54421043395996,0.75
242200,0.6755465865135193,-17.54421043395996,0.75
242300,0.6755465865135193,-17.54421043395996,0.75
242400,0.6755465865135193,-17.54421043395996,0.75
242500,0.6755465865135193,-17.54421043395996,0.75
242600,0.6755465865135193,-17.54421043395996,0.75
242700,0.6755465865135193,-17.54421043395996,0.75
242800,0.6755465865135193,-17.54421043395996,0.75
242900,0.6755465865135193,-17.54421043395996,0.75
243000,0.6755465865135193,-17.54421043395996,0.75
243100,0.6755465865135193,-17.54421043395996,0.75
243200,0.6755465865135193,-17.54421043395996,0.75
243300,0.6755465865135193,-17.54421043395996,0.75
243400,0.6755465865135193,-17.54421043395996,0.75
243500,0.6755465865135193,-17.54421043395996,0.75
243600,0.6755465865135193,-17.54421043395996,0.75
243700,0.6755465865135193,-17.54421043395996,0.75
243800,0.6755465865135193,-17.54421043395996,0.75
243900,0.6755465865135193,-17.54421043395996,0.75
244000,0.6755465865135193,-17.54421043395996,0.75
244100,0.6755465865135193,-17.54421043395996,0.75
244200,0.6755465865135193,-17.54421043395996,0.75
244300,0.6755465865135193,-17.54421043395996,0.75
244400,0.6755465865135193,-17.54421043395996,0.75
244500,0.6755465865135193,-17.54421043395996,0.75
244600,0.6755465865135193,-17.54421043395996,0.75
244700,0.6755465865135193,-17.54421043395996,0.75
244800,0.6755465865135193,-17.54421043395996,0.75
244900,0.6755465865135193,-17.54421043395996,0.75
245000,0.6755465865135193,-17.54421043395996,0.75
245100,0.6755465865135193,-17.54421043395996,0.75
245200,0.6755465865135193,-17.54421043395996,0.75
245300,0.6755465865135193,-17.54421043395996,0.75
245400,0.6755465865135193,-17.54421043395996,0.75
245500,0.6755465865135193,-17.54421043395996,0.75
245600,0.6755465865135193,-17.54421043395996,0.75
245700,0.6755465865135193,-17.54421043395996,0.75
245800,0.6755465865135193,-17.54421043395996,0.75
245900,0.6755465865135193,-17.54421043395996,0.75
246000,0.6755465865135193,-17.54421043395996,0.75
246100,0.6755465865135193,-17.54421043395996,0.75
246200,0.6755465865135193,-17.54421043395996,0.75
246300,0.6755465865135193,-17.54421043395996,0.75
246400,0.6755465865135193,-17.54421043395996,0.75
246500,0.6755465865135193,-17.54421043395996,0.75
246600,0.6755465865135193,-17.54421043395996,0.75
246700,0.6755465865135193,-17.54421043395996,0.75
246800,0.6755465865135193,-17.54421043395996,0.75
246900,0.6755465865135193,-17.54421043395996,0.75
247000,0.6755465865135193,-17.54421043395996,0.75
247100,0.6755465865135193,-17.54421043395996,0.75
247200,0.6755465865135193,-17.54421043395996,0.75
247300,0.6755465865135193,-17.54421043395996,0.75
247400,0.6755465865135193,-17.54421043395996,0.75
247500,0.6755465865135193,-17.54421043395996,0.75
247600,0.6755465865135193,-17.54421043395996,0.75
247700,0.6755465865135193,-17.54421043395996,0.75
247800,0.6755465865135193,-17.54421043395996,0.75
247900,0.6755465865135193,-17.54421043395996,0.75
248000,0.6755465865135193,-17.54421043395996,0.75
248100,0.6755465865135193,-17.54421043395996,0.75
248200,0.6755465865135193,-17.54421043395996,0.75
248300,0.6755465865135193,-17.54421043395996,0.75
248400,0.6755465865135193,-17.54421043395996,0.75
248500,0.6755465865135193,-17.54421043395996,0.75
248600,0.6755465865135193,-17.54421043395996,0.75
248700,0.6755465865135193,-17.54421043395996,0.75
248800,0.6755465865135193,-17.54421043395996,0.75
248900,0.6755465865135193,-17.54421043395996,0.75
249000,0.6755465865135193,-17.54421043395996,0.75
249100,0.6755465865135193,-17.54421043395996,0.75
249200,0.6755465865135193,-17.54421043395996,0.75
249300,0.6755465865135193,-17.54421043395996,0.75
249400,0.6755465865135193,-17.54421043395996,0.75
249500,0.6755465865135193,-17.54421043395996,0.75
249600,0.6755465865135193,-17.54421043395996,0.76
249700,0.6755465865135193,-17.54421043395996,0.76
249800,0.6755465865135193,-17.54421043395996,0.76
249900,0.6755465865135193,-17.54421043395996,0.76
250000,0.6755465865135193,-17.54421043395996,0.76
250100,0.6755465865135193,-17.54421043395996,0.76
250200,0.6755465865135193,-17.54421043395996,0.76
250300,0.6755465865135193,-17.54421043395996,0.76
250400,0.6755465865135193,-17.54421043395996,0.76
250500,0.6755465865135193,-17.54421043395996,0.76
250600,0.6755465865135193,-17.54421043395996,0.76
250700,0.6755465865135193,-17.54421043395996,0.76
250800,0.6755465865135193,-17.54421043395996,0.76
250900,0.6755465865135193,-17.54421043395996,0.76
251000,0.6755465865135193,-17.54421043395996,0.76
251100,0.6755465865135193,-17.54421043395996,0.76
251200,0.6755465865135193,-17.54421043395996,0.76
251300,0.6755465865135193,-17.54421043395996,0.76
251400,0.6755465865135193,-17.54421043395996,0.76
251500,0.6755465865135193,-17.54421043395996,0.76
251600,0.6755465865135193,-17.54421043395996,0.76
251700,0.6755465865135193,-17.54421043395996,0.76
251800,0.6755465865135193,-17.54421043395996,0.76
251900,0.6755465865135193,-17.54421043395996,0.76
252000,0.6755465865135193,-17.54421043395996,0.76
252100,0.6755465865135193,-17.54421043395996,0.76
252200,0.6755465865135193,-17.54421043395996,0.76
252300,0.6755465865135193,-17.54421043395996,0.76
252400,0.6755465865135193,-17.54421043395996,0.76
252500,0.6755465865135193,-17.54421043395996,0.76
252600,0.6755465865135193,-17.54421043395996,0.76
252700,0.6755465865135193,-17.54421043395996,0.76
252800,0.6755465865135193,-17.54421043395996,0.76
252900,0.6755465865135193,-17.54421043395996,0.76
253000,0.6755465865135193,-17.54421043395996,0.76
253100,0.6755465865135193,-17.54421043395996,0.76
253200,0.6755465865135193,-17.54421043395996,0.76
253300,0.6755465865135193,-17.54421043395996,0.76
253400,0.6755465865135193,-17.54421043395996,0.76
253500,0.6755465865135193,-17.54421043395996,0.76
253600,0.6755465865135193,-17.54421043395996,0.76
253700,0.6755465865135193,-17.54421043395996,0.76
253800,0.6755465865135193,-17.54421043395996,0.76
253900,0.6755465865135193,-17.54421043395996,0.76
254000,0.6755465865135193,-17.54421043395996,0.76
254100,0.6755465865135193,-17.54421043395996,0.76
254200,0.6755465865135193,-17.54421043395996,0.76
254300,0.6755465865135193,-17.54421043395996,0.76
254400,0.6755465865135193,-17.54421043395996,0.76
254500,0.6755465865135193,-17.54421043395996,0.76
254600,0.6755465865135193,-17.54421043395996,0.76
254700,0.6755465865135193,-17.54421043395996,0.76
254800,0.6755465865135193,-17.54421043395996,0.75
254900,0.6755465865135193,-17.54421043395996,0.75
255000,0.6755465865135193,-17.54421043395996,0.75
255100,0.6755465865135193,-17.54421043395996,0.75
255200,0.6755465865135193,-17.54421043395996,0.75
255300,0.6755465865135193,-17.54421043395996,0.75
255400,0.6755465865135193,-17.54421043395996,0.75
255500,0.6755465865135193,-17.54421043395996,0.75
255600,0.6755465865135193,-17.54421043395996,0.75
255700,0.6755465865135193,-17.54421043395996,0.75
255800,0.6755465865135193,-17.54421043395996,0.75
255900,0.6755465865135193,-17.54421043395996,0.75
256000,0.6755465865135193,-17.54421043395996,0.75
256100,0.6755465865135193,-17.54421043395996,0.75
256200,0.6755465865135193,-17.54421043395996,0.75
256300,0.6755465865135193,-17.54421043395996,0.75
256400,0.6755465865135193,-17.54421043395996,0.75
256500,0.6755465865135193,-17.54421043395996,0.75
256600,0.6755465865135193,-17.54421043395996,0.75
256700,0.6755465865135193,-17.54421043395996,0.75
256800,0.6755465865135193,-17.54421043395996,0.75
256900,0.6755465865135193,-17.54421043395996,0.75
257000,0.6755465865135193,-17.54421043395996,0.75
257100,0.6755465865135193,-17.54421043395996,0.75
257200,0.6755465865135193,-17.54421043395996,0.75
257300,0.6755465865135193,-17.54421043395996,0.75
257400,0.6755465865135193,-17.54421043395996,0.75
257500,0.6755465865135193,-17.54421043395996,0.75
257600,0.6755465865135193,-17.54421043395996,0.75
257700,0.6755465865135193,-17.54421043395996,0.75
257800,0.6755465865135193,-17.54421043395996,0.75
257900,0.6755465865135193,-17.54421043395996,0.75
258000,0.6755465865135193,-17.54421043395996,0.75
258100,0.6755465865135193,-17.54421043395996,0.75
258200,0.6755465865135193,-17.54421043395996,0.75
258300,0.6755465865135193,-17.54421043395996,0.75
258400,0.6755465865135193,-17.54421043395996,0.75
258500,0.6755465865135193,-17.54421043395996,0.75
258600,0.6755465865135193,-17.54421043395996,0.75
258700,0.6755465865135193,-17.54421043395996,0.75
258800,0.6755465865135193,-17.54421043395996,0.75
258900,0.6755465865135193,-17.54421043395996,0.75
259000,0.6755465865135193,-17.54421043395996,0.75
259100,0.6755465865135193,-17.54421043395996,0.75
259200,0.6755465865135193,-17.54421043395996,0.75
259300,0.6755465865135193,-17.54421043395996,0.75
259400,0.6755465865135193,-17.54421043395996,0.75
259500,0.6755465865135193,-17.54421043395996,0.75
259600,0.6755465865135193,-17.54421043395996,0.75
259700,0.6755465865135193,-17.54421043395996,0.75
259800,0.6755465865135193,-17.54421043395996,0.75
259900,0.6755465865135193,-17.54421043395996,0.75
260000,0.6755465865135193,-17.54421043395996,0.75
260100,0.6755465865135193,-17.54421043395996,0.75
260200,0.6755465865135193,-17.54421043395996,0.75
260300,0.6755465865135193,-17.54421043395996,0.75
260400,0.6755465865135193,-17.54421043395996,0.75
260500,0.6755465865135193,-17.54421043395996,0.75
260600,0.6755465865135193,-17.54421043395996,0.75
260700,0.6755465865135193,-17.54421043395996,0.75
260800,0.6755465865135193,-17.54421043395996,0.75
260900,0.6755465865135193,-17.54421043395996,0.75
261000,0.6755465865135193,-17.54421043395996,0.75
261100,0.6755465865135193,-17.54421043395996,0.75
261200,0.6755465865135193,-17.54421043395996,0.75
261300,0.6755465865135193,-17.54421043395996,0.75
261400,0.6755465865135193,-17.54421043395996,0.75
261500,0.6755465865135193,-17.54421043395996,0.75
261600,0.6755465865135193,-17.54421043395996,0.75
261700,0.6755465865135193,-17.54421043395996,0.75
261800,0.6755465865135193,-17.54421043395996,0.75
261900,0.6755465865135193,-17.54421043395996,0.75
262000,0.6755465865135193,-17.54421043395996,0.75
262100,0.6755465865135193,-17.54421043395996,0.75
262200,0.6755465865135193,-17.54421043395996,0.75
262300,0.6755465865135193,-17.54421043395996,0.75
262400,0.6755465865135193,-17.54421043395996,0.75
262500,0.6755465865135193,-17.54421043395996,0.75
262600,0.6755465865135193,-17.54421043395996,0.75
262700,0.6755465865135193,-17.54421043395996,0.75
262800,0.6755465865135193,-17.54421043395996,0.75
262900,0.6755465865135193,-17.54421043395996,0.75
263000,0.6755465865135193,-17.54421043395996,0.75
263100,0.6755465865135193,-17.54421043395996,0.75
263200,0.6755465865135193,-17.54421043395996,0.75
263300,0.6755465865135193,-17.54421043395996,0.75
263400,0.6755465865135193,-17.54421043395996,0.75
263500,0.6755465865135193,-17.54421043395996,0.75
263600,0.6755465865135193,-17.54421043395996,0.75
263700,0.6755465865135193,-17.54421043395996,0.75
263800,0.6755465865135193,-17.54421043395996,0.75
263900,0.6755465865135193,-17.54421043395996,0.75
264000,0.6755465865135193,-17.54421043395996,0.75
264100,0.6755465865135193,-17.54421043395996,0.75
264200,0.6755465865135193,-17.54421043395996,0.75
264300,0.6755465865135193,-17.54421043395996,0.75
264400,0.6755465865135193,-17.54421043395996,0.75
264500,0.6755465865135193,-17.54421043395996,0.75
264600,0.6755465865135193,-17.54421043395996,0.75
264700,0.6755465865135193,-17.54421043395996,0.75
264800,0.6755465865135193,-17.54421043395996,0.75
264900,0.6755465865135193,-17.54421043395996,0.75
265000,0.6755465865135193,-17.54421043395996,0.75
265100,0.6755465865135193,-17.54421043395996,0.75
265200,0.6755465865135193,-17.54421043395996,0.75
265300,0.6755465865135193,-17.54421043395996,0.75
265400,0.6755465865135193,-17.54421043395996,0.75
265500,0.6755465865135193,-17.54421043395996,0.75
265600,0.6755465865135193,-17.54421043395996,0.75
265700,0.6755465865135193,-17.54421043395996,0.75
265800,0.6755465865135193,-17.54421043395996,0.75
265900,0.6755465865135193,-17.54421043395996,0.75
266000,0.6755465865135193,-17.54421043395996,0.75
266100,0.6755465865135193,-17.54421043395996,0.75
266200,0.6755465865135193,-17.54421043395996,0.75
266300,0.6755465865135193,-17.54421043395996,0.75
266400,0.6755465865135193,-17.54421043395996,0.75
266500,0.6755465865135193,-17.54421043395996,0.75
266600,0.6755465865135193,-17.54421043395996,0.75
266700,0.6755465865135193,-17.54421043395996,0.75
266800,0.6755465865135193,-17.54421043395996,0.75
266900,0.6755465865135193,-17.54421043395996,0.75
267000,0.6755465865135193,-17.54421043395996,0.75
267100,0.6755465865135193,-17.54421043395996,0.75
267200,0.6755465865135193,-17.54421043395996,0.75
267300,0.6755465865135193,-17.54421043395996,0.75
267400,0.6755465865135193,-17.54421043395996,0.75
267500,0.6755465865135193,-17.54421043395996,0.75
267600,0.6755465865135193,-17.54421043395996,0.75
267700,0.6755465865135193,-17.54421043395996,0.75
267800,0.6755465865135193,-17.54421043395996,0.75
267900,0.6755465865135193,-17.54421043395996,0.75
268000,0.6755465865135193,-17.54421043395996,0.75
268100,0.6755465865135193,-17.54421043395996,0.75
268200,0.6755465865135193,-17.54421043395996,0.75
268300,0.6755465865135193,-17.54421043395996,0.75
268400,0.6755465865135193,-17.54421043395996,0.75
268500,0.6755465865135193,-17.54421043395996,0.75
268600,0.6755465865135193,-17.54421043395996,0.75
268700,0.6755465865135193,-17.54421043395996,0.75
268800,0.6755465865135193,-17.54421043395996,0.75
268900,0.6755465865135193,-17.54421043395996,0.75
269000,0.6755465865135193,-17.54421043395996,0.75
269100,0.6755465865135193,-17.54421043395996,0.75
269200,0.6755465865135193,-17.54421043395996,0.75
269300,0.6755465865135193,-17.54421043395996,0.75
269400,0.6755465865135193,-17.54421043395996,0.75
269500,0.6755465865135193,-17.54421043395996,0.75
269600,0.6755465865135193,-17.54421043395996,0.75
269700,0.6755465865135193,-17.54421043395996,0.75
269800,0.6755465865135193,-17.54421043395996,0.75
269900,0.6755465865135193,-17.54421043395996,0.75
270000,0.6755465865135193,-17.54421043395996,0.75
270100,0.6755465865135193,-17.54421043395996,0.75
270200,0.6755465865135193,-17.54421043395996,0.75
270300,0.6755465865135193,-17.54421043395996,0.75
270400,0.6755465865135193,-17.54421043395996,0.75
270500,0.6755465865135193,-17.54421043395996,0.75
270600,0.6755465865135193,-17.54421043395996,0.75
270700,0.6755465865135193,-17.54421043395996,0.75
270800,0.6755465865135193,-17.54421043395996,0.75
270900,0.6755465865135193,-17.54421043395996,0.75
271000,0.6755465865135193,-17.54421043395996,0.75
271100,0.6755465865135193,-17.54421043395996,0.75
271200,0.6755465865135193,-17.54421043395996,0.75
271300,0.6755465865135193,-17.54421043395996,0.75
271400,0.6755465865135193,-17.54421043395996,0.75
271500,0.6755465865135193,-17.54421043395996,0.75
271600,0.6755465865135193,-17.54421043395996,0.75
271700,0.6755465865135193,-17.54421043395996,0.75
271800,0.6755465865135193,-17.54421043395996,0.75
271900,0.6755465865135193,-17.54421043395996,0.75
272000,0.6755465865135193,-17.54421043395996,0.75
272100,0.6755465865135193,-17.54421043395996,0.75
272200,0.6755465865135193,-17.54421043395996,0.75
272300,0.6755465865135193,-17.54421043395996,0.75
272400,0.6755465865135193,-17.54421043395996,0.75
272500,0.6755465865135193,-17.54421043395996,0.75
272600,0.6755465865135193,-17.54421043395996,0.75
272700,0.6755465865135193,-17.54421043395996,0.75
272800,0.6755465865135193,-17.54421043395996,0.75
272900,0.6755465865135193,-17.54421043395996,0.75
273000,0.6755465865135193,-17.54421043395996,0.75
273100,0.6755465865135193,-17.54421043395996,0.75
273200,0.6755465865135193,-17.54421043395996,0.75
273300,0.6755465865135193,-17.54421043395996,0.75
273400,0.6755465865135193,-17.54421043395996,0.75
273500,0.6755465865135193,-17.54421043395996,0.75
273600,0.6755465865135193,-17.54421043395996,0.75
273700,0.6755465865135193,-17.54421043395996,0.75
273800,0.6755465865135193,-17.54421043395996,0.75
273900,0.6755465865135193,-17.54421043395996,0.75
274000,0.6755465865135193,-17.54421043395996,0.75
274100,0.6755465865135193,-17.54421043395996,0.75
274200,0.6755465865135193,-17.54421043395996,0.75
274300,0.6755465865135193,-17.54421043395996,0.75
274400,0.6755465865135193,-17.54421043395996,0.75
274500,0.6755465865135193,-17.54421043395996,0.75
274600,0.6755465865135193,-17.54421043395996,0.75
274700,0.6755465865135193,-17.54421043395996,0.75
274800,0.6755465865135193,-17.54421043395996,0.75
274900,0.6755465865135193,-17.54421043395996,0.75
275000,0.6755465865135193,-17.54421043395996,0.75
275100,0.6755465865135193,-17.54421043395996,0.75
275200,0.6755465865135193,-17.54421043395996,0.75
275300,0.6755465865135193,-17.54421043395996,0.75
275400,0.6755465865135193,-17.54421043395996,0.75
275500,0.6755465865135193,-17.54421043395996,0.75
275600,0.6755465865135193,-17.54421043395996,0.74
275700,0.6755465865135193,-17.54421043395996,0.74
275800,0.6755465865135193,-17.54421043395996,0.74
275900,0.6755465865135193,-17.54421043395996,0.74
276000,0.6755465865135193,-17.54421043395996,0.74
276100,0.6755465865135193,-17.54421043395996,0.74
276200,0.6755465865135193,-17.54421043395996,0.74
276300,0.6755465865135193,-17.54421043395996,0.74
276400,0.6755465865135193,-17.54421043395996,0.74
276500,0.6755465865135193,-17.54421043395996,0.74
276600,0.6755465865135193,-17.54421043395996,0.74
276700,0.6755465865135193,-17.54421043395996,0.74
276800,0.6755465865135193,-17.54421043395996,0.74
276900,0.6755465865135193,-17.54421043395996,0.74
277000,0.6755465865135193,-17.54421043395996,0.74
277100,0.6755465865135193,-17.54421043395996,0.74
277200,0.6755465865135193,-17.54421043395996,0.74
277300,0.6755465865135193,-17.54421043395996,0.74
277400,0.6755465865135193,-17.54421043395996,0.74
277500,0.6755465865135193,-17.54421043395996,0.74
277600,0.6755465865135193,-17.54421043395996,0.74
277700,0.6755465865135193,-17.54421043395996,0.74
277800,0.6755465865135193,-17.54421043395996,0.74
277900,0.6755465865135193,-17.54421043395996,0.74
278000,0.6755465865135193,-17.54421043395996,0.74
278100,0.6755465865135193,-17.54421043395996,0.74
278200,0.6755465865135193,-17.54421043395996,0.74
278300,0.6755465865135193,-17.54421043395996,0.74
278400,0.6755465865135193,-17.54421043395996,0.74
278500,0.6755465865135193,-17.54421043395996,0.74
278600,0.6755465865135193,-17.54421043395996,0.74
278700,0.6755465865135193,-17.54421043395996,0.74
278800,0.6755465865135193,-17.54421043395996,0.74
278900,0.6755465865135193,-17.54421043395996,0.74
279000,0.6755465865135193,-17.54421043395996,0.74
279100,0.6755465865135193,-17.54421043395996,0.74
279200,0.6755465865135193,-17.54421043395996,0.74
279300,0.6755465865135193,-17.54421043395996,0.74
279400,0.6755465865135193,-17.54421043395996,0.74
279500,0.6755465865135193,-17.54421043395996,0.74
279600,0.6755465865135193,-17.54421043395996,0.74
279700,0.6755465865135193,-17.54421043395996,0.74
279800,0.6755465865135193,-17.54421043395996,0.74
279900,0.6755465865135193,-17.54421043395996,0.74
280000,0.6755465865135193,-17.54421043395996,0.74
280100,0.6755465865135193,-17.54421043395996,0.74
280200,0.6755465865135193,-17.54421043395996,0.74
280300,0.6755465865135193,-17.54421043395996,0.74
280400,0.6755465865135193,-17.54421043395996,0.74
280500,0.6755465865135193,-17.54421043395996,0.74
280600,0.6755465865135193,-17.54421043395996,0.74
280700,0.6755465865135193,-17.54421043395996,0.74
280800,0.6755465865135193,-17.54421043395996,0.75
280900,0.6755465865135193,-17.54421043395996,0.75
281000,0.6755465865135193,-17.54421043395996,0.75
281100,0.6755465865135193,-17.54421043395996,0.75
281200,0.6755465865135193,-17.54421043395996,0.75
281300,0.6755465865135193,-17.54421043395996,0.75
281400,0.6755465865135193,-17.54421043395996,0.75
281500,0.6755465865135193,-17.54421043395996,0.75
281600,0.6755465865135193,-17.54421043395996,0.75
281700,0.6755465865135193,-17.54421043395996,0.75
281800,0.6755465865135193,-17.54421043395996,0.75
281900,0.6755465865135193,-17.54421043395996,0.75
282000,0.6755465865135193,-17.54421043395996,0.75
282100,0.6755465865135193,-17.54421043395996,0.75
282200,0.6755465865135193,-17.54421043395996,0.75
282300,0.6755465865135193,-17.54421043395996,0.75
282400,0.6755465865135193,-17.54421043395996,0.75
282500,0.6755465865135193,-17.54421043395996,0.75
282600,0.6755465865135193,-17.54421043395996,0.75
282700,0.6755465865135193,-17.54421043395996,0.75
282800,0.6755465865135193,-17.54421043395996,0.75
282900,0.6755465865135193,-17.54421043395996,0.75
283000,0.6755465865135193,-17.54421043395996,0.75
283100,0.6755465865135193,-17.54421043395996,0.75
283200,0.6755465865135193,-17.54421043395996,0.75
283300,0.6755465865135193,-17.54421043395996,0.75
283400,0.6755465865135193,-17.54421043395996,0.75
283500,0.6755465865135193,-17.54421043395996,0.75
283600,0.6755465865135193,-17.54421043395996,0.75
283700,0.6755465865135193,-17.54421043395996,0.75
283800,0.6755465865135193,-17.54421043395996,0.75
283900,0.6755465865135193,-17.54421043395996,0.75
284000,0.6755465865135193,-17.54421043395996,0.75
284100,0.6755465865135193,-17.54421043395996,0.75
284200,0.6755465865135193,-17.54421043395996,0.75
284300,0.6755465865135193,-17.54421043395996,0.75
284400,0.6755465865135193,-17.54421043395996,0.75
284500,0.6755465865135193,-17.54421043395996,0.75
284600,0.6755465865135193,-17.54421043395996,0.75
284700,0.6755465865135193,-17.54421043395996,0.75
284800,0.6755465865135193,-17.54421043395996,0.75
284900,0.6755465865135193,-17.54421043395996,0.75
285000,0.6755465865135193,-17.54421043395996,0.75
285100,0.6755465865135193,-17.54421043395996,0.75
285200,0.6755465865135193,-17.54421043395996,0.75
285300,0.6755465865135193,-17.54421043395996,0.75
285400,0.6755465865135193,-17.54421043395996,0.75
285500,0.6755465865135193,-17.54421043395996,0.75
285600,0.6755465865135193,-17.54421043395996,0.75
285700,0.6755465865135193,-17.54421043395996,0.75
285800,0.6755465865135193,-17.54421043395996,0.75
285900,0.6755465865135193,-17.54421043395996,0.75
286000,0.6755465865135193,-17.54421043395996,0.77
286100,0.6755465865135193,-17.54421043395996,0.77
286200,0.6755465865135193,-17.54421043395996,0.77
286300,0.6755465865135193,-17.54421043395996,0.77
286400,0.6755465865135193,-17.54421043395996,0.77
286500,0.6755465865135193,-17.54421043395996,0.77
286600,0.6755465865135193,-17.54421043395996,0.77
286700,0.6755465865135193,-17.54421043395996,0.77
286800,0.6755465865135193,-17.54421043395996,0.77
286900,0.6755465865135193,-17.54421043395996,0.77
287000,0.6755465865135193,-17.54421043395996,0.77
287100,0.6755465865135193,-17.54421043395996,0.77
287200,0.6755465865135193,-17.54421043395996,0.77
287300,0.6755465865135193,-17.54421043395996,0.77
287400,0.6755465865135193,-17.54421043395996,0.77
287500,0.6755465865135193,-17.54421043395996,0.77
287600,0.6755465865135193,-17.54421043395996,0.77
287700,0.6755465865135193,-17.54421043395996,0.77
287800,0.6755465865135193,-17.54421043395996,0.77
287900,0.6755465865135193,-17.54421043395996,0.77
288000,0.6755465865135193,-17.54421043395996,0.77
288100,0.6755465865135193,-17.54421043395996,0.77
288200,0.6755465865135193,-17.54421043395996,0.77
288300,0.6755465865135193,-17.54421043395996,0.77
288400,0.6755465865135193,-17.54421043395996,0.77
288500,0.6755465865135193,-17.54421043395996,0.77
288600,0.6755465865135193,-17.54421043395996,0.77
288700,0.6755465865135193,-17.54421043395996,0.77
288800,0.6755465865135193,-17.54421043395996,0.77
288900,0.6755465865135193,-17.54421043395996,0.77
289000,0.6755465865135193,-17.54421043395996,0.77
289100,0.6755465865135193,-17.54421043395996,0.77
289200,0.6755465865135193,-17.54421043395996,0.77
289300,0.6755465865135193,-17.54421043395996,0.77
289400,0.6755465865135193,-17.54421043395996,0.77
289500,0.6755465865135193,-17.54421043395996,0.77
289600,0.6755465865135193,-17.54421043395996,0.77
289700,0.6755465865135193,-17.54421043395996,0.77
289800,0.6755465865135193,-17.54421043395996,0.77
289900,0.6755465865135193,-17.54421043395996,0.77
290000,0.6755465865135193,-17.54421043395996,0.77
290100,0.6755465865135193,-17.54421043395996,0.77
290200,0.6755465865135193,-17.54421043395996,0.77
290300,0.6755465865135193,-17.54421043395996,0.77
290400,0.6755465865135193,-17.54421043395996,0.77
290500,0.6755465865135193,-17.54421043395996,0.77
290600,0.6755465865135193,-17.54421043395996,0.77
290700,0.6755465865135193,-17.54421043395996,0.77
290800,0.6755465865135193,-17.54421043395996,0.77
290900,0.6755465865135193,-17.54421043395996,0.77
291000,0.6755465865135193,-17.54421043395996,0.77
291100,0.6755465865135193,-17.54421043395996,0.77
291200,0.6755465865135193,-17.54421043395996,0.77
291300,0.6755465865135193,-17.54421043395996,0.77
291400,0.6755465865135193,-17.54421043395996,0.77
291500,0.6755465865135193,-17.54421043395996,0.77
291600,0.6755465865135193,-17.54421043395996,0.77
291700,0.6755465865135193,-17.54421043395996,0.77
291800,0.6755465865135193,-17.54421043395996,0.77
291900,0.6755465865135193,-17.54421043395996,0.77
292000,0.6755465865135193,-17.54421043395996,0.77
292100,0.6755465865135193,-17.54421043395996,0.77
292200,0.6755465865135193,-17.54421043395996,0.77
292300,0.6755465865135193,-17.54421043395996,0.77
292400,0.6755465865135193,-17.54421043395996,0.77
292500,0.6755465865135193,-17.54421043395996,0.77
292600,0.6755465865135193,-17.54421043395996,0.77
292700,0.6755465865135193,-17.54421043395996,0.77
292800,0.6755465865135193,-17.54421043395996,0.77
292900,0.6755465865135193,-17.54421043395996,0.77
293000,0.6755465865135193,-17.54421043395996,0.77
293100,0.6755465865135193,-17.54421043395996,0.77
293200,0.6755465865135193,-17.54421043395996,0.77
293300,0.6755465865135193,-17.54421043395996,0.77
293400,0.6755465865135193,-17.54421043395996,0.77
293500,0.6755465865135193,-17.54421043395996,0.77
293600,0.6755465865135193,-17.54421043395996,0.77
293700,0.6755465865135193,-17.54421043395996,0.77
293800,0.6755465865135193,-17.54421043395996,0.77
293900,0.6755465865135193,-17.54421043395996,0.77
294000,0.6755465865135193,-17.54421043395996,0.77
294100,0.6755465865135193,-17.54421043395996,0.77
294200,0.6755465865135193,-17.54421043395996,0.77
294300,0.6755465865135193,-17.54421043395996,0.77
294400,0.6755465865135193,-17.54421043395996,0.77
294500,0.6755465865135193,-17.54421043395996,0.77
294600,0.6755465865135193,-17.54421043395996,0.77
294700,0.6755465865135193,-17.54421043395996,0.77
294800,0.6755465865135193,-17.54421043395996,0.77
294900,0.6755465865135193,-17.54421043395996,0.77
295000,0.6755465865135193,-17.54421043395996,0.77
295100,0.6755465865135193,-17.54421043395996,0.77
295200,0.6755465865135193,-17.54421043395996,0.77
295300,0.6755465865135193,-17.54421043395996,0.77
295400,0.6755465865135193,-17.54421043395996,0.77
295500,0.6755465865135193,-17.54421043395996,0.77
295600,0.6755465865135193,-17.54421043395996,0.77
295700,0.6755465865135193,-17.54421043395996,0.77
295800,0.6755465865135193,-17.54421043395996,0.77
295900,0.6755465865135193,-17.54421043395996,0.77
296000,0.6755465865135193,-17.54421043395996,0.77
296100,0.6755465865135193,-17.54421043395996,0.77
296200,0.6755465865135193,-17.54421043395996,0.77
296300,0.6755465865135193,-17.54421043395996,0.77
296400,0.6755465865135193,-17.54421043395996,0.74
296500,0.6755465865135193,-17.54421043395996,0.74
296600,0.6755465865135193,-17.54421043395996,0.74
296700,0.6755465865135193,-17.54421043395996,0.74
296800,0.6755465865135193,-17.54421043395996,0.74
296900,0.6755465865135193,-17.54421043395996,0.74
297000,0.6755465865135193,-17.54421043395996,0.74
297100,0.6755465865135193,-17.54421043395996,0.74
297200,0.6755465865135193,-17.54421043395996,0.74
297300,0.6755465865135193,-17.54421043395996,0.74
297400,0.6755465865135193,-17.54421043395996,0.74
297500,0.6755465865135193,-17.54421043395996,0.74
297600,0.6755465865135193,-17.54421043395996,0.74
297700,0.6755465865135193,-17.54421043395996,0.74
297800,0.6755465865135193,-17.54421043395996,0.74
297900,0.6755465865135193,-17.54421043395996,0.74
298000,0.6755465865135193,-17.54421043395996,0.74
298100,0.6755465865135193,-17.54421043395996,0.74
298200,0.6755465865135193,-17.54421043395996,0.74
298300,0.6755465865135193,-17.54421043395996,0.74
298400,0.6755465865135193,-17.54421043395996,0.74
298500,0.6755465865135193,-17.54421043395996,0.74
298600,0.6755465865135193,-17.54421043395996,0.74
298700,0.6755465865135193,-17.54421043395996,0.74
298800,0.6755465865135193,-17.54421043395996,0.74
298900,0.6755465865135193,-17.54421043395996,0.74
299000,0.6755465865135193,-17.54421043395996,0.74
299100,0.6755465865135193,-17.54421043395996,0.74
299200,0.6755465865135193,-17.54421043395996,0.74
299300,0.6755465865135193,-17.54421043395996,0.74
299400,0.6755465865135193,-17.54421043395996,0.74
299500,0.6755465865135193,-17.54421043395996,0.74
299600,0.6755465865135193,-17.54421043395996,0.74
299700,0.6755465865135193,-17.54421043395996,0.74
299800,0.6755465865135193,-17.54421043395996,0.74
299900,0.6755465865135193,-17.54421043395996,0.74
300000,0.6755465865135193,-17.54421043395996,0.74
300100,0.6755465865135193,-17.54421043395996,0.74
300200,0.6755465865135193,-17.54421043395996,0.74
300300,0.6755465865135193,-17.54421043395996,0.74
300400,0.6755465865135193,-17.54421043395996,0.74
300500,0.6755465865135193,-17.54421043395996,0.74
300600,0.6755465865135193,-17.54421043395996,0.74
300700,0.6755465865135193,-17.54421043395996,0.74
300800,0.6755465865135193,-17.54421043395996,0.74
300900,0.6755465865135193,-17.54421043395996,0.74
301000,0.6755465865135193,-17.54421043395996,0.74
301100,0.6755465865135193,-17.54421043395996,0.74
301200,0.6755465865135193,-17.54421043395996,0.74
301300,0.6755465865135193,-17.54421043395996,0.74
301400,0.6755465865135193,-17.54421043395996,0.74
301500,0.6755465865135193,-17.54421043395996,0.74
301600,0.6755465865135193,-17.54421043395996,0.74
301700,0.6755465865135193,-17.54421043395996,0.74
301800,0.6755465865135193,-17.54421043395996,0.74
301900,0.6755465865135193,-17.54421043395996,0.74
302000,0.6755465865135193,-17.54421043395996,0.74
302100,0.6755465865135193,-17.54421043395996,0.74
302200,0.6755465865135193,-17.54421043395996,0.74
302300,0.6755465865135193,-17.54421043395996,0.74
302400,0.6755465865135193,-17.54421043395996,0.74
302500,0.6755465865135193,-17.54421043395996,0.74
302600,0.6755465865135193,-17.54421043395996,0.74
302700,0.6755465865135193,-17.54421043395996,0.74
302800,0.6755465865135193,-17.54421043395996,0.74
302900,0.6755465865135193,-17.54421043395996,0.74
303000,0.6755465865135193,-17.54421043395996,0.74
303100,0.6755465865135193,-17.54421043395996,0.74
303200,0.6755465865135193,-17.54421043395996,0.74
303300,0.6755465865135193,-17.54421043395996,0.74
303400,0.6755465865135193,-17.54421043395996,0.74
303500,0.6755465865135193,-17.54421043395996,0.74
303600,0.6755465865135193,-17.54421043395996,0.74
303700,0.6755465865135193,-17.54421043395996,0.74
303800,0.6755465865135193,-17.54421043395996,0.74
303900,0.6755465865135193,-17.54421043395996,0.74
304000,0.6755465865135193,-17.54421043395996,0.74
304100,0.6755465865135193,-17.54421043395996,0.74
304200,0.6755465865135193,-17.54421043395996,0.74
304300,0.6755465865135193,-17.54421043395996,0.74
304400,0.6755465865135193,-17.54421043395996,0.74
304500,0.6755465865135193,-17.54421043395996,0.74
304600,0.6755465865135193,-17.54421043395996,0.74
304700,0.6755465865135193,-17.54421043395996,0.74
304800,0.6755465865135193,-17.54421043395996,0.74
304900,0.6755465865135193,-17.54421043395996,0.74
305000,0.6755465865135193,-17.54421043395996,0.74
305100,0.6755465865135193,-17.54421043395996,0.74
305200,0.6755465865135193,-17.54421043395996,0.74
305300,0.6755465865135193,-17.54421043395996,0.74
305400,0.6755465865135193,-17.54421043395996,0.74
305500,0.6755465865135193,-17.54421043395996,0.74
305600,0.6755465865135193,-17.54421043395996,0.74
305700,0.6755465865135193,-17.54421043395996,0.74
305800,0.6755465865135193,-17.54421043395996,0.74
305900,0.6755465865135193,-17.54421043395996,0.74
306000,0.6755465865135193,-17.54421043395996,0.74
306100,0.6755465865135193,-17.54421043395996,0.74
306200,0.6755465865135193,-17.54421043395996,0.74
306300,0.6755465865135193,-17.54421043395996,0.74
306400,0.6755465865135193,-17.54421043395996,0.74
306500,0.6755465865135193,-17.54421043395996,0.74
306600,0.6755465865135193,-17.54421043395996,0.74
306700,0.6755465865135193,-17.54421043395996,0.74
306800,0.6755465865135193,-17.54421043395996,0.77
306900,0.6755465865135193,-17.54421043395996,0.77
307000,0.6755465865135193,-17.54421043395996,0.77
307100,0.6755465865135193,-17.54421043395996,0.77
307200,0.6755465865135193,-17.54421043395996,0.77
307300,0.6755465865135193,-17.54421043395996,0.77
307400,0.6755465865135193,-17.54421043395996,0.77
307500,0.6755465865135193,-17.54421043395996,0.77
307600,0.6755465865135193,-17.54421043395996,0.77
307700,0.6755465865135193,-17.54421043395996,0.77
307800,0.6755465865135193,-17.54421043395996,0.77
307900,0.6755465865135193,-17.54421043395996,0.77
308000,0.6755465865135193,-17.54421043395996,0.77
308100,0.6755465865135193,-17.54421043395996,0.77
308200,0.6755465865135193,-17.54421043395996,0.77
308300,0.6755465865135193,-17.54421043395996,0.77
308400,0.6755465865135193,-17.54421043395996,0.77
308500,0.6755465865135193,-17.54421043395996,0.77
308600,0.6755465865135193,-17.54421043395996,0.77
308700,0.6755465865135193,-17.54421043395996,0.77
308800,0.6755465865135193,-17.54421043395996,0.77
308900,0.6755465865135193,-17.54421043395996,0.77
309000,0.6755465865135193,-17.54421043395996,0.77
309100,0.6755465865135193,-17.54421043395996,0.77
309200,0.6755465865135193,-17.54421043395996,0.77
309300,0.6755465865135193,-17.54421043395996,0.77
309400,0.6755465865135193,-17.54421043395996,0.77
309500,0.6755465865135193,-17.54421043395996,0.77
309600,0.6755465865135193,-17.54421043395996,0.77
309700,0.6755465865135193,-17.54421043395996,0.77
309800,0.6755465865135193,-17.54421043395996,0.77
309900,0.6755465865135193,-17.54421043395996,0.77
310000,0.6755465865135193,-17.54421043395996,0.77
310100,0.6755465865135193,-17.54421043395996,0.77
310200,0.6755465865135193,-17.54421043395996,0.77
310300,0.6755465865135193,-17.54421043395996,0.77
310400,0.6755465865135193,-17.54421043395996,0.77
310500,0.6755465865135193,-17.54421043395996,0.77
310600,0.6755465865135193,-17.54421043395996,0.77
310700,0.6755465865135193,-17.54421043395996,0.77
310800,0.6755465865135193,-17.54421043395996,0.77
310900,0.6755465865135193,-17.54421043395996,0.77
311000,0.6755465865135193,-17.54421043395996,0.77
311100,0.6755465865135193,-17.54421043395996,0.77
311200,0.6755465865135193,-17.54421043395996,0.77
311300,0.6755465865135193,-17.54421043395996,0.77
311400,0.6755465865135193,-17.54421043395996,0.77
311500,0.6755465865135193,-17.54421043395996,0.77
311600,0.6755465865135193,-17.54421043395996,0.77
311700,0.6755465865135193,-17.54421043395996,0.77
311800,0.6755465865135193,-17.54421043395996,0.77
311900,0.6755465865135193,-17.54421043395996,0.77
312000,0.6755465865135193,-17.54421043395996,0.75
312100,0.6755465865135193,-17.54421043395996,0.75
312200,0.6755465865135193,-17.54421043395996,0.75
312300,0.6755465865135193,-17.54421043395996,0.75
312400,0.6755465865135193,-17.54421043395996,0.75
312500,0.6755465865135193,-17.54421043395996,0.75
312600,0.6755465865135193,-17.54421043395996,0.75
312700,0.6755465865135193,-17.54421043395996,0.75
312800,0.6755465865135193,-17.54421043395996,0.75
312900,0.6755465865135193,-17.54421043395996,0.75
313000,0.6755465865135193,-17.54421043395996,0.75
313100,0.6755465865135193,-17.54421043395996,0.75
313200,0.6755465865135193,-17.54421043395996,0.75
313300,0.6755465865135193,-17.54421043395996,0.75
313400,0.6755465865135193,-17.54421043395996,0.75
313500,0.6755465865135193,-17.54421043395996,0.75
313600,0.6755465865135193,-17.54421043395996,0.75
313700,0.6755465865135193,-17.54421043395996,0.75
313800,0.6755465865135193,-17.54421043395996,0.75
313900,0.6755465865135193,-17.54421043395996,0.75
314000,0.6755465865135193,-17.54421043395996,0.75
314100,0.6755465865135193,-17.54421043395996,0.75
314200,0.6755465865135193,-17.54421043395996,0.75
314300,0.6755465865135193,-17.54421043395996,0.75
314400,0.6755465865135193,-17.54421043395996,0.75
314500,0.6755465865135193,-17.54421043395996,0.75
314600,0.6755465865135193,-17.54421043395996,0.75
314700,0.6755465865135193,-17.54421043395996,0.75
314800,0.6755465865135193,-17.54421043395996,0.75
314900,0.6755465865135193,-17.54421043395996,0.75
315000,0.6755465865135193,-17.54421043395996,0.75
315100,0.6755465865135193,-17.54421043395996,0.75
315200,0.6755465865135193,-17.54421043395996,0.75
315300,0.6755465865135193,-17.54421043395996,0.75
315400,0.6755465865135193,-17.54421043395996,0.75
315500,0.6755465865135193,-17.54421043395996,0.75
315600,0.6755465865135193,-17.54421043395996,0.75
315700,0.6755465865135193,-17.54421043395996,0.75
315800,0.6755465865135193,-17.54421043395996,0.75
315900,0.6755465865135193,-17.54421043395996,0.75
316000,0.6755465865135193,-17.54421043395996,0.75
316100,0.6755465865135193,-17.54421043395996,0.75
316200,0.6755465865135193,-17.54421043395996,0.75
316300,0.6755465865135193,-17.54421043395996,0.75
316400,0.6755465865135193,-17.54421043395996,0.75
316500,0.6755465865135193,-17.54421043395996,0.75
316600,0.6755465865135193,-17.54421043395996,0.75
316700,0.6755465865135193,-17.54421043395996,0.75
316800,0.6755465865135193,-17.54421043395996,0.75
316900,0.6755465865135193,-17.54421043395996,0.75
317000,0.6755465865135193,-17.54421043395996,0.75
317100,0.6755465865135193,-17.54421043395996,0.75
317200,0.6755465865135193,-17.54421043395996,0.75
317300,0.6755465865135193,-17.54421043395996,0.75
317400,0.6755465865135193,-17.54421043395996,0.75
317500,0.6755465865135193,-17.54421043395996,0.75
317600,0.6755465865135193,-17.54421043395996,0.75
317700,0.6755465865135193,-17.54421043395996,0.75
317800,0.6755465865135193,-17.54421043395996,0.75
317900,0.6755465865135193,-17.54421043395996,0.75
318000,0.6755465865135193,-17.54421043395996,0.75
318100,0.6755465865135193,-17.54421043395996,0.75
318200,0.6755465865135193,-17.54421043395996,0.75
318300,0.6755465865135193,-17.54421043395996,0.75
318400,0.6755465865135193,-17.54421043395996,0.75
318500,0.6755465865135193,-17.54421043395996,0.75
318600,0.6755465865135193,-17.54421043395996,0.75
318700,0.6755465865135193,-17.54421043395996,0.75
318800,0.6755465865135193,-17.54421043395996,0.75
318900,0.6755465865135193,-17.54421043395996,0.75
319000,0.6755465865135193,-17.54421043395996,0.75
319100,0.6755465865135193,-17.54421043395996,0.75
319200,0.6755465865135193,-17.54421043395996,0.75
319300,0.6755465865135193,-17.54421043395996,0.75
319400,0.6755465865135193,-17.54421043395996,0.75
319500,0.6755465865135193,-17.54421043395996,0.75
319600,0.6755465865135193,-17.54421043395996,0.75
319700,0.6755465865135193,-17.54421043395996,0.75
319800,0.6755465865135193,-17.54421043395996,0.75
319900,0.6755465865135193,-17.54421043395996,0.75
320000,0.6755465865135193,-17.54421043395996,0.75
320100,0.6755465865135193,-17.54421043395996,0.75
320200,0.6755465865135193,-17.54421043395996,0.75
320300,0.6755465865135193,-17.54421043395996,0.75
320400,0.6755465865135193,-17.54421043395996,0.75
320500,0.6755465865135193,-17.54421043395996,0.75
320600,0.6755465865135193,-17.54421043395996,0.75
320700,0.6755465865135193,-17.54421043395996,0.75
320800,0.6755465865135193,-17.54421043395996,0.75
320900,0.6755465865135193,-17.54421043395996,0.75
321000,0.6755465865135193,-17.54421043395996,0.75
321100,0.6755465865135193,-17.54421043395996,0.75
321200,0.6755465865135193,-17.54421043395996,0.75
321300,0.6755465865135193,-17.54421043395996,0.75
321400,0.6755465865135193,-17.54421043395996,0.75
321500,0.6755465865135193,-17.54421043395996,0.75
321600,0.6755465865135193,-17.54421043395996,0.75
321700,0.6755465865135193,-17.54421043395996,0.75
321800,0.6755465865135193,-17.54421043395996,0.75
321900,0.6755465865135193,-17.54421043395996,0.75
322000,0.6755465865135193,-17.54421043395996,0.75
322100,0.6755465865135193,-17.54421043395996,0.75
322200,0.6755465865135193,-17.54421043395996,0.75
322300,0.6755465865135193,-17.54421043395996,0.75
322400,0.6755465865135193,-17.54421043395996,0.72
322500,0.6755465865135193,-17.54421043395996,0.72
322600,0.6755465865135193,-17.54421043395996,0.72
322700,0.6755465865135193,-17.54421043395996,0.72
322800,0.6755465865135193,-17.54421043395996,0.72
322900,0.6755465865135193,-17.54421043395996,0.72
323000,0.6755465865135193,-17.54421043395996,0.72
323100,0.6755465865135193,-17.54421043395996,0.72
323200,0.6755465865135193,-17.54421043395996,0.72
323300,0.6755465865135193,-17.54421043395996,0.72
323400,0.6755465865135193,-17.54421043395996,0.72
323500,0.6755465865135193,-17.54421043395996,0.72
323600,0.6755465865135193,-17.54421043395996,0.72
323700,0.6755465865135193,-17.54421043395996,0.72
323800,0.6755465865135193,-17.54421043395996,0.72
323900,0.6755465865135193,-17.54421043395996,0.72
324000,0.6755465865135193,-17.54421043395996,0.72
324100,0.6755465865135193,-17.54421043395996,0.72
324200,0.6755465865135193,-17.54421043395996,0.72
324300,0.6755465865135193,-17.54421043395996,0.72
324400,0.6755465865135193,-17.54421043395996,0.72
324500,0.6755465865135193,-17.54421043395996,0.72
324600,0.6755465865135193,-17.54421043395996,0.72
324700,0.6755465865135193,-17.54421043395996,0.72
324800,0.6755465865135193,-17.54421043395996,0.72
324900,0.6755465865135193,-17.54421043395996,0.72
325000,0.6755465865135193,-17.54421043395996,0.72
325100,0.6755465865135193,-17.54421043395996,0.72
325200,0.6755465865135193,-17.54421043395996,0.72
325300,0.6755465865135193,-17.54421043395996,0.72
325400,0.6755465865135193,-17.54421043395996,0.72
325500,0.6755465865135193,-17.54421043395996,0.72
325600,0.6755465865135193,-17.54421043395996,0.72
325700,0.6755465865135193,-17.54421043395996,0.72
325800,0.6755465865135193,-17.54421043395996,0.72
325900,0.6755465865135193,-17.54421043395996,0.72
326000,0.6755465865135193,-17.54421043395996,0.72
326100,0.6755465865135193,-17.54421043395996,0.72
326200,0.6755465865135193,-17.54421043395996,0.72
326300,0.6755465865135193,-17.54421043395996,0.72
326400,0.6755465865135193,-17.54421043395996,0.72
326500,0.6755465865135193,-17.54421043395996,0.72
326600,0.6755465865135193,-17.54421043395996,0.72
326700,0.6755465865135193,-17.54421043395996,0.72
326800,0.6755465865135193,-17.54421043395996,0.72
326900,0.6755465865135193,-17.54421043395996,0.72
327000,0.6755465865135193,-17.54421043395996,0.72
327100,0.6755465865135193,-17.54421043395996,0.72
327200,0.6755465865135193,-17.54421043395996,0.72
327300,0.6755465865135193,-17.54421043395996,0.72
327400,0.6755465865135193,-17.54421043395996,0.72
327500,0.6755465865135193,-17.54421043395996,0.72
327600,0.6755465865135193,-17.54421043395996,0.74
327700,0.6755465865135193,-17.54421043395996,0.74
327800,0.6755465865135193,-17.54421043395996,0.74
327900,0.6755465865135193,-17.54421043395996,0.74
328000,0.6755465865135193,-17.54421043395996,0.74
328100,0.6755465865135193,-17.54421043395996,0.74
328200,0.6755465865135193,-17.54421043395996,0.74
328300,0.6755465865135193,-17.54421043395996,0.74
328400,0.6755465865135193,-17.54421043395996,0.74
328500,0.6755465865135193,-17.54421043395996,0.74
328600,0.6755465865135193,-17.54421043395996,0.74
328700,0.6755465865135193,-17.54421043395996,0.74
328800,0.6755465865135193,-17.54421043395996,0.74
328900,0.6755465865135193,-17.54421043395996,0.74
329000,0.6755465865135193,-17.54421043395996,0.74
329100,0.6755465865135193,-17.54421043395996,0.74
329200,0.6755465865135193,-17.54421043395996,0.74
329300,0.6755465865135193,-17.54421043395996,0.74
329400,0.6755465865135193,-17.54421043395996,0.74
329500,0.6755465865135193,-17.54421043395996,0.74
329600,0.6755465865135193,-17.54421043395996,0.74
329700,0.6755465865135193,-17.54421043395996,0.74
329800,0.6755465865135193,-17.54421043395996,0.74
329900,0.6755465865135193,-17.54421043395996,0.74
330000,0.6755465865135193,-17.54421043395996,0.74
330100,0.6755465865135193,-17.54421043395996,0.74
330200,0.6755465865135193,-17.54421043395996,0.74
330300,0.6755465865135193,-17.54421043395996,0.74
330400,0.6755465865135193,-17.54421043395996,0.74
330500,0.6755465865135193,-17.54421043395996,0.74
330600,0.6755465865135193,-17.54421043395996,0.74
330700,0.6755465865135193,-17.54421043395996,0.74
330800,0.6755465865135193,-17.54421043395996,0.74
330900,0.6755465865135193,-17.54421043395996,0.74
331000,0.6755465865135193,-17.54421043395996,0.74
331100,0.6755465865135193,-17.54421043395996,0.74
331200,0.6755465865135193,-17.54421043395996,0.74
331300,0.6755465865135193,-17.54421043395996,0.74
331400,0.6755465865135193,-17.54421043395996,0.74
331500,0.6755465865135193,-17.54421043395996,0.74
331600,0.6755465865135193,-17.54421043395996,0.74
331700,0.6755465865135193,-17.54421043395996,0.74
331800,0.6755465865135193,-17.54421043395996,0.74
331900,0.6755465865135193,-17.54421043395996,0.74
332000,0.6755465865135193,-17.54421043395996,0.74
332100,0.6755465865135193,-17.54421043395996,0.74
332200,0.6755465865135193,-17.54421043395996,0.74
332300,0.6755465865135193,-17.54421043395996,0.74
332400,0.6755465865135193,-17.54421043395996,0.74
332500,0.6755465865135193,-17.54421043395996,0.74
332600,0.6755465865135193,-17.54421043395996,0.74
332700,0.6755465865135193,-17.54421043395996,0.74
332800,0.6755465865135193,-17.54421043395996,0.72
332900,0.6755465865135193,-17.54421043395996,0.72
333000,0.6755465865135193,-17.54421043395996,0.72
333100,0.6755465865135193,-17.54421043395996,0.72
333200,0.6755465865135193,-17.54421043395996,0.72
333300,0.6755465865135193,-17.54421043395996,0.72
333400,0.6755465865135193,-17.54421043395996,0.72
333500,0.6755465865135193,-17.54421043395996,0.72
333600,0.6755465865135193,-17.54421043395996,0.72
333700,0.6755465865135193,-17.54421043395996,0.72
333800,0.6755465865135193,-17.54421043395996,0.72
333900,0.6755465865135193,-17.54421043395996,0.72
334000,0.6755465865135193,-17.54421043395996,0.72
334100,0.6755465865135193,-17.54421043395996,0.72
334200,0.6755465865135193,-17.54421043395996,0.72
334300,0.6755465865135193,-17.54421043395996,0.72
334400,0.6755465865135193,-17.54421043395996,0.72
334500,0.6755465865135193,-17.54421043395996,0.72
334600,0.6755465865135193,-17.54421043395996,0.72
334700,0.6755465865135193,-17.54421043395996,0.72
334800,0.6755465865135193,-17.54421043395996,0.72
334900,0.6755465865135193,-17.54421043395996,0.72
335000,0.6755465865135193,-17.54421043395996,0.72
335100,0.6755465865135193,-17.54421043395996,0.72
335200,0.6755465865135193,-17.54421043395996,0.72
335300,0.6755465865135193,-17.54421043395996,0.72
335400,0.6755465865135193,-17.54421043395996,0.72
335500,0.6755465865135193,-17.54421043395996,0.72
335600,0.6755465865135193,-17.54421043395996,0.72
335700,0.6755465865135193,-17.54421043395996,0.72
335800,0.6755465865135193,-17.54421043395996,0.72
335900,0.6755465865135193,-17.54421043395996,0.72
336000,0.6755465865135193,-17.54421043395996,0.72
336100,0.6755465865135193,-17.54421043395996,0.72
336200,0.6755465865135193,-17.54421043395996,0.72
336300,0.6755465865135193,-17.54421043395996,0.72
336400,0.6755465865135193,-17.54421043395996,0.72
336500,0.6755465865135193,-17.54421043395996,0.72
336600,0.6755465865135193,-17.54421043395996,0.72
336700,0.6755465865135193,-17.54421043395996,0.72
336800,0.6755465865135193,-17.54421043395996,0.72
336900,0.6755465865135193,-17.54421043395996,0.72
337000,0.6755465865135193,-17.54421043395996,0.72
337100,0.6755465865135193,-17.54421043395996,0.72
337200,0.6755465865135193,-17.54421043395996,0.72
337300,0.6755465865135193,-17.54421043395996,0.72
337400,0.6755465865135193,-17.54421043395996,0.72
337500,0.6755465865135193,-17.54421043395996,0.72
337600,0.6755465865135193,-17.54421043395996,0.72
337700,0.6755465865135193,-17.54421043395996,0.72
337800,0.6755465865135193,-17.54421043395996,0.72
337900,0.6755465865135193,-17.54421043395996,0.72
338000,0.6755465865135193,-17.54421043395996,0.70
338100,0.6755465865135193,-17.54421043395996,0.70
338200,0.6755465865135193,-17.54421043395996,0.70
338300,0.6755465865135193,-17.54421043395996,0.70
338400,0.6755465865135193,-17.54421043395996,0.70
338500,0.6755465865135193,-17.54421043395996,0.70
338600,0.6755465865135193,-17.54421043395996,0.70
338700,0.6755465865135193,-17.54421043395996,0.70
338800,0.6755465865135193,-17.54421043395996,0.70
338900,0.6755465865135193,-17.54421043395996,0.70
339000,0.6755465865135193,-17.54421043395996,0.70
339100,0.6755465865135193,-17.54421043395996,0.70
339200,0.6755465865135193,-17.54421043395996,0.70
339300,0.6755465865135193,-17.54421043395996,0.70
339400,0.6755465865135193,-17.54421043395996,0.70
339500,0.6755465865135193,-17.54421043395996,0.70
339600,0.6755465865135193,-17.54421043395996,0.70
339700,0.6755465865135193,-17.54421043395996,0.70
339800,0.6755465865135193,-17.54421043395996,0.70
339900,0.6755465865135193,-17.54421043395996,0.70
340000,0.6755465865135193,-17.54421043395996,0.70
340100,0.6755465865135193,-17.54421043395996,0.70
340200,0.6755465865135193,-17.54421043395996,0.70
340300,0.6755465865135193,-17.54421043395996,0.70
340400,0.6755465865135193,-17.54421043395996,0.70
340500,0.6755465865135193,-17.54421043395996,0.70
340600,0.6755465865135193,-17.54421043395996,0.70
340700,0.6755465865135193,-17.54421043395996,0.70
340800,0.6755465865135193,-17.54421043395996,0.70
340900,0.6755465865135193,-17.54421043395996,0.70
341000,0.6755465865135193,-17.54421043395996,0.70
341100,0.6755465865135193,-17.54421043395996,0.70
341200,0.6755465865135193,-17.54421043395996,0.70
341300,0.6755465865135193,-17.54421043395996,0.70
341400,0.6755465865135193,-17.54421043395996,0.70
341500,0.6755465865135193,-17.54421043395996,0.70
341600,0.6755465865135193,-17.54421043395996,0.70
341700,0.6755465865135193,-17.54421043395996,0.70
341800,0.6755465865135193,-17.54421043395996,0.70
341900,0.6755465865135193,-17.54421043395996,0.70
342000,0.6755465865135193,-17.54421043395996,0.70
342100,0.6755465865135193,-17.54421043395996,0.70
342200,0.6755465865135193,-17.54421043395996,0.70
342300,0.6755465865135193,-17.54421043395996,0.70
342400,0.6755465865135193,-17.54421043395996,0.70
342500,0.6755465865135193,-17.54421043395996,0.70
342600,0.6755465865135193,-17.54421043395996,0.70
342700,0.6755465865135193,-17.54421043395996,0.70
342800,0.6755465865135193,-17.54421043395996,0.70
342900,0.6755465865135193,-17.54421043395996,0.70
343000,0.6755465865135193,-17.54421043395996,0.70
343100,0.6755465865135193,-17.54421043395996,0.70
343200,0.6755465865135193,-17.54421043395996,0.74
343300,0.6755465865135193,-17.54421043395996,0.74
343400,0.6755465865135193,-17.54421043395996,0.74
343500,0.6755465865135193,-17.54421043395996,0.74
343600,0.6755465865135193,-17.54421043395996,0.74
343700,0.6755465865135193,-17.54421043395996,0.74
343800,0.6755465865135193,-17.54421043395996,0.74
343900,0.6755465865135193,-17.54421043395996,0.74
344000,0.6755465865135193,-17.54421043395996,0.74
344100,0.6755465865135193,-17.54421043395996,0.74
344200,0.6755465865135193,-17.54421043395996,0.74
344300,0.6755465865135193,-17.54421043395996,0.74
344400,0.6755465865135193,-17.54421043395996,0.74
344500,0.6755465865135193,-17.54421043395996,0.74
344600,0.6755465865135193,-17.54421043395996,0.74
344700,0.6755465865135193,-17.54421043395996,0.74
344800,0.6755465865135193,-17.54421043395996,0.74
344900,0.6755465865135193,-17.54421043395996,0.74
345000,0.6755465865135193,-17.54421043395996,0.74
345100,0.6755465865135193,-17.54421043395996,0.74
345200,0.6755465865135193,-17.54421043395996,0.74
345300,0.6755465865135193,-17.54421043395996,0.74
345400,0.6755465865135193,-17.54421043395996,0.74
345500,0.6755465865135193,-17.54421043395996,0.74
345600,0.6755465865135193,-17.54421043395996,0.74
345700,0.6755465865135193,-17.54421043395996,0.74
345800,0.6755465865135193,-17.54421043395996,0.74
345900,0.6755465865135193,-17.54421043395996,0.74
346000,0.6755465865135193,-17.54421043395996,0.74
346100,0.6755465865135193,-17.54421043395996,0.74
346200,0.6755465865135193,-17.54421043395996,0.74
346300,0.6755465865135193,-17.54421043395996,0.74
346400,0.6755465865135193,-17.54421043395996,0.74
346500,0.6755465865135193,-17.54421043395996,0.74
346600,0.6755465865135193,-17.54421043395996,0.74
346700,0.6755465865135193,-17.54421043395996,0.74
346800,0.6755465865135193,-17.54421043395996,0.74
346900,0.6755465865135193,-17.54421043395996,0.74
347000,0.6755465865135193,-17.54421043395996,0.74
347100,0.6755465865135193,-17.54421043395996,0.74
347200,0.6755465865135193,-17.54421043395996,0.74
347300,0.6755465865135193,-17.54421043395996,0.74
347400,0.6755465865135193,-17.54421043395996,0.74
347500,0.6755465865135193,-17.54421043395996,0.74
347600,0.6755465865135193,-17.54421043395996,0.74
347700,0.6755465865135193,-17.54421043395996,0.74
347800,0.6755465865135193,-17.54421043395996,0.74
347900,0.6755465865135193,-17.54421043395996,0.74
348000,0.6755465865135193,-17.54421043395996,0.74
348100,0.6755465865135193,-17.54421043395996,0.74
348200,0.6755465865135193,-17.54421043395996,0.74
348300,0.6755465865135193,-17.54421043395996,0.74
348400,0.6755465865135193,-17.54421043395996,0.70
348500,0.6755465865135193,-17.54421043395996,0.70
348600,0.6755465865135193,-17.54421043395996,0.70
348700,0.6755465865135193,-17.54421043395996,0.70
348800,0.6755465865135193,-17.54421043395996,0.70
348900,0.6755465865135193,-17.54421043395996,0.70
349000,0.6755465865135193,-17.54421043395996,0.70
349100,0.6755465865135193,-17.54421043395996,0.70
349200,0.6755465865135193,-17.54421043395996,0.70
349300,0.6755465865135193,-17.54421043395996,0.70
349400,0.6755465865135193,-17.54421043395996,0.70
349500,0.6755465865135193,-17.54421043395996,0.70
349600,0.6755465865135193,-17.54421043395996,0.70
349700,0.6755465865135193,-17.54421043395996,0.70
349800,0.6755465865135193,-17.54421043395996,0.70
349900,0.6755465865135193,-17.54421043395996,0.70
350000,0.6755465865135193,-17.54421043395996,0.70
350100,0.6755465865135193,-17.54421043395996,0.70
350200,0.6755465865135193,-17.54421043395996,0.70
350300,0.6755465865135193,-17.54421043395996,0.70
350400,0.6755465865135193,-17.54421043395996,0.70
350500,0.6755465865135193,-17.54421043395996,0.70
350600,0.6755465865135193,-17.54421043395996,0.70
350700,0.6755465865135193,-17.54421043395996,0.70
350800,0.6755465865135193,-17.54421043395996,0.70
350900,0.6755465865135193,-17.54421043395996,0.70
351000,0.6755465865135193,-17.54421043395996,0.70
351100,0.6755465865135193,-17.54421043395996,0.70
351200,0.6755465865135193,-17.54421043395996,0.70
351300,0.6755465865135193,-17.54421043395996,0.70
351400,0.6755465865135193,-17.54421043395996,0.70
351500,0.6755465865135193,-17.54421043395996,0.70
351600,0.6755465865135193,-17.54421043395996,0.70
351700,0.6755465865135193,-17.54421043395996,0.70
351800,0.6755465865135193,-17.54421043395996,0.70
351900,0.6755465865135193,-17.54421043395996,0.70
352000,0.6755465865135193,-17.54421043395996,0.70
352100,0.6755465865135193,-17.54421043395996,0.70
352200,0.6755465865135193,-17.54421043395996,0.70
352300,0.6755465865135193,-17.54421043395996,0.70
352400,0.6755465865135193,-17.54421043395996,0.70
352500,0.6755465865135193,-17.54421043395996,0.70
352600,0.6755465865135193,-17.54421043395996,0.70
352700,0.6755465865135193,-17.54421043395996,0.70
352800,0.6755465865135193,-17.54421043395996,0.70
352900,0.6755465865135193,-17.54421043395996,0.70
353000,0.6755465865135193,-17.54421043395996,0.70
353100,0.6755465865135193,-17.54421043395996,0.70
353200,0.6755465865135193,-17.54421043395996,0.70
353300,0.6755465865135193,-17.54421043395996,0.70
353400,0.6755465865135193,-17.54421043395996,0.70
353500,0.6755465865135193,-17.54421043395996,0.70
353600,0.6755465865135193,-17.54421043395996,0.68
353700,0.6755465865135193,-17.54421043395996,0.68
353800,0.6755465865135193,-17.54421043395996,0.68
353900,0.6755465865135193,-17.54421043395996,0.68
354000,0.6755465865135193,-17.54421043395996,0.68
354100,0.6755465865135193,-17.54421043395996,0.68
354200,0.6755465865135193,-17.54421043395996,0.68
354300,0.6755465865135193,-17.54421043395996,0.68
354400,0.6755465865135193,-17.54421043395996,0.68
354500,0.6755465865135193,-17.54421043395996,0.68
354600,0.6755465865135193,-17.54421043395996,0.68
354700,0.6755465865135193,-17.54421043395996,0.68
354800,0.6755465865135193,-17.54421043395996,0.68
354900,0.6755465865135193,-17.54421043395996,0.68
355000,0.6755465865135193,-17.54421043395996,0.68
355100,0.6755465865135193,-17.54421043395996,0.68
355200,0.6755465865135193,-17.54421043395996,0.68
355300,0.6755465865135193,-17.54421043395996,0.68
355400,0.6755465865135193,-17.54421043395996,0.68
355500,0.6755465865135193,-17.54421043395996,0.68
355600,0.6755465865135193,-17.54421043395996,0.68
355700,0.6755465865135193,-17.54421043395996,0.68
355800,0.6755465865135193,-17.54421043395996,0.68
355900,0.6755465865135193,-17.54421043395996,0.68
356000,0.6755465865135193,-17.54421043395996,0.68
356100,0.6755465865135193,-17.54421043395996,0.68
356200,0.6755465865135193,-17.54421043395996,0.68
356300,0.6755465865135193,-17.54421043395996,0.68
356400,0.6755465865135193,-17.54421043395996,0.68
356500,0.6755465865135193,-17.54421043395996,0.68
356600,0.6755465865135193,-17.54421043395996,0.68
356700,0.6755465865135193,-17.54421043395996,0.68
356800,0.6755465865135193,-17.54421043395996,0.68
356900,0.6755465865135193,-17.54421043395996,0.68
357000,0.6755465865135193,-17.54421043395996,0.68
357100,0.6755465865135193,-17.54421043395996,0.68
357200,0.6755465865135193,-17.54421043395996,0.68
357300,0.6755465865135193,-17.54421043395996,0.68
357400,0.6755465865135193,-17.54421043395996,0.68
357500,0.6755465865135193,-17.54421043395996,0.68
357600,0.6755465865135193,-17.54421043395996,0.68
357700,0.6755465865135193,-17.54421043395996,0.68
357800,0.6755465865135193,-17.54421043395996,0.68
357900,0.6755465865135193,-17.54421043395996,0.68
358000,0.6755465865135193,-17.54421043395996,0.68
358100,0.6755465865135193,-17.54421043395996,0.68
358200,0.6755465865135193,-17.54421043395996,0.68
358300,0.6755465865135193,-17.54421043395996,0.68
358400,0.6755465865135193,-17.54421043395996,0.68
358500,0.6755465865135193,-17.54421043395996,0.68
358600,0.6755465865135193,-17.54421043395996,0.68
358700,0.6755465865135193,-17.54421043395996,0.68
358800,0.6755465865135193,-17.54421043395996,0.67
358900,0.6755465865135193,-17.54421043395996,0.67
359000,0.6755465865135193,-17.54421043395996,0.67
359100,0.6755465865135193,-17.54421043395996,0.67
359200,0.6755465865135193,-17.54421043395996,0.67
359300,0.6755465865135193,-17.54421043395996,0.67
359400,0.6755465865135193,-17.54421043395996,0.67
359500,0.6755465865135193,-17.54421043395996,0.67
359600,0.6755465865135193,-17.54421043395996,0.67
359700,0.6755465865135193,-17.54421043395996,0.67
359800,0.6755465865135193,-17.54421043395996,0.67
359900,0.6755465865135193,-17.54421043395996,0.67
360000,0.6755465865135193,-17.54421043395996,0.67
360100,0.6755465865135193,-17.54421043395996,0.67
360200,0.6755465865135193,-17.54421043395996,0.67
360300,0.6755465865135193,-17.54421043395996,0.67
360400,0.6755465865135193,-17.54421043395996,0.67
360500,0.6755465865135193,-17.54421043395996,0.67
360600,0.6755465865135193,-17.54421043395996,0.67
360700,0.6755465865135193,-17.54421043395996,0.67
360800,0.6755465865135193,-17.54421043395996,0.67
360900,0.6755465865135193,-17.54421043395996,0.67
361000,0.6755465865135193,-17.54421043395996,0.67
361100,0.6755465865135193,-17.54421043395996,0.67
361200,0.6755465865135193,-17.54421043395996,0.67
361300,0.6755465865135193,-17.54421043395996,0.67
361400,0.6755465865135193,-17.54421043395996,0.67
361500,0.6755465865135193,-17.54421043395996,0.67
361600,0.6755465865135193,-17.54421043395996,0.67
361700,0.6755465865135193,-17.54421043395996,0.67
361800,0.6755465865135193,-17.54421043395996,0.67
361900,0.6755465865135193,-17.54421043395996,0.67
362000,0.6755465865135193,-17.54421043395996,0.67
362100,0.6755465865135193,-17.54421043395996,0.67
362200,0.6755465865135193,-17.54421043395996,0.67
362300,0.6755465865135193,-17.54421043395996,0.67
362400,0.6755465865135193,-17.54421043395996,0.67
362500,0.6755465865135193,-17.54421043395996,0.67
362600,0.6755465865135193,-17.54421043395996,0.67
362700,0.6755465865135193,-17.54421043395996,0.67
362800,0.6755465865135193,-17.54421043395996,0.67
362900,0.6755465865135193,-17.54421043395996,0.67
363000,0.6755465865135193,-17.54421043395996,0.67
363100,0.6755465865135193,-17.54421043395996,0.67
363200,0.6755465865135193,-17.54421043395996,0.67
363300,0.6755465865135193,-17.54421043395996,0.67
363400,0.6755465865135193,-17.54421043395996,0.67
363500,0.6755465865135193,-17.54421043395996,0.67
363600,0.6755465865135193,-17.54421043395996,0.67
363700,0.6755465865135193,-17.54421043395996,0.67
363800,0.6755465865135193,-17.54421043395996,0.67
363900,0.6755465865135193,-17.54421043395996,0.67
364000,0.6755465865135193,-17.54421043395996,0.67
364100,0.6755465865135193,-17.54421043395996,0.67
364200,0.6755465865135193,-17.54421043395996,0.67
364300,0.6755465865135193,-17.54421043395996,0.67
364400,0.6755465865135193,-17.54421043395996,0.67
364500,0.6755465865135193,-17.54421043395996,0.67
364600,0.6755465865135193,-17.54421043395996,0.67
364700,0.6755465865135193,-17.54421043395996,0.67
364800,0.6755465865135193,-17.54421043395996,0.67
364900,0.6755465865135193,-17.54421043395996,0.67
365000,0.6755465865135193,-17.54421043395996,0.67
365100,0.6755465865135193,-17.54421043395996,0.67
365200,0.6755465865135193,-17.54421043395996,0.67
365300,0.6755465865135193,-17.54421043395996,0.67
365400,0.6755465865135193,-17.54421043395996,0.67
365500,0.6755465865135193,-17.54421043395996,0.67
365600,0.6755465865135193,-17.54421043395996,0.67
365700,0.6755465865135193,-17.54421043395996,0.67
365800,0.6755465865135193,-17.54421043395996,0.67
365900,0.6755465865135193,-17.54421043395996,0.67
366000,0.6755465865135193,-17.54421043395996,0.67
366100,0.6755465865135193,-17.54421043395996,0.67
366200,0.6755465865135193,-17.54421043395996,0.67
366300,0.6755465865135193,-17.54421043395996,0.67
366400,0.6755465865135193,-17.54421043395996,0.67
366500,0.6755465865135193,-17.54421043395996,0.67
366600,0.6755465865135193,-17.54421043395996,0.67
366700,0.6755465865135193,-17.54421043395996,0.67
366800,0.6755465865135193,-17.54421043395996,0.67
366900,0.6755465865135193,-17.54421043395996,0.67
367000,0.6755465865135193,-17.54421043395996,0.67
367100,0.6755465865135193,-17.54421043395996,0.67
367200,0.6755465865135193,-17.54421043395996,0.67
367300,0.6755465865135193,-17.54421043395996,0.67
367400,0.6755465865135193,-17.54421043395996,0.67
367500,0.6755465865135193,-17.54421043395996,0.67
367600,0.6755465865135193,-17.54421043395996,0.67
367700,0.6755465865135193,-17.54421043395996,0.67
367800,0.6755465865135193,-17.54421043395996,0.67
367900,0.6755465865135193,-17.54421043395996,0.67
368000,0.6755465865135193,-17.54421043395996,0.67
368100,0.6755465865135193,-17.54421043395996,0.67
368200,0.6755465865135193,-17.54421043395996,0.67
368300,0.6755465865135193,-17.54421043395996,0.67
368400,0.6755465865135193,-17.54421043395996,0.67
368500,0.6755465865135193,-17.54421043395996,0.67
368600,0.6755465865135193,-17.54421043395996,0.67
368700,0.6755465865135193,-17.54421043395996,0.67
368800,0.6755465865135193,-17.54421043395996,0.67
368900,0.6755465865135193,-17.54421043395996,0.67
369000,0.6755465865135193,-17.54421043395996,0.67
369100,0.6755465865135193,-17.54421043395996,0.67
369200,0.6755465865135193,-17.54421043395996,0.66
369300,0.6755465865135193,-17.54421043395996,0.66
369400,0.6755465865135193,-17.54421043395996,0.66
369500,0.6755465865135193,-17.54421043395996,0.66
369600,0.6755465865135193,-17.54421043395996,0.66
369700,0.6755465865135193,-17.54421043395996,0.66
369800,0.6755465865135193,-17.54421043395996,0.66
369900,0.6755465865135193,-17.54421043395996,0.66
370000,0.6755465865135193,-17.54421043395996,0.66
370100,0.6755465865135193,-17.54421043395996,0.66
370200,0.6755465865135193,-17.54421043395996,0.66
370300,0.6755465865135193,-17.54421043395996,0.66
370400,0.6755465865135193,-17.54421043395996,0.66
370500,0.6755465865135193,-17.54421043395996,0.66
370600,0.6755465865135193,-17.54421043395996,0.66
370700,0.6755465865135193,-17.54421043395996,0.66
370800,0.6755465865135193,-17.54421043395996,0.66
370900,0.6755465865135193,-17.54421043395996,0.66
371000,0.6755465865135193,-17.54421043395996,0.66
371100,0.6755465865135193,-17.54421043395996,0.66
371200,0.6755465865135193,-17.54421043395996,0.66
371300,0.6755465865135193,-17.54421043395996,0.66
371400,0.6755465865135193,-17.54421043395996,0.66
371500,0.6755465865135193,-17.54421043395996,0.66
371600,0.6755465865135193,-17.54421043395996,0.66
371700,0.6755465865135193,-17.54421043395996,0.66
371800,0.6755465865135193,-17.54421043395996,0.66
371900,0.6755465865135193,-17.54421043395996,0.66
372000,0.6755465865135193,-17.54421043395996,0.66
372100,0.6755465865135193,-17.54421043395996,0.66
372200,0.6755465865135193,-17.54421043395996,0.66
372300,0.6755465865135193,-17.54421043395996,0.66
372400,0.6755465865135193,-17.54421043395996,0.66
372500,0.6755465865135193,-17.54421043395996,0.66
372600,0.6755465865135193,-17.54421043395996,0.66
372700,0.6755465865135193,-17.54421043395996,0.66
372800,0.6755465865135193,-17.54421043395996,0.66
372900,0.6755465865135193,-17.54421043395996,0.66
373000,0.6755465865135193,-17.54421043395996,0.66
373100,0.6755465865135193,-17.54421043395996,0.66
373200,0.6755465865135193,-17.54421043395996,0.66
373300,0.6755465865135193,-17.54421043395996,0.66
373400,0.6755465865135193,-17.54421043395996,0.66
373500,0.6755465865135193,-17.54421043395996,0.66
373600,0.6755465865135193,-17.54421043395996,0.66
373700,0.6755465865135193,-17.54421043395996,0.66
373800,0.6755465865135193,-17.54421043395996,0.66
373900,0.6755465865135193,-17.54421043395996,0.66
374000,0.6755465865135193,-17.54421043395996,0.66
374100,0.6755465865135193,-17.54421043395996,0.66
374200,0.6755465865135193,-17.54421043395996,0.66
374300,0.6755465865135193,-17.54421043395996,0.66
374400,0.6755465865135193,-17.54421043395996,0.67
374500,0.6755465865135193,-17.54421043395996,0.67
374600,0.6755465865135193,-17.54421043395996,0.67
374700,0.6755465865135193,-17.54421043395996,0.67
374800,0.6755465865135193,-17.54421043395996,0.67
374900,0.6755465865135193,-17.54421043395996,0.67
375000,0.6755465865135193,-17.54421043395996,0.67
375100,0.6755465865135193,-17.54421043395996,0.67
375200,0.6755465865135193,-17.54421043395996,0.67
375300,0.6755465865135193,-17.54421043395996,0.67
375400,0.6755465865135193,-17.54421043395996,0.67
375500,0.6755465865135193,-17.54421043395996,0.67
375600,0.6755465865135193,-17.54421043395996,0.67
375700,0.6755465865135193,-17.54421043395996,0.67
375800,0.6755465865135193,-17.54421043395996,0.67
375900,0.6755465865135193,-17.54421043395996,0.67
376000,0.6755465865135193,-17.54421043395996,0.67
376100,0.6755465865135193,-17.54421043395996,0.67
376200,0.6755465865135193,-17.54421043395996,0.67
376300,0.6755465865135193,-17.54421043395996,0.67
376400,0.6755465865135193,-17.54421043395996,0.67
376500,0.6755465865135193,-17.54421043395996,0.67
376600,0.6755465865135193,-17.54421043395996,0.67
376700,0.6755465865135193,-17.54421043395996,0.67
376800,0.6755465865135193,-17.54421043395996,0.67
376900,0.6755465865135193,-17.54421043395996,0.67
377000,0.6755465865135193,-17.54421043395996,0.67
377100,0.6755465865135193,-17.54421043395996,0.67
377200,0.6755465865135193,-17.54421043395996,0.67
377300,0.6755465865135193,-17.54421043395996,0.67
377400,0.6755465865135193,-17.54421043395996,0.67
377500,0.6755465865135193,-17.54421043395996,0.67
377600,0.6755465865135193,-17.54421043395996,0.67
377700,0.6755465865135193,-17.54421043395996,0.67
377800,0.6755465865135193,-17.54421043395996,0.67
377900,0.6755465865135193,-17.54421043395996,0.67
378000,0.6755465865135193,-17.54421043395996,0.67
378100,0.6755465865135193,-17.54421043395996,0.67
378200,0.6755465865135193,-17.54421043395996,0.67
378300,0.6755465865135193,-17.54421043395996,0.67
378400,0.6755465865135193,-17.54421043395996,0.67
378500,0.6755465865135193,-17.54421043395996,0.67
378600,0.6755465865135193,-17.54421043395996,0.67
378700,0.6755465865135193,-17.54421043395996,0.67
378800,0.6755465865135193,-17.54421043395996,0.67
378900,0.6755465865135193,-17.54421043395996,0.67
379000,0.6755465865135193,-17.54421043395996,0.67
379100,0.6755465865135193,-17.54421043395996,0.67
379200,0.6755465865135193,-17.54421043395996,0.67
379300,0.6755465865135193,-17.54421043395996,0.67
379400,0.6755465865135193,-17.54421043395996,0.67
379500,0.6755465865135193,-17.54421043395996,0.67
379600,0.6755465865135193,-17.54421043395996,0.66
379700,0.6755465865135193,-17.54421043395996,0.66
379800,0.6755465865135193,-17.54421043395996,0.66
379900,0.6755465865135193,-17.54421043395996,0.66
380000,0.6755465865135193,-17.54421043395996,0.66
380100,0.6755465865135193,-17.54421043395996,0.66
380200,0.6755465865135193,-17.54421043395996,0.66
380300,0.6755465865135193,-17.54421043395996,0.66
380400,0.6755465865135193,-17.54421043395996,0.66
380500,0.6755465865135193,-17.54421043395996,0.66
380600,0.6755465865135193,-17.54421043395996,0.66
380700,0.6755465865135193,-17.54421043395996,0.66
380800,0.6755465865135193,-17.54421043395996,0.66
380900,0.6755465865135193,-17.54421043395996,0.66
381000,0.6755465865135193,-17.54421043395996,0.66
381100,0.6755465865135193,-17.54421043395996,0.66
381200,0.6755465865135193,-17.54421043395996,0.66
381300,0.6755465865135193,-17.54421043395996,0.66
381400,0.6755465865135193,-17.54421043395996,0.66
381500,0.6755465865135193,-17.54421043395996,0.66
381600,0.6755465865135193,-17.54421043395996,0.66
381700,0.6755465865135193,-17.54421043395996,0.66
381800,0.6755465865135193,-17.54421043395996,0.66
381900,0.6755465865135193,-17.54421043395996,0.66
382000,0.6755465865135193,-17.54421043395996,0.66
382100,0.6755465865135193,-17.54421043395996,0.66
382200,0.6755465865135193,-17.54421043395996,0.66
382300,0.6755465865135193,-17.54421043395996,0.66
382400,0.6755465865135193,-17.54421043395996,0.66
382500,0.6755465865135193,-17.54421043395996,0.66
382600,0.6755465865135193,-17.54421043395996,0.66
382700,0.6755465865135193,-17.54421043395996,0.66
382800,0.6755465865135193,-17.54421043395996,0.66
382900,0.6755465865135193,-17.54421043395996,0.66
383000,0.6755465865135193,-17.54421043395996,0.66
383100,0.6755465865135193,-17.54421043395996,0.66
383200,0.6755465865135193,-17.54421043395996,0.66
383300,0.6755465865135193,-17.54421043395996,0.66
383400,0.6755465865135193,-17.54421043395996,0.66
383500,0.6755465865135193,-17.54421043395996,0.66
383600,0.6755465865135193,-17.54421043395996,0.66
383700,0.6755465865135193,-17.54421043395996,0.66
383800,0.6755465865135193,-17.54421043395996,0.66
383900,0.6755465865135193,-17.54421043395996,0.66
384000,0.6755465865135193,-17.54421043395996,0.66
384100,0.6755465865135193,-17.54421043395996,0.66
384200,0.6755465865135193,-17.54421043395996,0.66
384300,0.6755465865135193,-17.54421043395996,0.66
384400,0.6755465865135193,-17.54421043395996,0.66
384500,0.6755465865135193,-17.54421043395996,0.66
384600,0.6755465865135193,-17.54421043395996,0.66
384700,0.6755465865135193,-17.54421043395996,0.66
384800,0.6755465865135193,-17.54421043395996,0.67
384900,0.6755465865135193,-17.54421043395996,0.67
385000,0.6755465865135193,-17.54421043395996,0.67
385100,0.6755465865135193,-17.54421043395996,0.67
385200,0.6755465865135193,-17.54421043395996,0.67
385300,0.6755465865135193,-17.54421043395996,0.67
385400,0.6755465865135193,-17.54421043395996,0.67
385500,0.6755465865135193,-17.54421043395996,0.67
385600,0.6755465865135193,-17.54421043395996,0.67
385700,0.6755465865135193,-17.54421043395996,0.67
385800,0.6755465865135193,-17.54421043395996,0.67
385900,0.6755465865135193,-17.54421043395996,0.67
386000,0.6755465865135193,-17.54421043395996,0.67
386100,0.6755465865135193,-17.54421043395996,0.67
386200,0.6755465865135193,-17.54421043395996,0.67
386300,0.6755465865135193,-17.54421043395996,0.67
386400,0.6755465865135193,-17.54421043395996,0.67
386500,0.6755465865135193,-17.54421043395996,0.67
386600,0.6755465865135193,-17.54421043395996,0.67
386700,0.6755465865135193,-17.54421043395996,0.67
386800,0.6755465865135193,-17.54421043395996,0.67
386900,0.6755465865135193,-17.54421043395996,0.67
387000,0.6755465865135193,-17.54421043395996,0.67
387100,0.6755465865135193,-17.54421043395996,0.67
387200,0.6755465865135193,-17.54421043395996,0.67
387300,0.6755465865135193,-17.54421043395996,0.67
387400,0.6755465865135193,-17.54421043395996,0.67
387500,0.6755465865135193,-17.54421043395996,0.67
387600,0.6755465865135193,-17.54421043395996,0.67
387700,0.6755465865135193,-17.54421043395996,0.67
387800,0.6755465865135193,-17.54421043395996,0.67
387900,0.6755465865135193,-17.54421043395996,0.67
388000,0.6755465865135193,-17.54421043395996,0.67
388100,0.6755465865135193,-17.54421043395996,0.67
388200,0.6755465865135193,-17.54421043395996,0.67
388300,0.6755465865135193,-17.54421043395996,0.67
388400,0.6755465865135193,-17.54421043395996,0.67
388500,0.6755465865135193,-17.54421043395996,0.67
388600,0.6755465865135193,-17.54421043395996,0.67
388700,0.6755465865135193,-17.54421043395996,0.67
388800,0.6755465865135193,-17.54421043395996,0.67
388900,0.6755465865135193,-17.54421043395996,0.67
389000,0.6755465865135193,-17.54421043395996,0.67
389100,0.6755465865135193,-17.54421043395996,0.67
389200,0.6755465865135193,-17.54421043395996,0.67
389300,0.6755465865135193,-17.54421043395996,0.67
389400,0.6755465865135193,-17.54421043395996,0.67
389500,0.6755465865135193,-17.54421043395996,0.67
389600,0.6755465865135193,-17.54421043395996,0.67
389700,0.6755465865135193,-17.54421043395996,0.67
389800,0.6755465865135193,-17.54421043395996,0.67
389900,0.6755465865135193,-17.54421043395996,0.67
390000,0.6755465865135193,-17.54421043395996,0.66
390100,0.6755465865135193,-17.54421043395996,0.66
390200,0.6755465865135193,-17.54421043395996,0.66
390300,0.6755465865135193,-17.54421043395996,0.66
390400,0.6755465865135193,-17.54421043395996,0.66
390500,0.6755465865135193,-17.54421043395996,0.66
390600,0.6755465865135193,-17.54421043395996,0.66
390700,0.6755465865135193,-17.54421043395996,0.66
390800,0.6755465865135193,-17.54421043395996,0.66
390900,0.6755465865135193,-17.54421043395996,0.66
391000,0.6755465865135193,-17.54421043395996,0.66
391100,0.6755465865135193,-17.54421043395996,0.66
391200,0.6755465865135193,-17.54421043395996,0.66
391300,0.6755465865135193,-17.54421043395996,0.66
391400,0.6755465865135193,-17.54421043395996,0.66
391500,0.6755465865135193,-17.54421043395996,0.66
391600,0.6755465865135193,-17.54421043395996,0.66
391700,0.6755465865135193,-17.54421043395996,0.66
391800,0.6755465865135193,-17.54421043395996,0.66
391900,0.6755465865135193,-17.54421043395996,0.66
392000,0.6755465865135193,-17.54421043395996,0.66
392100,0.6755465865135193,-17.54421043395996,0.66
392200,0.6755465865135193,-17.54421043395996,0.66
392300,0.6755465865135193,-17.54421043395996,0.66
392400,0.6755465865135193,-17.54421043395996,0.66
392500,0.6755465865135193,-17.54421043395996,0.66
392600,0.6755465865135193,-17.54421043395996,0.66
392700,0.6755465865135193,-17.54421043395996,0.66
392800,0.6755465865135193,-17.54421043395996,0.66
392900,0.6755465865135193,-17.54421043395996,0.66
393000,0.6755465865135193,-17.54421043395996,0.66
393100,0.6755465865135193,-17.54421043395996,0.66
393200,0.6755465865135193,-17.54421043395996,0.66
393300,0.6755465865135193,-17.54421043395996,0.66
393400,0.6755465865135193,-17.54421043395996,0.66
393500,0.6755465865135193,-17.54421043395996,0.66
393600,0.6755465865135193,-17.54421043395996,0.66
393700,0.6755465865135193,-17.54421043395996,0.66
393800,0.6755465865135193,-17.54421043395996,0.66
393900,0.6755465865135193,-17.54421043395996,0.66
394000,0.6755465865135193,-17.54421043395996,0.66
394100,0.6755465865135193,-17.54421043395996,0.66
394200,0.6755465865135193,-17.54421043395996,0.66
394300,0.6755465865135193,-17.54421043395996,0.66
394400,0.6755465865135193,-17.54421043395996,0.66
394500,0.6755465865135193,-17.54421043395996,0.66
394600,0.6755465865135193,-17.54421043395996,0.66
394700,0.6755465865135193,-17.54421043395996,0.66
394800,0.6755465865135193,-17.54421043395996,0.66
394900,0.6755465865135193,-17.54421043395996,0.66
395000,0.6755465865135193,-17.54421043395996,0.66
395100,0.6755465865135193,-17.54421043395996,0.66
395200,0.6755465865135193,-17.54421043395996,0.68
395300,0.6755465865135193,-17.54421043395996,0.68
395400,0.6755465865135193,-17.54421043395996,0.68
395500,0.6755465865135193,-17.54421043395996,0.68
395600,0.6755465865135193,-17.54421043395996,0.68
395700,0.6755465865135193,-17.54421043395996,0.68
395800,0.6755465865135193,-17.54421043395996,0.68
395900,0.6755465865135193,-17.54421043395996,0.68
396000,0.6755465865135193,-17.54421043395996,0.68
396100,0.6755465865135193,-17.54421043395996,0.68
396200,0.6755465865135193,-17.54421043395996,0.68
396300,0.6755465865135193,-17.54421043395996,0.68
396400,0.6755465865135193,-17.54421043395996,0.68
396500,0.6755465865135193,-17.54421043395996,0.68
396600,0.6755465865135193,-17.54421043395996,0.68
396700,0.6755465865135193,-17.54421043395996,0.68
396800,0.6755465865135193,-17.54421043395996,0.68
396900,0.6755465865135193,-17.54421043395996,0.68
397000,0.6755465865135193,-17.54421043395996,0.68
397100,0.6755465865135193,-17.54421043395996,0.68
397200,0.6755465865135193,-17.54421043395996,0.68
397300,0.6755465865135193,-17.54421043395996,0.68
397400,0.6755465865135193,-17.54421043395996,0.68
397500,0.6755465865135193,-17.54421043395996,0.68
397600,0.6755465865135193,-17.54421043395996,0.68
397700,0.6755465865135193,-17.54421043395996,0.68
397800,0.6755465865135193,-17.54421043395996,0.68
397900,0.6755465865135193,-17.54421043395996,0.68
398000,0.6755465865135193,-17.54421043395996,0.68
398100,0.6755465865135193,-17.54421043395996,0.68
398200,0.6755465865135193,-17.54421043395996,0.68
398300,0.6755465865135193,-17.54421043395996,0.68
398400,0.6755465865135193,-17.54421043395996,0.68
398500,0.6755465865135193,-17.54421043395996,0.68
398600,0.6755465865135193,-17.54421043395996,0.68
398700,0.6755465865135193,-17.54421043395996,0.68
398800,0.6755465865135193,-17.54421043395996,0.68
398900,0.6755465865135193,-17.54421043395996,0.68
399000,0.6755465865135193,-17.54421043395996,0.68
399100,0.6755465865135193,-17.54421043395996,0.68
399200,0.6755465865135193,-17.54421043395996,0.68
399300,0.6755465865135193,-17.54421043395996,0.68
399400,0.6755465865135193,-17.54421043395996,0.68
399500,0.6755465865135193,-17.54421043395996,0.68
399600,0.6755465865135193,-17.54421043395996,0.68
399700,0.6755465865135193,-17.54421043395996,0.68
399800,0.6755465865135193,-17.54421043395996,0.68
399900,0.6755465865135193,-17.54421043395996,0.68
400000,0.6755465865135193,-17.54421043395996,0.68
400100,0.6755465865135193,-17.54421043395996,0.68
400200,0.6755465865135193,-17.54421043395996,0.68
400300,0.6755465865135193,-17.54421043395996,0.68
400400,0.6755465865135193,-17.54421043395996,0.67
400500,0.6755465865135193,-17.54421043395996,0.67
400600,0.6755465865135193,-17.54421043395996,0.67
400700,0.6755465865135193,-17.54421043395996,0.67
400800,0.6755465865135193,-17.54421043395996,0.67
400900,0.6755465865135193,-17.54421043395996,0.67
401000,0.6755465865135193,-17.54421043395996,0.67
401100,0.6755465865135193,-17.54421043395996,0.67
401200,0.6755465865135193,-17.54421043395996,0.67
401300,0.6755465865135193,-17.54421043395996,0.67
401400,0.6755465865135193,-17.54421043395996,0.67
401500,0.6755465865135193,-17.54421043395996,0.67
401600,0.6755465865135193,-17.54421043395996,0.67
401700,0.6755465865135193,-17.54421043395996,0.67
401800,0.6755465865135193,-17.54421043395996,0.67
401900,0.6755465865135193,-17.54421043395996,0.67
402000,0.6755465865135193,-17.54421043395996,0.67
402100,0.6755465865135193,-17.54421043395996,0.67
402200,0.6755465865135193,-17.54421043395996,0.67
402300,0.6755465865135193,-17.54421043395996,0.67
402400,0.6755465865135193,-17.54421043395996,0.67
402500,0.6755465865135193,-17.54421043395996,0.67
402600,0.6755465865135193,-17.54421043395996,0.67
402700,0.6755465865135193,-17.54421043395996,0.67
402800,0.6755465865135193,-17.54421043395996,0.67
402900,0.6755465865135193,-17.54421043395996,0.67
403000,0.6755465865135193,-17.54421043395996,0.67
403100,0.6755465865135193,-17.54421043395996,0.67
403200,0.6755465865135193,-17.54421043395996,0.67
403300,0.6755465865135193,-17.54421043395996,0.67
403400,0.6755465865135193,-17.54421043395996,0.67
403500,0.6755465865135193,-17.54421043395996,0.67
403600,0.6755465865135193,-17.54421043395996,0.67
403700,0.6755465865135193,-17.54421043395996,0.67
403800,0.6755465865135193,-17.54421043395996,0.67
403900,0.6755465865135193,-17.54421043395996,0.67
404000,0.6755465865135193,-17.54421043395996,0.67
404100,0.6755465865135193,-17.54421043395996,0.67
404200,0.6755465865135193,-17.54421043395996,0.67
404300,0.6755465865135193,-17.54421043395996,0.67
404400,0.6755465865135193,-17.54421043395996,0.67
404500,0.6755465865135193,-17.54421043395996,0.67
404600,0.6755465865135193,-17.54421043395996,0.67
404700,0.6755465865135193,-17.54421043395996,0.67
404800,0.6755465865135193,-17.54421043395996,0.67
404900,0.6755465865135193,-17.54421043395996,0.67
405000,0.6755465865135193,-17.54421043395996,0.67
405100,0.6755465865135193,-17.54421043395996,0.67
405200,0.6755465865135193,-17.54421043395996,0.67
405300,0.6755465865135193,-17.54421043395996,0.67
405400,0.6755465865135193,-17.54421043395996,0.67
405500,0.6755465865135193,-17.54421043395996,0.67
405600,0.6755465865135193,-17.54421043395996,0.66
405700,0.6755465865135193,-17.54421043395996,0.66
405800,0.6755465865135193,-17.54421043395996,0.66
405900,0.6755465865135193,-17.54421043395996,0.66
406000,0.6755465865135193,-17.54421043395996,0.66
406100,0.6755465865135193,-17.54421043395996,0.66
406200,0.6755465865135193,-17.54421043395996,0.66
406300,0.6755465865135193,-17.54421043395996,0.66
406400,0.6755465865135193,-17.54421043395996,0.66
406500,0.6755465865135193,-17.54421043395996,0.66
406600,0.6755465865135193,-17.54421043395996,0.66
406700,0.6755465865135193,-17.54421043395996,0.66
406800,0.6755465865135193,-17.54421043395996,0.66
406900,0.6755465865135193,-17.54421043395996,0.66
407000,0.6755465865135193,-17.54421043395996,0.66
407100,0.6755465865135193,-17.54421043395996,0.66
407200,0.6755465865135193,-17.54421043395996,0.66
407300,0.6755465865135193,-17.54421043395996,0.66
407400,0.6755465865135193,-17.54421043395996,0.66
407500,0.6755465865135193,-17.54421043395996,0.66
407600,0.6755465865135193,-17.54421043395996,0.66
407700,0.6755465865135193,-17.54421043395996,0.66
407800,0.6755465865135193,-17.54421043395996,0.66
407900,0.6755465865135193,-17.54421043395996,0.66
408000,0.6755465865135193,-17.54421043395996,0.66
408100,0.6755465865135193,-17.54421043395996,0.66
408200,0.6755465865135193,-17.54421043395996,0.66
408300,0.6755465865135193,-17.54421043395996,0.66
408400,0.6755465865135193,-17.54421043395996,0.66
408500,0.6755465865135193,-17.54421043395996,0.66
408600,0.6755465865135193,-17.54421043395996,0.66
408700,0.6755465865135193,-17.54421043395996,0.66
408800,0.6755465865135193,-17.54421043395996,0.66
408900,0.6755465865135193,-17.54421043395996,0.66
409000,0.6755465865135193,-17.54421043395996,0.66
409100,0.6755465865135193,-17.54421043395996,0.66
409200,0.6755465865135193,-17.54421043395996,0.66
409300,0.6755465865135193,-17.54421043395996,0.66
409400,0.6755465865135193,-17.54421043395996,0.66
409500,0.6755465865135193,-17.54421043395996,0.66
409600,0.6755465865135193,-17.54421043395996,0.66
409700,0.6755465865135193,-17.54421043395996,0.66
409800,0.6755465865135193,-17.54421043395996,0.66
409900,0.6755465865135193,-17.54421043395996,0.66
410000,0.6755465865135193,-17.54421043395996,0.66
410100,0.6755465865135193,-17.54421043395996,0.66
410200,0.6755465865135193,-17.54421043395996,0.66
410300,0.6755465865135193,-17.54421043395996,0.66
410400,0.6755465865135193,-17.54421043395996,0.66
410500,0.6755465865135193,-17.54421043395996,0.66
410600,0.6755465865135193,-17.54421043395996,0.66
410700,0.6755465865135193,-17.54421043395996,0.66
410800,0.6755465865135193,-17.54421043395996,0.67
410900,0.6755465865135193,-17.54421043395996,0.67
411000,0.6755465865135193,-17.54421043395996,0.67
411100,0.6755465865135193,-17.54421043395996,0.67
411200,0.6755465865135193,-17.54421043395996,0.67
411300,0.6755465865135193,-17.54421043395996,0.67
411400,0.6755465865135193,-17.54421043395996,0.67
411500,0.6755465865135193,-17.54421043395996,0.67
411600,0.6755465865135193,-17.54421043395996,0.67
411700,0.6755465865135193,-17.54421043395996,0.67
411800,0.6755465865135193,-17.54421043395996,0.67
411900,0.6755465865135193,-17.54421043395996,0.67
412000,0.6755465865135193,-17.54421043395996,0.67
412100,0.6755465865135193,-17.54421043395996,0.67
412200,0.6755465865135193,-17.54421043395996,0.67
412300,0.6755465865135193,-17.54421043395996,0.67
412400,0.6755465865135193,-17.54421043395996,0.67
412500,0.6755465865135193,-17.54421043395996,0.67
412600,0.6755465865135193,-17.54421043395996,0.67
412700,0.6755465865135193,-17.54421043395996,0.67
412800,0.6755465865135193,-17.54421043395996,0.67
412900,0.6755465865135193,-17.54421043395996,0.67
413000,0.6755465865135193,-17.54421043395996,0.67
413100,0.6755465865135193,-17.54421043395996,0.67
413200,0.6755465865135193,-17.54421043395996,0.67
413300,0.6755465865135193,-17.54421043395996,0.67
413400,0.6755465865135193,-17.54421043395996,0.67
413500,0.6755465865135193,-17.54421043395996,0.67
413600,0.6755465865135193,-17.54421043395996,0.67
413700,0.6755465865135193,-17.54421043395996,0.67
413800,0.6755465865135193,-17.54421043395996,0.67
413900,0.6755465865135193,-17.54421043395996,0.67
414000,0.6755465865135193,-17.54421043395996,0.67
414100,0.6755465865135193,-17.54421043395996,0.67
414200,0.6755465865135193,-17.54421043395996,0.67
414300,0.6755465865135193,-17.54421043395996,0.67
414400,0.6755465865135193,-17.54421043395996,0.67
414500,0.6755465865135193,-17.54421043395996,0.67
414600,0.6755465865135193,-17.54421043395996,0.67
414700,0.6755465865135193,-17.54421043395996,0.67
414800,0.6755465865135193,-17.54421043395996,0.67
414900,0.6755465865135193,-17.54421043395996,0.67
415000,0.6755465865135193,-17.54421043395996,0.67
415100,0.6755465865135193,-17.54421043395996,0.67
415200,0.6755465865135193,-17.54421043395996,0.67
415300,0.6755465865135193,-17.54421043395996,0.67
415400,0.6755465865135193,-17.54421043395996,0.67
415500,0.6755465865135193,-17.54421043395996,0.67
415600,0.6755465865135193,-17.54421043395996,0.67
415700,0.6755465865135193,-17.54421043395996,0.67
415800,0.6755465865135193,-17.54421043395996,0.67
415900,0.6755465865135193,-17.54421043395996,0.67
416000,0.6755465865135193,-17.54421043395996,0.69
416100,0.6755465865135193,-17.54421043395996,0.69
416200,0.6755465865135193,-17.54421043395996,0.69
416300,0.6755465865135193,-17.54421043395996,0.69
416400,0.6755465865135193,-17.54421043395996,0.69
416500,0.6755465865135193,-17.54421043395996,0.69
416600,0.6755465865135193,-17.54421043395996,0.69
416700,0.6755465865135193,-17.54421043395996,0.69
416800,0.6755465865135193,-17.54421043395996,0.69
416900,0.6755465865135193,-17.54421043395996,0.69
417000,0.6755465865135193,-17.54421043395996,0.69
417100,0.6755465865135193,-17.54421043395996,0.69
417200,0.6755465865135193,-17.54421043395996,0.69
417300,0.6755465865135193,-17.54421043395996,0.69
417400,0.6755465865135193,-17.54421043395996,0.69
417500,0.6755465865135193,-17.54421043395996,0.69
417600,0.6755465865135193,-17.54421043395996,0.69
417700,0.6755465865135193,-17.54421043395996,0.69
417800,0.6755465865135193,-17.54421043395996,0.69
417900,0.6755465865135193,-17.54421043395996,0.69
418000,0.6755465865135193,-17.54421043395996,0.69
418100,0.6755465865135193,-17.54421043395996,0.69
418200,0.6755465865135193,-17.54421043395996,0.69
418300,0.6755465865135193,-17.54421043395996,0.69
418400,0.6755465865135193,-17.54421043395996,0.69
418500,0.6755465865135193,-17.54421043395996,0.69
418600,0.6755465865135193,-17.54421043395996,0.69
418700,0.6755465865135193,-17.54421043395996,0.69
418800,0.6755465865135193,-17.54421043395996,0.69
418900,0.6755465865135193,-17.54421043395996,0.69
419000,0.6755465865135193,-17.54421043395996,0.69
419100,0.6755465865135193,-17.54421043395996,0.69
419200,0.6755465865135193,-17.54421043395996,0.69
419300,0.6755465865135193,-17.54421043395996,0.69
419400,0.6755465865135193,-17.54421043395996,0.69
419500,0.6755465865135193,-17.54421043395996,0.69
419600,0.6755465865135193,-17.54421043395996,0.69
419700,0.6755465865135193,-17.54421043395996,0.69
419800,0.6755465865135193,-17.54421043395996,0.69
419900,0.6755465865135193,-17.54421043395996,0.69
420000,0.6755465865135193,-17.54421043395996,0.69
420100,0.6755465865135193,-17.54421043395996,0.69
420200,0.6755465865135193,-17.54421043395996,0.69
420300,0.6755465865135193,-17.54421043395996,0.69
420400,0.6755465865135193,-17.54421043395996,0.69
420500,0.6755465865135193,-17.54421043395996,0.69
420600,0.6755465865135193,-17.54421043395996,0.69
420700,0.6755465865135193,-17.54421043395996,0.69
420800,0.6755465865135193,-17.54421043395996,0.69
420900,0.6755465865135193,-17.54421043395996,0.69
421000,0.6755465865135193,-17.54421043395996,0.69
421100,0.6755465865135193,-17.54421043395996,0.69
421200,0.6755465865135193,-17.54421043395996,0.65
421300,0.6755465865135193,-17.54421043395996,0.65
421400,0.6755465865135193,-17.54421043395996,0.65
421500,0.6755465865135193,-17.54421043395996,0.65
421600,0.6755465865135193,-17.54421043395996,0.65
421700,0.6755465865135193,-17.54421043395996,0.65
421800,0.6755465865135193,-17.54421043395996,0.65
421900,0.6755465865135193,-17.54421043395996,0.65
422000,0.6755465865135193,-17.54421043395996,0.65
422100,0.6755465865135193,-17.54421043395996,0.65
422200,0.6755465865135193,-17.54421043395996,0.65
422300,0.6755465865135193,-17.54421043395996,0.65
422400,0.6755465865135193,-17.54421043395996,0.65
422500,0.6755465865135193,-17.54421043395996,0.65
422600,0.6755465865135193,-17.54421043395996,0.65
422700,0.6755465865135193,-17.54421043395996,0.65
422800,0.6755465865135193,-17.54421043395996,0.65
422900,0.6755465865135193,-17.54421043395996,0.65
423000,0.6755465865135193,-17.54421043395996,0.65
423100,0.6755465865135193,-17.54421043395996,0.65
423200,0.6755465865135193,-17.54421043395996,0.65
423300,0.6755465865135193,-17.54421043395996,0.65
423400,0.6755465865135193,-17.54421043395996,0.65
423500,0.6755465865135193,-17.54421043395996,0.65
423600,0.6755465865135193,-17.54421043395996,0.65
423700,0.6755465865135193,-17.54421043395996,0.65
423800,0.6755465865135193,-17.54421043395996,0.65
423900,0.6755465865135193,-17.54421043395996,0.65
424000,0.6755465865135193,-17.54421043395996,0.65
424100,0.6755465865135193,-17.54421043395996,0.65
424200,0.6755465865135193,-17.54421043395996,0.65
424300,0.6755465865135193,-17.54421043395996,0.65
424400,0.6755465865135193,-17.54421043395996,0.65
424500,0.6755465865135193,-17.54421043395996,0.65
424600,0.6755465865135193,-17.54421043395996,0.65
424700,0.6755465865135193,-17.54421043395996,0.65
424800,0.6755465865135193,-17.54421043395996,0.65
424900,0.6755465865135193,-17.54421043395996,0.65
425000,0.6755465865135193,-17.54421043395996,0.65
425100,0.6755465865135193,-17.54421043395996,0.65
425200,0.6755465865135193,-17.54421043395996,0.65
425300,0.6755465865135193,-17.54421043395996,0.65
425400,0.6755465865135193,-17.54421043395996,0.65
425500,0.6755465865135193,-17.54421043395996,0.65
425600,0.6755465865135193,-17.54421043395996,0.65
425700,0.6755465865135193,-17.54421043395996,0.65
425800,0.6755465865135193,-17.54421043395996,0.65
425900,0.6755465865135193,-17.54421043395996,0.65
426000,0.6755465865135193,-17.54421043395996,0.65
426100,0.6755465865135193,-17.54421043395996,0.65
426200,0.6755465865135193,-17.54421043395996,0.65
426300,0.6755465865135193,-17.54421043395996,0.65
426400,0.6755465865135193,-17.54421043395996,0.66
426500,0.6755465865135193,-17.54421043395996,0.66
426600,0.6755465865135193,-17.54421043395996,0.66
426700,0.6755465865135193,-17.54421043395996,0.66
426800,0.6755465865135193,-17.54421043395996,0.66
426900,0.6755465865135193,-17.54421043395996,0.66
427000,0.6755465865135193,-17.54421043395996,0.66
427100,0.6755465865135193,-17.54421043395996,0.66
427200,0.6755465865135193,-17.54421043395996,0.66
427300,0.6755465865135193,-17.54421043395996,0.66
427400,0.6755465865135193,-17.54421043395996,0.66
427500,0.6755465865135193,-17.54421043395996,0.66
427600,0.6755465865135193,-17.54421043395996,0.66
427700,0.6755465865135193,-17.54421043395996,0.66
427800,0.6755465865135193,-17.54421043395996,0.66
427900,0.6755465865135193,-17.54421043395996,0.66
428000,0.6755465865135193,-17.54421043395996,0.66
428100,0.6755465865135193,-17.54421043395996,0.66
428200,0.6755465865135193,-17.54421043395996,0.66
428300,0.6755465865135193,-17.54421043395996,0.66
428400,0.6755465865135193,-17.54421043395996,0.66
428500,0.6755465865135193,-17.54421043395996,0.66
428600,0.6755465865135193,-17.54421043395996,0.66
428700,0.6755465865135193,-17.54421043395996,0.66
428800,0.6755465865135193,-17.54421043395996,0.66
428900,0.6755465865135193,-17.54421043395996,0.66
429000,0.6755465865135193,-17.54421043395996,0.66
429100,0.6755465865135193,-17.54421043395996,0.66
429200,0.6755465865135193,-17.54421043395996,0.66
429300,0.6755465865135193,-17.54421043395996,0.66
429400,0.6755465865135193,-17.54421043395996,0.66
429500,0.6755465865135193,-17.54421043395996,0.66
429600,0.6755465865135193,-17.54421043395996,0.66
429700,0.6755465865135193,-17.54421043395996,0.66
429800,0.6755465865135193,-17.54421043395996,0.66
429900,0.6755465865135193,-17.54421043395996,0.66
430000,0.6755465865135193,-17.54421043395996,0.66
430100,0.6755465865135193,-17.54421043395996,0.66
430200,0.6755465865135193,-17.54421043395996,0.66
430300,0.6755465865135193,-17.54421043395996,0.66
430400,0.6755465865135193,-17.54421043395996,0.66
430500,0.6755465865135193,-17.54421043395996,0.66
430600,0.6755465865135193,-17.54421043395996,0.66
430700,0.6755465865135193,-17.54421043395996,0.66
430800,0.6755465865135193,-17.54421043395996,0.66
430900,0.6755465865135193,-17.54421043395996,0.66
431000,0.6755465865135193,-17.54421043395996,0.66
431100,0.6755465865135193,-17.54421043395996,0.66
431200,0.6755465865135193,-17.54421043395996,0.66
431300,0.6755465865135193,-17.54421043395996,0.66
431400,0.6755465865135193,-17.54421043395996,0.66
431500,0.6755465865135193,-17.54421043395996,0.66
431600,0.6755465865135193,-17.54421043395996,0.66
431700,0.6755465865135193,-17.54421043395996,0.66
431800,0.6755465865135193,-17.54421043395996,0.66
431900,0.6755465865135193,-17.54421043395996,0.66
432000,0.6755465865135193,-17.54421043395996,0.66
432100,0.6755465865135193,-17.54421043395996,0.66
432200,0.6755465865135193,-17.54421043395996,0.66
432300,0.6755465865135193,-17.54421043395996,0.66
432400,0.6755465865135193,-17.54421043395996,0.66
432500,0.6755465865135193,-17.54421043395996,0.66
432600,0.6755465865135193,-17.54421043395996,0.66
432700,0.6755465865135193,-17.54421043395996,0.66
432800,0.6755465865135193,-17.54421043395996,0.66
432900,0.6755465865135193,-17.54421043395996,0.66
433000,0.6755465865135193,-17.54421043395996,0.66
433100,0.6755465865135193,-17.54421043395996,0.66
433200,0.6755465865135193,-17.54421043395996,0.66
433300,0.6755465865135193,-17.54421043395996,0.66
433400,0.6755465865135193,-17.54421043395996,0.66
433500,0.6755465865135193,-17.54421043395996,0.66
433600,0.6755465865135193,-17.54421043395996,0.66
433700,0.6755465865135193,-17.54421043395996,0.66
433800,0.6755465865135193,-17.54421043395996,0.66
433900,0.6755465865135193,-17.54421043395996,0.66
434000,0.6755465865135193,-17.54421043395996,0.66
434100,0.6755465865135193,-17.54421043395996,0.66
434200,0.6755465865135193,-17.54421043395996,0.66
434300,0.6755465865135193,-17.54421043395996,0.66
434400,0.6755465865135193,-17.54421043395996,0.66
434500,0.6755465865135193,-17.54421043395996,0.66
434600,0.6755465865135193,-17.54421043395996,0.66
434700,0.6755465865135193,-17.54421043395996,0.66
434800,0.6755465865135193,-17.54421043395996,0.66
434900,0.6755465865135193,-17.54421043395996,0.66
435000,0.6755465865135193,-17.54421043395996,0.66
435100,0.6755465865135193,-17.54421043395996,0.66
435200,0.6755465865135193,-17.54421043395996,0.66
435300,0.6755465865135193,-17.54421043395996,0.66
435400,0.6755465865135193,-17.54421043395996,0.66
435500,0.6755465865135193,-17.54421043395996,0.66
435600,0.6755465865135193,-17.54421043395996,0.66
435700,0.6755465865135193,-17.54421043395996,0.66
435800,0.6755465865135193,-17.54421043395996,0.66
435900,0.6755465865135193,-17.54421043395996,0.66
436000,0.6755465865135193,-17.54421043395996,0.66
436100,0.6755465865135193,-17.54421043395996,0.66
436200,0.6755465865135193,-17.54421043395996,0.66
436300,0.6755465865135193,-17.54421043395996,0.66
436400,0.6755465865135193,-17.54421043395996,0.66
436500,0.6755465865135193,-17.54421043395996,0.66
436600,0.6755465865135193,-17.54421043395996,0.66
436700,0.6755465865135193,-17.54421043395996,0.66
436800,0.6755465865135193,-17.54421043395996,0.67
436900,0.6755465865135193,-17.54421043395996,0.67
437000,0.6755465865135193,-17.54421043395996,0.67
437100,0.6755465865135193,-17.54421043395996,0.67
437200,0.6755465865135193,-17.54421043395996,0.67
437300,0.6755465865135193,-17.54421043395996,0.67
437400,0.6755465865135193,-17.54421043395996,0.67
437500,0.6755465865135193,-17.54421043395996,0.67
437600,0.6755465865135193,-17.54421043395996,0.67
437700,0.6755465865135193,-17.54421043395996,0.67
437800,0.6755465865135193,-17.54421043395996,0.67
437900,0.6755465865135193,-17.54421043395996,0.67
438000,0.6755465865135193,-17.54421043395996,0.67
438100,0.6755465865135193,-17.54421043395996,0.67
438200,0.6755465865135193,-17.54421043395996,0.67
438300,0.6755465865135193,-17.54421043395996,0.67
438400,0.6755465865135193,-17.54421043395996,0.67
438500,0.6755465865135193,-17.54421043395996,0.67
438600,0.6755465865135193,-17.54421043395996,0.67
438700,0.6755465865135193,-17.54421043395996,0.67
438800,0.6755465865135193,-17.54421043395996,0.67
438900,0.6755465865135193,-17.54421043395996,0.67
439000,0.6755465865135193,-17.54421043395996,0.67
439100,0.6755465865135193,-17.54421043395996,0.67
439200,0.6755465865135193,-17.54421043395996,0.67
439300,0.6755465865135193,-17.54421043395996,0.67
439400,0.6755465865135193,-17.54421043395996,0.67
439500,0.6755465865135193,-17.54421043395996,0.67
439600,0.6755465865135193,-17.54421043395996,0.67
439700,0.6755465865135193,-17.54421043395996,0.67
439800,0.6755465865135193,-17.54421043395996,0.67
439900,0.6755465865135193,-17.54421043395996,0.67
440000,0.6755465865135193,-17.54421043395996,0.67
440100,0.6755465865135193,-17.54421043395996,0.67
440200,0.6755465865135193,-17.54421043395996,0.67
440300,0.6755465865135193,-17.54421043395996,0.67
440400,0.6755465865135193,-17.54421043395996,0.67
440500,0.6755465865135193,-17.54421043395996,0.67
440600,0.6755465865135193,-17.54421043395996,0.67
440700,0.6755465865135193,-17.54421043395996,0.67
440800,0.6755465865135193,-17.54421043395996,0.67
440900,0.6755465865135193,-17.54421043395996,0.67
441000,0.6755465865135193,-17.54421043395996,0.67
441100,0.6755465865135193,-17.54421043395996,0.67
441200,0.6755465865135193,-17.54421043395996,0.67
441300,0.6755465865135193,-17.54421043395996,0.67
441400,0.6755465865135193,-17.54421043395996,0.67
441500,0.6755465865135193,-17.54421043395996,0.67
441600,0.6755465865135193,-17.54421043395996,0.67
441700,0.6755465865135193,-17.54421043395996,0.67
441800,0.6755465865135193,-17.54421043395996,0.67
441900,0.6755465865135193,-17.54421043395996,0.67
442000,0.6755465865135193,-17.54421043395996,0.65
442100,0.6755465865135193,-17.54421043395996,0.65
442200,0.6755465865135193,-17.54421043395996,0.65
442300,0.6755465865135193,-17.54421043395996,0.65
442400,0.6755465865135193,-17.54421043395996,0.65
442500,0.6755465865135193,-17.54421043395996,0.65
442600,0.6755465865135193,-17.54421043395996,0.65
442700,0.6755465865135193,-17.54421043395996,0.65
442800,0.6755465865135193,-17.54421043395996,0.65
442900,0.6755465865135193,-17.54421043395996,0.65
443000,0.6755465865135193,-17.54421043395996,0.65
443100,0.6755465865135193,-17.54421043395996,0.65
443200,0.6755465865135193,-17.54421043395996,0.65
443300,0.6755465865135193,-17.54421043395996,0.65
443400,0.6755465865135193,-17.54421043395996,0.65
443500,0.6755465865135193,-17.54421043395996,0.65
443600,0.6755465865135193,-17.54421043395996,0.65
443700,0.6755465865135193,-17.54421043395996,0.65
443800,0.6755465865135193,-17.54421043395996,0.65
443900,0.6755465865135193,-17.54421043395996,0.65
444000,0.6755465865135193,-17.54421043395996,0.65
444100,0.6755465865135193,-17.54421043395996,0.65
444200,0.6755465865135193,-17.54421043395996,0.65
444300,0.6755465865135193,-17.54421043395996,0.65
444400,0.6755465865135193,-17.54421043395996,0.65
444500,0.6755465865135193,-17.54421043395996,0.65
444600,0.6755465865135193,-17.54421043395996,0.65
444700,0.6755465865135193,-17.54421043395996,0.65
444800,0.6755465865135193,-17.54421043395996,0.65
444900,0.6755465865135193,-17.54421043395996,0.65
445000,0.6755465865135193,-17.54421043395996,0.65
445100,0.6755465865135193,-17.54421043395996,0.65
445200,0.6755465865135193,-17.54421043395996,0.65
445300,0.6755465865135193,-17.54421043395996,0.65
445400,0.6755465865135193,-17.54421043395996,0.65
445500,0.6755465865135193,-17.54421043395996,0.65
445600,0.6755465865135193,-17.54421043395996,0.65
445700,0.6755465865135193,-17.54421043395996,0.65
445800,0.6755465865135193,-17.54421043395996,0.65
445900,0.6755465865135193,-17.54421043395996,0.65
446000,0.6755465865135193,-17.54421043395996,0.65
446100,0.6755465865135193,-17.54421043395996,0.65
446200,0.6755465865135193,-17.54421043395996,0.65
446300,0.6755465865135193,-17.54421043395996,0.65
446400,0.6755465865135193,-17.54421043395996,0.65
446500,0.6755465865135193,-17.54421043395996,0.65
446600,0.6755465865135193,-17.54421043395996,0.65
446700,0.6755465865135193,-17.54421043395996,0.65
446800,0.6755465865135193,-17.54421043395996,0.65
446900,0.6755465865135193,-17.54421043395996,0.65
447000,0.6755465865135193,-17.54421043395996,0.65
447100,0.6755465865135193,-17.54421043395996,0.65
447200,0.6755465865135193,-17.54421043395996,0.67
447300,0.6755465865135193,-17.54421043395996,0.67
447400,0.6755465865135193,-17.54421043395996,0.67
447500,0.6755465865135193,-17.54421043395996,0.67
447600,0.6755465865135193,-17.54421043395996,0.67
447700,0.6755465865135193,-17.54421043395996,0.67
447800,0.6755465865135193,-17.54421043395996,0.67
447900,0.6755465865135193,-17.54421043395996,0.67
448000,0.6755465865135193,-17.54421043395996,0.67
448100,0.6755465865135193,-17.54421043395996,0.67
448200,0.6755465865135193,-17.54421043395996,0.67
448300,0.6755465865135193,-17.54421043395996,0.67
448400,0.6755465865135193,-17.54421043395996,0.67
448500,0.6755465865135193,-17.54421043395996,0.67
448600,0.6755465865135193,-17.54421043395996,0.67
448700,0.6755465865135193,-17.54421043395996,0.67
448800,0.6755465865135193,-17.54421043395996,0.67
448900,0.6755465865135193,-17.54421043395996,0.67
449000,0.6755465865135193,-17.54421043395996,0.67
449100,0.6755465865135193,-17.54421043395996,0.67
449200,0.6755465865135193,-17.54421043395996,0.67
449300,0.6755465865135193,-17.54421043395996,0.67
449400,0.6755465865135193,-17.54421043395996,0.67
449500,0.6755465865135193,-17.54421043395996,0.67
449600,0.6755465865135193,-17.54421043395996,0.67
449700,0.6755465865135193,-17.54421043395996,0.67
449800,0.6755465865135193,-17.54421043395996,0.67
449900,0.6755465865135193,-17.54421043395996,0.67
450000,0.6755465865135193,-17.54421043395996,0.67
450100,0.6755465865135193,-17.54421043395996,0.67
450200,0.6755465865135193,-17.54421043395996,0.67
450300,0.6755465865135193,-17.54421043395996,0.67
450400,0.6755465865135193,-17.54421043395996,0.67
450500,0.6755465865135193,-17.54421043395996,0.67
450600,0.6755465865135193,-17.54421043395996,0.67
450700,0.6755465865135193,-17.54421043395996,0.67
450800,0.6755465865135193,-17.54421043395996,0.67
450900,0.6755465865135193,-17.54421043395996,0.67
451000,0.6755465865135193,-17.54421043395996,0.67
451100,0.6755465865135193,-17.54421043395996,0.67
451200,0.6755465865135193,-17.54421043395996,0.67
451300,0.6755465865135193,-17.54421043395996,0.67
451400,0.6755465865135193,-17.54421043395996,0.67
451500,0.6755465865135193,-17.54421043395996,0.67
451600,0.6755465865135193,-17.54421043395996,0.67
451700,0.6755465865135193,-17.54421043395996,0.67
451800,0.6755465865135193,-17.54421043395996,0.67
451900,0.6755465865135193,-17.54421043395996,0.67
452000,0.6755465865135193,-17.54421043395996,0.67
452100,0.6755465865135193,-17.54421043395996,0.67
452200,0.6755465865135193,-17.54421043395996,0.67
452300,0.6755465865135193,-17.54421043395996,0.67
452400,0.6755465865135193,-17.54421043395996,0.67
452500,0.6755465865135193,-17.54421043395996,0.67
452600,0.6755465865135193,-17.54421043395996,0.67
452700,0.6755465865135193,-17.54421043395996,0.67
452800,0.6755465865135193,-17.54421043395996,0.67
452900,0.6755465865135193,-17.54421043395996,0.67
453000,0.6755465865135193,-17.54421043395996,0.67
453100,0.6755465865135193,-17.54421043395996,0.67
453200,0.6755465865135193,-17.54421043395996,0.67
453300,0.6755465865135193,-17.54421043395996,0.67
453400,0.6755465865135193,-17.54421043395996,0.67
453500,0.6755465865135193,-17.54421043395996,0.67
453600,0.6755465865135193,-17.54421043395996,0.67
453700,0.6755465865135193,-17.54421043395996,0.67
453800,0.6755465865135193,-17.54421043395996,0.67
453900,0.6755465865135193,-17.54421043395996,0.67
454000,0.6755465865135193,-17.54421043395996,0.67
454100,0.6755465865135193,-17.54421043395996,0.67
454200,0.6755465865135193,-17.54421043395996,0.67
454300,0.6755465865135193,-17.54421043395996,0.67
454400,0.6755465865135193,-17.54421043395996,0.67
454500,0.6755465865135193,-17.54421043395996,0.67
454600,0.6755465865135193,-17.54421043395996,0.67
454700,0.6755465865135193,-17.54421043395996,0.67
454800,0.6755465865135193,-17.54421043395996,0.67
454900,0.6755465865135193,-17.54421043395996,0.67
455000,0.6755465865135193,-17.54421043395996,0.67
455100,0.6755465865135193,-17.54421043395996,0.67
455200,0.6755465865135193,-17.54421043395996,0.67
455300,0.6755465865135193,-17.54421043395996,0.67
455400,0.6755465865135193,-17.54421043395996,0.67
455500,0.6755465865135193,-17.54421043395996,0.67
455600,0.6755465865135193,-17.54421043395996,0.67
455700,0.6755465865135193,-17.54421043395996,0.67
455800,0.6755465865135193,-17.54421043395996,0.67
455900,0.6755465865135193,-17.54421043395996,0.67
456000,0.6755465865135193,-17.54421043395996,0.67
456100,0.6755465865135193,-17.54421043395996,0.67
456200,0.6755465865135193,-17.54421043395996,0.67
456300,0.6755465865135193,-17.54421043395996,0.67
456400,0.6755465865135193,-17.54421043395996,0.67
456500,0.6755465865135193,-17.54421043395996,0.67
456600,0.6755465865135193,-17.54421043395996,0.67
456700,0.6755465865135193,-17.54421043395996,0.67
456800,0.6755465865135193,-17.54421043395996,0.67
456900,0.6755465865135193,-17.54421043395996,0.67
457000,0.6755465865135193,-17.54421043395996,0.67
457100,0.6755465865135193,-17.54421043395996,0.67
457200,0.6755465865135193,-17.54421043395996,0.67
457300,0.6755465865135193,-17.54421043395996,0.67
457400,0.6755465865135193,-17.54421043395996,0.67
457500,0.6755465865135193,-17.54421043395996,0.67
457600,0.6755465865135193,-17.54421043395996,0.68
457700,0.6755465865135193,-17.54421043395996,0.68
457800,0.6755465865135193,-17.54421043395996,0.68
457900,0.6755465865135193,-17.54421043395996,0.68
458000,0.6755465865135193,-17.54421043395996,0.68
458100,0.6755465865135193,-17.54421043395996,0.68
458200,0.6755465865135193,-17.54421043395996,0.68
458300,0.6755465865135193,-17.54421043395996,0.68
458400,0.6755465865135193,-17.54421043395996,0.68
458500,0.6755465865135193,-17.54421043395996,0.68
458600,0.6755465865135193,-17.54421043395996,0.68
458700,0.6755465865135193,-17.54421043395996,0.68
458800,0.6755465865135193,-17.54421043395996,0.68
458900,0.6755465865135193,-17.54421043395996,0.68
459000,0.6755465865135193,-17.54421043395996,0.68
459100,0.6755465865135193,-17.54421043395996,0.68
459200,0.6755465865135193,-17.54421043395996,0.68
459300,0.6755465865135193,-17.54421043395996,0.68
459400,0.6755465865135193,-17.54421043395996,0.68
459500,0.6755465865135193,-17.54421043395996,0.68
459600,0.6755465865135193,-17.54421043395996,0.68
459700,0.6755465865135193,-17.54421043395996,0.68
459800,0.6755465865135193,-17.54421043395996,0.68
459900,0.6755465865135193,-17.54421043395996,0.68
460000,0.6755465865135193,-17.54421043395996,0.68
460100,0.6755465865135193,-17.54421043395996,0.68
460200,0.6755465865135193,-17.54421043395996,0.68
460300,0.6755465865135193,-17.54421043395996,0.68
460400,0.6755465865135193,-17.54421043395996,0.68
460500,0.6755465865135193,-17.54421043395996,0.68
460600,0.6755465865135193,-17.54421043395996,0.68
460700,0.6755465865135193,-17.54421043395996,0.68
460800,0.6755465865135193,-17.54421043395996,0.68
460900,0.6755465865135193,-17.54421043395996,0.68
461000,0.6755465865135193,-17.54421043395996,0.68
461100,0.6755465865135193,-17.54421043395996,0.68
461200,0.6755465865135193,-17.54421043395996,0.68
461300,0.6755465865135193,-17.54421043395996,0.68
461400,0.6755465865135193,-17.54421043395996,0.68
461500,0.6755465865135193,-17.54421043395996,0.68
461600,0.6755465865135193,-17.54421043395996,0.68
461700,0.6755465865135193,-17.54421043395996,0.68
461800,0.6755465865135193,-17.54421043395996,0.68
461900,0.6755465865135193,-17.54421043395996,0.68
462000,0.6755465865135193,-17.54421043395996,0.68
462100,0.6755465865135193,-17.54421043395996,0.68
462200,0.6755465865135193,-17.54421043395996,0.68
462300,0.6755465865135193,-17.54421043395996,0.68
462400,0.6755465865135193,-17.54421043395996,0.68
462500,0.6755465865135193,-17.54421043395996,0.68
462600,0.6755465865135193,-17.54421043395996,0.68
462700,0.6755465865135193,-17.54421043395996,0.68
462800,0.6755465865135193,-17.54421043395996,0.65
462900,0.6755465865135193,-17.54421043395996,0.65
463000,0.6755465865135193,-17.54421043395996,0.65
463100,0.6755465865135193,-17.54421043395996,0.65
463200,0.6755465865135193,-17.54421043395996,0.65
463300,0.6755465865135193,-17.54421043395996,0.65
463400,0.6755465865135193,-17.54421043395996,0.65
463500,0.6755465865135193,-17.54421043395996,0.65
463600,0.6755465865135193,-17.54421043395996,0.65
463700,0.6755465865135193,-17.54421043395996,0.65
463800,0.6755465865135193,-17.54421043395996,0.65
463900,0.6755465865135193,-17.54421043395996,0.65
464000,0.6755465865135193,-17.54421043395996,0.65
464100,0.6755465865135193,-17.54421043395996,0.65
464200,0.6755465865135193,-17.54421043395996,0.65
464300,0.6755465865135193,-17.54421043395996,0.65
464400,0.6755465865135193,-17.54421043395996,0.65
464500,0.6755465865135193,-17.54421043395996,0.65
464600,0.6755465865135193,-17.54421043395996,0.65
464700,0.6755465865135193,-17.54421043395996,0.65
464800,0.6755465865135193,-17.54421043395996,0.65
464900,0.6755465865135193,-17.54421043395996,0.65
465000,0.6755465865135193,-17.54421043395996,0.65
465100,0.6755465865135193,-17.54421043395996,0.65
465200,0.6755465865135193,-17.54421043395996,0.65
465300,0.6755465865135193,-17.54421043395996,0.65
465400,0.6755465865135193,-17.54421043395996,0.65
465500,0.6755465865135193,-17.54421043395996,0.65
465600,0.6755465865135193,-17.54421043395996,0.65
465700,0.6755465865135193,-17.54421043395996,0.65
465800,0.6755465865135193,-17.54421043395996,0.65
465900,0.6755465865135193,-17.54421043395996,0.65
466000,0.6755465865135193,-17.54421043395996,0.65
466100,0.6755465865135193,-17.54421043395996,0.65
466200,0.6755465865135193,-17.54421043395996,0.65
466300,0.6755465865135193,-17.54421043395996,0.65
466400,0.6755465865135193,-17.54421043395996,0.65
466500,0.6755465865135193,-17.54421043395996,0.65
466600,0.6755465865135193,-17.54421043395996,0.65
466700,0.6755465865135193,-17.54421043395996,0.65
466800,0.6755465865135193,-17.54421043395996,0.65
466900,0.6755465865135193,-17.54421043395996,0.65
467000,0.6755465865135193,-17.54421043395996,0.65
467100,0.6755465865135193,-17.54421043395996,0.65
467200,0.6755465865135193,-17.54421043395996,0.65
467300,0.6755465865135193,-17.54421043395996,0.65
467400,0.6755465865135193,-17.54421043395996,0.65
467500,0.6755465865135193,-17.54421043395996,0.65
467600,0.6755465865135193,-17.54421043395996,0.65
467700,0.6755465865135193,-17.54421043395996,0.65
467800,0.6755465865135193,-17.54421043395996,0.65
467900,0.6755465865135193,-17.54421043395996,0.65
468000,0.6755465865135193,-17.54421043395996,0.59
468100,0.6755465865135193,-17.54421043395996,0.59
468200,0.6755465865135193,-17.54421043395996,0.59
468300,0.6755465865135193,-17.54421043395996,0.59
468400,0.6755465865135193,-17.54421043395996,0.59
468500,0.6755465865135193,-17.54421043395996,0.59
468600,0.6755465865135193,-17.54421043395996,0.59
468700,0.6755465865135193,-17.54421043395996,0.59
468800,0.6755465865135193,-17.54421043395996,0.59
468900,0.6755465865135193,-17.54421043395996,0.59
469000,0.6755465865135193,-17.54421043395996,0.59
469100,0.6755465865135193,-17.54421043395996,0.59
469200,0.6755465865135193,-17.54421043395996,0.59
469300,0.6755465865135193,-17.54421043395996,0.59
469400,0.6755465865135193,-17.54421043395996,0.59
469500,0.6755465865135193,-17.54421043395996,0.59
469600,0.6755465865135193,-17.54421043395996,0.59
469700,0.6755465865135193,-17.54421043395996,0.59
469800,0.6755465865135193,-17.54421043395996,0.59
469900,0.6755465865135193,-17.54421043395996,0.59
470000,0.6755465865135193,-17.54421043395996,0.59
470100,0.6755465865135193,-17.54421043395996,0.59
470200,0.6755465865135193,-17.54421043395996,0.59
470300,0.6755465865135193,-17.54421043395996,0.59
470400,0.6755465865135193,-17.54421043395996,0.59
470500,0.6755465865135193,-17.54421043395996,0.59
470600,0.6755465865135193,-17.54421043395996,0.59
470700,0.6755465865135193,-17.54421043395996,0.59
470800,0.6755465865135193,-17.54421043395996,0.59
470900,0.6755465865135193,-17.54421043395996,0.59
471000,0.6755465865135193,-17.54421043395996,0.59
471100,0.6755465865135193,-17.54421043395996,0.59
471200,0.6755465865135193,-17.54421043395996,0.59
471300,0.6755465865135193,-17.54421043395996,0.59
471400,0.6755465865135193,-17.54421043395996,0.59
471500,0.6755465865135193,-17.54421043395996,0.59
471600,0.6755465865135193,-17.54421043395996,0.59
471700,0.6755465865135193,-17.54421043395996,0.59
471800,0.6755465865135193,-17.54421043395996,0.59
471900,0.6755465865135193,-17.54421043395996,0.59
472000,0.6755465865135193,-17.54421043395996,0.59
472100,0.6755465865135193,-17.54421043395996,0.59
472200,0.6755465865135193,-17.54421043395996,0.59
472300,0.6755465865135193,-17.54421043395996,0.59
472400,0.6755465865135193,-17.54421043395996,0.59
472500,0.6755465865135193,-17.54421043395996,0.59
472600,0.6755465865135193,-17.54421043395996,0.59
472700,0.6755465865135193,-17.54421043395996,0.59
472800,0.6755465865135193,-17.54421043395996,0.59
472900,0.6755465865135193,-17.54421043395996,0.59
473000,0.6755465865135193,-17.54421043395996,0.59
473100,0.6755465865135193,-17.54421043395996,0.59
473200,0.6755465865135193,-17.54421043395996,0.56
473300,0.6755465865135193,-17.54421043395996,0.56
473400,0.6755465865135193,-17.54421043395996,0.56
473500,0.6755465865135193,-17.54421043395996,0.56
473600,0.6755465865135193,-17.54421043395996,0.56
473700,0.6755465865135193,-17.54421043395996,0.56
473800,0.6755465865135193,-17.54421043395996,0.56
473900,0.6755465865135193,-17.54421043395996,0.56
474000,0.6755465865135193,-17.54421043395996,0.56
474100,0.6755465865135193,-17.54421043395996,0.56
474200,0.6755465865135193,-17.54421043395996,0.56
474300,0.6755465865135193,-17.54421043395996,0.56
474400,0.6755465865135193,-17.54421043395996,0.56
474500,0.6755465865135193,-17.54421043395996,0.56
474600,0.6755465865135193,-17.54421043395996,0.56
474700,0.6755465865135193,-17.54421043395996,0.56
474800,0.6755465865135193,-17.54421043395996,0.56
474900,0.6755465865135193,-17.54421043395996,0.56
475000,0.6755465865135193,-17.54421043395996,0.56
475100,0.6755465865135193,-17.54421043395996,0.56
475200,0.6755465865135193,-17.54421043395996,0.56
475300,0.6755465865135193,-17.54421043395996,0.56
475400,0.6755465865135193,-17.54421043395996,0.56
475500,0.6755465865135193,-17.54421043395996,0.56
475600,0.6755465865135193,-17.54421043395996,0.56
475700,0.6755465865135193,-17.54421043395996,0.56
475800,0.6755465865135193,-17.54421043395996,0.56
475900,0.6755465865135193,-17.54421043395996,0.56
476000,0.6755465865135193,-17.54421043395996,0.56
476100,0.6755465865135193,-17.54421043395996,0.56
476200,0.6755465865135193,-17.54421043395996,0.56
476300,0.6755465865135193,-17.54421043395996,0.56
476400,0.6755465865135193,-17.54421043395996,0.56
476500,0.6755465865135193,-17.54421043395996,0.56
476600,0.6755465865135193,-17.54421043395996,0.56
476700,0.6755465865135193,-17.54421043395996,0.56
476800,0.6755465865135193,-17.54421043395996,0.56
476900,0.6755465865135193,-17.54421043395996,0.56
477000,0.6755465865135193,-17.54421043395996,0.56
477100,0.6755465865135193,-17.54421043395996,0.56
477200,0.6755465865135193,-17.54421043395996,0.56
477300,0.6755465865135193,-17.54421043395996,0.56
477400,0.6755465865135193,-17.54421043395996,0.56
477500,0.6755465865135193,-17.54421043395996,0.56
477600,0.6755465865135193,-17.54421043395996,0.56
477700,0.6755465865135193,-17.54421043395996,0.56
477800,0.6755465865135193,-17.54421043395996,0.56
477900,0.6755465865135193,-17.54421043395996,0.56
478000,0.6755465865135193,-17.54421043395996,0.56
478100,0.6755465865135193,-17.54421043395996,0.56
478200,0.6755465865135193,-17.54421043395996,0.56
478300,0.6755465865135193,-17.54421043395996,0.56
478400,0.6755465865135193,-17.54421043395996,0.56
478500,0.6755465865135193,-17.54421043395996,0.56
478600,0.6755465865135193,-17.54421043395996,0.56
478700,0.6755465865135193,-17.54421043395996,0.56
478800,0.6755465865135193,-17.54421043395996,0.56
478900,0.6755465865135193,-17.54421043395996,0.56
479000,0.6755465865135193,-17.54421043395996,0.56
479100,0.6755465865135193,-17.54421043395996,0.56
479200,0.6755465865135193,-17.54421043395996,0.56
479300,0.6755465865135193,-17.54421043395996,0.56
479400,0.6755465865135193,-17.54421043395996,0.56
479500,0.6755465865135193,-17.54421043395996,0.56
479600,0.6755465865135193,-17.54421043395996,0.56
479700,0.6755465865135193,-17.54421043395996,0.56
479800,0.6755465865135193,-17.54421043395996,0.56
479900,0.6755465865135193,-17.54421043395996,0.56
480000,0.6755465865135193,-17.54421043395996,0.56
480100,0.6755465865135193,-17.54421043395996,0.56
480200,0.6755465865135193,-17.54421043395996,0.56
480300,0.6755465865135193,-17.54421043395996,0.56
480400,0.6755465865135193,-17.54421043395996,0.56
480500,0.6755465865135193,-17.54421043395996,0.56
480600,0.6755465865135193,-17.54421043395996,0.56
480700,0.6755465865135193,-17.54421043395996,0.56
480800,0.6755465865135193,-17.54421043395996,0.56
480900,0.6755465865135193,-17.54421043395996,0.56
481000,0.6755465865135193,-17.54421043395996,0.56
481100,0.6755465865135193,-17.54421043395996,0.56
481200,0.6755465865135193,-17.54421043395996,0.56
481300,0.6755465865135193,-17.54421043395996,0.56
481400,0.6755465865135193,-17.54421043395996,0.56
481500,0.6755465865135193,-17.54421043395996,0.56
481600,0.6755465865135193,-17.54421043395996,0.56
481700,0.6755465865135193,-17.54421043395996,0.56
481800,0.6755465865135193,-17.54421043395996,0.56
481900,0.6755465865135193,-17.54421043395996,0.56
482000,0.6755465865135193,-17.54421043395996,0.56
482100,0.6755465865135193,-17.54421043395996,0.56
482200,0.6755465865135193,-17.54421043395996,0.56
482300,0.6755465865135193,-17.54421043395996,0.56
482400,0.6755465865135193,-17.54421043395996,0.56
482500,0.6755465865135193,-17.54421043395996,0.56
482600,0.6755465865135193,-17.54421043395996,0.56
482700,0.6755465865135193,-17.54421043395996,0.56
482800,0.6755465865135193,-17.54421043395996,0.56
482900,0.6755465865135193,-17.54421043395996,0.56
483000,0.6755465865135193,-17.54421043395996,0.56
483100,0.6755465865135193,-17.54421043395996,0.56
483200,0.6755465865135193,-17.54421043395996,0.56
483300,0.6755465865135193,-17.54421043395996,0.56
483400,0.6755465865135193,-17.54421043395996,0.56
483500,0.6755465865135193,-17.54421043395996,0.56
483600,0.6755465865135193,-17.54421043395996,0.56
483700,0.6755465865135193,-17.54421043395996,0.56
483800,0.6755465865135193,-17.54421043395996,0.56
483900,0.6755465865135193,-17.54421043395996,0.56
484000,0.6755465865135193,-17.54421043395996,0.56
484100,0.6755465865135193,-17.54421043395996,0.56
484200,0.6755465865135193,-17.54421043395996,0.56
484300,0.6755465865135193,-17.54421043395996,0.56
484400,0.6755465865135193,-17.54421043395996,0.56
484500,0.6755465865135193,-17.54421043395996,0.56
484600,0.6755465865135193,-17.54421043395996,0.56
484700,0.6755465865135193,-17.54421043395996,0.56
484800,0.6755465865135193,-17.54421043395996,0.56
484900,0.6755465865135193,-17.54421043395996,0.56
485000,0.6755465865135193,-17.54421043395996,0.56
485100,0.6755465865135193,-17.54421043395996,0.56
485200,0.6755465865135193,-17.54421043395996,0.56
485300,0.6755465865135193,-17.54421043395996,0.56
485400,0.6755465865135193,-17.54421043395996,0.56
485500,0.6755465865135193,-17.54421043395996,0.56
485600,0.6755465865135193,-17.54421043395996,0.56
485700,0.6755465865135193,-17.54421043395996,0.56
485800,0.6755465865135193,-17.54421043395996,0.56
485900,0.6755465865135193,-17.54421043395996,0.56
486000,0.6755465865135193,-17.54421043395996,0.56
486100,0.6755465865135193,-17.54421043395996,0.56
486200,0.6755465865135193,-17.54421043395996,0.56
486300,0.6755465865135193,-17.54421043395996,0.56
486400,0.6755465865135193,-17.54421043395996,0.56
486500,0.6755465865135193,-17.54421043395996,0.56
486600,0.6755465865135193,-17.54421043395996,0.56
486700,0.6755465865135193,-17.54421043395996,0.56
486800,0.6755465865135193,-17.54421043395996,0.56
486900,0.6755465865135193,-17.54421043395996,0.56
487000,0.6755465865135193,-17.54421043395996,0.56
487100,0.6755465865135193,-17.54421043395996,0.56
487200,0.6755465865135193,-17.54421043395996,0.56
487300,0.6755465865135193,-17.54421043395996,0.56
487400,0.6755465865135193,-17.54421043395996,0.56
487500,0.6755465865135193,-17.54421043395996,0.56
487600,0.6755465865135193,-17.54421043395996,0.56
487700,0.6755465865135193,-17.54421043395996,0.56
487800,0.6755465865135193,-17.54421043395996,0.56
487900,0.6755465865135193,-17.54421043395996,0.56
488000,0.6755465865135193,-17.54421043395996,0.56
488100,0.6755465865135193,-17.54421043395996,0.56
488200,0.6755465865135193,-17.54421043395996,0.56
488300,0.6755465865135193,-17.54421043395996,0.56
488400,0.6755465865135193,-17.54421043395996,0.56
488500,0.6755465865135193,-17.54421043395996,0.56
488600,0.6755465865135193,-17.54421043395996,0.56
488700,0.6755465865135193,-17.54421043395996,0.56
488800,0.6755465865135193,-17.54421043395996,0.48
488900,0.6755465865135193,-17.54421043395996,0.48
489000,0.6755465865135193,-17.54421043395996,0.48
489100,0.6755465865135193,-17.54421043395996,0.48
489200,0.6755465865135193,-17.54421043395996,0.48
489300,0.6755465865135193,-17.54421043395996,0.48
489400,0.6755465865135193,-17.54421043395996,0.48
489500,0.6755465865135193,-17.54421043395996,0.48
489600,0.6755465865135193,-17.54421043395996,0.48
489700,0.6755465865135193,-17.54421043395996,0.48
489800,0.6755465865135193,-17.54421043395996,0.48
489900,0.6755465865135193,-17.54421043395996,0.48
490000,0.6755465865135193,-17.54421043395996,0.48
490100,0.6755465865135193,-17.54421043395996,0.48
490200,0.6755465865135193,-17.54421043395996,0.48
490300,0.6755465865135193,-17.54421043395996,0.48
490400,0.6755465865135193,-17.54421043395996,0.48
490500,0.6755465865135193,-17.54421043395996,0.48
490600,0.6755465865135193,-17.54421043395996,0.48
490700,0.6755465865135193,-17.54421043395996,0.48
490800,0.6755465865135193,-17.54421043395996,0.48
490900,0.6755465865135193,-17.54421043395996,0.48
491000,0.6755465865135193,-17.54421043395996,0.48
491100,0.6755465865135193,-17.54421043395996,0.48
491200,0.6755465865135193,-17.54421043395996,0.48
491300,0.6755465865135193,-17.54421043395996,0.48
491400,0.6755465865135193,-17.54421043395996,0.48
491500,0.6755465865135193,-17.54421043395996,0.48
491600,0.6755465865135193,-17.54421043395996,0.48
491700,0.6755465865135193,-17.54421043395996,0.48
491800,0.6755465865135193,-17.54421043395996,0.48
491900,0.6755465865135193,-17.54421043395996,0.48
492000,0.6755465865135193,-17.54421043395996,0.48
492100,0.6755465865135193,-17.54421043395996,0.48
492200,0.6755465865135193,-17.54421043395996,0.48
492300,0.6755465865135193,-17.54421043395996,0.48
492400,0.6755465865135193,-17.54421043395996,0.48
492500,0.6755465865135193,-17.54421043395996,0.48
492600,0.6755465865135193,-17.54421043395996,0.48
492700,0.6755465865135193,-17.54421043395996,0.48
492800,0.6755465865135193,-17.54421043395996,0.48
492900,0.6755465865135193,-17.54421043395996,0.48
493000,0.6755465865135193,-17.54421043395996,0.48
493100,0.6755465865135193,-17.54421043395996,0.48
493200,0.6755465865135193,-17.54421043395996,0.48
493300,0.6755465865135193,-17.54421043395996,0.48
493400,0.6755465865135193,-17.54421043395996,0.48
493500,0.6755465865135193,-17.54421043395996,0.48
493600,0.6755465865135193,-17.54421043395996,0.48
493700,0.6755465865135193,-17.54421043395996,0.48
493800,0.6755465865135193,-17.54421043395996,0.48
493900,0.6755465865135193,-17.54421043395996,0.48
494000,0.6755465865135193,-17.54421043395996,0.49
494100,0.6755465865135193,-17.54421043395996,0.49
494200,0.6755465865135193,-17.54421043395996,0.49
494300,0.6755465865135193,-17.54421043395996,0.49
494400,0.6755465865135193,-17.54421043395996,0.49
494500,0.6755465865135193,-17.54421043395996,0.49
494600,0.6755465865135193,-17.54421043395996,0.49
494700,0.6755465865135193,-17.54421043395996,0.49
494800,0.6755465865135193,-17.54421043395996,0.49
494900,0.6755465865135193,-17.54421043395996,0.49
495000,0.6755465865135193,-17.54421043395996,0.49
495100,0.6755465865135193,-17.54421043395996,0.49
495200,0.6755465865135193,-17.54421043395996,0.49
495300,0.6755465865135193,-17.54421043395996,0.49
495400,0.6755465865135193,-17.54421043395996,0.49
495500,0.6755465865135193,-17.54421043395996,0.49
495600,0.6755465865135193,-17.54421043395996,0.49
495700,0.6755465865135193,-17.54421043395996,0.49
495800,0.6755465865135193,-17.54421043395996,0.49
495900,0.6755465865135193,-17.54421043395996,0.49
496000,0.6755465865135193,-17.54421043395996,0.49
496100,0.6755465865135193,-17.54421043395996,0.49
496200,0.6755465865135193,-17.54421043395996,0.49
496300,0.6755465865135193,-17.54421043395996,0.49
496400,0.6755465865135193,-17.54421043395996,0.49
496500,0.6755465865135193,-17.54421043395996,0.49
496600,0.6755465865135193,-17.54421043395996,0.49
496700,0.6755465865135193,-17.54421043395996,0.49
496800,0.6755465865135193,-17.54421043395996,0.49
496900,0.6755465865135193,-17.54421043395996,0.49
497000,0.6755465865135193,-17.54421043395996,0.49
497100,0.6755465865135193,-17.54421043395996,0.49
497200,0.6755465865135193,-17.54421043395996,0.49
497300,0.6755465865135193,-17.54421043395996,0.49
497400,0.6755465865135193,-17.54421043395996,0.49
497500,0.6755465865135193,-17.54421043395996,0.49
497600,0.6755465865135193,-17.54421043395996,0.49
497700,0.6755465865135193,-17.54421043395996,0.49
497800,0.6755465865135193,-17.54421043395996,0.49
497900,0.6755465865135193,-17.54421043395996,0.49
498000,0.6755465865135193,-17.54421043395996,0.49
498100,0.6755465865135193,-17.54421043395996,0.49
498200,0.6755465865135193,-17.54421043395996,0.49
498300,0.6755465865135193,-17.54421043395996,0.49
498400,0.6755465865135193,-17.54421043395996,0.49
498500,0.6755465865135193,-17.54421043395996,0.49
498600,0.6755465865135193,-17.54421043395996,0.49
498700,0.6755465865135193,-17.54421043395996,0.49
498800,0.6755465865135193,-17.54421043395996,0.49
498900,0.6755465865135193,-17.54421043395996,0.49
499000,0.6755465865135193,-17.54421043395996,0.49
499100,0.6755465865135193,-17.54421043395996,0.49
499200,0.6755465865135193,-17.54421043395996,0.49
499300,0.6755465865135193,-17.54421043395996,0.49
499400,0.6755465865135193,-17.54421043395996,0.49
499500,0.6755465865135193,-17.54421043395996,0.49
499600,0.6755465865135193,-17.54421043395996,0.49
499700,0.6755465865135193,-17.54421043395996,0.49
499800,0.6755465865135193,-17.54421043395996,0.49
499900,0.6755465865135193,-17.54421043395996,0.49
500000,0.6755465865135193,-17.54421043395996,0.49
500100,0.6755465865135193,-17.54421043395996,0.49
500200,0.6755465865135193,-17.54421043395996,0.49
500300,0.6755465865135193,-17.54421043395996,0.49
500400,0.6755465865135193,-17.54421043395996,0.49
500500,0.6755465865135193,-17.54421043395996,0.49
500600,0.6755465865135193,-17.54421043395996,0.49
500700,0.6755465865135193,-17.54421043395996,0.49
500800,0.6755465865135193,-17.54421043395996,0.49
500900,0.6755465865135193,-17.54421043395996,0.49
501000,0.6755465865135193,-17.54421043395996,0.49
501100,0.6755465865135193,-17.54421043395996,0.49
501200,0.6755465865135193,-17.54421043395996,0.49
501300,0.6755465865135193,-17.54421043395996,0.49
501400,0.6755465865135193,-17.54421043395996,0.49
501500,0.6755465865135193,-17.54421043395996,0.49
501600,0.6755465865135193,-17.54421043395996,0.49
501700,0.6755465865135193,-17.54421043395996,0.49
501800,0.6755465865135193,-17.54421043395996,0.49
501900,0.6755465865135193,-17.54421043395996,0.49
502000,0.6755465865135193,-17.54421043395996,0.49
502100,0.6755465865135193,-17.54421043395996,0.49
502200,0.6755465865135193,-17.54421043395996,0.49
502300,0.6755465865135193,-17.54421043395996,0.49
502400,0.6755465865135193,-17.54421043395996,0.49
502500,0.6755465865135193,-17.54421043395996,0.49
502600,0.6755465865135193,-17.54421043395996,0.49
502700,0.6755465865135193,-17.54421043395996,0.49
502800,0.6755465865135193,-17.54421043395996,0.49
502900,0.6755465865135193,-17.54421043395996,0.49
503000,0.6755465865135193,-17.54421043395996,0.49
503100,0.6755465865135193,-17.54421043395996,0.49
503200,0.6755465865135193,-17.54421043395996,0.49
503300,0.6755465865135193,-17.54421043395996,0.49
503400,0.6755465865135193,-17.54421043395996,0.49
503500,0.6755465865135193,-17.54421043395996,0.49
503600,0.6755465865135193,-17.54421043395996,0.49
503700,0.6755465865135193,-17.54421043395996,0.49
503800,0.6755465865135193,-17.54421043395996,0.49
503900,0.6755465865135193,-17.54421043395996,0.49
504000,0.6755465865135193,-17.54421043395996,0.49
504100,0.6755465865135193,-17.54421043395996,0.49
504200,0.6755465865135193,-17.54421043395996,0.49
504300,0.6755465865135193,-17.54421043395996,0.49
