evaluation,fitness,test_accuracy,uniqueness,time
0,-0.766740083694458,-1.4997303485870361,1.0,1.62
100,-0.766740083694458,-1.4997303485870361,1.0,1.62
200,-0.766740083694458,-1.4997303485870361,1.0,1.62
300,-0.766740083694458,-1.4997303485870361,1.0,1.62
400,-0.766740083694458,-1.4997303485870361,1.0,1.62
500,-0.766740083694458,-1.4997303485870361,1.0,1.62
600,-0.766740083694458,-1.4997303485870361,1.0,1.62
700,-0.766740083694458,-1.4997303485870361,1.0,1.62
800,-0.766740083694458,-1.4997303485870361,1.0,1.62
900,-0.766740083694458,-1.4997303485870361,1.0,1.62
1000,-0.766740083694458,-1.4997303485870361,1.0,1.62
1100,-0.45169496536254883,-1.8894972801208496,1.0,1.62
1200,-0.45169496536254883,-1.8894972801208496,1.0,1.62
1300,-0.45169496536254883,-1.8894972801208496,1.0,1.62
1400,-0.45169496536254883,-1.8894972801208496,1.0,1.62
1500,-0.45169496536254883,-1.8894972801208496,1.0,1.62
1600,-0.45169496536254883,-1.8894972801208496,1.0,1.62
1700,-0.45169496536254883,-1.8894972801208496,1.0,1.62
1800,0.4326481819152832,0.2991129159927368,1.0,1.62
1900,0.4326481819152832,0.2991129159927368,1.0,1.62
2000,0.4326481819152832,0.2991129159927368,1.0,1.62
2100,0.4326481819152832,0.2991129159927368,1.0,1.62
2200,0.4326481819152832,0.2991129159927368,1.0,1.62
2300,0.4326481819152832,0.2991129159927368,1.0,1.62
2400,0.4326481819152832,0.2991129159927368,1.0,1.62
2500,0.4326481819152832,0.2991129159927368,1.0,1.62
2600,0.4326481819152832,0.2991129159927368,1.0,1.62
2700,0.4326481819152832,0.2991129159927368,1.0,1.62
2800,0.4326481819152832,0.2991129159927368,1.0,1.62
2900,0.4326481819152832,0.2991129159927368,1.0,1.62
3000,0.4326481819152832,0.2991129159927368,1.0,1.62
3100,0.4326481819152832,0.2991129159927368,1.0,1.62
3200,0.4326481819152832,0.2991129159927368,1.0,1.62
3300,0.4326481819152832,0.2991129159927368,1.0,1.62
3400,0.4326481819152832,0.2991129159927368,1.0,1.62
3500,0.4326481819152832,0.2991129159927368,1.0,1.62
3600,0.4326481819152832,0.2991129159927368,1.0,1.62
3700,0.4326481819152832,0.2991129159927368,1.0,1.62
3800,0.4326481819152832,0.2991129159927368,1.0,1.62
3900,0.4326481819152832,0.2991129159927368,1.0,1.62
4000,0.4326481819152832,0.2991129159927368,1.0,1.62
4100,0.4326481819152832,0.2991129159927368,1.0,1.62
4200,0.4326481819152832,0.2991129159927368,1.0,1.62
4300,0.4326481819152832,0.2991129159927368,1.0,1.62
4400,0.4326481819152832,0.2991129159927368,1.0,1.62
4500,0.4326481819152832,0.2991129159927368,1.0,1.62
4600,0.4326481819152832,0.2991129159927368,1.0,1.62
4700,0.4326481819152832,0.2991129159927368,1.0,1.62
4800,0.4326481819152832,0.2991129159927368,1.0,1.62
4900,0.4326481819152832,0.2991129159927368,1.0,1.62
5000,0.4326481819152832,0.2991129159927368,1.0,1.62
5100,0.4326481819152832,0.2991129159927368,1.0,1.62
5200,0.4326481819152832,0.2991129159927368,1.0,1.62
5300,0.4326481819152832,0.2991129159927368,1.0,1.62
5400,0.4326481819152832,0.2991129159927368,1.0,1.62
5500,0.4326481819152832,0.2991129159927368,1.0,1.62
5600,0.4326481819152832,0.2991129159927368,1.0,1.62
5700,0.4326481819152832,0.2991129159927368,1.0,1.62
5800,0.4326481819152832,0.2991129159927368,1.0,1.62
5900,0.4326481819152832,0.2991129159927368,1.0,1.62
6000,0.4326481819152832,0.2991129159927368,1.0,1.62
6100,0.4326481819152832,0.2991129159927368,1.0,1.62
6200,0.4326481819152832,0.2991129159927368,1.0,1.62
6300,0.4326481819152832,0.2991129159927368,1.0,1.62
6400,0.4326481819152832,0.2991129159927368,1.0,1.62
6500,0.4326481819152832,0.2991129159927368,1.0,1.62
6600,0.4326481819152832,0.2991129159927368,1.0,1.62
6700,0.4326481819152832,0.2991129159927368,1.0,1.62
6800,0.4326481819152832,0.2991129159927368,1.0,1.62
6900,0.4326481819152832,0.2991129159927368,1.0,1.62
7000,0.4326481819152832,0.2991129159927368,1.0,1.62
7100,0.634235143661499,0.2369447946548462,1.0,1.62
7200,0.634235143661499,0.2369447946548462,1.0,1.62
7300,0.634235143661499,0.2369447946548462,1.0,1.62
7400,0.634235143661499,0.2369447946548462,1.0,1.62
7500,0.634235143661499,0.2369447946548462,1.0,1.62
7600,0.634235143661499,0.2369447946548462,1.0,1.62
7700,0.634235143661499,0.2369447946548462,1.0,1.62
7800,0.634235143661499,0.2369447946548462,1.0,1.62
7900,0.634235143661499,0.2369447946548462,1.0,1.62
8000,0.634235143661499,0.2369447946548462,1.0,1.62
8100,0.634235143661499,0.2369447946548462,1.0,1.62
8200,0.634235143661499,0.2369447946548462,1.0,1.62
8300,0.634235143661499,0.2369447946548462,1.0,1.62
8400,0.634235143661499,0.2369447946548462,1.0,1.62
8500,0.634235143661499,0.2369447946548462,1.0,1.62
8600,0.634235143661499,0.2369447946548462,1.0,1.62
8700,0.634235143661499,0.2369447946548462,1.0,1.62
8800,0.634235143661499,0.2369447946548462,1.0,1.62
8900,0.6862210631370544,0.64546138048172,1.0,1.62
9000,0.6862210631370544,0.64546138048172,1.0,1.62
9100,0.6862210631370544,0.64546138048172,1.0,1.62
9200,0.6862210631370544,0.64546138048172,1.0,1.62
9300,0.6862210631370544,0.64546138048172,1.0,1.62
9400,0.6862210631370544,0.64546138048172,1.0,1.62
9500,0.6862210631370544,0.64546138048172,1.0,1.62
9600,0.6862210631370544,0.64546138048172,1.0,1.62
9700,0.6862210631370544,0.64546138048172,1.0,1.62
9800,0.6862210631370544,0.64546138048172,1.0,1.62
9900,0.6862210631370544,0.64546138048172,1.0,1.62
10000,0.6862210631370544,0.64546138048172,1.0,1.62
10100,0.6862210631370544,0.64546138048172,1.0,1.62
10200,0.6862210631370544,0.64546138048172,1.0,1.62
10300,0.6862210631370544,0.64546138048172,1.0,1.62
10400,0.6862210631370544,0.64546138048172,1.0,1.62
10500,0.6862210631370544,0.64546138048172,1.0,1.62
10600,0.6862210631370544,0.64546138048172,1.0,1.62
10700,0.6862210631370544,0.64546138048172,1.0,1.62
10800,0.6862210631370544,0.64546138048172,1.0,1.62
10900,0.6862210631370544,0.64546138048172,1.0,1.62
11000,0.6862210631370544,0.64546138048172,1.0,1.62
11100,0.6862210631370544,0.64546138048172,1.0,1.62
11200,0.6862210631370544,0.64546138048172,1.0,1.62
11300,0.6862210631370544,0.64546138048172,1.0,1.62
11400,0.6862210631370544,0.64546138048172,1.0,1.62
11500,0.6862210631370544,0.64546138048172,1.0,1.62
11600,0.6862210631370544,0.64546138048172,1.0,1.62
11700,0.6862210631370544,0.64546138048172,1.0,1.62
11800,0.6862210631370544,0.64546138048172,1.0,1.62
11900,0.6862210631370544,0.64546138048172,1.0,1.62
12000,0.6862210631370544,0.64546138048172,1.0,1.62
12100,0.6862210631370544,0.64546138048172,1.0,1.62
12200,0.6862210631370544,0.64546138048172,1.0,1.62
12300,0.6862210631370544,0.64546138048172,1.0,1.62
12400,0.6862210631370544,0.64546138048172,1.0,1.62
12500,0.6862210631370544,0.64546138048172,1.0,1.62
12600,0.6862210631370544,0.64546138048172,1.0,1.62
12700,0.6862210631370544,0.64546138048172,1.0,1.62
12800,0.6862210631370544,0.64546138048172,1.0,1.62
12900,0.6862210631370544,0.64546138048172,1.0,1.62
13000,0.6862210631370544,0.64546138048172,1.0,1.62
13100,0.6862210631370544,0.64546138048172,1.0,1.62
13200,0.6862210631370544,0.64546138048172,1.0,1.62
13300,0.6862210631370544,0.64546138048172,1.0,1.62
13400,0.6862210631370544,0.64546138048172,1.0,1.62
13500,0.6862210631370544,0.64546138048172,1.0,1.62
13600,0.6862210631370544,0.64546138048172,1.0,1.62
13700,0.6862210631370544,0.64546138048172,1.0,1.62
13800,0.6862210631370544,0.64546138048172,1.0,1.62
13900,0.6862210631370544,0.64546138048172,1.0,1.62
14000,0.6862210631370544,0.64546138048172,1.0,1.62
14100,0.6862210631370544,0.64546138048172,1.0,1.62
14200,0.6862210631370544,0.64546138048172,1.0,1.62
14300,0.6862210631370544,0.64546138048172,1.0,1.62
14400,0.6862210631370544,0.64546138048172,1.0,1.62
14500,0.6862210631370544,0.64546138048172,1.0,1.62
14600,0.6862210631370544,0.64546138048172,1.0,1.62
14700,0.6862210631370544,0.64546138048172,1.0,1.62
14800,0.6862210631370544,0.64546138048172,1.0,1.62
14900,0.8700960874557495,0.8269066214561462,1.0,1.62
15000,0.8700960874557495,0.8269066214561462,1.0,1.62
15100,0.8700960874557495,0.8269066214561462,1.0,1.62
15200,0.8700960874557495,0.8269066214561462,1.0,1.62
15300,0.8700960874557495,0.8269066214561462,1.0,1.62
15400,0.8700960874557495,0.8269066214561462,1.0,1.62
15500,0.8700960874557495,0.8269066214561462,1.0,1.62
15600,0.8700960874557495,0.8269066214561462,1.0,1.62
15700,0.8700960874557495,0.8269066214561462,1.0,1.62
15800,0.8700960874557495,0.8269066214561462,1.0,1.62
15900,0.8700960874557495,0.8269066214561462,1.0,1.62
16000,0.8700960874557495,0.8269066214561462,1.0,1.62
16100,0.8700960874557495,0.8269066214561462,1.0,1.62
16200,0.8700960874557495,0.8269066214561462,1.0,1.62
16300,0.8700960874557495,0.8269066214561462,1.0,1.62
16400,0.8700960874557495,0.8269066214561462,1.0,1.62
16500,0.8700960874557495,0.8269066214561462,1.0,1.62
16600,0.8700960874557495,0.8269066214561462,1.0,1.62
16700,0.8700960874557495,0.8269066214561462,1.0,1.62
16800,0.8700960874557495,0.8269066214561462,1.0,1.62
16900,0.8700960874557495,0.8269066214561462,1.0,1.62
17000,0.8700960874557495,0.8269066214561462,1.0,1.62
17100,0.8700960874557495,0.8269066214561462,1.0,1.62
17200,0.8700960874557495,0.8269066214561462,1.0,1.62
17300,0.8700960874557495,0.8269066214561462,1.0,1.62
17400,0.8700960874557495,0.8269066214561462,1.0,1.62
17500,0.8700960874557495,0.8269066214561462,1.0,1.62
17600,0.8700960874557495,0.8269066214561462,1.0,1.62
17700,0.8700960874557495,0.8269066214561462,1.0,1.62
17800,0.8700960874557495,0.8269066214561462,1.0,1.62
17900,0.8700960874557495,0.8269066214561462,1.0,1.62
18000,0.8700960874557495,0.8269066214561462,1.0,1.62
18100,0.8700960874557495,0.8269066214561462,1.0,1.62
18200,0.8700960874557495,0.8269066214561462,1.0,1.62
18300,0.8700960874557495,0.8269066214561462,1.0,1.62
18400,0.8700960874557495,0.8269066214561462,1.0,1.62
18500,0.8700960874557495,0.8269066214561462,1.0,1.62
18600,0.8700960874557495,0.8269066214561462,1.0,1.62
18700,0.8700960874557495,0.8269066214561462,1.0,1.62
18800,0.8700960874557495,0.8269066214561462,1.0,1.62
18900,0.8700960874557495,0.8269066214561462,1.0,1.62
19000,0.8700960874557495,0.8269066214561462,1.0,1.62
19100,0.8700960874557495,0.8269066214561462,1.0,1.62
19200,0.8700960874557495,0.8269066214561462,1.0,1.62
19300,0.8700960874557495,0.8269066214561462,1.0,1.62
19400,0.8700960874557495,0.8269066214561462,1.0,1.62
19500,0.8700960874557495,0.8269066214561462,1.0,1.62
19600,0.8700960874557495,0.8269066214561462,1.0,1.62
19700,0.8700960874557495,0.8269066214561462,1.0,1.62
19800,0.9041179418563843,0.846077561378479,1.0,1.62
19900,0.9041179418563843,0.846077561378479,1.0,1.62
20000,0.9041179418563843,0.846077561378479,1.0,1.62
20100,0.9041179418563843,0.846077561378479,1.0,1.62
20200,0.9041179418563843,0.846077561378479,1.0,1.62
20300,0.9041179418563843,0.846077561378479,1.0,1.62
20400,0.9041179418563843,0.846077561378479,1.0,1.62
20500,0.9041179418563843,0.846077561378479,1.0,1.62
20600,0.9041179418563843,0.846077561378479,1.0,1.62
20700,0.9041179418563843,0.846077561378479,1.0,1.62
20800,0.9041179418563843,0.846077561378479,1.0,1.62
20900,0.9041179418563843,0.846077561378479,1.0,1.62
21000,0.9041179418563843,0.846077561378479,1.0,1.62
21100,0.9041179418563843,0.846077561378479,1.0,1.62
21200,0.9041179418563843,0.846077561378479,1.0,1.62
21300,0.9041179418563843,0.846077561378479,1.0,1.62
21400,0.9041179418563843,0.846077561378479,1.0,1.62
21500,0.9041179418563843,0.846077561378479,1.0,1.62
21600,0.9041179418563843,0.846077561378479,1.0,1.62
21700,0.9041179418563843,0.846077561378479,1.0,1.62
21800,0.9041179418563843,0.846077561378479,1.0,1.62
21900,0.9041179418563843,0.846077561378479,1.0,1.62
22000,0.9041179418563843,0.846077561378479,1.0,1.62
22100,0.9041179418563843,0.846077561378479,1.0,1.62
22200,0.9041179418563843,0.846077561378479,1.0,1.62
22300,0.9041179418563843,0.846077561378479,1.0,1.62
22400,0.9041179418563843,0.846077561378479,1.0,1.62
22500,0.9041179418563843,0.846077561378479,1.0,1.62
22600,0.9041179418563843,0.846077561378479,1.0,1.62
22700,0.9041179418563843,0.846077561378479,1.0,1.62
22800,0.9041179418563843,0.846077561378479,1.0,1.62
22900,0.9041179418563843,0.846077561378479,1.0,1.62
23000,0.9041179418563843,0.846077561378479,1.0,1.62
23100,0.9041179418563843,0.846077561378479,1.0,1.62
23200,0.9041179418563843,0.846077561378479,1.0,1.62
23300,0.9041179418563843,0.846077561378479,1.0,1.62
23400,0.9041179418563843,0.846077561378479,1.0,1.62
23500,0.9041179418563843,0.846077561378479,1.0,1.62
23600,0.9041179418563843,0.846077561378479,1.0,1.62
23700,0.9041179418563843,0.846077561378479,1.0,1.62
23800,0.9041179418563843,0.846077561378479,1.0,1.62
23900,0.9041179418563843,0.846077561378479,1.0,1.62
24000,0.9041179418563843,0.846077561378479,1.0,1.62
24100,0.9041179418563843,0.846077561378479,1.0,1.62
24200,0.9041179418563843,0.846077561378479,1.0,1.62
24300,0.9041179418563843,0.846077561378479,1.0,1.62
24400,0.9041179418563843,0.846077561378479,1.0,1.62
24500,0.9041179418563843,0.846077561378479,1.0,1.62
24600,0.9041179418563843,0.846077561378479,1.0,1.62
24700,0.9041179418563843,0.846077561378479,1.0,1.62
24800,0.9041179418563843,0.846077561378479,1.0,1.62
24900,0.9041179418563843,0.846077561378479,1.0,1.62
25000,0.9041179418563843,0.846077561378479,1.0,1.62
25100,0.9041179418563843,0.846077561378479,1.0,1.62
25200,0.9057144522666931,0.8501657843589783,1.0,1.62
25300,0.9057144522666931,0.8501657843589783,1.0,1.62
25400,0.9057144522666931,0.8501657843589783,1.0,1.62
25500,0.9057144522666931,0.8501657843589783,1.0,1.62
25600,0.9057144522666931,0.8501657843589783,1.0,1.62
25700,0.9057144522666931,0.8501657843589783,1.0,1.62
25800,0.9057144522666931,0.8501657843589783,1.0,1.62
25900,0.9057144522666931,0.8501657843589783,1.0,1.62
26000,0.9057144522666931,0.8501657843589783,1.0,1.62
26100,0.9057144522666931,0.8501657843589783,1.0,1.62
26200,0.9057144522666931,0.8501657843589783,1.0,1.62
26300,0.9057144522666931,0.8501657843589783,1.0,1.62
26400,0.9057144522666931,0.8501657843589783,1.0,1.62
26500,0.9057144522666931,0.8501657843589783,1.0,1.62
26600,0.9057144522666931,0.8501657843589783,1.0,1.62
26700,0.9057144522666931,0.8501657843589783,1.0,1.62
26800,0.9057144522666931,0.8501657843589783,1.0,1.62
26900,0.9057144522666931,0.8501657843589783,1.0,1.62
27000,0.9057144522666931,0.8501657843589783,1.0,1.62
27100,0.9057144522666931,0.8501657843589783,1.0,1.62
27200,0.9057144522666931,0.8501657843589783,1.0,1.62
27300,0.9057144522666931,0.8501657843589783,1.0,1.62
27400,0.9057144522666931,0.8501657843589783,1.0,1.62
27500,0.9057144522666931,0.8501657843589783,1.0,1.62
27600,0.9057144522666931,0.8501657843589783,1.0,1.62
27700,0.9057144522666931,0.8501657843589783,1.0,1.62
27800,0.9057144522666931,0.8501657843589783,1.0,1.62
27900,0.9057144522666931,0.8501657843589783,1.0,1.62
28000,0.9057144522666931,0.8501657843589783,1.0,1.62
28100,0.9057144522666931,0.8501657843589783,1.0,1.62
28200,0.9057144522666931,0.8501657843589783,1.0,1.62
28300,0.9057144522666931,0.8501657843589783,1.0,1.62
28400,0.9057144522666931,0.8501657843589783,1.0,1.62
28500,0.9057144522666931,0.8501657843589783,1.0,1.62
28600,0.9057144522666931,0.8501657843589783,1.0,1.62
28700,0.9057144522666931,0.8501657843589783,1.0,1.62
28800,0.9057144522666931,0.8501657843589783,1.0,1.62
28900,0.9057144522666931,0.8501657843589783,1.0,1.62
29000,0.9057144522666931,0.8501657843589783,1.0,1.62
29100,0.9057144522666931,0.8501657843589783,1.0,1.62
29200,0.9057144522666931,0.8501657843589783,1.0,1.62
29300,0.9057144522666931,0.8501657843589783,1.0,1.62
29400,0.9057144522666931,0.8501657843589783,1.0,1.62
29500,0.9057144522666931,0.8501657843589783,1.0,1.62
29600,0.9057144522666931,0.8501657843589783,1.0,1.62
29700,0.9057144522666931,0.8501657843589783,1.0,1.62
29800,0.9057144522666931,0.8501657843589783,1.0,1.62
29900,0.9057144522666931,0.8501657843589783,1.0,1.62
30000,0.9057144522666931,-433.646240234375,1.0,1.59
30100,0.9057144522666931,-433.646240234375,1.0,1.59
30200,0.9057144522666931,-433.646240234375,1.0,1.59
30300,0.9057144522666931,-433.646240234375,1.0,1.59
30400,0.9057144522666931,-433.646240234375,1.0,1.59
30500,0.9057144522666931,-433.646240234375,1.0,1.59
30600,0.9057144522666931,-433.646240234375,1.0,1.59
30700,0.9057144522666931,-433.646240234375,1.0,1.59
30800,0.9057144522666931,-433.646240234375,1.0,1.59
30900,0.9057144522666931,-433.646240234375,1.0,1.59
31000,0.9057144522666931,-433.646240234375,1.0,1.59
31100,0.9057144522666931,-433.646240234375,1.0,1.59
31200,0.9057144522666931,-433.646240234375,1.0,1.59
31300,0.9057144522666931,-433.646240234375,1.0,1.59
31400,0.9057144522666931,-433.646240234375,1.0,1.59
31500,0.9057144522666931,-433.646240234375,1.0,1.59
31600,0.9057144522666931,-433.646240234375,1.0,1.59
31700,0.9057144522666931,-433.646240234375,1.0,1.59
31800,0.9057144522666931,-433.646240234375,1.0,1.59
31900,0.9057144522666931,-433.646240234375,1.0,1.59
32000,0.9057144522666931,-433.646240234375,1.0,1.59
32100,0.9057144522666931,-433.646240234375,1.0,1.59
32200,0.9057144522666931,-433.646240234375,1.0,1.59
32300,0.9057144522666931,-433.646240234375,1.0,1.59
32400,0.9057144522666931,-433.646240234375,1.0,1.59
32500,0.9057144522666931,-433.646240234375,1.0,1.59
32600,0.9057144522666931,-433.646240234375,1.0,1.59
32700,0.9057144522666931,-433.646240234375,1.0,1.59
32800,0.9057144522666931,-433.646240234375,1.0,1.59
32900,0.9057144522666931,-433.646240234375,1.0,1.59
33000,0.9057144522666931,-433.646240234375,1.0,1.59
33100,0.9057144522666931,-433.646240234375,1.0,1.59
33200,0.9057144522666931,-433.646240234375,1.0,1.59
33300,0.9057144522666931,-433.646240234375,1.0,1.59
33400,0.9057144522666931,-433.646240234375,1.0,1.59
33500,0.9057144522666931,-433.646240234375,1.0,1.59
33600,0.9057144522666931,-433.646240234375,1.0,1.59
33700,0.9057144522666931,-433.646240234375,1.0,1.59
33800,0.9057144522666931,-433.646240234375,1.0,1.59
33900,0.9057144522666931,-433.646240234375,1.0,1.59
34000,0.9057144522666931,-433.646240234375,1.0,1.59
34100,0.9057144522666931,-433.646240234375,1.0,1.59
34200,0.9057144522666931,-433.646240234375,1.0,1.59
34300,0.9057144522666931,-433.646240234375,1.0,1.59
34400,0.9057144522666931,-433.646240234375,1.0,1.59
34500,0.9057144522666931,-433.646240234375,1.0,1.59
34600,0.9057144522666931,-433.646240234375,1.0,1.59
34700,0.9057144522666931,-433.646240234375,1.0,1.59
34800,0.9057144522666931,-433.646240234375,1.0,1.59
34900,0.9057144522666931,-433.646240234375,1.0,1.59
35000,0.9057144522666931,-433.646240234375,1.0,1.59
35100,0.9057144522666931,-433.646240234375,1.0,1.59
35200,0.9057144522666931,-433.646240234375,1.0,1.59
35300,0.9057144522666931,-433.646240234375,1.0,1.59
35400,0.9057144522666931,-433.646240234375,1.0,1.59
35500,0.9057144522666931,-433.646240234375,1.0,1.59
35600,0.9057144522666931,-433.646240234375,1.0,1.59
35700,0.9057144522666931,-433.646240234375,1.0,1.59
35800,0.9057144522666931,-433.646240234375,1.0,1.59
35900,0.9057144522666931,-433.646240234375,1.0,1.59
36000,0.9057144522666931,-433.646240234375,1.0,1.59
36100,0.9057144522666931,-433.646240234375,1.0,1.59
36200,0.9057144522666931,-433.646240234375,1.0,1.59
36300,0.9057144522666931,-433.646240234375,1.0,1.59
36400,0.9057144522666931,-433.646240234375,1.0,1.59
36500,0.9057144522666931,-433.646240234375,1.0,1.59
36600,0.9057144522666931,-433.646240234375,1.0,1.59
36700,0.9057144522666931,-433.646240234375,1.0,1.59
36800,0.9057144522666931,-433.646240234375,1.0,1.59
36900,0.9057144522666931,-433.646240234375,1.0,1.59
37000,0.9057144522666931,-433.646240234375,1.0,1.59
37100,0.9057144522666931,-433.646240234375,1.0,1.59
37200,0.9057144522666931,-433.646240234375,1.0,1.59
37300,0.9057144522666931,-433.646240234375,1.0,1.59
37400,0.9057144522666931,-433.646240234375,1.0,1.59
37500,0.9057144522666931,-433.646240234375,1.0,1.59
37600,0.9057144522666931,-433.646240234375,1.0,1.59
37700,0.9057144522666931,-433.646240234375,1.0,1.59
37800,0.9057144522666931,-433.646240234375,1.0,1.59
37900,0.9057144522666931,-433.646240234375,1.0,1.59
38000,0.9057144522666931,-433.646240234375,1.0,1.59
38100,0.9057144522666931,-433.646240234375,1.0,1.59
38200,0.9057144522666931,-433.646240234375,1.0,1.59
38300,0.9057144522666931,-433.646240234375,1.0,1.59
38400,0.9057144522666931,-433.646240234375,1.0,1.59
38500,0.9057144522666931,-433.646240234375,1.0,1.59
38600,0.9057144522666931,-433.646240234375,1.0,1.59
38700,0.9057144522666931,-433.646240234375,1.0,1.59
38800,0.9057144522666931,-433.646240234375,1.0,1.59
38900,0.9057144522666931,-433.646240234375,1.0,1.59
39000,0.9057144522666931,-433.646240234375,1.0,1.59
39100,0.9057144522666931,-433.646240234375,1.0,1.59
39200,0.9057144522666931,-433.646240234375,1.0,1.59
39300,0.9057144522666931,-433.646240234375,1.0,1.59
39400,0.9057144522666931,-433.646240234375,1.0,1.59
39500,0.9057144522666931,-433.646240234375,1.0,1.59
39600,0.9057144522666931,-433.646240234375,1.0,1.59
39700,0.9057144522666931,-433.646240234375,1.0,1.59
39800,0.9057144522666931,-433.646240234375,1.0,1.59
39900,0.9057144522666931,-433.646240234375,1.0,1.59
40000,0.9057144522666931,-433.646240234375,1.0,1.59
40100,0.9057144522666931,-433.646240234375,1.0,1.59
40200,0.9057144522666931,-433.646240234375,1.0,1.59
40300,0.9057144522666931,-433.646240234375,1.0,1.59
40400,0.9057144522666931,-433.646240234375,1.0,1.59
40500,0.9057144522666931,-433.646240234375,1.0,1.59
40600,0.9057144522666931,-433.646240234375,1.0,1.59
40700,0.9057144522666931,-433.646240234375,1.0,1.59
40800,0.9057144522666931,-433.646240234375,1.0,1.59
40900,0.9057144522666931,-433.646240234375,1.0,1.59
41000,0.9057144522666931,-433.646240234375,1.0,1.59
41100,0.9057144522666931,-433.646240234375,1.0,1.59
41200,0.9057144522666931,-433.646240234375,1.0,1.59
41300,0.9057144522666931,-433.646240234375,1.0,1.59
41400,0.9057144522666931,-433.646240234375,1.0,1.59
41500,0.9057144522666931,-433.646240234375,1.0,1.59
41600,0.9057144522666931,-433.646240234375,1.0,1.59
41700,0.9057144522666931,-433.646240234375,1.0,1.59
41800,0.9057144522666931,-433.646240234375,1.0,1.59
41900,0.9057144522666931,-433.646240234375,1.0,1.59
42000,0.9057144522666931,-433.646240234375,1.0,1.59
42100,0.9057144522666931,-433.646240234375,1.0,1.59
42200,0.9057144522666931,-433.646240234375,1.0,1.59
42300,0.9057144522666931,-433.646240234375,1.0,1.59
42400,0.9057144522666931,-433.646240234375,1.0,1.59
42500,0.9057144522666931,-433.646240234375,1.0,1.59
42600,0.9057144522666931,-433.646240234375,1.0,1.59
42700,0.9057144522666931,-433.646240234375,1.0,1.59
42800,0.9057144522666931,-433.646240234375,1.0,1.59
42900,0.9057144522666931,-433.646240234375,1.0,1.59
43000,0.9057144522666931,-433.646240234375,1.0,1.59
43100,0.9057144522666931,-433.646240234375,1.0,1.59
43200,0.9057144522666931,-433.646240234375,1.0,1.59
43300,0.9057144522666931,-433.646240234375,1.0,1.59
43400,0.9057144522666931,-433.646240234375,1.0,1.59
43500,0.9057144522666931,-433.646240234375,1.0,1.59
43600,0.9057144522666931,-433.646240234375,1.0,1.59
43700,0.9057144522666931,-433.646240234375,1.0,1.59
43800,0.9057144522666931,-433.646240234375,1.0,1.59
43900,0.9057144522666931,-433.646240234375,1.0,1.59
44000,0.9057144522666931,-433.646240234375,1.0,1.59
44100,0.9057144522666931,-433.646240234375,1.0,1.59
44200,0.9057144522666931,-433.646240234375,1.0,1.59
44300,0.9057144522666931,-433.646240234375,1.0,1.59
44400,0.9057144522666931,-433.646240234375,1.0,1.59
44500,0.9057144522666931,-433.646240234375,1.0,1.59
44600,0.9057144522666931,-433.646240234375,1.0,1.59
44700,0.9057144522666931,-433.646240234375,1.0,1.59
44800,0.9057144522666931,-433.646240234375,1.0,1.59
44900,0.9057144522666931,-433.646240234375,1.0,1.59
45000,0.9057144522666931,-433.646240234375,1.0,1.59
45100,0.9057144522666931,-433.646240234375,1.0,1.59
45200,0.9057144522666931,-433.646240234375,1.0,1.59
45300,0.9057144522666931,-433.646240234375,1.0,1.59
45400,0.9057144522666931,-433.646240234375,1.0,1.59
45500,0.9057144522666931,-433.646240234375,1.0,1.59
45600,0.9057144522666931,-433.646240234375,1.0,1.59
45700,0.9057144522666931,-433.646240234375,1.0,1.59
45800,0.9057144522666931,-433.646240234375,1.0,1.59
45900,0.9057144522666931,-433.646240234375,1.0,1.59
46000,0.9057144522666931,-433.646240234375,1.0,1.59
46100,0.9057144522666931,-433.646240234375,1.0,1.59
46200,0.9057144522666931,-433.646240234375,1.0,1.59
46300,0.9057144522666931,-433.646240234375,1.0,1.59
46400,0.9057144522666931,-433.646240234375,1.0,1.59
46500,0.9057144522666931,-433.646240234375,1.0,1.59
46600,0.9057144522666931,-433.646240234375,1.0,1.59
46700,0.9057144522666931,-433.646240234375,1.0,1.59
46800,0.9057144522666931,-433.646240234375,1.0,1.59
46900,0.9057144522666931,-433.646240234375,1.0,1.59
47000,0.9057144522666931,-433.646240234375,1.0,1.59
47100,0.9057144522666931,-433.646240234375,1.0,1.59
47200,0.9057144522666931,-433.646240234375,1.0,1.59
47300,0.9057144522666931,-433.646240234375,1.0,1.59
47400,0.9057144522666931,-433.646240234375,1.0,1.59
47500,0.9057144522666931,-433.646240234375,1.0,1.59
47600,0.9057144522666931,-433.646240234375,1.0,1.59
47700,0.9057144522666931,-433.646240234375,1.0,1.59
47800,0.9057144522666931,-433.646240234375,1.0,1.59
47900,0.9057144522666931,-433.646240234375,1.0,1.59
48000,0.9057144522666931,-433.646240234375,1.0,1.59
48100,0.9057144522666931,-433.646240234375,1.0,1.59
48200,0.9057144522666931,-433.646240234375,1.0,1.59
48300,0.9057144522666931,-433.646240234375,1.0,1.59
48400,0.9057144522666931,-433.646240234375,1.0,1.59
48500,0.9057144522666931,-433.646240234375,1.0,1.59
48600,0.9057144522666931,-433.646240234375,1.0,1.59
48700,0.9057144522666931,-433.646240234375,1.0,1.59
48800,0.9057144522666931,-433.646240234375,1.0,1.59
48900,0.9057144522666931,-433.646240234375,1.0,1.59
49000,0.9057144522666931,-433.646240234375,1.0,1.59
49100,0.9057144522666931,-433.646240234375,1.0,1.59
49200,0.9057144522666931,-433.646240234375,1.0,1.59
49300,0.9057144522666931,-433.646240234375,1.0,1.59
49400,0.9057144522666931,-433.646240234375,1.0,1.59
49500,0.9057144522666931,-433.646240234375,1.0,1.59
49600,0.9057144522666931,-433.646240234375,1.0,1.59
49700,0.9057144522666931,-433.646240234375,1.0,1.59
49800,0.9057144522666931,-433.646240234375,1.0,1.59
49900,0.9057144522666931,-433.646240234375,1.0,1.59
50000,0.9057144522666931,-433.646240234375,1.0,1.59
50100,0.9057144522666931,-433.646240234375,1.0,1.59
50200,0.9057144522666931,-433.646240234375,1.0,1.59
50300,0.9057144522666931,-433.646240234375,1.0,1.59
50400,0.9057144522666931,-433.646240234375,1.0,1.59
50500,0.9057144522666931,-433.646240234375,1.0,1.59
50600,0.9057144522666931,-433.646240234375,1.0,1.59
50700,0.9057144522666931,-433.646240234375,1.0,1.59
50800,0.9057144522666931,-433.646240234375,1.0,1.59
50900,0.9057144522666931,-433.646240234375,1.0,1.59
51000,0.9057144522666931,-433.646240234375,1.0,1.59
51100,0.9057144522666931,-433.646240234375,1.0,1.59
51200,0.9057144522666931,-433.646240234375,1.0,1.59
51300,0.9057144522666931,-433.646240234375,1.0,1.59
51400,0.9057144522666931,-433.646240234375,1.0,1.59
51500,0.9057144522666931,-433.646240234375,1.0,1.59
51600,0.9057144522666931,-433.646240234375,1.0,1.59
51700,0.9057144522666931,-433.646240234375,1.0,1.59
51800,0.9057144522666931,-433.646240234375,1.0,1.59
51900,0.9057144522666931,-433.646240234375,1.0,1.59
52000,0.9057144522666931,-433.646240234375,1.0,1.59
52100,0.9057144522666931,-433.646240234375,1.0,1.59
52200,0.9057144522666931,-433.646240234375,1.0,1.59
52300,0.9057144522666931,-433.646240234375,1.0,1.59
52400,0.9057144522666931,-433.646240234375,1.0,1.59
52500,0.9057144522666931,-433.646240234375,1.0,1.59
52600,0.9057144522666931,-433.646240234375,1.0,1.59
52700,0.9057144522666931,-433.646240234375,1.0,1.59
52800,0.9057144522666931,-433.646240234375,1.0,1.59
52900,0.9057144522666931,-433.646240234375,1.0,1.59
53000,0.9057144522666931,-433.646240234375,1.0,1.59
53100,0.9057144522666931,-433.646240234375,1.0,1.59
53200,0.9057144522666931,-433.646240234375,1.0,1.59
53300,0.9057144522666931,-433.646240234375,1.0,1.59
53400,0.9057144522666931,-433.646240234375,1.0,1.59
53500,0.9057144522666931,-433.646240234375,1.0,1.59
53600,0.9057144522666931,-433.646240234375,1.0,1.59
53700,0.9057144522666931,-433.646240234375,1.0,1.59
53800,0.9057144522666931,-433.646240234375,1.0,1.59
53900,0.9057144522666931,-433.646240234375,1.0,1.59
54000,0.9057144522666931,-433.646240234375,1.0,1.59
54100,0.9057144522666931,-433.646240234375,1.0,1.59
54200,0.9057144522666931,-433.646240234375,1.0,1.59
54300,0.9057144522666931,-433.646240234375,1.0,1.59
54400,0.9057144522666931,-433.646240234375,1.0,1.59
54500,0.9057144522666931,-433.646240234375,1.0,1.59
54600,0.9057144522666931,-433.646240234375,1.0,1.59
54700,0.9057144522666931,-433.646240234375,1.0,1.59
54800,0.9057144522666931,-433.646240234375,1.0,1.59
54900,0.9057144522666931,-433.646240234375,1.0,1.59
55000,0.9057144522666931,-433.646240234375,1.0,1.59
55100,0.9057144522666931,-433.646240234375,1.0,1.59
55200,0.9057144522666931,-433.646240234375,1.0,1.59
55300,0.9057144522666931,-433.646240234375,1.0,1.59
55400,0.9057144522666931,-433.646240234375,1.0,1.59
55500,0.9057144522666931,-433.646240234375,1.0,1.59
55600,0.9057144522666931,-433.646240234375,1.0,1.59
55700,0.9057144522666931,-433.646240234375,1.0,1.59
55800,0.9057144522666931,-433.646240234375,1.0,1.59
55900,0.9057144522666931,-433.646240234375,1.0,1.59
56000,0.9057144522666931,-433.646240234375,1.0,1.59
56100,0.9057144522666931,-433.646240234375,1.0,1.59
56200,0.9057144522666931,-433.646240234375,1.0,1.59
56300,0.9057144522666931,-433.646240234375,1.0,1.59
56400,0.9057144522666931,-433.646240234375,1.0,1.59
56500,0.9057144522666931,-433.646240234375,1.0,1.59
56600,0.9057144522666931,-433.646240234375,1.0,1.59
56700,0.9057144522666931,-433.646240234375,1.0,1.59
56800,0.9057144522666931,-433.646240234375,1.0,1.59
56900,0.9057144522666931,-433.646240234375,1.0,1.59
57000,0.9057144522666931,-433.646240234375,1.0,1.59
57100,0.9057144522666931,-433.646240234375,1.0,1.59
57200,0.9057144522666931,-433.646240234375,1.0,1.59
57300,0.9057144522666931,-433.646240234375,1.0,1.59
57400,0.9057144522666931,-433.646240234375,1.0,1.59
57500,0.9057144522666931,-433.646240234375,1.0,1.59
57600,0.9057144522666931,-433.646240234375,1.0,1.59
57700,0.9057144522666931,-433.646240234375,1.0,1.59
57800,0.9057144522666931,-433.646240234375,1.0,1.59
57900,0.9057144522666931,-433.646240234375,1.0,1.59
58000,0.9057144522666931,-433.646240234375,1.0,1.59
58100,0.9057144522666931,-433.646240234375,1.0,1.59
58200,0.9057144522666931,-433.646240234375,1.0,1.59
58300,0.9057144522666931,-433.646240234375,1.0,1.59
58400,0.9057144522666931,-433.646240234375,1.0,1.59
58500,0.9057144522666931,-433.646240234375,1.0,1.59
58600,0.9057144522666931,-433.646240234375,1.0,1.59
58700,0.9057144522666931,-433.646240234375,1.0,1.59
58800,0.9057144522666931,-433.646240234375,1.0,1.59
58900,0.9057144522666931,-433.646240234375,1.0,1.59
59000,0.9057144522666931,-433.646240234375,1.0,1.59
59100,0.9057144522666931,-433.646240234375,1.0,1.59
59200,0.9057144522666931,-433.646240234375,1.0,1.59
59300,0.9057144522666931,-433.646240234375,1.0,1.59
59400,0.9057144522666931,-433.646240234375,1.0,1.59
59500,0.9057144522666931,-433.646240234375,1.0,1.59
59600,0.9057144522666931,-433.646240234375,1.0,1.59
59700,0.9057144522666931,-433.646240234375,1.0,1.59
59800,0.9057144522666931,-433.646240234375,1.0,1.59
59900,0.9057144522666931,-433.646240234375,1.0,1.59
72225,0.9057144522666931,0.8501657843589783,0.77,1.66
72325,0.9057144522666931,0.8501657843589783,0.86,1.66
72425,0.9057144522666931,0.8501657843589783,0.87,1.66
72525,0.9057144522666931,0.8501657843589783,0.89,1.66
72625,0.9057144522666931,0.8501657843589783,0.92,1.66
72725,0.9057144522666931,0.8501657843589783,0.95,1.66
72825,0.9057144522666931,0.8501657843589783,0.97,1.66
72925,0.9057144522666931,0.8501657843589783,0.97,1.66
73025,0.9057144522666931,0.8501657843589783,0.98,1.66
73125,0.9057144522666931,0.8501657843589783,0.99,1.66
73225,0.9057144522666931,0.8501657843589783,1.0,1.66
73325,0.9057144522666931,0.8501657843589783,0.99,1.66
73425,0.9057144522666931,0.8501657843589783,1.0,1.66
73525,0.9057144522666931,0.8501657843589783,0.99,1.66
73625,0.9057144522666931,0.8501657843589783,1.0,1.66
73725,0.9057144522666931,0.8501657843589783,1.0,1.66
73825,0.9057144522666931,0.8501657843589783,1.0,1.66
73925,0.9057144522666931,0.8501657843589783,1.0,1.66
74025,0.9057144522666931,0.8501657843589783,1.0,1.66
74125,0.9057144522666931,0.8501657843589783,1.0,1.66
74225,0.9057144522666931,0.8501657843589783,1.0,1.66
74325,0.9057144522666931,0.8501657843589783,1.0,1.66
74425,0.9057144522666931,0.8501657843589783,1.0,1.66
74525,0.9057144522666931,0.8501657843589783,1.0,1.66
74625,0.9057144522666931,0.8501657843589783,1.0,1.66
74725,0.9057144522666931,0.8501657843589783,1.0,1.66
74825,0.9057144522666931,0.8501657843589783,1.0,1.66
74925,0.9057144522666931,0.8501657843589783,1.0,1.66
75025,0.9057144522666931,0.8501657843589783,1.0,1.66
75125,0.9057144522666931,0.8501657843589783,1.0,1.66
75225,0.9057144522666931,0.8501657843589783,1.0,1.66
75325,0.9057144522666931,0.8501657843589783,1.0,1.66
75425,0.9057144522666931,0.8501657843589783,1.0,1.66
75525,0.9057144522666931,0.8501657843589783,1.0,1.66
75625,0.9057144522666931,0.8501657843589783,1.0,1.66
75725,0.9057144522666931,0.8501657843589783,1.0,1.66
75825,0.9057144522666931,0.8501657843589783,1.0,1.66
75925,0.9057144522666931,0.8501657843589783,1.0,1.66
76025,0.9057144522666931,0.8501657843589783,1.0,1.66
76125,0.9057144522666931,0.8501657843589783,1.0,1.66
76225,0.9057144522666931,0.8501657843589783,1.0,1.66
76325,0.9057144522666931,0.8501657843589783,1.0,1.66
76425,0.9057144522666931,0.8501657843589783,1.0,1.66
76525,0.9057144522666931,0.8501657843589783,1.0,1.66
76625,0.9057144522666931,0.8501657843589783,1.0,1.66
76725,0.9057144522666931,0.8501657843589783,1.0,1.66
76825,0.9057144522666931,0.8501657843589783,0.99,1.66
76925,0.9057144522666931,0.8501657843589783,0.99,1.66
77025,0.9057144522666931,0.8501657843589783,0.99,1.66
77125,0.9057144522666931,0.8501657843589783,0.99,1.66
77225,0.9057144522666931,0.8501657843589783,1.0,1.66
77325,0.9057144522666931,0.8501657843589783,1.0,1.66
77425,0.9057144522666931,0.8501657843589783,1.0,1.66
77525,0.9057144522666931,0.8501657843589783,1.0,1.66
77625,0.9057144522666931,0.8501657843589783,1.0,1.66
77725,0.9057144522666931,0.8501657843589783,1.0,1.66
77825,0.9057144522666931,0.8501657843589783,1.0,1.66
77925,0.9057144522666931,0.8501657843589783,1.0,1.66
78025,0.9057144522666931,0.8501657843589783,1.0,1.66
78125,0.9057144522666931,0.8501657843589783,1.0,1.66
78225,0.9057144522666931,0.8501657843589783,1.0,1.66
78325,0.9057144522666931,0.8501657843589783,1.0,1.66
78425,0.9057144522666931,0.8501657843589783,1.0,1.66
78525,0.9057144522666931,0.8501657843589783,1.0,1.66
78625,0.9057144522666931,0.8501657843589783,1.0,1.66
78725,0.9057144522666931,0.8501657843589783,1.0,1.66
78825,0.9057144522666931,0.8501657843589783,1.0,1.66
78925,0.9057144522666931,0.8501657843589783,1.0,1.66
79025,0.9057144522666931,0.8501657843589783,1.0,1.66
79125,0.9057144522666931,0.8501657843589783,1.0,1.66
79225,0.9057144522666931,0.8501657843589783,1.0,1.66
79325,0.9057144522666931,0.8501657843589783,1.0,1.66
79425,0.9057144522666931,0.8501657843589783,1.0,1.66
79525,0.9057144522666931,0.8501657843589783,1.0,1.66
79625,0.9057144522666931,0.8501657843589783,1.0,1.66
79725,0.9057144522666931,0.8501657843589783,1.0,1.66
79825,0.9057144522666931,0.8501657843589783,1.0,1.66
79925,0.9057144522666931,0.8501657843589783,1.0,1.66
80025,0.9057144522666931,0.8501657843589783,1.0,1.66
80125,0.9057144522666931,0.8501657843589783,1.0,1.66
80225,0.9057144522666931,0.8501657843589783,1.0,1.66
80325,0.9057144522666931,0.8501657843589783,1.0,1.66
80425,0.9057144522666931,0.8501657843589783,1.0,1.66
80525,0.9057144522666931,0.8501657843589783,1.0,1.66
80625,0.9057144522666931,0.8501657843589783,1.0,1.66
80725,0.9057144522666931,0.8501657843589783,1.0,1.66
80825,0.9057144522666931,0.8501657843589783,1.0,1.66
80925,0.9057144522666931,0.8501657843589783,1.0,1.66
81025,0.9057144522666931,0.8501657843589783,1.0,1.66
81125,0.9057144522666931,0.8501657843589783,1.0,1.66
81225,0.9057144522666931,0.8501657843589783,1.0,1.66
81325,0.9057144522666931,0.8501657843589783,1.0,1.66
81425,0.9057144522666931,0.8501657843589783,1.0,1.66
81525,0.9057144522666931,0.8501657843589783,1.0,1.66
81625,0.9057144522666931,0.8501657843589783,1.0,1.66
81725,0.9057144522666931,0.8501657843589783,1.0,1.66
81825,0.9057144522666931,0.8501657843589783,1.0,1.66
81925,0.9057144522666931,0.8501657843589783,1.0,1.66
82025,0.9057144522666931,0.8501657843589783,1.0,1.66
82125,0.9057144522666931,0.8501657843589783,1.0,1.66
82225,0.9057144522666931,0.8501657843589783,1.0,1.66
82325,0.9057144522666931,0.8501657843589783,1.0,1.66
82425,0.9057144522666931,0.8501657843589783,1.0,1.66
82525,0.9057144522666931,0.8501657843589783,1.0,1.66
82625,0.9057144522666931,0.8501657843589783,1.0,1.66
82725,0.9057144522666931,0.8501657843589783,1.0,1.66
82825,0.9057144522666931,0.8501657843589783,1.0,1.66
82925,0.9057144522666931,0.8501657843589783,1.0,1.66
83025,0.9057144522666931,0.8501657843589783,1.0,1.66
83125,0.9057144522666931,0.8501657843589783,1.0,1.66
83225,0.9057144522666931,0.8501657843589783,1.0,1.66
83325,0.9057144522666931,0.8501657843589783,1.0,1.66
83425,0.9057144522666931,0.8501657843589783,1.0,1.66
83525,0.9057144522666931,0.8501657843589783,1.0,1.66
83625,0.9057144522666931,0.8501657843589783,1.0,1.66
83725,0.9057144522666931,0.8501657843589783,1.0,1.66
83825,0.9057144522666931,0.8501657843589783,1.0,1.66
83925,0.9057144522666931,0.8501657843589783,1.0,1.66
84025,0.9057144522666931,0.8501657843589783,1.0,1.66
84125,0.9057144522666931,0.8501657843589783,1.0,1.66
84225,0.9057144522666931,0.8501657843589783,1.0,1.66
84325,0.9057144522666931,0.8501657843589783,1.0,1.66
84425,0.9057144522666931,0.8501657843589783,1.0,1.66
84525,0.9057144522666931,0.8501657843589783,1.0,1.66
84625,0.9057144522666931,0.8501657843589783,1.0,1.66
84725,0.9057144522666931,0.8501657843589783,1.0,1.66
84825,0.9057144522666931,0.8501657843589783,1.0,1.66
84925,0.9057144522666931,0.8501657843589783,1.0,1.66
85025,0.9057144522666931,0.8501657843589783,1.0,1.66
85125,0.9057144522666931,0.8501657843589783,1.0,1.66
85225,0.9057144522666931,0.8501657843589783,1.0,1.66
85325,0.9057144522666931,0.8501657843589783,1.0,1.66
85425,0.9057144522666931,0.8501657843589783,1.0,1.66
85525,0.9057144522666931,0.8501657843589783,1.0,1.66
85625,0.9057144522666931,0.8501657843589783,1.0,1.66
85725,0.9057144522666931,0.8501657843589783,1.0,1.66
85825,0.9057144522666931,0.8501657843589783,1.0,1.66
85925,0.9057144522666931,0.8501657843589783,1.0,1.66
86025,0.9057144522666931,0.8501657843589783,1.0,1.66
86125,0.9057144522666931,0.8501657843589783,1.0,1.66
86225,0.9057144522666931,0.8501657843589783,1.0,1.66
86325,0.9057144522666931,0.8501657843589783,1.0,1.66
86425,0.9057144522666931,0.8501657843589783,1.0,1.66
86525,0.9057144522666931,0.8501657843589783,1.0,1.66
86625,0.9057144522666931,0.8501657843589783,1.0,1.66
86725,0.9057144522666931,0.8501657843589783,1.0,1.66
86825,0.9057144522666931,0.8501657843589783,1.0,1.66
86925,0.9057144522666931,0.8501657843589783,1.0,1.66
87025,0.9057144522666931,0.8501657843589783,1.0,1.66
87125,0.9057144522666931,0.8501657843589783,1.0,1.66
87225,0.9057144522666931,0.8501657843589783,1.0,1.66
87325,0.9057144522666931,0.8501657843589783,1.0,1.66
87425,0.9057144522666931,0.8501657843589783,1.0,1.66
87525,0.9057144522666931,0.8501657843589783,1.0,1.66
87625,0.9057144522666931,0.8501657843589783,1.0,1.66
87725,0.9057144522666931,0.8501657843589783,1.0,1.66
87825,0.9057144522666931,0.8501657843589783,1.0,1.66
87925,0.9057144522666931,0.8501657843589783,1.0,1.66
88025,0.9057144522666931,0.8501657843589783,1.0,1.66
88125,0.9057144522666931,0.8501657843589783,1.0,1.66
88225,0.9057144522666931,0.8501657843589783,1.0,1.66
88325,0.9057144522666931,0.8501657843589783,1.0,1.66
88425,0.9057144522666931,0.8501657843589783,1.0,1.66
88525,0.9057144522666931,0.8501657843589783,1.0,1.66
88625,0.9057144522666931,0.8501657843589783,1.0,1.66
88725,0.9057144522666931,0.8501657843589783,1.0,1.66
88825,0.9057144522666931,0.8501657843589783,1.0,1.66
88925,0.9057144522666931,0.8501657843589783,1.0,1.66
89025,0.9057144522666931,0.8501657843589783,1.0,1.66
89125,0.9057144522666931,0.8501657843589783,1.0,1.66
89225,0.9057144522666931,0.8501657843589783,1.0,1.66
89325,0.9057144522666931,0.8501657843589783,1.0,1.66
89425,0.9057144522666931,0.8501657843589783,1.0,1.66
89525,0.9057144522666931,0.8501657843589783,1.0,1.66
89625,0.9057144522666931,0.8501657843589783,1.0,1.66
89725,0.9057144522666931,0.8501657843589783,1.0,1.66
89825,0.9057144522666931,0.8501657843589783,1.0,1.66
89925,0.9057144522666931,0.8501657843589783,1.0,1.66
90025,0.9057144522666931,0.8501657843589783,1.0,1.66
90125,0.9057144522666931,0.8501657843589783,1.0,1.66
90225,0.9057144522666931,0.8501657843589783,1.0,1.66
90325,0.9057144522666931,0.8501657843589783,1.0,1.66
90425,0.9057144522666931,0.8501657843589783,1.0,1.66
90525,0.9057144522666931,0.8501657843589783,1.0,1.66
90625,0.9057144522666931,0.8501657843589783,1.0,1.66
90725,0.9057144522666931,0.8501657843589783,1.0,1.66
90825,0.9057144522666931,0.8501657843589783,1.0,1.66
90925,0.9057144522666931,0.8501657843589783,1.0,1.66
91025,0.9057144522666931,0.8501657843589783,1.0,1.66
91125,0.9057144522666931,0.8501657843589783,1.0,1.66
91225,0.9057144522666931,0.8501657843589783,1.0,1.66
91325,0.9057144522666931,0.8501657843589783,1.0,1.66
91425,0.9057144522666931,0.8501657843589783,1.0,1.66
91525,0.9057144522666931,0.8501657843589783,1.0,1.66
91625,0.9057144522666931,0.8501657843589783,1.0,1.66
91725,0.9057144522666931,0.8501657843589783,1.0,1.66
91825,0.9057144522666931,0.8501657843589783,1.0,1.66
91925,0.9057144522666931,0.8501657843589783,1.0,1.66
92025,0.9057144522666931,0.8501657843589783,1.0,1.66
92125,0.9057144522666931,0.8501657843589783,1.0,1.66
92225,0.9057144522666931,0.8501657843589783,1.0,1.66
92325,0.9057144522666931,0.8501657843589783,1.0,1.66
92425,0.9057144522666931,0.8501657843589783,1.0,1.66
92525,0.9057144522666931,0.8501657843589783,1.0,1.66
92625,0.9057144522666931,0.8501657843589783,1.0,1.66
92725,0.9057144522666931,0.8501657843589783,1.0,1.66
92825,0.9057144522666931,0.8501657843589783,1.0,1.66
92925,0.9057144522666931,0.8501657843589783,1.0,1.66
93025,0.9057144522666931,0.8501657843589783,1.0,1.66
93125,0.9057144522666931,0.8501657843589783,1.0,1.66
93225,0.9057144522666931,0.8501657843589783,1.0,1.66
93325,0.9057144522666931,0.8501657843589783,1.0,1.66
93425,0.9057144522666931,0.8501657843589783,1.0,1.66
93525,0.9057144522666931,0.8501657843589783,1.0,1.66
93625,0.9057144522666931,0.8501657843589783,1.0,1.66
93725,0.9057144522666931,0.8501657843589783,1.0,1.66
93825,0.9057144522666931,0.8501657843589783,1.0,1.66
93925,0.9057144522666931,0.8501657843589783,1.0,1.66
94025,0.9057144522666931,0.8501657843589783,1.0,1.66
94125,0.9057144522666931,0.8501657843589783,1.0,1.66
94225,0.9057144522666931,0.8501657843589783,1.0,1.66
94325,0.9057144522666931,0.8501657843589783,1.0,1.66
94425,0.9057144522666931,0.8501657843589783,1.0,1.66
94525,0.9057144522666931,0.8501657843589783,1.0,1.66
94625,0.9057144522666931,0.8501657843589783,1.0,1.66
94725,0.9057144522666931,0.8501657843589783,1.0,1.66
94825,0.9057144522666931,0.8501657843589783,1.0,1.66
94925,0.9057144522666931,0.8501657843589783,1.0,1.66
95025,0.9057144522666931,0.8501657843589783,1.0,1.66
95125,0.9057144522666931,0.8501657843589783,1.0,1.66
95225,0.9057144522666931,0.8501657843589783,1.0,1.66
95325,0.9057144522666931,0.8501657843589783,1.0,1.66
95425,0.9057144522666931,0.8501657843589783,1.0,1.66
95525,0.9057144522666931,0.8501657843589783,1.0,1.66
95625,0.9057144522666931,0.8501657843589783,1.0,1.66
95725,0.9057144522666931,0.8501657843589783,1.0,1.66
95825,0.9057144522666931,0.8501657843589783,1.0,1.66
95925,0.9057144522666931,0.8501657843589783,1.0,1.66
96025,0.9057144522666931,0.8501657843589783,1.0,1.66
96125,0.9057144522666931,0.8501657843589783,1.0,1.66
96225,0.9057144522666931,0.8501657843589783,1.0,1.66
96325,0.9057144522666931,0.8501657843589783,1.0,1.66
96425,0.9057144522666931,0.8501657843589783,1.0,1.66
96525,0.9057144522666931,0.8501657843589783,1.0,1.66
96625,0.9057144522666931,0.8501657843589783,1.0,1.66
96725,0.9057144522666931,0.8501657843589783,1.0,1.66
96825,0.9057144522666931,0.8501657843589783,1.0,1.66
96925,0.9057144522666931,0.8501657843589783,1.0,1.66
97025,0.9057144522666931,0.8501657843589783,1.0,1.66
97125,0.9057144522666931,0.8501657843589783,1.0,1.66
97225,0.9057144522666931,0.8501657843589783,1.0,1.66
97325,0.9057144522666931,0.8501657843589783,1.0,1.66
97425,0.9057144522666931,0.8501657843589783,1.0,1.66
97525,0.9057144522666931,0.8501657843589783,1.0,1.66
97625,0.9057144522666931,0.8501657843589783,1.0,1.66
97725,0.9057144522666931,0.8501657843589783,1.0,1.66
97825,0.9057144522666931,0.8501657843589783,1.0,1.66
97925,0.9057144522666931,0.8501657843589783,1.0,1.66
98025,0.9057144522666931,0.8501657843589783,1.0,1.66
98125,0.9057144522666931,0.8501657843589783,1.0,1.66
98225,0.9057144522666931,0.8501657843589783,1.0,1.66
98325,0.9057144522666931,0.8501657843589783,1.0,1.66
98425,0.9057144522666931,0.8501657843589783,1.0,1.66
98525,0.9057144522666931,0.8501657843589783,1.0,1.66
98625,0.9057144522666931,0.8501657843589783,1.0,1.66
98725,0.9057144522666931,0.8501657843589783,1.0,1.66
98825,0.9057144522666931,0.8501657843589783,1.0,1.66
98925,0.9057144522666931,0.8501657843589783,1.0,1.66
99025,0.9057144522666931,0.8501657843589783,1.0,1.66
99125,0.9057144522666931,0.8501657843589783,1.0,1.66
99225,0.9057144522666931,0.8501657843589783,1.0,1.66
99325,0.9057144522666931,0.8501657843589783,1.0,1.66
99425,0.9057144522666931,0.8501657843589783,1.0,1.66
99525,0.9057144522666931,0.8501657843589783,1.0,1.66
99625,0.9057144522666931,0.8501657843589783,1.0,1.66
99725,0.9057144522666931,0.8501657843589783,1.0,1.66
99825,0.9057144522666931,0.8501657843589783,1.0,1.66
99925,0.9057144522666931,0.8501657843589783,1.0,1.66
100025,0.9057144522666931,0.8501657843589783,1.0,1.66
100125,0.9057144522666931,0.8501657843589783,1.0,1.66
100225,0.9057144522666931,0.8501657843589783,1.0,1.66
100325,0.9057144522666931,0.8501657843589783,1.0,1.66
100425,0.9057144522666931,0.8501657843589783,1.0,1.66
100525,0.9057144522666931,0.8501657843589783,1.0,1.66
100625,0.9057144522666931,0.8501657843589783,1.0,1.66
100725,0.9057144522666931,0.8501657843589783,1.0,1.66
100825,0.9057144522666931,0.8501657843589783,1.0,1.66
100925,0.9057144522666931,0.8501657843589783,1.0,1.66
101025,0.9057144522666931,0.8501657843589783,1.0,1.66
101125,0.9057144522666931,0.8501657843589783,1.0,1.66
101225,0.9057144522666931,0.8501657843589783,1.0,1.66
101325,0.9057144522666931,0.8501657843589783,1.0,1.66
101425,0.9057144522666931,0.8501657843589783,1.0,1.66
101525,0.9057144522666931,0.8501657843589783,1.0,1.66
101625,0.9057144522666931,0.8501657843589783,1.0,1.66
101725,0.9057144522666931,0.8501657843589783,1.0,1.66
101825,0.9057144522666931,0.8501657843589783,1.0,1.66
101925,0.9057144522666931,0.8501657843589783,1.0,1.66
102025,0.9057144522666931,0.8501657843589783,1.0,1.66
102125,0.9057144522666931,0.8501657843589783,1.0,1.66
102225,0.9057144522666931,0.32598191499710083,0.83,1.52
102325,0.9057144522666931,0.32598191499710083,0.88,1.52
102425,0.9057144522666931,0.32598191499710083,0.9,1.52
102525,0.9057144522666931,0.32598191499710083,0.9,1.52
102625,0.9057144522666931,0.32598191499710083,0.88,1.52
102725,0.9057144522666931,0.32598191499710083,0.91,1.52
102825,0.9057144522666931,0.32598191499710083,0.94,1.52
102925,0.9057144522666931,0.32598191499710083,0.94,1.52
103025,0.9057144522666931,0.32598191499710083,0.97,1.52
103125,0.9057144522666931,0.32598191499710083,0.97,1.52
103225,0.9057144522666931,0.32598191499710083,0.96,1.52
103325,0.9057144522666931,0.32598191499710083,0.98,1.52
103425,0.9057144522666931,0.32598191499710083,0.98,1.52
103525,0.9057144522666931,0.32598191499710083,0.99,1.52
103625,0.9057144522666931,0.32598191499710083,0.99,1.52
103725,0.9057144522666931,0.32598191499710083,1.0,1.52
103825,0.9057144522666931,0.32598191499710083,1.0,1.52
103925,0.9057144522666931,0.32598191499710083,0.99,1.52
104025,0.9057144522666931,0.32598191499710083,0.99,1.52
104125,0.9057144522666931,0.32598191499710083,0.99,1.52
104225,0.9057144522666931,0.32598191499710083,0.99,1.52
104325,0.9057144522666931,0.32598191499710083,1.0,1.52
104425,0.9057144522666931,0.32598191499710083,1.0,1.52
104525,0.9057144522666931,0.32598191499710083,1.0,1.52
104625,0.9057144522666931,0.32598191499710083,1.0,1.52
104725,0.9057144522666931,0.32598191499710083,1.0,1.52
104825,0.9057144522666931,0.32598191499710083,1.0,1.52
104925,0.9057144522666931,0.32598191499710083,1.0,1.52
105025,0.9057144522666931,0.32598191499710083,0.99,1.52
105125,0.9057144522666931,0.32598191499710083,0.99,1.52
105225,0.9057144522666931,0.32598191499710083,1.0,1.52
105325,0.9057144522666931,0.32598191499710083,1.0,1.52
105425,0.9057144522666931,0.32598191499710083,1.0,1.52
105525,0.9057144522666931,0.32598191499710083,1.0,1.52
105625,0.9057144522666931,0.32598191499710083,1.0,1.52
105725,0.9057144522666931,0.32598191499710083,1.0,1.52
105825,0.9057144522666931,0.32598191499710083,1.0,1.52
105925,0.9057144522666931,0.32598191499710083,1.0,1.52
106025,0.9057144522666931,0.32598191499710083,1.0,1.52
106125,0.9057144522666931,0.32598191499710083,1.0,1.52
106225,0.9057144522666931,0.32598191499710083,1.0,1.52
106325,0.9057144522666931,0.32598191499710083,1.0,1.52
106425,0.9057144522666931,0.32598191499710083,1.0,1.52
106525,0.9057144522666931,0.32598191499710083,1.0,1.52
106625,0.9057144522666931,0.32598191499710083,1.0,1.52
106725,0.9057144522666931,0.32598191499710083,1.0,1.52
106825,0.9057144522666931,0.32598191499710083,1.0,1.52
106925,0.9057144522666931,0.32598191499710083,1.0,1.52
107025,0.9057144522666931,0.32598191499710083,1.0,1.52
107125,0.9057144522666931,0.32598191499710083,1.0,1.52
107225,0.9057144522666931,0.32598191499710083,1.0,1.52
107325,0.9057144522666931,0.32598191499710083,1.0,1.52
107425,0.9057144522666931,0.32598191499710083,1.0,1.52
107525,0.9057144522666931,0.32598191499710083,1.0,1.52
107625,0.9057144522666931,0.32598191499710083,1.0,1.52
107725,0.9057144522666931,0.32598191499710083,1.0,1.52
107825,0.9057144522666931,0.32598191499710083,1.0,1.52
107925,0.9057144522666931,0.32598191499710083,1.0,1.52
108025,0.9057144522666931,0.32598191499710083,1.0,1.52
108125,0.9057144522666931,0.8501657843589783,1.0,1.52
108225,0.9057144522666931,0.8501657843589783,1.0,1.52
108325,0.9057144522666931,0.8501657843589783,1.0,1.52
108425,0.9057144522666931,0.8501657843589783,1.0,1.52
108525,0.9057144522666931,0.8501657843589783,1.0,1.52
108625,0.9057144522666931,0.8501657843589783,1.0,1.52
108725,0.9057144522666931,0.8501657843589783,1.0,1.52
108825,0.9057144522666931,0.8501657843589783,1.0,1.52
108925,0.9057144522666931,0.8501657843589783,1.0,1.52
109025,0.9057144522666931,0.8501657843589783,1.0,1.52
109125,0.9057144522666931,0.8501657843589783,1.0,1.52
109225,0.9057144522666931,0.8501657843589783,1.0,1.52
109325,0.9057144522666931,0.8501657843589783,1.0,1.52
109425,0.9057144522666931,0.8501657843589783,1.0,1.52
109525,0.9057144522666931,0.8501657843589783,1.0,1.52
109625,0.9057144522666931,0.8501657843589783,1.0,1.52
109725,0.9057144522666931,0.8501657843589783,1.0,1.52
109825,0.9057144522666931,0.8501657843589783,1.0,1.52
109925,0.9057144522666931,0.8501657843589783,1.0,1.52
110025,0.9057144522666931,0.8501657843589783,1.0,1.52
110125,0.9057144522666931,0.8501657843589783,1.0,1.52
110225,0.9057144522666931,0.8501657843589783,1.0,1.52
110325,0.9057144522666931,0.8501657843589783,1.0,1.52
110425,0.9057144522666931,0.8501657843589783,1.0,1.52
110525,0.9057144522666931,0.8501657843589783,1.0,1.52
110625,0.9057144522666931,0.8501657843589783,1.0,1.52
110725,0.9057144522666931,0.8501657843589783,1.0,1.52
110825,0.9057144522666931,0.8501657843589783,1.0,1.52
110925,0.9057144522666931,0.8501657843589783,1.0,1.52
111025,0.9057144522666931,0.8501657843589783,1.0,1.52
111125,0.9057144522666931,0.8501657843589783,1.0,1.52
111225,0.9057144522666931,0.8501657843589783,1.0,1.52
111325,0.9057144522666931,0.8501657843589783,1.0,1.52
111425,0.9057144522666931,0.8501657843589783,1.0,1.52
111525,0.9057144522666931,0.8501657843589783,1.0,1.52
111625,0.9057144522666931,0.8501657843589783,1.0,1.52
111725,0.9057144522666931,0.8501657843589783,1.0,1.52
111825,0.9057144522666931,0.8501657843589783,1.0,1.52
111925,0.9057144522666931,0.8501657843589783,1.0,1.52
112025,0.9057144522666931,0.8501657843589783,1.0,1.52
112125,0.9057144522666931,0.8501657843589783,1.0,1.52
112225,0.9057144522666931,0.8501657843589783,1.0,1.52
112325,0.9057144522666931,0.8501657843589783,1.0,1.52
112425,0.9057144522666931,0.8501657843589783,1.0,1.52
112525,0.9057144522666931,0.8501657843589783,1.0,1.52
112625,0.9057144522666931,0.8501657843589783,1.0,1.52
112725,0.9057144522666931,0.8501657843589783,1.0,1.52
112825,0.9057144522666931,0.8501657843589783,1.0,1.52
112925,0.9057144522666931,0.8501657843589783,1.0,1.52
113025,0.9057144522666931,0.8501657843589783,1.0,1.52
113125,0.9057144522666931,0.8501657843589783,1.0,1.52
113225,0.9057144522666931,0.8501657843589783,1.0,1.52
113325,0.9057144522666931,0.8501657843589783,1.0,1.52
113425,0.9057144522666931,0.8501657843589783,1.0,1.52
113525,0.9057144522666931,0.8501657843589783,1.0,1.52
113625,0.9057144522666931,0.8501657843589783,1.0,1.52
113725,0.9057144522666931,0.8501657843589783,1.0,1.52
113825,0.9057144522666931,0.8501657843589783,1.0,1.52
113925,0.9057144522666931,0.8501657843589783,1.0,1.52
114025,0.9057144522666931,0.8501657843589783,1.0,1.52
114125,0.9057144522666931,0.8501657843589783,1.0,1.52
114225,0.9057144522666931,0.8501657843589783,1.0,1.52
114325,0.9057144522666931,0.8501657843589783,1.0,1.52
114425,0.9057144522666931,0.8501657843589783,1.0,1.52
114525,0.9057144522666931,0.8501657843589783,1.0,1.52
114625,0.9057144522666931,0.8501657843589783,1.0,1.52
114725,0.9057144522666931,0.8501657843589783,1.0,1.52
114825,0.9057144522666931,0.8501657843589783,1.0,1.52
114925,0.9057144522666931,0.8501657843589783,1.0,1.52
115025,0.9057144522666931,0.8501657843589783,1.0,1.52
115125,0.9057144522666931,0.8501657843589783,1.0,1.52
115225,0.9057144522666931,0.8501657843589783,1.0,1.52
115325,0.9057144522666931,0.8501657843589783,1.0,1.52
115425,0.9057144522666931,0.8501657843589783,1.0,1.52
115525,0.9057144522666931,0.8501657843589783,1.0,1.52
115625,0.9057144522666931,0.8501657843589783,1.0,1.52
115725,0.9057144522666931,0.8501657843589783,1.0,1.52
115825,0.9057144522666931,0.8501657843589783,1.0,1.52
115925,0.9057144522666931,0.8501657843589783,1.0,1.52
116025,0.9057144522666931,0.8501657843589783,1.0,1.52
116125,0.9057144522666931,0.8501657843589783,1.0,1.52
116225,0.9057144522666931,0.8501657843589783,1.0,1.52
116325,0.9057144522666931,0.8501657843589783,1.0,1.52
116425,0.9057144522666931,0.8501657843589783,1.0,1.52
116525,0.9057144522666931,0.8501657843589783,1.0,1.52
116625,0.9057144522666931,0.8501657843589783,1.0,1.52
116725,0.9057144522666931,0.8501657843589783,1.0,1.52
116825,0.9057144522666931,0.8501657843589783,1.0,1.52
116925,0.9057144522666931,0.8501657843589783,1.0,1.52
117025,0.9057144522666931,0.8501657843589783,1.0,1.52
117125,0.9057144522666931,0.8501657843589783,1.0,1.52
117225,0.9057144522666931,0.8501657843589783,1.0,1.52
117325,0.9057144522666931,0.8501657843589783,1.0,1.52
117425,0.9057144522666931,0.8501657843589783,1.0,1.52
117525,0.9057144522666931,0.8501657843589783,1.0,1.52
117625,0.9057144522666931,0.8501657843589783,1.0,1.52
117725,0.9057144522666931,0.8501657843589783,1.0,1.52
117825,0.9057144522666931,0.8501657843589783,1.0,1.52
117925,0.9057144522666931,0.8501657843589783,1.0,1.52
118025,0.9057144522666931,0.8501657843589783,1.0,1.52
118125,0.9057144522666931,0.8501657843589783,1.0,1.52
118225,0.9057144522666931,0.8501657843589783,1.0,1.52
118325,0.9057144522666931,0.8501657843589783,1.0,1.52
118425,0.9057144522666931,0.8501657843589783,1.0,1.52
118525,0.9057144522666931,0.8501657843589783,1.0,1.52
118625,0.9057144522666931,0.8501657843589783,1.0,1.52
118725,0.9057144522666931,0.8501657843589783,1.0,1.52
118825,0.9057144522666931,0.8501657843589783,1.0,1.52
118925,0.9057144522666931,0.8501657843589783,1.0,1.52
119025,0.9057144522666931,0.8501657843589783,1.0,1.52
119125,0.9057144522666931,0.8501657843589783,1.0,1.52
119225,0.9057144522666931,0.8501657843589783,1.0,1.52
119325,0.9057144522666931,0.8501657843589783,1.0,1.52
119425,0.9057144522666931,0.8501657843589783,1.0,1.52
119525,0.9057144522666931,0.8501657843589783,1.0,1.52
119625,0.9057144522666931,0.8501657843589783,1.0,1.52
119725,0.9057144522666931,0.8501657843589783,1.0,1.52
119825,0.9057144522666931,0.8501657843589783,1.0,1.52
119925,0.9057144522666931,0.8501657843589783,1.0,1.52
120025,0.9057144522666931,0.8501657843589783,1.0,1.52
120125,0.9071086645126343,0.8539159297943115,1.0,1.52
120225,0.9071086645126343,0.8539159297943115,1.0,1.52
120325,0.9071086645126343,0.8539159297943115,1.0,1.52
120425,0.9071086645126343,0.8539159297943115,1.0,1.52
120525,0.9071086645126343,0.8539159297943115,1.0,1.52
120625,0.9071086645126343,0.8539159297943115,1.0,1.52
120725,0.9071086645126343,0.8539159297943115,1.0,1.52
120825,0.9071086645126343,0.8539159297943115,1.0,1.52
120925,0.9071086645126343,0.8539159297943115,1.0,1.52
121025,0.9071086645126343,0.8539159297943115,1.0,1.52
121125,0.9071086645126343,0.8539159297943115,1.0,1.52
121225,0.9071086645126343,0.8539159297943115,1.0,1.52
121325,0.9071086645126343,0.8539159297943115,1.0,1.52
121425,0.9071086645126343,0.8539159297943115,1.0,1.52
121525,0.9071086645126343,0.8539159297943115,1.0,1.52
121625,0.9071086645126343,0.8539159297943115,1.0,1.52
121725,0.9071086645126343,0.8539159297943115,1.0,1.52
121825,0.9071086645126343,0.8539159297943115,1.0,1.52
121925,0.9071086645126343,0.8539159297943115,1.0,1.52
122025,0.9071086645126343,0.8539159297943115,1.0,1.52
122125,0.9071086645126343,0.8539159297943115,1.0,1.52
122225,0.9071086645126343,0.8539159297943115,1.0,1.52
122325,0.9071086645126343,0.8539159297943115,1.0,1.52
122425,0.9071086645126343,0.8539159297943115,1.0,1.52
122525,0.9071086645126343,0.8539159297943115,1.0,1.52
122625,0.9071086645126343,0.8539159297943115,1.0,1.52
122725,0.9071086645126343,0.8539159297943115,1.0,1.52
122825,0.9071086645126343,0.8539159297943115,1.0,1.52
122925,0.9071086645126343,0.8539159297943115,1.0,1.52
123025,0.9071086645126343,0.8539159297943115,1.0,1.52
123125,0.9071086645126343,0.8539159297943115,1.0,1.52
123225,0.9071086645126343,0.8539159297943115,1.0,1.52
123325,0.9071086645126343,0.8539159297943115,1.0,1.52
123425,0.9071086645126343,0.8539159297943115,1.0,1.52
123525,0.9071086645126343,0.8539159297943115,1.0,1.52
123625,0.9071086645126343,0.8539159297943115,1.0,1.52
123725,0.9071086645126343,0.8539159297943115,1.0,1.52
123825,0.9071086645126343,0.8539159297943115,1.0,1.52
123925,0.9071086645126343,0.8539159297943115,1.0,1.52
124025,0.9071086645126343,0.8539159297943115,1.0,1.52
124125,0.9071086645126343,0.8539159297943115,1.0,1.52
124225,0.9071086645126343,0.8539159297943115,1.0,1.52
124325,0.9071086645126343,0.8539159297943115,1.0,1.52
124425,0.9071086645126343,0.8539159297943115,1.0,1.52
124525,0.9071086645126343,0.8539159297943115,1.0,1.52
124625,0.9071086645126343,0.8539159297943115,1.0,1.52
124725,0.9071086645126343,0.8539159297943115,1.0,1.52
124825,0.9071086645126343,0.8539159297943115,1.0,1.52
124925,0.9071086645126343,0.8539159297943115,1.0,1.52
125025,0.9071086645126343,0.8539159297943115,1.0,1.52
125125,0.9071086645126343,0.8539159297943115,1.0,1.52
125225,0.9071086645126343,0.8539159297943115,1.0,1.52
125325,0.9071086645126343,0.8539159297943115,1.0,1.52
125425,0.9071086645126343,0.8539159297943115,1.0,1.52
125525,0.9071086645126343,0.8539159297943115,1.0,1.52
125625,0.9071086645126343,0.8539159297943115,1.0,1.52
125725,0.9071086645126343,0.8539159297943115,1.0,1.52
125825,0.9071086645126343,0.8539159297943115,1.0,1.52
125925,0.9071086645126343,0.8539159297943115,1.0,1.52
126025,0.9071086645126343,0.8539159297943115,1.0,1.52
126125,0.9071086645126343,0.8539159297943115,1.0,1.52
126225,0.9071086645126343,0.8539159297943115,1.0,1.52
126325,0.9071086645126343,0.8539159297943115,1.0,1.52
126425,0.9071086645126343,0.8539159297943115,1.0,1.52
126525,0.9071086645126343,0.8539159297943115,1.0,1.52
126625,0.9071086645126343,0.8539159297943115,1.0,1.52
126725,0.9071086645126343,0.8539159297943115,1.0,1.52
126825,0.9071086645126343,0.8539159297943115,1.0,1.52
126925,0.9071086645126343,0.8539159297943115,1.0,1.52
127025,0.9071086645126343,0.8539159297943115,1.0,1.52
127125,0.9071086645126343,0.8539159297943115,1.0,1.52
127225,0.9071086645126343,0.8539159297943115,1.0,1.52
127325,0.9071086645126343,0.8539159297943115,1.0,1.52
127425,0.9071086645126343,0.8539159297943115,1.0,1.52
127525,0.9071086645126343,0.8539159297943115,1.0,1.52
127625,0.9071086645126343,0.8539159297943115,1.0,1.52
127725,0.9071086645126343,0.8539159297943115,1.0,1.52
127825,0.9071086645126343,0.8539159297943115,1.0,1.52
127925,0.9071086645126343,0.8539159297943115,1.0,1.52
128025,0.9071086645126343,0.8539159297943115,1.0,1.52
128125,0.9071086645126343,0.8539159297943115,1.0,1.52
128225,0.9071086645126343,0.8539159297943115,1.0,1.52
128325,0.9071086645126343,0.8539159297943115,1.0,1.52
128425,0.9071086645126343,0.8539159297943115,1.0,1.52
128525,0.9071086645126343,0.8539159297943115,1.0,1.52
128625,0.9071086645126343,0.8539159297943115,1.0,1.52
128725,0.9071086645126343,0.8539159297943115,1.0,1.52
128825,0.9071086645126343,0.8539159297943115,1.0,1.52
128925,0.9071086645126343,0.8539159297943115,1.0,1.52
129025,0.9071086645126343,0.8539159297943115,1.0,1.52
129125,0.9071086645126343,0.8539159297943115,1.0,1.52
129225,0.9071086645126343,0.8539159297943115,1.0,1.52
129325,0.9071086645126343,0.8539159297943115,1.0,1.52
129425,0.9071086645126343,0.8539159297943115,1.0,1.52
129525,0.9071086645126343,0.8539159297943115,1.0,1.52
129625,0.9071086645126343,0.8539159297943115,1.0,1.52
129725,0.9071086645126343,0.8539159297943115,1.0,1.52
129825,0.9071086645126343,0.8539159297943115,1.0,1.52
129925,0.9071086645126343,0.8539159297943115,1.0,1.52
130025,0.9071086645126343,0.8539159297943115,1.0,1.52
130125,0.9071086645126343,0.8539159297943115,1.0,1.52
130225,0.9071086645126343,0.8539159297943115,1.0,1.52
130325,0.9071086645126343,0.8539159297943115,1.0,1.52
130425,0.9071086645126343,0.8539159297943115,1.0,1.52
130525,0.9071086645126343,0.8539159297943115,1.0,1.52
130625,0.9071086645126343,0.8539159297943115,1.0,1.52
130725,0.9071086645126343,0.8539159297943115,1.0,1.52
130825,0.9071086645126343,0.8539159297943115,1.0,1.52
130925,0.9071086645126343,0.8539159297943115,1.0,1.52
131025,0.9071086645126343,0.8539159297943115,1.0,1.52
131125,0.9071086645126343,0.8539159297943115,1.0,1.52
131225,0.9071086645126343,0.8539159297943115,1.0,1.52
131325,0.9071086645126343,0.8539159297943115,1.0,1.52
131425,0.9071086645126343,0.8539159297943115,1.0,1.52
131525,0.9071086645126343,0.8539159297943115,1.0,1.52
131625,0.9071086645126343,0.8539159297943115,1.0,1.52
131725,0.9071086645126343,0.8539159297943115,1.0,1.52
131825,0.9071086645126343,0.8539159297943115,1.0,1.52
131925,0.9071086645126343,0.8539159297943115,1.0,1.52
132025,0.9071086645126343,0.8539159297943115,1.0,1.52
132125,0.9071086645126343,0.8539159297943115,1.0,1.52
145725,0.9071086645126343,0.8539159297943115,0.64,1.63
145825,0.9071086645126343,0.8539159297943115,0.69,1.63
145925,0.9071086645126343,0.8539159297943115,0.73,1.63
146025,0.9071086645126343,0.8539159297943115,0.74,1.63
146125,0.9071086645126343,0.8539159297943115,0.74,1.63
146225,0.9071086645126343,0.8539159297943115,0.78,1.63
146325,0.9071086645126343,0.8539159297943115,0.8,1.63
146425,0.9071086645126343,0.8539159297943115,0.81,1.63
146525,0.9071086645126343,0.8539159297943115,0.82,1.63
146625,0.9071086645126343,0.8539159297943115,0.81,1.63
146725,0.9071086645126343,0.8539159297943115,0.84,1.63
146825,0.9071086645126343,0.8539159297943115,0.85,1.63
146925,0.9071086645126343,0.8539159297943115,0.89,1.63
147025,0.9071086645126343,0.8539159297943115,0.9,1.63
147125,0.9071086645126343,0.8539159297943115,0.91,1.63
147225,0.9071086645126343,0.8539159297943115,0.95,1.63
147325,0.9071086645126343,0.8539159297943115,0.96,1.63
147425,0.9071086645126343,0.8539159297943115,0.95,1.63
147525,0.9071086645126343,0.8539159297943115,0.94,1.63
147625,0.9071086645126343,0.8539159297943115,0.95,1.63
147725,0.9071086645126343,0.8539159297943115,0.95,1.63
147825,0.9071086645126343,0.8539159297943115,0.96,1.63
147925,0.9071086645126343,0.8539159297943115,0.98,1.63
148025,0.9071086645126343,0.8539159297943115,0.94,1.63
148125,0.9071086645126343,0.8539159297943115,0.94,1.63
148225,0.9071086645126343,0.8539159297943115,0.93,1.63
148325,0.9071086645126343,0.8539159297943115,0.95,1.63
148425,0.9071086645126343,0.8539159297943115,0.91,1.63
148525,0.9071086645126343,0.8539159297943115,0.91,1.63
148625,0.9071086645126343,0.8539159297943115,0.93,1.63
148725,0.9071086645126343,0.8539159297943115,0.94,1.63
148825,0.9071086645126343,0.8539159297943115,0.94,1.63
148925,0.9071086645126343,0.8539159297943115,0.95,1.63
149025,0.9071086645126343,0.8539159297943115,0.96,1.63
149125,0.9071086645126343,0.8539159297943115,0.96,1.63
149225,0.9071086645126343,0.8539159297943115,0.96,1.63
149325,0.9071086645126343,0.8539159297943115,0.96,1.63
149425,0.9071086645126343,0.8539159297943115,0.96,1.63
149525,0.9071086645126343,0.8539159297943115,0.94,1.63
149625,0.9071086645126343,0.8539159297943115,0.95,1.63
149725,0.9071086645126343,0.8539159297943115,0.95,1.63
149825,0.9071086645126343,0.8539159297943115,0.95,1.63
149925,0.9071086645126343,0.8539159297943115,0.94,1.63
150025,0.9071086645126343,0.8539159297943115,0.95,1.63
150125,0.9071086645126343,0.8539159297943115,0.93,1.63
150225,0.9071086645126343,0.8539159297943115,0.92,1.63
150325,0.9071086645126343,0.8539159297943115,0.94,1.63
150425,0.9071086645126343,0.8539159297943115,0.95,1.63
150525,0.9071086645126343,0.8539159297943115,0.95,1.63
150625,0.9071086645126343,0.8539159297943115,0.95,1.63
150725,0.9071086645126343,0.8539159297943115,0.95,1.63
150825,0.9071086645126343,0.8539159297943115,0.97,1.63
150925,0.9071086645126343,0.8539159297943115,0.96,1.63
151025,0.9071086645126343,0.8539159297943115,0.96,1.63
151125,0.9071086645126343,0.8539159297943115,0.95,1.63
151225,0.9071086645126343,0.8539159297943115,0.94,1.63
151325,0.9071086645126343,0.8539159297943115,0.94,1.63
151425,0.9071086645126343,0.8539159297943115,0.93,1.63
151525,0.9071086645126343,0.8539159297943115,0.95,1.63
151625,0.9071086645126343,0.8539159297943115,0.95,1.63
151725,0.9071086645126343,0.8539159297943115,0.97,1.63
151825,0.9071086645126343,0.8539159297943115,0.97,1.63
151925,0.9071086645126343,0.8539159297943115,0.99,1.63
152025,0.9071086645126343,0.8539159297943115,0.99,1.63
152125,0.9071086645126343,0.8539159297943115,0.98,1.63
152225,0.9071086645126343,0.8539159297943115,0.98,1.63
152325,0.9071086645126343,0.8539159297943115,0.98,1.63
152425,0.9071086645126343,0.8539159297943115,0.97,1.63
152525,0.9071086645126343,0.8539159297943115,0.98,1.63
152625,0.9071086645126343,0.8539159297943115,0.97,1.63
152725,0.9071086645126343,0.8539159297943115,0.98,1.63
152825,0.9071086645126343,0.8539159297943115,0.99,1.63
152925,0.9071086645126343,0.8539159297943115,0.98,1.63
153025,0.9071086645126343,0.8539159297943115,0.98,1.63
153125,0.9071086645126343,0.8539159297943115,0.98,1.63
153225,0.9071086645126343,0.8539159297943115,0.99,1.63
153325,0.9071086645126343,0.8539159297943115,0.99,1.63
153425,0.9071086645126343,0.8539159297943115,1.0,1.63
153525,0.9071086645126343,0.8539159297943115,0.99,1.63
153625,0.9071086645126343,0.8539159297943115,0.99,1.63
153725,0.9071086645126343,0.8539159297943115,0.98,1.63
153825,0.9071086645126343,0.8539159297943115,0.98,1.63
153925,0.9071086645126343,0.8539159297943115,0.97,1.63
154025,0.9071086645126343,0.8539159297943115,0.99,1.63
154125,0.9071086645126343,0.8539159297943115,1.0,1.63
154225,0.9071086645126343,0.8539159297943115,0.98,1.63
154325,0.9071086645126343,0.8539159297943115,0.98,1.63
154425,0.9071086645126343,0.8539159297943115,0.99,1.63
154525,0.9071086645126343,0.8539159297943115,0.99,1.63
154625,0.9071086645126343,0.8539159297943115,0.97,1.63
154725,0.9071086645126343,0.8539159297943115,0.96,1.63
154825,0.9071086645126343,0.8539159297943115,0.98,1.63
154925,0.9071086645126343,0.8539159297943115,0.98,1.63
155025,0.9071086645126343,0.8539159297943115,0.96,1.63
155125,0.9071086645126343,0.8539159297943115,0.96,1.63
155225,0.9071086645126343,0.8539159297943115,0.96,1.63
155325,0.9071086645126343,0.8539159297943115,0.96,1.63
155425,0.9071086645126343,0.8539159297943115,0.96,1.63
155525,0.9071086645126343,0.8539159297943115,0.97,1.63
155625,0.9071086645126343,0.8539159297943115,0.97,1.63
155725,0.9071086645126343,0.8539159297943115,0.97,1.63
155825,0.9071086645126343,0.8539159297943115,0.97,1.63
155925,0.9071086645126343,0.8539159297943115,0.98,1.63
156025,0.9071086645126343,0.8539159297943115,0.98,1.63
156125,0.9071086645126343,0.8539159297943115,0.97,1.63
156225,0.9071086645126343,0.8539159297943115,0.96,1.63
156325,0.9071086645126343,0.8539159297943115,0.97,1.63
156425,0.9071086645126343,0.8539159297943115,0.97,1.63
156525,0.9071086645126343,0.8539159297943115,0.98,1.63
156625,0.9071086645126343,0.8539159297943115,0.97,1.63
156725,0.9071086645126343,0.8539159297943115,0.97,1.63
156825,0.9071086645126343,0.8539159297943115,0.98,1.63
156925,0.9071086645126343,0.8539159297943115,0.98,1.63
157025,0.9071086645126343,0.8539159297943115,0.96,1.63
157125,0.9071086645126343,0.8539159297943115,0.94,1.63
157225,0.9071086645126343,0.8539159297943115,0.94,1.63
157325,0.9071086645126343,0.8539159297943115,0.95,1.63
157425,0.9071086645126343,0.8539159297943115,0.95,1.63
157525,0.9071086645126343,0.8539159297943115,0.95,1.63
157625,0.9071086645126343,0.8539159297943115,0.94,1.63
157725,0.9071086645126343,0.8539159297943115,0.94,1.63
157825,0.9071086645126343,0.8539159297943115,0.94,1.63
157925,0.9071086645126343,0.8539159297943115,0.92,1.63
158025,0.9071086645126343,0.8539159297943115,0.91,1.63
158125,0.9071086645126343,0.8539159297943115,0.93,1.63
158225,0.9071086645126343,0.8539159297943115,0.92,1.63
158325,0.9071086645126343,0.8539159297943115,0.93,1.63
158425,0.9071086645126343,0.8539159297943115,0.93,1.63
158525,0.9071086645126343,0.8539159297943115,0.92,1.63
158625,0.9071086645126343,0.8539159297943115,0.95,1.63
158725,0.9071086645126343,0.8539159297943115,0.95,1.63
158825,0.9071086645126343,0.8539159297943115,0.98,1.63
158925,0.9071086645126343,0.8539159297943115,0.98,1.63
159025,0.9071086645126343,0.8539159297943115,0.97,1.63
159125,0.9071086645126343,0.8539159297943115,0.97,1.63
159225,0.9071086645126343,0.8539159297943115,0.98,1.63
159325,0.9071086645126343,0.8539159297943115,0.98,1.63
159425,0.9071086645126343,0.8539159297943115,0.98,1.63
159525,0.9071086645126343,0.8539159297943115,0.97,1.63
159625,0.9071086645126343,0.8539159297943115,0.99,1.63
159725,0.9071086645126343,0.8539159297943115,0.98,1.63
159825,0.9071086645126343,0.8539159297943115,0.97,1.63
159925,0.9071086645126343,0.8539159297943115,0.98,1.63
160025,0.9071086645126343,0.8539159297943115,0.99,1.63
160125,0.9071086645126343,0.8539159297943115,0.98,1.63
160225,0.9071086645126343,0.8539159297943115,0.98,1.63
160325,0.9071086645126343,0.8539159297943115,0.98,1.63
160425,0.9071086645126343,0.8539159297943115,0.98,1.63
160525,0.9071086645126343,0.8539159297943115,0.98,1.63
160625,0.9071086645126343,0.8539159297943115,0.98,1.63
160725,0.9071086645126343,0.8539159297943115,0.96,1.63
160825,0.9071086645126343,0.8539159297943115,0.97,1.63
160925,0.9071086645126343,0.8539159297943115,0.97,1.63
161025,0.9071086645126343,0.8539159297943115,0.97,1.63
161125,0.9071086645126343,0.8539159297943115,0.98,1.63
161225,0.9071086645126343,0.8539159297943115,0.99,1.63
161325,0.9071086645126343,0.8539159297943115,0.98,1.63
161425,0.9071086645126343,0.8539159297943115,0.98,1.63
161525,0.9071086645126343,0.8539159297943115,0.97,1.63
161625,0.9071086645126343,0.8539159297943115,0.98,1.63
161725,0.9071086645126343,0.8539159297943115,0.97,1.63
161825,0.9071086645126343,0.8539159297943115,0.98,1.63
161925,0.9071086645126343,0.8539159297943115,0.99,1.63
162025,0.9071086645126343,0.8539159297943115,0.99,1.63
162125,0.9071086645126343,0.8539159297943115,0.99,1.63
162225,0.9071086645126343,0.8539159297943115,0.99,1.63
162325,0.9071086645126343,0.8539159297943115,0.99,1.63
162425,0.9071086645126343,0.8539159297943115,0.99,1.63
162525,0.9071086645126343,0.8539159297943115,0.95,1.63
162625,0.9071086645126343,0.8539159297943115,0.95,1.63
162725,0.9071086645126343,0.8539159297943115,0.95,1.63
162825,0.9071086645126343,0.8539159297943115,0.97,1.63
162925,0.9071086645126343,0.8539159297943115,0.98,1.63
163025,0.9071086645126343,0.8539159297943115,0.98,1.63
163125,0.9071086645126343,0.8539159297943115,0.99,1.63
163225,0.9071086645126343,0.8539159297943115,1.0,1.63
163325,0.9071086645126343,0.8539159297943115,1.0,1.63
163425,0.9071086645126343,0.8539159297943115,0.99,1.63
163525,0.9071086645126343,0.8539159297943115,0.99,1.63
163625,0.9071086645126343,0.8539159297943115,0.99,1.63
163725,0.9071086645126343,0.8539159297943115,0.99,1.63
163825,0.9071086645126343,0.8539159297943115,0.98,1.63
163925,0.9071086645126343,0.8539159297943115,0.97,1.63
164025,0.9071086645126343,0.8539159297943115,0.99,1.63
164125,0.9071086645126343,0.8539159297943115,0.99,1.63
164225,0.9071086645126343,0.8539159297943115,0.99,1.63
164325,0.9071086645126343,0.8539159297943115,0.98,1.63
164425,0.9071086645126343,0.8539159297943115,0.99,1.63
164525,0.9071086645126343,0.8539159297943115,0.98,1.63
164625,0.9071086645126343,0.8539159297943115,0.97,1.63
164725,0.9071086645126343,0.8539159297943115,0.97,1.63
164825,0.9071086645126343,0.8539159297943115,0.96,1.63
164925,0.9071086645126343,0.8539159297943115,0.95,1.63
165025,0.9071086645126343,0.8539159297943115,0.96,1.63
165125,0.9071086645126343,0.8539159297943115,0.96,1.63
165225,0.9071086645126343,0.8539159297943115,0.97,1.63
165325,0.9071086645126343,0.8539159297943115,0.97,1.63
165425,0.9071086645126343,0.8539159297943115,0.97,1.63
165525,0.9071086645126343,0.8539159297943115,0.97,1.63
165625,0.9071086645126343,0.8539159297943115,0.96,1.63
165725,0.9071086645126343,0.8539159297943115,0.98,1.63
165825,0.9071086645126343,0.8539159297943115,0.98,1.63
165925,0.9071086645126343,0.8539159297943115,0.96,1.63
166025,0.9071086645126343,0.8539159297943115,0.96,1.63
166125,0.9071086645126343,0.8539159297943115,0.97,1.63
166225,0.9071086645126343,0.8539159297943115,0.95,1.63
166325,0.9071086645126343,0.8539159297943115,0.95,1.63
166425,0.9071086645126343,0.8539159297943115,0.94,1.63
166525,0.9071086645126343,0.8539159297943115,0.94,1.63
166625,0.9071086645126343,0.8539159297943115,0.94,1.63
166725,0.9071086645126343,0.8539159297943115,0.95,1.63
166825,0.9071086645126343,0.8539159297943115,0.96,1.63
166925,0.9071086645126343,0.8539159297943115,0.98,1.63
167025,0.9071086645126343,0.8539159297943115,0.98,1.63
167125,0.9071086645126343,0.8539159297943115,0.97,1.63
167225,0.9071086645126343,0.8539159297943115,0.97,1.63
167325,0.9071086645126343,0.8539159297943115,0.96,1.63
167425,0.9071086645126343,0.8539159297943115,0.95,1.63
167525,0.9071086645126343,0.8539159297943115,0.95,1.63
167625,0.9071086645126343,0.8539159297943115,0.95,1.63
167725,0.9071086645126343,0.8539159297943115,0.96,1.63
167825,0.9071086645126343,0.8539159297943115,0.95,1.63
167925,0.9071086645126343,0.8539159297943115,0.95,1.63
168025,0.9071086645126343,0.8539159297943115,0.96,1.63
168125,0.9071086645126343,0.8539159297943115,0.95,1.63
168225,0.9071086645126343,0.8539159297943115,0.95,1.63
168325,0.9071086645126343,0.8539159297943115,0.96,1.63
168425,0.9071086645126343,0.8539159297943115,0.95,1.63
168525,0.9071086645126343,0.8539159297943115,0.95,1.63
168625,0.9071086645126343,0.8539159297943115,0.92,1.63
168725,0.9071086645126343,0.8539159297943115,0.94,1.63
168825,0.9071086645126343,0.8539159297943115,0.93,1.63
168925,0.9071086645126343,0.8539159297943115,0.93,1.63
169025,0.9071086645126343,0.8539159297943115,0.93,1.63
169125,0.9071086645126343,0.8539159297943115,0.95,1.63
169225,0.9071086645126343,0.8539159297943115,0.94,1.63
169325,0.9071086645126343,0.8539159297943115,0.95,1.63
169425,0.9071086645126343,0.8539159297943115,0.96,1.63
169525,0.9071086645126343,0.8539159297943115,0.95,1.63
169625,0.9071086645126343,0.8539159297943115,0.94,1.63
169725,0.9071086645126343,0.8539159297943115,0.93,1.63
169825,0.9071086645126343,0.8539159297943115,0.95,1.63
169925,0.9071086645126343,0.8539159297943115,0.95,1.63
170025,0.9071086645126343,0.8539159297943115,0.95,1.63
170125,0.9071086645126343,0.8539159297943115,0.94,1.63
170225,0.9071086645126343,0.8539159297943115,0.94,1.63
170325,0.9071086645126343,0.8539159297943115,0.93,1.63
170425,0.9071086645126343,0.8539159297943115,0.93,1.63
170525,0.9071086645126343,0.8539159297943115,0.92,1.63
170625,0.9071086645126343,0.8539159297943115,0.92,1.63
170725,0.9071086645126343,0.8539159297943115,0.93,1.63
170825,0.9071086645126343,0.8539159297943115,0.95,1.63
170925,0.9071086645126343,0.8539159297943115,0.95,1.63
171025,0.9071086645126343,0.8539159297943115,0.95,1.63
171125,0.9071086645126343,0.8539159297943115,0.95,1.63
171225,0.9071086645126343,0.8539159297943115,0.95,1.63
171325,0.9071086645126343,0.8539159297943115,0.94,1.63
171425,0.9071086645126343,0.8539159297943115,0.94,1.63
171525,0.9071086645126343,0.8539159297943115,0.97,1.63
171625,0.9071086645126343,0.8539159297943115,0.98,1.63
171725,0.9071086645126343,0.8539159297943115,0.98,1.63
171825,0.9071086645126343,0.8539159297943115,0.99,1.63
171925,0.9071086645126343,0.8539159297943115,0.99,1.63
172025,0.9071086645126343,0.8539159297943115,0.99,1.63
172125,0.9071086645126343,0.8539159297943115,0.98,1.63
172225,0.9071086645126343,0.8539159297943115,0.98,1.63
172325,0.9071086645126343,0.8539159297943115,0.98,1.63
172425,0.9071086645126343,0.8539159297943115,0.97,1.63
172525,0.9071086645126343,0.8539159297943115,0.97,1.63
172625,0.9071086645126343,0.8539159297943115,0.97,1.63
172725,0.9071086645126343,0.8539159297943115,0.97,1.63
172825,0.9071086645126343,0.8539159297943115,0.98,1.63
172925,0.9071086645126343,0.8539159297943115,0.99,1.63
173025,0.9071086645126343,0.8539159297943115,0.99,1.63
173125,0.9071086645126343,0.8539159297943115,0.98,1.63
173225,0.9071086645126343,0.8539159297943115,0.98,1.63
173325,0.9071086645126343,0.8539159297943115,0.98,1.63
173425,0.9071086645126343,0.8539159297943115,0.97,1.63
173525,0.9071086645126343,0.8539159297943115,0.98,1.63
173625,0.9071086645126343,0.8539159297943115,0.98,1.63
173725,0.9071086645126343,0.8539159297943115,0.97,1.63
173825,0.9071086645126343,0.8539159297943115,0.99,1.63
173925,0.9071086645126343,0.8539159297943115,0.98,1.63
174025,0.9071086645126343,0.8539159297943115,0.97,1.63
174125,0.9071086645126343,0.8539159297943115,0.96,1.63
174225,0.9071086645126343,0.8539159297943115,0.97,1.63
174325,0.9071086645126343,0.8539159297943115,0.96,1.63
174425,0.9071086645126343,0.8539159297943115,0.96,1.63
174525,0.9071086645126343,0.8539159297943115,0.98,1.63
174625,0.9071086645126343,0.8539159297943115,0.97,1.63
174725,0.9071086645126343,0.8539159297943115,0.98,1.63
174825,0.9071086645126343,0.8539159297943115,0.97,1.63
174925,0.9071086645126343,0.8539159297943115,0.98,1.63
175025,0.9071086645126343,0.8539159297943115,0.97,1.63
175125,0.9071086645126343,0.8539159297943115,0.95,1.63
175225,0.9071086645126343,0.8539159297943115,0.97,1.63
175325,0.9071086645126343,0.8539159297943115,0.97,1.63
175425,0.9071086645126343,0.8539159297943115,0.99,1.63
175525,0.9071086645126343,0.8539159297943115,1.0,1.63
175625,0.9071086645126343,0.8539159297943115,1.0,1.63
205725,0.9071086645126343,0.8539159297943115,0.01,1.66
205825,0.9071086645126343,0.8539159297943115,0.01,1.66
205925,0.9071086645126343,0.8539159297943115,0.01,1.66
206025,0.9071086645126343,0.8539159297943115,0.01,1.66
206125,0.9071086645126343,0.8539159297943115,0.01,1.66
206225,0.9071086645126343,0.8539159297943115,0.01,1.66
206325,0.9071086645126343,0.8539159297943115,0.01,1.66
206425,0.9071086645126343,0.8539159297943115,0.01,1.66
206525,0.9071086645126343,0.8539159297943115,0.01,1.66
206625,0.9071086645126343,0.8539159297943115,0.01,1.66
206725,0.9071086645126343,0.8539159297943115,0.01,1.66
206825,0.9071086645126343,0.8539159297943115,0.01,1.66
206925,0.9071086645126343,0.8539159297943115,0.01,1.66
207025,0.9071086645126343,0.8539159297943115,0.01,1.66
207125,0.9071086645126343,0.8539159297943115,0.01,1.66
207225,0.9071086645126343,0.8539159297943115,0.01,1.66
207325,0.9071086645126343,0.8539159297943115,0.01,1.66
207425,0.9071086645126343,0.8539159297943115,0.01,1.66
207525,0.9071086645126343,0.8539159297943115,0.01,1.66
207625,0.9071086645126343,0.8539159297943115,0.01,1.66
207725,0.9071086645126343,0.8539159297943115,0.01,1.66
207825,0.9071086645126343,0.8539159297943115,0.01,1.66
207925,0.9071086645126343,0.8539159297943115,0.01,1.66
208025,0.9071086645126343,0.8539159297943115,0.01,1.66
208125,0.9071086645126343,0.8539159297943115,0.01,1.66
208225,0.9071086645126343,0.8539159297943115,0.01,1.66
208325,0.9071086645126343,0.8539159297943115,0.01,1.66
208425,0.9071086645126343,0.8539159297943115,0.01,1.66
208525,0.9071086645126343,0.8539159297943115,0.01,1.66
208625,0.9071086645126343,0.8539159297943115,0.01,1.66
208725,0.9071086645126343,0.8539159297943115,0.01,1.66
208825,0.9071086645126343,0.8539159297943115,0.01,1.66
208925,0.9071086645126343,0.8539159297943115,0.01,1.66
209025,0.9071086645126343,0.8539159297943115,0.01,1.66
209125,0.9071086645126343,0.8539159297943115,0.01,1.66
209225,0.9071086645126343,0.8539159297943115,0.01,1.66
209325,0.9071086645126343,0.8539159297943115,0.01,1.66
209425,0.9071086645126343,0.8539159297943115,0.01,1.66
209525,0.9071086645126343,0.8539159297943115,0.01,1.66
209625,0.9071086645126343,0.8539159297943115,0.01,1.66
209725,0.9071086645126343,0.8539159297943115,0.01,1.66
209825,0.9071086645126343,0.8539159297943115,0.01,1.66
209925,0.9071086645126343,0.8539159297943115,0.01,1.66
210025,0.9071086645126343,0.8539159297943115,0.01,1.66
210125,0.9071086645126343,0.8539159297943115,0.01,1.66
210225,0.9071086645126343,0.8539159297943115,0.01,1.66
210325,0.9071086645126343,0.8539159297943115,0.01,1.66
210425,0.9071086645126343,0.8539159297943115,0.01,1.66
210525,0.9071086645126343,0.8539159297943115,0.01,1.66
210625,0.9071086645126343,0.8539159297943115,0.01,1.66
210725,0.9071086645126343,0.8539159297943115,0.01,1.66
210825,0.9071086645126343,0.8539159297943115,0.01,1.66
210925,0.9071086645126343,0.8539159297943115,0.01,1.66
211025,0.9071086645126343,0.8539159297943115,0.01,1.66
211125,0.9071086645126343,0.8539159297943115,0.01,1.66
211225,0.9071086645126343,0.8539159297943115,0.01,1.66
211325,0.9071086645126343,0.8539159297943115,0.01,1.66
211425,0.9071086645126343,0.8539159297943115,0.01,1.66
211525,0.9071086645126343,0.8539159297943115,0.01,1.66
211625,0.9071086645126343,0.8539159297943115,0.01,1.66
211725,0.9071086645126343,0.8539159297943115,0.01,1.66
211825,0.9071086645126343,0.8539159297943115,0.01,1.66
211925,0.9071086645126343,0.8539159297943115,0.01,1.66
212025,0.9071086645126343,0.8539159297943115,0.01,1.66
212125,0.9071086645126343,0.8539159297943115,0.01,1.66
212225,0.9071086645126343,0.8539159297943115,0.01,1.66
212325,0.9071086645126343,0.8539159297943115,0.01,1.66
212425,0.9071086645126343,0.8539159297943115,0.01,1.66
212525,0.9071086645126343,0.8539159297943115,0.01,1.66
212625,0.9071086645126343,0.8539159297943115,0.01,1.66
212725,0.9071086645126343,0.8539159297943115,0.01,1.66
212825,0.9071086645126343,0.8539159297943115,0.01,1.66
212925,0.9071086645126343,0.8539159297943115,0.01,1.66
213025,0.9071086645126343,0.8539159297943115,0.01,1.66
213125,0.9071086645126343,0.8539159297943115,0.01,1.66
213225,0.9071086645126343,0.8539159297943115,0.01,1.66
213325,0.9071086645126343,0.8539159297943115,0.01,1.66
213425,0.9071086645126343,0.8539159297943115,0.01,1.66
213525,0.9071086645126343,0.8539159297943115,0.01,1.66
213625,0.9071086645126343,0.8539159297943115,0.01,1.66
213725,0.9071086645126343,0.8539159297943115,0.01,1.66
213825,0.9071086645126343,0.8539159297943115,0.01,1.66
213925,0.9071086645126343,0.8539159297943115,0.01,1.66
214025,0.9071086645126343,0.8539159297943115,0.01,1.66
214125,0.9071086645126343,0.8539159297943115,0.01,1.66
214225,0.9071086645126343,0.8539159297943115,0.01,1.66
214325,0.9071086645126343,0.8539159297943115,0.01,1.66
214425,0.9071086645126343,0.8539159297943115,0.01,1.66
214525,0.9071086645126343,0.8539159297943115,0.01,1.66
214625,0.9071086645126343,0.8539159297943115,0.01,1.66
214725,0.9071086645126343,0.8539159297943115,0.01,1.66
214825,0.9071086645126343,0.8539159297943115,0.01,1.66
214925,0.9071086645126343,0.8539159297943115,0.01,1.66
215025,0.9071086645126343,0.8539159297943115,0.01,1.66
215125,0.9071086645126343,0.8539159297943115,0.01,1.66
215225,0.9071086645126343,0.8539159297943115,0.01,1.66
215325,0.9071086645126343,0.8539159297943115,0.01,1.66
215425,0.9071086645126343,0.8539159297943115,0.01,1.66
215525,0.9071086645126343,0.8539159297943115,0.01,1.66
215625,0.9071086645126343,0.8539159297943115,0.01,1.66
215725,0.9071086645126343,0.8539159297943115,0.01,1.66
215825,0.9071086645126343,0.8539159297943115,0.01,1.66
215925,0.9071086645126343,0.8539159297943115,0.01,1.66
216025,0.9071086645126343,0.8539159297943115,0.01,1.66
216125,0.9071086645126343,0.8539159297943115,0.01,1.66
216225,0.9071086645126343,0.8539159297943115,0.01,1.66
216325,0.9071086645126343,0.8539159297943115,0.01,1.66
216425,0.9071086645126343,0.8539159297943115,0.01,1.66
216525,0.9071086645126343,0.8539159297943115,0.01,1.66
216625,0.9071086645126343,0.8539159297943115,0.01,1.66
216725,0.9071086645126343,0.8539159297943115,0.01,1.66
216825,0.9071086645126343,0.8539159297943115,0.01,1.66
216925,0.9071086645126343,0.8539159297943115,0.01,1.66
217025,0.9071086645126343,0.8539159297943115,0.01,1.66
217125,0.9071086645126343,0.8539159297943115,0.01,1.66
217225,0.9071086645126343,0.8539159297943115,0.01,1.66
217325,0.9071086645126343,0.8539159297943115,0.01,1.66
217425,0.9071086645126343,0.8539159297943115,0.01,1.66
217525,0.9071086645126343,0.8539159297943115,0.01,1.66
217625,0.9071086645126343,0.8539159297943115,0.01,1.66
217725,0.9071086645126343,0.8539159297943115,0.01,1.66
217825,0.9071086645126343,0.8539159297943115,0.01,1.66
217925,0.9071086645126343,0.8539159297943115,0.01,1.66
218025,0.9071086645126343,0.8539159297943115,0.01,1.66
218125,0.9071086645126343,0.8539159297943115,0.01,1.66
218225,0.9071086645126343,0.8539159297943115,0.01,1.66
218325,0.9071086645126343,0.8539159297943115,0.01,1.66
218425,0.9071086645126343,0.8539159297943115,0.01,1.66
218525,0.9071086645126343,0.8539159297943115,0.01,1.66
218625,0.9071086645126343,0.8539159297943115,0.01,1.66
218725,0.9071086645126343,0.8539159297943115,0.01,1.66
218825,0.9071086645126343,0.8539159297943115,0.01,1.66
218925,0.9071086645126343,0.8539159297943115,0.01,1.66
219025,0.9071086645126343,0.8539159297943115,0.01,1.66
219125,0.9071086645126343,0.8539159297943115,0.01,1.66
219225,0.9071086645126343,0.8539159297943115,0.01,1.66
219325,0.9071086645126343,0.8539159297943115,0.01,1.66
219425,0.9071086645126343,0.8539159297943115,0.01,1.66
219525,0.9071086645126343,0.8539159297943115,0.01,1.66
219625,0.9071086645126343,0.8539159297943115,0.01,1.66
219725,0.9071086645126343,0.8539159297943115,0.01,1.66
219825,0.9071086645126343,0.8539159297943115,0.01,1.66
219925,0.9071086645126343,0.8539159297943115,0.01,1.66
220025,0.9071086645126343,0.8539159297943115,0.01,1.66
220125,0.9071086645126343,0.8539159297943115,0.01,1.66
220225,0.9071086645126343,0.8539159297943115,0.01,1.66
220325,0.9071086645126343,0.8539159297943115,0.01,1.66
220425,0.9071086645126343,0.8539159297943115,0.01,1.66
220525,0.9071086645126343,0.8539159297943115,0.01,1.66
220625,0.9071086645126343,0.8539159297943115,0.01,1.66
220725,0.9071086645126343,0.8539159297943115,0.01,1.66
220825,0.9071086645126343,0.8539159297943115,0.01,1.66
220925,0.9071086645126343,0.8539159297943115,0.01,1.66
221025,0.9071086645126343,0.8539159297943115,0.01,1.66
221125,0.9071086645126343,0.8539159297943115,0.01,1.66
221225,0.9071086645126343,0.8539159297943115,0.01,1.66
221325,0.9071086645126343,0.8539159297943115,0.01,1.66
221425,0.9071086645126343,0.8539159297943115,0.01,1.66
221525,0.9071086645126343,0.8539159297943115,0.01,1.66
221625,0.9071086645126343,0.8539159297943115,0.01,1.66
221725,0.9071086645126343,0.8539159297943115,0.01,1.66
221825,0.9071086645126343,0.8539159297943115,0.01,1.66
221925,0.9071086645126343,0.8539159297943115,0.01,1.66
222025,0.9071086645126343,0.8539159297943115,0.01,1.66
222125,0.9071086645126343,0.8539159297943115,0.01,1.66
222225,0.9071086645126343,0.8539159297943115,0.01,1.66
222325,0.9071086645126343,0.8539159297943115,0.01,1.66
222425,0.9071086645126343,0.8539159297943115,0.01,1.66
222525,0.9071086645126343,0.8539159297943115,0.01,1.66
222625,0.9071086645126343,0.8539159297943115,0.01,1.66
222725,0.9071086645126343,0.8539159297943115,0.01,1.66
222825,0.9071086645126343,0.8539159297943115,0.01,1.66
222925,0.9071086645126343,0.8539159297943115,0.01,1.66
223025,0.9071086645126343,0.8539159297943115,0.01,1.66
223125,0.9071086645126343,0.8539159297943115,0.01,1.66
223225,0.9071086645126343,0.8539159297943115,0.01,1.66
223325,0.9071086645126343,0.8539159297943115,0.01,1.66
223425,0.9071086645126343,0.8539159297943115,0.01,1.66
223525,0.9071086645126343,0.8539159297943115,0.01,1.66
223625,0.9071086645126343,0.8539159297943115,0.01,1.66
223725,0.9071086645126343,0.8539159297943115,0.01,1.66
223825,0.9071086645126343,0.8539159297943115,0.01,1.66
223925,0.9071086645126343,0.8539159297943115,0.01,1.66
224025,0.9071086645126343,0.8539159297943115,0.01,1.66
224125,0.9071086645126343,0.8539159297943115,0.01,1.66
224225,0.9071086645126343,0.8539159297943115,0.01,1.66
224325,0.9071086645126343,0.8539159297943115,0.01,1.66
224425,0.9071086645126343,0.8539159297943115,0.01,1.66
224525,0.9071086645126343,0.8539159297943115,0.01,1.66
224625,0.9071086645126343,0.8539159297943115,0.01,1.66
224725,0.9071086645126343,0.8539159297943115,0.01,1.66
224825,0.9071086645126343,0.8539159297943115,0.01,1.66
224925,0.9071086645126343,0.8539159297943115,0.01,1.66
225025,0.9071086645126343,0.8539159297943115,0.01,1.66
225125,0.9071086645126343,0.8539159297943115,0.01,1.66
225225,0.9071086645126343,0.8539159297943115,0.01,1.66
225325,0.9071086645126343,0.8539159297943115,0.01,1.66
225425,0.9071086645126343,0.8539159297943115,0.01,1.66
225525,0.9071086645126343,0.8539159297943115,0.01,1.66
225625,0.9071086645126343,0.8539159297943115,0.01,1.66
225725,0.9071086645126343,0.8539159297943115,0.01,1.66
225825,0.9071086645126343,0.8539159297943115,0.01,1.66
225925,0.9071086645126343,0.8539159297943115,0.01,1.66
226025,0.9071086645126343,0.8539159297943115,0.01,1.66
226125,0.9071086645126343,0.8539159297943115,0.01,1.66
226225,0.9071086645126343,0.8539159297943115,0.01,1.66
226325,0.9071086645126343,0.8539159297943115,0.01,1.66
226425,0.9071086645126343,0.8539159297943115,0.01,1.66
226525,0.9071086645126343,0.8539159297943115,0.01,1.66
226625,0.9071086645126343,0.8539159297943115,0.01,1.66
226725,0.9071086645126343,0.8539159297943115,0.01,1.66
226825,0.9071086645126343,0.8539159297943115,0.01,1.66
226925,0.9071086645126343,0.8539159297943115,0.01,1.66
227025,0.9071086645126343,0.8539159297943115,0.01,1.66
227125,0.9071086645126343,0.8539159297943115,0.01,1.66
227225,0.9071086645126343,0.8539159297943115,0.01,1.66
227325,0.9071086645126343,0.8539159297943115,0.01,1.66
227425,0.9071086645126343,0.8539159297943115,0.01,1.66
227525,0.9071086645126343,0.8539159297943115,0.01,1.66
227625,0.9071086645126343,0.8539159297943115,0.01,1.66
227725,0.9071086645126343,0.8539159297943115,0.01,1.66
227825,0.9071086645126343,0.8539159297943115,0.01,1.66
227925,0.9071086645126343,0.8539159297943115,0.01,1.66
228025,0.9071086645126343,0.8539159297943115,0.01,1.66
228125,0.9071086645126343,0.8539159297943115,0.01,1.66
228225,0.9071086645126343,0.8539159297943115,0.01,1.66
228325,0.9071086645126343,0.8539159297943115,0.01,1.66
228425,0.9071086645126343,0.8539159297943115,0.01,1.66
228525,0.9071086645126343,0.8539159297943115,0.01,1.66
228625,0.9071086645126343,0.8539159297943115,0.01,1.66
228725,0.9071086645126343,0.8539159297943115,0.01,1.66
228825,0.9071086645126343,0.8539159297943115,0.01,1.66
228925,0.9071086645126343,0.8539159297943115,0.01,1.66
229025,0.9071086645126343,0.8539159297943115,0.01,1.66
229125,0.9071086645126343,0.8539159297943115,0.01,1.66
229225,0.9071086645126343,0.8539159297943115,0.01,1.66
229325,0.9071086645126343,0.8539159297943115,0.01,1.66
229425,0.9071086645126343,0.8539159297943115,0.01,1.66
229525,0.9071086645126343,0.8539159297943115,0.01,1.66
229625,0.9071086645126343,0.8539159297943115,0.01,1.66
229725,0.9071086645126343,0.8539159297943115,0.01,1.66
229825,0.9071086645126343,0.8539159297943115,0.01,1.66
229925,0.9071086645126343,0.8539159297943115,0.01,1.66
230025,0.9071086645126343,0.8539159297943115,0.01,1.66
230125,0.9071086645126343,0.8539159297943115,0.01,1.66
230225,0.9071086645126343,0.8539159297943115,0.01,1.66
230325,0.9071086645126343,0.8539159297943115,0.01,1.66
230425,0.9071086645126343,0.8539159297943115,0.01,1.66
230525,0.9071086645126343,0.8539159297943115,0.01,1.66
230625,0.9071086645126343,0.8539159297943115,0.01,1.66
230725,0.9071086645126343,0.8539159297943115,0.01,1.66
230825,0.9071086645126343,0.8539159297943115,0.01,1.66
230925,0.9071086645126343,0.8539159297943115,0.01,1.66
231025,0.9071086645126343,0.8539159297943115,0.01,1.66
231125,0.9071086645126343,0.8539159297943115,0.01,1.66
231225,0.9071086645126343,0.8539159297943115,0.01,1.66
231325,0.9071086645126343,0.8539159297943115,0.01,1.66
231425,0.9071086645126343,0.8539159297943115,0.01,1.66
231525,0.9071086645126343,0.8539159297943115,0.01,1.66
231625,0.9071086645126343,0.8539159297943115,0.01,1.66
231725,0.9071086645126343,0.8539159297943115,0.01,1.66
231825,0.9071086645126343,0.8539159297943115,0.01,1.66
231925,0.9071086645126343,0.8539159297943115,0.01,1.66
232025,0.9071086645126343,0.8539159297943115,0.01,1.66
232125,0.9071086645126343,0.8539159297943115,0.01,1.66
232225,0.9071086645126343,0.8539159297943115,0.01,1.66
232325,0.9071086645126343,0.8539159297943115,0.01,1.66
232425,0.9071086645126343,0.8539159297943115,0.01,1.66
232525,0.9071086645126343,0.8539159297943115,0.01,1.66
232625,0.9071086645126343,0.8539159297943115,0.01,1.66
232725,0.9071086645126343,0.8539159297943115,0.01,1.66
232825,0.9071086645126343,0.8539159297943115,0.01,1.66
232925,0.9071086645126343,0.8539159297943115,0.01,1.66
233025,0.9071086645126343,0.8539159297943115,0.01,1.66
233125,0.9071086645126343,0.8539159297943115,0.01,1.66
233225,0.9071086645126343,0.8539159297943115,0.01,1.66
233325,0.9071086645126343,0.8539159297943115,0.01,1.66
233425,0.9071086645126343,0.8539159297943115,0.01,1.66
233525,0.9071086645126343,0.8539159297943115,0.01,1.66
233625,0.9071086645126343,0.8539159297943115,0.01,1.66
233725,0.9071086645126343,0.8539159297943115,0.01,1.66
233825,0.9071086645126343,0.8539159297943115,0.01,1.66
233925,0.9071086645126343,0.8539159297943115,0.01,1.66
234025,0.9071086645126343,0.8539159297943115,0.01,1.66
234125,0.9071086645126343,0.8539159297943115,0.01,1.66
234225,0.9071086645126343,0.8539159297943115,0.01,1.66
234325,0.9071086645126343,0.8539159297943115,0.01,1.66
234425,0.9071086645126343,0.8539159297943115,0.01,1.66
234525,0.9071086645126343,0.8539159297943115,0.01,1.66
234625,0.9071086645126343,0.8539159297943115,0.01,1.66
234725,0.9071086645126343,0.8539159297943115,0.01,1.66
234825,0.9071086645126343,0.8539159297943115,0.01,1.66
234925,0.9071086645126343,0.8539159297943115,0.01,1.66
235025,0.9071086645126343,0.8539159297943115,0.01,1.66
235125,0.9071086645126343,0.8539159297943115,0.01,1.66
235225,0.9071086645126343,0.8539159297943115,0.01,1.66
235325,0.9071086645126343,0.8539159297943115,0.01,1.66
235425,0.9071086645126343,0.8539159297943115,0.01,1.66
235525,0.9071086645126343,0.8539159297943115,0.01,1.66
235625,0.9071086645126343,0.8539159297943115,0.01,1.66
265725,0.9071086645126343,0.8539159297943115,0.01,1.65
265825,0.9071086645126343,0.8539159297943115,0.01,1.65
265925,0.9071086645126343,0.8539159297943115,0.01,1.65
266025,0.9071086645126343,0.8539159297943115,0.01,1.65
266125,0.9071086645126343,0.8539159297943115,0.01,1.65
266225,0.9071086645126343,0.8539159297943115,0.01,1.65
266325,0.9071086645126343,0.8539159297943115,0.01,1.65
266425,0.9071086645126343,0.8539159297943115,0.01,1.65
266525,0.9071086645126343,0.8539159297943115,0.01,1.65
266625,0.9071086645126343,0.8539159297943115,0.01,1.65
266725,0.9071086645126343,0.8539159297943115,0.01,1.65
266825,0.9071086645126343,0.8539159297943115,0.01,1.65
266925,0.9071086645126343,0.8539159297943115,0.01,1.65
267025,0.9071086645126343,0.8539159297943115,0.01,1.65
267125,0.9071086645126343,0.8539159297943115,0.01,1.65
267225,0.9071086645126343,0.8539159297943115,0.01,1.65
267325,0.9071086645126343,0.8539159297943115,0.01,1.65
267425,0.9071086645126343,0.8539159297943115,0.01,1.65
267525,0.9071086645126343,0.8539159297943115,0.01,1.65
267625,0.9071086645126343,0.8539159297943115,0.01,1.65
267725,0.9071086645126343,0.8539159297943115,0.01,1.65
267825,0.9071086645126343,0.8539159297943115,0.01,1.65
267925,0.9071086645126343,0.8539159297943115,0.01,1.65
268025,0.9071086645126343,0.8539159297943115,0.01,1.65
268125,0.9071086645126343,0.8539159297943115,0.01,1.65
268225,0.9071086645126343,0.8539159297943115,0.01,1.65
268325,0.9071086645126343,0.8539159297943115,0.01,1.65
268425,0.9071086645126343,0.8539159297943115,0.01,1.65
268525,0.9071086645126343,0.8539159297943115,0.01,1.65
268625,0.9071086645126343,0.8539159297943115,0.01,1.65
268725,0.9071086645126343,0.8539159297943115,0.01,1.65
268825,0.9071086645126343,0.8539159297943115,0.01,1.65
268925,0.9071086645126343,0.8539159297943115,0.01,1.65
269025,0.9071086645126343,0.8539159297943115,0.01,1.65
269125,0.9071086645126343,0.8539159297943115,0.01,1.65
269225,0.9071086645126343,0.8539159297943115,0.01,1.65
269325,0.9071086645126343,0.8539159297943115,0.01,1.65
269425,0.9071086645126343,0.8539159297943115,0.01,1.65
269525,0.9071086645126343,0.8539159297943115,0.01,1.65
269625,0.9071086645126343,0.8539159297943115,0.01,1.65
269725,0.9071086645126343,0.8539159297943115,0.01,1.65
269825,0.9071086645126343,0.8539159297943115,0.01,1.65
269925,0.9071086645126343,0.8539159297943115,0.01,1.65
270025,0.9071086645126343,0.8539159297943115,0.01,1.65
270125,0.9071086645126343,0.8539159297943115,0.01,1.65
270225,0.9071086645126343,0.8539159297943115,0.01,1.65
270325,0.9071086645126343,0.8539159297943115,0.01,1.65
270425,0.9071086645126343,0.8539159297943115,0.01,1.65
270525,0.9071086645126343,0.8539159297943115,0.01,1.65
270625,0.9071086645126343,0.8539159297943115,0.01,1.65
270725,0.9071086645126343,0.8539159297943115,0.01,1.65
270825,0.9071086645126343,0.8539159297943115,0.01,1.65
270925,0.9071086645126343,0.8539159297943115,0.01,1.65
271025,0.9071086645126343,0.8539159297943115,0.01,1.65
271125,0.9071086645126343,0.8539159297943115,0.01,1.65
271225,0.9071086645126343,0.8539159297943115,0.01,1.65
271325,0.9071086645126343,0.8539159297943115,0.01,1.65
271425,0.9071086645126343,0.8539159297943115,0.01,1.65
271525,0.9071086645126343,0.8539159297943115,0.01,1.65
271625,0.9071086645126343,0.8539159297943115,0.01,1.65
271725,0.9071086645126343,0.8539159297943115,0.01,1.65
271825,0.9071086645126343,0.8539159297943115,0.01,1.65
271925,0.9071086645126343,0.8539159297943115,0.01,1.65
272025,0.9071086645126343,0.8539159297943115,0.01,1.65
272125,0.9071086645126343,0.8539159297943115,0.01,1.65
272225,0.9071086645126343,0.8539159297943115,0.01,1.65
272325,0.9071086645126343,0.8539159297943115,0.01,1.65
272425,0.9071086645126343,0.8539159297943115,0.01,1.65
272525,0.9071086645126343,0.8539159297943115,0.01,1.65
272625,0.9071086645126343,0.8539159297943115,0.01,1.65
272725,0.9071086645126343,0.8539159297943115,0.01,1.65
272825,0.9071086645126343,0.8539159297943115,0.01,1.65
272925,0.9071086645126343,0.8539159297943115,0.01,1.65
273025,0.9071086645126343,0.8539159297943115,0.01,1.65
273125,0.9071086645126343,0.8539159297943115,0.01,1.65
273225,0.9071086645126343,0.8539159297943115,0.01,1.65
273325,0.9071086645126343,0.8539159297943115,0.01,1.65
273425,0.9071086645126343,0.8539159297943115,0.01,1.65
273525,0.9071086645126343,0.8539159297943115,0.01,1.65
273625,0.9071086645126343,0.8539159297943115,0.01,1.65
273725,0.9071086645126343,0.8539159297943115,0.01,1.65
273825,0.9071086645126343,0.8539159297943115,0.01,1.65
273925,0.9071086645126343,0.8539159297943115,0.01,1.65
274025,0.9071086645126343,0.8539159297943115,0.01,1.65
274125,0.9071086645126343,0.8539159297943115,0.01,1.65
274225,0.9071086645126343,0.8539159297943115,0.01,1.65
274325,0.9071086645126343,0.8539159297943115,0.01,1.65
274425,0.9071086645126343,0.8539159297943115,0.01,1.65
274525,0.9071086645126343,0.8539159297943115,0.01,1.65
274625,0.9071086645126343,0.8539159297943115,0.01,1.65
274725,0.9071086645126343,0.8539159297943115,0.01,1.65
274825,0.9071086645126343,0.8539159297943115,0.01,1.65
274925,0.9071086645126343,0.8539159297943115,0.01,1.65
275025,0.9071086645126343,0.8539159297943115,0.01,1.65
275125,0.9071086645126343,0.8539159297943115,0.01,1.65
275225,0.9071086645126343,0.8539159297943115,0.01,1.65
275325,0.9071086645126343,0.8539159297943115,0.01,1.65
275425,0.9071086645126343,0.8539159297943115,0.01,1.65
275525,0.9071086645126343,0.8539159297943115,0.01,1.65
275625,0.9071086645126343,0.8539159297943115,0.01,1.65
275725,0.9071086645126343,0.8539159297943115,0.01,1.65
275825,0.9071086645126343,0.8539159297943115,0.01,1.65
275925,0.9071086645126343,0.8539159297943115,0.01,1.65
276025,0.9071086645126343,0.8539159297943115,0.01,1.65
276125,0.9071086645126343,0.8539159297943115,0.01,1.65
276225,0.9071086645126343,0.8539159297943115,0.01,1.65
276325,0.9071086645126343,0.8539159297943115,0.01,1.65
276425,0.9071086645126343,0.8539159297943115,0.01,1.65
276525,0.9071086645126343,0.8539159297943115,0.01,1.65
276625,0.9071086645126343,0.8539159297943115,0.01,1.65
276725,0.9071086645126343,0.8539159297943115,0.01,1.65
276825,0.9071086645126343,0.8539159297943115,0.01,1.65
276925,0.9071086645126343,0.8539159297943115,0.01,1.65
277025,0.9071086645126343,0.8539159297943115,0.01,1.65
277125,0.9071086645126343,0.8539159297943115,0.01,1.65
277225,0.9071086645126343,0.8539159297943115,0.01,1.65
277325,0.9071086645126343,0.8539159297943115,0.01,1.65
277425,0.9071086645126343,0.8539159297943115,0.01,1.65
277525,0.9071086645126343,0.8539159297943115,0.01,1.65
277625,0.9071086645126343,0.8539159297943115,0.01,1.65
277725,0.9071086645126343,0.8539159297943115,0.01,1.65
277825,0.9071086645126343,0.8539159297943115,0.01,1.65
277925,0.9071086645126343,0.8539159297943115,0.01,1.65
278025,0.9071086645126343,0.8539159297943115,0.01,1.65
278125,0.9071086645126343,0.8539159297943115,0.01,1.65
278225,0.9071086645126343,0.8539159297943115,0.01,1.65
278325,0.9071086645126343,0.8539159297943115,0.01,1.65
278425,0.9071086645126343,0.8539159297943115,0.01,1.65
278525,0.9071086645126343,0.8539159297943115,0.01,1.65
278625,0.9071086645126343,0.8539159297943115,0.01,1.65
278725,0.9071086645126343,0.8539159297943115,0.01,1.65
278825,0.9071086645126343,0.8539159297943115,0.01,1.65
278925,0.9071086645126343,0.8539159297943115,0.01,1.65
279025,0.9071086645126343,0.8539159297943115,0.01,1.65
279125,0.9071086645126343,0.8539159297943115,0.01,1.65
279225,0.9071086645126343,0.8539159297943115,0.01,1.65
279325,0.9071086645126343,0.8539159297943115,0.01,1.65
279425,0.9071086645126343,0.8539159297943115,0.01,1.65
279525,0.9071086645126343,0.8539159297943115,0.01,1.65
279625,0.9071086645126343,0.8539159297943115,0.01,1.65
279725,0.9071086645126343,0.8539159297943115,0.01,1.65
279825,0.9071086645126343,0.8539159297943115,0.01,1.65
279925,0.9071086645126343,0.8539159297943115,0.01,1.65
280025,0.9071086645126343,0.8539159297943115,0.01,1.65
280125,0.9071086645126343,0.8539159297943115,0.01,1.65
280225,0.9071086645126343,0.8539159297943115,0.01,1.65
280325,0.9071086645126343,0.8539159297943115,0.01,1.65
280425,0.9071086645126343,0.8539159297943115,0.01,1.65
280525,0.9071086645126343,0.8539159297943115,0.01,1.65
280625,0.9071086645126343,0.8539159297943115,0.01,1.65
280725,0.9071086645126343,0.8539159297943115,0.01,1.65
280825,0.9071086645126343,0.8539159297943115,0.01,1.65
280925,0.9071086645126343,0.8539159297943115,0.01,1.65
281025,0.9071086645126343,0.8539159297943115,0.01,1.65
281125,0.9071086645126343,0.8539159297943115,0.01,1.65
281225,0.9071086645126343,0.8539159297943115,0.01,1.65
281325,0.9071086645126343,0.8539159297943115,0.01,1.65
281425,0.9071086645126343,0.8539159297943115,0.01,1.65
281525,0.9071086645126343,0.8539159297943115,0.01,1.65
281625,0.9071086645126343,0.8539159297943115,0.01,1.65
281725,0.9071086645126343,0.8539159297943115,0.01,1.65
281825,0.9071086645126343,0.8539159297943115,0.01,1.65
281925,0.9071086645126343,0.8539159297943115,0.01,1.65
282025,0.9071086645126343,0.8539159297943115,0.01,1.65
282125,0.9071086645126343,0.8539159297943115,0.01,1.65
282225,0.9071086645126343,0.8539159297943115,0.01,1.65
282325,0.9071086645126343,0.8539159297943115,0.01,1.65
282425,0.9071086645126343,0.8539159297943115,0.01,1.65
282525,0.9071086645126343,0.8539159297943115,0.01,1.65
282625,0.9071086645126343,0.8539159297943115,0.01,1.65
282725,0.9071086645126343,0.8539159297943115,0.01,1.65
282825,0.9071086645126343,0.8539159297943115,0.01,1.65
282925,0.9071086645126343,0.8539159297943115,0.01,1.65
283025,0.9071086645126343,0.8539159297943115,0.01,1.65
283125,0.9071086645126343,0.8539159297943115,0.01,1.65
283225,0.9071086645126343,0.8539159297943115,0.01,1.65
283325,0.9071086645126343,0.8539159297943115,0.01,1.65
283425,0.9071086645126343,0.8539159297943115,0.01,1.65
283525,0.9071086645126343,0.8539159297943115,0.01,1.65
283625,0.9071086645126343,0.8539159297943115,0.01,1.65
283725,0.9071086645126343,0.8539159297943115,0.01,1.65
283825,0.9071086645126343,0.8539159297943115,0.01,1.65
283925,0.9071086645126343,0.8539159297943115,0.01,1.65
284025,0.9071086645126343,0.8539159297943115,0.01,1.65
284125,0.9071086645126343,0.8539159297943115,0.01,1.65
284225,0.9071086645126343,0.8539159297943115,0.01,1.65
284325,0.9071086645126343,0.8539159297943115,0.01,1.65
284425,0.9071086645126343,0.8539159297943115,0.01,1.65
284525,0.9071086645126343,0.8539159297943115,0.01,1.65
284625,0.9071086645126343,0.8539159297943115,0.01,1.65
284725,0.9071086645126343,0.8539159297943115,0.01,1.65
284825,0.9071086645126343,0.8539159297943115,0.01,1.65
284925,0.9071086645126343,0.8539159297943115,0.01,1.65
285025,0.9071086645126343,0.8539159297943115,0.01,1.65
285125,0.9071086645126343,0.8539159297943115,0.01,1.65
285225,0.9071086645126343,0.8539159297943115,0.01,1.65
285325,0.9071086645126343,0.8539159297943115,0.01,1.65
285425,0.9071086645126343,0.8539159297943115,0.01,1.65
285525,0.9071086645126343,0.8539159297943115,0.01,1.65
285625,0.9071086645126343,0.8539159297943115,0.01,1.65
285725,0.9071086645126343,0.8539159297943115,0.01,1.65
285825,0.9071086645126343,0.8539159297943115,0.01,1.65
285925,0.9071086645126343,0.8539159297943115,0.01,1.65
286025,0.9071086645126343,0.8539159297943115,0.01,1.65
286125,0.9071086645126343,0.8539159297943115,0.01,1.65
286225,0.9071086645126343,0.8539159297943115,0.01,1.65
286325,0.9071086645126343,0.8539159297943115,0.01,1.65
286425,0.9071086645126343,0.8539159297943115,0.01,1.65
286525,0.9071086645126343,0.8539159297943115,0.01,1.65
286625,0.9071086645126343,0.8539159297943115,0.01,1.65
286725,0.9071086645126343,0.8539159297943115,0.01,1.65
286825,0.9071086645126343,0.8539159297943115,0.01,1.65
286925,0.9071086645126343,0.8539159297943115,0.01,1.65
287025,0.9071086645126343,0.8539159297943115,0.01,1.65
287125,0.9071086645126343,0.8539159297943115,0.01,1.65
287225,0.9071086645126343,0.8539159297943115,0.01,1.65
287325,0.9071086645126343,0.8539159297943115,0.01,1.65
287425,0.9071086645126343,0.8539159297943115,0.01,1.65
287525,0.9071086645126343,0.8539159297943115,0.01,1.65
287625,0.9071086645126343,0.8539159297943115,0.01,1.65
287725,0.9071086645126343,0.8539159297943115,0.01,1.65
287825,0.9071086645126343,0.8539159297943115,0.01,1.65
287925,0.9071086645126343,0.8539159297943115,0.01,1.65
288025,0.9071086645126343,0.8539159297943115,0.01,1.65
288125,0.9071086645126343,0.8539159297943115,0.01,1.65
288225,0.9071086645126343,0.8539159297943115,0.01,1.65
288325,0.9071086645126343,0.8539159297943115,0.01,1.65
288425,0.9071086645126343,0.8539159297943115,0.01,1.65
288525,0.9071086645126343,0.8539159297943115,0.01,1.65
288625,0.9071086645126343,0.8539159297943115,0.01,1.65
288725,0.9071086645126343,0.8539159297943115,0.01,1.65
288825,0.9071086645126343,0.8539159297943115,0.01,1.65
288925,0.9071086645126343,0.8539159297943115,0.01,1.65
289025,0.9071086645126343,0.8539159297943115,0.01,1.65
289125,0.9071086645126343,0.8539159297943115,0.01,1.65
289225,0.9071086645126343,0.8539159297943115,0.01,1.65
289325,0.9071086645126343,0.8539159297943115,0.01,1.65
289425,0.9071086645126343,0.8539159297943115,0.01,1.65
289525,0.9071086645126343,0.8539159297943115,0.01,1.65
289625,0.9071086645126343,0.8539159297943115,0.01,1.65
289725,0.9071086645126343,0.8539159297943115,0.01,1.65
289825,0.9071086645126343,0.8539159297943115,0.01,1.65
289925,0.9071086645126343,0.8539159297943115,0.01,1.65
290025,0.9071086645126343,0.8539159297943115,0.01,1.65
290125,0.9071086645126343,0.8539159297943115,0.01,1.65
290225,0.9071086645126343,0.8539159297943115,0.01,1.65
290325,0.9071086645126343,0.8539159297943115,0.01,1.65
290425,0.9071086645126343,0.8539159297943115,0.01,1.65
290525,0.9071086645126343,0.8539159297943115,0.01,1.65
290625,0.9071086645126343,0.8539159297943115,0.01,1.65
290725,0.9071086645126343,0.8539159297943115,0.01,1.65
290825,0.9071086645126343,0.8539159297943115,0.01,1.65
290925,0.9071086645126343,0.8539159297943115,0.01,1.65
291025,0.9071086645126343,0.8539159297943115,0.01,1.65
291125,0.9071086645126343,0.8539159297943115,0.01,1.65
291225,0.9071086645126343,0.8539159297943115,0.01,1.65
291325,0.9071086645126343,0.8539159297943115,0.01,1.65
291425,0.9071086645126343,0.8539159297943115,0.01,1.65
291525,0.9071086645126343,0.8539159297943115,0.01,1.65
291625,0.9071086645126343,0.8539159297943115,0.01,1.65
291725,0.9071086645126343,0.8539159297943115,0.01,1.65
291825,0.9071086645126343,0.8539159297943115,0.01,1.65
291925,0.9071086645126343,0.8539159297943115,0.01,1.65
292025,0.9071086645126343,0.8539159297943115,0.01,1.65
292125,0.9071086645126343,0.8539159297943115,0.01,1.65
292225,0.9071086645126343,0.8539159297943115,0.01,1.65
292325,0.9071086645126343,0.8539159297943115,0.01,1.65
292425,0.9071086645126343,0.8539159297943115,0.01,1.65
292525,0.9071086645126343,0.8539159297943115,0.01,1.65
292625,0.9071086645126343,0.8539159297943115,0.01,1.65
292725,0.9071086645126343,0.8539159297943115,0.01,1.65
292825,0.9071086645126343,0.8539159297943115,0.01,1.65
292925,0.9071086645126343,0.8539159297943115,0.01,1.65
293025,0.9071086645126343,0.8539159297943115,0.01,1.65
293125,0.9071086645126343,0.8539159297943115,0.01,1.65
293225,0.9071086645126343,0.8539159297943115,0.01,1.65
293325,0.9071086645126343,0.8539159297943115,0.01,1.65
293425,0.9071086645126343,0.8539159297943115,0.01,1.65
293525,0.9071086645126343,0.8539159297943115,0.01,1.65
293625,0.9071086645126343,0.8539159297943115,0.01,1.65
293725,0.9071086645126343,0.8539159297943115,0.01,1.65
293825,0.9071086645126343,0.8539159297943115,0.01,1.65
293925,0.9071086645126343,0.8539159297943115,0.01,1.65
294025,0.9071086645126343,0.8539159297943115,0.01,1.65
294125,0.9071086645126343,0.8539159297943115,0.01,1.65
294225,0.9071086645126343,0.8539159297943115,0.01,1.65
294325,0.9071086645126343,0.8539159297943115,0.01,1.65
294425,0.9071086645126343,0.8539159297943115,0.01,1.65
294525,0.9071086645126343,0.8539159297943115,0.01,1.65
294625,0.9071086645126343,0.8539159297943115,0.01,1.65
294725,0.9071086645126343,0.8539159297943115,0.01,1.65
294825,0.9071086645126343,0.8539159297943115,0.01,1.65
294925,0.9071086645126343,0.8539159297943115,0.01,1.65
295025,0.9071086645126343,0.8539159297943115,0.01,1.65
295125,0.9071086645126343,0.8539159297943115,0.01,1.65
295225,0.9071086645126343,0.8539159297943115,0.01,1.65
295325,0.9071086645126343,0.8539159297943115,0.01,1.65
295425,0.9071086645126343,0.8539159297943115,0.01,1.65
295525,0.9071086645126343,0.8539159297943115,0.01,1.65
295625,0.9071086645126343,0.8539159297943115,0.01,1.65
325725,0.9071086645126343,0.8539159297943115,0.01,1.51
325825,0.9071086645126343,0.8539159297943115,0.01,1.51
325925,0.9071086645126343,0.8539159297943115,0.01,1.51
326025,0.9071086645126343,0.8539159297943115,0.01,1.51
326125,0.9071086645126343,0.8539159297943115,0.01,1.51
326225,0.9071086645126343,0.8539159297943115,0.01,1.51
326325,0.9071086645126343,0.8539159297943115,0.01,1.51
326425,0.9071086645126343,0.8539159297943115,0.01,1.51
326525,0.9071086645126343,0.8539159297943115,0.01,1.51
326625,0.9071086645126343,0.8539159297943115,0.01,1.51
326725,0.9071086645126343,0.8539159297943115,0.01,1.51
326825,0.9071086645126343,0.8539159297943115,0.01,1.51
326925,0.9071086645126343,0.8539159297943115,0.01,1.51
327025,0.9071086645126343,0.8539159297943115,0.01,1.51
327125,0.9071086645126343,0.8539159297943115,0.01,1.51
327225,0.9071086645126343,0.8539159297943115,0.01,1.51
327325,0.9071086645126343,0.8539159297943115,0.01,1.51
327425,0.9071086645126343,0.8539159297943115,0.01,1.51
327525,0.9071086645126343,0.8539159297943115,0.01,1.51
327625,0.9071086645126343,0.8539159297943115,0.01,1.51
327725,0.9071086645126343,0.8539159297943115,0.01,1.51
327825,0.9071086645126343,0.8539159297943115,0.01,1.51
327925,0.9071086645126343,0.8539159297943115,0.01,1.51
328025,0.9071086645126343,0.8539159297943115,0.01,1.51
328125,0.9071086645126343,0.8539159297943115,0.01,1.51
328225,0.9071086645126343,0.8539159297943115,0.01,1.51
328325,0.9071086645126343,0.8539159297943115,0.01,1.51
328425,0.9071086645126343,0.8539159297943115,0.01,1.51
328525,0.9071086645126343,0.8539159297943115,0.01,1.51
328625,0.9071086645126343,0.8539159297943115,0.01,1.51
328725,0.9071086645126343,0.8539159297943115,0.01,1.51
328825,0.9071086645126343,0.8539159297943115,0.01,1.51
328925,0.9071086645126343,0.8539159297943115,0.01,1.51
329025,0.9071086645126343,0.8539159297943115,0.01,1.51
329125,0.9071086645126343,0.8539159297943115,0.01,1.51
329225,0.9071086645126343,0.8539159297943115,0.01,1.51
329325,0.9071086645126343,0.8539159297943115,0.01,1.51
329425,0.9071086645126343,0.8539159297943115,0.01,1.51
329525,0.9071086645126343,0.8539159297943115,0.01,1.51
329625,0.9071086645126343,0.8539159297943115,0.01,1.51
329725,0.9071086645126343,0.8539159297943115,0.01,1.51
329825,0.9071086645126343,0.8539159297943115,0.01,1.51
329925,0.9071086645126343,0.8539159297943115,0.01,1.51
330025,0.9071086645126343,0.8539159297943115,0.01,1.51
330125,0.9071086645126343,0.8539159297943115,0.01,1.51
330225,0.9071086645126343,0.8539159297943115,0.01,1.51
330325,0.9071086645126343,0.8539159297943115,0.01,1.51
330425,0.9071086645126343,0.8539159297943115,0.01,1.51
330525,0.9071086645126343,0.8539159297943115,0.01,1.51
330625,0.9071086645126343,0.8539159297943115,0.01,1.51
330725,0.9071086645126343,0.8539159297943115,0.01,1.51
330825,0.9071086645126343,0.8539159297943115,0.01,1.51
330925,0.9071086645126343,0.8539159297943115,0.01,1.51
331025,0.9071086645126343,0.8539159297943115,0.01,1.51
331125,0.9071086645126343,0.8539159297943115,0.01,1.51
331225,0.9071086645126343,0.8539159297943115,0.01,1.51
331325,0.9071086645126343,0.8539159297943115,0.01,1.51
331425,0.9071086645126343,0.8539159297943115,0.01,1.51
331525,0.9071086645126343,0.8539159297943115,0.01,1.51
331625,0.9071086645126343,0.8539159297943115,0.01,1.51
331725,0.9071086645126343,0.8539159297943115,0.01,1.51
331825,0.9071086645126343,0.8539159297943115,0.01,1.51
331925,0.9071086645126343,0.8539159297943115,0.01,1.51
332025,0.9071086645126343,0.8539159297943115,0.01,1.51
332125,0.9071086645126343,0.8539159297943115,0.01,1.51
332225,0.9071086645126343,0.8539159297943115,0.01,1.51
332325,0.9071086645126343,0.8539159297943115,0.01,1.51
332425,0.9071086645126343,0.8539159297943115,0.01,1.51
332525,0.9071086645126343,0.8539159297943115,0.01,1.51
332625,0.9071086645126343,0.8539159297943115,0.01,1.51
332725,0.9071086645126343,0.8539159297943115,0.01,1.51
332825,0.9071086645126343,0.8539159297943115,0.01,1.51
332925,0.9071086645126343,0.8539159297943115,0.01,1.51
333025,0.9071086645126343,0.8539159297943115,0.01,1.51
333125,0.9071086645126343,0.8539159297943115,0.01,1.51
333225,0.9071086645126343,0.8539159297943115,0.01,1.51
333325,0.9071086645126343,0.8539159297943115,0.01,1.51
333425,0.9071086645126343,0.8539159297943115,0.01,1.51
333525,0.9071086645126343,0.8539159297943115,0.01,1.51
333625,0.9071086645126343,0.8539159297943115,0.01,1.51
333725,0.9071086645126343,0.8539159297943115,0.01,1.51
333825,0.9071086645126343,0.8539159297943115,0.01,1.51
333925,0.9071086645126343,0.8539159297943115,0.01,1.51
334025,0.9071086645126343,0.8539159297943115,0.01,1.51
334125,0.9071086645126343,0.8539159297943115,0.01,1.51
334225,0.9071086645126343,0.8539159297943115,0.01,1.51
334325,0.9071086645126343,0.8539159297943115,0.01,1.51
334425,0.9071086645126343,0.8539159297943115,0.01,1.51
334525,0.9071086645126343,0.8539159297943115,0.01,1.51
334625,0.9071086645126343,0.8539159297943115,0.01,1.51
334725,0.9071086645126343,0.8539159297943115,0.01,1.51
334825,0.9071086645126343,0.8539159297943115,0.01,1.51
334925,0.9071086645126343,0.8539159297943115,0.01,1.51
335025,0.9071086645126343,0.8539159297943115,0.01,1.51
335125,0.9071086645126343,0.8539159297943115,0.01,1.51
335225,0.9071086645126343,0.8539159297943115,0.01,1.51
335325,0.9071086645126343,0.8539159297943115,0.01,1.51
335425,0.9071086645126343,0.8539159297943115,0.01,1.51
335525,0.9071086645126343,0.8539159297943115,0.01,1.51
335625,0.9071086645126343,0.8539159297943115,0.01,1.51
335725,0.9071086645126343,0.8539159297943115,0.01,1.51
335825,0.9071086645126343,0.8539159297943115,0.01,1.51
335925,0.9071086645126343,0.8539159297943115,0.01,1.51
336025,0.9071086645126343,0.8539159297943115,0.01,1.51
336125,0.9071086645126343,0.8539159297943115,0.01,1.51
336225,0.9071086645126343,0.8539159297943115,0.01,1.51
336325,0.9071086645126343,0.8539159297943115,0.01,1.51
336425,0.9071086645126343,0.8539159297943115,0.01,1.51
336525,0.9071086645126343,0.8539159297943115,0.01,1.51
336625,0.9071086645126343,0.8539159297943115,0.01,1.51
336725,0.9071086645126343,0.8539159297943115,0.01,1.51
336825,0.9071086645126343,0.8539159297943115,0.01,1.51
336925,0.9071086645126343,0.8539159297943115,0.01,1.51
337025,0.9071086645126343,0.8539159297943115,0.01,1.51
337125,0.9071086645126343,0.8539159297943115,0.01,1.51
337225,0.9071086645126343,0.8539159297943115,0.01,1.51
337325,0.9071086645126343,0.8539159297943115,0.01,1.51
337425,0.9071086645126343,0.8539159297943115,0.01,1.51
337525,0.9071086645126343,0.8539159297943115,0.01,1.51
337625,0.9071086645126343,0.8539159297943115,0.01,1.51
337725,0.9071086645126343,0.8539159297943115,0.01,1.51
337825,0.9071086645126343,0.8539159297943115,0.01,1.51
337925,0.9071086645126343,0.8539159297943115,0.01,1.51
338025,0.9071086645126343,0.8539159297943115,0.01,1.51
338125,0.9071086645126343,0.8539159297943115,0.01,1.51
338225,0.9071086645126343,0.8539159297943115,0.01,1.51
338325,0.9071086645126343,0.8539159297943115,0.01,1.51
338425,0.9071086645126343,0.8539159297943115,0.01,1.51
338525,0.9071086645126343,0.8539159297943115,0.01,1.51
338625,0.9071086645126343,0.8539159297943115,0.01,1.51
338725,0.9071086645126343,0.8539159297943115,0.01,1.51
338825,0.9071086645126343,0.8539159297943115,0.01,1.51
338925,0.9071086645126343,0.8539159297943115,0.01,1.51
339025,0.9071086645126343,0.8539159297943115,0.01,1.51
339125,0.9071086645126343,0.8539159297943115,0.01,1.51
339225,0.9071086645126343,0.8539159297943115,0.01,1.51
339325,0.9071086645126343,0.8539159297943115,0.01,1.51
339425,0.9071086645126343,0.8539159297943115,0.01,1.51
339525,0.9071086645126343,0.8539159297943115,0.01,1.51
339625,0.9071086645126343,0.8539159297943115,0.01,1.51
339725,0.9071086645126343,0.8539159297943115,0.01,1.51
339825,0.9071086645126343,0.8539159297943115,0.01,1.51
339925,0.9071086645126343,0.8539159297943115,0.01,1.51
340025,0.9071086645126343,0.8539159297943115,0.01,1.51
340125,0.9071086645126343,0.8539159297943115,0.01,1.51
340225,0.9071086645126343,0.8539159297943115,0.01,1.51
340325,0.9071086645126343,0.8539159297943115,0.01,1.51
340425,0.9071086645126343,0.8539159297943115,0.01,1.51
340525,0.9071086645126343,0.8539159297943115,0.01,1.51
340625,0.9071086645126343,0.8539159297943115,0.01,1.51
340725,0.9071086645126343,0.8539159297943115,0.01,1.51
340825,0.9071086645126343,0.8539159297943115,0.01,1.51
340925,0.9071086645126343,0.8539159297943115,0.01,1.51
341025,0.9071086645126343,0.8539159297943115,0.01,1.51
341125,0.9071086645126343,0.8539159297943115,0.01,1.51
341225,0.9071086645126343,0.8539159297943115,0.01,1.51
341325,0.9071086645126343,0.8539159297943115,0.01,1.51
341425,0.9071086645126343,0.8539159297943115,0.01,1.51
341525,0.9071086645126343,0.8539159297943115,0.01,1.51
341625,0.9071086645126343,0.8539159297943115,0.01,1.51
341725,0.9071086645126343,0.8539159297943115,0.01,1.51
341825,0.9071086645126343,0.8539159297943115,0.01,1.51
341925,0.9071086645126343,0.8539159297943115,0.01,1.51
342025,0.9071086645126343,0.8539159297943115,0.01,1.51
342125,0.9071086645126343,0.8539159297943115,0.01,1.51
342225,0.9071086645126343,0.8539159297943115,0.01,1.51
342325,0.9071086645126343,0.8539159297943115,0.01,1.51
342425,0.9071086645126343,0.8539159297943115,0.01,1.51
342525,0.9071086645126343,0.8539159297943115,0.01,1.51
342625,0.9071086645126343,0.8539159297943115,0.01,1.51
342725,0.9071086645126343,0.8539159297943115,0.01,1.51
342825,0.9071086645126343,0.8539159297943115,0.01,1.51
342925,0.9071086645126343,0.8539159297943115,0.01,1.51
343025,0.9071086645126343,0.8539159297943115,0.01,1.51
343125,0.9071086645126343,0.8539159297943115,0.01,1.51
343225,0.9071086645126343,0.8539159297943115,0.01,1.51
343325,0.9071086645126343,0.8539159297943115,0.01,1.51
343425,0.9071086645126343,0.8539159297943115,0.01,1.51
343525,0.9071086645126343,0.8539159297943115,0.01,1.51
343625,0.9071086645126343,0.8539159297943115,0.01,1.51
343725,0.9071086645126343,0.8539159297943115,0.01,1.51
343825,0.9071086645126343,0.8539159297943115,0.01,1.51
343925,0.9071086645126343,0.8539159297943115,0.01,1.51
344025,0.9071086645126343,0.8539159297943115,0.01,1.51
344125,0.9071086645126343,0.8539159297943115,0.01,1.51
344225,0.9071086645126343,0.8539159297943115,0.01,1.51
344325,0.9071086645126343,0.8539159297943115,0.01,1.51
344425,0.9071086645126343,0.8539159297943115,0.01,1.51
344525,0.9071086645126343,0.8539159297943115,0.01,1.51
344625,0.9071086645126343,0.8539159297943115,0.01,1.51
344725,0.9071086645126343,0.8539159297943115,0.01,1.51
344825,0.9071086645126343,0.8539159297943115,0.01,1.51
344925,0.9071086645126343,0.8539159297943115,0.01,1.51
345025,0.9071086645126343,0.8539159297943115,0.01,1.51
345125,0.9071086645126343,0.8539159297943115,0.01,1.51
345225,0.9071086645126343,0.8539159297943115,0.01,1.51
345325,0.9071086645126343,0.8539159297943115,0.01,1.51
345425,0.9071086645126343,0.8539159297943115,0.01,1.51
345525,0.9071086645126343,0.8539159297943115,0.01,1.51
345625,0.9071086645126343,0.8539159297943115,0.01,1.51
345725,0.9071086645126343,0.8539159297943115,0.01,1.51
345825,0.9071086645126343,0.8539159297943115,0.01,1.51
345925,0.9071086645126343,0.8539159297943115,0.01,1.51
346025,0.9071086645126343,0.8539159297943115,0.01,1.51
346125,0.9071086645126343,0.8539159297943115,0.01,1.51
346225,0.9071086645126343,0.8539159297943115,0.01,1.51
346325,0.9071086645126343,0.8539159297943115,0.01,1.51
346425,0.9071086645126343,0.8539159297943115,0.01,1.51
346525,0.9071086645126343,0.8539159297943115,0.01,1.51
346625,0.9071086645126343,0.8539159297943115,0.01,1.51
346725,0.9071086645126343,0.8539159297943115,0.01,1.51
346825,0.9071086645126343,0.8539159297943115,0.01,1.51
346925,0.9071086645126343,0.8539159297943115,0.01,1.51
347025,0.9071086645126343,0.8539159297943115,0.01,1.51
347125,0.9071086645126343,0.8539159297943115,0.01,1.51
347225,0.9071086645126343,0.8539159297943115,0.01,1.51
347325,0.9071086645126343,0.8539159297943115,0.01,1.51
347425,0.9071086645126343,0.8539159297943115,0.01,1.51
347525,0.9071086645126343,0.8539159297943115,0.01,1.51
347625,0.9071086645126343,0.8539159297943115,0.01,1.51
347725,0.9071086645126343,0.8539159297943115,0.01,1.51
347825,0.9071086645126343,0.8539159297943115,0.01,1.51
347925,0.9071086645126343,0.8539159297943115,0.01,1.51
348025,0.9071086645126343,0.8539159297943115,0.01,1.51
348125,0.9071086645126343,0.8539159297943115,0.01,1.51
348225,0.9071086645126343,0.8539159297943115,0.01,1.51
348325,0.9071086645126343,0.8539159297943115,0.01,1.51
348425,0.9071086645126343,0.8539159297943115,0.01,1.51
348525,0.9071086645126343,0.8539159297943115,0.01,1.51
348625,0.9071086645126343,0.8539159297943115,0.01,1.51
348725,0.9071086645126343,0.8539159297943115,0.01,1.51
348825,0.9071086645126343,0.8539159297943115,0.01,1.51
348925,0.9071086645126343,0.8539159297943115,0.01,1.51
349025,0.9071086645126343,0.8539159297943115,0.01,1.51
349125,0.9071086645126343,0.8539159297943115,0.01,1.51
349225,0.9071086645126343,0.8539159297943115,0.01,1.51
349325,0.9071086645126343,0.8539159297943115,0.01,1.51
349425,0.9071086645126343,0.8539159297943115,0.01,1.51
349525,0.9071086645126343,0.8539159297943115,0.01,1.51
349625,0.9071086645126343,0.8539159297943115,0.01,1.51
349725,0.9071086645126343,0.8539159297943115,0.01,1.51
349825,0.9071086645126343,0.8539159297943115,0.01,1.51
349925,0.9071086645126343,0.8539159297943115,0.01,1.51
350025,0.9071086645126343,0.8539159297943115,0.01,1.51
350125,0.9071086645126343,0.8539159297943115,0.01,1.51
350225,0.9071086645126343,0.8539159297943115,0.01,1.51
350325,0.9071086645126343,0.8539159297943115,0.01,1.51
350425,0.9071086645126343,0.8539159297943115,0.01,1.51
350525,0.9071086645126343,0.8539159297943115,0.01,1.51
350625,0.9071086645126343,0.8539159297943115,0.01,1.51
350725,0.9071086645126343,0.8539159297943115,0.01,1.51
350825,0.9071086645126343,0.8539159297943115,0.01,1.51
350925,0.9071086645126343,0.8539159297943115,0.01,1.51
351025,0.9071086645126343,0.8539159297943115,0.01,1.51
351125,0.9071086645126343,0.8539159297943115,0.01,1.51
351225,0.9071086645126343,0.8539159297943115,0.01,1.51
351325,0.9071086645126343,0.8539159297943115,0.01,1.51
351425,0.9071086645126343,0.8539159297943115,0.01,1.51
351525,0.9071086645126343,0.8539159297943115,0.01,1.51
351625,0.9071086645126343,0.8539159297943115,0.01,1.51
351725,0.9071086645126343,0.8539159297943115,0.01,1.51
351825,0.9071086645126343,0.8539159297943115,0.01,1.51
351925,0.9071086645126343,0.8539159297943115,0.01,1.51
352025,0.9071086645126343,0.8539159297943115,0.01,1.51
352125,0.9071086645126343,0.8539159297943115,0.01,1.51
352225,0.9071086645126343,0.8539159297943115,0.01,1.51
352325,0.9071086645126343,0.8539159297943115,0.01,1.51
352425,0.9071086645126343,0.8539159297943115,0.01,1.51
352525,0.9071086645126343,0.8539159297943115,0.01,1.51
352625,0.9071086645126343,0.8539159297943115,0.01,1.51
352725,0.9071086645126343,0.8539159297943115,0.01,1.51
352825,0.9071086645126343,0.8539159297943115,0.01,1.51
352925,0.9071086645126343,0.8539159297943115,0.01,1.51
353025,0.9071086645126343,0.8539159297943115,0.01,1.51
353125,0.9071086645126343,0.8539159297943115,0.01,1.51
353225,0.9071086645126343,0.8539159297943115,0.01,1.51
353325,0.9071086645126343,0.8539159297943115,0.01,1.51
353425,0.9071086645126343,0.8539159297943115,0.01,1.51
353525,0.9071086645126343,0.8539159297943115,0.01,1.51
353625,0.9071086645126343,0.8539159297943115,0.01,1.51
353725,0.9071086645126343,0.8539159297943115,0.01,1.51
353825,0.9071086645126343,0.8539159297943115,0.01,1.51
353925,0.9071086645126343,0.8539159297943115,0.01,1.51
354025,0.9071086645126343,0.8539159297943115,0.01,1.51
354125,0.9071086645126343,0.8539159297943115,0.01,1.51
354225,0.9071086645126343,0.8539159297943115,0.01,1.51
354325,0.9071086645126343,0.8539159297943115,0.01,1.51
354425,0.9071086645126343,0.8539159297943115,0.01,1.51
354525,0.9071086645126343,0.8539159297943115,0.01,1.51
354625,0.9071086645126343,0.8539159297943115,0.01,1.51
354725,0.9071086645126343,0.8539159297943115,0.01,1.51
354825,0.9071086645126343,0.8539159297943115,0.01,1.51
354925,0.9071086645126343,0.8539159297943115,0.01,1.51
355025,0.9071086645126343,0.8539159297943115,0.01,1.51
355125,0.9071086645126343,0.8539159297943115,0.01,1.51
355225,0.9071086645126343,0.8539159297943115,0.01,1.51
355325,0.9071086645126343,0.8539159297943115,0.01,1.51
355425,0.9071086645126343,0.8539159297943115,0.01,1.51
355525,0.9071086645126343,0.8539159297943115,0.01,1.51
355625,0.9071086645126343,0.8539159297943115,0.01,1.51
385725,0.9071086645126343,0.8539159297943115,0.01,1.49
385825,0.9071086645126343,0.8539159297943115,0.01,1.49
385925,0.9071086645126343,0.8539159297943115,0.01,1.49
386025,0.9071086645126343,0.8539159297943115,0.01,1.49
386125,0.9071086645126343,0.8539159297943115,0.01,1.49
386225,0.9071086645126343,0.8539159297943115,0.01,1.49
386325,0.9071086645126343,0.8539159297943115,0.01,1.49
386425,0.9071086645126343,0.8539159297943115,0.01,1.49
386525,0.9071086645126343,0.8539159297943115,0.01,1.49
386625,0.9071086645126343,0.8539159297943115,0.01,1.49
386725,0.9071086645126343,0.8539159297943115,0.01,1.49
386825,0.9071086645126343,0.8539159297943115,0.01,1.49
386925,0.9071086645126343,0.8539159297943115,0.01,1.49
387025,0.9071086645126343,0.8539159297943115,0.01,1.49
387125,0.9071086645126343,0.8539159297943115,0.01,1.49
387225,0.9071086645126343,0.8539159297943115,0.01,1.49
387325,0.9071086645126343,0.8539159297943115,0.01,1.49
387425,0.9071086645126343,0.8539159297943115,0.01,1.49
387525,0.9071086645126343,0.8539159297943115,0.01,1.49
387625,0.9071086645126343,0.8539159297943115,0.01,1.49
387725,0.9071086645126343,0.8539159297943115,0.01,1.49
387825,0.9071086645126343,0.8539159297943115,0.01,1.49
387925,0.9071086645126343,0.8539159297943115,0.01,1.49
388025,0.9071086645126343,0.8539159297943115,0.01,1.49
388125,0.9071086645126343,0.8539159297943115,0.01,1.49
388225,0.9071086645126343,0.8539159297943115,0.01,1.49
388325,0.9071086645126343,0.8539159297943115,0.01,1.49
388425,0.9071086645126343,0.8539159297943115,0.01,1.49
388525,0.9071086645126343,0.8539159297943115,0.01,1.49
388625,0.9071086645126343,0.8539159297943115,0.01,1.49
388725,0.9071086645126343,0.8539159297943115,0.01,1.49
388825,0.9071086645126343,0.8539159297943115,0.01,1.49
388925,0.9071086645126343,0.8539159297943115,0.01,1.49
389025,0.9071086645126343,0.8539159297943115,0.01,1.49
389125,0.9071086645126343,0.8539159297943115,0.01,1.49
389225,0.9071086645126343,0.8539159297943115,0.01,1.49
389325,0.9071086645126343,0.8539159297943115,0.01,1.49
389425,0.9071086645126343,0.8539159297943115,0.01,1.49
389525,0.9071086645126343,0.8539159297943115,0.01,1.49
389625,0.9071086645126343,0.8539159297943115,0.01,1.49
389725,0.9071086645126343,0.8539159297943115,0.01,1.49
389825,0.9071086645126343,0.8539159297943115,0.01,1.49
389925,0.9071086645126343,0.8539159297943115,0.01,1.49
390025,0.9071086645126343,0.8539159297943115,0.01,1.49
390125,0.9071086645126343,0.8539159297943115,0.01,1.49
390225,0.9071086645126343,0.8539159297943115,0.01,1.49
390325,0.9071086645126343,0.8539159297943115,0.01,1.49
390425,0.9071086645126343,0.8539159297943115,0.01,1.49
390525,0.9071086645126343,0.8539159297943115,0.01,1.49
390625,0.9071086645126343,0.8539159297943115,0.01,1.49
390725,0.9071086645126343,0.8539159297943115,0.01,1.49
390825,0.9071086645126343,0.8539159297943115,0.01,1.49
390925,0.9071086645126343,0.8539159297943115,0.01,1.49
391025,0.9071086645126343,0.8539159297943115,0.01,1.49
391125,0.9071086645126343,0.8539159297943115,0.01,1.49
391225,0.9071086645126343,0.8539159297943115,0.01,1.49
391325,0.9071086645126343,0.8539159297943115,0.01,1.49
391425,0.9071086645126343,0.8539159297943115,0.01,1.49
391525,0.9071086645126343,0.8539159297943115,0.01,1.49
391625,0.9071086645126343,0.8539159297943115,0.01,1.49
391725,0.9071086645126343,0.8539159297943115,0.01,1.49
391825,0.9071086645126343,0.8539159297943115,0.01,1.49
391925,0.9071086645126343,0.8539159297943115,0.01,1.49
392025,0.9071086645126343,0.8539159297943115,0.01,1.49
392125,0.9071086645126343,0.8539159297943115,0.01,1.49
392225,0.9071086645126343,0.8539159297943115,0.01,1.49
392325,0.9071086645126343,0.8539159297943115,0.01,1.49
392425,0.9071086645126343,0.8539159297943115,0.01,1.49
392525,0.9071086645126343,0.8539159297943115,0.01,1.49
392625,0.9071086645126343,0.8539159297943115,0.01,1.49
392725,0.9071086645126343,0.8539159297943115,0.01,1.49
392825,0.9071086645126343,0.8539159297943115,0.01,1.49
392925,0.9071086645126343,0.8539159297943115,0.01,1.49
393025,0.9071086645126343,0.8539159297943115,0.01,1.49
393125,0.9071086645126343,0.8539159297943115,0.01,1.49
393225,0.9071086645126343,0.8539159297943115,0.01,1.49
393325,0.9071086645126343,0.8539159297943115,0.01,1.49
393425,0.9071086645126343,0.8539159297943115,0.01,1.49
393525,0.9071086645126343,0.8539159297943115,0.01,1.49
393625,0.9071086645126343,0.8539159297943115,0.01,1.49
393725,0.9071086645126343,0.8539159297943115,0.01,1.49
393825,0.9071086645126343,0.8539159297943115,0.01,1.49
393925,0.9071086645126343,0.8539159297943115,0.01,1.49
394025,0.9071086645126343,0.8539159297943115,0.01,1.49
394125,0.9071086645126343,0.8539159297943115,0.01,1.49
394225,0.9071086645126343,0.8539159297943115,0.01,1.49
394325,0.9071086645126343,0.8539159297943115,0.01,1.49
394425,0.9071086645126343,0.8539159297943115,0.01,1.49
394525,0.9071086645126343,0.8539159297943115,0.01,1.49
394625,0.9071086645126343,0.8539159297943115,0.01,1.49
394725,0.9071086645126343,0.8539159297943115,0.01,1.49
394825,0.9071086645126343,0.8539159297943115,0.01,1.49
394925,0.9071086645126343,0.8539159297943115,0.01,1.49
395025,0.9071086645126343,0.8539159297943115,0.01,1.49
395125,0.9071086645126343,0.8539159297943115,0.01,1.49
395225,0.9071086645126343,0.8539159297943115,0.01,1.49
395325,0.9071086645126343,0.8539159297943115,0.01,1.49
395425,0.9071086645126343,0.8539159297943115,0.01,1.49
395525,0.9071086645126343,0.8539159297943115,0.01,1.49
395625,0.9071086645126343,0.8539159297943115,0.01,1.49
395725,0.9071086645126343,0.8539159297943115,0.01,1.49
395825,0.9071086645126343,0.8539159297943115,0.01,1.49
395925,0.9071086645126343,0.8539159297943115,0.01,1.49
396025,0.9071086645126343,0.8539159297943115,0.01,1.49
396125,0.9071086645126343,0.8539159297943115,0.01,1.49
396225,0.9071086645126343,0.8539159297943115,0.01,1.49
396325,0.9071086645126343,0.8539159297943115,0.01,1.49
396425,0.9071086645126343,0.8539159297943115,0.01,1.49
396525,0.9071086645126343,0.8539159297943115,0.01,1.49
396625,0.9071086645126343,0.8539159297943115,0.01,1.49
396725,0.9071086645126343,0.8539159297943115,0.01,1.49
396825,0.9071086645126343,0.8539159297943115,0.01,1.49
396925,0.9071086645126343,0.8539159297943115,0.01,1.49
397025,0.9071086645126343,0.8539159297943115,0.01,1.49
397125,0.9071086645126343,0.8539159297943115,0.01,1.49
397225,0.9071086645126343,0.8539159297943115,0.01,1.49
397325,0.9071086645126343,0.8539159297943115,0.01,1.49
397425,0.9071086645126343,0.8539159297943115,0.01,1.49
397525,0.9071086645126343,0.8539159297943115,0.01,1.49
397625,0.9071086645126343,0.8539159297943115,0.01,1.49
397725,0.9071086645126343,0.8539159297943115,0.01,1.49
397825,0.9071086645126343,0.8539159297943115,0.01,1.49
397925,0.9071086645126343,0.8539159297943115,0.01,1.49
398025,0.9071086645126343,0.8539159297943115,0.01,1.49
398125,0.9071086645126343,0.8539159297943115,0.01,1.49
398225,0.9071086645126343,0.8539159297943115,0.01,1.49
398325,0.9071086645126343,0.8539159297943115,0.01,1.49
398425,0.9071086645126343,0.8539159297943115,0.01,1.49
398525,0.9071086645126343,0.8539159297943115,0.01,1.49
398625,0.9071086645126343,0.8539159297943115,0.01,1.49
398725,0.9071086645126343,0.8539159297943115,0.01,1.49
398825,0.9071086645126343,0.8539159297943115,0.01,1.49
398925,0.9071086645126343,0.8539159297943115,0.01,1.49
399025,0.9071086645126343,0.8539159297943115,0.01,1.49
399125,0.9071086645126343,0.8539159297943115,0.01,1.49
399225,0.9071086645126343,0.8539159297943115,0.01,1.49
399325,0.9071086645126343,0.8539159297943115,0.01,1.49
399425,0.9071086645126343,0.8539159297943115,0.01,1.49
399525,0.9071086645126343,0.8539159297943115,0.01,1.49
399625,0.9071086645126343,0.8539159297943115,0.01,1.49
399725,0.9071086645126343,0.8539159297943115,0.01,1.49
399825,0.9071086645126343,0.8539159297943115,0.01,1.49
399925,0.9071086645126343,0.8539159297943115,0.01,1.49
400025,0.9071086645126343,0.8539159297943115,0.01,1.49
400125,0.9071086645126343,0.8539159297943115,0.01,1.49
400225,0.9071086645126343,0.8539159297943115,0.01,1.49
400325,0.9071086645126343,0.8539159297943115,0.01,1.49
400425,0.9071086645126343,0.8539159297943115,0.01,1.49
400525,0.9071086645126343,0.8539159297943115,0.01,1.49
400625,0.9071086645126343,0.8539159297943115,0.01,1.49
400725,0.9071086645126343,0.8539159297943115,0.01,1.49
400825,0.9071086645126343,0.8539159297943115,0.01,1.49
400925,0.9071086645126343,0.8539159297943115,0.01,1.49
401025,0.9071086645126343,0.8539159297943115,0.01,1.49
401125,0.9071086645126343,0.8539159297943115,0.01,1.49
401225,0.9071086645126343,0.8539159297943115,0.01,1.49
401325,0.9071086645126343,0.8539159297943115,0.01,1.49
401425,0.9071086645126343,0.8539159297943115,0.01,1.49
401525,0.9071086645126343,0.8539159297943115,0.01,1.49
401625,0.9071086645126343,0.8539159297943115,0.01,1.49
401725,0.9071086645126343,0.8539159297943115,0.01,1.49
401825,0.9071086645126343,0.8539159297943115,0.01,1.49
401925,0.9071086645126343,0.8539159297943115,0.01,1.49
402025,0.9071086645126343,0.8539159297943115,0.01,1.49
402125,0.9071086645126343,0.8539159297943115,0.01,1.49
402225,0.9071086645126343,0.8539159297943115,0.01,1.49
402325,0.9071086645126343,0.8539159297943115,0.01,1.49
402425,0.9071086645126343,0.8539159297943115,0.01,1.49
402525,0.9071086645126343,0.8539159297943115,0.01,1.49
402625,0.9071086645126343,0.8539159297943115,0.01,1.49
402725,0.9071086645126343,0.8539159297943115,0.01,1.49
402825,0.9071086645126343,0.8539159297943115,0.01,1.49
402925,0.9071086645126343,0.8539159297943115,0.01,1.49
403025,0.9071086645126343,0.8539159297943115,0.01,1.49
403125,0.9071086645126343,0.8539159297943115,0.01,1.49
403225,0.9071086645126343,0.8539159297943115,0.01,1.49
403325,0.9071086645126343,0.8539159297943115,0.01,1.49
403425,0.9071086645126343,0.8539159297943115,0.01,1.49
403525,0.9071086645126343,0.8539159297943115,0.01,1.49
403625,0.9071086645126343,0.8539159297943115,0.01,1.49
403725,0.9071086645126343,0.8539159297943115,0.01,1.49
403825,0.9071086645126343,0.8539159297943115,0.01,1.49
403925,0.9071086645126343,0.8539159297943115,0.01,1.49
404025,0.9071086645126343,0.8539159297943115,0.01,1.49
404125,0.9071086645126343,0.8539159297943115,0.01,1.49
404225,0.9071086645126343,0.8539159297943115,0.01,1.49
404325,0.9071086645126343,0.8539159297943115,0.01,1.49
404425,0.9071086645126343,0.8539159297943115,0.01,1.49
404525,0.9071086645126343,0.8539159297943115,0.01,1.49
404625,0.9071086645126343,0.8539159297943115,0.01,1.49
404725,0.9071086645126343,0.8539159297943115,0.01,1.49
404825,0.9071086645126343,0.8539159297943115,0.01,1.49
404925,0.9071086645126343,0.8539159297943115,0.01,1.49
405025,0.9071086645126343,0.8539159297943115,0.01,1.49
405125,0.9071086645126343,0.8539159297943115,0.01,1.49
405225,0.9071086645126343,0.8539159297943115,0.01,1.49
405325,0.9071086645126343,0.8539159297943115,0.01,1.49
405425,0.9071086645126343,0.8539159297943115,0.01,1.49
405525,0.9071086645126343,0.8539159297943115,0.01,1.49
405625,0.9071086645126343,0.8539159297943115,0.01,1.49
405725,0.9071086645126343,0.8539159297943115,0.01,1.49
405825,0.9071086645126343,0.8539159297943115,0.01,1.49
405925,0.9071086645126343,0.8539159297943115,0.01,1.49
406025,0.9071086645126343,0.8539159297943115,0.01,1.49
406125,0.9071086645126343,0.8539159297943115,0.01,1.49
406225,0.9071086645126343,0.8539159297943115,0.01,1.49
406325,0.9071086645126343,0.8539159297943115,0.01,1.49
406425,0.9071086645126343,0.8539159297943115,0.01,1.49
406525,0.9071086645126343,0.8539159297943115,0.01,1.49
406625,0.9071086645126343,0.8539159297943115,0.01,1.49
406725,0.9071086645126343,0.8539159297943115,0.01,1.49
406825,0.9071086645126343,0.8539159297943115,0.01,1.49
406925,0.9071086645126343,0.8539159297943115,0.01,1.49
407025,0.9071086645126343,0.8539159297943115,0.01,1.49
407125,0.9071086645126343,0.8539159297943115,0.01,1.49
407225,0.9071086645126343,0.8539159297943115,0.01,1.49
407325,0.9071086645126343,0.8539159297943115,0.01,1.49
407425,0.9071086645126343,0.8539159297943115,0.01,1.49
407525,0.9071086645126343,0.8539159297943115,0.01,1.49
407625,0.9071086645126343,0.8539159297943115,0.01,1.49
407725,0.9071086645126343,0.8539159297943115,0.01,1.49
407825,0.9071086645126343,0.8539159297943115,0.01,1.49
407925,0.9071086645126343,0.8539159297943115,0.01,1.49
408025,0.9071086645126343,0.8539159297943115,0.01,1.49
408125,0.9071086645126343,0.8539159297943115,0.01,1.49
408225,0.9071086645126343,0.8539159297943115,0.01,1.49
408325,0.9071086645126343,0.8539159297943115,0.01,1.49
408425,0.9071086645126343,0.8539159297943115,0.01,1.49
408525,0.9071086645126343,0.8539159297943115,0.01,1.49
408625,0.9071086645126343,0.8539159297943115,0.01,1.49
408725,0.9071086645126343,0.8539159297943115,0.01,1.49
408825,0.9071086645126343,0.8539159297943115,0.01,1.49
408925,0.9071086645126343,0.8539159297943115,0.01,1.49
409025,0.9071086645126343,0.8539159297943115,0.01,1.49
409125,0.9071086645126343,0.8539159297943115,0.01,1.49
409225,0.9071086645126343,0.8539159297943115,0.01,1.49
409325,0.9071086645126343,0.8539159297943115,0.01,1.49
409425,0.9071086645126343,0.8539159297943115,0.01,1.49
409525,0.9071086645126343,0.8539159297943115,0.01,1.49
409625,0.9071086645126343,0.8539159297943115,0.01,1.49
409725,0.9071086645126343,0.8539159297943115,0.01,1.49
409825,0.9071086645126343,0.8539159297943115,0.01,1.49
409925,0.9071086645126343,0.8539159297943115,0.01,1.49
410025,0.9071086645126343,0.8539159297943115,0.01,1.49
410125,0.9071086645126343,0.8539159297943115,0.01,1.49
410225,0.9071086645126343,0.8539159297943115,0.01,1.49
410325,0.9071086645126343,0.8539159297943115,0.01,1.49
410425,0.9071086645126343,0.8539159297943115,0.01,1.49
410525,0.9071086645126343,0.8539159297943115,0.01,1.49
410625,0.9071086645126343,0.8539159297943115,0.01,1.49
410725,0.9071086645126343,0.8539159297943115,0.01,1.49
410825,0.9071086645126343,0.8539159297943115,0.01,1.49
410925,0.9071086645126343,0.8539159297943115,0.01,1.49
411025,0.9071086645126343,0.8539159297943115,0.01,1.49
411125,0.9071086645126343,0.8539159297943115,0.01,1.49
411225,0.9071086645126343,0.8539159297943115,0.01,1.49
411325,0.9071086645126343,0.8539159297943115,0.01,1.49
411425,0.9071086645126343,0.8539159297943115,0.01,1.49
411525,0.9071086645126343,0.8539159297943115,0.01,1.49
411625,0.9071086645126343,0.8539159297943115,0.01,1.49
411725,0.9071086645126343,0.8539159297943115,0.01,1.49
411825,0.9071086645126343,0.8539159297943115,0.01,1.49
411925,0.9071086645126343,0.8539159297943115,0.01,1.49
412025,0.9071086645126343,0.8539159297943115,0.01,1.49
412125,0.9071086645126343,0.8539159297943115,0.01,1.49
412225,0.9071086645126343,0.8539159297943115,0.01,1.49
412325,0.9071086645126343,0.8539159297943115,0.01,1.49
412425,0.9071086645126343,0.8539159297943115,0.01,1.49
412525,0.9071086645126343,0.8539159297943115,0.01,1.49
412625,0.9071086645126343,0.8539159297943115,0.01,1.49
412725,0.9071086645126343,0.8539159297943115,0.01,1.49
412825,0.9071086645126343,0.8539159297943115,0.01,1.49
412925,0.9071086645126343,0.8539159297943115,0.01,1.49
413025,0.9071086645126343,0.8539159297943115,0.01,1.49
413125,0.9071086645126343,0.8539159297943115,0.01,1.49
413225,0.9071086645126343,0.8539159297943115,0.01,1.49
413325,0.9071086645126343,0.8539159297943115,0.01,1.49
413425,0.9071086645126343,0.8539159297943115,0.01,1.49
413525,0.9071086645126343,0.8539159297943115,0.01,1.49
413625,0.9071086645126343,0.8539159297943115,0.01,1.49
413725,0.9071086645126343,0.8539159297943115,0.01,1.49
413825,0.9071086645126343,0.8539159297943115,0.01,1.49
413925,0.9071086645126343,0.8539159297943115,0.01,1.49
414025,0.9071086645126343,0.8539159297943115,0.01,1.49
414125,0.9071086645126343,0.8539159297943115,0.01,1.49
414225,0.9071086645126343,0.8539159297943115,0.01,1.49
414325,0.9071086645126343,0.8539159297943115,0.01,1.49
414425,0.9071086645126343,0.8539159297943115,0.01,1.49
414525,0.9071086645126343,0.8539159297943115,0.01,1.49
414625,0.9071086645126343,0.8539159297943115,0.01,1.49
414725,0.9071086645126343,0.8539159297943115,0.01,1.49
414825,0.9071086645126343,0.8539159297943115,0.01,1.49
414925,0.9071086645126343,0.8539159297943115,0.01,1.49
415025,0.9071086645126343,0.8539159297943115,0.01,1.49
415125,0.9071086645126343,0.8539159297943115,0.01,1.49
415225,0.9071086645126343,0.8539159297943115,0.01,1.49
415325,0.9071086645126343,0.8539159297943115,0.01,1.49
415425,0.9071086645126343,0.8539159297943115,0.01,1.49
415525,0.9071086645126343,0.8539159297943115,0.01,1.49
415625,0.9071086645126343,0.8539159297943115,0.01,1.49
445725,0.9071086645126343,0.8539159297943115,0.01,1.50
445825,0.9071086645126343,0.8539159297943115,0.01,1.50
445925,0.9071086645126343,0.8539159297943115,0.01,1.50
446025,0.9071086645126343,0.8539159297943115,0.01,1.50
446125,0.9071086645126343,0.8539159297943115,0.01,1.50
446225,0.9071086645126343,0.8539159297943115,0.01,1.50
446325,0.9071086645126343,0.8539159297943115,0.01,1.50
446425,0.9071086645126343,0.8539159297943115,0.01,1.50
446525,0.9071086645126343,0.8539159297943115,0.01,1.50
446625,0.9071086645126343,0.8539159297943115,0.01,1.50
446725,0.9071086645126343,0.8539159297943115,0.01,1.50
446825,0.9071086645126343,0.8539159297943115,0.01,1.50
446925,0.9071086645126343,0.8539159297943115,0.01,1.50
447025,0.9071086645126343,0.8539159297943115,0.01,1.50
447125,0.9071086645126343,0.8539159297943115,0.01,1.50
447225,0.9071086645126343,0.8539159297943115,0.01,1.50
447325,0.9071086645126343,0.8539159297943115,0.01,1.50
447425,0.9071086645126343,0.8539159297943115,0.01,1.50
447525,0.9071086645126343,0.8539159297943115,0.01,1.50
447625,0.9071086645126343,0.8539159297943115,0.01,1.50
447725,0.9071086645126343,0.8539159297943115,0.01,1.50
447825,0.9071086645126343,0.8539159297943115,0.01,1.50
447925,0.9071086645126343,0.8539159297943115,0.01,1.50
448025,0.9071086645126343,0.8539159297943115,0.01,1.50
448125,0.9071086645126343,0.8539159297943115,0.01,1.50
448225,0.9071086645126343,0.8539159297943115,0.01,1.50
448325,0.9071086645126343,0.8539159297943115,0.01,1.50
448425,0.9071086645126343,0.8539159297943115,0.01,1.50
448525,0.9071086645126343,0.8539159297943115,0.01,1.50
448625,0.9071086645126343,0.8539159297943115,0.01,1.50
448725,0.9071086645126343,0.8539159297943115,0.01,1.50
448825,0.9071086645126343,0.8539159297943115,0.01,1.50
448925,0.9071086645126343,0.8539159297943115,0.01,1.50
449025,0.9071086645126343,0.8539159297943115,0.01,1.50
449125,0.9071086645126343,0.8539159297943115,0.01,1.50
449225,0.9071086645126343,0.8539159297943115,0.01,1.50
449325,0.9071086645126343,0.8539159297943115,0.01,1.50
449425,0.9071086645126343,0.8539159297943115,0.01,1.50
449525,0.9071086645126343,0.8539159297943115,0.01,1.50
449625,0.9071086645126343,0.8539159297943115,0.01,1.50
449725,0.9071086645126343,0.8539159297943115,0.01,1.50
449825,0.9071086645126343,0.8539159297943115,0.01,1.50
449925,0.9071086645126343,0.8539159297943115,0.01,1.50
450025,0.9071086645126343,0.8539159297943115,0.01,1.50
450125,0.9071086645126343,0.8539159297943115,0.01,1.50
450225,0.9071086645126343,0.8539159297943115,0.01,1.50
450325,0.9071086645126343,0.8539159297943115,0.01,1.50
450425,0.9071086645126343,0.8539159297943115,0.01,1.50
450525,0.9071086645126343,0.8539159297943115,0.01,1.50
450625,0.9071086645126343,0.8539159297943115,0.01,1.50
450725,0.9071086645126343,0.8539159297943115,0.01,1.50
450825,0.9071086645126343,0.8539159297943115,0.01,1.50
450925,0.9071086645126343,0.8539159297943115,0.01,1.50
451025,0.9071086645126343,0.8539159297943115,0.01,1.50
451125,0.9071086645126343,0.8539159297943115,0.01,1.50
451225,0.9071086645126343,0.8539159297943115,0.01,1.50
451325,0.9071086645126343,0.8539159297943115,0.01,1.50
451425,0.9071086645126343,0.8539159297943115,0.01,1.50
451525,0.9071086645126343,0.8539159297943115,0.01,1.50
451625,0.9071086645126343,0.8539159297943115,0.01,1.50
451725,0.9071086645126343,0.8539159297943115,0.01,1.50
451825,0.9071086645126343,0.8539159297943115,0.01,1.50
451925,0.9071086645126343,0.8539159297943115,0.01,1.50
452025,0.9071086645126343,0.8539159297943115,0.01,1.50
452125,0.9071086645126343,0.8539159297943115,0.01,1.50
452225,0.9071086645126343,0.8539159297943115,0.01,1.50
452325,0.9071086645126343,0.8539159297943115,0.01,1.50
452425,0.9071086645126343,0.8539159297943115,0.01,1.50
452525,0.9071086645126343,0.8539159297943115,0.01,1.50
452625,0.9071086645126343,0.8539159297943115,0.01,1.50
452725,0.9071086645126343,0.8539159297943115,0.01,1.50
452825,0.9071086645126343,0.8539159297943115,0.01,1.50
452925,0.9071086645126343,0.8539159297943115,0.01,1.50
453025,0.9071086645126343,0.8539159297943115,0.01,1.50
453125,0.9071086645126343,0.8539159297943115,0.01,1.50
453225,0.9071086645126343,0.8539159297943115,0.01,1.50
453325,0.9071086645126343,0.8539159297943115,0.01,1.50
453425,0.9071086645126343,0.8539159297943115,0.01,1.50
453525,0.9071086645126343,0.8539159297943115,0.01,1.50
453625,0.9071086645126343,0.8539159297943115,0.01,1.50
453725,0.9071086645126343,0.8539159297943115,0.01,1.50
453825,0.9071086645126343,0.8539159297943115,0.01,1.50
453925,0.9071086645126343,0.8539159297943115,0.01,1.50
454025,0.9071086645126343,0.8539159297943115,0.01,1.50
454125,0.9071086645126343,0.8539159297943115,0.01,1.50
454225,0.9071086645126343,0.8539159297943115,0.01,1.50
454325,0.9071086645126343,0.8539159297943115,0.01,1.50
454425,0.9071086645126343,0.8539159297943115,0.01,1.50
454525,0.9071086645126343,0.8539159297943115,0.01,1.50
454625,0.9071086645126343,0.8539159297943115,0.01,1.50
454725,0.9071086645126343,0.8539159297943115,0.01,1.50
454825,0.9071086645126343,0.8539159297943115,0.01,1.50
454925,0.9071086645126343,0.8539159297943115,0.01,1.50
455025,0.9071086645126343,0.8539159297943115,0.01,1.50
455125,0.9071086645126343,0.8539159297943115,0.01,1.50
455225,0.9071086645126343,0.8539159297943115,0.01,1.50
455325,0.9071086645126343,0.8539159297943115,0.01,1.50
455425,0.9071086645126343,0.8539159297943115,0.01,1.50
455525,0.9071086645126343,0.8539159297943115,0.01,1.50
455625,0.9071086645126343,0.8539159297943115,0.01,1.50
455725,0.9071086645126343,0.8539159297943115,0.01,1.50
455825,0.9071086645126343,0.8539159297943115,0.01,1.50
455925,0.9071086645126343,0.8539159297943115,0.01,1.50
456025,0.9071086645126343,0.8539159297943115,0.01,1.50
456125,0.9071086645126343,0.8539159297943115,0.01,1.50
456225,0.9071086645126343,0.8539159297943115,0.01,1.50
456325,0.9071086645126343,0.8539159297943115,0.01,1.50
456425,0.9071086645126343,0.8539159297943115,0.01,1.50
456525,0.9071086645126343,0.8539159297943115,0.01,1.50
456625,0.9071086645126343,0.8539159297943115,0.01,1.50
456725,0.9071086645126343,0.8539159297943115,0.01,1.50
456825,0.9071086645126343,0.8539159297943115,0.01,1.50
456925,0.9071086645126343,0.8539159297943115,0.01,1.50
457025,0.9071086645126343,0.8539159297943115,0.01,1.50
457125,0.9071086645126343,0.8539159297943115,0.01,1.50
457225,0.9071086645126343,0.8539159297943115,0.01,1.50
457325,0.9071086645126343,0.8539159297943115,0.01,1.50
457425,0.9071086645126343,0.8539159297943115,0.01,1.50
457525,0.9071086645126343,0.8539159297943115,0.01,1.50
457625,0.9071086645126343,0.8539159297943115,0.01,1.50
457725,0.9071086645126343,0.8539159297943115,0.01,1.50
457825,0.9071086645126343,0.8539159297943115,0.01,1.50
457925,0.9071086645126343,0.8539159297943115,0.01,1.50
458025,0.9071086645126343,0.8539159297943115,0.01,1.50
458125,0.9071086645126343,0.8539159297943115,0.01,1.50
458225,0.9071086645126343,0.8539159297943115,0.01,1.50
458325,0.9071086645126343,0.8539159297943115,0.01,1.50
458425,0.9071086645126343,0.8539159297943115,0.01,1.50
458525,0.9071086645126343,0.8539159297943115,0.01,1.50
458625,0.9071086645126343,0.8539159297943115,0.01,1.50
458725,0.9071086645126343,0.8539159297943115,0.01,1.50
458825,0.9071086645126343,0.8539159297943115,0.01,1.50
458925,0.9071086645126343,0.8539159297943115,0.01,1.50
459025,0.9071086645126343,0.8539159297943115,0.01,1.50
459125,0.9071086645126343,0.8539159297943115,0.01,1.50
459225,0.9071086645126343,0.8539159297943115,0.01,1.50
459325,0.9071086645126343,0.8539159297943115,0.01,1.50
459425,0.9071086645126343,0.8539159297943115,0.01,1.50
459525,0.9071086645126343,0.8539159297943115,0.01,1.50
459625,0.9071086645126343,0.8539159297943115,0.01,1.50
459725,0.9071086645126343,0.8539159297943115,0.01,1.50
459825,0.9071086645126343,0.8539159297943115,0.01,1.50
459925,0.9071086645126343,0.8539159297943115,0.01,1.50
460025,0.9071086645126343,0.8539159297943115,0.01,1.50
460125,0.9071086645126343,0.8539159297943115,0.01,1.50
460225,0.9071086645126343,0.8539159297943115,0.01,1.50
460325,0.9071086645126343,0.8539159297943115,0.01,1.50
460425,0.9071086645126343,0.8539159297943115,0.01,1.50
460525,0.9071086645126343,0.8539159297943115,0.01,1.50
460625,0.9071086645126343,0.8539159297943115,0.01,1.50
460725,0.9071086645126343,0.8539159297943115,0.01,1.50
460825,0.9071086645126343,0.8539159297943115,0.01,1.50
460925,0.9071086645126343,0.8539159297943115,0.01,1.50
461025,0.9071086645126343,0.8539159297943115,0.01,1.50
461125,0.9071086645126343,0.8539159297943115,0.01,1.50
461225,0.9071086645126343,0.8539159297943115,0.01,1.50
461325,0.9071086645126343,0.8539159297943115,0.01,1.50
461425,0.9071086645126343,0.8539159297943115,0.01,1.50
461525,0.9071086645126343,0.8539159297943115,0.01,1.50
461625,0.9071086645126343,0.8539159297943115,0.01,1.50
461725,0.9071086645126343,0.8539159297943115,0.01,1.50
461825,0.9071086645126343,0.8539159297943115,0.01,1.50
461925,0.9071086645126343,0.8539159297943115,0.01,1.50
462025,0.9071086645126343,0.8539159297943115,0.01,1.50
462125,0.9071086645126343,0.8539159297943115,0.01,1.50
462225,0.9071086645126343,0.8539159297943115,0.01,1.50
462325,0.9071086645126343,0.8539159297943115,0.01,1.50
462425,0.9071086645126343,0.8539159297943115,0.01,1.50
462525,0.9071086645126343,0.8539159297943115,0.01,1.50
462625,0.9071086645126343,0.8539159297943115,0.01,1.50
462725,0.9071086645126343,0.8539159297943115,0.01,1.50
462825,0.9071086645126343,0.8539159297943115,0.01,1.50
462925,0.9071086645126343,0.8539159297943115,0.01,1.50
463025,0.9071086645126343,0.8539159297943115,0.01,1.50
463125,0.9071086645126343,0.8539159297943115,0.01,1.50
463225,0.9071086645126343,0.8539159297943115,0.01,1.50
463325,0.9071086645126343,0.8539159297943115,0.01,1.50
463425,0.9071086645126343,0.8539159297943115,0.01,1.50
463525,0.9071086645126343,0.8539159297943115,0.01,1.50
463625,0.9071086645126343,0.8539159297943115,0.01,1.50
463725,0.9071086645126343,0.8539159297943115,0.01,1.50
463825,0.9071086645126343,0.8539159297943115,0.01,1.50
463925,0.9071086645126343,0.8539159297943115,0.01,1.50
464025,0.9071086645126343,0.8539159297943115,0.01,1.50
464125,0.9071086645126343,0.8539159297943115,0.01,1.50
464225,0.9071086645126343,0.8539159297943115,0.01,1.50
464325,0.9071086645126343,0.8539159297943115,0.01,1.50
464425,0.9071086645126343,0.8539159297943115,0.01,1.50
464525,0.9071086645126343,0.8539159297943115,0.01,1.50
464625,0.9071086645126343,0.8539159297943115,0.01,1.50
464725,0.9071086645126343,0.8539159297943115,0.01,1.50
464825,0.9071086645126343,0.8539159297943115,0.01,1.50
464925,0.9071086645126343,0.8539159297943115,0.01,1.50
465025,0.9071086645126343,0.8539159297943115,0.01,1.50
465125,0.9071086645126343,0.8539159297943115,0.01,1.50
465225,0.9071086645126343,0.8539159297943115,0.01,1.50
465325,0.9071086645126343,0.8539159297943115,0.01,1.50
465425,0.9071086645126343,0.8539159297943115,0.01,1.50
465525,0.9071086645126343,0.8539159297943115,0.01,1.50
465625,0.9071086645126343,0.8539159297943115,0.01,1.50
465725,0.9071086645126343,0.8539159297943115,0.01,1.50
465825,0.9071086645126343,0.8539159297943115,0.01,1.50
465925,0.9071086645126343,0.8539159297943115,0.01,1.50
466025,0.9071086645126343,0.8539159297943115,0.01,1.50
466125,0.9071086645126343,0.8539159297943115,0.01,1.50
466225,0.9071086645126343,0.8539159297943115,0.01,1.50
466325,0.9071086645126343,0.8539159297943115,0.01,1.50
466425,0.9071086645126343,0.8539159297943115,0.01,1.50
466525,0.9071086645126343,0.8539159297943115,0.01,1.50
466625,0.9071086645126343,0.8539159297943115,0.01,1.50
466725,0.9071086645126343,0.8539159297943115,0.01,1.50
466825,0.9071086645126343,0.8539159297943115,0.01,1.50
466925,0.9071086645126343,0.8539159297943115,0.01,1.50
467025,0.9071086645126343,0.8539159297943115,0.01,1.50
467125,0.9071086645126343,0.8539159297943115,0.01,1.50
467225,0.9071086645126343,0.8539159297943115,0.01,1.50
467325,0.9071086645126343,0.8539159297943115,0.01,1.50
467425,0.9071086645126343,0.8539159297943115,0.01,1.50
467525,0.9071086645126343,0.8539159297943115,0.01,1.50
467625,0.9071086645126343,0.8539159297943115,0.01,1.50
467725,0.9071086645126343,0.8539159297943115,0.01,1.50
467825,0.9071086645126343,0.8539159297943115,0.01,1.50
467925,0.9071086645126343,0.8539159297943115,0.01,1.50
468025,0.9071086645126343,0.8539159297943115,0.01,1.50
468125,0.9071086645126343,0.8539159297943115,0.01,1.50
468225,0.9071086645126343,0.8539159297943115,0.01,1.50
468325,0.9071086645126343,0.8539159297943115,0.01,1.50
468425,0.9071086645126343,0.8539159297943115,0.01,1.50
468525,0.9071086645126343,0.8539159297943115,0.01,1.50
468625,0.9071086645126343,0.8539159297943115,0.01,1.50
468725,0.9071086645126343,0.8539159297943115,0.01,1.50
468825,0.9071086645126343,0.8539159297943115,0.01,1.50
468925,0.9071086645126343,0.8539159297943115,0.01,1.50
469025,0.9071086645126343,0.8539159297943115,0.01,1.50
469125,0.9071086645126343,0.8539159297943115,0.01,1.50
469225,0.9071086645126343,0.8539159297943115,0.01,1.50
469325,0.9071086645126343,0.8539159297943115,0.01,1.50
469425,0.9071086645126343,0.8539159297943115,0.01,1.50
469525,0.9071086645126343,0.8539159297943115,0.01,1.50
469625,0.9071086645126343,0.8539159297943115,0.01,1.50
469725,0.9071086645126343,0.8539159297943115,0.01,1.50
469825,0.9071086645126343,0.8539159297943115,0.01,1.50
469925,0.9071086645126343,0.8539159297943115,0.01,1.50
470025,0.9071086645126343,0.8539159297943115,0.01,1.50
470125,0.9071086645126343,0.8539159297943115,0.01,1.50
470225,0.9071086645126343,0.8539159297943115,0.01,1.50
470325,0.9071086645126343,0.8539159297943115,0.01,1.50
470425,0.9071086645126343,0.8539159297943115,0.01,1.50
470525,0.9071086645126343,0.8539159297943115,0.01,1.50
470625,0.9071086645126343,0.8539159297943115,0.01,1.50
470725,0.9071086645126343,0.8539159297943115,0.01,1.50
470825,0.9071086645126343,0.8539159297943115,0.01,1.50
470925,0.9071086645126343,0.8539159297943115,0.01,1.50
471025,0.9071086645126343,0.8539159297943115,0.01,1.50
471125,0.9071086645126343,0.8539159297943115,0.01,1.50
471225,0.9071086645126343,0.8539159297943115,0.01,1.50
471325,0.9071086645126343,0.8539159297943115,0.01,1.50
471425,0.9071086645126343,0.8539159297943115,0.01,1.50
471525,0.9071086645126343,0.8539159297943115,0.01,1.50
471625,0.9071086645126343,0.8539159297943115,0.01,1.50
471725,0.9071086645126343,0.8539159297943115,0.01,1.50
471825,0.9071086645126343,0.8539159297943115,0.01,1.50
471925,0.9071086645126343,0.8539159297943115,0.01,1.50
472025,0.9071086645126343,0.8539159297943115,0.01,1.50
472125,0.9071086645126343,0.8539159297943115,0.01,1.50
472225,0.9071086645126343,0.8539159297943115,0.01,1.50
472325,0.9071086645126343,0.8539159297943115,0.01,1.50
472425,0.9071086645126343,0.8539159297943115,0.01,1.50
472525,0.9071086645126343,0.8539159297943115,0.01,1.50
472625,0.9071086645126343,0.8539159297943115,0.01,1.50
472725,0.9071086645126343,0.8539159297943115,0.01,1.50
472825,0.9071086645126343,0.8539159297943115,0.01,1.50
472925,0.9071086645126343,0.8539159297943115,0.01,1.50
473025,0.9071086645126343,0.8539159297943115,0.01,1.50
473125,0.9071086645126343,0.8539159297943115,0.01,1.50
473225,0.9071086645126343,0.8539159297943115,0.01,1.50
473325,0.9071086645126343,0.8539159297943115,0.01,1.50
473425,0.9071086645126343,0.8539159297943115,0.01,1.50
473525,0.9071086645126343,0.8539159297943115,0.01,1.50
473625,0.9071086645126343,0.8539159297943115,0.01,1.50
473725,0.9071086645126343,0.8539159297943115,0.01,1.50
473825,0.9071086645126343,0.8539159297943115,0.01,1.50
473925,0.9071086645126343,0.8539159297943115,0.01,1.50
474025,0.9071086645126343,0.8539159297943115,0.01,1.50
474125,0.9071086645126343,0.8539159297943115,0.01,1.50
474225,0.9071086645126343,0.8539159297943115,0.01,1.50
474325,0.9071086645126343,0.8539159297943115,0.01,1.50
474425,0.9071086645126343,0.8539159297943115,0.01,1.50
474525,0.9071086645126343,0.8539159297943115,0.01,1.50
474625,0.9071086645126343,0.8539159297943115,0.01,1.50
474725,0.9071086645126343,0.8539159297943115,0.01,1.50
474825,0.9071086645126343,0.8539159297943115,0.01,1.50
474925,0.9071086645126343,0.8539159297943115,0.01,1.50
475025,0.9071086645126343,0.8539159297943115,0.01,1.50
475125,0.9071086645126343,0.8539159297943115,0.01,1.50
475225,0.9071086645126343,0.8539159297943115,0.01,1.50
475325,0.9071086645126343,0.8539159297943115,0.01,1.50
475425,0.9071086645126343,0.8539159297943115,0.01,1.50
475525,0.9071086645126343,0.8539159297943115,0.01,1.50
475625,0.9071086645126343,0.8539159297943115,0.01,1.50
