evaluation,fitness,test_accuracy,uniqueness,time
0,0.15017658472061157,0.13950973749160767,1.0,0.91
100,0.15017658472061157,0.13950973749160767,1.0,0.91
200,0.15017658472061157,0.13950973749160767,1.0,0.91
300,0.15017658472061157,0.13950973749160767,1.0,0.91
400,0.15017658472061157,0.13950973749160767,1.0,0.91
500,0.15017658472061157,0.13950973749160767,1.0,0.91
600,0.15017658472061157,0.13950973749160767,1.0,0.91
700,0.15017658472061157,0.13950973749160767,1.0,0.91
800,0.15017658472061157,0.13950973749160767,1.0,0.91
900,0.15017658472061157,0.13950973749160767,1.0,0.91
1000,0.15017658472061157,0.13950973749160767,1.0,0.91
1100,0.15017658472061157,0.13950973749160767,1.0,0.91
1200,0.15017658472061157,0.13950973749160767,1.0,0.91
1300,0.15017658472061157,0.13950973749160767,1.0,0.91
1400,0.15017658472061157,0.13950973749160767,1.0,0.91
1500,0.15017658472061157,0.13950973749160767,1.0,0.91
1600,0.15017658472061157,0.13950973749160767,1.0,0.91
1700,0.15017658472061157,0.13950973749160767,1.0,0.91
1800,0.15017658472061157,0.13950973749160767,1.0,0.91
1900,0.15017658472061157,0.13950973749160767,1.0,0.91
2000,0.16138625144958496,0.17489910125732422,1.0,0.91
2100,0.16138625144958496,0.17489910125732422,1.0,0.91
2200,0.16138625144958496,0.17489910125732422,1.0,0.91
2300,0.16138625144958496,0.17489910125732422,1.0,0.91
2400,0.16138625144958496,0.17489910125732422,1.0,0.91
2500,0.16138625144958496,0.17489910125732422,1.0,0.91
2600,0.16138625144958496,0.17489910125732422,1.0,0.91
2700,0.16138625144958496,0.17489910125732422,1.0,0.91
2800,0.16138625144958496,0.17489910125732422,1.0,0.91
2900,0.16138625144958496,0.17489910125732422,1.0,0.91
3000,0.16138625144958496,0.17489910125732422,1.0,0.91
3100,0.16138625144958496,0.17489910125732422,1.0,0.91
3200,0.16138625144958496,0.17489910125732422,1.0,0.91
3300,0.16138625144958496,0.17489910125732422,1.0,0.91
3400,0.16138625144958496,0.17489910125732422,1.0,0.91
3500,0.16138625144958496,0.17489910125732422,1.0,0.91
3600,0.16138625144958496,0.17489910125732422,1.0,0.91
3700,0.16138625144958496,0.17489910125732422,1.0,0.91
3800,0.16138625144958496,0.17489910125732422,1.0,0.91
3900,0.16138625144958496,0.17489910125732422,1.0,0.91
4000,0.16138625144958496,0.17489910125732422,1.0,0.91
4100,0.16138625144958496,0.17489910125732422,1.0,0.91
4200,0.16138625144958496,0.17489910125732422,1.0,0.91
4300,0.16138625144958496,0.17489910125732422,1.0,0.91
4400,0.16138625144958496,0.17489910125732422,1.0,0.91
4500,0.16138625144958496,0.17489910125732422,1.0,0.91
4600,0.16138625144958496,0.17489910125732422,1.0,0.91
4700,0.16138625144958496,0.17489910125732422,1.0,0.91
4800,0.16138625144958496,0.17489910125732422,1.0,0.91
4900,0.16138625144958496,0.17489910125732422,1.0,0.91
5000,0.16138625144958496,0.17489910125732422,1.0,0.91
5100,0.16138625144958496,0.17489910125732422,1.0,0.91
5200,0.16138625144958496,0.17489910125732422,1.0,0.91
5300,0.16138625144958496,0.17489910125732422,1.0,0.91
5400,0.16138625144958496,0.17489910125732422,1.0,0.91
5500,0.16138625144958496,0.17489910125732422,1.0,0.91
5600,0.16138625144958496,0.17489910125732422,1.0,0.91
5700,0.16138625144958496,0.17489910125732422,1.0,0.91
5800,0.16138625144958496,0.17489910125732422,1.0,0.91
5900,0.16138625144958496,0.17489910125732422,1.0,0.91
6000,0.16138625144958496,0.17489910125732422,1.0,0.91
6100,0.16138625144958496,0.17489910125732422,1.0,0.91
6200,0.16138625144958496,0.17489910125732422,1.0,0.91
6300,0.16138625144958496,0.17489910125732422,1.0,0.91
6400,0.16138625144958496,0.17489910125732422,1.0,0.91
6500,0.16138625144958496,0.17489910125732422,1.0,0.91
6600,0.16138625144958496,0.17489910125732422,1.0,0.91
6700,0.16138625144958496,0.17489910125732422,1.0,0.91
6800,0.16138625144958496,0.17489910125732422,1.0,0.91
6900,0.16138625144958496,0.17489910125732422,1.0,0.91
7000,0.16138625144958496,0.17489910125732422,1.0,0.91
7100,0.16138625144958496,0.17489910125732422,1.0,0.91
7200,0.16138625144958496,0.17489910125732422,1.0,0.91
7300,0.16138625144958496,0.17489910125732422,1.0,0.91
7400,0.16138625144958496,0.17489910125732422,1.0,0.91
7500,0.16138625144958496,0.17489910125732422,1.0,0.91
7600,0.16138625144958496,0.17489910125732422,1.0,0.91
7700,0.16138625144958496,0.17489910125732422,1.0,0.91
7800,0.16138625144958496,0.17489910125732422,1.0,0.91
7900,0.16138625144958496,0.17489910125732422,1.0,0.91
8000,0.16138625144958496,0.17489910125732422,1.0,0.91
8100,0.16138625144958496,0.17489910125732422,1.0,0.91
8200,0.16138625144958496,0.17489910125732422,1.0,0.91
8300,0.16138625144958496,0.17489910125732422,1.0,0.91
8400,0.16138625144958496,0.17489910125732422,1.0,0.91
8500,0.16138625144958496,0.17489910125732422,1.0,0.91
8600,0.16138625144958496,0.17489910125732422,1.0,0.91
8700,0.16138625144958496,0.17489910125732422,1.0,0.91
8800,0.16138625144958496,0.17489910125732422,1.0,0.91
8900,0.16138625144958496,0.17489910125732422,1.0,0.91
9000,0.16138625144958496,0.17489910125732422,1.0,0.91
9100,0.33989471197128296,0.24614804983139038,1.0,0.91
9200,0.33989471197128296,0.24614804983139038,1.0,0.91
9300,0.33989471197128296,0.24614804983139038,1.0,0.91
9400,0.33989471197128296,0.24614804983139038,1.0,0.91
9500,0.33989471197128296,0.24614804983139038,1.0,0.91
9600,0.33989471197128296,0.24614804983139038,1.0,0.91
9700,0.33989471197128296,0.24614804983139038,1.0,0.91
9800,0.33989471197128296,0.24614804983139038,1.0,0.91
9900,0.5019478797912598,0.26790714263916016,1.0,0.91
10000,0.5019478797912598,0.26790714263916016,1.0,0.91
10100,0.5019478797912598,0.26790714263916016,1.0,0.91
10200,0.5019478797912598,0.26790714263916016,1.0,0.91
10300,0.5019478797912598,0.26790714263916016,1.0,0.91
10400,0.5019478797912598,0.26790714263916016,1.0,0.91
10500,0.5019478797912598,0.26790714263916016,1.0,0.91
10600,0.5019478797912598,0.26790714263916016,1.0,0.91
10700,0.5019478797912598,0.26790714263916016,1.0,0.91
10800,0.5019478797912598,0.26790714263916016,1.0,0.91
10900,0.5019478797912598,0.26790714263916016,1.0,0.91
11000,0.5019478797912598,0.26790714263916016,1.0,0.91
11100,0.5019478797912598,0.26790714263916016,1.0,0.91
11200,0.5019478797912598,0.26790714263916016,1.0,0.91
11300,0.5019478797912598,0.26790714263916016,1.0,0.91
11400,0.5019478797912598,0.26790714263916016,1.0,0.91
11500,0.5019478797912598,0.26790714263916016,1.0,0.91
11600,0.5019478797912598,0.26790714263916016,1.0,0.91
11700,0.5019478797912598,0.26790714263916016,1.0,0.91
11800,0.5019478797912598,0.26790714263916016,1.0,0.91
11900,0.5019478797912598,0.26790714263916016,1.0,0.91
12000,0.5019478797912598,0.26790714263916016,1.0,0.91
12100,0.5019478797912598,0.26790714263916016,1.0,0.91
12200,0.5019478797912598,0.26790714263916016,1.0,0.91
12300,0.5019478797912598,0.26790714263916016,1.0,0.91
12400,0.5019478797912598,0.26790714263916016,1.0,0.91
12500,0.5019478797912598,0.26790714263916016,1.0,0.91
12600,0.5019478797912598,0.26790714263916016,1.0,0.91
12700,0.5019478797912598,0.26790714263916016,1.0,0.91
12800,0.5019478797912598,0.26790714263916016,1.0,0.91
12900,0.5019478797912598,0.26790714263916016,1.0,0.91
13000,0.5019478797912598,0.26790714263916016,1.0,0.91
13100,0.5019478797912598,0.26790714263916016,1.0,0.91
13200,0.5019478797912598,0.26790714263916016,1.0,0.91
13300,0.5019478797912598,0.26790714263916016,1.0,0.91
13400,0.5019478797912598,0.26790714263916016,1.0,0.91
13500,0.5019478797912598,0.26790714263916016,1.0,0.91
13600,0.5019478797912598,0.26790714263916016,1.0,0.91
13700,0.5019478797912598,0.26790714263916016,1.0,0.91
13800,0.5019478797912598,0.26790714263916016,1.0,0.91
13900,0.5019478797912598,0.26790714263916016,1.0,0.91
14000,0.5019478797912598,0.26790714263916016,1.0,0.91
14100,0.5019478797912598,0.26790714263916016,1.0,0.91
14200,0.5019478797912598,0.26790714263916016,1.0,0.91
14300,0.5019478797912598,0.26790714263916016,1.0,0.91
14400,0.5019478797912598,0.26790714263916016,1.0,0.91
14500,0.5019478797912598,0.26790714263916016,1.0,0.91
14600,0.5019478797912598,0.26790714263916016,1.0,0.91
14700,0.5019478797912598,0.26790714263916016,1.0,0.91
14800,0.5019478797912598,0.26790714263916016,1.0,0.91
14900,0.5019478797912598,0.26790714263916016,1.0,0.91
15000,0.5019478797912598,0.26790714263916016,1.0,0.91
15100,0.5019478797912598,-1.9931581020355225,1.0,0.90
15200,0.5019478797912598,-1.9931581020355225,1.0,0.90
15300,0.5019478797912598,-1.9931581020355225,1.0,0.90
15400,0.5019478797912598,-1.9931581020355225,1.0,0.90
15500,0.5019478797912598,-1.9931581020355225,1.0,0.90
15600,0.5019478797912598,-1.9931581020355225,1.0,0.90
15700,0.5019478797912598,-1.9931581020355225,1.0,0.90
15800,0.5019478797912598,-1.9931581020355225,1.0,0.90
15900,0.5019478797912598,-1.9931581020355225,1.0,0.90
16000,0.5019478797912598,-1.9931581020355225,1.0,0.90
16100,0.5019478797912598,-1.9931581020355225,1.0,0.90
16200,0.5019478797912598,-1.9931581020355225,1.0,0.90
16300,0.5019478797912598,-1.9931581020355225,1.0,0.90
16400,0.5019478797912598,-1.9931581020355225,1.0,0.90
16500,0.5019478797912598,-1.9931581020355225,1.0,0.90
16600,0.5019478797912598,-1.9931581020355225,1.0,0.90
16700,0.5019478797912598,-1.9931581020355225,1.0,0.90
16800,0.5019478797912598,-1.9931581020355225,1.0,0.90
16900,0.5019478797912598,-1.9931581020355225,1.0,0.90
17000,0.5019478797912598,-1.9931581020355225,1.0,0.90
17100,0.5019478797912598,-1.9931581020355225,1.0,0.90
17200,0.5019478797912598,-1.9931581020355225,1.0,0.90
17300,0.5019478797912598,-1.9931581020355225,1.0,0.90
17400,0.5019478797912598,-1.9931581020355225,1.0,0.90
17500,0.5019478797912598,-1.9931581020355225,1.0,0.90
17600,0.5019478797912598,-1.9931581020355225,1.0,0.90
17700,0.5019478797912598,-1.9931581020355225,1.0,0.90
17800,0.5019478797912598,-1.9931581020355225,1.0,0.90
17900,0.5019478797912598,-1.9931581020355225,1.0,0.90
18000,0.5019478797912598,-1.9931581020355225,1.0,0.90
18100,0.5019478797912598,-1.9931581020355225,1.0,0.90
18200,0.5019478797912598,-1.9931581020355225,1.0,0.90
18300,0.5019478797912598,-1.9931581020355225,1.0,0.90
18400,0.5019478797912598,-1.9931581020355225,1.0,0.90
18500,0.5019478797912598,-1.9931581020355225,1.0,0.90
18600,0.5019478797912598,-1.9931581020355225,1.0,0.90
18700,0.5019478797912598,-1.9931581020355225,1.0,0.90
18800,0.5019478797912598,-1.9931581020355225,1.0,0.90
18900,0.5019478797912598,-1.9931581020355225,1.0,0.90
19000,0.5019478797912598,-1.9931581020355225,1.0,0.90
19100,0.5019478797912598,-1.9931581020355225,1.0,0.90
19200,0.5019478797912598,-1.9931581020355225,1.0,0.90
19300,0.5019478797912598,-1.9931581020355225,1.0,0.90
19400,0.5019478797912598,-1.9931581020355225,1.0,0.90
19500,0.5019478797912598,-1.9931581020355225,1.0,0.90
19600,0.5019478797912598,-1.9931581020355225,1.0,0.90
19700,0.5019478797912598,-1.9931581020355225,1.0,0.90
19800,0.5019478797912598,-1.9931581020355225,1.0,0.90
19900,0.5019478797912598,-1.9931581020355225,1.0,0.90
20000,0.5019478797912598,-1.9931581020355225,1.0,0.90
20100,0.5019478797912598,-1.9931581020355225,1.0,0.90
20200,0.5019478797912598,-1.9931581020355225,1.0,0.90
20300,0.5019478797912598,-1.9931581020355225,1.0,0.90
20400,0.5019478797912598,-1.9931581020355225,1.0,0.90
20500,0.5019478797912598,-1.9931581020355225,1.0,0.90
20600,0.5019478797912598,-1.9931581020355225,1.0,0.90
20700,0.5019478797912598,-1.9931581020355225,1.0,0.90
20800,0.5019478797912598,-1.9931581020355225,1.0,0.90
20900,0.5019478797912598,-1.9931581020355225,1.0,0.90
21000,0.5019478797912598,-1.9931581020355225,1.0,0.90
21100,0.5019478797912598,-1.9931581020355225,1.0,0.90
21200,0.5019478797912598,-1.9931581020355225,1.0,0.90
21300,0.5019478797912598,-1.9931581020355225,1.0,0.90
21400,0.5019478797912598,-1.9931581020355225,1.0,0.90
21500,0.5019478797912598,-1.9931581020355225,1.0,0.90
21600,0.5019478797912598,-1.9931581020355225,1.0,0.90
21700,0.5019478797912598,-1.9931581020355225,1.0,0.90
21800,0.5019478797912598,-1.9931581020355225,1.0,0.90
21900,0.5019478797912598,-1.9931581020355225,1.0,0.90
22000,0.5019478797912598,-1.9931581020355225,1.0,0.90
22100,0.5019478797912598,-1.9931581020355225,1.0,0.90
22200,0.5019478797912598,-1.9931581020355225,1.0,0.90
22300,0.5019478797912598,-1.9931581020355225,1.0,0.90
22400,0.5019478797912598,-1.9931581020355225,1.0,0.90
22500,0.5019478797912598,-1.9931581020355225,1.0,0.90
22600,0.5019478797912598,-1.9931581020355225,1.0,0.90
22700,0.5019478797912598,-1.9931581020355225,1.0,0.90
22800,0.5019478797912598,-1.9931581020355225,1.0,0.90
22900,0.5019478797912598,-1.9931581020355225,1.0,0.90
23000,0.5019478797912598,-1.9931581020355225,1.0,0.90
23100,0.5019478797912598,-1.9931581020355225,1.0,0.90
23200,0.5019478797912598,-1.9931581020355225,1.0,0.90
23300,0.5019478797912598,-1.9931581020355225,1.0,0.90
23400,0.5019478797912598,-1.9931581020355225,1.0,0.90
23500,0.5019478797912598,-1.9931581020355225,1.0,0.90
23600,0.5019478797912598,-1.9931581020355225,1.0,0.90
23700,0.5019478797912598,-1.9931581020355225,1.0,0.90
23800,0.5019478797912598,-1.9931581020355225,1.0,0.90
23900,0.5019478797912598,-1.9931581020355225,1.0,0.90
24000,0.5019478797912598,-1.9931581020355225,1.0,0.90
24100,0.5019478797912598,-1.9931581020355225,1.0,0.90
24200,0.5019478797912598,-1.9931581020355225,1.0,0.90
24300,0.5019478797912598,-1.9931581020355225,1.0,0.90
24400,0.5019478797912598,-1.9931581020355225,1.0,0.90
24500,0.5019478797912598,-1.9931581020355225,1.0,0.90
24600,0.5019478797912598,-1.9931581020355225,1.0,0.90
24700,0.5019478797912598,-1.9931581020355225,1.0,0.90
24800,0.5019478797912598,-1.9931581020355225,1.0,0.90
24900,0.5019478797912598,-1.9931581020355225,1.0,0.90
25000,0.5019478797912598,-1.9931581020355225,1.0,0.90
25100,0.5019478797912598,-1.9931581020355225,1.0,0.90
25200,0.5019478797912598,-1.9931581020355225,1.0,0.90
25300,0.5019478797912598,-1.9931581020355225,1.0,0.90
25400,0.5019478797912598,-1.9931581020355225,1.0,0.90
25500,0.5019478797912598,-1.9931581020355225,1.0,0.90
25600,0.5019478797912598,-1.9931581020355225,1.0,0.90
25700,0.5019478797912598,-1.9931581020355225,1.0,0.90
25800,0.5019478797912598,-1.9931581020355225,1.0,0.90
25900,0.5019478797912598,-1.9931581020355225,1.0,0.90
26000,0.5019478797912598,-1.9931581020355225,1.0,0.90
26100,0.5019478797912598,-1.9931581020355225,1.0,0.90
26200,0.5019478797912598,-1.9931581020355225,1.0,0.90
26300,0.5019478797912598,-1.9931581020355225,1.0,0.90
26400,0.5019478797912598,-1.9931581020355225,1.0,0.90
26500,0.5019478797912598,-1.9931581020355225,1.0,0.90
26600,0.5019478797912598,-1.9931581020355225,1.0,0.90
26700,0.5019478797912598,-1.9931581020355225,1.0,0.90
26800,0.5019478797912598,-1.9931581020355225,1.0,0.90
26900,0.5019478797912598,-1.9931581020355225,1.0,0.90
27000,0.5019478797912598,-1.9931581020355225,1.0,0.90
27100,0.5019478797912598,-1.9931581020355225,1.0,0.90
27200,0.5019478797912598,-1.9931581020355225,1.0,0.90
27300,0.5019478797912598,-1.9931581020355225,1.0,0.90
27400,0.5019478797912598,-1.9931581020355225,1.0,0.90
27500,0.5019478797912598,-1.9931581020355225,1.0,0.90
27600,0.5019478797912598,-1.9931581020355225,1.0,0.90
27700,0.5019478797912598,-1.9931581020355225,1.0,0.90
27800,0.5019478797912598,-1.9931581020355225,1.0,0.90
27900,0.5019478797912598,-1.9931581020355225,1.0,0.90
28000,0.5019478797912598,-1.9931581020355225,1.0,0.90
28100,0.5019478797912598,-1.9931581020355225,1.0,0.90
28200,0.5019478797912598,-1.9931581020355225,1.0,0.90
28300,0.5019478797912598,-1.9931581020355225,1.0,0.90
28400,0.5019478797912598,-1.9931581020355225,1.0,0.90
28500,0.5019478797912598,-1.9931581020355225,1.0,0.90
28600,0.5019478797912598,-1.9931581020355225,1.0,0.90
28700,0.5019478797912598,-1.9931581020355225,1.0,0.90
28800,0.5019478797912598,-1.9931581020355225,1.0,0.90
28900,0.5019478797912598,-1.9931581020355225,1.0,0.90
29000,0.5019478797912598,-1.9931581020355225,1.0,0.90
29100,0.5019478797912598,-1.9931581020355225,1.0,0.90
29200,0.5019478797912598,-1.9931581020355225,1.0,0.90
29300,0.5019478797912598,-1.9931581020355225,1.0,0.90
29400,0.5019478797912598,-1.9931581020355225,1.0,0.90
29500,0.5019478797912598,-1.9931581020355225,1.0,0.90
29600,0.5019478797912598,-1.9931581020355225,1.0,0.90
29700,0.5019478797912598,-1.9931581020355225,1.0,0.90
29800,0.5019478797912598,-1.9931581020355225,1.0,0.90
29900,0.5019478797912598,-1.9931581020355225,1.0,0.90
30000,0.5019478797912598,-1.9931581020355225,1.0,0.90
30100,0.5019478797912598,-1.9931581020355225,1.0,0.90
37089,0.5019478797912598,0.26790714263916016,0.77,0.92
37189,0.5019478797912598,0.26790714263916016,0.86,0.92
37289,0.5019478797912598,0.26790714263916016,0.95,0.92
37389,0.5019478797912598,0.26790714263916016,0.96,0.92
37489,0.5019478797912598,0.26790714263916016,0.97,0.92
37589,0.5019478797912598,0.26790714263916016,0.99,0.92
37689,0.5019478797912598,0.26790714263916016,1.0,0.92
37789,0.5019478797912598,0.26790714263916016,1.0,0.92
37889,0.5019478797912598,0.26790714263916016,1.0,0.92
37989,0.5050153136253357,0.4228004813194275,1.0,0.92
38089,0.5050153136253357,0.4228004813194275,1.0,0.92
38189,0.5050153136253357,0.4228004813194275,1.0,0.92
38289,0.5050153136253357,0.4228004813194275,1.0,0.92
38389,0.5050153136253357,0.4228004813194275,1.0,0.92
38489,0.5050153136253357,0.4228004813194275,1.0,0.92
38589,0.5050153136253357,0.4228004813194275,1.0,0.92
38689,0.5050153136253357,0.4228004813194275,1.0,0.92
38789,0.5050153136253357,0.4228004813194275,1.0,0.92
38889,0.5050153136253357,0.4228004813194275,1.0,0.92
38989,0.5050153136253357,0.4228004813194275,1.0,0.92
39089,0.5050153136253357,0.4228004813194275,1.0,0.92
39189,0.5050153136253357,0.4228004813194275,1.0,0.92
39289,0.5050153136253357,0.4228004813194275,1.0,0.92
39389,0.5050153136253357,0.4228004813194275,1.0,0.92
39489,0.5050153136253357,0.4228004813194275,1.0,0.92
39589,0.5050153136253357,0.4228004813194275,1.0,0.92
39689,0.5050153136253357,0.4228004813194275,1.0,0.92
39789,0.5050153136253357,0.4228004813194275,1.0,0.92
39889,0.5050153136253357,0.4228004813194275,1.0,0.92
39989,0.5050153136253357,0.4228004813194275,1.0,0.92
40089,0.5050153136253357,0.4228004813194275,1.0,0.92
40189,0.5050153136253357,0.4228004813194275,1.0,0.92
40289,0.5050153136253357,0.4228004813194275,1.0,0.92
40389,0.5050153136253357,0.4228004813194275,1.0,0.92
40489,0.5050153136253357,0.4228004813194275,1.0,0.92
40589,0.5050153136253357,0.4228004813194275,1.0,0.92
40689,0.5050153136253357,0.4228004813194275,1.0,0.92
40789,0.5050153136253357,0.4228004813194275,1.0,0.92
40889,0.5050153136253357,0.4228004813194275,1.0,0.92
40989,0.5050153136253357,0.4228004813194275,1.0,0.92
41089,0.5050153136253357,0.4228004813194275,1.0,0.92
41189,0.5050153136253357,0.4228004813194275,1.0,0.92
41289,0.5050153136253357,0.4228004813194275,1.0,0.92
41389,0.5050153136253357,0.4228004813194275,1.0,0.92
41489,0.5050153136253357,0.4228004813194275,1.0,0.92
41589,0.5050153136253357,0.4228004813194275,1.0,0.92
41689,0.5050153136253357,0.4228004813194275,1.0,0.92
41789,0.5050153136253357,0.4228004813194275,1.0,0.92
41889,0.5050153136253357,0.4228004813194275,1.0,0.92
41989,0.5050153136253357,0.4228004813194275,1.0,0.92
42089,0.5050153136253357,0.4228004813194275,1.0,0.92
42189,0.5050153136253357,0.4228004813194275,1.0,0.92
42289,0.5050153136253357,0.4228004813194275,1.0,0.92
42389,0.5050153136253357,0.4228004813194275,1.0,0.92
42489,0.5050153136253357,0.4228004813194275,1.0,0.92
42589,0.5050153136253357,0.4228004813194275,1.0,0.92
42689,0.5050153136253357,0.4228004813194275,1.0,0.92
42789,0.5050153136253357,0.4228004813194275,1.0,0.92
42889,0.5050153136253357,0.4228004813194275,1.0,0.92
42989,0.5050153136253357,0.4228004813194275,1.0,0.92
43089,0.5050153136253357,0.4228004813194275,1.0,0.92
43189,0.5050153136253357,0.4228004813194275,1.0,0.92
43289,0.5050153136253357,0.4228004813194275,1.0,0.92
43389,0.5050153136253357,0.4228004813194275,1.0,0.92
43489,0.5050153136253357,0.4228004813194275,1.0,0.92
43589,0.5050153136253357,0.4228004813194275,1.0,0.92
43689,0.5050153136253357,0.4228004813194275,1.0,0.92
43789,0.5050153136253357,0.4228004813194275,1.0,0.92
43889,0.5050153136253357,0.4228004813194275,1.0,0.92
43989,0.5050153136253357,0.4228004813194275,1.0,0.92
44089,0.5050153136253357,0.4228004813194275,1.0,0.92
44189,0.5050153136253357,0.4228004813194275,1.0,0.92
44289,0.5050153136253357,0.4228004813194275,1.0,0.92
44389,0.5050153136253357,0.4228004813194275,1.0,0.92
44489,0.5050153136253357,0.4228004813194275,1.0,0.92
44589,0.5050153136253357,0.4228004813194275,1.0,0.92
44689,0.5050153136253357,0.4228004813194275,1.0,0.92
44789,0.5050153136253357,0.4228004813194275,1.0,0.92
44889,0.5050153136253357,0.4228004813194275,1.0,0.92
44989,0.5050153136253357,0.4228004813194275,1.0,0.92
45089,0.5050153136253357,0.4228004813194275,1.0,0.92
45189,0.5050153136253357,0.4228004813194275,1.0,0.92
45289,0.5050153136253357,0.4228004813194275,1.0,0.92
45389,0.5050153136253357,0.4228004813194275,1.0,0.92
45489,0.5050153136253357,0.4228004813194275,1.0,0.92
45589,0.5050153136253357,0.4228004813194275,1.0,0.92
45689,0.5050153136253357,0.4228004813194275,1.0,0.92
45789,0.5050153136253357,0.4228004813194275,1.0,0.92
45889,0.5050153136253357,0.4228004813194275,1.0,0.92
45989,0.5050153136253357,0.4228004813194275,1.0,0.92
46089,0.5050153136253357,0.4228004813194275,1.0,0.92
46189,0.5050153136253357,0.4228004813194275,1.0,0.92
46289,0.5050153136253357,0.4228004813194275,1.0,0.92
46389,0.5050153136253357,0.4228004813194275,1.0,0.92
46489,0.5050153136253357,0.4228004813194275,1.0,0.92
46589,0.5050153136253357,0.4228004813194275,1.0,0.92
46689,0.5050153136253357,0.4228004813194275,1.0,0.92
46789,0.5050153136253357,0.4228004813194275,1.0,0.92
46889,0.5050153136253357,0.4228004813194275,1.0,0.92
46989,0.5050153136253357,0.4228004813194275,1.0,0.92
47089,0.5050153136253357,0.4228004813194275,1.0,0.92
47189,0.5050153136253357,0.4228004813194275,1.0,0.92
47289,0.5050153136253357,0.4228004813194275,1.0,0.92
47389,0.5050153136253357,0.4228004813194275,1.0,0.92
47489,0.5050153136253357,0.4228004813194275,1.0,0.92
47589,0.5050153136253357,0.4228004813194275,1.0,0.92
47689,0.5050153136253357,0.4228004813194275,1.0,0.92
47789,0.5050153136253357,0.4228004813194275,1.0,0.92
47889,0.5050153136253357,0.4228004813194275,1.0,0.92
47989,0.5050153136253357,0.4228004813194275,1.0,0.92
48089,0.5050153136253357,0.4228004813194275,1.0,0.92
48189,0.5050153136253357,0.4228004813194275,1.0,0.92
48289,0.5050153136253357,0.4228004813194275,1.0,0.92
48389,0.5050153136253357,0.4228004813194275,1.0,0.92
48489,0.5050153136253357,0.4228004813194275,1.0,0.92
48589,0.5050153136253357,0.4228004813194275,1.0,0.92
48689,0.5050153136253357,0.4228004813194275,1.0,0.92
48789,0.5050153136253357,0.4228004813194275,1.0,0.92
48889,0.5050153136253357,0.4228004813194275,1.0,0.92
48989,0.5050153136253357,0.4228004813194275,1.0,0.92
49089,0.5050153136253357,0.4228004813194275,1.0,0.92
49189,0.5050153136253357,0.4228004813194275,1.0,0.92
49289,0.5050153136253357,0.4228004813194275,1.0,0.92
49389,0.5050153136253357,0.4228004813194275,1.0,0.92
49489,0.5050153136253357,0.4228004813194275,1.0,0.92
49589,0.5050153136253357,0.4228004813194275,1.0,0.92
49689,0.5050153136253357,0.4228004813194275,1.0,0.92
49789,0.5050153136253357,0.4228004813194275,1.0,0.92
49889,0.5050153136253357,0.4228004813194275,1.0,0.92
49989,0.5050153136253357,0.4228004813194275,1.0,0.92
50089,0.5050153136253357,0.4228004813194275,1.0,0.92
50189,0.5050153136253357,0.4228004813194275,1.0,0.92
50289,0.5050153136253357,0.4228004813194275,1.0,0.92
50389,0.5050153136253357,0.4228004813194275,1.0,0.92
50489,0.5050153136253357,0.4228004813194275,1.0,0.92
50589,0.5050153136253357,0.4228004813194275,1.0,0.92
50689,0.5050153136253357,0.4228004813194275,1.0,0.92
50789,0.5050153136253357,0.4228004813194275,1.0,0.92
50889,0.5050153136253357,0.4228004813194275,1.0,0.92
50989,0.5050153136253357,0.4228004813194275,1.0,0.92
51089,0.5050153136253357,0.4228004813194275,1.0,0.92
51189,0.5050153136253357,0.4228004813194275,1.0,0.92
51289,0.5050153136253357,0.4228004813194275,1.0,0.92
51389,0.5050153136253357,0.4228004813194275,1.0,0.92
51489,0.5050153136253357,0.4228004813194275,1.0,0.92
51589,0.5050153136253357,0.4228004813194275,1.0,0.92
51689,0.5050153136253357,0.4228004813194275,1.0,0.92
51789,0.5050153136253357,0.4228004813194275,1.0,0.92
51889,0.5050153136253357,0.4228004813194275,1.0,0.92
51989,0.5050153136253357,0.4228004813194275,1.0,0.92
52089,0.5050153136253357,0.4228004813194275,1.0,0.92
52189,0.5050153136253357,0.26790714263916016,0.78,0.88
52289,0.5050153136253357,0.26790714263916016,0.85,0.88
52389,0.5050153136253357,0.26790714263916016,0.93,0.88
52489,0.5050153136253357,0.26790714263916016,0.97,0.88
52589,0.5050153136253357,0.26790714263916016,0.97,0.88
52689,0.5050153136253357,0.26790714263916016,0.98,0.88
52789,0.5050153136253357,0.26790714263916016,0.98,0.88
52889,0.5050153136253357,0.26790714263916016,0.98,0.88
52989,0.5050153136253357,0.26790714263916016,0.98,0.88
53089,0.5050153136253357,0.26790714263916016,0.98,0.88
53189,0.5050153136253357,0.26790714263916016,0.98,0.88
53289,0.5050153136253357,0.26790714263916016,0.98,0.88
53389,0.5050153136253357,0.26790714263916016,0.98,0.88
53489,0.5050153136253357,0.26790714263916016,0.98,0.88
53589,0.5050153136253357,0.26790714263916016,0.98,0.88
53689,0.5050153136253357,0.26790714263916016,0.98,0.88
53789,0.5050153136253357,0.26790714263916016,0.98,0.88
53889,0.5050153136253357,0.26790714263916016,0.98,0.88
53989,0.5050153136253357,0.26790714263916016,0.98,0.88
54089,0.5050153136253357,0.26790714263916016,0.98,0.88
54189,0.5050153136253357,0.26790714263916016,0.98,0.88
54289,0.5050153136253357,0.26790714263916016,0.98,0.88
54389,0.5050153136253357,0.26790714263916016,0.98,0.88
54489,0.5050153136253357,0.26790714263916016,0.98,0.88
54589,0.5050153136253357,0.26790714263916016,0.98,0.88
54689,0.5050153136253357,0.26790714263916016,0.98,0.88
54789,0.5050153136253357,0.26790714263916016,0.98,0.88
54889,0.5050153136253357,0.26790714263916016,0.98,0.88
54989,0.5050153136253357,0.26790714263916016,0.98,0.88
55089,0.5050153136253357,0.26790714263916016,0.98,0.88
55189,0.5050153136253357,0.26790714263916016,0.98,0.88
55289,0.5050153136253357,0.26790714263916016,0.98,0.88
55389,0.5050153136253357,0.26790714263916016,0.98,0.88
55489,0.5050153136253357,0.26790714263916016,0.98,0.88
55589,0.5050153136253357,0.26790714263916016,0.98,0.88
55689,0.5050153136253357,0.26790714263916016,0.98,0.88
55789,0.5050153136253357,0.26790714263916016,0.98,0.88
55889,0.5050153136253357,0.26790714263916016,0.98,0.88
55989,0.5050153136253357,0.26790714263916016,0.98,0.88
56089,0.5050153136253357,0.26790714263916016,0.98,0.88
56189,0.5050153136253357,0.26790714263916016,0.98,0.88
56289,0.5050153136253357,0.26790714263916016,0.98,0.88
56389,0.5050153136253357,0.26790714263916016,0.98,0.88
56489,0.5050153136253357,0.26790714263916016,0.98,0.88
56589,0.5050153136253357,0.26790714263916016,0.98,0.88
56689,0.5050153136253357,0.26790714263916016,0.98,0.88
56789,0.5050153136253357,0.26790714263916016,0.98,0.88
56889,0.5050153136253357,0.26790714263916016,0.98,0.88
56989,0.5050153136253357,0.26790714263916016,0.98,0.88
57089,0.5050153136253357,0.26790714263916016,0.98,0.88
57189,0.5050153136253357,0.26790714263916016,0.98,0.88
57289,0.5050153136253357,0.26790714263916016,0.98,0.88
57389,0.5050153136253357,0.26790714263916016,0.98,0.88
57489,0.5050153136253357,0.26790714263916016,0.98,0.88
57589,0.5050153136253357,0.26790714263916016,0.98,0.88
57689,0.5050153136253357,0.26790714263916016,0.98,0.88
57789,0.5050153136253357,0.26790714263916016,0.98,0.88
57889,0.5050153136253357,0.26790714263916016,0.98,0.88
57989,0.5050153136253357,0.26790714263916016,0.98,0.88
58089,0.5050153136253357,0.26790714263916016,0.98,0.88
58189,0.5050153136253357,0.26790714263916016,0.98,0.88
58289,0.5050153136253357,0.26790714263916016,0.98,0.88
58389,0.5050153136253357,0.26790714263916016,0.98,0.88
58489,0.5050153136253357,0.26790714263916016,0.98,0.88
58589,0.5050153136253357,0.26790714263916016,0.98,0.88
58689,0.5050153136253357,0.26790714263916016,0.98,0.88
58789,0.5050153136253357,0.26790714263916016,0.98,0.88
58889,0.5050153136253357,0.26790714263916016,0.98,0.88
58989,0.5050153136253357,0.26790714263916016,0.98,0.88
59089,0.5050153136253357,0.26790714263916016,0.98,0.88
59189,0.5050153136253357,0.26790714263916016,0.98,0.88
59289,0.5050153136253357,0.26790714263916016,0.98,0.88
59389,0.5050153136253357,0.26790714263916016,0.98,0.88
59489,0.5050153136253357,0.26790714263916016,0.98,0.88
59589,0.5050153136253357,0.26790714263916016,0.98,0.88
59689,0.5050153136253357,0.26790714263916016,0.98,0.88
59789,0.5050153136253357,0.26790714263916016,0.98,0.88
59889,0.5050153136253357,0.26790714263916016,0.98,0.88
59989,0.5050153136253357,0.26790714263916016,0.98,0.88
60089,0.5050153136253357,0.26790714263916016,0.98,0.88
60189,0.5050153136253357,0.26790714263916016,0.98,0.88
60289,0.5050153136253357,0.26790714263916016,0.98,0.88
60389,0.5050153136253357,0.26790714263916016,0.98,0.88
60489,0.5050153136253357,0.26790714263916016,0.98,0.88
60589,0.5050153136253357,0.26790714263916016,0.98,0.88
60689,0.5050153136253357,0.26790714263916016,0.98,0.88
60789,0.5050153136253357,0.26790714263916016,0.98,0.88
60889,0.5050153136253357,0.26790714263916016,0.98,0.88
60989,0.5050153136253357,0.26790714263916016,0.98,0.88
61089,0.5050153136253357,0.26790714263916016,0.98,0.88
61189,0.5050153136253357,0.26790714263916016,0.98,0.88
61289,0.5050153136253357,0.26790714263916016,0.98,0.88
61389,0.5050153136253357,0.26790714263916016,0.98,0.88
61489,0.5050153136253357,0.26790714263916016,0.98,0.88
61589,0.5050153136253357,0.26790714263916016,0.98,0.88
61689,0.5050153136253357,0.26790714263916016,0.98,0.88
61789,0.5050153136253357,0.26790714263916016,0.98,0.88
61889,0.5050153136253357,0.26790714263916016,0.98,0.88
61989,0.5050153136253357,0.26790714263916016,0.98,0.88
62089,0.5050153136253357,0.26790714263916016,0.98,0.88
62189,0.5050153136253357,0.26790714263916016,0.98,0.88
62289,0.5050153136253357,0.26790714263916016,0.98,0.88
62389,0.5050153136253357,0.26790714263916016,0.98,0.88
62489,0.5050153136253357,0.26790714263916016,0.98,0.88
62589,0.5050153136253357,0.26790714263916016,0.98,0.88
62689,0.5050153136253357,0.26790714263916016,0.98,0.88
62789,0.5050153136253357,0.26790714263916016,0.98,0.88
62889,0.5050153136253357,0.26790714263916016,0.98,0.88
62989,0.5050153136253357,0.26790714263916016,0.98,0.88
63089,0.5050153136253357,0.26790714263916016,0.98,0.88
63189,0.5050153136253357,0.26790714263916016,0.98,0.88
63289,0.5050153136253357,0.26790714263916016,0.98,0.88
63389,0.5050153136253357,0.26790714263916016,0.98,0.88
63489,0.5050153136253357,0.26790714263916016,0.98,0.88
63589,0.5050153136253357,0.26790714263916016,0.98,0.88
63689,0.5050153136253357,0.26790714263916016,0.98,0.88
63789,0.5050153136253357,0.26790714263916016,0.98,0.88
63889,0.5050153136253357,0.26790714263916016,0.98,0.88
63989,0.5050153136253357,0.26790714263916016,0.98,0.88
64089,0.5050153136253357,0.26790714263916016,0.98,0.88
64189,0.5050153136253357,0.26790714263916016,0.98,0.88
64289,0.5050153136253357,0.26790714263916016,0.98,0.88
64389,0.5050153136253357,0.26790714263916016,0.98,0.88
64489,0.5050153136253357,0.26790714263916016,0.98,0.88
64589,0.5050153136253357,0.26790714263916016,0.98,0.88
64689,0.5050153136253357,0.26790714263916016,0.98,0.88
64789,0.5050153136253357,0.26790714263916016,0.98,0.88
64889,0.5050153136253357,0.26790714263916016,0.98,0.88
64989,0.5050153136253357,0.26790714263916016,0.98,0.88
65089,0.5050153136253357,0.26790714263916016,0.98,0.88
65189,0.5050153136253357,0.26790714263916016,0.98,0.88
65289,0.5050153136253357,0.26790714263916016,0.98,0.88
65389,0.5050153136253357,0.26790714263916016,0.98,0.88
65489,0.5050153136253357,0.26790714263916016,0.98,0.88
65589,0.5050153136253357,0.26790714263916016,0.98,0.88
65689,0.5050153136253357,0.26790714263916016,0.98,0.88
65789,0.5050153136253357,0.26790714263916016,0.98,0.88
65889,0.5050153136253357,0.26790714263916016,0.98,0.88
65989,0.5050153136253357,0.26790714263916016,0.98,0.88
66089,0.5050153136253357,0.26790714263916016,0.98,0.88
66189,0.5050153136253357,0.26790714263916016,0.98,0.88
66289,0.5050153136253357,0.26790714263916016,0.98,0.88
66389,0.5050153136253357,0.26790714263916016,0.98,0.88
66489,0.5050153136253357,0.26790714263916016,0.98,0.88
66589,0.5050153136253357,0.26790714263916016,0.98,0.88
66689,0.5050153136253357,0.26790714263916016,0.98,0.88
66789,0.5050153136253357,0.26790714263916016,0.98,0.88
66889,0.5050153136253357,0.26790714263916016,0.98,0.88
66989,0.5050153136253357,0.26790714263916016,0.98,0.88
67089,0.5050153136253357,0.26790714263916016,0.98,0.88
67189,0.5050153136253357,0.26790714263916016,0.98,0.88
70447,0.5050153136253357,0.4228004813194275,0.91,0.91
70547,0.5050153136253357,0.4228004813194275,0.96,0.91
70647,0.5050153136253357,0.4228004813194275,1.0,0.91
70747,0.5050153136253357,0.4228004813194275,1.0,0.91
70847,0.5050153136253357,0.4228004813194275,1.0,0.91
70947,0.5050153136253357,0.4228004813194275,1.0,0.91
71047,0.5050153136253357,0.4228004813194275,1.0,0.91
71147,0.5050153136253357,0.4228004813194275,1.0,0.91
71247,0.5050153136253357,0.4228004813194275,1.0,0.91
71347,0.5050153136253357,0.4228004813194275,1.0,0.91
71447,0.5050153136253357,0.4228004813194275,1.0,0.91
71547,0.5050153136253357,0.4228004813194275,1.0,0.91
71647,0.5050153136253357,0.4228004813194275,1.0,0.91
71747,0.5050153136253357,0.4228004813194275,1.0,0.91
71847,0.5050153136253357,0.4228004813194275,1.0,0.91
71947,0.5050153136253357,0.4228004813194275,1.0,0.91
72047,0.5050153136253357,0.4228004813194275,1.0,0.91
72147,0.5050153136253357,0.4228004813194275,1.0,0.91
72247,0.5050153136253357,0.4228004813194275,1.0,0.91
72347,0.5050153136253357,0.4228004813194275,1.0,0.91
72447,0.5050153136253357,0.4228004813194275,1.0,0.91
72547,0.5050153136253357,0.4228004813194275,1.0,0.91
72647,0.5050153136253357,0.4228004813194275,1.0,0.91
72747,0.5050153136253357,0.4228004813194275,1.0,0.91
72847,0.5050153136253357,0.4228004813194275,1.0,0.91
72947,0.5050153136253357,0.4228004813194275,1.0,0.91
73047,0.5050153136253357,0.4228004813194275,1.0,0.91
73147,0.5050153136253357,0.4228004813194275,1.0,0.91
73247,0.5050153136253357,0.4228004813194275,1.0,0.91
73347,0.5050153136253357,0.4228004813194275,1.0,0.91
73447,0.5050153136253357,0.4228004813194275,1.0,0.91
73547,0.5050153136253357,0.4228004813194275,1.0,0.91
73647,0.5050153136253357,0.4228004813194275,1.0,0.91
73747,0.5050153136253357,0.4228004813194275,1.0,0.91
73847,0.5050153136253357,0.4228004813194275,1.0,0.91
73947,0.5050153136253357,0.4228004813194275,1.0,0.91
74047,0.5050153136253357,0.4228004813194275,1.0,0.91
74147,0.5050153136253357,0.4228004813194275,1.0,0.91
74247,0.5050153136253357,0.4228004813194275,1.0,0.91
74347,0.5050153136253357,0.4228004813194275,1.0,0.91
74447,0.5050153136253357,0.4228004813194275,1.0,0.91
74547,0.5050153136253357,0.4228004813194275,1.0,0.91
74647,0.5050153136253357,0.4228004813194275,1.0,0.91
74747,0.5050153136253357,0.4228004813194275,1.0,0.91
74847,0.5050153136253357,0.4228004813194275,1.0,0.91
74947,0.5050153136253357,0.4228004813194275,1.0,0.91
75047,0.5050153136253357,0.4228004813194275,1.0,0.91
75147,0.5050153136253357,0.4228004813194275,1.0,0.91
75247,0.5050153136253357,0.4228004813194275,1.0,0.91
75347,0.5050153136253357,0.4228004813194275,1.0,0.91
75447,0.5050153136253357,0.4228004813194275,1.0,0.91
75547,0.5050153136253357,0.4228004813194275,1.0,0.91
75647,0.5050153136253357,0.4228004813194275,1.0,0.91
75747,0.5050153136253357,0.4228004813194275,1.0,0.91
75847,0.5050153136253357,0.4228004813194275,1.0,0.91
75947,0.5050153136253357,0.4228004813194275,1.0,0.91
76047,0.5050153136253357,0.4228004813194275,1.0,0.91
76147,0.5050153136253357,0.4228004813194275,1.0,0.91
76247,0.5050153136253357,0.4228004813194275,1.0,0.91
76347,0.5050153136253357,0.4228004813194275,1.0,0.91
76447,0.5050153136253357,0.4228004813194275,1.0,0.91
76547,0.5050153136253357,0.4228004813194275,1.0,0.91
76647,0.5050153136253357,0.4228004813194275,1.0,0.91
76747,0.5050153136253357,0.4228004813194275,1.0,0.91
76847,0.5050153136253357,0.4228004813194275,1.0,0.91
76947,0.5050153136253357,0.4228004813194275,1.0,0.91
77047,0.5050153136253357,0.4228004813194275,1.0,0.91
77147,0.5050153136253357,0.4228004813194275,1.0,0.91
77247,0.5050153136253357,0.4228004813194275,1.0,0.91
77347,0.5050153136253357,0.4228004813194275,1.0,0.91
77447,0.5050153136253357,0.4228004813194275,1.0,0.91
77547,0.5050153136253357,0.4228004813194275,1.0,0.91
77647,0.5050153136253357,0.4228004813194275,1.0,0.91
77747,0.5050153136253357,0.4228004813194275,1.0,0.91
77847,0.5050153136253357,0.4228004813194275,1.0,0.91
77947,0.5050153136253357,0.4228004813194275,1.0,0.91
78047,0.5050153136253357,0.4228004813194275,1.0,0.91
78147,0.5050153136253357,0.4228004813194275,1.0,0.91
78247,0.5050153136253357,0.4228004813194275,1.0,0.91
78347,0.5050153136253357,0.4228004813194275,1.0,0.91
78447,0.5050153136253357,0.4228004813194275,1.0,0.91
78547,0.5050153136253357,0.4228004813194275,1.0,0.91
78647,0.5050153136253357,0.4228004813194275,1.0,0.91
78747,0.5050153136253357,0.4228004813194275,1.0,0.91
78847,0.5050153136253357,0.4228004813194275,1.0,0.91
78947,0.5050153136253357,0.4228004813194275,1.0,0.91
79047,0.5050153136253357,0.4228004813194275,1.0,0.91
79147,0.5050153136253357,0.4228004813194275,1.0,0.91
79247,0.5050153136253357,0.4228004813194275,1.0,0.91
79347,0.5050153136253357,0.4228004813194275,1.0,0.91
79447,0.5050153136253357,0.4228004813194275,1.0,0.91
79547,0.5050153136253357,0.4228004813194275,1.0,0.91
79647,0.5050153136253357,0.4228004813194275,1.0,0.91
79747,0.5050153136253357,0.4228004813194275,1.0,0.91
79847,0.5050153136253357,0.4228004813194275,1.0,0.91
79947,0.5050153136253357,0.4228004813194275,1.0,0.91
80047,0.5050153136253357,0.4228004813194275,1.0,0.91
80147,0.5050153136253357,0.4228004813194275,1.0,0.91
80247,0.5050153136253357,0.4228004813194275,1.0,0.91
80347,0.5050153136253357,0.4228004813194275,1.0,0.91
80447,0.5050153136253357,0.4228004813194275,1.0,0.91
80547,0.5050153136253357,0.4228004813194275,1.0,0.91
80647,0.5050153136253357,0.4228004813194275,1.0,0.91
80747,0.5050153136253357,0.4228004813194275,1.0,0.91
80847,0.5050153136253357,0.4228004813194275,1.0,0.91
80947,0.5050153136253357,0.4228004813194275,1.0,0.91
81047,0.5050153136253357,0.4228004813194275,1.0,0.91
81147,0.5050153136253357,0.4228004813194275,1.0,0.91
81247,0.5050153136253357,0.4228004813194275,1.0,0.91
81347,0.5050153136253357,0.4228004813194275,1.0,0.91
81447,0.5050153136253357,0.4228004813194275,1.0,0.91
81547,0.5050153136253357,0.4228004813194275,1.0,0.91
81647,0.5050153136253357,0.4228004813194275,1.0,0.91
81747,0.5050153136253357,0.4228004813194275,1.0,0.91
81847,0.5050153136253357,0.4228004813194275,1.0,0.91
81947,0.5050153136253357,0.4228004813194275,1.0,0.91
82047,0.5050153136253357,0.4228004813194275,1.0,0.91
82147,0.5050153136253357,0.4228004813194275,1.0,0.91
82247,0.5050153136253357,0.4228004813194275,1.0,0.91
82347,0.5050153136253357,0.4228004813194275,1.0,0.91
82447,0.5050153136253357,0.4228004813194275,1.0,0.91
82547,0.5050153136253357,0.4228004813194275,1.0,0.91
82647,0.5050153136253357,0.4228004813194275,1.0,0.91
82747,0.5050153136253357,0.4228004813194275,1.0,0.91
82847,0.5050153136253357,0.4228004813194275,1.0,0.91
82947,0.5050153136253357,0.4228004813194275,1.0,0.91
83047,0.5050153136253357,0.4228004813194275,1.0,0.91
83147,0.5050153136253357,0.4228004813194275,1.0,0.91
83247,0.5050153136253357,0.4228004813194275,1.0,0.91
83347,0.5050153136253357,0.4228004813194275,1.0,0.91
83447,0.5050153136253357,0.4228004813194275,1.0,0.91
83547,0.5050153136253357,0.4228004813194275,1.0,0.91
83647,0.5050153136253357,0.4228004813194275,1.0,0.91
83747,0.5050153136253357,0.4228004813194275,1.0,0.91
83847,0.5050153136253357,0.4228004813194275,1.0,0.91
83947,0.5050153136253357,0.4228004813194275,1.0,0.91
84047,0.5050153136253357,0.4228004813194275,1.0,0.91
84147,0.5050153136253357,0.4228004813194275,1.0,0.91
84247,0.5050153136253357,0.4228004813194275,1.0,0.91
84347,0.5050153136253357,0.4228004813194275,1.0,0.91
84447,0.5050153136253357,0.4228004813194275,1.0,0.91
84547,0.5050153136253357,0.4228004813194275,1.0,0.91
84647,0.5050153136253357,0.4228004813194275,1.0,0.91
84747,0.5050153136253357,0.4228004813194275,1.0,0.91
84847,0.5050153136253357,0.4228004813194275,1.0,0.91
84947,0.5050153136253357,0.4228004813194275,1.0,0.91
85047,0.5050153136253357,0.4228004813194275,1.0,0.91
85147,0.5050153136253357,0.4228004813194275,1.0,0.91
85247,0.5050153136253357,0.4228004813194275,1.0,0.91
85347,0.5050153136253357,0.4228004813194275,1.0,0.91
85447,0.5050153136253357,0.4228004813194275,1.0,0.91
97998,0.5050153136253357,0.4228004813194275,0.51,0.88
98098,0.5050153136253357,0.4228004813194275,0.61,0.88
98198,0.5050153136253357,0.4228004813194275,0.71,0.88
98298,0.5050153136253357,0.4228004813194275,0.78,0.88
98398,0.5050153136253357,0.4228004813194275,0.8,0.88
98498,0.5050153136253357,0.4228004813194275,0.84,0.88
98598,0.5050153136253357,0.4228004813194275,0.87,0.88
98698,0.5050153136253357,0.4228004813194275,0.92,0.88
98798,0.5050153136253357,0.4228004813194275,0.94,0.88
98898,0.5050153136253357,0.4228004813194275,0.97,0.88
98998,0.5050153136253357,0.4228004813194275,0.98,0.88
99098,0.5050153136253357,0.4228004813194275,0.99,0.88
99198,0.5050153136253357,0.4228004813194275,0.99,0.88
99298,0.5050153136253357,0.4228004813194275,1.0,0.88
99398,0.5050153136253357,0.4228004813194275,1.0,0.88
99498,0.5050153136253357,0.4228004813194275,1.0,0.88
99598,0.5050153136253357,0.4228004813194275,1.0,0.88
99698,0.5050153136253357,0.4228004813194275,1.0,0.88
99798,0.5050153136253357,0.4228004813194275,1.0,0.88
99898,0.5050153136253357,0.4228004813194275,1.0,0.88
99998,0.5050153136253357,0.4228004813194275,1.0,0.88
100098,0.5050153136253357,0.4228004813194275,1.0,0.88
100198,0.5050153136253357,0.4228004813194275,1.0,0.88
100298,0.5050153136253357,0.4228004813194275,1.0,0.88
100398,0.5050153136253357,0.4228004813194275,1.0,0.88
100498,0.5050153136253357,0.4228004813194275,1.0,0.88
100598,0.5050153136253357,0.4228004813194275,1.0,0.88
100698,0.5050153136253357,0.4228004813194275,1.0,0.88
100798,0.5050153136253357,0.4228004813194275,1.0,0.88
100898,0.5050153136253357,0.4228004813194275,1.0,0.88
100998,0.5050153136253357,0.4228004813194275,1.0,0.88
101098,0.5050153136253357,0.4228004813194275,1.0,0.88
101198,0.5050153136253357,0.4228004813194275,1.0,0.88
101298,0.5050153136253357,0.4228004813194275,1.0,0.88
101398,0.5050153136253357,0.4228004813194275,1.0,0.88
101498,0.5050153136253357,0.4228004813194275,1.0,0.88
101598,0.5050153136253357,0.4228004813194275,1.0,0.88
101698,0.5050153136253357,0.4228004813194275,1.0,0.88
101798,0.5050153136253357,0.4228004813194275,1.0,0.88
101898,0.5050153136253357,0.4228004813194275,1.0,0.88
101998,0.5050153136253357,0.4228004813194275,1.0,0.88
102098,0.5050153136253357,0.4228004813194275,1.0,0.88
102198,0.5050153136253357,0.4228004813194275,1.0,0.88
102298,0.5050153136253357,0.4228004813194275,1.0,0.88
102398,0.5050153136253357,0.4228004813194275,1.0,0.88
102498,0.5050153136253357,0.4228004813194275,1.0,0.88
102598,0.5050153136253357,0.4228004813194275,1.0,0.88
102698,0.5050153136253357,0.4228004813194275,1.0,0.88
102798,0.5050153136253357,0.4228004813194275,1.0,0.88
102898,0.5050153136253357,0.4228004813194275,1.0,0.88
102998,0.5050153136253357,0.4228004813194275,1.0,0.88
103098,0.5050153136253357,0.4228004813194275,1.0,0.88
103198,0.5050153136253357,0.4228004813194275,1.0,0.88
103298,0.5050153136253357,0.4228004813194275,1.0,0.88
103398,0.5050153136253357,0.4228004813194275,1.0,0.88
103498,0.5050153136253357,0.4228004813194275,1.0,0.88
103598,0.5050153136253357,0.4228004813194275,1.0,0.88
103698,0.5050153136253357,0.4228004813194275,1.0,0.88
103798,0.5050153136253357,0.4228004813194275,1.0,0.88
103898,0.5050153136253357,0.4228004813194275,1.0,0.88
103998,0.5050153136253357,0.4228004813194275,1.0,0.88
104098,0.5050153136253357,0.4228004813194275,1.0,0.88
104198,0.5050153136253357,0.4228004813194275,1.0,0.88
104298,0.5050153136253357,0.4228004813194275,1.0,0.88
104398,0.5050153136253357,0.4228004813194275,1.0,0.88
104498,0.5050153136253357,0.4228004813194275,1.0,0.88
104598,0.5050153136253357,0.4228004813194275,1.0,0.88
104698,0.5050153136253357,0.4228004813194275,1.0,0.88
104798,0.5050153136253357,0.4228004813194275,1.0,0.88
104898,0.5050153136253357,0.4228004813194275,1.0,0.88
104998,0.5050153136253357,0.4228004813194275,1.0,0.88
105098,0.5050153136253357,0.4228004813194275,1.0,0.88
105198,0.5050153136253357,0.4228004813194275,1.0,0.88
105298,0.5050153136253357,0.4228004813194275,1.0,0.88
105398,0.5050153136253357,0.4228004813194275,1.0,0.88
105498,0.5050153136253357,0.4228004813194275,1.0,0.88
105598,0.5050153136253357,0.4228004813194275,1.0,0.88
105698,0.5050153136253357,0.4228004813194275,1.0,0.88
105798,0.5050153136253357,0.4228004813194275,1.0,0.88
105898,0.5050153136253357,0.4228004813194275,1.0,0.88
105998,0.5050153136253357,0.4228004813194275,1.0,0.88
106098,0.5050153136253357,0.4228004813194275,1.0,0.88
106198,0.5050153136253357,0.4228004813194275,1.0,0.88
106298,0.5050153136253357,0.4228004813194275,1.0,0.88
106398,0.5050153136253357,0.4228004813194275,1.0,0.88
106498,0.5050153136253357,0.4228004813194275,1.0,0.88
106598,0.5050153136253357,0.4228004813194275,1.0,0.88
106698,0.5050153136253357,0.4228004813194275,1.0,0.88
106798,0.5050153136253357,0.4228004813194275,1.0,0.88
106898,0.5050153136253357,0.4228004813194275,1.0,0.88
106998,0.5050153136253357,0.4228004813194275,1.0,0.88
107098,0.5050153136253357,0.4228004813194275,1.0,0.88
107198,0.5050153136253357,0.4228004813194275,1.0,0.88
107298,0.5050153136253357,0.4228004813194275,1.0,0.88
107398,0.5050153136253357,0.4228004813194275,1.0,0.88
107498,0.5050153136253357,0.4228004813194275,1.0,0.88
107598,0.5050153136253357,0.4228004813194275,1.0,0.88
107698,0.5050153136253357,0.4228004813194275,1.0,0.88
107798,0.5050153136253357,0.4228004813194275,1.0,0.88
107898,0.5050153136253357,0.4228004813194275,1.0,0.88
107998,0.5050153136253357,0.4228004813194275,1.0,0.88
108098,0.5050153136253357,0.4228004813194275,1.0,0.88
108198,0.5050153136253357,0.4228004813194275,1.0,0.88
108298,0.5050153136253357,0.4228004813194275,1.0,0.88
108398,0.5050153136253357,0.4228004813194275,1.0,0.88
108498,0.5050153136253357,0.4228004813194275,1.0,0.88
108598,0.5050153136253357,0.4228004813194275,1.0,0.88
108698,0.5050153136253357,0.4228004813194275,1.0,0.88
108798,0.5050153136253357,0.4228004813194275,1.0,0.88
108898,0.5050153136253357,0.4228004813194275,1.0,0.88
108998,0.5050153136253357,0.4228004813194275,1.0,0.88
109098,0.5050153136253357,0.4228004813194275,1.0,0.88
109198,0.5050153136253357,0.4228004813194275,1.0,0.88
109298,0.5050153136253357,0.4228004813194275,1.0,0.88
109398,0.5050153136253357,0.4228004813194275,1.0,0.88
109498,0.5050153136253357,0.4228004813194275,1.0,0.88
109598,0.5050153136253357,0.4228004813194275,1.0,0.88
109698,0.5050153136253357,0.4228004813194275,1.0,0.88
109798,0.5050153136253357,0.4228004813194275,1.0,0.88
109898,0.5050153136253357,0.4228004813194275,1.0,0.88
109998,0.5050153136253357,0.4228004813194275,1.0,0.88
110098,0.5050153136253357,0.4228004813194275,1.0,0.88
110198,0.5050153136253357,0.4228004813194275,1.0,0.88
110298,0.5050153136253357,0.4228004813194275,1.0,0.88
110398,0.5050153136253357,0.4228004813194275,1.0,0.88
110498,0.5050153136253357,0.4228004813194275,1.0,0.88
110598,0.5050153136253357,0.4228004813194275,1.0,0.88
110698,0.5050153136253357,0.4228004813194275,1.0,0.88
110798,0.5050153136253357,0.4228004813194275,1.0,0.88
110898,0.5050153136253357,0.4228004813194275,1.0,0.88
110998,0.5050153136253357,0.4228004813194275,1.0,0.88
111098,0.5050153136253357,0.4228004813194275,1.0,0.88
111198,0.5050153136253357,0.4228004813194275,1.0,0.88
111298,0.5050153136253357,0.4228004813194275,1.0,0.88
111398,0.5050153136253357,0.4228004813194275,1.0,0.88
111498,0.5050153136253357,0.4228004813194275,1.0,0.88
111598,0.5050153136253357,0.4228004813194275,1.0,0.88
111698,0.5050153136253357,0.4228004813194275,1.0,0.88
111798,0.5050153136253357,0.4228004813194275,1.0,0.88
111898,0.5050153136253357,0.4228004813194275,1.0,0.88
111998,0.5050153136253357,0.4228004813194275,1.0,0.88
112098,0.5050153136253357,0.4228004813194275,1.0,0.88
112198,0.5050153136253357,0.4228004813194275,1.0,0.88
112298,0.5050153136253357,0.4228004813194275,1.0,0.88
112398,0.5050153136253357,0.4228004813194275,1.0,0.88
112498,0.5050153136253357,0.4228004813194275,1.0,0.88
112598,0.5050153136253357,0.4228004813194275,1.0,0.88
112698,0.5050153136253357,0.4228004813194275,1.0,0.88
112798,0.5050153136253357,0.4228004813194275,1.0,0.88
112898,0.5050153136253357,0.4228004813194275,1.0,0.88
112998,0.5050153136253357,0.4228004813194275,1.0,0.88
127980,0.5050153136253357,0.4228004813194275,0.04,0.87
128080,0.5050153136253357,0.4228004813194275,0.04,0.87
128180,0.5050153136253357,0.4228004813194275,0.05,0.87
128280,0.5050153136253357,0.4228004813194275,0.05,0.87
128380,0.5050153136253357,0.4228004813194275,0.06,0.87
128480,0.5050153136253357,0.4228004813194275,0.06,0.87
128580,0.5050153136253357,0.4228004813194275,0.07,0.87
128680,0.5050153136253357,0.4228004813194275,0.07,0.87
128780,0.5050153136253357,0.4228004813194275,0.07,0.87
128880,0.5050153136253357,0.4228004813194275,0.08,0.87
128980,0.5050153136253357,0.4228004813194275,0.08,0.87
129080,0.5050153136253357,0.4228004813194275,0.08,0.87
129180,0.5050153136253357,0.4228004813194275,0.08,0.87
129280,0.5050153136253357,0.4228004813194275,0.08,0.87
129380,0.5050153136253357,0.4228004813194275,0.09,0.87
129480,0.5050153136253357,0.4228004813194275,0.1,0.87
129580,0.5050153136253357,0.4228004813194275,0.1,0.87
129680,0.5050153136253357,0.4228004813194275,0.1,0.87
129780,0.5050153136253357,0.4228004813194275,0.11,0.87
129880,0.5050153136253357,0.4228004813194275,0.12,0.87
129980,0.5050153136253357,0.4228004813194275,0.12,0.87
130080,0.5050153136253357,0.4228004813194275,0.12,0.87
130180,0.5050153136253357,0.4228004813194275,0.12,0.87
130280,0.5050153136253357,0.4228004813194275,0.12,0.87
130380,0.5050153136253357,0.4228004813194275,0.12,0.87
130480,0.5050153136253357,0.4228004813194275,0.12,0.87
130580,0.5050153136253357,0.4228004813194275,0.12,0.87
130680,0.5050153136253357,0.4228004813194275,0.12,0.87
130780,0.5050153136253357,0.4228004813194275,0.12,0.87
130880,0.5050153136253357,0.4228004813194275,0.12,0.87
130980,0.5050153136253357,0.4228004813194275,0.12,0.87
131080,0.5050153136253357,0.4228004813194275,0.13,0.87
131180,0.5050153136253357,0.4228004813194275,0.14,0.87
131280,0.5050153136253357,0.4228004813194275,0.14,0.87
131380,0.5050153136253357,0.4228004813194275,0.14,0.87
131480,0.5050153136253357,0.4228004813194275,0.14,0.87
131580,0.5050153136253357,0.4228004813194275,0.15,0.87
131680,0.5050153136253357,0.4228004813194275,0.15,0.87
131780,0.5050153136253357,0.4228004813194275,0.16,0.87
131880,0.5050153136253357,0.4228004813194275,0.16,0.87
131980,0.5050153136253357,0.4228004813194275,0.17,0.87
132080,0.5050153136253357,0.4228004813194275,0.17,0.87
132180,0.5050153136253357,0.4228004813194275,0.18,0.87
132280,0.5050153136253357,0.4228004813194275,0.19,0.87
132380,0.5050153136253357,0.4228004813194275,0.19,0.87
132480,0.5050153136253357,0.4228004813194275,0.19,0.87
132580,0.5050153136253357,0.4228004813194275,0.2,0.87
132680,0.5050153136253357,0.4228004813194275,0.2,0.87
132780,0.5050153136253357,0.4228004813194275,0.21,0.87
132880,0.5050153136253357,0.4228004813194275,0.21,0.87
132980,0.5050153136253357,0.4228004813194275,0.21,0.87
133080,0.5050153136253357,0.4228004813194275,0.22,0.87
133180,0.5050153136253357,0.4228004813194275,0.22,0.87
133280,0.5050153136253357,0.4228004813194275,0.22,0.87
133380,0.5050153136253357,0.4228004813194275,0.22,0.87
133480,0.5050153136253357,0.4228004813194275,0.22,0.87
133580,0.5050153136253357,0.4228004813194275,0.23,0.87
133680,0.5050153136253357,0.4228004813194275,0.23,0.87
133780,0.5050153136253357,0.4228004813194275,0.23,0.87
133880,0.5050153136253357,0.4228004813194275,0.23,0.87
133980,0.5050153136253357,0.4228004813194275,0.23,0.87
134080,0.5050153136253357,0.4228004813194275,0.23,0.87
134180,0.5050153136253357,0.4228004813194275,0.23,0.87
134280,0.5050153136253357,0.4228004813194275,0.24,0.87
134380,0.5050153136253357,0.4228004813194275,0.24,0.87
134480,0.5050153136253357,0.4228004813194275,0.26,0.87
134580,0.5050153136253357,0.4228004813194275,0.27,0.87
134680,0.5050153136253357,0.4228004813194275,0.27,0.87
134780,0.5050153136253357,0.4228004813194275,0.27,0.87
134880,0.5050153136253357,0.4228004813194275,0.27,0.87
134980,0.5050153136253357,0.4228004813194275,0.27,0.87
135080,0.5050153136253357,0.4228004813194275,0.27,0.87
135180,0.5050153136253357,0.4228004813194275,0.27,0.87
135280,0.5050153136253357,0.4228004813194275,0.28,0.87
135380,0.5050153136253357,0.4228004813194275,0.29,0.87
135480,0.5050153136253357,0.4228004813194275,0.29,0.87
135580,0.5050153136253357,0.4228004813194275,0.29,0.87
135680,0.5050153136253357,0.4228004813194275,0.29,0.87
135780,0.5050153136253357,0.4228004813194275,0.29,0.87
135880,0.5050153136253357,0.4228004813194275,0.3,0.87
135980,0.5050153136253357,0.4228004813194275,0.3,0.87
136080,0.5050153136253357,0.4228004813194275,0.3,0.87
136180,0.5050153136253357,0.4228004813194275,0.31,0.87
136280,0.5050153136253357,0.4228004813194275,0.31,0.87
136380,0.5050153136253357,0.4228004813194275,0.31,0.87
136480,0.5050153136253357,0.4228004813194275,0.32,0.87
136580,0.5050153136253357,0.4228004813194275,0.32,0.87
136680,0.5050153136253357,0.4228004813194275,0.32,0.87
136780,0.5050153136253357,0.4228004813194275,0.32,0.87
136880,0.5050153136253357,0.4228004813194275,0.32,0.87
136980,0.5050153136253357,0.4228004813194275,0.32,0.87
137080,0.5050153136253357,0.4228004813194275,0.32,0.87
137180,0.5050153136253357,0.4228004813194275,0.32,0.87
137280,0.5050153136253357,0.4228004813194275,0.32,0.87
137380,0.5050153136253357,0.4228004813194275,0.32,0.87
137480,0.5050153136253357,0.4228004813194275,0.32,0.87
137580,0.5050153136253357,0.4228004813194275,0.32,0.87
137680,0.5050153136253357,0.4228004813194275,0.32,0.87
137780,0.5050153136253357,0.4228004813194275,0.32,0.87
137880,0.5050153136253357,0.4228004813194275,0.32,0.87
137980,0.5050153136253357,0.4228004813194275,0.32,0.87
138080,0.5050153136253357,0.4228004813194275,0.32,0.87
138180,0.5050153136253357,0.4228004813194275,0.32,0.87
138280,0.5050153136253357,0.4228004813194275,0.33,0.87
138380,0.5050153136253357,0.4228004813194275,0.33,0.87
138480,0.5050153136253357,0.4228004813194275,0.33,0.87
138580,0.5050153136253357,0.4228004813194275,0.33,0.87
138680,0.5050153136253357,0.4228004813194275,0.33,0.87
138780,0.5050153136253357,0.4228004813194275,0.34,0.87
138880,0.5050153136253357,0.4228004813194275,0.34,0.87
138980,0.5050153136253357,0.4228004813194275,0.34,0.87
139080,0.5050153136253357,0.4228004813194275,0.34,0.87
139180,0.5050153136253357,0.4228004813194275,0.34,0.87
139280,0.5050153136253357,0.4228004813194275,0.34,0.87
139380,0.5050153136253357,0.4228004813194275,0.34,0.87
139480,0.5050153136253357,0.4228004813194275,0.34,0.87
139580,0.5050153136253357,0.4228004813194275,0.34,0.87
139680,0.5050153136253357,0.4228004813194275,0.34,0.87
139780,0.5050153136253357,0.4228004813194275,0.34,0.87
139880,0.5050153136253357,0.4228004813194275,0.34,0.87
139980,0.5050153136253357,0.4228004813194275,0.34,0.87
140080,0.5050153136253357,0.4228004813194275,0.34,0.87
140180,0.5050153136253357,0.4228004813194275,0.34,0.87
140280,0.5050153136253357,0.4228004813194275,0.34,0.87
140380,0.5050153136253357,0.4228004813194275,0.34,0.87
140480,0.5050153136253357,0.4228004813194275,0.34,0.87
140580,0.5050153136253357,0.4228004813194275,0.34,0.87
140680,0.5050153136253357,0.4228004813194275,0.34,0.87
140780,0.5050153136253357,0.4228004813194275,0.35,0.87
140880,0.5050153136253357,0.4228004813194275,0.36,0.87
140980,0.5050153136253357,0.4228004813194275,0.36,0.87
141080,0.5050153136253357,0.4228004813194275,0.36,0.87
141180,0.5050153136253357,0.4228004813194275,0.36,0.87
141280,0.5050153136253357,0.4228004813194275,0.36,0.87
141380,0.5050153136253357,0.4228004813194275,0.36,0.87
141480,0.5050153136253357,0.4228004813194275,0.37,0.87
141580,0.5050153136253357,0.4228004813194275,0.37,0.87
141680,0.5050153136253357,0.4228004813194275,0.38,0.87
141780,0.5050153136253357,0.4228004813194275,0.38,0.87
141880,0.5050153136253357,0.4228004813194275,0.38,0.87
141980,0.5050153136253357,0.4228004813194275,0.38,0.87
142080,0.5050153136253357,0.4228004813194275,0.38,0.87
142180,0.5050153136253357,0.4228004813194275,0.38,0.87
142280,0.5050153136253357,0.4228004813194275,0.38,0.87
142380,0.5050153136253357,0.4228004813194275,0.38,0.87
142480,0.5050153136253357,0.4228004813194275,0.38,0.87
142580,0.5050153136253357,0.4228004813194275,0.38,0.87
142680,0.5050153136253357,0.4228004813194275,0.37,0.87
142780,0.5050153136253357,0.4228004813194275,0.37,0.87
142880,0.5050153136253357,0.4228004813194275,0.38,0.87
142980,0.5050153136253357,0.4228004813194275,0.4,0.87
158180,0.5050153136253357,0.4228004813194275,0.01,0.90
158280,0.5050153136253357,0.4228004813194275,0.01,0.90
158380,0.5050153136253357,0.4228004813194275,0.01,0.90
158480,0.5050153136253357,0.4228004813194275,0.01,0.90
158580,0.5050153136253357,0.4228004813194275,0.01,0.90
158680,0.5050153136253357,0.4228004813194275,0.01,0.90
158780,0.5050153136253357,0.4228004813194275,0.01,0.90
158880,0.5050153136253357,0.4228004813194275,0.01,0.90
158980,0.5050153136253357,0.4228004813194275,0.01,0.90
159080,0.5050153136253357,0.4228004813194275,0.01,0.90
159180,0.5050153136253357,0.4228004813194275,0.01,0.90
159280,0.5050153136253357,0.4228004813194275,0.01,0.90
159380,0.5050153136253357,0.4228004813194275,0.01,0.90
159480,0.5050153136253357,0.4228004813194275,0.01,0.90
159580,0.5050153136253357,0.4228004813194275,0.01,0.90
159680,0.5050153136253357,0.4228004813194275,0.01,0.90
159780,0.5050153136253357,0.4228004813194275,0.01,0.90
159880,0.5050153136253357,0.4228004813194275,0.01,0.90
159980,0.5050153136253357,0.4228004813194275,0.01,0.90
160080,0.5050153136253357,0.4228004813194275,0.01,0.90
160180,0.5050153136253357,0.4228004813194275,0.01,0.90
160280,0.5050153136253357,0.4228004813194275,0.01,0.90
160380,0.5050153136253357,0.4228004813194275,0.01,0.90
160480,0.5050153136253357,0.4228004813194275,0.01,0.90
160580,0.5050153136253357,0.4228004813194275,0.01,0.90
160680,0.5050153136253357,0.4228004813194275,0.01,0.90
160780,0.5050153136253357,0.4228004813194275,0.01,0.90
160880,0.5050153136253357,0.4228004813194275,0.01,0.90
160980,0.5050153136253357,0.4228004813194275,0.01,0.90
161080,0.5050153136253357,0.4228004813194275,0.01,0.90
161180,0.5050153136253357,0.4228004813194275,0.01,0.90
161280,0.5050153136253357,0.4228004813194275,0.01,0.90
161380,0.5050153136253357,0.4228004813194275,0.01,0.90
161480,0.5050153136253357,0.4228004813194275,0.01,0.90
161580,0.5050153136253357,0.4228004813194275,0.01,0.90
161680,0.5050153136253357,0.4228004813194275,0.01,0.90
161780,0.5050153136253357,0.4228004813194275,0.01,0.90
161880,0.5050153136253357,0.4228004813194275,0.01,0.90
161980,0.5050153136253357,0.4228004813194275,0.01,0.90
162080,0.5050153136253357,0.4228004813194275,0.01,0.90
162180,0.5050153136253357,0.4228004813194275,0.01,0.90
162280,0.5050153136253357,0.4228004813194275,0.01,0.90
162380,0.5050153136253357,0.4228004813194275,0.01,0.90
162480,0.5050153136253357,0.4228004813194275,0.01,0.90
162580,0.5050153136253357,0.4228004813194275,0.01,0.90
162680,0.5050153136253357,0.4228004813194275,0.01,0.90
162780,0.5050153136253357,0.4228004813194275,0.01,0.90
162880,0.5050153136253357,0.4228004813194275,0.01,0.90
162980,0.5050153136253357,0.4228004813194275,0.01,0.90
163080,0.5050153136253357,0.4228004813194275,0.01,0.90
163180,0.5050153136253357,0.4228004813194275,0.01,0.90
163280,0.5050153136253357,0.4228004813194275,0.01,0.90
163380,0.5050153136253357,0.4228004813194275,0.01,0.90
163480,0.5050153136253357,0.4228004813194275,0.01,0.90
163580,0.5050153136253357,0.4228004813194275,0.01,0.90
163680,0.5050153136253357,0.4228004813194275,0.01,0.90
163780,0.5050153136253357,0.4228004813194275,0.01,0.90
163880,0.5050153136253357,0.4228004813194275,0.01,0.90
163980,0.5050153136253357,0.4228004813194275,0.01,0.90
164080,0.5050153136253357,0.4228004813194275,0.01,0.90
164180,0.5050153136253357,0.4228004813194275,0.01,0.90
164280,0.5050153136253357,0.4228004813194275,0.01,0.90
164380,0.5050153136253357,0.4228004813194275,0.01,0.90
164480,0.5050153136253357,0.4228004813194275,0.01,0.90
164580,0.5050153136253357,0.4228004813194275,0.01,0.90
164680,0.5050153136253357,0.4228004813194275,0.01,0.90
164780,0.5050153136253357,0.4228004813194275,0.01,0.90
164880,0.5050153136253357,0.4228004813194275,0.01,0.90
164980,0.5050153136253357,0.4228004813194275,0.01,0.90
165080,0.5050153136253357,0.4228004813194275,0.01,0.90
165180,0.5050153136253357,0.4228004813194275,0.01,0.90
165280,0.5050153136253357,0.4228004813194275,0.01,0.90
165380,0.5050153136253357,0.4228004813194275,0.01,0.90
165480,0.5050153136253357,0.4228004813194275,0.01,0.90
165580,0.5050153136253357,0.4228004813194275,0.01,0.90
165680,0.5050153136253357,0.4228004813194275,0.01,0.90
165780,0.5050153136253357,0.4228004813194275,0.01,0.90
165880,0.5050153136253357,0.4228004813194275,0.01,0.90
165980,0.5050153136253357,0.4228004813194275,0.01,0.90
166080,0.5050153136253357,0.4228004813194275,0.01,0.90
166180,0.5050153136253357,0.4228004813194275,0.01,0.90
166280,0.5050153136253357,0.4228004813194275,0.01,0.90
166380,0.5050153136253357,0.4228004813194275,0.01,0.90
166480,0.5050153136253357,0.4228004813194275,0.01,0.90
166580,0.5050153136253357,0.4228004813194275,0.01,0.90
166680,0.5050153136253357,0.4228004813194275,0.01,0.90
166780,0.5050153136253357,0.4228004813194275,0.01,0.90
166880,0.5050153136253357,0.4228004813194275,0.01,0.90
166980,0.5050153136253357,0.4228004813194275,0.01,0.90
167080,0.5050153136253357,0.4228004813194275,0.01,0.90
167180,0.5050153136253357,0.4228004813194275,0.01,0.90
167280,0.5050153136253357,0.4228004813194275,0.01,0.90
167380,0.5050153136253357,0.4228004813194275,0.01,0.90
167480,0.5050153136253357,0.4228004813194275,0.01,0.90
167580,0.5050153136253357,0.4228004813194275,0.01,0.90
167680,0.5050153136253357,0.4228004813194275,0.01,0.90
167780,0.5050153136253357,0.4228004813194275,0.01,0.90
167880,0.5050153136253357,0.4228004813194275,0.01,0.90
167980,0.5050153136253357,0.4228004813194275,0.01,0.90
168080,0.5050153136253357,0.4228004813194275,0.01,0.90
168180,0.5050153136253357,0.4228004813194275,0.01,0.90
168280,0.5050153136253357,0.4228004813194275,0.01,0.90
168380,0.5050153136253357,0.4228004813194275,0.01,0.90
168480,0.5050153136253357,0.4228004813194275,0.01,0.90
168580,0.5050153136253357,0.4228004813194275,0.01,0.90
168680,0.5050153136253357,0.4228004813194275,0.01,0.90
168780,0.5050153136253357,0.4228004813194275,0.01,0.90
168880,0.5050153136253357,0.4228004813194275,0.01,0.90
168980,0.5050153136253357,0.4228004813194275,0.01,0.90
169080,0.5050153136253357,0.4228004813194275,0.01,0.90
169180,0.5050153136253357,0.4228004813194275,0.01,0.90
169280,0.5050153136253357,0.4228004813194275,0.01,0.90
169380,0.5050153136253357,0.4228004813194275,0.01,0.90
169480,0.5050153136253357,0.4228004813194275,0.01,0.90
169580,0.5050153136253357,0.4228004813194275,0.01,0.90
169680,0.5050153136253357,0.4228004813194275,0.01,0.90
169780,0.5050153136253357,0.4228004813194275,0.01,0.90
169880,0.5050153136253357,0.4228004813194275,0.01,0.90
169980,0.5050153136253357,0.4228004813194275,0.01,0.90
170080,0.5050153136253357,0.4228004813194275,0.01,0.90
170180,0.5050153136253357,0.4228004813194275,0.01,0.90
170280,0.5050153136253357,0.4228004813194275,0.01,0.90
170380,0.5050153136253357,0.4228004813194275,0.01,0.90
170480,0.5050153136253357,0.4228004813194275,0.01,0.90
170580,0.5050153136253357,0.4228004813194275,0.01,0.90
170680,0.5050153136253357,0.4228004813194275,0.01,0.90
170780,0.5050153136253357,0.4228004813194275,0.01,0.90
170880,0.5050153136253357,0.4228004813194275,0.01,0.90
170980,0.5050153136253357,0.4228004813194275,0.01,0.90
171080,0.5050153136253357,0.4228004813194275,0.01,0.90
171180,0.5050153136253357,0.4228004813194275,0.01,0.90
171280,0.5050153136253357,0.4228004813194275,0.01,0.90
171380,0.5050153136253357,0.4228004813194275,0.01,0.90
171480,0.5050153136253357,0.4228004813194275,0.01,0.90
171580,0.5050153136253357,0.4228004813194275,0.01,0.90
171680,0.5050153136253357,0.4228004813194275,0.01,0.90
171780,0.5050153136253357,0.4228004813194275,0.01,0.90
171880,0.5050153136253357,0.4228004813194275,0.01,0.90
171980,0.5050153136253357,0.4228004813194275,0.01,0.90
172080,0.5050153136253357,0.4228004813194275,0.01,0.90
172180,0.5050153136253357,0.4228004813194275,0.01,0.90
172280,0.5050153136253357,0.4228004813194275,0.01,0.90
172380,0.5050153136253357,0.4228004813194275,0.01,0.90
172480,0.5050153136253357,0.4228004813194275,0.01,0.90
172580,0.5050153136253357,0.4228004813194275,0.01,0.90
172680,0.5050153136253357,0.4228004813194275,0.01,0.90
172780,0.5050153136253357,0.4228004813194275,0.01,0.90
172880,0.5050153136253357,0.4228004813194275,0.01,0.90
172980,0.5050153136253357,0.4228004813194275,0.01,0.90
173080,0.5050153136253357,0.4228004813194275,0.01,0.90
173180,0.5050153136253357,0.4228004813194275,0.01,0.90
188380,0.5050153136253357,0.4228004813194275,0.01,0.89
188480,0.5050153136253357,0.4228004813194275,0.01,0.89
188580,0.5050153136253357,0.4228004813194275,0.01,0.89
188680,0.5050153136253357,0.4228004813194275,0.01,0.89
188780,0.5050153136253357,0.4228004813194275,0.01,0.89
188880,0.5050153136253357,0.4228004813194275,0.01,0.89
188980,0.5050153136253357,0.4228004813194275,0.01,0.89
189080,0.5050153136253357,0.4228004813194275,0.01,0.89
189180,0.5050153136253357,0.4228004813194275,0.01,0.89
189280,0.5050153136253357,0.4228004813194275,0.01,0.89
189380,0.5050153136253357,0.4228004813194275,0.01,0.89
189480,0.5050153136253357,0.4228004813194275,0.01,0.89
189580,0.5050153136253357,0.4228004813194275,0.01,0.89
189680,0.5050153136253357,0.4228004813194275,0.01,0.89
189780,0.5050153136253357,0.4228004813194275,0.01,0.89
189880,0.5050153136253357,0.4228004813194275,0.01,0.89
189980,0.5050153136253357,0.4228004813194275,0.01,0.89
190080,0.5050153136253357,0.4228004813194275,0.01,0.89
190180,0.5050153136253357,0.4228004813194275,0.01,0.89
190280,0.5050153136253357,0.4228004813194275,0.01,0.89
190380,0.5050153136253357,0.4228004813194275,0.01,0.89
190480,0.5050153136253357,0.4228004813194275,0.01,0.89
190580,0.5050153136253357,0.4228004813194275,0.01,0.89
190680,0.5050153136253357,0.4228004813194275,0.01,0.89
190780,0.5050153136253357,0.4228004813194275,0.01,0.89
190880,0.5050153136253357,0.4228004813194275,0.01,0.89
190980,0.5050153136253357,0.4228004813194275,0.01,0.89
191080,0.5050153136253357,0.4228004813194275,0.01,0.89
191180,0.5050153136253357,0.4228004813194275,0.01,0.89
191280,0.5050153136253357,0.4228004813194275,0.01,0.89
191380,0.5050153136253357,0.4228004813194275,0.01,0.89
191480,0.5050153136253357,0.4228004813194275,0.01,0.89
191580,0.5050153136253357,0.4228004813194275,0.01,0.89
191680,0.5050153136253357,0.4228004813194275,0.01,0.89
191780,0.5050153136253357,0.4228004813194275,0.01,0.89
191880,0.5050153136253357,0.4228004813194275,0.01,0.89
191980,0.5050153136253357,0.4228004813194275,0.01,0.89
192080,0.5050153136253357,0.4228004813194275,0.01,0.89
192180,0.5050153136253357,0.4228004813194275,0.01,0.89
192280,0.5050153136253357,0.4228004813194275,0.01,0.89
192380,0.5050153136253357,0.4228004813194275,0.01,0.89
192480,0.5050153136253357,0.4228004813194275,0.01,0.89
192580,0.5050153136253357,0.4228004813194275,0.01,0.89
192680,0.5050153136253357,0.4228004813194275,0.01,0.89
192780,0.5050153136253357,0.4228004813194275,0.01,0.89
192880,0.5050153136253357,0.4228004813194275,0.01,0.89
192980,0.5050153136253357,0.4228004813194275,0.01,0.89
193080,0.5050153136253357,0.4228004813194275,0.01,0.89
193180,0.5050153136253357,0.4228004813194275,0.01,0.89
193280,0.5050153136253357,0.4228004813194275,0.01,0.89
193380,0.5050153136253357,0.4228004813194275,0.01,0.89
193480,0.5050153136253357,0.4228004813194275,0.01,0.89
193580,0.5050153136253357,0.4228004813194275,0.01,0.89
193680,0.5050153136253357,0.4228004813194275,0.01,0.89
193780,0.5050153136253357,0.4228004813194275,0.01,0.89
193880,0.5050153136253357,0.4228004813194275,0.01,0.89
193980,0.5050153136253357,0.4228004813194275,0.01,0.89
194080,0.5050153136253357,0.4228004813194275,0.01,0.89
194180,0.5050153136253357,0.4228004813194275,0.01,0.89
194280,0.5050153136253357,0.4228004813194275,0.01,0.89
194380,0.5050153136253357,0.4228004813194275,0.01,0.89
194480,0.5050153136253357,0.4228004813194275,0.01,0.89
194580,0.5050153136253357,0.4228004813194275,0.01,0.89
194680,0.5050153136253357,0.4228004813194275,0.01,0.89
194780,0.5050153136253357,0.4228004813194275,0.01,0.89
194880,0.5050153136253357,0.4228004813194275,0.01,0.89
194980,0.5050153136253357,0.4228004813194275,0.01,0.89
195080,0.5050153136253357,0.4228004813194275,0.01,0.89
195180,0.5050153136253357,0.4228004813194275,0.01,0.89
195280,0.5050153136253357,0.4228004813194275,0.01,0.89
195380,0.5050153136253357,0.4228004813194275,0.01,0.89
195480,0.5050153136253357,0.4228004813194275,0.01,0.89
195580,0.5050153136253357,0.4228004813194275,0.01,0.89
195680,0.5050153136253357,0.4228004813194275,0.01,0.89
195780,0.5050153136253357,0.4228004813194275,0.01,0.89
195880,0.5050153136253357,0.4228004813194275,0.01,0.89
195980,0.5050153136253357,0.4228004813194275,0.01,0.89
196080,0.5050153136253357,0.4228004813194275,0.01,0.89
196180,0.5050153136253357,0.4228004813194275,0.01,0.89
196280,0.5050153136253357,0.4228004813194275,0.01,0.89
196380,0.5050153136253357,0.4228004813194275,0.01,0.89
196480,0.5050153136253357,0.4228004813194275,0.01,0.89
196580,0.5050153136253357,0.4228004813194275,0.01,0.89
196680,0.5050153136253357,0.4228004813194275,0.01,0.89
196780,0.5050153136253357,0.4228004813194275,0.01,0.89
196880,0.5050153136253357,0.4228004813194275,0.01,0.89
196980,0.5050153136253357,0.4228004813194275,0.01,0.89
197080,0.5050153136253357,0.4228004813194275,0.01,0.89
197180,0.5050153136253357,0.4228004813194275,0.01,0.89
197280,0.5050153136253357,0.4228004813194275,0.01,0.89
197380,0.5050153136253357,0.4228004813194275,0.01,0.89
197480,0.5050153136253357,0.4228004813194275,0.01,0.89
197580,0.5050153136253357,0.4228004813194275,0.01,0.89
197680,0.5050153136253357,0.4228004813194275,0.01,0.89
197780,0.5050153136253357,0.4228004813194275,0.01,0.89
197880,0.5050153136253357,0.4228004813194275,0.01,0.89
197980,0.5050153136253357,0.4228004813194275,0.01,0.89
198080,0.5050153136253357,0.4228004813194275,0.01,0.89
198180,0.5050153136253357,0.4228004813194275,0.01,0.89
198280,0.5050153136253357,0.4228004813194275,0.01,0.89
198380,0.5050153136253357,0.4228004813194275,0.01,0.89
198480,0.5050153136253357,0.4228004813194275,0.01,0.89
198580,0.5050153136253357,0.4228004813194275,0.01,0.89
198680,0.5050153136253357,0.4228004813194275,0.01,0.89
198780,0.5050153136253357,0.4228004813194275,0.01,0.89
198880,0.5050153136253357,0.4228004813194275,0.01,0.89
198980,0.5050153136253357,0.4228004813194275,0.01,0.89
199080,0.5050153136253357,0.4228004813194275,0.01,0.89
199180,0.5050153136253357,0.4228004813194275,0.01,0.89
199280,0.5050153136253357,0.4228004813194275,0.01,0.89
199380,0.5050153136253357,0.4228004813194275,0.01,0.89
199480,0.5050153136253357,0.4228004813194275,0.01,0.89
199580,0.5050153136253357,0.4228004813194275,0.01,0.89
199680,0.5050153136253357,0.4228004813194275,0.01,0.89
199780,0.5050153136253357,0.4228004813194275,0.01,0.89
199880,0.5050153136253357,0.4228004813194275,0.01,0.89
199980,0.5050153136253357,0.4228004813194275,0.01,0.89
200080,0.5050153136253357,0.4228004813194275,0.01,0.89
200180,0.5050153136253357,0.4228004813194275,0.01,0.89
200280,0.5050153136253357,0.4228004813194275,0.01,0.89
200380,0.5050153136253357,0.4228004813194275,0.01,0.89
200480,0.5050153136253357,0.4228004813194275,0.01,0.89
200580,0.5050153136253357,0.4228004813194275,0.01,0.89
200680,0.5050153136253357,0.4228004813194275,0.01,0.89
200780,0.5050153136253357,0.4228004813194275,0.01,0.89
200880,0.5050153136253357,0.4228004813194275,0.01,0.89
200980,0.5050153136253357,0.4228004813194275,0.01,0.89
201080,0.5050153136253357,0.4228004813194275,0.01,0.89
201180,0.5050153136253357,0.4228004813194275,0.01,0.89
201280,0.5050153136253357,0.4228004813194275,0.01,0.89
201380,0.5050153136253357,0.4228004813194275,0.01,0.89
201480,0.5050153136253357,0.4228004813194275,0.01,0.89
201580,0.5050153136253357,0.4228004813194275,0.01,0.89
201680,0.5050153136253357,0.4228004813194275,0.01,0.89
201780,0.5050153136253357,0.4228004813194275,0.01,0.89
201880,0.5050153136253357,0.4228004813194275,0.01,0.89
201980,0.5050153136253357,0.4228004813194275,0.01,0.89
202080,0.5050153136253357,0.4228004813194275,0.01,0.89
202180,0.5050153136253357,0.4228004813194275,0.01,0.89
202280,0.5050153136253357,0.4228004813194275,0.01,0.89
202380,0.5050153136253357,0.4228004813194275,0.01,0.89
202480,0.5050153136253357,0.4228004813194275,0.01,0.89
202580,0.5050153136253357,0.4228004813194275,0.01,0.89
202680,0.5050153136253357,0.4228004813194275,0.01,0.89
202780,0.5050153136253357,0.4228004813194275,0.01,0.89
202880,0.5050153136253357,0.4228004813194275,0.01,0.89
202980,0.5050153136253357,0.4228004813194275,0.01,0.89
203080,0.5050153136253357,0.4228004813194275,0.01,0.89
203180,0.5050153136253357,0.4228004813194275,0.01,0.89
203280,0.5050153136253357,0.4228004813194275,0.01,0.89
203380,0.5050153136253357,0.4228004813194275,0.01,0.89
218580,0.5050153136253357,0.4228004813194275,0.01,0.88
218680,0.5050153136253357,0.4228004813194275,0.01,0.88
218780,0.5050153136253357,0.4228004813194275,0.01,0.88
218880,0.5050153136253357,0.4228004813194275,0.01,0.88
218980,0.5050153136253357,0.4228004813194275,0.01,0.88
219080,0.5050153136253357,0.4228004813194275,0.01,0.88
219180,0.5050153136253357,0.4228004813194275,0.01,0.88
219280,0.5050153136253357,0.4228004813194275,0.01,0.88
219380,0.5050153136253357,0.4228004813194275,0.01,0.88
219480,0.5050153136253357,0.4228004813194275,0.01,0.88
219580,0.5050153136253357,0.4228004813194275,0.01,0.88
219680,0.5050153136253357,0.4228004813194275,0.01,0.88
219780,0.5050153136253357,0.4228004813194275,0.01,0.88
219880,0.5050153136253357,0.4228004813194275,0.01,0.88
219980,0.5050153136253357,0.4228004813194275,0.01,0.88
220080,0.5050153136253357,0.4228004813194275,0.01,0.88
220180,0.5050153136253357,0.4228004813194275,0.01,0.88
220280,0.5050153136253357,0.4228004813194275,0.01,0.88
220380,0.5050153136253357,0.4228004813194275,0.01,0.88
220480,0.5050153136253357,0.4228004813194275,0.01,0.88
220580,0.5050153136253357,0.4228004813194275,0.01,0.88
220680,0.5050153136253357,0.4228004813194275,0.01,0.88
220780,0.5050153136253357,0.4228004813194275,0.01,0.88
220880,0.5050153136253357,0.4228004813194275,0.01,0.88
220980,0.5050153136253357,0.4228004813194275,0.01,0.88
221080,0.5050153136253357,0.4228004813194275,0.01,0.88
221180,0.5050153136253357,0.4228004813194275,0.01,0.88
221280,0.5050153136253357,0.4228004813194275,0.01,0.88
221380,0.5050153136253357,0.4228004813194275,0.01,0.88
221480,0.5050153136253357,0.4228004813194275,0.01,0.88
221580,0.5050153136253357,0.4228004813194275,0.01,0.88
221680,0.5050153136253357,0.4228004813194275,0.01,0.88
221780,0.5050153136253357,0.4228004813194275,0.01,0.88
221880,0.5050153136253357,0.4228004813194275,0.01,0.88
221980,0.5050153136253357,0.4228004813194275,0.01,0.88
222080,0.5050153136253357,0.4228004813194275,0.01,0.88
222180,0.5050153136253357,0.4228004813194275,0.01,0.88
222280,0.5050153136253357,0.4228004813194275,0.01,0.88
222380,0.5050153136253357,0.4228004813194275,0.01,0.88
222480,0.5050153136253357,0.4228004813194275,0.01,0.88
222580,0.5050153136253357,0.4228004813194275,0.01,0.88
222680,0.5050153136253357,0.4228004813194275,0.01,0.88
222780,0.5050153136253357,0.4228004813194275,0.01,0.88
222880,0.5050153136253357,0.4228004813194275,0.01,0.88
222980,0.5050153136253357,0.4228004813194275,0.01,0.88
223080,0.5050153136253357,0.4228004813194275,0.01,0.88
223180,0.5050153136253357,0.4228004813194275,0.01,0.88
223280,0.5050153136253357,0.4228004813194275,0.01,0.88
223380,0.5050153136253357,0.4228004813194275,0.01,0.88
223480,0.5050153136253357,0.4228004813194275,0.01,0.88
223580,0.5050153136253357,0.4228004813194275,0.01,0.88
223680,0.5050153136253357,0.4228004813194275,0.01,0.88
223780,0.5050153136253357,0.4228004813194275,0.01,0.88
223880,0.5050153136253357,0.4228004813194275,0.01,0.88
223980,0.5050153136253357,0.4228004813194275,0.01,0.88
224080,0.5050153136253357,0.4228004813194275,0.01,0.88
224180,0.5050153136253357,0.4228004813194275,0.01,0.88
224280,0.5050153136253357,0.4228004813194275,0.01,0.88
224380,0.5050153136253357,0.4228004813194275,0.01,0.88
224480,0.5050153136253357,0.4228004813194275,0.01,0.88
224580,0.5050153136253357,0.4228004813194275,0.01,0.88
224680,0.5050153136253357,0.4228004813194275,0.01,0.88
224780,0.5050153136253357,0.4228004813194275,0.01,0.88
224880,0.5050153136253357,0.4228004813194275,0.01,0.88
224980,0.5050153136253357,0.4228004813194275,0.01,0.88
225080,0.5050153136253357,0.4228004813194275,0.01,0.88
225180,0.5050153136253357,0.4228004813194275,0.01,0.88
225280,0.5050153136253357,0.4228004813194275,0.01,0.88
225380,0.5050153136253357,0.4228004813194275,0.01,0.88
225480,0.5050153136253357,0.4228004813194275,0.01,0.88
225580,0.5050153136253357,0.4228004813194275,0.01,0.88
225680,0.5050153136253357,0.4228004813194275,0.01,0.88
225780,0.5050153136253357,0.4228004813194275,0.01,0.88
225880,0.5050153136253357,0.4228004813194275,0.01,0.88
225980,0.5050153136253357,0.4228004813194275,0.01,0.88
226080,0.5050153136253357,0.4228004813194275,0.01,0.88
226180,0.5050153136253357,0.4228004813194275,0.01,0.88
226280,0.5050153136253357,0.4228004813194275,0.01,0.88
226380,0.5050153136253357,0.4228004813194275,0.01,0.88
226480,0.5050153136253357,0.4228004813194275,0.01,0.88
226580,0.5050153136253357,0.4228004813194275,0.01,0.88
226680,0.5050153136253357,0.4228004813194275,0.01,0.88
226780,0.5050153136253357,0.4228004813194275,0.01,0.88
226880,0.5050153136253357,0.4228004813194275,0.01,0.88
226980,0.5050153136253357,0.4228004813194275,0.01,0.88
227080,0.5050153136253357,0.4228004813194275,0.01,0.88
227180,0.5050153136253357,0.4228004813194275,0.01,0.88
227280,0.5050153136253357,0.4228004813194275,0.01,0.88
227380,0.5050153136253357,0.4228004813194275,0.01,0.88
227480,0.5050153136253357,0.4228004813194275,0.01,0.88
227580,0.5050153136253357,0.4228004813194275,0.01,0.88
227680,0.5050153136253357,0.4228004813194275,0.01,0.88
227780,0.5050153136253357,0.4228004813194275,0.01,0.88
227880,0.5050153136253357,0.4228004813194275,0.01,0.88
227980,0.5050153136253357,0.4228004813194275,0.01,0.88
228080,0.5050153136253357,0.4228004813194275,0.01,0.88
228180,0.5050153136253357,0.4228004813194275,0.01,0.88
228280,0.5050153136253357,0.4228004813194275,0.01,0.88
228380,0.5050153136253357,0.4228004813194275,0.01,0.88
228480,0.5050153136253357,0.4228004813194275,0.01,0.88
228580,0.5050153136253357,0.4228004813194275,0.01,0.88
228680,0.5050153136253357,0.4228004813194275,0.01,0.88
228780,0.5050153136253357,0.4228004813194275,0.01,0.88
228880,0.5050153136253357,0.4228004813194275,0.01,0.88
228980,0.5050153136253357,0.4228004813194275,0.01,0.88
229080,0.5050153136253357,0.4228004813194275,0.01,0.88
229180,0.5050153136253357,0.4228004813194275,0.01,0.88
229280,0.5050153136253357,0.4228004813194275,0.01,0.88
229380,0.5050153136253357,0.4228004813194275,0.01,0.88
229480,0.5050153136253357,0.4228004813194275,0.01,0.88
229580,0.5050153136253357,0.4228004813194275,0.01,0.88
229680,0.5050153136253357,0.4228004813194275,0.01,0.88
229780,0.5050153136253357,0.4228004813194275,0.01,0.88
229880,0.5050153136253357,0.4228004813194275,0.01,0.88
229980,0.5050153136253357,0.4228004813194275,0.01,0.88
230080,0.5050153136253357,0.4228004813194275,0.01,0.88
230180,0.5050153136253357,0.4228004813194275,0.01,0.88
230280,0.5050153136253357,0.4228004813194275,0.01,0.88
230380,0.5050153136253357,0.4228004813194275,0.01,0.88
230480,0.5050153136253357,0.4228004813194275,0.01,0.88
230580,0.5050153136253357,0.4228004813194275,0.01,0.88
230680,0.5050153136253357,0.4228004813194275,0.01,0.88
230780,0.5050153136253357,0.4228004813194275,0.01,0.88
230880,0.5050153136253357,0.4228004813194275,0.01,0.88
230980,0.5050153136253357,0.4228004813194275,0.01,0.88
231080,0.5050153136253357,0.4228004813194275,0.01,0.88
231180,0.5050153136253357,0.4228004813194275,0.01,0.88
231280,0.5050153136253357,0.4228004813194275,0.01,0.88
231380,0.5050153136253357,0.4228004813194275,0.01,0.88
231480,0.5050153136253357,0.4228004813194275,0.01,0.88
231580,0.5050153136253357,0.4228004813194275,0.01,0.88
231680,0.5050153136253357,0.4228004813194275,0.01,0.88
231780,0.5050153136253357,0.4228004813194275,0.01,0.88
231880,0.5050153136253357,0.4228004813194275,0.01,0.88
231980,0.5050153136253357,0.4228004813194275,0.01,0.88
232080,0.5050153136253357,0.4228004813194275,0.01,0.88
232180,0.5050153136253357,0.4228004813194275,0.01,0.88
232280,0.5050153136253357,0.4228004813194275,0.01,0.88
232380,0.5050153136253357,0.4228004813194275,0.01,0.88
232480,0.5050153136253357,0.4228004813194275,0.01,0.88
232580,0.5050153136253357,0.4228004813194275,0.01,0.88
232680,0.5050153136253357,0.4228004813194275,0.01,0.88
232780,0.5050153136253357,0.4228004813194275,0.01,0.88
232880,0.5050153136253357,0.4228004813194275,0.01,0.88
232980,0.5050153136253357,0.4228004813194275,0.01,0.88
233080,0.5050153136253357,0.4228004813194275,0.01,0.88
233180,0.5050153136253357,0.4228004813194275,0.01,0.88
233280,0.5050153136253357,0.4228004813194275,0.01,0.88
233380,0.5050153136253357,0.4228004813194275,0.01,0.88
233480,0.5050153136253357,0.4228004813194275,0.01,0.88
233580,0.5050153136253357,0.4228004813194275,0.01,0.88
248780,0.5050153136253357,0.4228004813194275,0.01,0.90
248880,0.5050153136253357,0.4228004813194275,0.01,0.90
248980,0.5050153136253357,0.4228004813194275,0.01,0.90
249080,0.5050153136253357,0.4228004813194275,0.01,0.90
249180,0.5050153136253357,0.4228004813194275,0.01,0.90
249280,0.5050153136253357,0.4228004813194275,0.01,0.90
249380,0.5050153136253357,0.4228004813194275,0.01,0.90
249480,0.5050153136253357,0.4228004813194275,0.01,0.90
249580,0.5050153136253357,0.4228004813194275,0.01,0.90
249680,0.5050153136253357,0.4228004813194275,0.01,0.90
249780,0.5050153136253357,0.4228004813194275,0.01,0.90
249880,0.5050153136253357,0.4228004813194275,0.01,0.90
249980,0.5050153136253357,0.4228004813194275,0.01,0.90
250080,0.5050153136253357,0.4228004813194275,0.01,0.90
250180,0.5050153136253357,0.4228004813194275,0.01,0.90
250280,0.5050153136253357,0.4228004813194275,0.01,0.90
250380,0.5050153136253357,0.4228004813194275,0.01,0.90
250480,0.5050153136253357,0.4228004813194275,0.01,0.90
250580,0.5050153136253357,0.4228004813194275,0.01,0.90
250680,0.5050153136253357,0.4228004813194275,0.01,0.90
250780,0.5050153136253357,0.4228004813194275,0.01,0.90
250880,0.5050153136253357,0.4228004813194275,0.01,0.90
250980,0.5050153136253357,0.4228004813194275,0.01,0.90
251080,0.5050153136253357,0.4228004813194275,0.01,0.90
251180,0.5050153136253357,0.4228004813194275,0.01,0.90
251280,0.5050153136253357,0.4228004813194275,0.01,0.90
251380,0.5050153136253357,0.4228004813194275,0.01,0.90
251480,0.5050153136253357,0.4228004813194275,0.01,0.90
251580,0.5050153136253357,0.4228004813194275,0.01,0.90
251680,0.5050153136253357,0.4228004813194275,0.01,0.90
251780,0.5050153136253357,0.4228004813194275,0.01,0.90
251880,0.5050153136253357,0.4228004813194275,0.01,0.90
251980,0.5050153136253357,0.4228004813194275,0.01,0.90
252080,0.5050153136253357,0.4228004813194275,0.01,0.90
252180,0.5050153136253357,0.4228004813194275,0.01,0.90
252280,0.5050153136253357,0.4228004813194275,0.01,0.90
252380,0.5050153136253357,0.4228004813194275,0.01,0.90
252480,0.5050153136253357,0.4228004813194275,0.01,0.90
252580,0.5050153136253357,0.4228004813194275,0.01,0.90
252680,0.5050153136253357,0.4228004813194275,0.01,0.90
252780,0.5050153136253357,0.4228004813194275,0.01,0.90
252880,0.5050153136253357,0.4228004813194275,0.01,0.90
252980,0.5050153136253357,0.4228004813194275,0.01,0.90
253080,0.5050153136253357,0.4228004813194275,0.01,0.90
253180,0.5050153136253357,0.4228004813194275,0.01,0.90
253280,0.5050153136253357,0.4228004813194275,0.01,0.90
253380,0.5050153136253357,0.4228004813194275,0.01,0.90
253480,0.5050153136253357,0.4228004813194275,0.01,0.90
253580,0.5050153136253357,0.4228004813194275,0.01,0.90
253680,0.5050153136253357,0.4228004813194275,0.01,0.90
253780,0.5050153136253357,0.4228004813194275,0.01,0.90
253880,0.5050153136253357,0.4228004813194275,0.01,0.90
253980,0.5050153136253357,0.4228004813194275,0.01,0.90
254080,0.5050153136253357,0.4228004813194275,0.01,0.90
254180,0.5050153136253357,0.4228004813194275,0.01,0.90
254280,0.5050153136253357,0.4228004813194275,0.01,0.90
254380,0.5050153136253357,0.4228004813194275,0.01,0.90
254480,0.5050153136253357,0.4228004813194275,0.01,0.90
254580,0.5050153136253357,0.4228004813194275,0.01,0.90
254680,0.5050153136253357,0.4228004813194275,0.01,0.90
254780,0.5050153136253357,0.4228004813194275,0.01,0.90
254880,0.5050153136253357,0.4228004813194275,0.01,0.90
254980,0.5050153136253357,0.4228004813194275,0.01,0.90
255080,0.5050153136253357,0.4228004813194275,0.01,0.90
255180,0.5050153136253357,0.4228004813194275,0.01,0.90
255280,0.5050153136253357,0.4228004813194275,0.01,0.90
255380,0.5050153136253357,0.4228004813194275,0.01,0.90
255480,0.5050153136253357,0.4228004813194275,0.01,0.90
255580,0.5050153136253357,0.4228004813194275,0.01,0.90
255680,0.5050153136253357,0.4228004813194275,0.01,0.90
255780,0.5050153136253357,0.4228004813194275,0.01,0.90
255880,0.5050153136253357,0.4228004813194275,0.01,0.90
255980,0.5050153136253357,0.4228004813194275,0.01,0.90
256080,0.5050153136253357,0.4228004813194275,0.01,0.90
256180,0.5050153136253357,0.4228004813194275,0.01,0.90
256280,0.5050153136253357,0.4228004813194275,0.01,0.90
256380,0.5050153136253357,0.4228004813194275,0.01,0.90
256480,0.5050153136253357,0.4228004813194275,0.01,0.90
256580,0.5050153136253357,0.4228004813194275,0.01,0.90
256680,0.5050153136253357,0.4228004813194275,0.01,0.90
256780,0.5050153136253357,0.4228004813194275,0.01,0.90
256880,0.5050153136253357,0.4228004813194275,0.01,0.90
256980,0.5050153136253357,0.4228004813194275,0.01,0.90
257080,0.5050153136253357,0.4228004813194275,0.01,0.90
257180,0.5050153136253357,0.4228004813194275,0.01,0.90
257280,0.5050153136253357,0.4228004813194275,0.01,0.90
257380,0.5050153136253357,0.4228004813194275,0.01,0.90
257480,0.5050153136253357,0.4228004813194275,0.01,0.90
257580,0.5050153136253357,0.4228004813194275,0.01,0.90
257680,0.5050153136253357,0.4228004813194275,0.01,0.90
257780,0.5050153136253357,0.4228004813194275,0.01,0.90
257880,0.5050153136253357,0.4228004813194275,0.01,0.90
257980,0.5050153136253357,0.4228004813194275,0.01,0.90
258080,0.5050153136253357,0.4228004813194275,0.01,0.90
258180,0.5050153136253357,0.4228004813194275,0.01,0.90
258280,0.5050153136253357,0.4228004813194275,0.01,0.90
258380,0.5050153136253357,0.4228004813194275,0.01,0.90
258480,0.5050153136253357,0.4228004813194275,0.01,0.90
258580,0.5050153136253357,0.4228004813194275,0.01,0.90
258680,0.5050153136253357,0.4228004813194275,0.01,0.90
258780,0.5050153136253357,0.4228004813194275,0.01,0.90
258880,0.5050153136253357,0.4228004813194275,0.01,0.90
258980,0.5050153136253357,0.4228004813194275,0.01,0.90
259080,0.5050153136253357,0.4228004813194275,0.01,0.90
259180,0.5050153136253357,0.4228004813194275,0.01,0.90
259280,0.5050153136253357,0.4228004813194275,0.01,0.90
259380,0.5050153136253357,0.4228004813194275,0.01,0.90
259480,0.5050153136253357,0.4228004813194275,0.01,0.90
259580,0.5050153136253357,0.4228004813194275,0.01,0.90
259680,0.5050153136253357,0.4228004813194275,0.01,0.90
259780,0.5050153136253357,0.4228004813194275,0.01,0.90
259880,0.5050153136253357,0.4228004813194275,0.01,0.90
259980,0.5050153136253357,0.4228004813194275,0.01,0.90
260080,0.5050153136253357,0.4228004813194275,0.01,0.90
260180,0.5050153136253357,0.4228004813194275,0.01,0.90
260280,0.5050153136253357,0.4228004813194275,0.01,0.90
260380,0.5050153136253357,0.4228004813194275,0.01,0.90
260480,0.5050153136253357,0.4228004813194275,0.01,0.90
260580,0.5050153136253357,0.4228004813194275,0.01,0.90
260680,0.5050153136253357,0.4228004813194275,0.01,0.90
260780,0.5050153136253357,0.4228004813194275,0.01,0.90
260880,0.5050153136253357,0.4228004813194275,0.01,0.90
260980,0.5050153136253357,0.4228004813194275,0.01,0.90
261080,0.5050153136253357,0.4228004813194275,0.01,0.90
261180,0.5050153136253357,0.4228004813194275,0.01,0.90
261280,0.5050153136253357,0.4228004813194275,0.01,0.90
261380,0.5050153136253357,0.4228004813194275,0.01,0.90
261480,0.5050153136253357,0.4228004813194275,0.01,0.90
261580,0.5050153136253357,0.4228004813194275,0.01,0.90
261680,0.5050153136253357,0.4228004813194275,0.01,0.90
261780,0.5050153136253357,0.4228004813194275,0.01,0.90
261880,0.5050153136253357,0.4228004813194275,0.01,0.90
261980,0.5050153136253357,0.4228004813194275,0.01,0.90
262080,0.5050153136253357,0.4228004813194275,0.01,0.90
262180,0.5050153136253357,0.4228004813194275,0.01,0.90
262280,0.5050153136253357,0.4228004813194275,0.01,0.90
262380,0.5050153136253357,0.4228004813194275,0.01,0.90
262480,0.5050153136253357,0.4228004813194275,0.01,0.90
262580,0.5050153136253357,0.4228004813194275,0.01,0.90
262680,0.5050153136253357,0.4228004813194275,0.01,0.90
262780,0.5050153136253357,0.4228004813194275,0.01,0.90
262880,0.5050153136253357,0.4228004813194275,0.01,0.90
262980,0.5050153136253357,0.4228004813194275,0.01,0.90
263080,0.5050153136253357,0.4228004813194275,0.01,0.90
263180,0.5050153136253357,0.4228004813194275,0.01,0.90
263280,0.5050153136253357,0.4228004813194275,0.01,0.90
263380,0.5050153136253357,0.4228004813194275,0.01,0.90
263480,0.5050153136253357,0.4228004813194275,0.01,0.90
263580,0.5050153136253357,0.4228004813194275,0.01,0.90
263680,0.5050153136253357,0.4228004813194275,0.01,0.90
263780,0.5050153136253357,0.4228004813194275,0.01,0.90
278980,0.5050153136253357,0.4228004813194275,0.01,0.91
279080,0.5050153136253357,0.4228004813194275,0.01,0.91
279180,0.5050153136253357,0.4228004813194275,0.01,0.91
279280,0.5050153136253357,0.4228004813194275,0.01,0.91
279380,0.5050153136253357,0.4228004813194275,0.01,0.91
279480,0.5050153136253357,0.4228004813194275,0.01,0.91
279580,0.5050153136253357,0.4228004813194275,0.01,0.91
279680,0.5050153136253357,0.4228004813194275,0.01,0.91
279780,0.5050153136253357,0.4228004813194275,0.01,0.91
279880,0.5050153136253357,0.4228004813194275,0.01,0.91
279980,0.5050153136253357,0.4228004813194275,0.01,0.91
280080,0.5050153136253357,0.4228004813194275,0.01,0.91
280180,0.5050153136253357,0.4228004813194275,0.01,0.91
280280,0.5050153136253357,0.4228004813194275,0.01,0.91
280380,0.5050153136253357,0.4228004813194275,0.01,0.91
280480,0.5050153136253357,0.4228004813194275,0.01,0.91
280580,0.5050153136253357,0.4228004813194275,0.01,0.91
280680,0.5050153136253357,0.4228004813194275,0.01,0.91
280780,0.5050153136253357,0.4228004813194275,0.01,0.91
280880,0.5050153136253357,0.4228004813194275,0.01,0.91
280980,0.5050153136253357,0.4228004813194275,0.01,0.91
281080,0.5050153136253357,0.4228004813194275,0.01,0.91
281180,0.5050153136253357,0.4228004813194275,0.01,0.91
281280,0.5050153136253357,0.4228004813194275,0.01,0.91
281380,0.5050153136253357,0.4228004813194275,0.01,0.91
281480,0.5050153136253357,0.4228004813194275,0.01,0.91
281580,0.5050153136253357,0.4228004813194275,0.01,0.91
281680,0.5050153136253357,0.4228004813194275,0.01,0.91
281780,0.5050153136253357,0.4228004813194275,0.01,0.91
281880,0.5050153136253357,0.4228004813194275,0.01,0.91
281980,0.5050153136253357,0.4228004813194275,0.01,0.91
282080,0.5050153136253357,0.4228004813194275,0.01,0.91
282180,0.5050153136253357,0.4228004813194275,0.01,0.91
282280,0.5050153136253357,0.4228004813194275,0.01,0.91
282380,0.5050153136253357,0.4228004813194275,0.01,0.91
282480,0.5050153136253357,0.4228004813194275,0.01,0.91
282580,0.5050153136253357,0.4228004813194275,0.01,0.91
282680,0.5050153136253357,0.4228004813194275,0.01,0.91
282780,0.5050153136253357,0.4228004813194275,0.01,0.91
282880,0.5050153136253357,0.4228004813194275,0.01,0.91
282980,0.5050153136253357,0.4228004813194275,0.01,0.91
283080,0.5050153136253357,0.4228004813194275,0.01,0.91
283180,0.5050153136253357,0.4228004813194275,0.01,0.91
283280,0.5050153136253357,0.4228004813194275,0.01,0.91
283380,0.5050153136253357,0.4228004813194275,0.01,0.91
283480,0.5050153136253357,0.4228004813194275,0.01,0.91
283580,0.5050153136253357,0.4228004813194275,0.01,0.91
283680,0.5050153136253357,0.4228004813194275,0.01,0.91
283780,0.5050153136253357,0.4228004813194275,0.01,0.91
283880,0.5050153136253357,0.4228004813194275,0.01,0.91
283980,0.5050153136253357,0.4228004813194275,0.01,0.91
284080,0.5050153136253357,0.4228004813194275,0.01,0.91
284180,0.5050153136253357,0.4228004813194275,0.01,0.91
284280,0.5050153136253357,0.4228004813194275,0.01,0.91
284380,0.5050153136253357,0.4228004813194275,0.01,0.91
284480,0.5050153136253357,0.4228004813194275,0.01,0.91
284580,0.5050153136253357,0.4228004813194275,0.01,0.91
284680,0.5050153136253357,0.4228004813194275,0.01,0.91
284780,0.5050153136253357,0.4228004813194275,0.01,0.91
284880,0.5050153136253357,0.4228004813194275,0.01,0.91
284980,0.5050153136253357,0.4228004813194275,0.01,0.91
285080,0.5050153136253357,0.4228004813194275,0.01,0.91
285180,0.5050153136253357,0.4228004813194275,0.01,0.91
285280,0.5050153136253357,0.4228004813194275,0.01,0.91
285380,0.5050153136253357,0.4228004813194275,0.01,0.91
285480,0.5050153136253357,0.4228004813194275,0.01,0.91
285580,0.5050153136253357,0.4228004813194275,0.01,0.91
285680,0.5050153136253357,0.4228004813194275,0.01,0.91
285780,0.5050153136253357,0.4228004813194275,0.01,0.91
285880,0.5050153136253357,0.4228004813194275,0.01,0.91
285980,0.5050153136253357,0.4228004813194275,0.01,0.91
286080,0.5050153136253357,0.4228004813194275,0.01,0.91
286180,0.5050153136253357,0.4228004813194275,0.01,0.91
286280,0.5050153136253357,0.4228004813194275,0.01,0.91
286380,0.5050153136253357,0.4228004813194275,0.01,0.91
286480,0.5050153136253357,0.4228004813194275,0.01,0.91
286580,0.5050153136253357,0.4228004813194275,0.01,0.91
286680,0.5050153136253357,0.4228004813194275,0.01,0.91
286780,0.5050153136253357,0.4228004813194275,0.01,0.91
286880,0.5050153136253357,0.4228004813194275,0.01,0.91
286980,0.5050153136253357,0.4228004813194275,0.01,0.91
287080,0.5050153136253357,0.4228004813194275,0.01,0.91
287180,0.5050153136253357,0.4228004813194275,0.01,0.91
287280,0.5050153136253357,0.4228004813194275,0.01,0.91
287380,0.5050153136253357,0.4228004813194275,0.01,0.91
287480,0.5050153136253357,0.4228004813194275,0.01,0.91
287580,0.5050153136253357,0.4228004813194275,0.01,0.91
287680,0.5050153136253357,0.4228004813194275,0.01,0.91
287780,0.5050153136253357,0.4228004813194275,0.01,0.91
287880,0.5050153136253357,0.4228004813194275,0.01,0.91
287980,0.5050153136253357,0.4228004813194275,0.01,0.91
288080,0.5050153136253357,0.4228004813194275,0.01,0.91
288180,0.5050153136253357,0.4228004813194275,0.01,0.91
288280,0.5050153136253357,0.4228004813194275,0.01,0.91
288380,0.5050153136253357,0.4228004813194275,0.01,0.91
288480,0.5050153136253357,0.4228004813194275,0.01,0.91
288580,0.5050153136253357,0.4228004813194275,0.01,0.91
288680,0.5050153136253357,0.4228004813194275,0.01,0.91
288780,0.5050153136253357,0.4228004813194275,0.01,0.91
288880,0.5050153136253357,0.4228004813194275,0.01,0.91
288980,0.5050153136253357,0.4228004813194275,0.01,0.91
289080,0.5050153136253357,0.4228004813194275,0.01,0.91
289180,0.5050153136253357,0.4228004813194275,0.01,0.91
289280,0.5050153136253357,0.4228004813194275,0.01,0.91
289380,0.5050153136253357,0.4228004813194275,0.01,0.91
289480,0.5050153136253357,0.4228004813194275,0.01,0.91
289580,0.5050153136253357,0.4228004813194275,0.01,0.91
289680,0.5050153136253357,0.4228004813194275,0.01,0.91
289780,0.5050153136253357,0.4228004813194275,0.01,0.91
289880,0.5050153136253357,0.4228004813194275,0.01,0.91
289980,0.5050153136253357,0.4228004813194275,0.01,0.91
290080,0.5050153136253357,0.4228004813194275,0.01,0.91
290180,0.5050153136253357,0.4228004813194275,0.01,0.91
290280,0.5050153136253357,0.4228004813194275,0.01,0.91
290380,0.5050153136253357,0.4228004813194275,0.01,0.91
290480,0.5050153136253357,0.4228004813194275,0.01,0.91
290580,0.5050153136253357,0.4228004813194275,0.01,0.91
290680,0.5050153136253357,0.4228004813194275,0.01,0.91
290780,0.5050153136253357,0.4228004813194275,0.01,0.91
290880,0.5050153136253357,0.4228004813194275,0.01,0.91
290980,0.5050153136253357,0.4228004813194275,0.01,0.91
291080,0.5050153136253357,0.4228004813194275,0.01,0.91
291180,0.5050153136253357,0.4228004813194275,0.01,0.91
291280,0.5050153136253357,0.4228004813194275,0.01,0.91
291380,0.5050153136253357,0.4228004813194275,0.01,0.91
291480,0.5050153136253357,0.4228004813194275,0.01,0.91
291580,0.5050153136253357,0.4228004813194275,0.01,0.91
291680,0.5050153136253357,0.4228004813194275,0.01,0.91
291780,0.5050153136253357,0.4228004813194275,0.01,0.91
291880,0.5050153136253357,0.4228004813194275,0.01,0.91
291980,0.5050153136253357,0.4228004813194275,0.01,0.91
292080,0.5050153136253357,0.4228004813194275,0.01,0.91
292180,0.5050153136253357,0.4228004813194275,0.01,0.91
292280,0.5050153136253357,0.4228004813194275,0.01,0.91
292380,0.5050153136253357,0.4228004813194275,0.01,0.91
292480,0.5050153136253357,0.4228004813194275,0.01,0.91
292580,0.5050153136253357,0.4228004813194275,0.01,0.91
292680,0.5050153136253357,0.4228004813194275,0.01,0.91
292780,0.5050153136253357,0.4228004813194275,0.01,0.91
292880,0.5050153136253357,0.4228004813194275,0.01,0.91
292980,0.5050153136253357,0.4228004813194275,0.01,0.91
293080,0.5050153136253357,0.4228004813194275,0.01,0.91
293180,0.5050153136253357,0.4228004813194275,0.01,0.91
293280,0.5050153136253357,0.4228004813194275,0.01,0.91
293380,0.5050153136253357,0.4228004813194275,0.01,0.91
293480,0.5050153136253357,0.4228004813194275,0.01,0.91
293580,0.5050153136253357,0.4228004813194275,0.01,0.91
293680,0.5050153136253357,0.4228004813194275,0.01,0.91
293780,0.5050153136253357,0.4228004813194275,0.01,0.91
293880,0.5050153136253357,0.4228004813194275,0.01,0.91
293980,0.5050153136253357,0.4228004813194275,0.01,0.91
309180,0.5050153136253357,0.4228004813194275,0.01,0.91
309280,0.5050153136253357,0.4228004813194275,0.01,0.91
309380,0.5050153136253357,0.4228004813194275,0.01,0.91
309480,0.5050153136253357,0.4228004813194275,0.01,0.91
309580,0.5050153136253357,0.4228004813194275,0.01,0.91
309680,0.5050153136253357,0.4228004813194275,0.01,0.91
309780,0.5050153136253357,0.4228004813194275,0.01,0.91
309880,0.5050153136253357,0.4228004813194275,0.01,0.91
309980,0.5050153136253357,0.4228004813194275,0.01,0.91
310080,0.5050153136253357,0.4228004813194275,0.01,0.91
310180,0.5050153136253357,0.4228004813194275,0.01,0.91
310280,0.5050153136253357,0.4228004813194275,0.01,0.91
310380,0.5050153136253357,0.4228004813194275,0.01,0.91
310480,0.5050153136253357,0.4228004813194275,0.01,0.91
310580,0.5050153136253357,0.4228004813194275,0.01,0.91
310680,0.5050153136253357,0.4228004813194275,0.01,0.91
310780,0.5050153136253357,0.4228004813194275,0.01,0.91
310880,0.5050153136253357,0.4228004813194275,0.01,0.91
310980,0.5050153136253357,0.4228004813194275,0.01,0.91
311080,0.5050153136253357,0.4228004813194275,0.01,0.91
311180,0.5050153136253357,0.4228004813194275,0.01,0.91
311280,0.5050153136253357,0.4228004813194275,0.01,0.91
311380,0.5050153136253357,0.4228004813194275,0.01,0.91
311480,0.5050153136253357,0.4228004813194275,0.01,0.91
311580,0.5050153136253357,0.4228004813194275,0.01,0.91
311680,0.5050153136253357,0.4228004813194275,0.01,0.91
311780,0.5050153136253357,0.4228004813194275,0.01,0.91
311880,0.5050153136253357,0.4228004813194275,0.01,0.91
311980,0.5050153136253357,0.4228004813194275,0.01,0.91
312080,0.5050153136253357,0.4228004813194275,0.01,0.91
312180,0.5050153136253357,0.4228004813194275,0.01,0.91
312280,0.5050153136253357,0.4228004813194275,0.01,0.91
312380,0.5050153136253357,0.4228004813194275,0.01,0.91
312480,0.5050153136253357,0.4228004813194275,0.01,0.91
312580,0.5050153136253357,0.4228004813194275,0.01,0.91
312680,0.5050153136253357,0.4228004813194275,0.01,0.91
312780,0.5050153136253357,0.4228004813194275,0.01,0.91
312880,0.5050153136253357,0.4228004813194275,0.01,0.91
312980,0.5050153136253357,0.4228004813194275,0.01,0.91
313080,0.5050153136253357,0.4228004813194275,0.01,0.91
313180,0.5050153136253357,0.4228004813194275,0.01,0.91
313280,0.5050153136253357,0.4228004813194275,0.01,0.91
313380,0.5050153136253357,0.4228004813194275,0.01,0.91
313480,0.5050153136253357,0.4228004813194275,0.01,0.91
313580,0.5050153136253357,0.4228004813194275,0.01,0.91
313680,0.5050153136253357,0.4228004813194275,0.01,0.91
313780,0.5050153136253357,0.4228004813194275,0.01,0.91
313880,0.5050153136253357,0.4228004813194275,0.01,0.91
313980,0.5050153136253357,0.4228004813194275,0.01,0.91
314080,0.5050153136253357,0.4228004813194275,0.01,0.91
314180,0.5050153136253357,0.4228004813194275,0.01,0.91
314280,0.5050153136253357,0.4228004813194275,0.01,0.91
314380,0.5050153136253357,0.4228004813194275,0.01,0.91
314480,0.5050153136253357,0.4228004813194275,0.01,0.91
314580,0.5050153136253357,0.4228004813194275,0.01,0.91
314680,0.5050153136253357,0.4228004813194275,0.01,0.91
314780,0.5050153136253357,0.4228004813194275,0.01,0.91
314880,0.5050153136253357,0.4228004813194275,0.01,0.91
314980,0.5050153136253357,0.4228004813194275,0.01,0.91
315080,0.5050153136253357,0.4228004813194275,0.01,0.91
315180,0.5050153136253357,0.4228004813194275,0.01,0.91
315280,0.5050153136253357,0.4228004813194275,0.01,0.91
315380,0.5050153136253357,0.4228004813194275,0.01,0.91
315480,0.5050153136253357,0.4228004813194275,0.01,0.91
315580,0.5050153136253357,0.4228004813194275,0.01,0.91
315680,0.5050153136253357,0.4228004813194275,0.01,0.91
315780,0.5050153136253357,0.4228004813194275,0.01,0.91
315880,0.5050153136253357,0.4228004813194275,0.01,0.91
315980,0.5050153136253357,0.4228004813194275,0.01,0.91
316080,0.5050153136253357,0.4228004813194275,0.01,0.91
316180,0.5050153136253357,0.4228004813194275,0.01,0.91
316280,0.5050153136253357,0.4228004813194275,0.01,0.91
316380,0.5050153136253357,0.4228004813194275,0.01,0.91
316480,0.5050153136253357,0.4228004813194275,0.01,0.91
316580,0.5050153136253357,0.4228004813194275,0.01,0.91
316680,0.5050153136253357,0.4228004813194275,0.01,0.91
316780,0.5050153136253357,0.4228004813194275,0.01,0.91
316880,0.5050153136253357,0.4228004813194275,0.01,0.91
316980,0.5050153136253357,0.4228004813194275,0.01,0.91
317080,0.5050153136253357,0.4228004813194275,0.01,0.91
317180,0.5050153136253357,0.4228004813194275,0.01,0.91
317280,0.5050153136253357,0.4228004813194275,0.01,0.91
317380,0.5050153136253357,0.4228004813194275,0.01,0.91
317480,0.5050153136253357,0.4228004813194275,0.01,0.91
317580,0.5050153136253357,0.4228004813194275,0.01,0.91
317680,0.5050153136253357,0.4228004813194275,0.01,0.91
317780,0.5050153136253357,0.4228004813194275,0.01,0.91
317880,0.5050153136253357,0.4228004813194275,0.01,0.91
317980,0.5050153136253357,0.4228004813194275,0.01,0.91
318080,0.5050153136253357,0.4228004813194275,0.01,0.91
318180,0.5050153136253357,0.4228004813194275,0.01,0.91
318280,0.5050153136253357,0.4228004813194275,0.01,0.91
318380,0.5050153136253357,0.4228004813194275,0.01,0.91
318480,0.5050153136253357,0.4228004813194275,0.01,0.91
318580,0.5050153136253357,0.4228004813194275,0.01,0.91
318680,0.5050153136253357,0.4228004813194275,0.01,0.91
318780,0.5050153136253357,0.4228004813194275,0.01,0.91
318880,0.5050153136253357,0.4228004813194275,0.01,0.91
318980,0.5050153136253357,0.4228004813194275,0.01,0.91
319080,0.5050153136253357,0.4228004813194275,0.01,0.91
319180,0.5050153136253357,0.4228004813194275,0.01,0.91
319280,0.5050153136253357,0.4228004813194275,0.01,0.91
319380,0.5050153136253357,0.4228004813194275,0.01,0.91
319480,0.5050153136253357,0.4228004813194275,0.01,0.91
319580,0.5050153136253357,0.4228004813194275,0.01,0.91
319680,0.5050153136253357,0.4228004813194275,0.01,0.91
319780,0.5050153136253357,0.4228004813194275,0.01,0.91
319880,0.5050153136253357,0.4228004813194275,0.01,0.91
319980,0.5050153136253357,0.4228004813194275,0.01,0.91
320080,0.5050153136253357,0.4228004813194275,0.01,0.91
320180,0.5050153136253357,0.4228004813194275,0.01,0.91
320280,0.5050153136253357,0.4228004813194275,0.01,0.91
320380,0.5050153136253357,0.4228004813194275,0.01,0.91
320480,0.5050153136253357,0.4228004813194275,0.01,0.91
320580,0.5050153136253357,0.4228004813194275,0.01,0.91
320680,0.5050153136253357,0.4228004813194275,0.01,0.91
320780,0.5050153136253357,0.4228004813194275,0.01,0.91
320880,0.5050153136253357,0.4228004813194275,0.01,0.91
320980,0.5050153136253357,0.4228004813194275,0.01,0.91
321080,0.5050153136253357,0.4228004813194275,0.01,0.91
321180,0.5050153136253357,0.4228004813194275,0.01,0.91
321280,0.5050153136253357,0.4228004813194275,0.01,0.91
321380,0.5050153136253357,0.4228004813194275,0.01,0.91
321480,0.5050153136253357,0.4228004813194275,0.01,0.91
321580,0.5050153136253357,0.4228004813194275,0.01,0.91
321680,0.5050153136253357,0.4228004813194275,0.01,0.91
321780,0.5050153136253357,0.4228004813194275,0.01,0.91
321880,0.5050153136253357,0.4228004813194275,0.01,0.91
321980,0.5050153136253357,0.4228004813194275,0.01,0.91
322080,0.5050153136253357,0.4228004813194275,0.01,0.91
322180,0.5050153136253357,0.4228004813194275,0.01,0.91
322280,0.5050153136253357,0.4228004813194275,0.01,0.91
322380,0.5050153136253357,0.4228004813194275,0.01,0.91
322480,0.5050153136253357,0.4228004813194275,0.01,0.91
322580,0.5050153136253357,0.4228004813194275,0.01,0.91
322680,0.5050153136253357,0.4228004813194275,0.01,0.91
322780,0.5050153136253357,0.4228004813194275,0.01,0.91
322880,0.5050153136253357,0.4228004813194275,0.01,0.91
322980,0.5050153136253357,0.4228004813194275,0.01,0.91
323080,0.5050153136253357,0.4228004813194275,0.01,0.91
323180,0.5050153136253357,0.4228004813194275,0.01,0.91
323280,0.5050153136253357,0.4228004813194275,0.01,0.91
323380,0.5050153136253357,0.4228004813194275,0.01,0.91
323480,0.5050153136253357,0.4228004813194275,0.01,0.91
323580,0.5050153136253357,0.4228004813194275,0.01,0.91
323680,0.5050153136253357,0.4228004813194275,0.01,0.91
323780,0.5050153136253357,0.4228004813194275,0.01,0.91
323880,0.5050153136253357,0.4228004813194275,0.01,0.91
323980,0.5050153136253357,0.4228004813194275,0.01,0.91
324080,0.5050153136253357,0.4228004813194275,0.01,0.91
324180,0.5050153136253357,0.4228004813194275,0.01,0.91
339380,0.5050153136253357,0.4228004813194275,0.01,0.88
339480,0.5050153136253357,0.4228004813194275,0.01,0.88
339580,0.5050153136253357,0.4228004813194275,0.01,0.88
339680,0.5050153136253357,0.4228004813194275,0.01,0.88
339780,0.5050153136253357,0.4228004813194275,0.01,0.88
339880,0.5050153136253357,0.4228004813194275,0.01,0.88
339980,0.5050153136253357,0.4228004813194275,0.01,0.88
340080,0.5050153136253357,0.4228004813194275,0.01,0.88
340180,0.5050153136253357,0.4228004813194275,0.01,0.88
340280,0.5050153136253357,0.4228004813194275,0.01,0.88
340380,0.5050153136253357,0.4228004813194275,0.01,0.88
340480,0.5050153136253357,0.4228004813194275,0.01,0.88
340580,0.5050153136253357,0.4228004813194275,0.01,0.88
340680,0.5050153136253357,0.4228004813194275,0.01,0.88
340780,0.5050153136253357,0.4228004813194275,0.01,0.88
340880,0.5050153136253357,0.4228004813194275,0.01,0.88
340980,0.5050153136253357,0.4228004813194275,0.01,0.88
341080,0.5050153136253357,0.4228004813194275,0.01,0.88
341180,0.5050153136253357,0.4228004813194275,0.01,0.88
341280,0.5050153136253357,0.4228004813194275,0.01,0.88
341380,0.5050153136253357,0.4228004813194275,0.01,0.88
341480,0.5050153136253357,0.4228004813194275,0.01,0.88
341580,0.5050153136253357,0.4228004813194275,0.01,0.88
341680,0.5050153136253357,0.4228004813194275,0.01,0.88
341780,0.5050153136253357,0.4228004813194275,0.01,0.88
341880,0.5050153136253357,0.4228004813194275,0.01,0.88
341980,0.5050153136253357,0.4228004813194275,0.01,0.88
342080,0.5050153136253357,0.4228004813194275,0.01,0.88
342180,0.5050153136253357,0.4228004813194275,0.01,0.88
342280,0.5050153136253357,0.4228004813194275,0.01,0.88
342380,0.5050153136253357,0.4228004813194275,0.01,0.88
342480,0.5050153136253357,0.4228004813194275,0.01,0.88
342580,0.5050153136253357,0.4228004813194275,0.01,0.88
342680,0.5050153136253357,0.4228004813194275,0.01,0.88
342780,0.5050153136253357,0.4228004813194275,0.01,0.88
342880,0.5050153136253357,0.4228004813194275,0.01,0.88
342980,0.5050153136253357,0.4228004813194275,0.01,0.88
343080,0.5050153136253357,0.4228004813194275,0.01,0.88
343180,0.5050153136253357,0.4228004813194275,0.01,0.88
343280,0.5050153136253357,0.4228004813194275,0.01,0.88
343380,0.5050153136253357,0.4228004813194275,0.01,0.88
343480,0.5050153136253357,0.4228004813194275,0.01,0.88
343580,0.5050153136253357,0.4228004813194275,0.01,0.88
343680,0.5050153136253357,0.4228004813194275,0.01,0.88
343780,0.5050153136253357,0.4228004813194275,0.01,0.88
343880,0.5050153136253357,0.4228004813194275,0.01,0.88
343980,0.5050153136253357,0.4228004813194275,0.01,0.88
344080,0.5050153136253357,0.4228004813194275,0.01,0.88
344180,0.5050153136253357,0.4228004813194275,0.01,0.88
344280,0.5050153136253357,0.4228004813194275,0.01,0.88
344380,0.5050153136253357,0.4228004813194275,0.01,0.88
344480,0.5050153136253357,0.4228004813194275,0.01,0.88
344580,0.5050153136253357,0.4228004813194275,0.01,0.88
344680,0.5050153136253357,0.4228004813194275,0.01,0.88
344780,0.5050153136253357,0.4228004813194275,0.01,0.88
344880,0.5050153136253357,0.4228004813194275,0.01,0.88
344980,0.5050153136253357,0.4228004813194275,0.01,0.88
345080,0.5050153136253357,0.4228004813194275,0.01,0.88
345180,0.5050153136253357,0.4228004813194275,0.01,0.88
345280,0.5050153136253357,0.4228004813194275,0.01,0.88
345380,0.5050153136253357,0.4228004813194275,0.01,0.88
345480,0.5050153136253357,0.4228004813194275,0.01,0.88
345580,0.5050153136253357,0.4228004813194275,0.01,0.88
345680,0.5050153136253357,0.4228004813194275,0.01,0.88
345780,0.5050153136253357,0.4228004813194275,0.01,0.88
345880,0.5050153136253357,0.4228004813194275,0.01,0.88
345980,0.5050153136253357,0.4228004813194275,0.01,0.88
346080,0.5050153136253357,0.4228004813194275,0.01,0.88
346180,0.5050153136253357,0.4228004813194275,0.01,0.88
346280,0.5050153136253357,0.4228004813194275,0.01,0.88
346380,0.5050153136253357,0.4228004813194275,0.01,0.88
346480,0.5050153136253357,0.4228004813194275,0.01,0.88
346580,0.5050153136253357,0.4228004813194275,0.01,0.88
346680,0.5050153136253357,0.4228004813194275,0.01,0.88
346780,0.5050153136253357,0.4228004813194275,0.01,0.88
346880,0.5050153136253357,0.4228004813194275,0.01,0.88
346980,0.5050153136253357,0.4228004813194275,0.01,0.88
347080,0.5050153136253357,0.4228004813194275,0.01,0.88
347180,0.5050153136253357,0.4228004813194275,0.01,0.88
347280,0.5050153136253357,0.4228004813194275,0.01,0.88
347380,0.5050153136253357,0.4228004813194275,0.01,0.88
347480,0.5050153136253357,0.4228004813194275,0.01,0.88
347580,0.5050153136253357,0.4228004813194275,0.01,0.88
347680,0.5050153136253357,0.4228004813194275,0.01,0.88
347780,0.5050153136253357,0.4228004813194275,0.01,0.88
347880,0.5050153136253357,0.4228004813194275,0.01,0.88
347980,0.5050153136253357,0.4228004813194275,0.01,0.88
348080,0.5050153136253357,0.4228004813194275,0.01,0.88
348180,0.5050153136253357,0.4228004813194275,0.01,0.88
348280,0.5050153136253357,0.4228004813194275,0.01,0.88
348380,0.5050153136253357,0.4228004813194275,0.01,0.88
348480,0.5050153136253357,0.4228004813194275,0.01,0.88
348580,0.5050153136253357,0.4228004813194275,0.01,0.88
348680,0.5050153136253357,0.4228004813194275,0.01,0.88
348780,0.5050153136253357,0.4228004813194275,0.01,0.88
348880,0.5050153136253357,0.4228004813194275,0.01,0.88
348980,0.5050153136253357,0.4228004813194275,0.01,0.88
349080,0.5050153136253357,0.4228004813194275,0.01,0.88
349180,0.5050153136253357,0.4228004813194275,0.01,0.88
349280,0.5050153136253357,0.4228004813194275,0.01,0.88
349380,0.5050153136253357,0.4228004813194275,0.01,0.88
349480,0.5050153136253357,0.4228004813194275,0.01,0.88
349580,0.5050153136253357,0.4228004813194275,0.01,0.88
349680,0.5050153136253357,0.4228004813194275,0.01,0.88
349780,0.5050153136253357,0.4228004813194275,0.01,0.88
349880,0.5050153136253357,0.4228004813194275,0.01,0.88
349980,0.5050153136253357,0.4228004813194275,0.01,0.88
350080,0.5050153136253357,0.4228004813194275,0.01,0.88
350180,0.5050153136253357,0.4228004813194275,0.01,0.88
350280,0.5050153136253357,0.4228004813194275,0.01,0.88
350380,0.5050153136253357,0.4228004813194275,0.01,0.88
350480,0.5050153136253357,0.4228004813194275,0.01,0.88
350580,0.5050153136253357,0.4228004813194275,0.01,0.88
350680,0.5050153136253357,0.4228004813194275,0.01,0.88
350780,0.5050153136253357,0.4228004813194275,0.01,0.88
350880,0.5050153136253357,0.4228004813194275,0.01,0.88
350980,0.5050153136253357,0.4228004813194275,0.01,0.88
351080,0.5050153136253357,0.4228004813194275,0.01,0.88
351180,0.5050153136253357,0.4228004813194275,0.01,0.88
351280,0.5050153136253357,0.4228004813194275,0.01,0.88
351380,0.5050153136253357,0.4228004813194275,0.01,0.88
351480,0.5050153136253357,0.4228004813194275,0.01,0.88
351580,0.5050153136253357,0.4228004813194275,0.01,0.88
351680,0.5050153136253357,0.4228004813194275,0.01,0.88
351780,0.5050153136253357,0.4228004813194275,0.01,0.88
351880,0.5050153136253357,0.4228004813194275,0.01,0.88
351980,0.5050153136253357,0.4228004813194275,0.01,0.88
352080,0.5050153136253357,0.4228004813194275,0.01,0.88
352180,0.5050153136253357,0.4228004813194275,0.01,0.88
352280,0.5050153136253357,0.4228004813194275,0.01,0.88
352380,0.5050153136253357,0.4228004813194275,0.01,0.88
352480,0.5050153136253357,0.4228004813194275,0.01,0.88
352580,0.5050153136253357,0.4228004813194275,0.01,0.88
352680,0.5050153136253357,0.4228004813194275,0.01,0.88
352780,0.5050153136253357,0.4228004813194275,0.01,0.88
352880,0.5050153136253357,0.4228004813194275,0.01,0.88
352980,0.5050153136253357,0.4228004813194275,0.01,0.88
353080,0.5050153136253357,0.4228004813194275,0.01,0.88
353180,0.5050153136253357,0.4228004813194275,0.01,0.88
353280,0.5050153136253357,0.4228004813194275,0.01,0.88
353380,0.5050153136253357,0.4228004813194275,0.01,0.88
353480,0.5050153136253357,0.4228004813194275,0.01,0.88
353580,0.5050153136253357,0.4228004813194275,0.01,0.88
353680,0.5050153136253357,0.4228004813194275,0.01,0.88
353780,0.5050153136253357,0.4228004813194275,0.01,0.88
353880,0.5050153136253357,0.4228004813194275,0.01,0.88
353980,0.5050153136253357,0.4228004813194275,0.01,0.88
354080,0.5050153136253357,0.4228004813194275,0.01,0.88
354180,0.5050153136253357,0.4228004813194275,0.01,0.88
354280,0.5050153136253357,0.4228004813194275,0.01,0.88
354380,0.5050153136253357,0.4228004813194275,0.01,0.88
369580,0.5050153136253357,0.4228004813194275,0.01,0.89
369680,0.5050153136253357,0.4228004813194275,0.01,0.89
369780,0.5050153136253357,0.4228004813194275,0.01,0.89
369880,0.5050153136253357,0.4228004813194275,0.01,0.89
369980,0.5050153136253357,0.4228004813194275,0.01,0.89
370080,0.5050153136253357,0.4228004813194275,0.01,0.89
370180,0.5050153136253357,0.4228004813194275,0.01,0.89
370280,0.5050153136253357,0.4228004813194275,0.01,0.89
370380,0.5050153136253357,0.4228004813194275,0.01,0.89
370480,0.5050153136253357,0.4228004813194275,0.01,0.89
370580,0.5050153136253357,0.4228004813194275,0.01,0.89
370680,0.5050153136253357,0.4228004813194275,0.01,0.89
370780,0.5050153136253357,0.4228004813194275,0.01,0.89
370880,0.5050153136253357,0.4228004813194275,0.01,0.89
370980,0.5050153136253357,0.4228004813194275,0.01,0.89
371080,0.5050153136253357,0.4228004813194275,0.01,0.89
371180,0.5050153136253357,0.4228004813194275,0.01,0.89
371280,0.5050153136253357,0.4228004813194275,0.01,0.89
371380,0.5050153136253357,0.4228004813194275,0.01,0.89
371480,0.5050153136253357,0.4228004813194275,0.01,0.89
371580,0.5050153136253357,0.4228004813194275,0.01,0.89
371680,0.5050153136253357,0.4228004813194275,0.01,0.89
371780,0.5050153136253357,0.4228004813194275,0.01,0.89
371880,0.5050153136253357,0.4228004813194275,0.01,0.89
371980,0.5050153136253357,0.4228004813194275,0.01,0.89
372080,0.5050153136253357,0.4228004813194275,0.01,0.89
372180,0.5050153136253357,0.4228004813194275,0.01,0.89
372280,0.5050153136253357,0.4228004813194275,0.01,0.89
372380,0.5050153136253357,0.4228004813194275,0.01,0.89
372480,0.5050153136253357,0.4228004813194275,0.01,0.89
372580,0.5050153136253357,0.4228004813194275,0.01,0.89
372680,0.5050153136253357,0.4228004813194275,0.01,0.89
372780,0.5050153136253357,0.4228004813194275,0.01,0.89
372880,0.5050153136253357,0.4228004813194275,0.01,0.89
372980,0.5050153136253357,0.4228004813194275,0.01,0.89
373080,0.5050153136253357,0.4228004813194275,0.01,0.89
373180,0.5050153136253357,0.4228004813194275,0.01,0.89
373280,0.5050153136253357,0.4228004813194275,0.01,0.89
373380,0.5050153136253357,0.4228004813194275,0.01,0.89
373480,0.5050153136253357,0.4228004813194275,0.01,0.89
373580,0.5050153136253357,0.4228004813194275,0.01,0.89
373680,0.5050153136253357,0.4228004813194275,0.01,0.89
373780,0.5050153136253357,0.4228004813194275,0.01,0.89
373880,0.5050153136253357,0.4228004813194275,0.01,0.89
373980,0.5050153136253357,0.4228004813194275,0.01,0.89
374080,0.5050153136253357,0.4228004813194275,0.01,0.89
374180,0.5050153136253357,0.4228004813194275,0.01,0.89
374280,0.5050153136253357,0.4228004813194275,0.01,0.89
374380,0.5050153136253357,0.4228004813194275,0.01,0.89
374480,0.5050153136253357,0.4228004813194275,0.01,0.89
374580,0.5050153136253357,0.4228004813194275,0.01,0.89
374680,0.5050153136253357,0.4228004813194275,0.01,0.89
374780,0.5050153136253357,0.4228004813194275,0.01,0.89
374880,0.5050153136253357,0.4228004813194275,0.01,0.89
374980,0.5050153136253357,0.4228004813194275,0.01,0.89
375080,0.5050153136253357,0.4228004813194275,0.01,0.89
375180,0.5050153136253357,0.4228004813194275,0.01,0.89
375280,0.5050153136253357,0.4228004813194275,0.01,0.89
375380,0.5050153136253357,0.4228004813194275,0.01,0.89
375480,0.5050153136253357,0.4228004813194275,0.01,0.89
375580,0.5050153136253357,0.4228004813194275,0.01,0.89
375680,0.5050153136253357,0.4228004813194275,0.01,0.89
375780,0.5050153136253357,0.4228004813194275,0.01,0.89
375880,0.5050153136253357,0.4228004813194275,0.01,0.89
375980,0.5050153136253357,0.4228004813194275,0.01,0.89
376080,0.5050153136253357,0.4228004813194275,0.01,0.89
376180,0.5050153136253357,0.4228004813194275,0.01,0.89
376280,0.5050153136253357,0.4228004813194275,0.01,0.89
376380,0.5050153136253357,0.4228004813194275,0.01,0.89
376480,0.5050153136253357,0.4228004813194275,0.01,0.89
376580,0.5050153136253357,0.4228004813194275,0.01,0.89
376680,0.5050153136253357,0.4228004813194275,0.01,0.89
376780,0.5050153136253357,0.4228004813194275,0.01,0.89
376880,0.5050153136253357,0.4228004813194275,0.01,0.89
376980,0.5050153136253357,0.4228004813194275,0.01,0.89
377080,0.5050153136253357,0.4228004813194275,0.01,0.89
377180,0.5050153136253357,0.4228004813194275,0.01,0.89
377280,0.5050153136253357,0.4228004813194275,0.01,0.89
377380,0.5050153136253357,0.4228004813194275,0.01,0.89
377480,0.5050153136253357,0.4228004813194275,0.01,0.89
377580,0.5050153136253357,0.4228004813194275,0.01,0.89
377680,0.5050153136253357,0.4228004813194275,0.01,0.89
377780,0.5050153136253357,0.4228004813194275,0.01,0.89
377880,0.5050153136253357,0.4228004813194275,0.01,0.89
377980,0.5050153136253357,0.4228004813194275,0.01,0.89
378080,0.5050153136253357,0.4228004813194275,0.01,0.89
378180,0.5050153136253357,0.4228004813194275,0.01,0.89
378280,0.5050153136253357,0.4228004813194275,0.01,0.89
378380,0.5050153136253357,0.4228004813194275,0.01,0.89
378480,0.5050153136253357,0.4228004813194275,0.01,0.89
378580,0.5050153136253357,0.4228004813194275,0.01,0.89
378680,0.5050153136253357,0.4228004813194275,0.01,0.89
378780,0.5050153136253357,0.4228004813194275,0.01,0.89
378880,0.5050153136253357,0.4228004813194275,0.01,0.89
378980,0.5050153136253357,0.4228004813194275,0.01,0.89
379080,0.5050153136253357,0.4228004813194275,0.01,0.89
379180,0.5050153136253357,0.4228004813194275,0.01,0.89
379280,0.5050153136253357,0.4228004813194275,0.01,0.89
379380,0.5050153136253357,0.4228004813194275,0.01,0.89
379480,0.5050153136253357,0.4228004813194275,0.01,0.89
379580,0.5050153136253357,0.4228004813194275,0.01,0.89
379680,0.5050153136253357,0.4228004813194275,0.01,0.89
379780,0.5050153136253357,0.4228004813194275,0.01,0.89
379880,0.5050153136253357,0.4228004813194275,0.01,0.89
379980,0.5050153136253357,0.4228004813194275,0.01,0.89
380080,0.5050153136253357,0.4228004813194275,0.01,0.89
380180,0.5050153136253357,0.4228004813194275,0.01,0.89
380280,0.5050153136253357,0.4228004813194275,0.01,0.89
380380,0.5050153136253357,0.4228004813194275,0.01,0.89
380480,0.5050153136253357,0.4228004813194275,0.01,0.89
380580,0.5050153136253357,0.4228004813194275,0.01,0.89
380680,0.5050153136253357,0.4228004813194275,0.01,0.89
380780,0.5050153136253357,0.4228004813194275,0.01,0.89
380880,0.5050153136253357,0.4228004813194275,0.01,0.89
380980,0.5050153136253357,0.4228004813194275,0.01,0.89
381080,0.5050153136253357,0.4228004813194275,0.01,0.89
381180,0.5050153136253357,0.4228004813194275,0.01,0.89
381280,0.5050153136253357,0.4228004813194275,0.01,0.89
381380,0.5050153136253357,0.4228004813194275,0.01,0.89
381480,0.5050153136253357,0.4228004813194275,0.01,0.89
381580,0.5050153136253357,0.4228004813194275,0.01,0.89
381680,0.5050153136253357,0.4228004813194275,0.01,0.89
381780,0.5050153136253357,0.4228004813194275,0.01,0.89
381880,0.5050153136253357,0.4228004813194275,0.01,0.89
381980,0.5050153136253357,0.4228004813194275,0.01,0.89
382080,0.5050153136253357,0.4228004813194275,0.01,0.89
382180,0.5050153136253357,0.4228004813194275,0.01,0.89
382280,0.5050153136253357,0.4228004813194275,0.01,0.89
382380,0.5050153136253357,0.4228004813194275,0.01,0.89
382480,0.5050153136253357,0.4228004813194275,0.01,0.89
382580,0.5050153136253357,0.4228004813194275,0.01,0.89
382680,0.5050153136253357,0.4228004813194275,0.01,0.89
382780,0.5050153136253357,0.4228004813194275,0.01,0.89
382880,0.5050153136253357,0.4228004813194275,0.01,0.89
382980,0.5050153136253357,0.4228004813194275,0.01,0.89
383080,0.5050153136253357,0.4228004813194275,0.01,0.89
383180,0.5050153136253357,0.4228004813194275,0.01,0.89
383280,0.5050153136253357,0.4228004813194275,0.01,0.89
383380,0.5050153136253357,0.4228004813194275,0.01,0.89
383480,0.5050153136253357,0.4228004813194275,0.01,0.89
383580,0.5050153136253357,0.4228004813194275,0.01,0.89
383680,0.5050153136253357,0.4228004813194275,0.01,0.89
383780,0.5050153136253357,0.4228004813194275,0.01,0.89
383880,0.5050153136253357,0.4228004813194275,0.01,0.89
383980,0.5050153136253357,0.4228004813194275,0.01,0.89
384080,0.5050153136253357,0.4228004813194275,0.01,0.89
384180,0.5050153136253357,0.4228004813194275,0.01,0.89
384280,0.5050153136253357,0.4228004813194275,0.01,0.89
384380,0.5050153136253357,0.4228004813194275,0.01,0.89
384480,0.5050153136253357,0.4228004813194275,0.01,0.89
384580,0.5050153136253357,0.4228004813194275,0.01,0.89
399780,0.5050153136253357,0.4228004813194275,0.01,0.89
399880,0.5050153136253357,0.4228004813194275,0.01,0.89
399980,0.5050153136253357,0.4228004813194275,0.01,0.89
400080,0.5050153136253357,0.4228004813194275,0.01,0.89
400180,0.5050153136253357,0.4228004813194275,0.01,0.89
400280,0.5050153136253357,0.4228004813194275,0.01,0.89
400380,0.5050153136253357,0.4228004813194275,0.01,0.89
400480,0.5050153136253357,0.4228004813194275,0.01,0.89
400580,0.5050153136253357,0.4228004813194275,0.01,0.89
400680,0.5050153136253357,0.4228004813194275,0.01,0.89
400780,0.5050153136253357,0.4228004813194275,0.01,0.89
400880,0.5050153136253357,0.4228004813194275,0.01,0.89
400980,0.5050153136253357,0.4228004813194275,0.01,0.89
401080,0.5050153136253357,0.4228004813194275,0.01,0.89
401180,0.5050153136253357,0.4228004813194275,0.01,0.89
401280,0.5050153136253357,0.4228004813194275,0.01,0.89
401380,0.5050153136253357,0.4228004813194275,0.01,0.89
401480,0.5050153136253357,0.4228004813194275,0.01,0.89
401580,0.5050153136253357,0.4228004813194275,0.01,0.89
401680,0.5050153136253357,0.4228004813194275,0.01,0.89
401780,0.5050153136253357,0.4228004813194275,0.01,0.89
401880,0.5050153136253357,0.4228004813194275,0.01,0.89
401980,0.5050153136253357,0.4228004813194275,0.01,0.89
402080,0.5050153136253357,0.4228004813194275,0.01,0.89
402180,0.5050153136253357,0.4228004813194275,0.01,0.89
402280,0.5050153136253357,0.4228004813194275,0.01,0.89
402380,0.5050153136253357,0.4228004813194275,0.01,0.89
402480,0.5050153136253357,0.4228004813194275,0.01,0.89
402580,0.5050153136253357,0.4228004813194275,0.01,0.89
402680,0.5050153136253357,0.4228004813194275,0.01,0.89
402780,0.5050153136253357,0.4228004813194275,0.01,0.89
402880,0.5050153136253357,0.4228004813194275,0.01,0.89
402980,0.5050153136253357,0.4228004813194275,0.01,0.89
403080,0.5050153136253357,0.4228004813194275,0.01,0.89
403180,0.5050153136253357,0.4228004813194275,0.01,0.89
403280,0.5050153136253357,0.4228004813194275,0.01,0.89
403380,0.5050153136253357,0.4228004813194275,0.01,0.89
403480,0.5050153136253357,0.4228004813194275,0.01,0.89
403580,0.5050153136253357,0.4228004813194275,0.01,0.89
403680,0.5050153136253357,0.4228004813194275,0.01,0.89
403780,0.5050153136253357,0.4228004813194275,0.01,0.89
403880,0.5050153136253357,0.4228004813194275,0.01,0.89
403980,0.5050153136253357,0.4228004813194275,0.01,0.89
404080,0.5050153136253357,0.4228004813194275,0.01,0.89
404180,0.5050153136253357,0.4228004813194275,0.01,0.89
404280,0.5050153136253357,0.4228004813194275,0.01,0.89
404380,0.5050153136253357,0.4228004813194275,0.01,0.89
404480,0.5050153136253357,0.4228004813194275,0.01,0.89
404580,0.5050153136253357,0.4228004813194275,0.01,0.89
404680,0.5050153136253357,0.4228004813194275,0.01,0.89
404780,0.5050153136253357,0.4228004813194275,0.01,0.89
404880,0.5050153136253357,0.4228004813194275,0.01,0.89
404980,0.5050153136253357,0.4228004813194275,0.01,0.89
405080,0.5050153136253357,0.4228004813194275,0.01,0.89
405180,0.5050153136253357,0.4228004813194275,0.01,0.89
405280,0.5050153136253357,0.4228004813194275,0.01,0.89
405380,0.5050153136253357,0.4228004813194275,0.01,0.89
405480,0.5050153136253357,0.4228004813194275,0.01,0.89
405580,0.5050153136253357,0.4228004813194275,0.01,0.89
405680,0.5050153136253357,0.4228004813194275,0.01,0.89
405780,0.5050153136253357,0.4228004813194275,0.01,0.89
405880,0.5050153136253357,0.4228004813194275,0.01,0.89
405980,0.5050153136253357,0.4228004813194275,0.01,0.89
406080,0.5050153136253357,0.4228004813194275,0.01,0.89
406180,0.5050153136253357,0.4228004813194275,0.01,0.89
406280,0.5050153136253357,0.4228004813194275,0.01,0.89
406380,0.5050153136253357,0.4228004813194275,0.01,0.89
406480,0.5050153136253357,0.4228004813194275,0.01,0.89
406580,0.5050153136253357,0.4228004813194275,0.01,0.89
406680,0.5050153136253357,0.4228004813194275,0.01,0.89
406780,0.5050153136253357,0.4228004813194275,0.01,0.89
406880,0.5050153136253357,0.4228004813194275,0.01,0.89
406980,0.5050153136253357,0.4228004813194275,0.01,0.89
407080,0.5050153136253357,0.4228004813194275,0.01,0.89
407180,0.5050153136253357,0.4228004813194275,0.01,0.89
407280,0.5050153136253357,0.4228004813194275,0.01,0.89
407380,0.5050153136253357,0.4228004813194275,0.01,0.89
407480,0.5050153136253357,0.4228004813194275,0.01,0.89
407580,0.5050153136253357,0.4228004813194275,0.01,0.89
407680,0.5050153136253357,0.4228004813194275,0.01,0.89
407780,0.5050153136253357,0.4228004813194275,0.01,0.89
407880,0.5050153136253357,0.4228004813194275,0.01,0.89
407980,0.5050153136253357,0.4228004813194275,0.01,0.89
408080,0.5050153136253357,0.4228004813194275,0.01,0.89
408180,0.5050153136253357,0.4228004813194275,0.01,0.89
408280,0.5050153136253357,0.4228004813194275,0.01,0.89
408380,0.5050153136253357,0.4228004813194275,0.01,0.89
408480,0.5050153136253357,0.4228004813194275,0.01,0.89
408580,0.5050153136253357,0.4228004813194275,0.01,0.89
408680,0.5050153136253357,0.4228004813194275,0.01,0.89
408780,0.5050153136253357,0.4228004813194275,0.01,0.89
408880,0.5050153136253357,0.4228004813194275,0.01,0.89
408980,0.5050153136253357,0.4228004813194275,0.01,0.89
409080,0.5050153136253357,0.4228004813194275,0.01,0.89
409180,0.5050153136253357,0.4228004813194275,0.01,0.89
409280,0.5050153136253357,0.4228004813194275,0.01,0.89
409380,0.5050153136253357,0.4228004813194275,0.01,0.89
409480,0.5050153136253357,0.4228004813194275,0.01,0.89
409580,0.5050153136253357,0.4228004813194275,0.01,0.89
409680,0.5050153136253357,0.4228004813194275,0.01,0.89
409780,0.5050153136253357,0.4228004813194275,0.01,0.89
409880,0.5050153136253357,0.4228004813194275,0.01,0.89
409980,0.5050153136253357,0.4228004813194275,0.01,0.89
410080,0.5050153136253357,0.4228004813194275,0.01,0.89
410180,0.5050153136253357,0.4228004813194275,0.01,0.89
410280,0.5050153136253357,0.4228004813194275,0.01,0.89
410380,0.5050153136253357,0.4228004813194275,0.01,0.89
410480,0.5050153136253357,0.4228004813194275,0.01,0.89
410580,0.5050153136253357,0.4228004813194275,0.01,0.89
410680,0.5050153136253357,0.4228004813194275,0.01,0.89
410780,0.5050153136253357,0.4228004813194275,0.01,0.89
410880,0.5050153136253357,0.4228004813194275,0.01,0.89
410980,0.5050153136253357,0.4228004813194275,0.01,0.89
411080,0.5050153136253357,0.4228004813194275,0.01,0.89
411180,0.5050153136253357,0.4228004813194275,0.01,0.89
411280,0.5050153136253357,0.4228004813194275,0.01,0.89
411380,0.5050153136253357,0.4228004813194275,0.01,0.89
411480,0.5050153136253357,0.4228004813194275,0.01,0.89
411580,0.5050153136253357,0.4228004813194275,0.01,0.89
411680,0.5050153136253357,0.4228004813194275,0.01,0.89
411780,0.5050153136253357,0.4228004813194275,0.01,0.89
411880,0.5050153136253357,0.4228004813194275,0.01,0.89
411980,0.5050153136253357,0.4228004813194275,0.01,0.89
412080,0.5050153136253357,0.4228004813194275,0.01,0.89
412180,0.5050153136253357,0.4228004813194275,0.01,0.89
412280,0.5050153136253357,0.4228004813194275,0.01,0.89
412380,0.5050153136253357,0.4228004813194275,0.01,0.89
412480,0.5050153136253357,0.4228004813194275,0.01,0.89
412580,0.5050153136253357,0.4228004813194275,0.01,0.89
412680,0.5050153136253357,0.4228004813194275,0.01,0.89
412780,0.5050153136253357,0.4228004813194275,0.01,0.89
412880,0.5050153136253357,0.4228004813194275,0.01,0.89
412980,0.5050153136253357,0.4228004813194275,0.01,0.89
413080,0.5050153136253357,0.4228004813194275,0.01,0.89
413180,0.5050153136253357,0.4228004813194275,0.01,0.89
413280,0.5050153136253357,0.4228004813194275,0.01,0.89
413380,0.5050153136253357,0.4228004813194275,0.01,0.89
413480,0.5050153136253357,0.4228004813194275,0.01,0.89
413580,0.5050153136253357,0.4228004813194275,0.01,0.89
413680,0.5050153136253357,0.4228004813194275,0.01,0.89
413780,0.5050153136253357,0.4228004813194275,0.01,0.89
413880,0.5050153136253357,0.4228004813194275,0.01,0.89
413980,0.5050153136253357,0.4228004813194275,0.01,0.89
414080,0.5050153136253357,0.4228004813194275,0.01,0.89
414180,0.5050153136253357,0.4228004813194275,0.01,0.89
414280,0.5050153136253357,0.4228004813194275,0.01,0.89
414380,0.5050153136253357,0.4228004813194275,0.01,0.89
414480,0.5050153136253357,0.4228004813194275,0.01,0.89
414580,0.5050153136253357,0.4228004813194275,0.01,0.89
414680,0.5050153136253357,0.4228004813194275,0.01,0.89
414780,0.5050153136253357,0.4228004813194275,0.01,0.89
429980,0.5050153136253357,0.4228004813194275,0.01,0.87
430080,0.5050153136253357,0.4228004813194275,0.01,0.87
430180,0.5050153136253357,0.4228004813194275,0.01,0.87
430280,0.5050153136253357,0.4228004813194275,0.01,0.87
430380,0.5050153136253357,0.4228004813194275,0.01,0.87
430480,0.5050153136253357,0.4228004813194275,0.01,0.87
430580,0.5050153136253357,0.4228004813194275,0.01,0.87
430680,0.5050153136253357,0.4228004813194275,0.01,0.87
430780,0.5050153136253357,0.4228004813194275,0.01,0.87
430880,0.5050153136253357,0.4228004813194275,0.01,0.87
430980,0.5050153136253357,0.4228004813194275,0.01,0.87
431080,0.5050153136253357,0.4228004813194275,0.01,0.87
431180,0.5050153136253357,0.4228004813194275,0.01,0.87
431280,0.5050153136253357,0.4228004813194275,0.01,0.87
431380,0.5050153136253357,0.4228004813194275,0.01,0.87
431480,0.5050153136253357,0.4228004813194275,0.01,0.87
431580,0.5050153136253357,0.4228004813194275,0.01,0.87
431680,0.5050153136253357,0.4228004813194275,0.01,0.87
431780,0.5050153136253357,0.4228004813194275,0.01,0.87
431880,0.5050153136253357,0.4228004813194275,0.01,0.87
431980,0.5050153136253357,0.4228004813194275,0.01,0.87
432080,0.5050153136253357,0.4228004813194275,0.01,0.87
432180,0.5050153136253357,0.4228004813194275,0.01,0.87
432280,0.5050153136253357,0.4228004813194275,0.01,0.87
432380,0.5050153136253357,0.4228004813194275,0.01,0.87
432480,0.5050153136253357,0.4228004813194275,0.01,0.87
432580,0.5050153136253357,0.4228004813194275,0.01,0.87
432680,0.5050153136253357,0.4228004813194275,0.01,0.87
432780,0.5050153136253357,0.4228004813194275,0.01,0.87
432880,0.5050153136253357,0.4228004813194275,0.01,0.87
432980,0.5050153136253357,0.4228004813194275,0.01,0.87
433080,0.5050153136253357,0.4228004813194275,0.01,0.87
433180,0.5050153136253357,0.4228004813194275,0.01,0.87
433280,0.5050153136253357,0.4228004813194275,0.01,0.87
433380,0.5050153136253357,0.4228004813194275,0.01,0.87
433480,0.5050153136253357,0.4228004813194275,0.01,0.87
433580,0.5050153136253357,0.4228004813194275,0.01,0.87
433680,0.5050153136253357,0.4228004813194275,0.01,0.87
433780,0.5050153136253357,0.4228004813194275,0.01,0.87
433880,0.5050153136253357,0.4228004813194275,0.01,0.87
433980,0.5050153136253357,0.4228004813194275,0.01,0.87
434080,0.5050153136253357,0.4228004813194275,0.01,0.87
434180,0.5050153136253357,0.4228004813194275,0.01,0.87
434280,0.5050153136253357,0.4228004813194275,0.01,0.87
434380,0.5050153136253357,0.4228004813194275,0.01,0.87
434480,0.5050153136253357,0.4228004813194275,0.01,0.87
434580,0.5050153136253357,0.4228004813194275,0.01,0.87
434680,0.5050153136253357,0.4228004813194275,0.01,0.87
434780,0.5050153136253357,0.4228004813194275,0.01,0.87
434880,0.5050153136253357,0.4228004813194275,0.01,0.87
434980,0.5050153136253357,0.4228004813194275,0.01,0.87
435080,0.5050153136253357,0.4228004813194275,0.01,0.87
435180,0.5050153136253357,0.4228004813194275,0.01,0.87
435280,0.5050153136253357,0.4228004813194275,0.01,0.87
435380,0.5050153136253357,0.4228004813194275,0.01,0.87
435480,0.5050153136253357,0.4228004813194275,0.01,0.87
435580,0.5050153136253357,0.4228004813194275,0.01,0.87
435680,0.5050153136253357,0.4228004813194275,0.01,0.87
435780,0.5050153136253357,0.4228004813194275,0.01,0.87
435880,0.5050153136253357,0.4228004813194275,0.01,0.87
435980,0.5050153136253357,0.4228004813194275,0.01,0.87
436080,0.5050153136253357,0.4228004813194275,0.01,0.87
436180,0.5050153136253357,0.4228004813194275,0.01,0.87
436280,0.5050153136253357,0.4228004813194275,0.01,0.87
436380,0.5050153136253357,0.4228004813194275,0.01,0.87
436480,0.5050153136253357,0.4228004813194275,0.01,0.87
436580,0.5050153136253357,0.4228004813194275,0.01,0.87
436680,0.5050153136253357,0.4228004813194275,0.01,0.87
436780,0.5050153136253357,0.4228004813194275,0.01,0.87
436880,0.5050153136253357,0.4228004813194275,0.01,0.87
436980,0.5050153136253357,0.4228004813194275,0.01,0.87
437080,0.5050153136253357,0.4228004813194275,0.01,0.87
437180,0.5050153136253357,0.4228004813194275,0.01,0.87
437280,0.5050153136253357,0.4228004813194275,0.01,0.87
437380,0.5050153136253357,0.4228004813194275,0.01,0.87
437480,0.5050153136253357,0.4228004813194275,0.01,0.87
437580,0.5050153136253357,0.4228004813194275,0.01,0.87
437680,0.5050153136253357,0.4228004813194275,0.01,0.87
437780,0.5050153136253357,0.4228004813194275,0.01,0.87
437880,0.5050153136253357,0.4228004813194275,0.01,0.87
437980,0.5050153136253357,0.4228004813194275,0.01,0.87
438080,0.5050153136253357,0.4228004813194275,0.01,0.87
438180,0.5050153136253357,0.4228004813194275,0.01,0.87
438280,0.5050153136253357,0.4228004813194275,0.01,0.87
438380,0.5050153136253357,0.4228004813194275,0.01,0.87
438480,0.5050153136253357,0.4228004813194275,0.01,0.87
438580,0.5050153136253357,0.4228004813194275,0.01,0.87
438680,0.5050153136253357,0.4228004813194275,0.01,0.87
438780,0.5050153136253357,0.4228004813194275,0.01,0.87
438880,0.5050153136253357,0.4228004813194275,0.01,0.87
438980,0.5050153136253357,0.4228004813194275,0.01,0.87
439080,0.5050153136253357,0.4228004813194275,0.01,0.87
439180,0.5050153136253357,0.4228004813194275,0.01,0.87
439280,0.5050153136253357,0.4228004813194275,0.01,0.87
439380,0.5050153136253357,0.4228004813194275,0.01,0.87
439480,0.5050153136253357,0.4228004813194275,0.01,0.87
439580,0.5050153136253357,0.4228004813194275,0.01,0.87
439680,0.5050153136253357,0.4228004813194275,0.01,0.87
439780,0.5050153136253357,0.4228004813194275,0.01,0.87
439880,0.5050153136253357,0.4228004813194275,0.01,0.87
439980,0.5050153136253357,0.4228004813194275,0.01,0.87
440080,0.5050153136253357,0.4228004813194275,0.01,0.87
440180,0.5050153136253357,0.4228004813194275,0.01,0.87
440280,0.5050153136253357,0.4228004813194275,0.01,0.87
440380,0.5050153136253357,0.4228004813194275,0.01,0.87
440480,0.5050153136253357,0.4228004813194275,0.01,0.87
440580,0.5050153136253357,0.4228004813194275,0.01,0.87
440680,0.5050153136253357,0.4228004813194275,0.01,0.87
440780,0.5050153136253357,0.4228004813194275,0.01,0.87
440880,0.5050153136253357,0.4228004813194275,0.01,0.87
440980,0.5050153136253357,0.4228004813194275,0.01,0.87
441080,0.5050153136253357,0.4228004813194275,0.01,0.87
441180,0.5050153136253357,0.4228004813194275,0.01,0.87
441280,0.5050153136253357,0.4228004813194275,0.01,0.87
441380,0.5050153136253357,0.4228004813194275,0.01,0.87
441480,0.5050153136253357,0.4228004813194275,0.01,0.87
441580,0.5050153136253357,0.4228004813194275,0.01,0.87
441680,0.5050153136253357,0.4228004813194275,0.01,0.87
441780,0.5050153136253357,0.4228004813194275,0.01,0.87
441880,0.5050153136253357,0.4228004813194275,0.01,0.87
441980,0.5050153136253357,0.4228004813194275,0.01,0.87
442080,0.5050153136253357,0.4228004813194275,0.01,0.87
442180,0.5050153136253357,0.4228004813194275,0.01,0.87
442280,0.5050153136253357,0.4228004813194275,0.01,0.87
442380,0.5050153136253357,0.4228004813194275,0.01,0.87
442480,0.5050153136253357,0.4228004813194275,0.01,0.87
442580,0.5050153136253357,0.4228004813194275,0.01,0.87
442680,0.5050153136253357,0.4228004813194275,0.01,0.87
442780,0.5050153136253357,0.4228004813194275,0.01,0.87
442880,0.5050153136253357,0.4228004813194275,0.01,0.87
442980,0.5050153136253357,0.4228004813194275,0.01,0.87
443080,0.5050153136253357,0.4228004813194275,0.01,0.87
443180,0.5050153136253357,0.4228004813194275,0.01,0.87
443280,0.5050153136253357,0.4228004813194275,0.01,0.87
443380,0.5050153136253357,0.4228004813194275,0.01,0.87
443480,0.5050153136253357,0.4228004813194275,0.01,0.87
443580,0.5050153136253357,0.4228004813194275,0.01,0.87
443680,0.5050153136253357,0.4228004813194275,0.01,0.87
443780,0.5050153136253357,0.4228004813194275,0.01,0.87
443880,0.5050153136253357,0.4228004813194275,0.01,0.87
443980,0.5050153136253357,0.4228004813194275,0.01,0.87
444080,0.5050153136253357,0.4228004813194275,0.01,0.87
444180,0.5050153136253357,0.4228004813194275,0.01,0.87
444280,0.5050153136253357,0.4228004813194275,0.01,0.87
444380,0.5050153136253357,0.4228004813194275,0.01,0.87
444480,0.5050153136253357,0.4228004813194275,0.01,0.87
444580,0.5050153136253357,0.4228004813194275,0.01,0.87
444680,0.5050153136253357,0.4228004813194275,0.01,0.87
444780,0.5050153136253357,0.4228004813194275,0.01,0.87
444880,0.5050153136253357,0.4228004813194275,0.01,0.87
444980,0.5050153136253357,0.4228004813194275,0.01,0.87
460180,0.5050153136253357,0.4228004813194275,0.01,0.87
460280,0.5050153136253357,0.4228004813194275,0.01,0.87
460380,0.5050153136253357,0.4228004813194275,0.01,0.87
460480,0.5050153136253357,0.4228004813194275,0.01,0.87
460580,0.5050153136253357,0.4228004813194275,0.01,0.87
460680,0.5050153136253357,0.4228004813194275,0.01,0.87
460780,0.5050153136253357,0.4228004813194275,0.01,0.87
460880,0.5050153136253357,0.4228004813194275,0.01,0.87
460980,0.5050153136253357,0.4228004813194275,0.01,0.87
461080,0.5050153136253357,0.4228004813194275,0.01,0.87
461180,0.5050153136253357,0.4228004813194275,0.01,0.87
461280,0.5050153136253357,0.4228004813194275,0.01,0.87
461380,0.5050153136253357,0.4228004813194275,0.01,0.87
461480,0.5050153136253357,0.4228004813194275,0.01,0.87
461580,0.5050153136253357,0.4228004813194275,0.01,0.87
461680,0.5050153136253357,0.4228004813194275,0.01,0.87
461780,0.5050153136253357,0.4228004813194275,0.01,0.87
461880,0.5050153136253357,0.4228004813194275,0.01,0.87
461980,0.5050153136253357,0.4228004813194275,0.01,0.87
462080,0.5050153136253357,0.4228004813194275,0.01,0.87
462180,0.5050153136253357,0.4228004813194275,0.01,0.87
462280,0.5050153136253357,0.4228004813194275,0.01,0.87
462380,0.5050153136253357,0.4228004813194275,0.01,0.87
462480,0.5050153136253357,0.4228004813194275,0.01,0.87
462580,0.5050153136253357,0.4228004813194275,0.01,0.87
462680,0.5050153136253357,0.4228004813194275,0.01,0.87
462780,0.5050153136253357,0.4228004813194275,0.01,0.87
462880,0.5050153136253357,0.4228004813194275,0.01,0.87
462980,0.5050153136253357,0.4228004813194275,0.01,0.87
463080,0.5050153136253357,0.4228004813194275,0.01,0.87
463180,0.5050153136253357,0.4228004813194275,0.01,0.87
463280,0.5050153136253357,0.4228004813194275,0.01,0.87
463380,0.5050153136253357,0.4228004813194275,0.01,0.87
463480,0.5050153136253357,0.4228004813194275,0.01,0.87
463580,0.5050153136253357,0.4228004813194275,0.01,0.87
463680,0.5050153136253357,0.4228004813194275,0.01,0.87
463780,0.5050153136253357,0.4228004813194275,0.01,0.87
463880,0.5050153136253357,0.4228004813194275,0.01,0.87
463980,0.5050153136253357,0.4228004813194275,0.01,0.87
464080,0.5050153136253357,0.4228004813194275,0.01,0.87
464180,0.5050153136253357,0.4228004813194275,0.01,0.87
464280,0.5050153136253357,0.4228004813194275,0.01,0.87
464380,0.5050153136253357,0.4228004813194275,0.01,0.87
464480,0.5050153136253357,0.4228004813194275,0.01,0.87
464580,0.5050153136253357,0.4228004813194275,0.01,0.87
464680,0.5050153136253357,0.4228004813194275,0.01,0.87
464780,0.5050153136253357,0.4228004813194275,0.01,0.87
464880,0.5050153136253357,0.4228004813194275,0.01,0.87
464980,0.5050153136253357,0.4228004813194275,0.01,0.87
465080,0.5050153136253357,0.4228004813194275,0.01,0.87
465180,0.5050153136253357,0.4228004813194275,0.01,0.87
465280,0.5050153136253357,0.4228004813194275,0.01,0.87
465380,0.5050153136253357,0.4228004813194275,0.01,0.87
465480,0.5050153136253357,0.4228004813194275,0.01,0.87
465580,0.5050153136253357,0.4228004813194275,0.01,0.87
465680,0.5050153136253357,0.4228004813194275,0.01,0.87
465780,0.5050153136253357,0.4228004813194275,0.01,0.87
465880,0.5050153136253357,0.4228004813194275,0.01,0.87
465980,0.5050153136253357,0.4228004813194275,0.01,0.87
466080,0.5050153136253357,0.4228004813194275,0.01,0.87
466180,0.5050153136253357,0.4228004813194275,0.01,0.87
466280,0.5050153136253357,0.4228004813194275,0.01,0.87
466380,0.5050153136253357,0.4228004813194275,0.01,0.87
466480,0.5050153136253357,0.4228004813194275,0.01,0.87
466580,0.5050153136253357,0.4228004813194275,0.01,0.87
466680,0.5050153136253357,0.4228004813194275,0.01,0.87
466780,0.5050153136253357,0.4228004813194275,0.01,0.87
466880,0.5050153136253357,0.4228004813194275,0.01,0.87
466980,0.5050153136253357,0.4228004813194275,0.01,0.87
467080,0.5050153136253357,0.4228004813194275,0.01,0.87
467180,0.5050153136253357,0.4228004813194275,0.01,0.87
467280,0.5050153136253357,0.4228004813194275,0.01,0.87
467380,0.5050153136253357,0.4228004813194275,0.01,0.87
467480,0.5050153136253357,0.4228004813194275,0.01,0.87
467580,0.5050153136253357,0.4228004813194275,0.01,0.87
467680,0.5050153136253357,0.4228004813194275,0.01,0.87
467780,0.5050153136253357,0.4228004813194275,0.01,0.87
467880,0.5050153136253357,0.4228004813194275,0.01,0.87
467980,0.5050153136253357,0.4228004813194275,0.01,0.87
468080,0.5050153136253357,0.4228004813194275,0.01,0.87
468180,0.5050153136253357,0.4228004813194275,0.01,0.87
468280,0.5050153136253357,0.4228004813194275,0.01,0.87
468380,0.5050153136253357,0.4228004813194275,0.01,0.87
468480,0.5050153136253357,0.4228004813194275,0.01,0.87
468580,0.5050153136253357,0.4228004813194275,0.01,0.87
468680,0.5050153136253357,0.4228004813194275,0.01,0.87
468780,0.5050153136253357,0.4228004813194275,0.01,0.87
468880,0.5050153136253357,0.4228004813194275,0.01,0.87
468980,0.5050153136253357,0.4228004813194275,0.01,0.87
469080,0.5050153136253357,0.4228004813194275,0.01,0.87
469180,0.5050153136253357,0.4228004813194275,0.01,0.87
469280,0.5050153136253357,0.4228004813194275,0.01,0.87
469380,0.5050153136253357,0.4228004813194275,0.01,0.87
469480,0.5050153136253357,0.4228004813194275,0.01,0.87
469580,0.5050153136253357,0.4228004813194275,0.01,0.87
469680,0.5050153136253357,0.4228004813194275,0.01,0.87
469780,0.5050153136253357,0.4228004813194275,0.01,0.87
469880,0.5050153136253357,0.4228004813194275,0.01,0.87
469980,0.5050153136253357,0.4228004813194275,0.01,0.87
470080,0.5050153136253357,0.4228004813194275,0.01,0.87
470180,0.5050153136253357,0.4228004813194275,0.01,0.87
470280,0.5050153136253357,0.4228004813194275,0.01,0.87
470380,0.5050153136253357,0.4228004813194275,0.01,0.87
470480,0.5050153136253357,0.4228004813194275,0.01,0.87
470580,0.5050153136253357,0.4228004813194275,0.01,0.87
470680,0.5050153136253357,0.4228004813194275,0.01,0.87
470780,0.5050153136253357,0.4228004813194275,0.01,0.87
470880,0.5050153136253357,0.4228004813194275,0.01,0.87
470980,0.5050153136253357,0.4228004813194275,0.01,0.87
471080,0.5050153136253357,0.4228004813194275,0.01,0.87
471180,0.5050153136253357,0.4228004813194275,0.01,0.87
471280,0.5050153136253357,0.4228004813194275,0.01,0.87
471380,0.5050153136253357,0.4228004813194275,0.01,0.87
471480,0.5050153136253357,0.4228004813194275,0.01,0.87
471580,0.5050153136253357,0.4228004813194275,0.01,0.87
471680,0.5050153136253357,0.4228004813194275,0.01,0.87
471780,0.5050153136253357,0.4228004813194275,0.01,0.87
471880,0.5050153136253357,0.4228004813194275,0.01,0.87
471980,0.5050153136253357,0.4228004813194275,0.01,0.87
472080,0.5050153136253357,0.4228004813194275,0.01,0.87
472180,0.5050153136253357,0.4228004813194275,0.01,0.87
472280,0.5050153136253357,0.4228004813194275,0.01,0.87
472380,0.5050153136253357,0.4228004813194275,0.01,0.87
472480,0.5050153136253357,0.4228004813194275,0.01,0.87
472580,0.5050153136253357,0.4228004813194275,0.01,0.87
472680,0.5050153136253357,0.4228004813194275,0.01,0.87
472780,0.5050153136253357,0.4228004813194275,0.01,0.87
472880,0.5050153136253357,0.4228004813194275,0.01,0.87
472980,0.5050153136253357,0.4228004813194275,0.01,0.87
473080,0.5050153136253357,0.4228004813194275,0.01,0.87
473180,0.5050153136253357,0.4228004813194275,0.01,0.87
473280,0.5050153136253357,0.4228004813194275,0.01,0.87
473380,0.5050153136253357,0.4228004813194275,0.01,0.87
473480,0.5050153136253357,0.4228004813194275,0.01,0.87
473580,0.5050153136253357,0.4228004813194275,0.01,0.87
473680,0.5050153136253357,0.4228004813194275,0.01,0.87
473780,0.5050153136253357,0.4228004813194275,0.01,0.87
473880,0.5050153136253357,0.4228004813194275,0.01,0.87
473980,0.5050153136253357,0.4228004813194275,0.01,0.87
474080,0.5050153136253357,0.4228004813194275,0.01,0.87
474180,0.5050153136253357,0.4228004813194275,0.01,0.87
474280,0.5050153136253357,0.4228004813194275,0.01,0.87
474380,0.5050153136253357,0.4228004813194275,0.01,0.87
474480,0.5050153136253357,0.4228004813194275,0.01,0.87
474580,0.5050153136253357,0.4228004813194275,0.01,0.87
474680,0.5050153136253357,0.4228004813194275,0.01,0.87
474780,0.5050153136253357,0.4228004813194275,0.01,0.87
474880,0.5050153136253357,0.4228004813194275,0.01,0.87
474980,0.5050153136253357,0.4228004813194275,0.01,0.87
475080,0.5050153136253357,0.4228004813194275,0.01,0.87
475180,0.5050153136253357,0.4228004813194275,0.01,0.87
490380,0.5050153136253357,0.4228004813194275,0.01,0.87
490480,0.5050153136253357,0.4228004813194275,0.01,0.87
490580,0.5050153136253357,0.4228004813194275,0.01,0.87
490680,0.5050153136253357,0.4228004813194275,0.01,0.87
490780,0.5050153136253357,0.4228004813194275,0.01,0.87
490880,0.5050153136253357,0.4228004813194275,0.01,0.87
490980,0.5050153136253357,0.4228004813194275,0.01,0.87
491080,0.5050153136253357,0.4228004813194275,0.01,0.87
491180,0.5050153136253357,0.4228004813194275,0.01,0.87
491280,0.5050153136253357,0.4228004813194275,0.01,0.87
491380,0.5050153136253357,0.4228004813194275,0.01,0.87
491480,0.5050153136253357,0.4228004813194275,0.01,0.87
491580,0.5050153136253357,0.4228004813194275,0.01,0.87
491680,0.5050153136253357,0.4228004813194275,0.01,0.87
491780,0.5050153136253357,0.4228004813194275,0.01,0.87
491880,0.5050153136253357,0.4228004813194275,0.01,0.87
491980,0.5050153136253357,0.4228004813194275,0.01,0.87
492080,0.5050153136253357,0.4228004813194275,0.01,0.87
492180,0.5050153136253357,0.4228004813194275,0.01,0.87
492280,0.5050153136253357,0.4228004813194275,0.01,0.87
492380,0.5050153136253357,0.4228004813194275,0.01,0.87
492480,0.5050153136253357,0.4228004813194275,0.01,0.87
492580,0.5050153136253357,0.4228004813194275,0.01,0.87
492680,0.5050153136253357,0.4228004813194275,0.01,0.87
492780,0.5050153136253357,0.4228004813194275,0.01,0.87
492880,0.5050153136253357,0.4228004813194275,0.01,0.87
492980,0.5050153136253357,0.4228004813194275,0.01,0.87
493080,0.5050153136253357,0.4228004813194275,0.01,0.87
493180,0.5050153136253357,0.4228004813194275,0.01,0.87
493280,0.5050153136253357,0.4228004813194275,0.01,0.87
493380,0.5050153136253357,0.4228004813194275,0.01,0.87
493480,0.5050153136253357,0.4228004813194275,0.01,0.87
493580,0.5050153136253357,0.4228004813194275,0.01,0.87
493680,0.5050153136253357,0.4228004813194275,0.01,0.87
493780,0.5050153136253357,0.4228004813194275,0.01,0.87
493880,0.5050153136253357,0.4228004813194275,0.01,0.87
493980,0.5050153136253357,0.4228004813194275,0.01,0.87
494080,0.5050153136253357,0.4228004813194275,0.01,0.87
494180,0.5050153136253357,0.4228004813194275,0.01,0.87
494280,0.5050153136253357,0.4228004813194275,0.01,0.87
494380,0.5050153136253357,0.4228004813194275,0.01,0.87
494480,0.5050153136253357,0.4228004813194275,0.01,0.87
494580,0.5050153136253357,0.4228004813194275,0.01,0.87
494680,0.5050153136253357,0.4228004813194275,0.01,0.87
494780,0.5050153136253357,0.4228004813194275,0.01,0.87
494880,0.5050153136253357,0.4228004813194275,0.01,0.87
494980,0.5050153136253357,0.4228004813194275,0.01,0.87
495080,0.5050153136253357,0.4228004813194275,0.01,0.87
495180,0.5050153136253357,0.4228004813194275,0.01,0.87
495280,0.5050153136253357,0.4228004813194275,0.01,0.87
495380,0.5050153136253357,0.4228004813194275,0.01,0.87
495480,0.5050153136253357,0.4228004813194275,0.01,0.87
495580,0.5050153136253357,0.4228004813194275,0.01,0.87
495680,0.5050153136253357,0.4228004813194275,0.01,0.87
495780,0.5050153136253357,0.4228004813194275,0.01,0.87
495880,0.5050153136253357,0.4228004813194275,0.01,0.87
495980,0.5050153136253357,0.4228004813194275,0.01,0.87
496080,0.5050153136253357,0.4228004813194275,0.01,0.87
496180,0.5050153136253357,0.4228004813194275,0.01,0.87
496280,0.5050153136253357,0.4228004813194275,0.01,0.87
496380,0.5050153136253357,0.4228004813194275,0.01,0.87
496480,0.5050153136253357,0.4228004813194275,0.01,0.87
496580,0.5050153136253357,0.4228004813194275,0.01,0.87
496680,0.5050153136253357,0.4228004813194275,0.01,0.87
496780,0.5050153136253357,0.4228004813194275,0.01,0.87
496880,0.5050153136253357,0.4228004813194275,0.01,0.87
496980,0.5050153136253357,0.4228004813194275,0.01,0.87
497080,0.5050153136253357,0.4228004813194275,0.01,0.87
497180,0.5050153136253357,0.4228004813194275,0.01,0.87
497280,0.5050153136253357,0.4228004813194275,0.01,0.87
497380,0.5050153136253357,0.4228004813194275,0.01,0.87
497480,0.5050153136253357,0.4228004813194275,0.01,0.87
497580,0.5050153136253357,0.4228004813194275,0.01,0.87
497680,0.5050153136253357,0.4228004813194275,0.01,0.87
497780,0.5050153136253357,0.4228004813194275,0.01,0.87
497880,0.5050153136253357,0.4228004813194275,0.01,0.87
497980,0.5050153136253357,0.4228004813194275,0.01,0.87
498080,0.5050153136253357,0.4228004813194275,0.01,0.87
498180,0.5050153136253357,0.4228004813194275,0.01,0.87
498280,0.5050153136253357,0.4228004813194275,0.01,0.87
498380,0.5050153136253357,0.4228004813194275,0.01,0.87
498480,0.5050153136253357,0.4228004813194275,0.01,0.87
498580,0.5050153136253357,0.4228004813194275,0.01,0.87
498680,0.5050153136253357,0.4228004813194275,0.01,0.87
498780,0.5050153136253357,0.4228004813194275,0.01,0.87
498880,0.5050153136253357,0.4228004813194275,0.01,0.87
498980,0.5050153136253357,0.4228004813194275,0.01,0.87
499080,0.5050153136253357,0.4228004813194275,0.01,0.87
499180,0.5050153136253357,0.4228004813194275,0.01,0.87
499280,0.5050153136253357,0.4228004813194275,0.01,0.87
499380,0.5050153136253357,0.4228004813194275,0.01,0.87
499480,0.5050153136253357,0.4228004813194275,0.01,0.87
499580,0.5050153136253357,0.4228004813194275,0.01,0.87
499680,0.5050153136253357,0.4228004813194275,0.01,0.87
499780,0.5050153136253357,0.4228004813194275,0.01,0.87
499880,0.5050153136253357,0.4228004813194275,0.01,0.87
499980,0.5050153136253357,0.4228004813194275,0.01,0.87
500080,0.5050153136253357,0.4228004813194275,0.01,0.87
500180,0.5050153136253357,0.4228004813194275,0.01,0.87
500280,0.5050153136253357,0.4228004813194275,0.01,0.87
500380,0.5050153136253357,0.4228004813194275,0.01,0.87
500480,0.5050153136253357,0.4228004813194275,0.01,0.87
500580,0.5050153136253357,0.4228004813194275,0.01,0.87
500680,0.5050153136253357,0.4228004813194275,0.01,0.87
500780,0.5050153136253357,0.4228004813194275,0.01,0.87
500880,0.5050153136253357,0.4228004813194275,0.01,0.87
500980,0.5050153136253357,0.4228004813194275,0.01,0.87
501080,0.5050153136253357,0.4228004813194275,0.01,0.87
501180,0.5050153136253357,0.4228004813194275,0.01,0.87
501280,0.5050153136253357,0.4228004813194275,0.01,0.87
501380,0.5050153136253357,0.4228004813194275,0.01,0.87
501480,0.5050153136253357,0.4228004813194275,0.01,0.87
501580,0.5050153136253357,0.4228004813194275,0.01,0.87
501680,0.5050153136253357,0.4228004813194275,0.01,0.87
501780,0.5050153136253357,0.4228004813194275,0.01,0.87
501880,0.5050153136253357,0.4228004813194275,0.01,0.87
501980,0.5050153136253357,0.4228004813194275,0.01,0.87
502080,0.5050153136253357,0.4228004813194275,0.01,0.87
502180,0.5050153136253357,0.4228004813194275,0.01,0.87
502280,0.5050153136253357,0.4228004813194275,0.01,0.87
502380,0.5050153136253357,0.4228004813194275,0.01,0.87
502480,0.5050153136253357,0.4228004813194275,0.01,0.87
502580,0.5050153136253357,0.4228004813194275,0.01,0.87
502680,0.5050153136253357,0.4228004813194275,0.01,0.87
502780,0.5050153136253357,0.4228004813194275,0.01,0.87
502880,0.5050153136253357,0.4228004813194275,0.01,0.87
502980,0.5050153136253357,0.4228004813194275,0.01,0.87
503080,0.5050153136253357,0.4228004813194275,0.01,0.87
503180,0.5050153136253357,0.4228004813194275,0.01,0.87
503280,0.5050153136253357,0.4228004813194275,0.01,0.87
503380,0.5050153136253357,0.4228004813194275,0.01,0.87
503480,0.5050153136253357,0.4228004813194275,0.01,0.87
503580,0.5050153136253357,0.4228004813194275,0.01,0.87
503680,0.5050153136253357,0.4228004813194275,0.01,0.87
503780,0.5050153136253357,0.4228004813194275,0.01,0.87
503880,0.5050153136253357,0.4228004813194275,0.01,0.87
503980,0.5050153136253357,0.4228004813194275,0.01,0.87
504080,0.5050153136253357,0.4228004813194275,0.01,0.87
504180,0.5050153136253357,0.4228004813194275,0.01,0.87
504280,0.5050153136253357,0.4228004813194275,0.01,0.87
504380,0.5050153136253357,0.4228004813194275,0.01,0.87
504480,0.5050153136253357,0.4228004813194275,0.01,0.87
504580,0.5050153136253357,0.4228004813194275,0.01,0.87
504680,0.5050153136253357,0.4228004813194275,0.01,0.87
504780,0.5050153136253357,0.4228004813194275,0.01,0.87
504880,0.5050153136253357,0.4228004813194275,0.01,0.87
504980,0.5050153136253357,0.4228004813194275,0.01,0.87
505080,0.5050153136253357,0.4228004813194275,0.01,0.87
505180,0.5050153136253357,0.4228004813194275,0.01,0.87
505280,0.5050153136253357,0.4228004813194275,0.01,0.87
505380,0.5050153136253357,0.4228004813194275,0.01,0.87
