evaluation,fitness,test_accuracy,time
0,-0.4382372200489044,0.79
0,-0.4382372200489044,-0.9149806499481201,0.84
100,-0.4382372200489044,-0.9149806499481201,0.84
200,-0.4382372200489044,-0.9149806499481201,0.84
300,-0.4382372200489044,-0.9149806499481201,0.84
400,-0.4382372200489044,-0.9149806499481201,0.84
500,-0.4382372200489044,-0.9149806499481201,0.84
600,-0.4382372200489044,-0.9149806499481201,0.84
700,-0.4382372200489044,-0.9149806499481201,0.84
800,-0.4382372200489044,-0.9149806499481201,0.84
900,-0.4382372200489044,-0.9149806499481201,0.84
1000,-0.4382372200489044,-0.9149806499481201,0.84
1100,-0.4382372200489044,-0.9149806499481201,0.84
1200,-0.4382372200489044,-0.9149806499481201,0.84
1300,-0.4382372200489044,-0.9149806499481201,0.84
1400,0.2497076392173767,0.18748739361763,0.84
1500,0.2497076392173767,0.18748739361763,0.84
1600,0.2497076392173767,0.18748739361763,0.84
1700,0.2497076392173767,0.18748739361763,0.84
1800,0.2497076392173767,0.18748739361763,0.84
1900,0.2497076392173767,0.18748739361763,0.84
2000,0.2497076392173767,0.18748739361763,0.84
2100,0.2497076392173767,0.18748739361763,0.84
2200,0.2497076392173767,0.18748739361763,0.84
2300,0.2497076392173767,0.18748739361763,0.84
2400,0.2497076392173767,0.18748739361763,0.84
2500,0.2497076392173767,0.18748739361763,0.84
2600,0.2497076392173767,0.18748739361763,0.84
2700,0.2497076392173767,0.18748739361763,0.84
2800,0.2497076392173767,0.18748739361763,0.84
2900,0.2497076392173767,0.18748739361763,0.84
3000,0.2497076392173767,0.18748739361763,0.84
3100,0.2497076392173767,0.18748739361763,0.84
3200,0.2497076392173767,0.18748739361763,0.84
3300,0.2497076392173767,0.18748739361763,0.84
3400,0.2497076392173767,0.18748739361763,0.84
3500,0.2497076392173767,0.18748739361763,0.84
3600,0.2497076392173767,0.18748739361763,0.84
3700,0.2497076392173767,0.18748739361763,0.84
3800,0.2497076392173767,0.18748739361763,0.84
3900,0.2497076392173767,0.18748739361763,0.84
4000,0.2497076392173767,0.18748739361763,0.84
4100,0.2497076392173767,0.18748739361763,0.84
4200,0.2497076392173767,0.18748739361763,0.84
4300,0.2497076392173767,0.18748739361763,0.84
4400,0.2497076392173767,0.18748739361763,0.84
4500,0.2497076392173767,0.18748739361763,0.84
4600,0.2497076392173767,0.18748739361763,0.84
4700,0.2497076392173767,0.18748739361763,0.84
4800,0.2497076392173767,0.18748739361763,0.84
4900,0.2497076392173767,0.18748739361763,0.84
5000,0.2497076392173767,0.18748739361763,0.84
5100,0.2497076392173767,0.18748739361763,0.84
5200,0.2497076392173767,-0.9149806499481201,0.76
5300,0.2497076392173767,-0.9149806499481201,0.76
5400,0.2497076392173767,-0.9149806499481201,0.76
5500,0.2497076392173767,-0.9149806499481201,0.76
5600,0.2497076392173767,-0.9149806499481201,0.76
5700,0.2497076392173767,-0.9149806499481201,0.76
5800,0.2497076392173767,-0.9149806499481201,0.76
5900,0.2497076392173767,-0.9149806499481201,0.76
6000,0.2497076392173767,-0.9149806499481201,0.76
6100,0.2497076392173767,-0.9149806499481201,0.76
6200,0.2497076392173767,-0.9149806499481201,0.76
6300,0.2497076392173767,-0.9149806499481201,0.76
6400,0.2497076392173767,-0.9149806499481201,0.76
6500,0.2497076392173767,-0.9149806499481201,0.76
6600,0.2497076392173767,-0.9149806499481201,0.76
6700,0.2497076392173767,-0.9149806499481201,0.76
6800,0.2497076392173767,-0.9149806499481201,0.76
6900,0.2497076392173767,-0.9149806499481201,0.76
7000,0.2497076392173767,-0.9149806499481201,0.76
7100,0.2497076392173767,-0.9149806499481201,0.76
7200,0.2497076392173767,-0.9149806499481201,0.76
7300,0.2497076392173767,-0.9149806499481201,0.76
7400,0.2497076392173767,-0.9149806499481201,0.76
7500,0.2497076392173767,-0.9149806499481201,0.76
7600,0.2497076392173767,-0.9149806499481201,0.76
7700,0.2497076392173767,-0.9149806499481201,0.76
7800,0.2497076392173767,-0.9149806499481201,0.76
7900,0.2497076392173767,-0.9149806499481201,0.76
8000,0.2497076392173767,-0.9149806499481201,0.76
8100,0.2497076392173767,-0.9149806499481201,0.76
8200,0.2497076392173767,-0.9149806499481201,0.76
8300,0.2497076392173767,-0.9149806499481201,0.76
8400,0.2497076392173767,-0.9149806499481201,0.76
8500,0.2497076392173767,-0.9149806499481201,0.76
8600,0.2497076392173767,-0.9149806499481201,0.76
8700,0.2497076392173767,-0.9149806499481201,0.76
8800,0.2497076392173767,-0.9149806499481201,0.76
8900,0.2497076392173767,-0.9149806499481201,0.76
9000,0.2497076392173767,-0.9149806499481201,0.76
9100,0.2497076392173767,-0.9149806499481201,0.76
9200,0.2497076392173767,-0.9149806499481201,0.76
9300,0.2497076392173767,-0.9149806499481201,0.76
9400,0.2497076392173767,-0.9149806499481201,0.76
9500,0.2497076392173767,-0.9149806499481201,0.76
9600,0.2497076392173767,-0.9149806499481201,0.76
9700,0.2497076392173767,-0.9149806499481201,0.76
9800,0.2497076392173767,-0.9149806499481201,0.76
9900,0.2497076392173767,-0.9149806499481201,0.76
10000,0.2497076392173767,-0.9149806499481201,0.76
10100,0.2497076392173767,-0.9149806499481201,0.76
10200,0.2497076392173767,-0.9149806499481201,0.76
10300,0.2497076392173767,-0.9149806499481201,0.76
13190,0.3346079885959625,0.27485501766204834,0.76
13190,0.3346079885959625,0.27485501766204834,0.75
13290,0.3346079885959625,0.27485501766204834,0.75
13390,0.3346079885959625,0.27485501766204834,0.75
13490,0.3346079885959625,0.27485501766204834,0.75
13590,0.3346079885959625,0.27485501766204834,0.75
13690,0.3346079885959625,0.27485501766204834,0.75
13790,0.3346079885959625,0.27485501766204834,0.75
13890,0.3520943522453308,0.16904780268669128,0.75
13990,0.40183061361312866,0.42535659670829773,0.75
14090,0.44590699672698975,0.38073694705963135,0.75
14190,0.44590699672698975,0.38073694705963135,0.75
14290,0.44590699672698975,0.38073694705963135,0.75
14390,0.44590699672698975,0.38073694705963135,0.75
14490,0.44590699672698975,0.38073694705963135,0.75
14590,0.44590699672698975,0.38073694705963135,0.75
14690,0.44590699672698975,0.38073694705963135,0.75
14790,0.44590699672698975,0.38073694705963135,0.75
14890,0.5267808437347412,0.48479440808296204,0.75
14990,0.5267808437347412,0.48479440808296204,0.75
15090,0.5267808437347412,0.48479440808296204,0.75
15190,0.5267808437347412,0.48479440808296204,0.75
15290,0.5267808437347412,0.48479440808296204,0.75
15390,0.5267808437347412,0.48479440808296204,0.75
15490,0.5267808437347412,0.48479440808296204,0.75
15590,0.5267808437347412,0.48479440808296204,0.75
15690,0.5267808437347412,0.48479440808296204,0.75
15790,0.5267808437347412,0.48479440808296204,0.75
15890,0.5267808437347412,0.48479440808296204,0.75
15990,0.5267808437347412,0.48479440808296204,0.75
16090,0.5267808437347412,0.48479440808296204,0.75
16190,0.5267808437347412,0.48479440808296204,0.75
16290,0.5267808437347412,0.48479440808296204,0.75
16390,0.5267808437347412,0.48479440808296204,0.75
16490,0.5267808437347412,0.48479440808296204,0.75
16590,0.5267808437347412,0.48479440808296204,0.75
16690,0.5267808437347412,0.48479440808296204,0.75
16790,0.5267808437347412,0.48479440808296204,0.75
16890,0.5267808437347412,0.48479440808296204,0.75
16990,0.5267808437347412,0.48479440808296204,0.75
17090,0.5267808437347412,0.48479440808296204,0.75
17190,0.5267808437347412,0.48479440808296204,0.75
17290,0.5267808437347412,0.48479440808296204,0.75
17390,0.5267808437347412,0.48479440808296204,0.75
17490,0.5267808437347412,0.48479440808296204,0.75
17590,0.5267808437347412,0.48479440808296204,0.75
17690,0.5267808437347412,0.48479440808296204,0.75
17790,0.5267808437347412,0.48479440808296204,0.75
17890,0.5267808437347412,0.48479440808296204,0.75
17990,0.5267808437347412,0.48479440808296204,0.75
18090,0.5267808437347412,0.48479440808296204,0.75
18190,0.5267808437347412,0.48479440808296204,0.75
18290,0.5267808437347412,0.48479440808296204,0.75
18390,0.5267808437347412,0.18748739361763,0.75
18490,0.5267808437347412,0.18748739361763,0.75
18590,0.5267808437347412,0.18748739361763,0.75
18690,0.5267808437347412,0.18748739361763,0.75
18790,0.6623429656028748,0.577205240726471,0.75
18890,0.6623429656028748,0.577205240726471,0.75
18990,0.6623429656028748,0.577205240726471,0.75
19090,0.6623429656028748,0.577205240726471,0.75
19190,0.6623429656028748,0.577205240726471,0.75
19290,0.6623429656028748,0.577205240726471,0.75
19390,0.6623429656028748,0.577205240726471,0.75
19490,0.6623429656028748,0.577205240726471,0.75
19590,0.6623429656028748,0.577205240726471,0.75
19690,0.6623429656028748,0.577205240726471,0.75
19790,0.6623429656028748,0.577205240726471,0.75
19890,0.6623429656028748,0.577205240726471,0.75
19990,0.6623429656028748,0.577205240726471,0.75
20090,0.6623429656028748,0.577205240726471,0.75
20190,0.6623429656028748,0.577205240726471,0.75
20290,0.6623429656028748,0.577205240726471,0.75
20390,0.6623429656028748,0.577205240726471,0.75
20490,0.6623429656028748,0.577205240726471,0.75
20590,0.6623429656028748,0.577205240726471,0.75
20690,0.6623429656028748,0.577205240726471,0.75
20790,0.6623429656028748,0.577205240726471,0.75
20890,0.6623429656028748,0.577205240726471,0.75
20990,0.6623429656028748,0.577205240726471,0.75
21090,0.6623429656028748,0.577205240726471,0.75
21190,0.6623429656028748,0.577205240726471,0.75
21290,0.6623429656028748,0.577205240726471,0.75
21390,0.6623429656028748,0.577205240726471,0.75
21490,0.6623429656028748,0.577205240726471,0.75
21590,0.6623429656028748,0.577205240726471,0.75
21690,0.6623429656028748,0.577205240726471,0.75
21790,0.6623429656028748,0.577205240726471,0.75
21890,0.6623429656028748,0.577205240726471,0.75
21990,0.6623429656028748,0.577205240726471,0.75
22090,0.6623429656028748,0.577205240726471,0.75
22190,0.6623429656028748,0.577205240726471,0.75
22290,0.6623429656028748,0.577205240726471,0.75
22390,0.6623429656028748,0.577205240726471,0.75
22490,0.6623429656028748,0.577205240726471,0.75
22590,0.6623429656028748,0.577205240726471,0.75
22690,0.6623429656028748,0.577205240726471,0.75
22790,0.6623429656028748,0.577205240726471,0.75
22890,0.6623429656028748,0.577205240726471,0.75
22990,0.6623429656028748,0.577205240726471,0.75
23090,0.6623429656028748,0.577205240726471,0.75
23190,0.6623429656028748,0.577205240726471,0.75
23290,0.6623429656028748,0.577205240726471,0.75
23390,0.6623429656028748,0.577205240726471,0.75
23490,0.6623429656028748,0.577205240726471,0.75
24448,0.6623429656028748,0.577205240726471,0.75
24548,0.6623429656028748,0.577205240726471,0.75
24648,0.6623429656028748,0.577205240726471,0.75
24748,0.6623429656028748,0.577205240726471,0.75
24848,0.6623429656028748,0.577205240726471,0.75
24948,0.6623429656028748,0.577205240726471,0.75
25048,0.6623429656028748,0.577205240726471,0.75
25148,0.6623429656028748,0.577205240726471,0.75
25248,0.6623429656028748,0.577205240726471,0.75
25348,0.6623429656028748,0.577205240726471,0.75
25448,0.6623429656028748,0.577205240726471,0.75
25548,0.6623429656028748,0.577205240726471,0.75
25648,0.6623429656028748,0.577205240726471,0.75
25748,0.6623429656028748,0.577205240726471,0.75
25848,0.6623429656028748,0.577205240726471,0.75
25948,0.6623429656028748,0.577205240726471,0.75
26048,0.6623429656028748,0.577205240726471,0.75
26148,0.6623429656028748,0.577205240726471,0.75
26248,0.6623429656028748,0.577205240726471,0.75
26348,0.6623429656028748,0.577205240726471,0.75
26448,0.6623429656028748,0.577205240726471,0.75
26548,0.6623429656028748,0.577205240726471,0.75
26648,0.6623429656028748,0.577205240726471,0.75
26748,0.6623429656028748,0.577205240726471,0.75
26848,0.6623429656028748,0.577205240726471,0.75
26948,0.6623429656028748,0.577205240726471,0.75
27048,0.6623429656028748,0.577205240726471,0.75
27148,0.6623429656028748,0.577205240726471,0.75
27248,0.6623429656028748,0.577205240726471,0.75
27348,0.6623429656028748,0.577205240726471,0.75
27448,0.6623429656028748,0.577205240726471,0.75
27548,0.6623429656028748,0.577205240726471,0.75
27648,0.6623429656028748,0.577205240726471,0.75
27748,0.6623429656028748,0.577205240726471,0.75
27848,0.6623429656028748,0.577205240726471,0.75
27948,0.6623429656028748,0.577205240726471,0.75
28048,0.6623429656028748,0.577205240726471,0.75
28148,0.6623429656028748,0.577205240726471,0.75
28248,0.6623429656028748,0.577205240726471,0.75
28348,0.6623429656028748,0.577205240726471,0.75
28448,0.6623429656028748,0.577205240726471,0.75
28548,0.6623429656028748,0.577205240726471,0.75
28648,0.6623429656028748,0.577205240726471,0.75
28748,0.6623429656028748,0.577205240726471,0.75
28848,0.6623429656028748,0.577205240726471,0.75
28948,0.6623429656028748,0.577205240726471,0.75
29048,0.6623429656028748,0.577205240726471,0.75
29148,0.6623429656028748,0.577205240726471,0.75
29248,0.6623429656028748,0.577205240726471,0.75
29348,0.6623429656028748,0.577205240726471,0.75
29448,0.6623429656028748,0.577205240726471,0.75
29548,0.6623429656028748,0.577205240726471,0.75
29648,0.6623429656028748,0.577205240726471,0.75
29748,0.6623429656028748,0.577205240726471,0.75
29848,0.6623429656028748,0.577205240726471,0.75
29948,0.6623429656028748,0.577205240726471,0.75
30048,0.6623429656028748,0.577205240726471,0.75
30148,0.6623429656028748,0.577205240726471,0.75
30248,0.6623429656028748,0.577205240726471,0.75
30348,0.6623429656028748,0.577205240726471,0.75
30448,0.6623429656028748,0.577205240726471,0.75
30548,0.6623429656028748,0.577205240726471,0.75
30648,0.6623429656028748,0.577205240726471,0.75
30748,0.6623429656028748,0.577205240726471,0.75
30848,0.6623429656028748,0.577205240726471,0.75
30948,0.6623429656028748,0.577205240726471,0.75
31048,0.6623429656028748,0.577205240726471,0.75
31148,0.6623429656028748,0.577205240726471,0.75
31248,0.6623429656028748,0.577205240726471,0.75
31348,0.6623429656028748,0.577205240726471,0.75
31448,0.6623429656028748,0.577205240726471,0.75
31548,0.6623429656028748,0.577205240726471,0.75
31648,0.6623429656028748,0.577205240726471,0.75
31748,0.6623429656028748,0.577205240726471,0.75
31848,0.6623429656028748,0.577205240726471,0.75
31948,0.6623429656028748,0.577205240726471,0.75
32048,0.6623429656028748,0.577205240726471,0.75
32148,0.6623429656028748,0.577205240726471,0.75
32248,0.6623429656028748,0.577205240726471,0.75
32348,0.6623429656028748,0.577205240726471,0.75
32448,0.6623429656028748,0.577205240726471,0.75
32548,0.6623429656028748,0.577205240726471,0.75
32648,0.6623429656028748,0.577205240726471,0.75
32748,0.6623429656028748,0.577205240726471,0.75
32848,0.6623429656028748,0.577205240726471,0.75
32948,0.6623429656028748,0.577205240726471,0.75
33048,0.6623429656028748,0.577205240726471,0.75
33148,0.6623429656028748,0.577205240726471,0.75
33248,0.6623429656028748,0.577205240726471,0.75
33348,0.6623429656028748,0.577205240726471,0.75
33448,0.6623429656028748,0.577205240726471,0.75
33548,0.6623429656028748,0.577205240726471,0.75
33648,0.6623429656028748,0.577205240726471,0.75
33748,0.6623429656028748,0.577205240726471,0.75
33848,0.6623429656028748,0.577205240726471,0.75
33948,0.6623429656028748,0.577205240726471,0.75
34048,0.6623429656028748,0.577205240726471,0.75
34148,0.6623429656028748,0.577205240726471,0.75
34248,0.6623429656028748,0.577205240726471,0.75
34348,0.6623429656028748,0.577205240726471,0.75
34448,0.6623429656028748,0.577205240726471,0.75
34548,0.6623429656028748,0.577205240726471,0.75
34648,0.6623429656028748,0.577205240726471,0.75
34748,0.6623429656028748,0.577205240726471,0.75
39243,0.6623429656028748,0.577205240726471,0.75
39343,0.6623429656028748,0.577205240726471,0.75
39443,0.6623429656028748,0.577205240726471,0.75
39543,0.6623429656028748,0.577205240726471,0.75
39643,0.6623429656028748,0.577205240726471,0.75
39743,0.6623429656028748,0.577205240726471,0.75
39843,0.6623429656028748,0.577205240726471,0.75
39943,0.6623429656028748,0.577205240726471,0.75
40043,0.6623429656028748,0.577205240726471,0.75
40143,0.6623429656028748,0.577205240726471,0.75
40243,0.6623429656028748,0.577205240726471,0.75
40343,0.6623429656028748,0.577205240726471,0.75
40443,0.6623429656028748,0.577205240726471,0.75
40543,0.6623429656028748,0.577205240726471,0.75
40643,0.6623429656028748,0.577205240726471,0.75
40743,0.6623429656028748,0.577205240726471,0.75
40843,0.6623429656028748,0.577205240726471,0.75
40943,0.6623429656028748,0.577205240726471,0.75
41043,0.6623429656028748,0.577205240726471,0.75
41143,0.6623429656028748,0.577205240726471,0.75
41243,0.6623429656028748,0.577205240726471,0.75
41343,0.6623429656028748,0.577205240726471,0.75
41443,0.6623429656028748,0.577205240726471,0.75
41543,0.6623429656028748,0.577205240726471,0.75
41643,0.6623429656028748,0.577205240726471,0.75
41743,0.6623429656028748,0.577205240726471,0.75
41843,0.6623429656028748,0.577205240726471,0.75
41943,0.6623429656028748,0.577205240726471,0.75
42043,0.6623429656028748,0.577205240726471,0.75
42143,0.6623429656028748,0.577205240726471,0.75
42243,0.6623429656028748,0.577205240726471,0.75
42343,0.6623429656028748,0.577205240726471,0.75
42443,0.6623429656028748,0.577205240726471,0.75
42543,0.6623429656028748,0.577205240726471,0.75
42643,0.6623429656028748,0.577205240726471,0.75
42743,0.6623429656028748,0.577205240726471,0.75
42843,0.6623429656028748,0.577205240726471,0.75
42943,0.6623429656028748,0.577205240726471,0.75
43043,0.6623429656028748,0.577205240726471,0.75
43143,0.6623429656028748,0.577205240726471,0.75
43243,0.6623429656028748,0.577205240726471,0.75
43343,0.6623429656028748,0.577205240726471,0.75
43443,0.6623429656028748,0.577205240726471,0.75
43543,0.6623429656028748,0.577205240726471,0.75
43643,0.6623429656028748,0.577205240726471,0.75
43743,0.6623429656028748,0.577205240726471,0.75
43843,0.6623429656028748,0.577205240726471,0.75
43943,0.6623429656028748,0.577205240726471,0.75
44043,0.6623429656028748,0.577205240726471,0.75
44143,0.6623429656028748,0.577205240726471,0.75
44243,0.6623429656028748,0.577205240726471,0.75
44343,0.6623429656028748,0.577205240726471,0.75
49142,0.6623429656028748,0.577205240726471,0.75
49242,0.6623429656028748,0.577205240726471,0.75
49342,0.6623429656028748,0.577205240726471,0.75
49442,0.6623429656028748,0.577205240726471,0.75
49542,0.6623429656028748,0.577205240726471,0.75
49642,0.6623429656028748,0.577205240726471,0.75
49742,0.6623429656028748,0.577205240726471,0.75
49842,0.6623429656028748,0.577205240726471,0.75
49942,0.6623429656028748,0.577205240726471,0.75
50042,0.6623429656028748,0.577205240726471,0.75
50142,0.6623429656028748,0.577205240726471,0.75
50242,0.6623429656028748,0.577205240726471,0.75
50342,0.6623429656028748,0.577205240726471,0.75
50442,0.6623429656028748,0.577205240726471,0.75
50542,0.6623429656028748,0.577205240726471,0.75
50642,0.6623429656028748,0.577205240726471,0.75
50742,0.6623429656028748,0.577205240726471,0.75
50842,0.6623429656028748,0.577205240726471,0.75
50942,0.6623429656028748,0.577205240726471,0.75
51042,0.6623429656028748,0.577205240726471,0.75
51142,0.6623429656028748,0.577205240726471,0.75
51242,0.6623429656028748,0.577205240726471,0.75
51342,0.6623429656028748,0.577205240726471,0.75
51442,0.6623429656028748,0.577205240726471,0.75
51542,0.6623429656028748,0.577205240726471,0.75
51642,0.6623429656028748,0.577205240726471,0.75
51742,0.6623429656028748,0.577205240726471,0.75
51842,0.6623429656028748,0.577205240726471,0.75
51942,0.6623429656028748,0.577205240726471,0.75
52042,0.6623429656028748,0.577205240726471,0.75
52142,0.6623429656028748,0.577205240726471,0.75
52242,0.6623429656028748,0.577205240726471,0.75
52342,0.6623429656028748,0.577205240726471,0.75
52442,0.6623429656028748,0.577205240726471,0.75
52542,0.6623429656028748,0.577205240726471,0.75
52642,0.6623429656028748,0.577205240726471,0.75
52742,0.6623429656028748,0.577205240726471,0.75
52842,0.6623429656028748,0.577205240726471,0.75
52942,0.6623429656028748,0.577205240726471,0.75
53042,0.6623429656028748,0.577205240726471,0.75
53142,0.6623429656028748,0.577205240726471,0.75
53242,0.6623429656028748,0.577205240726471,0.75
53342,0.6623429656028748,0.577205240726471,0.75
53442,0.6623429656028748,0.577205240726471,0.75
53542,0.6623429656028748,0.577205240726471,0.75
53642,0.6623429656028748,0.577205240726471,0.75
53742,0.6623429656028748,0.577205240726471,0.75
53842,0.6623429656028748,0.577205240726471,0.75
53942,0.6623429656028748,0.577205240726471,0.75
54042,0.6623429656028748,0.577205240726471,0.75
54142,0.6623429656028748,0.577205240726471,0.75
54242,0.6623429656028748,0.577205240726471,0.75
59405,0.6623429656028748,0.577205240726471,0.75
59505,0.6623429656028748,0.577205240726471,0.75
59605,0.6623429656028748,0.577205240726471,0.75
59705,0.6623429656028748,0.577205240726471,0.75
59805,0.6623429656028748,0.577205240726471,0.75
59905,0.6623429656028748,0.577205240726471,0.75
60005,0.6623429656028748,0.577205240726471,0.75
60105,0.6623429656028748,0.577205240726471,0.75
60205,0.6623429656028748,0.577205240726471,0.75
60305,0.6623429656028748,0.577205240726471,0.75
60405,0.6623429656028748,0.577205240726471,0.75
60505,0.6623429656028748,0.577205240726471,0.75
60605,0.6623429656028748,0.577205240726471,0.75
60705,0.6623429656028748,0.577205240726471,0.75
60805,0.6623429656028748,0.577205240726471,0.75
60905,0.6623429656028748,0.577205240726471,0.75
61005,0.6623429656028748,0.577205240726471,0.75
61105,0.6623429656028748,0.577205240726471,0.75
61205,0.6623429656028748,0.577205240726471,0.75
61305,0.6623429656028748,0.577205240726471,0.75
61405,0.6623429656028748,0.577205240726471,0.75
61505,0.6623429656028748,0.577205240726471,0.75
61605,0.6623429656028748,0.577205240726471,0.75
61705,0.6623429656028748,0.577205240726471,0.75
61805,0.6623429656028748,0.577205240726471,0.75
61905,0.6623429656028748,0.577205240726471,0.75
62005,0.6623429656028748,0.577205240726471,0.75
62105,0.6623429656028748,0.577205240726471,0.75
62205,0.6623429656028748,0.577205240726471,0.75
62305,0.6623429656028748,0.577205240726471,0.75
62405,0.6623429656028748,0.577205240726471,0.75
62505,0.6623429656028748,0.577205240726471,0.75
62605,0.6623429656028748,0.577205240726471,0.75
62705,0.6623429656028748,0.577205240726471,0.75
62805,0.6623429656028748,0.577205240726471,0.75
62905,0.6623429656028748,0.577205240726471,0.75
63005,0.6623429656028748,0.577205240726471,0.75
63105,0.6623429656028748,0.577205240726471,0.75
63205,0.6623429656028748,0.577205240726471,0.75
63305,0.6623429656028748,0.577205240726471,0.75
63405,0.6623429656028748,0.577205240726471,0.75
63505,0.6623429656028748,0.577205240726471,0.75
63605,0.6623429656028748,0.577205240726471,0.75
63705,0.6623429656028748,0.577205240726471,0.75
63805,0.6623429656028748,0.577205240726471,0.75
63905,0.6623429656028748,0.577205240726471,0.75
64005,0.6623429656028748,0.577205240726471,0.75
64105,0.6623429656028748,0.577205240726471,0.75
64205,0.6623429656028748,0.577205240726471,0.75
64305,0.6623429656028748,0.577205240726471,0.75
64405,0.6623429656028748,0.577205240726471,0.75
64505,0.6623429656028748,0.577205240726471,0.75
69805,0.6623429656028748,0.577205240726471,0.73
69905,0.6623429656028748,0.577205240726471,0.73
70005,0.6623429656028748,0.577205240726471,0.73
70105,0.6623429656028748,0.577205240726471,0.73
70205,0.6623429656028748,0.577205240726471,0.73
70305,0.6623429656028748,0.577205240726471,0.73
70405,0.6623429656028748,0.577205240726471,0.73
70505,0.6623429656028748,0.577205240726471,0.73
70605,0.6623429656028748,0.577205240726471,0.73
70705,0.6623429656028748,0.577205240726471,0.73
70805,0.6623429656028748,0.577205240726471,0.73
70905,0.6623429656028748,0.577205240726471,0.73
71005,0.6623429656028748,0.577205240726471,0.73
71105,0.6623429656028748,0.577205240726471,0.73
71205,0.6623429656028748,0.577205240726471,0.73
71305,0.6623429656028748,0.577205240726471,0.73
71405,0.6623429656028748,0.577205240726471,0.73
71505,0.6623429656028748,0.577205240726471,0.73
71605,0.6623429656028748,0.577205240726471,0.73
71705,0.6623429656028748,0.577205240726471,0.73
71805,0.6623429656028748,0.577205240726471,0.73
71905,0.6623429656028748,0.577205240726471,0.73
72005,0.6623429656028748,0.577205240726471,0.73
72105,0.6623429656028748,0.577205240726471,0.73
72205,0.6623429656028748,0.577205240726471,0.73
72305,0.6623429656028748,0.577205240726471,0.73
72405,0.6623429656028748,0.577205240726471,0.73
72505,0.6623429656028748,0.577205240726471,0.73
72605,0.6623429656028748,0.577205240726471,0.73
72705,0.6623429656028748,0.577205240726471,0.73
72805,0.6623429656028748,0.577205240726471,0.73
72905,0.6623429656028748,0.577205240726471,0.73
73005,0.6623429656028748,0.577205240726471,0.73
73105,0.6623429656028748,0.577205240726471,0.73
73205,0.6623429656028748,0.577205240726471,0.73
73305,0.6623429656028748,0.577205240726471,0.73
73405,0.6623429656028748,0.577205240726471,0.73
73505,0.6623429656028748,0.577205240726471,0.73
73605,0.6623429656028748,0.577205240726471,0.73
73705,0.6623429656028748,0.577205240726471,0.73
73805,0.6623429656028748,0.577205240726471,0.73
73905,0.6623429656028748,0.577205240726471,0.73
74005,0.6623429656028748,0.577205240726471,0.73
74105,0.6623429656028748,0.577205240726471,0.73
74205,0.6623429656028748,0.577205240726471,0.73
74305,0.6623429656028748,0.577205240726471,0.73
74405,0.6623429656028748,0.577205240726471,0.73
74505,0.6623429656028748,0.577205240726471,0.73
74605,0.6623429656028748,0.577205240726471,0.73
74705,0.6623429656028748,0.577205240726471,0.73
74805,0.6623429656028748,0.577205240726471,0.73
74905,0.6623429656028748,0.577205240726471,0.73
80205,0.6623429656028748,0.577205240726471,0.75
80305,0.6623429656028748,0.577205240726471,0.75
80405,0.6623429656028748,0.577205240726471,0.75
80505,0.6623429656028748,0.577205240726471,0.75
80605,0.6623429656028748,0.577205240726471,0.75
80705,0.6623429656028748,0.577205240726471,0.75
80805,0.6623429656028748,0.577205240726471,0.75
80905,0.6623429656028748,0.577205240726471,0.75
81005,0.6623429656028748,0.577205240726471,0.75
81105,0.6623429656028748,0.577205240726471,0.75
81205,0.6623429656028748,0.577205240726471,0.75
81305,0.6623429656028748,0.577205240726471,0.75
81405,0.6623429656028748,0.577205240726471,0.75
81505,0.6623429656028748,0.577205240726471,0.75
81605,0.6623429656028748,0.577205240726471,0.75
81705,0.6623429656028748,0.577205240726471,0.75
81805,0.6623429656028748,0.577205240726471,0.75
81905,0.6623429656028748,0.577205240726471,0.75
82005,0.6623429656028748,0.577205240726471,0.75
82105,0.6623429656028748,0.577205240726471,0.75
82205,0.6623429656028748,0.577205240726471,0.75
82305,0.6623429656028748,0.577205240726471,0.75
82405,0.6623429656028748,0.577205240726471,0.75
82505,0.6623429656028748,0.577205240726471,0.75
82605,0.6623429656028748,0.577205240726471,0.75
82705,0.6623429656028748,0.577205240726471,0.75
82805,0.6623429656028748,0.577205240726471,0.75
82905,0.6623429656028748,0.577205240726471,0.75
83005,0.6623429656028748,0.577205240726471,0.75
83105,0.6623429656028748,0.577205240726471,0.75
83205,0.6623429656028748,0.577205240726471,0.75
83305,0.6623429656028748,0.577205240726471,0.75
83405,0.6623429656028748,0.577205240726471,0.75
83505,0.6623429656028748,0.577205240726471,0.75
83605,0.6623429656028748,0.577205240726471,0.75
83705,0.6623429656028748,0.577205240726471,0.75
83805,0.6623429656028748,0.577205240726471,0.75
83905,0.6623429656028748,0.577205240726471,0.75
84005,0.6623429656028748,0.577205240726471,0.75
84105,0.6623429656028748,0.577205240726471,0.75
84205,0.6623429656028748,0.577205240726471,0.75
84305,0.6623429656028748,0.577205240726471,0.75
84405,0.6623429656028748,0.577205240726471,0.75
84505,0.6623429656028748,0.577205240726471,0.75
84605,0.6623429656028748,0.577205240726471,0.75
84705,0.6623429656028748,0.577205240726471,0.75
84805,0.6623429656028748,0.577205240726471,0.75
84905,0.6623429656028748,0.577205240726471,0.75
85005,0.6623429656028748,0.577205240726471,0.75
85105,0.6623429656028748,0.577205240726471,0.75
85205,0.6623429656028748,0.577205240726471,0.75
85305,0.6623429656028748,0.577205240726471,0.75
90605,0.6623429656028748,0.577205240726471,0.77
90705,0.6623429656028748,0.577205240726471,0.77
90805,0.6623429656028748,0.577205240726471,0.77
90905,0.6623429656028748,0.577205240726471,0.77
91005,0.6623429656028748,0.577205240726471,0.77
91105,0.6623429656028748,0.577205240726471,0.77
91205,0.6623429656028748,0.577205240726471,0.77
91305,0.6623429656028748,0.577205240726471,0.77
91405,0.6623429656028748,0.577205240726471,0.77
91505,0.6623429656028748,0.577205240726471,0.77
91605,0.6623429656028748,0.577205240726471,0.77
91705,0.6623429656028748,0.577205240726471,0.77
91805,0.6623429656028748,0.577205240726471,0.77
91905,0.6623429656028748,0.577205240726471,0.77
92005,0.6623429656028748,0.577205240726471,0.77
92105,0.6623429656028748,0.577205240726471,0.77
92205,0.6623429656028748,0.577205240726471,0.77
92305,0.6623429656028748,0.577205240726471,0.77
92405,0.6623429656028748,0.577205240726471,0.77
92505,0.6623429656028748,0.577205240726471,0.77
92605,0.6623429656028748,0.577205240726471,0.77
92705,0.6623429656028748,0.577205240726471,0.77
92805,0.6623429656028748,0.577205240726471,0.77
92905,0.6623429656028748,0.577205240726471,0.77
93005,0.6623429656028748,0.577205240726471,0.77
93105,0.6623429656028748,0.577205240726471,0.77
93205,0.6623429656028748,0.577205240726471,0.77
93305,0.6623429656028748,0.577205240726471,0.77
93405,0.6623429656028748,0.577205240726471,0.77
93505,0.6623429656028748,0.577205240726471,0.77
93605,0.6623429656028748,0.577205240726471,0.77
93705,0.6623429656028748,0.577205240726471,0.77
93805,0.6623429656028748,0.577205240726471,0.77
93905,0.6623429656028748,0.577205240726471,0.77
94005,0.6623429656028748,0.577205240726471,0.77
94105,0.6623429656028748,0.577205240726471,0.77
94205,0.6623429656028748,0.577205240726471,0.77
94305,0.6623429656028748,0.577205240726471,0.77
94405,0.6623429656028748,0.577205240726471,0.77
94505,0.6623429656028748,0.577205240726471,0.77
94605,0.6623429656028748,0.577205240726471,0.77
94705,0.6623429656028748,0.577205240726471,0.77
94805,0.6623429656028748,0.577205240726471,0.77
94905,0.6623429656028748,0.577205240726471,0.77
95005,0.6623429656028748,0.577205240726471,0.77
95105,0.6623429656028748,0.577205240726471,0.77
95205,0.6623429656028748,0.577205240726471,0.77
95305,0.6623429656028748,0.577205240726471,0.77
95405,0.6623429656028748,0.577205240726471,0.77
95505,0.6623429656028748,0.577205240726471,0.77
95605,0.6623429656028748,0.577205240726471,0.77
95705,0.6623429656028748,0.577205240726471,0.77
101005,0.6623429656028748,0.577205240726471,0.76
101105,0.6623429656028748,0.577205240726471,0.76
101205,0.6623429656028748,0.577205240726471,0.76
101305,0.6623429656028748,0.577205240726471,0.76
101405,0.6623429656028748,0.577205240726471,0.76
101505,0.6623429656028748,0.577205240726471,0.76
101605,0.6623429656028748,0.577205240726471,0.76
101705,0.6623429656028748,0.577205240726471,0.76
101805,0.6623429656028748,0.577205240726471,0.76
101905,0.6623429656028748,0.577205240726471,0.76
102005,0.6623429656028748,0.577205240726471,0.76
102105,0.6623429656028748,0.577205240726471,0.76
102205,0.6623429656028748,0.577205240726471,0.76
102305,0.6623429656028748,0.577205240726471,0.76
102405,0.6623429656028748,0.577205240726471,0.76
102505,0.6623429656028748,0.577205240726471,0.76
102605,0.6623429656028748,0.577205240726471,0.76
102705,0.6623429656028748,0.577205240726471,0.76
102805,0.6623429656028748,0.577205240726471,0.76
102905,0.6623429656028748,0.577205240726471,0.76
103005,0.6623429656028748,0.577205240726471,0.76
103105,0.6623429656028748,0.577205240726471,0.76
103205,0.6623429656028748,0.577205240726471,0.76
103305,0.6623429656028748,0.577205240726471,0.76
103405,0.6623429656028748,0.577205240726471,0.76
103505,0.6623429656028748,0.577205240726471,0.76
103605,0.6623429656028748,0.577205240726471,0.76
103705,0.6623429656028748,0.577205240726471,0.76
103805,0.6623429656028748,0.577205240726471,0.76
103905,0.6623429656028748,0.577205240726471,0.76
104005,0.6623429656028748,0.577205240726471,0.76
104105,0.6623429656028748,0.577205240726471,0.76
104205,0.6623429656028748,0.577205240726471,0.76
104305,0.6623429656028748,0.577205240726471,0.76
104405,0.6623429656028748,0.577205240726471,0.76
104505,0.6623429656028748,0.577205240726471,0.76
104605,0.6623429656028748,0.577205240726471,0.76
104705,0.6623429656028748,0.577205240726471,0.76
104805,0.6623429656028748,0.577205240726471,0.76
104905,0.6623429656028748,0.577205240726471,0.76
105005,0.6623429656028748,0.577205240726471,0.76
105105,0.6623429656028748,0.577205240726471,0.76
105205,0.6623429656028748,0.577205240726471,0.76
105305,0.6623429656028748,0.577205240726471,0.76
105405,0.6623429656028748,0.577205240726471,0.76
105505,0.6623429656028748,0.577205240726471,0.76
105605,0.6623429656028748,0.577205240726471,0.76
105705,0.6623429656028748,0.577205240726471,0.76
105805,0.6623429656028748,0.577205240726471,0.76
105905,0.6623429656028748,0.577205240726471,0.76
106005,0.6623429656028748,0.577205240726471,0.76
106105,0.6623429656028748,0.577205240726471,0.76
111405,0.6623429656028748,0.577205240726471,0.73
111505,0.6623429656028748,0.577205240726471,0.73
111605,0.6623429656028748,0.577205240726471,0.73
111705,0.6623429656028748,0.577205240726471,0.73
111805,0.6623429656028748,0.577205240726471,0.73
111905,0.6623429656028748,0.577205240726471,0.73
112005,0.6623429656028748,0.577205240726471,0.73
112105,0.6623429656028748,0.577205240726471,0.73
112205,0.6623429656028748,0.577205240726471,0.73
112305,0.6623429656028748,0.577205240726471,0.73
112405,0.6623429656028748,0.577205240726471,0.73
112505,0.6623429656028748,0.577205240726471,0.73
112605,0.6623429656028748,0.577205240726471,0.73
112705,0.6623429656028748,0.577205240726471,0.73
112805,0.6623429656028748,0.577205240726471,0.73
112905,0.6623429656028748,0.577205240726471,0.73
113005,0.6623429656028748,0.577205240726471,0.73
113105,0.6623429656028748,0.577205240726471,0.73
113205,0.6623429656028748,0.577205240726471,0.73
113305,0.6623429656028748,0.577205240726471,0.73
113405,0.6623429656028748,0.577205240726471,0.73
113505,0.6623429656028748,0.577205240726471,0.73
113605,0.6623429656028748,0.577205240726471,0.73
113705,0.6623429656028748,0.577205240726471,0.73
113805,0.6623429656028748,0.577205240726471,0.73
113905,0.6623429656028748,0.577205240726471,0.73
114005,0.6623429656028748,0.577205240726471,0.73
114105,0.6623429656028748,0.577205240726471,0.73
114205,0.6623429656028748,0.577205240726471,0.73
114305,0.6623429656028748,0.577205240726471,0.73
114405,0.6623429656028748,0.577205240726471,0.73
114505,0.6623429656028748,0.577205240726471,0.73
114605,0.6623429656028748,0.577205240726471,0.73
114705,0.6623429656028748,0.577205240726471,0.73
114805,0.6623429656028748,0.577205240726471,0.73
114905,0.6623429656028748,0.577205240726471,0.73
115005,0.6623429656028748,0.577205240726471,0.73
115105,0.6623429656028748,0.577205240726471,0.73
115205,0.6623429656028748,0.577205240726471,0.73
115305,0.6623429656028748,0.577205240726471,0.73
115405,0.6623429656028748,0.577205240726471,0.73
115505,0.6623429656028748,0.577205240726471,0.73
115605,0.6623429656028748,0.577205240726471,0.73
115705,0.6623429656028748,0.577205240726471,0.73
115805,0.6623429656028748,0.577205240726471,0.73
115905,0.6623429656028748,0.577205240726471,0.73
116005,0.6623429656028748,0.577205240726471,0.73
116105,0.6623429656028748,0.577205240726471,0.73
116205,0.6623429656028748,0.577205240726471,0.73
116305,0.6623429656028748,0.577205240726471,0.73
116405,0.6623429656028748,0.577205240726471,0.73
116505,0.6623429656028748,0.577205240726471,0.73
121805,0.6623429656028748,0.577205240726471,0.74
121905,0.6623429656028748,0.577205240726471,0.74
122005,0.6623429656028748,0.577205240726471,0.74
122105,0.6623429656028748,0.577205240726471,0.74
122205,0.6623429656028748,0.577205240726471,0.74
122305,0.6623429656028748,0.577205240726471,0.74
122405,0.6623429656028748,0.577205240726471,0.74
122505,0.6623429656028748,0.577205240726471,0.74
122605,0.6623429656028748,0.577205240726471,0.74
122705,0.6623429656028748,0.577205240726471,0.74
122805,0.6623429656028748,0.577205240726471,0.74
122905,0.6623429656028748,0.577205240726471,0.74
123005,0.6623429656028748,0.577205240726471,0.74
123105,0.6623429656028748,0.577205240726471,0.74
123205,0.6623429656028748,0.577205240726471,0.74
123305,0.6623429656028748,0.577205240726471,0.74
123405,0.6623429656028748,0.577205240726471,0.74
123505,0.6623429656028748,0.577205240726471,0.74
123605,0.6623429656028748,0.577205240726471,0.74
123705,0.6623429656028748,0.577205240726471,0.74
123805,0.6623429656028748,0.577205240726471,0.74
123905,0.6623429656028748,0.577205240726471,0.74
124005,0.6623429656028748,0.577205240726471,0.74
124105,0.6623429656028748,0.577205240726471,0.74
124205,0.6623429656028748,0.577205240726471,0.74
124305,0.6623429656028748,0.577205240726471,0.74
124405,0.6623429656028748,0.577205240726471,0.74
124505,0.6623429656028748,0.577205240726471,0.74
124605,0.6623429656028748,0.577205240726471,0.74
124705,0.6623429656028748,0.577205240726471,0.74
124805,0.6623429656028748,0.577205240726471,0.74
124905,0.6623429656028748,0.577205240726471,0.74
125005,0.6623429656028748,0.577205240726471,0.74
125105,0.6623429656028748,0.577205240726471,0.74
125205,0.6623429656028748,0.577205240726471,0.74
125305,0.6623429656028748,0.577205240726471,0.74
125405,0.6623429656028748,0.577205240726471,0.74
125505,0.6623429656028748,0.577205240726471,0.74
125605,0.6623429656028748,0.577205240726471,0.74
125705,0.6623429656028748,0.577205240726471,0.74
125805,0.6623429656028748,0.577205240726471,0.74
125905,0.6623429656028748,0.577205240726471,0.74
126005,0.6623429656028748,0.577205240726471,0.74
126105,0.6623429656028748,0.577205240726471,0.74
126205,0.6623429656028748,0.577205240726471,0.74
126305,0.6623429656028748,0.577205240726471,0.74
126405,0.6623429656028748,0.577205240726471,0.74
126505,0.6623429656028748,0.577205240726471,0.74
126605,0.6623429656028748,0.577205240726471,0.74
126705,0.6623429656028748,0.577205240726471,0.74
126805,0.6623429656028748,0.577205240726471,0.74
126905,0.6623429656028748,0.577205240726471,0.74
132205,0.6623429656028748,0.577205240726471,0.76
132305,0.6623429656028748,0.577205240726471,0.76
132405,0.6623429656028748,0.577205240726471,0.76
132505,0.6623429656028748,0.577205240726471,0.76
132605,0.6623429656028748,0.577205240726471,0.76
132705,0.6623429656028748,0.577205240726471,0.76
132805,0.6623429656028748,0.577205240726471,0.76
132905,0.6623429656028748,0.577205240726471,0.76
133005,0.6623429656028748,0.577205240726471,0.76
133105,0.6623429656028748,0.577205240726471,0.76
133205,0.6623429656028748,0.577205240726471,0.76
133305,0.6623429656028748,0.577205240726471,0.76
133405,0.6623429656028748,0.577205240726471,0.76
133505,0.6623429656028748,0.577205240726471,0.76
133605,0.6623429656028748,0.577205240726471,0.76
133705,0.6623429656028748,0.577205240726471,0.76
133805,0.6623429656028748,0.577205240726471,0.76
133905,0.6623429656028748,0.577205240726471,0.76
134005,0.6623429656028748,0.577205240726471,0.76
134105,0.6623429656028748,0.577205240726471,0.76
134205,0.6623429656028748,0.577205240726471,0.76
134305,0.6623429656028748,0.577205240726471,0.76
134405,0.6623429656028748,0.577205240726471,0.76
134505,0.6623429656028748,0.577205240726471,0.76
134605,0.6623429656028748,0.577205240726471,0.76
134705,0.6623429656028748,0.577205240726471,0.76
134805,0.6623429656028748,0.577205240726471,0.76
134905,0.6623429656028748,0.577205240726471,0.76
135005,0.6623429656028748,0.577205240726471,0.76
135105,0.6623429656028748,0.577205240726471,0.76
135205,0.6623429656028748,0.577205240726471,0.76
135305,0.6623429656028748,0.577205240726471,0.76
135405,0.6623429656028748,0.577205240726471,0.76
135505,0.6623429656028748,0.577205240726471,0.76
135605,0.6623429656028748,0.577205240726471,0.76
135705,0.6623429656028748,0.577205240726471,0.76
135805,0.6623429656028748,0.577205240726471,0.76
135905,0.6623429656028748,0.577205240726471,0.76
136005,0.6623429656028748,0.577205240726471,0.76
136105,0.6623429656028748,0.577205240726471,0.76
136205,0.6623429656028748,0.577205240726471,0.76
136305,0.6623429656028748,0.577205240726471,0.76
136405,0.6623429656028748,0.577205240726471,0.76
136505,0.6623429656028748,0.577205240726471,0.76
136605,0.6623429656028748,0.577205240726471,0.76
136705,0.6623429656028748,0.577205240726471,0.76
136805,0.6623429656028748,0.577205240726471,0.76
136905,0.6623429656028748,0.577205240726471,0.76
137005,0.6623429656028748,0.577205240726471,0.76
137105,0.6623429656028748,0.577205240726471,0.76
137205,0.6623429656028748,0.577205240726471,0.76
137305,0.6623429656028748,0.577205240726471,0.76
142605,0.6623429656028748,0.577205240726471,0.79
142705,0.6623429656028748,0.577205240726471,0.79
142805,0.6623429656028748,0.577205240726471,0.79
142905,0.6623429656028748,0.577205240726471,0.79
143005,0.6623429656028748,0.577205240726471,0.79
143105,0.6623429656028748,0.577205240726471,0.79
143205,0.6623429656028748,0.577205240726471,0.79
143305,0.6623429656028748,0.577205240726471,0.79
143405,0.6623429656028748,0.577205240726471,0.79
143505,0.6623429656028748,0.577205240726471,0.79
143605,0.6623429656028748,0.577205240726471,0.79
143705,0.6623429656028748,0.577205240726471,0.79
143805,0.6623429656028748,0.577205240726471,0.79
143905,0.6623429656028748,0.577205240726471,0.79
144005,0.6623429656028748,0.577205240726471,0.79
144105,0.6623429656028748,0.577205240726471,0.79
144205,0.6623429656028748,0.577205240726471,0.79
144305,0.6623429656028748,0.577205240726471,0.79
144405,0.6623429656028748,0.577205240726471,0.79
144505,0.6623429656028748,0.577205240726471,0.79
144605,0.6623429656028748,0.577205240726471,0.79
144705,0.6623429656028748,0.577205240726471,0.79
144805,0.6623429656028748,0.577205240726471,0.79
144905,0.6623429656028748,0.577205240726471,0.79
145005,0.6623429656028748,0.577205240726471,0.79
145105,0.6623429656028748,0.577205240726471,0.79
145205,0.6623429656028748,0.577205240726471,0.79
145305,0.6623429656028748,0.577205240726471,0.79
145405,0.6623429656028748,0.577205240726471,0.79
145505,0.6623429656028748,0.577205240726471,0.79
145605,0.6623429656028748,0.577205240726471,0.79
145705,0.6623429656028748,0.577205240726471,0.79
145805,0.6623429656028748,0.577205240726471,0.79
145905,0.6623429656028748,0.577205240726471,0.79
146005,0.6623429656028748,0.577205240726471,0.79
146105,0.6623429656028748,0.577205240726471,0.79
146205,0.6623429656028748,0.577205240726471,0.79
146305,0.6623429656028748,0.577205240726471,0.79
146405,0.6623429656028748,0.577205240726471,0.79
146505,0.6623429656028748,0.577205240726471,0.79
146605,0.6623429656028748,0.577205240726471,0.79
146705,0.6623429656028748,0.577205240726471,0.79
146805,0.6623429656028748,0.577205240726471,0.79
146905,0.6623429656028748,0.577205240726471,0.79
147005,0.6623429656028748,0.577205240726471,0.79
147105,0.6623429656028748,0.577205240726471,0.79
147205,0.6623429656028748,0.577205240726471,0.79
147305,0.6623429656028748,0.577205240726471,0.79
147405,0.6623429656028748,0.577205240726471,0.79
147505,0.6623429656028748,0.577205240726471,0.79
147605,0.6623429656028748,0.577205240726471,0.79
147705,0.6623429656028748,0.577205240726471,0.79
153005,0.6623429656028748,0.577205240726471,0.73
153105,0.6623429656028748,0.577205240726471,0.73
153205,0.6623429656028748,0.577205240726471,0.73
153305,0.6623429656028748,0.577205240726471,0.73
153405,0.6623429656028748,0.577205240726471,0.73
153505,0.6623429656028748,0.577205240726471,0.73
153605,0.6623429656028748,0.577205240726471,0.73
153705,0.6623429656028748,0.577205240726471,0.73
153805,0.6623429656028748,0.577205240726471,0.73
153905,0.6623429656028748,0.577205240726471,0.73
154005,0.6623429656028748,0.577205240726471,0.73
154105,0.6623429656028748,0.577205240726471,0.73
154205,0.6623429656028748,0.577205240726471,0.73
154305,0.6623429656028748,0.577205240726471,0.73
154405,0.6623429656028748,0.577205240726471,0.73
154505,0.6623429656028748,0.577205240726471,0.73
154605,0.6623429656028748,0.577205240726471,0.73
154705,0.6623429656028748,0.577205240726471,0.73
154805,0.6623429656028748,0.577205240726471,0.73
154905,0.6623429656028748,0.577205240726471,0.73
155005,0.6623429656028748,0.577205240726471,0.73
155105,0.6623429656028748,0.577205240726471,0.73
155205,0.6623429656028748,0.577205240726471,0.73
155305,0.6623429656028748,0.577205240726471,0.73
155405,0.6623429656028748,0.577205240726471,0.73
155505,0.6623429656028748,0.577205240726471,0.73
155605,0.6623429656028748,0.577205240726471,0.73
155705,0.6623429656028748,0.577205240726471,0.73
155805,0.6623429656028748,0.577205240726471,0.73
155905,0.6623429656028748,0.577205240726471,0.73
156005,0.6623429656028748,0.577205240726471,0.73
156105,0.6623429656028748,0.577205240726471,0.73
156205,0.6623429656028748,0.577205240726471,0.73
156305,0.6623429656028748,0.577205240726471,0.73
156405,0.6623429656028748,0.577205240726471,0.73
156505,0.6623429656028748,0.577205240726471,0.73
156605,0.6623429656028748,0.577205240726471,0.73
156705,0.6623429656028748,0.577205240726471,0.73
156805,0.6623429656028748,0.577205240726471,0.73
156905,0.6623429656028748,0.577205240726471,0.73
157005,0.6623429656028748,0.577205240726471,0.73
157105,0.6623429656028748,0.577205240726471,0.73
157205,0.6623429656028748,0.577205240726471,0.73
157305,0.6623429656028748,0.577205240726471,0.73
157405,0.6623429656028748,0.577205240726471,0.73
157505,0.6623429656028748,0.577205240726471,0.73
157605,0.6623429656028748,0.577205240726471,0.73
157705,0.6623429656028748,0.577205240726471,0.73
157805,0.6623429656028748,0.577205240726471,0.73
157905,0.6623429656028748,0.577205240726471,0.73
158005,0.6623429656028748,0.577205240726471,0.73
158105,0.6623429656028748,0.577205240726471,0.73
163405,0.6623429656028748,0.577205240726471,0.75
163505,0.6623429656028748,0.577205240726471,0.75
163605,0.6623429656028748,0.577205240726471,0.75
163705,0.6623429656028748,0.577205240726471,0.75
163805,0.6623429656028748,0.577205240726471,0.75
163905,0.6623429656028748,0.577205240726471,0.75
164005,0.6623429656028748,0.577205240726471,0.75
164105,0.6623429656028748,0.577205240726471,0.75
164205,0.6623429656028748,0.577205240726471,0.75
164305,0.6623429656028748,0.577205240726471,0.75
164405,0.6623429656028748,0.577205240726471,0.75
164505,0.6623429656028748,0.577205240726471,0.75
164605,0.6623429656028748,0.577205240726471,0.75
164705,0.6623429656028748,0.577205240726471,0.75
164805,0.6623429656028748,0.577205240726471,0.75
164905,0.6623429656028748,0.577205240726471,0.75
165005,0.6623429656028748,0.577205240726471,0.75
165105,0.6623429656028748,0.577205240726471,0.75
165205,0.6623429656028748,0.577205240726471,0.75
165305,0.6623429656028748,0.577205240726471,0.75
165405,0.6623429656028748,0.577205240726471,0.75
165505,0.6623429656028748,0.577205240726471,0.75
165605,0.6623429656028748,0.577205240726471,0.75
165705,0.6623429656028748,0.577205240726471,0.75
165805,0.6623429656028748,0.577205240726471,0.75
165905,0.6623429656028748,0.577205240726471,0.75
166005,0.6623429656028748,0.577205240726471,0.75
166105,0.6623429656028748,0.577205240726471,0.75
166205,0.6623429656028748,0.577205240726471,0.75
166305,0.6623429656028748,0.577205240726471,0.75
166405,0.6623429656028748,0.577205240726471,0.75
166505,0.6623429656028748,0.577205240726471,0.75
166605,0.6623429656028748,0.577205240726471,0.75
166705,0.6623429656028748,0.577205240726471,0.75
166805,0.6623429656028748,0.577205240726471,0.75
166905,0.6623429656028748,0.577205240726471,0.75
167005,0.6623429656028748,0.577205240726471,0.75
167105,0.6623429656028748,0.577205240726471,0.75
167205,0.6623429656028748,0.577205240726471,0.75
167305,0.6623429656028748,0.577205240726471,0.75
167405,0.6623429656028748,0.577205240726471,0.75
167505,0.6623429656028748,0.577205240726471,0.75
167605,0.6623429656028748,0.577205240726471,0.75
167705,0.6623429656028748,0.577205240726471,0.75
167805,0.6623429656028748,0.577205240726471,0.75
167905,0.6623429656028748,0.577205240726471,0.75
168005,0.6623429656028748,0.577205240726471,0.75
168105,0.6623429656028748,0.577205240726471,0.75
168205,0.6623429656028748,0.577205240726471,0.75
168305,0.6623429656028748,0.577205240726471,0.75
168405,0.6623429656028748,0.577205240726471,0.75
168505,0.6623429656028748,0.577205240726471,0.75
173805,0.6623429656028748,0.577205240726471,0.75
173905,0.6623429656028748,0.577205240726471,0.75
174005,0.6623429656028748,0.577205240726471,0.75
174105,0.6623429656028748,0.577205240726471,0.75
174205,0.6623429656028748,0.577205240726471,0.75
174305,0.6623429656028748,0.577205240726471,0.75
174405,0.6623429656028748,0.577205240726471,0.75
174505,0.6623429656028748,0.577205240726471,0.75
174605,0.6623429656028748,0.577205240726471,0.75
174705,0.6623429656028748,0.577205240726471,0.75
174805,0.6623429656028748,0.577205240726471,0.75
174905,0.6623429656028748,0.577205240726471,0.75
175005,0.6623429656028748,0.577205240726471,0.75
175105,0.6623429656028748,0.577205240726471,0.75
175205,0.6623429656028748,0.577205240726471,0.75
175305,0.6623429656028748,0.577205240726471,0.75
175405,0.6623429656028748,0.577205240726471,0.75
175505,0.6623429656028748,0.577205240726471,0.75
175605,0.6623429656028748,0.577205240726471,0.75
175705,0.6623429656028748,0.577205240726471,0.75
175805,0.6623429656028748,0.577205240726471,0.75
175905,0.6623429656028748,0.577205240726471,0.75
176005,0.6623429656028748,0.577205240726471,0.75
176105,0.6623429656028748,0.577205240726471,0.75
176205,0.6623429656028748,0.577205240726471,0.75
176305,0.6623429656028748,0.577205240726471,0.75
176405,0.6623429656028748,0.577205240726471,0.75
176505,0.6623429656028748,0.577205240726471,0.75
176605,0.6623429656028748,0.577205240726471,0.75
176705,0.6623429656028748,0.577205240726471,0.75
176805,0.6623429656028748,0.577205240726471,0.75
176905,0.6623429656028748,0.577205240726471,0.75
177005,0.6623429656028748,0.577205240726471,0.75
177105,0.6623429656028748,0.577205240726471,0.75
177205,0.6623429656028748,0.577205240726471,0.75
177305,0.6623429656028748,0.577205240726471,0.75
177405,0.6623429656028748,0.577205240726471,0.75
177505,0.6623429656028748,0.577205240726471,0.75
177605,0.6623429656028748,0.577205240726471,0.75
177705,0.6623429656028748,0.577205240726471,0.75
177805,0.6623429656028748,0.577205240726471,0.75
177905,0.6623429656028748,0.577205240726471,0.75
178005,0.6623429656028748,0.577205240726471,0.75
178105,0.6623429656028748,0.577205240726471,0.75
178205,0.6623429656028748,0.577205240726471,0.75
178305,0.6623429656028748,0.577205240726471,0.75
178405,0.6623429656028748,0.577205240726471,0.75
178505,0.6623429656028748,0.577205240726471,0.75
178605,0.6623429656028748,0.577205240726471,0.75
178705,0.6623429656028748,0.577205240726471,0.75
178805,0.6623429656028748,0.577205240726471,0.75
178905,0.6623429656028748,0.577205240726471,0.75
184205,0.6623429656028748,0.577205240726471,0.75
184305,0.6623429656028748,0.577205240726471,0.75
184405,0.6623429656028748,0.577205240726471,0.75
184505,0.6623429656028748,0.577205240726471,0.75
184605,0.6623429656028748,0.577205240726471,0.75
184705,0.6623429656028748,0.577205240726471,0.75
184805,0.6623429656028748,0.577205240726471,0.75
184905,0.6623429656028748,0.577205240726471,0.75
185005,0.6623429656028748,0.577205240726471,0.75
185105,0.6623429656028748,0.577205240726471,0.75
185205,0.6623429656028748,0.577205240726471,0.75
185305,0.6623429656028748,0.577205240726471,0.75
185405,0.6623429656028748,0.577205240726471,0.75
185505,0.6623429656028748,0.577205240726471,0.75
185605,0.6623429656028748,0.577205240726471,0.75
185705,0.6623429656028748,0.577205240726471,0.75
185805,0.6623429656028748,0.577205240726471,0.75
185905,0.6623429656028748,0.577205240726471,0.75
186005,0.6623429656028748,0.577205240726471,0.75
186105,0.6623429656028748,0.577205240726471,0.75
186205,0.6623429656028748,0.577205240726471,0.75
186305,0.6623429656028748,0.577205240726471,0.75
186405,0.6623429656028748,0.577205240726471,0.75
186505,0.6623429656028748,0.577205240726471,0.75
186605,0.6623429656028748,0.577205240726471,0.75
186705,0.6623429656028748,0.577205240726471,0.75
186805,0.6623429656028748,0.577205240726471,0.75
186905,0.6623429656028748,0.577205240726471,0.75
187005,0.6623429656028748,0.577205240726471,0.75
187105,0.6623429656028748,0.577205240726471,0.75
187205,0.6623429656028748,0.577205240726471,0.75
187305,0.6623429656028748,0.577205240726471,0.75
187405,0.6623429656028748,0.577205240726471,0.75
187505,0.6623429656028748,0.577205240726471,0.75
187605,0.6623429656028748,0.577205240726471,0.75
187705,0.6623429656028748,0.577205240726471,0.75
187805,0.6623429656028748,0.577205240726471,0.75
187905,0.6623429656028748,0.577205240726471,0.75
188005,0.6623429656028748,0.577205240726471,0.75
188105,0.6623429656028748,0.577205240726471,0.75
188205,0.6623429656028748,0.577205240726471,0.75
188305,0.6623429656028748,0.577205240726471,0.75
188405,0.6623429656028748,0.577205240726471,0.75
188505,0.6623429656028748,0.577205240726471,0.75
188605,0.6623429656028748,0.577205240726471,0.75
188705,0.6623429656028748,0.577205240726471,0.75
188805,0.6623429656028748,0.577205240726471,0.75
188905,0.6623429656028748,0.577205240726471,0.75
189005,0.6623429656028748,0.577205240726471,0.75
189105,0.6623429656028748,0.577205240726471,0.75
189205,0.6623429656028748,0.577205240726471,0.75
189305,0.6623429656028748,0.577205240726471,0.75
194605,0.6623429656028748,0.577205240726471,0.74
194705,0.6623429656028748,0.577205240726471,0.74
194805,0.6623429656028748,0.577205240726471,0.74
194905,0.6623429656028748,0.577205240726471,0.74
195005,0.6623429656028748,0.577205240726471,0.74
195105,0.6623429656028748,0.577205240726471,0.74
195205,0.6623429656028748,0.577205240726471,0.74
195305,0.6623429656028748,0.577205240726471,0.74
195405,0.6623429656028748,0.577205240726471,0.74
195505,0.6623429656028748,0.577205240726471,0.74
195605,0.6623429656028748,0.577205240726471,0.74
195705,0.6623429656028748,0.577205240726471,0.74
195805,0.6623429656028748,0.577205240726471,0.74
195905,0.6623429656028748,0.577205240726471,0.74
196005,0.6623429656028748,0.577205240726471,0.74
196105,0.6623429656028748,0.577205240726471,0.74
196205,0.6623429656028748,0.577205240726471,0.74
196305,0.6623429656028748,0.577205240726471,0.74
196405,0.6623429656028748,0.577205240726471,0.74
196505,0.6623429656028748,0.577205240726471,0.74
196605,0.6623429656028748,0.577205240726471,0.74
196705,0.6623429656028748,0.577205240726471,0.74
196805,0.6623429656028748,0.577205240726471,0.74
196905,0.6623429656028748,0.577205240726471,0.74
197005,0.6623429656028748,0.577205240726471,0.74
197105,0.6623429656028748,0.577205240726471,0.74
197205,0.6623429656028748,0.577205240726471,0.74
197305,0.6623429656028748,0.577205240726471,0.74
197405,0.6623429656028748,0.577205240726471,0.74
197505,0.6623429656028748,0.577205240726471,0.74
197605,0.6623429656028748,0.577205240726471,0.74
197705,0.6623429656028748,0.577205240726471,0.74
197805,0.6623429656028748,0.577205240726471,0.74
197905,0.6623429656028748,0.577205240726471,0.74
198005,0.6623429656028748,0.577205240726471,0.74
198105,0.6623429656028748,0.577205240726471,0.74
198205,0.6623429656028748,0.577205240726471,0.74
198305,0.6623429656028748,0.577205240726471,0.74
198405,0.6623429656028748,0.577205240726471,0.74
198505,0.6623429656028748,0.577205240726471,0.74
198605,0.6623429656028748,0.577205240726471,0.74
198705,0.6623429656028748,0.577205240726471,0.74
198805,0.6623429656028748,0.577205240726471,0.74
198905,0.6623429656028748,0.577205240726471,0.74
199005,0.6623429656028748,0.577205240726471,0.74
199105,0.6623429656028748,0.577205240726471,0.74
199205,0.6623429656028748,0.577205240726471,0.74
199305,0.6623429656028748,0.577205240726471,0.74
199405,0.6623429656028748,0.577205240726471,0.74
199505,0.6623429656028748,0.577205240726471,0.74
199605,0.6623429656028748,0.577205240726471,0.74
199705,0.6623429656028748,0.577205240726471,0.74
205005,0.6623429656028748,0.577205240726471,0.75
205105,0.6623429656028748,0.577205240726471,0.75
205205,0.6623429656028748,0.577205240726471,0.75
205305,0.6623429656028748,0.577205240726471,0.75
205405,0.6623429656028748,0.577205240726471,0.75
205505,0.6623429656028748,0.577205240726471,0.75
205605,0.6623429656028748,0.577205240726471,0.75
205705,0.6623429656028748,0.577205240726471,0.75
205805,0.6623429656028748,0.577205240726471,0.75
205905,0.6623429656028748,0.577205240726471,0.75
206005,0.6623429656028748,0.577205240726471,0.75
206105,0.6623429656028748,0.577205240726471,0.75
206205,0.6623429656028748,0.577205240726471,0.75
206305,0.6623429656028748,0.577205240726471,0.75
206405,0.6623429656028748,0.577205240726471,0.75
206505,0.6623429656028748,0.577205240726471,0.75
206605,0.6623429656028748,0.577205240726471,0.75
206705,0.6623429656028748,0.577205240726471,0.75
206805,0.6623429656028748,0.577205240726471,0.75
206905,0.6623429656028748,0.577205240726471,0.75
207005,0.6623429656028748,0.577205240726471,0.75
207105,0.6623429656028748,0.577205240726471,0.75
207205,0.6623429656028748,0.577205240726471,0.75
207305,0.6623429656028748,0.577205240726471,0.75
207405,0.6623429656028748,0.577205240726471,0.75
207505,0.6623429656028748,0.577205240726471,0.75
207605,0.6623429656028748,0.577205240726471,0.75
207705,0.6623429656028748,0.577205240726471,0.75
207805,0.6623429656028748,0.577205240726471,0.75
207905,0.6623429656028748,0.577205240726471,0.75
208005,0.6623429656028748,0.577205240726471,0.75
208105,0.6623429656028748,0.577205240726471,0.75
208205,0.6623429656028748,0.577205240726471,0.75
208305,0.6623429656028748,0.577205240726471,0.75
208405,0.6623429656028748,0.577205240726471,0.75
208505,0.6623429656028748,0.577205240726471,0.75
208605,0.6623429656028748,0.577205240726471,0.75
208705,0.6623429656028748,0.577205240726471,0.75
208805,0.6623429656028748,0.577205240726471,0.75
208905,0.6623429656028748,0.577205240726471,0.75
209005,0.6623429656028748,0.577205240726471,0.75
209105,0.6623429656028748,0.577205240726471,0.75
209205,0.6623429656028748,0.577205240726471,0.75
209305,0.6623429656028748,0.577205240726471,0.75
209405,0.6623429656028748,0.577205240726471,0.75
209505,0.6623429656028748,0.577205240726471,0.75
209605,0.6623429656028748,0.577205240726471,0.75
209705,0.6623429656028748,0.577205240726471,0.75
209805,0.6623429656028748,0.577205240726471,0.75
209905,0.6623429656028748,0.577205240726471,0.75
210005,0.6623429656028748,0.577205240726471,0.75
210105,0.6623429656028748,0.577205240726471,0.75
215405,0.6623429656028748,0.577205240726471,0.74
215505,0.6623429656028748,0.577205240726471,0.74
215605,0.6623429656028748,0.577205240726471,0.74
215705,0.6623429656028748,0.577205240726471,0.74
215805,0.6623429656028748,0.577205240726471,0.74
215905,0.6623429656028748,0.577205240726471,0.74
216005,0.6623429656028748,0.577205240726471,0.74
216105,0.6623429656028748,0.577205240726471,0.74
216205,0.6623429656028748,0.577205240726471,0.74
216305,0.6623429656028748,0.577205240726471,0.74
216405,0.6623429656028748,0.577205240726471,0.74
216505,0.6623429656028748,0.577205240726471,0.74
216605,0.6623429656028748,0.577205240726471,0.74
216705,0.6623429656028748,0.577205240726471,0.74
216805,0.6623429656028748,0.577205240726471,0.74
216905,0.6623429656028748,0.577205240726471,0.74
217005,0.6623429656028748,0.577205240726471,0.74
217105,0.6623429656028748,0.577205240726471,0.74
217205,0.6623429656028748,0.577205240726471,0.74
217305,0.6623429656028748,0.577205240726471,0.74
217405,0.6623429656028748,0.577205240726471,0.74
217505,0.6623429656028748,0.577205240726471,0.74
217605,0.6623429656028748,0.577205240726471,0.74
217705,0.6623429656028748,0.577205240726471,0.74
217805,0.6623429656028748,0.577205240726471,0.74
217905,0.6623429656028748,0.577205240726471,0.74
218005,0.6623429656028748,0.577205240726471,0.74
218105,0.6623429656028748,0.577205240726471,0.74
218205,0.6623429656028748,0.577205240726471,0.74
218305,0.6623429656028748,0.577205240726471,0.74
218405,0.6623429656028748,0.577205240726471,0.74
218505,0.6623429656028748,0.577205240726471,0.74
218605,0.6623429656028748,0.577205240726471,0.74
218705,0.6623429656028748,0.577205240726471,0.74
218805,0.6623429656028748,0.577205240726471,0.74
218905,0.6623429656028748,0.577205240726471,0.74
219005,0.6623429656028748,0.577205240726471,0.74
219105,0.6623429656028748,0.577205240726471,0.74
219205,0.6623429656028748,0.577205240726471,0.74
219305,0.6623429656028748,0.577205240726471,0.74
219405,0.6623429656028748,0.577205240726471,0.74
219505,0.6623429656028748,0.577205240726471,0.74
219605,0.6623429656028748,0.577205240726471,0.74
219705,0.6623429656028748,0.577205240726471,0.74
219805,0.6623429656028748,0.577205240726471,0.74
219905,0.6623429656028748,0.577205240726471,0.74
220005,0.6623429656028748,0.577205240726471,0.74
220105,0.6623429656028748,0.577205240726471,0.74
220205,0.6623429656028748,0.577205240726471,0.74
220305,0.6623429656028748,0.577205240726471,0.74
220405,0.6623429656028748,0.577205240726471,0.74
220505,0.6623429656028748,0.577205240726471,0.74
225805,0.6623429656028748,0.577205240726471,0.76
225905,0.6623429656028748,0.577205240726471,0.76
226005,0.6623429656028748,0.577205240726471,0.76
226105,0.6623429656028748,0.577205240726471,0.76
226205,0.6623429656028748,0.577205240726471,0.76
226305,0.6623429656028748,0.577205240726471,0.76
226405,0.6623429656028748,0.577205240726471,0.76
226505,0.6623429656028748,0.577205240726471,0.76
226605,0.6623429656028748,0.577205240726471,0.76
226705,0.6623429656028748,0.577205240726471,0.76
226805,0.6623429656028748,0.577205240726471,0.76
226905,0.6623429656028748,0.577205240726471,0.76
227005,0.6623429656028748,0.577205240726471,0.76
227105,0.6623429656028748,0.577205240726471,0.76
227205,0.6623429656028748,0.577205240726471,0.76
227305,0.6623429656028748,0.577205240726471,0.76
227405,0.6623429656028748,0.577205240726471,0.76
227505,0.6623429656028748,0.577205240726471,0.76
227605,0.6623429656028748,0.577205240726471,0.76
227705,0.6623429656028748,0.577205240726471,0.76
227805,0.6623429656028748,0.577205240726471,0.76
227905,0.6623429656028748,0.577205240726471,0.76
228005,0.6623429656028748,0.577205240726471,0.76
228105,0.6623429656028748,0.577205240726471,0.76
228205,0.6623429656028748,0.577205240726471,0.76
228305,0.6623429656028748,0.577205240726471,0.76
228405,0.6623429656028748,0.577205240726471,0.76
228505,0.6623429656028748,0.577205240726471,0.76
228605,0.6623429656028748,0.577205240726471,0.76
228705,0.6623429656028748,0.577205240726471,0.76
228805,0.6623429656028748,0.577205240726471,0.76
228905,0.6623429656028748,0.577205240726471,0.76
229005,0.6623429656028748,0.577205240726471,0.76
229105,0.6623429656028748,0.577205240726471,0.76
229205,0.6623429656028748,0.577205240726471,0.76
229305,0.6623429656028748,0.577205240726471,0.76
229405,0.6623429656028748,0.577205240726471,0.76
229505,0.6623429656028748,0.577205240726471,0.76
229605,0.6623429656028748,0.577205240726471,0.76
229705,0.6623429656028748,0.577205240726471,0.76
229805,0.6623429656028748,0.577205240726471,0.76
229905,0.6623429656028748,0.577205240726471,0.76
230005,0.6623429656028748,0.577205240726471,0.76
230105,0.6623429656028748,0.577205240726471,0.76
230205,0.6623429656028748,0.577205240726471,0.76
230305,0.6623429656028748,0.577205240726471,0.76
230405,0.6623429656028748,0.577205240726471,0.76
230505,0.6623429656028748,0.577205240726471,0.76
230605,0.6623429656028748,0.577205240726471,0.76
230705,0.6623429656028748,0.577205240726471,0.76
230805,0.6623429656028748,0.577205240726471,0.76
230905,0.6623429656028748,0.577205240726471,0.76
236205,0.6623429656028748,0.577205240726471,0.73
236305,0.6623429656028748,0.577205240726471,0.73
236405,0.6623429656028748,0.577205240726471,0.73
236505,0.6623429656028748,0.577205240726471,0.73
236605,0.6623429656028748,0.577205240726471,0.73
236705,0.6623429656028748,0.577205240726471,0.73
236805,0.6623429656028748,0.577205240726471,0.73
236905,0.6623429656028748,0.577205240726471,0.73
237005,0.6623429656028748,0.577205240726471,0.73
237105,0.6623429656028748,0.577205240726471,0.73
237205,0.6623429656028748,0.577205240726471,0.73
237305,0.6623429656028748,0.577205240726471,0.73
237405,0.6623429656028748,0.577205240726471,0.73
237505,0.6623429656028748,0.577205240726471,0.73
237605,0.6623429656028748,0.577205240726471,0.73
237705,0.6623429656028748,0.577205240726471,0.73
237805,0.6623429656028748,0.577205240726471,0.73
237905,0.6623429656028748,0.577205240726471,0.73
238005,0.6623429656028748,0.577205240726471,0.73
238105,0.6623429656028748,0.577205240726471,0.73
238205,0.6623429656028748,0.577205240726471,0.73
238305,0.6623429656028748,0.577205240726471,0.73
238405,0.6623429656028748,0.577205240726471,0.73
238505,0.6623429656028748,0.577205240726471,0.73
238605,0.6623429656028748,0.577205240726471,0.73
238705,0.6623429656028748,0.577205240726471,0.73
238805,0.6623429656028748,0.577205240726471,0.73
238905,0.6623429656028748,0.577205240726471,0.73
239005,0.6623429656028748,0.577205240726471,0.73
239105,0.6623429656028748,0.577205240726471,0.73
239205,0.6623429656028748,0.577205240726471,0.73
239305,0.6623429656028748,0.577205240726471,0.73
239405,0.6623429656028748,0.577205240726471,0.73
239505,0.6623429656028748,0.577205240726471,0.73
239605,0.6623429656028748,0.577205240726471,0.73
239705,0.6623429656028748,0.577205240726471,0.73
239805,0.6623429656028748,0.577205240726471,0.73
239905,0.6623429656028748,0.577205240726471,0.73
240005,0.6623429656028748,0.577205240726471,0.73
240105,0.6623429656028748,0.577205240726471,0.73
240205,0.6623429656028748,0.577205240726471,0.73
240305,0.6623429656028748,0.577205240726471,0.73
240405,0.6623429656028748,0.577205240726471,0.73
240505,0.6623429656028748,0.577205240726471,0.73
240605,0.6623429656028748,0.577205240726471,0.73
240705,0.6623429656028748,0.577205240726471,0.73
240805,0.6623429656028748,0.577205240726471,0.73
240905,0.6623429656028748,0.577205240726471,0.73
241005,0.6623429656028748,0.577205240726471,0.73
241105,0.6623429656028748,0.577205240726471,0.73
241205,0.6623429656028748,0.577205240726471,0.73
241305,0.6623429656028748,0.577205240726471,0.73
246605,0.6623429656028748,0.577205240726471,0.75
246705,0.6623429656028748,0.577205240726471,0.75
246805,0.6623429656028748,0.577205240726471,0.75
246905,0.6623429656028748,0.577205240726471,0.75
247005,0.6623429656028748,0.577205240726471,0.75
247105,0.6623429656028748,0.577205240726471,0.75
247205,0.6623429656028748,0.577205240726471,0.75
247305,0.6623429656028748,0.577205240726471,0.75
247405,0.6623429656028748,0.577205240726471,0.75
247505,0.6623429656028748,0.577205240726471,0.75
247605,0.6623429656028748,0.577205240726471,0.75
247705,0.6623429656028748,0.577205240726471,0.75
247805,0.6623429656028748,0.577205240726471,0.75
247905,0.6623429656028748,0.577205240726471,0.75
248005,0.6623429656028748,0.577205240726471,0.75
248105,0.6623429656028748,0.577205240726471,0.75
248205,0.6623429656028748,0.577205240726471,0.75
248305,0.6623429656028748,0.577205240726471,0.75
248405,0.6623429656028748,0.577205240726471,0.75
248505,0.6623429656028748,0.577205240726471,0.75
248605,0.6623429656028748,0.577205240726471,0.75
248705,0.6623429656028748,0.577205240726471,0.75
248805,0.6623429656028748,0.577205240726471,0.75
248905,0.6623429656028748,0.577205240726471,0.75
249005,0.6623429656028748,0.577205240726471,0.75
249105,0.6623429656028748,0.577205240726471,0.75
249205,0.6623429656028748,0.577205240726471,0.75
249305,0.6623429656028748,0.577205240726471,0.75
249405,0.6623429656028748,0.577205240726471,0.75
249505,0.6623429656028748,0.577205240726471,0.75
249605,0.6623429656028748,0.577205240726471,0.75
249705,0.6623429656028748,0.577205240726471,0.75
249805,0.6623429656028748,0.577205240726471,0.75
249905,0.6623429656028748,0.577205240726471,0.75
250005,0.6623429656028748,0.577205240726471,0.75
250105,0.6623429656028748,0.577205240726471,0.75
250205,0.6623429656028748,0.577205240726471,0.75
250305,0.6623429656028748,0.577205240726471,0.75
250405,0.6623429656028748,0.577205240726471,0.75
250505,0.6623429656028748,0.577205240726471,0.75
250605,0.6623429656028748,0.577205240726471,0.75
250705,0.6623429656028748,0.577205240726471,0.75
250805,0.6623429656028748,0.577205240726471,0.75
250905,0.6623429656028748,0.577205240726471,0.75
251005,0.6623429656028748,0.577205240726471,0.75
251105,0.6623429656028748,0.577205240726471,0.75
251205,0.6623429656028748,0.577205240726471,0.75
251305,0.6623429656028748,0.577205240726471,0.75
251405,0.6623429656028748,0.577205240726471,0.75
251505,0.6623429656028748,0.577205240726471,0.75
251605,0.6623429656028748,0.577205240726471,0.75
251705,0.6623429656028748,0.577205240726471,0.75
257005,0.6623429656028748,0.577205240726471,0.73
257105,0.6623429656028748,0.577205240726471,0.73
257205,0.6623429656028748,0.577205240726471,0.73
257305,0.6623429656028748,0.577205240726471,0.73
257405,0.6623429656028748,0.577205240726471,0.73
257505,0.6623429656028748,0.577205240726471,0.73
257605,0.6623429656028748,0.577205240726471,0.73
257705,0.6623429656028748,0.577205240726471,0.73
257805,0.6623429656028748,0.577205240726471,0.73
257905,0.6623429656028748,0.577205240726471,0.73
258005,0.6623429656028748,0.577205240726471,0.73
258105,0.6623429656028748,0.577205240726471,0.73
258205,0.6623429656028748,0.577205240726471,0.73
258305,0.6623429656028748,0.577205240726471,0.73
258405,0.6623429656028748,0.577205240726471,0.73
258505,0.6623429656028748,0.577205240726471,0.73
258605,0.6623429656028748,0.577205240726471,0.73
258705,0.6623429656028748,0.577205240726471,0.73
258805,0.6623429656028748,0.577205240726471,0.73
258905,0.6623429656028748,0.577205240726471,0.73
259005,0.6623429656028748,0.577205240726471,0.73
259105,0.6623429656028748,0.577205240726471,0.73
259205,0.6623429656028748,0.577205240726471,0.73
259305,0.6623429656028748,0.577205240726471,0.73
259405,0.6623429656028748,0.577205240726471,0.73
259505,0.6623429656028748,0.577205240726471,0.73
259605,0.6623429656028748,0.577205240726471,0.73
259705,0.6623429656028748,0.577205240726471,0.73
259805,0.6623429656028748,0.577205240726471,0.73
259905,0.6623429656028748,0.577205240726471,0.73
260005,0.6623429656028748,0.577205240726471,0.73
260105,0.6623429656028748,0.577205240726471,0.73
260205,0.6623429656028748,0.577205240726471,0.73
260305,0.6623429656028748,0.577205240726471,0.73
260405,0.6623429656028748,0.577205240726471,0.73
260505,0.6623429656028748,0.577205240726471,0.73
260605,0.6623429656028748,0.577205240726471,0.73
260705,0.6623429656028748,0.577205240726471,0.73
260805,0.6623429656028748,0.577205240726471,0.73
260905,0.6623429656028748,0.577205240726471,0.73
261005,0.6623429656028748,0.577205240726471,0.73
261105,0.6623429656028748,0.577205240726471,0.73
261205,0.6623429656028748,0.577205240726471,0.73
261305,0.6623429656028748,0.577205240726471,0.73
261405,0.6623429656028748,0.577205240726471,0.73
261505,0.6623429656028748,0.577205240726471,0.73
261605,0.6623429656028748,0.577205240726471,0.73
261705,0.6623429656028748,0.577205240726471,0.73
261805,0.6623429656028748,0.577205240726471,0.73
261905,0.6623429656028748,0.577205240726471,0.73
262005,0.6623429656028748,0.577205240726471,0.73
262105,0.6623429656028748,0.577205240726471,0.73
267405,0.6623429656028748,0.577205240726471,0.78
267505,0.6623429656028748,0.577205240726471,0.78
267605,0.6623429656028748,0.577205240726471,0.78
267705,0.6623429656028748,0.577205240726471,0.78
267805,0.6623429656028748,0.577205240726471,0.78
267905,0.6623429656028748,0.577205240726471,0.78
268005,0.6623429656028748,0.577205240726471,0.78
268105,0.6623429656028748,0.577205240726471,0.78
268205,0.6623429656028748,0.577205240726471,0.78
268305,0.6623429656028748,0.577205240726471,0.78
268405,0.6623429656028748,0.577205240726471,0.78
268505,0.6623429656028748,0.577205240726471,0.78
268605,0.6623429656028748,0.577205240726471,0.78
268705,0.6623429656028748,0.577205240726471,0.78
268805,0.6623429656028748,0.577205240726471,0.78
268905,0.6623429656028748,0.577205240726471,0.78
269005,0.6623429656028748,0.577205240726471,0.78
269105,0.6623429656028748,0.577205240726471,0.78
269205,0.6623429656028748,0.577205240726471,0.78
269305,0.6623429656028748,0.577205240726471,0.78
269405,0.6623429656028748,0.577205240726471,0.78
269505,0.6623429656028748,0.577205240726471,0.78
269605,0.6623429656028748,0.577205240726471,0.78
269705,0.6623429656028748,0.577205240726471,0.78
269805,0.6623429656028748,0.577205240726471,0.78
269905,0.6623429656028748,0.577205240726471,0.78
270005,0.6623429656028748,0.577205240726471,0.78
270105,0.6623429656028748,0.577205240726471,0.78
270205,0.6623429656028748,0.577205240726471,0.78
270305,0.6623429656028748,0.577205240726471,0.78
270405,0.6623429656028748,0.577205240726471,0.78
270505,0.6623429656028748,0.577205240726471,0.78
270605,0.6623429656028748,0.577205240726471,0.78
270705,0.6623429656028748,0.577205240726471,0.78
270805,0.6623429656028748,0.577205240726471,0.78
270905,0.6623429656028748,0.577205240726471,0.78
271005,0.6623429656028748,0.577205240726471,0.78
271105,0.6623429656028748,0.577205240726471,0.78
271205,0.6623429656028748,0.577205240726471,0.78
271305,0.6623429656028748,0.577205240726471,0.78
271405,0.6623429656028748,0.577205240726471,0.78
271505,0.6623429656028748,0.577205240726471,0.78
271605,0.6623429656028748,0.577205240726471,0.78
271705,0.6623429656028748,0.577205240726471,0.78
271805,0.6623429656028748,0.577205240726471,0.78
271905,0.6623429656028748,0.577205240726471,0.78
272005,0.6623429656028748,0.577205240726471,0.78
272105,0.6623429656028748,0.577205240726471,0.78
272205,0.6623429656028748,0.577205240726471,0.78
272305,0.6623429656028748,0.577205240726471,0.78
272405,0.6623429656028748,0.577205240726471,0.78
272505,0.6623429656028748,0.577205240726471,0.78
277805,0.6623429656028748,0.577205240726471,0.75
277905,0.6623429656028748,0.577205240726471,0.75
278005,0.6623429656028748,0.577205240726471,0.75
278105,0.6623429656028748,0.577205240726471,0.75
278205,0.6623429656028748,0.577205240726471,0.75
278305,0.6623429656028748,0.577205240726471,0.75
278405,0.6623429656028748,0.577205240726471,0.75
278505,0.6623429656028748,0.577205240726471,0.75
278605,0.6623429656028748,0.577205240726471,0.75
278705,0.6623429656028748,0.577205240726471,0.75
278805,0.6623429656028748,0.577205240726471,0.75
278905,0.6623429656028748,0.577205240726471,0.75
279005,0.6623429656028748,0.577205240726471,0.75
279105,0.6623429656028748,0.577205240726471,0.75
279205,0.6623429656028748,0.577205240726471,0.75
279305,0.6623429656028748,0.577205240726471,0.75
279405,0.6623429656028748,0.577205240726471,0.75
279505,0.6623429656028748,0.577205240726471,0.75
279605,0.6623429656028748,0.577205240726471,0.75
279705,0.6623429656028748,0.577205240726471,0.75
279805,0.6623429656028748,0.577205240726471,0.75
279905,0.6623429656028748,0.577205240726471,0.75
280005,0.6623429656028748,0.577205240726471,0.75
280105,0.6623429656028748,0.577205240726471,0.75
280205,0.6623429656028748,0.577205240726471,0.75
280305,0.6623429656028748,0.577205240726471,0.75
280405,0.6623429656028748,0.577205240726471,0.75
280505,0.6623429656028748,0.577205240726471,0.75
280605,0.6623429656028748,0.577205240726471,0.75
280705,0.6623429656028748,0.577205240726471,0.75
280805,0.6623429656028748,0.577205240726471,0.75
280905,0.6623429656028748,0.577205240726471,0.75
281005,0.6623429656028748,0.577205240726471,0.75
281105,0.6623429656028748,0.577205240726471,0.75
281205,0.6623429656028748,0.577205240726471,0.75
281305,0.6623429656028748,0.577205240726471,0.75
281405,0.6623429656028748,0.577205240726471,0.75
281505,0.6623429656028748,0.577205240726471,0.75
281605,0.6623429656028748,0.577205240726471,0.75
281705,0.6623429656028748,0.577205240726471,0.75
281805,0.6623429656028748,0.577205240726471,0.75
281905,0.6623429656028748,0.577205240726471,0.75
282005,0.6623429656028748,0.577205240726471,0.75
282105,0.6623429656028748,0.577205240726471,0.75
282205,0.6623429656028748,0.577205240726471,0.75
282305,0.6623429656028748,0.577205240726471,0.75
282405,0.6623429656028748,0.577205240726471,0.75
282505,0.6623429656028748,0.577205240726471,0.75
282605,0.6623429656028748,0.577205240726471,0.75
282705,0.6623429656028748,0.577205240726471,0.75
282805,0.6623429656028748,0.577205240726471,0.75
282905,0.6623429656028748,0.577205240726471,0.75
288205,0.6623429656028748,0.577205240726471,0.75
288305,0.6623429656028748,0.577205240726471,0.75
288405,0.6623429656028748,0.577205240726471,0.75
288505,0.6623429656028748,0.577205240726471,0.75
288605,0.6623429656028748,0.577205240726471,0.75
288705,0.6623429656028748,0.577205240726471,0.75
288805,0.6623429656028748,0.577205240726471,0.75
288905,0.6623429656028748,0.577205240726471,0.75
289005,0.6623429656028748,0.577205240726471,0.75
289105,0.6623429656028748,0.577205240726471,0.75
289205,0.6623429656028748,0.577205240726471,0.75
289305,0.6623429656028748,0.577205240726471,0.75
289405,0.6623429656028748,0.577205240726471,0.75
289505,0.6623429656028748,0.577205240726471,0.75
289605,0.6623429656028748,0.577205240726471,0.75
289705,0.6623429656028748,0.577205240726471,0.75
289805,0.6623429656028748,0.577205240726471,0.75
289905,0.6623429656028748,0.577205240726471,0.75
290005,0.6623429656028748,0.577205240726471,0.75
290105,0.6623429656028748,0.577205240726471,0.75
290205,0.6623429656028748,0.577205240726471,0.75
290305,0.6623429656028748,0.577205240726471,0.75
290405,0.6623429656028748,0.577205240726471,0.75
290505,0.6623429656028748,0.577205240726471,0.75
290605,0.6623429656028748,0.577205240726471,0.75
290705,0.6623429656028748,0.577205240726471,0.75
290805,0.6623429656028748,0.577205240726471,0.75
290905,0.6623429656028748,0.577205240726471,0.75
291005,0.6623429656028748,0.577205240726471,0.75
291105,0.6623429656028748,0.577205240726471,0.75
291205,0.6623429656028748,0.577205240726471,0.75
291305,0.6623429656028748,0.577205240726471,0.75
291405,0.6623429656028748,0.577205240726471,0.75
291505,0.6623429656028748,0.577205240726471,0.75
291605,0.6623429656028748,0.577205240726471,0.75
291705,0.6623429656028748,0.577205240726471,0.75
291805,0.6623429656028748,0.577205240726471,0.75
291905,0.6623429656028748,0.577205240726471,0.75
292005,0.6623429656028748,0.577205240726471,0.75
292105,0.6623429656028748,0.577205240726471,0.75
292205,0.6623429656028748,0.577205240726471,0.75
292305,0.6623429656028748,0.577205240726471,0.75
292405,0.6623429656028748,0.577205240726471,0.75
292505,0.6623429656028748,0.577205240726471,0.75
292605,0.6623429656028748,0.577205240726471,0.75
292705,0.6623429656028748,0.577205240726471,0.75
292805,0.6623429656028748,0.577205240726471,0.75
292905,0.6623429656028748,0.577205240726471,0.75
293005,0.6623429656028748,0.577205240726471,0.75
293105,0.6623429656028748,0.577205240726471,0.75
293205,0.6623429656028748,0.577205240726471,0.75
293305,0.6623429656028748,0.577205240726471,0.75
298605,0.6623429656028748,0.577205240726471,0.74
298705,0.6623429656028748,0.577205240726471,0.74
298805,0.6623429656028748,0.577205240726471,0.74
298905,0.6623429656028748,0.577205240726471,0.74
299005,0.6623429656028748,0.577205240726471,0.74
299105,0.6623429656028748,0.577205240726471,0.74
299205,0.6623429656028748,0.577205240726471,0.74
299305,0.6623429656028748,0.577205240726471,0.74
299405,0.6623429656028748,0.577205240726471,0.74
299505,0.6623429656028748,0.577205240726471,0.74
299605,0.6623429656028748,0.577205240726471,0.74
299705,0.6623429656028748,0.577205240726471,0.74
299805,0.6623429656028748,0.577205240726471,0.74
299905,0.6623429656028748,0.577205240726471,0.74
300005,0.6623429656028748,0.577205240726471,0.74
300105,0.6623429656028748,0.577205240726471,0.74
300205,0.6623429656028748,0.577205240726471,0.74
300305,0.6623429656028748,0.577205240726471,0.74
300405,0.6623429656028748,0.577205240726471,0.74
300505,0.6623429656028748,0.577205240726471,0.74
300605,0.6623429656028748,0.577205240726471,0.74
300705,0.6623429656028748,0.577205240726471,0.74
300805,0.6623429656028748,0.577205240726471,0.74
300905,0.6623429656028748,0.577205240726471,0.74
301005,0.6623429656028748,0.577205240726471,0.74
301105,0.6623429656028748,0.577205240726471,0.74
301205,0.6623429656028748,0.577205240726471,0.74
301305,0.6623429656028748,0.577205240726471,0.74
301405,0.6623429656028748,0.577205240726471,0.74
301505,0.6623429656028748,0.577205240726471,0.74
301605,0.6623429656028748,0.577205240726471,0.74
301705,0.6623429656028748,0.577205240726471,0.74
301805,0.6623429656028748,0.577205240726471,0.74
301905,0.6623429656028748,0.577205240726471,0.74
302005,0.6623429656028748,0.577205240726471,0.74
302105,0.6623429656028748,0.577205240726471,0.74
302205,0.6623429656028748,0.577205240726471,0.74
302305,0.6623429656028748,0.577205240726471,0.74
302405,0.6623429656028748,0.577205240726471,0.74
302505,0.6623429656028748,0.577205240726471,0.74
302605,0.6623429656028748,0.577205240726471,0.74
302705,0.6623429656028748,0.577205240726471,0.74
302805,0.6623429656028748,0.577205240726471,0.74
302905,0.6623429656028748,0.577205240726471,0.74
303005,0.6623429656028748,0.577205240726471,0.74
303105,0.6623429656028748,0.577205240726471,0.74
303205,0.6623429656028748,0.577205240726471,0.74
303305,0.6623429656028748,0.577205240726471,0.74
303405,0.6623429656028748,0.577205240726471,0.74
303505,0.6623429656028748,0.577205240726471,0.74
303605,0.6623429656028748,0.577205240726471,0.74
303705,0.6623429656028748,0.577205240726471,0.74
309005,0.6623429656028748,0.577205240726471,0.75
309105,0.6623429656028748,0.577205240726471,0.75
309205,0.6623429656028748,0.577205240726471,0.75
309305,0.6623429656028748,0.577205240726471,0.75
309405,0.6623429656028748,0.577205240726471,0.75
309505,0.6623429656028748,0.577205240726471,0.75
309605,0.6623429656028748,0.577205240726471,0.75
309705,0.6623429656028748,0.577205240726471,0.75
309805,0.6623429656028748,0.577205240726471,0.75
309905,0.6623429656028748,0.577205240726471,0.75
310005,0.6623429656028748,0.577205240726471,0.75
310105,0.6623429656028748,0.577205240726471,0.75
310205,0.6623429656028748,0.577205240726471,0.75
310305,0.6623429656028748,0.577205240726471,0.75
310405,0.6623429656028748,0.577205240726471,0.75
310505,0.6623429656028748,0.577205240726471,0.75
310605,0.6623429656028748,0.577205240726471,0.75
310705,0.6623429656028748,0.577205240726471,0.75
310805,0.6623429656028748,0.577205240726471,0.75
310905,0.6623429656028748,0.577205240726471,0.75
311005,0.6623429656028748,0.577205240726471,0.75
311105,0.6623429656028748,0.577205240726471,0.75
311205,0.6623429656028748,0.577205240726471,0.75
311305,0.6623429656028748,0.577205240726471,0.75
311405,0.6623429656028748,0.577205240726471,0.75
311505,0.6623429656028748,0.577205240726471,0.75
311605,0.6623429656028748,0.577205240726471,0.75
311705,0.6623429656028748,0.577205240726471,0.75
311805,0.6623429656028748,0.577205240726471,0.75
311905,0.6623429656028748,0.577205240726471,0.75
312005,0.6623429656028748,0.577205240726471,0.75
312105,0.6623429656028748,0.577205240726471,0.75
312205,0.6623429656028748,0.577205240726471,0.75
312305,0.6623429656028748,0.577205240726471,0.75
312405,0.6623429656028748,0.577205240726471,0.75
312505,0.6623429656028748,0.577205240726471,0.75
312605,0.6623429656028748,0.577205240726471,0.75
312705,0.6623429656028748,0.577205240726471,0.75
312805,0.6623429656028748,0.577205240726471,0.75
312905,0.6623429656028748,0.577205240726471,0.75
313005,0.6623429656028748,0.577205240726471,0.75
313105,0.6623429656028748,0.577205240726471,0.75
313205,0.6623429656028748,0.577205240726471,0.75
313305,0.6623429656028748,0.577205240726471,0.75
313405,0.6623429656028748,0.577205240726471,0.75
313505,0.6623429656028748,0.577205240726471,0.75
313605,0.6623429656028748,0.577205240726471,0.75
313705,0.6623429656028748,0.577205240726471,0.75
313805,0.6623429656028748,0.577205240726471,0.75
313905,0.6623429656028748,0.577205240726471,0.75
314005,0.6623429656028748,0.577205240726471,0.75
314105,0.6623429656028748,0.577205240726471,0.75
319405,0.6623429656028748,0.577205240726471,0.74
319505,0.6623429656028748,0.577205240726471,0.74
319605,0.6623429656028748,0.577205240726471,0.74
319705,0.6623429656028748,0.577205240726471,0.74
319805,0.6623429656028748,0.577205240726471,0.74
319905,0.6623429656028748,0.577205240726471,0.74
320005,0.6623429656028748,0.577205240726471,0.74
320105,0.6623429656028748,0.577205240726471,0.74
320205,0.6623429656028748,0.577205240726471,0.74
320305,0.6623429656028748,0.577205240726471,0.74
320405,0.6623429656028748,0.577205240726471,0.74
320505,0.6623429656028748,0.577205240726471,0.74
320605,0.6623429656028748,0.577205240726471,0.74
320705,0.6623429656028748,0.577205240726471,0.74
320805,0.6623429656028748,0.577205240726471,0.74
320905,0.6623429656028748,0.577205240726471,0.74
321005,0.6623429656028748,0.577205240726471,0.74
321105,0.6623429656028748,0.577205240726471,0.74
321205,0.6623429656028748,0.577205240726471,0.74
321305,0.6623429656028748,0.577205240726471,0.74
321405,0.6623429656028748,0.577205240726471,0.74
321505,0.6623429656028748,0.577205240726471,0.74
321605,0.6623429656028748,0.577205240726471,0.74
321705,0.6623429656028748,0.577205240726471,0.74
321805,0.6623429656028748,0.577205240726471,0.74
321905,0.6623429656028748,0.577205240726471,0.74
322005,0.6623429656028748,0.577205240726471,0.74
322105,0.6623429656028748,0.577205240726471,0.74
322205,0.6623429656028748,0.577205240726471,0.74
322305,0.6623429656028748,0.577205240726471,0.74
322405,0.6623429656028748,0.577205240726471,0.74
322505,0.6623429656028748,0.577205240726471,0.74
322605,0.6623429656028748,0.577205240726471,0.74
322705,0.6623429656028748,0.577205240726471,0.74
322805,0.6623429656028748,0.577205240726471,0.74
322905,0.6623429656028748,0.577205240726471,0.74
323005,0.6623429656028748,0.577205240726471,0.74
323105,0.6623429656028748,0.577205240726471,0.74
323205,0.6623429656028748,0.577205240726471,0.74
323305,0.6623429656028748,0.577205240726471,0.74
323405,0.6623429656028748,0.577205240726471,0.74
323505,0.6623429656028748,0.577205240726471,0.74
323605,0.6623429656028748,0.577205240726471,0.74
323705,0.6623429656028748,0.577205240726471,0.74
323805,0.6623429656028748,0.577205240726471,0.74
323905,0.6623429656028748,0.577205240726471,0.74
324005,0.6623429656028748,0.577205240726471,0.74
324105,0.6623429656028748,0.577205240726471,0.74
324205,0.6623429656028748,0.577205240726471,0.74
324305,0.6623429656028748,0.577205240726471,0.74
324405,0.6623429656028748,0.577205240726471,0.74
324505,0.6623429656028748,0.577205240726471,0.74
329805,0.6623429656028748,0.577205240726471,0.75
329905,0.6623429656028748,0.577205240726471,0.75
330005,0.6623429656028748,0.577205240726471,0.75
330105,0.6623429656028748,0.577205240726471,0.75
330205,0.6623429656028748,0.577205240726471,0.75
330305,0.6623429656028748,0.577205240726471,0.75
330405,0.6623429656028748,0.577205240726471,0.75
330505,0.6623429656028748,0.577205240726471,0.75
330605,0.6623429656028748,0.577205240726471,0.75
330705,0.6623429656028748,0.577205240726471,0.75
330805,0.6623429656028748,0.577205240726471,0.75
330905,0.6623429656028748,0.577205240726471,0.75
331005,0.6623429656028748,0.577205240726471,0.75
331105,0.6623429656028748,0.577205240726471,0.75
331205,0.6623429656028748,0.577205240726471,0.75
331305,0.6623429656028748,0.577205240726471,0.75
331405,0.6623429656028748,0.577205240726471,0.75
331505,0.6623429656028748,0.577205240726471,0.75
331605,0.6623429656028748,0.577205240726471,0.75
331705,0.6623429656028748,0.577205240726471,0.75
331805,0.6623429656028748,0.577205240726471,0.75
331905,0.6623429656028748,0.577205240726471,0.75
332005,0.6623429656028748,0.577205240726471,0.75
332105,0.6623429656028748,0.577205240726471,0.75
332205,0.6623429656028748,0.577205240726471,0.75
332305,0.6623429656028748,0.577205240726471,0.75
332405,0.6623429656028748,0.577205240726471,0.75
332505,0.6623429656028748,0.577205240726471,0.75
332605,0.6623429656028748,0.577205240726471,0.75
332705,0.6623429656028748,0.577205240726471,0.75
332805,0.6623429656028748,0.577205240726471,0.75
332905,0.6623429656028748,0.577205240726471,0.75
333005,0.6623429656028748,0.577205240726471,0.75
333105,0.6623429656028748,0.577205240726471,0.75
333205,0.6623429656028748,0.577205240726471,0.75
333305,0.6623429656028748,0.577205240726471,0.75
333405,0.6623429656028748,0.577205240726471,0.75
333505,0.6623429656028748,0.577205240726471,0.75
333605,0.6623429656028748,0.577205240726471,0.75
333705,0.6623429656028748,0.577205240726471,0.75
333805,0.6623429656028748,0.577205240726471,0.75
333905,0.6623429656028748,0.577205240726471,0.75
334005,0.6623429656028748,0.577205240726471,0.75
334105,0.6623429656028748,0.577205240726471,0.75
334205,0.6623429656028748,0.577205240726471,0.75
334305,0.6623429656028748,0.577205240726471,0.75
334405,0.6623429656028748,0.577205240726471,0.75
334505,0.6623429656028748,0.577205240726471,0.75
334605,0.6623429656028748,0.577205240726471,0.75
334705,0.6623429656028748,0.577205240726471,0.75
334805,0.6623429656028748,0.577205240726471,0.75
334905,0.6623429656028748,0.577205240726471,0.75
340205,0.6623429656028748,0.577205240726471,0.77
340305,0.6623429656028748,0.577205240726471,0.77
340405,0.6623429656028748,0.577205240726471,0.77
340505,0.6623429656028748,0.577205240726471,0.77
340605,0.6623429656028748,0.577205240726471,0.77
340705,0.6623429656028748,0.577205240726471,0.77
340805,0.6623429656028748,0.577205240726471,0.77
340905,0.6623429656028748,0.577205240726471,0.77
341005,0.6623429656028748,0.577205240726471,0.77
341105,0.6623429656028748,0.577205240726471,0.77
341205,0.6623429656028748,0.577205240726471,0.77
341305,0.6623429656028748,0.577205240726471,0.77
341405,0.6623429656028748,0.577205240726471,0.77
341505,0.6623429656028748,0.577205240726471,0.77
341605,0.6623429656028748,0.577205240726471,0.77
341705,0.6623429656028748,0.577205240726471,0.77
341805,0.6623429656028748,0.577205240726471,0.77
341905,0.6623429656028748,0.577205240726471,0.77
342005,0.6623429656028748,0.577205240726471,0.77
342105,0.6623429656028748,0.577205240726471,0.77
342205,0.6623429656028748,0.577205240726471,0.77
342305,0.6623429656028748,0.577205240726471,0.77
342405,0.6623429656028748,0.577205240726471,0.77
342505,0.6623429656028748,0.577205240726471,0.77
342605,0.6623429656028748,0.577205240726471,0.77
342705,0.6623429656028748,0.577205240726471,0.77
342805,0.6623429656028748,0.577205240726471,0.77
342905,0.6623429656028748,0.577205240726471,0.77
343005,0.6623429656028748,0.577205240726471,0.77
343105,0.6623429656028748,0.577205240726471,0.77
343205,0.6623429656028748,0.577205240726471,0.77
343305,0.6623429656028748,0.577205240726471,0.77
343405,0.6623429656028748,0.577205240726471,0.77
343505,0.6623429656028748,0.577205240726471,0.77
343605,0.6623429656028748,0.577205240726471,0.77
343705,0.6623429656028748,0.577205240726471,0.77
343805,0.6623429656028748,0.577205240726471,0.77
343905,0.6623429656028748,0.577205240726471,0.77
344005,0.6623429656028748,0.577205240726471,0.77
344105,0.6623429656028748,0.577205240726471,0.77
344205,0.6623429656028748,0.577205240726471,0.77
344305,0.6623429656028748,0.577205240726471,0.77
344405,0.6623429656028748,0.577205240726471,0.77
344505,0.6623429656028748,0.577205240726471,0.77
344605,0.6623429656028748,0.577205240726471,0.77
344705,0.6623429656028748,0.577205240726471,0.77
344805,0.6623429656028748,0.577205240726471,0.77
344905,0.6623429656028748,0.577205240726471,0.77
345005,0.6623429656028748,0.577205240726471,0.77
345105,0.6623429656028748,0.577205240726471,0.77
345205,0.6623429656028748,0.577205240726471,0.77
345305,0.6623429656028748,0.577205240726471,0.77
350605,0.6623429656028748,0.577205240726471,0.74
350705,0.6623429656028748,0.577205240726471,0.74
350805,0.6623429656028748,0.577205240726471,0.74
350905,0.6623429656028748,0.577205240726471,0.74
351005,0.6623429656028748,0.577205240726471,0.74
351105,0.6623429656028748,0.577205240726471,0.74
351205,0.6623429656028748,0.577205240726471,0.74
351305,0.6623429656028748,0.577205240726471,0.74
351405,0.6623429656028748,0.577205240726471,0.74
351505,0.6623429656028748,0.577205240726471,0.74
351605,0.6623429656028748,0.577205240726471,0.74
351705,0.6623429656028748,0.577205240726471,0.74
351805,0.6623429656028748,0.577205240726471,0.74
351905,0.6623429656028748,0.577205240726471,0.74
352005,0.6623429656028748,0.577205240726471,0.74
352105,0.6623429656028748,0.577205240726471,0.74
352205,0.6623429656028748,0.577205240726471,0.74
352305,0.6623429656028748,0.577205240726471,0.74
352405,0.6623429656028748,0.577205240726471,0.74
352505,0.6623429656028748,0.577205240726471,0.74
352605,0.6623429656028748,0.577205240726471,0.74
352705,0.6623429656028748,0.577205240726471,0.74
352805,0.6623429656028748,0.577205240726471,0.74
352905,0.6623429656028748,0.577205240726471,0.74
353005,0.6623429656028748,0.577205240726471,0.74
353105,0.6623429656028748,0.577205240726471,0.74
353205,0.6623429656028748,0.577205240726471,0.74
353305,0.6623429656028748,0.577205240726471,0.74
353405,0.6623429656028748,0.577205240726471,0.74
353505,0.6623429656028748,0.577205240726471,0.74
353605,0.6623429656028748,0.577205240726471,0.74
353705,0.6623429656028748,0.577205240726471,0.74
353805,0.6623429656028748,0.577205240726471,0.74
353905,0.6623429656028748,0.577205240726471,0.74
354005,0.6623429656028748,0.577205240726471,0.74
354105,0.6623429656028748,0.577205240726471,0.74
354205,0.6623429656028748,0.577205240726471,0.74
354305,0.6623429656028748,0.577205240726471,0.74
354405,0.6623429656028748,0.577205240726471,0.74
354505,0.6623429656028748,0.577205240726471,0.74
354605,0.6623429656028748,0.577205240726471,0.74
354705,0.6623429656028748,0.577205240726471,0.74
354805,0.6623429656028748,0.577205240726471,0.74
354905,0.6623429656028748,0.577205240726471,0.74
355005,0.6623429656028748,0.577205240726471,0.74
355105,0.6623429656028748,0.577205240726471,0.74
355205,0.6623429656028748,0.577205240726471,0.74
355305,0.6623429656028748,0.577205240726471,0.74
355405,0.6623429656028748,0.577205240726471,0.74
355505,0.6623429656028748,0.577205240726471,0.74
355605,0.6623429656028748,0.577205240726471,0.74
355705,0.6623429656028748,0.577205240726471,0.74
361005,0.6623429656028748,0.577205240726471,0.72
361105,0.6623429656028748,0.577205240726471,0.72
361205,0.6623429656028748,0.577205240726471,0.72
361305,0.6623429656028748,0.577205240726471,0.72
361405,0.6623429656028748,0.577205240726471,0.72
361505,0.6623429656028748,0.577205240726471,0.72
361605,0.6623429656028748,0.577205240726471,0.72
361705,0.6623429656028748,0.577205240726471,0.72
361805,0.6623429656028748,0.577205240726471,0.72
361905,0.6623429656028748,0.577205240726471,0.72
362005,0.6623429656028748,0.577205240726471,0.72
362105,0.6623429656028748,0.577205240726471,0.72
362205,0.6623429656028748,0.577205240726471,0.72
362305,0.6623429656028748,0.577205240726471,0.72
362405,0.6623429656028748,0.577205240726471,0.72
362505,0.6623429656028748,0.577205240726471,0.72
362605,0.6623429656028748,0.577205240726471,0.72
362705,0.6623429656028748,0.577205240726471,0.72
362805,0.6623429656028748,0.577205240726471,0.72
362905,0.6623429656028748,0.577205240726471,0.72
363005,0.6623429656028748,0.577205240726471,0.72
363105,0.6623429656028748,0.577205240726471,0.72
363205,0.6623429656028748,0.577205240726471,0.72
363305,0.6623429656028748,0.577205240726471,0.72
363405,0.6623429656028748,0.577205240726471,0.72
363505,0.6623429656028748,0.577205240726471,0.72
363605,0.6623429656028748,0.577205240726471,0.72
363705,0.6623429656028748,0.577205240726471,0.72
363805,0.6623429656028748,0.577205240726471,0.72
363905,0.6623429656028748,0.577205240726471,0.72
364005,0.6623429656028748,0.577205240726471,0.72
364105,0.6623429656028748,0.577205240726471,0.72
364205,0.6623429656028748,0.577205240726471,0.72
364305,0.6623429656028748,0.577205240726471,0.72
364405,0.6623429656028748,0.577205240726471,0.72
364505,0.6623429656028748,0.577205240726471,0.72
364605,0.6623429656028748,0.577205240726471,0.72
364705,0.6623429656028748,0.577205240726471,0.72
364805,0.6623429656028748,0.577205240726471,0.72
364905,0.6623429656028748,0.577205240726471,0.72
365005,0.6623429656028748,0.577205240726471,0.72
365105,0.6623429656028748,0.577205240726471,0.72
365205,0.6623429656028748,0.577205240726471,0.72
365305,0.6623429656028748,0.577205240726471,0.72
365405,0.6623429656028748,0.577205240726471,0.72
365505,0.6623429656028748,0.577205240726471,0.72
365605,0.6623429656028748,0.577205240726471,0.72
365705,0.6623429656028748,0.577205240726471,0.72
365805,0.6623429656028748,0.577205240726471,0.72
365905,0.6623429656028748,0.577205240726471,0.72
366005,0.6623429656028748,0.577205240726471,0.72
366105,0.6623429656028748,0.577205240726471,0.72
371405,0.6623429656028748,0.577205240726471,0.74
371505,0.6623429656028748,0.577205240726471,0.74
371605,0.6623429656028748,0.577205240726471,0.74
371705,0.6623429656028748,0.577205240726471,0.74
371805,0.6623429656028748,0.577205240726471,0.74
371905,0.6623429656028748,0.577205240726471,0.74
372005,0.6623429656028748,0.577205240726471,0.74
372105,0.6623429656028748,0.577205240726471,0.74
372205,0.6623429656028748,0.577205240726471,0.74
372305,0.6623429656028748,0.577205240726471,0.74
372405,0.6623429656028748,0.577205240726471,0.74
372505,0.6623429656028748,0.577205240726471,0.74
372605,0.6623429656028748,0.577205240726471,0.74
372705,0.6623429656028748,0.577205240726471,0.74
372805,0.6623429656028748,0.577205240726471,0.74
372905,0.6623429656028748,0.577205240726471,0.74
373005,0.6623429656028748,0.577205240726471,0.74
373105,0.6623429656028748,0.577205240726471,0.74
373205,0.6623429656028748,0.577205240726471,0.74
373305,0.6623429656028748,0.577205240726471,0.74
373405,0.6623429656028748,0.577205240726471,0.74
373505,0.6623429656028748,0.577205240726471,0.74
373605,0.6623429656028748,0.577205240726471,0.74
373705,0.6623429656028748,0.577205240726471,0.74
373805,0.6623429656028748,0.577205240726471,0.74
373905,0.6623429656028748,0.577205240726471,0.74
374005,0.6623429656028748,0.577205240726471,0.74
374105,0.6623429656028748,0.577205240726471,0.74
374205,0.6623429656028748,0.577205240726471,0.74
374305,0.6623429656028748,0.577205240726471,0.74
374405,0.6623429656028748,0.577205240726471,0.74
374505,0.6623429656028748,0.577205240726471,0.74
374605,0.6623429656028748,0.577205240726471,0.74
374705,0.6623429656028748,0.577205240726471,0.74
374805,0.6623429656028748,0.577205240726471,0.74
374905,0.6623429656028748,0.577205240726471,0.74
375005,0.6623429656028748,0.577205240726471,0.74
375105,0.6623429656028748,0.577205240726471,0.74
375205,0.6623429656028748,0.577205240726471,0.74
375305,0.6623429656028748,0.577205240726471,0.74
375405,0.6623429656028748,0.577205240726471,0.74
375505,0.6623429656028748,0.577205240726471,0.74
375605,0.6623429656028748,0.577205240726471,0.74
375705,0.6623429656028748,0.577205240726471,0.74
375805,0.6623429656028748,0.577205240726471,0.74
375905,0.6623429656028748,0.577205240726471,0.74
376005,0.6623429656028748,0.577205240726471,0.74
376105,0.6623429656028748,0.577205240726471,0.74
376205,0.6623429656028748,0.577205240726471,0.74
376305,0.6623429656028748,0.577205240726471,0.74
376405,0.6623429656028748,0.577205240726471,0.74
376505,0.6623429656028748,0.577205240726471,0.74
381805,0.6623429656028748,0.577205240726471,0.74
381905,0.6623429656028748,0.577205240726471,0.74
382005,0.6623429656028748,0.577205240726471,0.74
382105,0.6623429656028748,0.577205240726471,0.74
382205,0.6623429656028748,0.577205240726471,0.74
382305,0.6623429656028748,0.577205240726471,0.74
382405,0.6623429656028748,0.577205240726471,0.74
382505,0.6623429656028748,0.577205240726471,0.74
382605,0.6623429656028748,0.577205240726471,0.74
382705,0.6623429656028748,0.577205240726471,0.74
382805,0.6623429656028748,0.577205240726471,0.74
382905,0.6623429656028748,0.577205240726471,0.74
383005,0.6623429656028748,0.577205240726471,0.74
383105,0.6623429656028748,0.577205240726471,0.74
383205,0.6623429656028748,0.577205240726471,0.74
383305,0.6623429656028748,0.577205240726471,0.74
383405,0.6623429656028748,0.577205240726471,0.74
383505,0.6623429656028748,0.577205240726471,0.74
383605,0.6623429656028748,0.577205240726471,0.74
383705,0.6623429656028748,0.577205240726471,0.74
383805,0.6623429656028748,0.577205240726471,0.74
383905,0.6623429656028748,0.577205240726471,0.74
384005,0.6623429656028748,0.577205240726471,0.74
384105,0.6623429656028748,0.577205240726471,0.74
384205,0.6623429656028748,0.577205240726471,0.74
384305,0.6623429656028748,0.577205240726471,0.74
384405,0.6623429656028748,0.577205240726471,0.74
384505,0.6623429656028748,0.577205240726471,0.74
384605,0.6623429656028748,0.577205240726471,0.74
384705,0.6623429656028748,0.577205240726471,0.74
384805,0.6623429656028748,0.577205240726471,0.74
384905,0.6623429656028748,0.577205240726471,0.74
385005,0.6623429656028748,0.577205240726471,0.74
385105,0.6623429656028748,0.577205240726471,0.74
385205,0.6623429656028748,0.577205240726471,0.74
385305,0.6623429656028748,0.577205240726471,0.74
385405,0.6623429656028748,0.577205240726471,0.74
385505,0.6623429656028748,0.577205240726471,0.74
385605,0.6623429656028748,0.577205240726471,0.74
385705,0.6623429656028748,0.577205240726471,0.74
385805,0.6623429656028748,0.577205240726471,0.74
385905,0.6623429656028748,0.577205240726471,0.74
386005,0.6623429656028748,0.577205240726471,0.74
386105,0.6623429656028748,0.577205240726471,0.74
386205,0.6623429656028748,0.577205240726471,0.74
386305,0.6623429656028748,0.577205240726471,0.74
386405,0.6623429656028748,0.577205240726471,0.74
386505,0.6623429656028748,0.577205240726471,0.74
386605,0.6623429656028748,0.577205240726471,0.74
386705,0.6623429656028748,0.577205240726471,0.74
386805,0.6623429656028748,0.577205240726471,0.74
386905,0.6623429656028748,0.577205240726471,0.74
392205,0.6623429656028748,0.577205240726471,0.74
392305,0.6623429656028748,0.577205240726471,0.74
392405,0.6623429656028748,0.577205240726471,0.74
392505,0.6623429656028748,0.577205240726471,0.74
392605,0.6623429656028748,0.577205240726471,0.74
392705,0.6623429656028748,0.577205240726471,0.74
392805,0.6623429656028748,0.577205240726471,0.74
392905,0.6623429656028748,0.577205240726471,0.74
393005,0.6623429656028748,0.577205240726471,0.74
393105,0.6623429656028748,0.577205240726471,0.74
393205,0.6623429656028748,0.577205240726471,0.74
393305,0.6623429656028748,0.577205240726471,0.74
393405,0.6623429656028748,0.577205240726471,0.74
393505,0.6623429656028748,0.577205240726471,0.74
393605,0.6623429656028748,0.577205240726471,0.74
393705,0.6623429656028748,0.577205240726471,0.74
393805,0.6623429656028748,0.577205240726471,0.74
393905,0.6623429656028748,0.577205240726471,0.74
394005,0.6623429656028748,0.577205240726471,0.74
394105,0.6623429656028748,0.577205240726471,0.74
394205,0.6623429656028748,0.577205240726471,0.74
394305,0.6623429656028748,0.577205240726471,0.74
394405,0.6623429656028748,0.577205240726471,0.74
394505,0.6623429656028748,0.577205240726471,0.74
394605,0.6623429656028748,0.577205240726471,0.74
394705,0.6623429656028748,0.577205240726471,0.74
394805,0.6623429656028748,0.577205240726471,0.74
394905,0.6623429656028748,0.577205240726471,0.74
395005,0.6623429656028748,0.577205240726471,0.74
395105,0.6623429656028748,0.577205240726471,0.74
395205,0.6623429656028748,0.577205240726471,0.74
395305,0.6623429656028748,0.577205240726471,0.74
395405,0.6623429656028748,0.577205240726471,0.74
395505,0.6623429656028748,0.577205240726471,0.74
395605,0.6623429656028748,0.577205240726471,0.74
395705,0.6623429656028748,0.577205240726471,0.74
395805,0.6623429656028748,0.577205240726471,0.74
395905,0.6623429656028748,0.577205240726471,0.74
396005,0.6623429656028748,0.577205240726471,0.74
396105,0.6623429656028748,0.577205240726471,0.74
396205,0.6623429656028748,0.577205240726471,0.74
396305,0.6623429656028748,0.577205240726471,0.74
396405,0.6623429656028748,0.577205240726471,0.74
396505,0.6623429656028748,0.577205240726471,0.74
396605,0.6623429656028748,0.577205240726471,0.74
396705,0.6623429656028748,0.577205240726471,0.74
396805,0.6623429656028748,0.577205240726471,0.74
396905,0.6623429656028748,0.577205240726471,0.74
397005,0.6623429656028748,0.577205240726471,0.74
397105,0.6623429656028748,0.577205240726471,0.74
397205,0.6623429656028748,0.577205240726471,0.74
397305,0.6623429656028748,0.577205240726471,0.74
402605,0.6623429656028748,0.577205240726471,0.77
402705,0.6623429656028748,0.577205240726471,0.77
402805,0.6623429656028748,0.577205240726471,0.77
402905,0.6623429656028748,0.577205240726471,0.77
403005,0.6623429656028748,0.577205240726471,0.77
403105,0.6623429656028748,0.577205240726471,0.77
403205,0.6623429656028748,0.577205240726471,0.77
403305,0.6623429656028748,0.577205240726471,0.77
403405,0.6623429656028748,0.577205240726471,0.77
403505,0.6623429656028748,0.577205240726471,0.77
403605,0.6623429656028748,0.577205240726471,0.77
403705,0.6623429656028748,0.577205240726471,0.77
403805,0.6623429656028748,0.577205240726471,0.77
403905,0.6623429656028748,0.577205240726471,0.77
404005,0.6623429656028748,0.577205240726471,0.77
404105,0.6623429656028748,0.577205240726471,0.77
404205,0.6623429656028748,0.577205240726471,0.77
404305,0.6623429656028748,0.577205240726471,0.77
404405,0.6623429656028748,0.577205240726471,0.77
404505,0.6623429656028748,0.577205240726471,0.77
404605,0.6623429656028748,0.577205240726471,0.77
404705,0.6623429656028748,0.577205240726471,0.77
404805,0.6623429656028748,0.577205240726471,0.77
404905,0.6623429656028748,0.577205240726471,0.77
405005,0.6623429656028748,0.577205240726471,0.77
405105,0.6623429656028748,0.577205240726471,0.77
405205,0.6623429656028748,0.577205240726471,0.77
405305,0.6623429656028748,0.577205240726471,0.77
405405,0.6623429656028748,0.577205240726471,0.77
405505,0.6623429656028748,0.577205240726471,0.77
405605,0.6623429656028748,0.577205240726471,0.77
405705,0.6623429656028748,0.577205240726471,0.77
405805,0.6623429656028748,0.577205240726471,0.77
405905,0.6623429656028748,0.577205240726471,0.77
406005,0.6623429656028748,0.577205240726471,0.77
406105,0.6623429656028748,0.577205240726471,0.77
406205,0.6623429656028748,0.577205240726471,0.77
406305,0.6623429656028748,0.577205240726471,0.77
406405,0.6623429656028748,0.577205240726471,0.77
406505,0.6623429656028748,0.577205240726471,0.77
406605,0.6623429656028748,0.577205240726471,0.77
406705,0.6623429656028748,0.577205240726471,0.77
406805,0.6623429656028748,0.577205240726471,0.77
406905,0.6623429656028748,0.577205240726471,0.77
407005,0.6623429656028748,0.577205240726471,0.77
407105,0.6623429656028748,0.577205240726471,0.77
407205,0.6623429656028748,0.577205240726471,0.77
407305,0.6623429656028748,0.577205240726471,0.77
407405,0.6623429656028748,0.577205240726471,0.77
407505,0.6623429656028748,0.577205240726471,0.77
407605,0.6623429656028748,0.577205240726471,0.77
407705,0.6623429656028748,0.577205240726471,0.77
413005,0.6623429656028748,0.577205240726471,0.75
413105,0.6623429656028748,0.577205240726471,0.75
413205,0.6623429656028748,0.577205240726471,0.75
413305,0.6623429656028748,0.577205240726471,0.75
413405,0.6623429656028748,0.577205240726471,0.75
413505,0.6623429656028748,0.577205240726471,0.75
413605,0.6623429656028748,0.577205240726471,0.75
413705,0.6623429656028748,0.577205240726471,0.75
413805,0.6623429656028748,0.577205240726471,0.75
413905,0.6623429656028748,0.577205240726471,0.75
414005,0.6623429656028748,0.577205240726471,0.75
414105,0.6623429656028748,0.577205240726471,0.75
414205,0.6623429656028748,0.577205240726471,0.75
414305,0.6623429656028748,0.577205240726471,0.75
414405,0.6623429656028748,0.577205240726471,0.75
414505,0.6623429656028748,0.577205240726471,0.75
414605,0.6623429656028748,0.577205240726471,0.75
414705,0.6623429656028748,0.577205240726471,0.75
414805,0.6623429656028748,0.577205240726471,0.75
414905,0.6623429656028748,0.577205240726471,0.75
415005,0.6623429656028748,0.577205240726471,0.75
415105,0.6623429656028748,0.577205240726471,0.75
415205,0.6623429656028748,0.577205240726471,0.75
415305,0.6623429656028748,0.577205240726471,0.75
415405,0.6623429656028748,0.577205240726471,0.75
415505,0.6623429656028748,0.577205240726471,0.75
415605,0.6623429656028748,0.577205240726471,0.75
415705,0.6623429656028748,0.577205240726471,0.75
415805,0.6623429656028748,0.577205240726471,0.75
415905,0.6623429656028748,0.577205240726471,0.75
416005,0.6623429656028748,0.577205240726471,0.75
416105,0.6623429656028748,0.577205240726471,0.75
416205,0.6623429656028748,0.577205240726471,0.75
416305,0.6623429656028748,0.577205240726471,0.75
416405,0.6623429656028748,0.577205240726471,0.75
416505,0.6623429656028748,0.577205240726471,0.75
416605,0.6623429656028748,0.577205240726471,0.75
416705,0.6623429656028748,0.577205240726471,0.75
416805,0.6623429656028748,0.577205240726471,0.75
416905,0.6623429656028748,0.577205240726471,0.75
417005,0.6623429656028748,0.577205240726471,0.75
417105,0.6623429656028748,0.577205240726471,0.75
417205,0.6623429656028748,0.577205240726471,0.75
417305,0.6623429656028748,0.577205240726471,0.75
417405,0.6623429656028748,0.577205240726471,0.75
417505,0.6623429656028748,0.577205240726471,0.75
417605,0.6623429656028748,0.577205240726471,0.75
417705,0.6623429656028748,0.577205240726471,0.75
417805,0.6623429656028748,0.577205240726471,0.75
417905,0.6623429656028748,0.577205240726471,0.75
418005,0.6623429656028748,0.577205240726471,0.75
418105,0.6623429656028748,0.577205240726471,0.75
423405,0.6623429656028748,0.577205240726471,0.76
423505,0.6623429656028748,0.577205240726471,0.76
423605,0.6623429656028748,0.577205240726471,0.76
423705,0.6623429656028748,0.577205240726471,0.76
423805,0.6623429656028748,0.577205240726471,0.76
423905,0.6623429656028748,0.577205240726471,0.76
424005,0.6623429656028748,0.577205240726471,0.76
424105,0.6623429656028748,0.577205240726471,0.76
424205,0.6623429656028748,0.577205240726471,0.76
424305,0.6623429656028748,0.577205240726471,0.76
424405,0.6623429656028748,0.577205240726471,0.76
424505,0.6623429656028748,0.577205240726471,0.76
424605,0.6623429656028748,0.577205240726471,0.76
424705,0.6623429656028748,0.577205240726471,0.76
424805,0.6623429656028748,0.577205240726471,0.76
424905,0.6623429656028748,0.577205240726471,0.76
425005,0.6623429656028748,0.577205240726471,0.76
425105,0.6623429656028748,0.577205240726471,0.76
425205,0.6623429656028748,0.577205240726471,0.76
425305,0.6623429656028748,0.577205240726471,0.76
425405,0.6623429656028748,0.577205240726471,0.76
425505,0.6623429656028748,0.577205240726471,0.76
425605,0.6623429656028748,0.577205240726471,0.76
425705,0.6623429656028748,0.577205240726471,0.76
425805,0.6623429656028748,0.577205240726471,0.76
425905,0.6623429656028748,0.577205240726471,0.76
426005,0.6623429656028748,0.577205240726471,0.76
426105,0.6623429656028748,0.577205240726471,0.76
426205,0.6623429656028748,0.577205240726471,0.76
426305,0.6623429656028748,0.577205240726471,0.76
426405,0.6623429656028748,0.577205240726471,0.76
426505,0.6623429656028748,0.577205240726471,0.76
426605,0.6623429656028748,0.577205240726471,0.76
426705,0.6623429656028748,0.577205240726471,0.76
426805,0.6623429656028748,0.577205240726471,0.76
426905,0.6623429656028748,0.577205240726471,0.76
427005,0.6623429656028748,0.577205240726471,0.76
427105,0.6623429656028748,0.577205240726471,0.76
427205,0.6623429656028748,0.577205240726471,0.76
427305,0.6623429656028748,0.577205240726471,0.76
427405,0.6623429656028748,0.577205240726471,0.76
427505,0.6623429656028748,0.577205240726471,0.76
427605,0.6623429656028748,0.577205240726471,0.76
427705,0.6623429656028748,0.577205240726471,0.76
427805,0.6623429656028748,0.577205240726471,0.76
427905,0.6623429656028748,0.577205240726471,0.76
428005,0.6623429656028748,0.577205240726471,0.76
428105,0.6623429656028748,0.577205240726471,0.76
428205,0.6623429656028748,0.577205240726471,0.76
428305,0.6623429656028748,0.577205240726471,0.76
428405,0.6623429656028748,0.577205240726471,0.76
428505,0.6623429656028748,0.577205240726471,0.76
433805,0.6623429656028748,0.577205240726471,0.74
433905,0.6623429656028748,0.577205240726471,0.74
434005,0.6623429656028748,0.577205240726471,0.74
434105,0.6623429656028748,0.577205240726471,0.74
434205,0.6623429656028748,0.577205240726471,0.74
434305,0.6623429656028748,0.577205240726471,0.74
434405,0.6623429656028748,0.577205240726471,0.74
434505,0.6623429656028748,0.577205240726471,0.74
434605,0.6623429656028748,0.577205240726471,0.74
434705,0.6623429656028748,0.577205240726471,0.74
434805,0.6623429656028748,0.577205240726471,0.74
434905,0.6623429656028748,0.577205240726471,0.74
435005,0.6623429656028748,0.577205240726471,0.74
435105,0.6623429656028748,0.577205240726471,0.74
435205,0.6623429656028748,0.577205240726471,0.74
435305,0.6623429656028748,0.577205240726471,0.74
435405,0.6623429656028748,0.577205240726471,0.74
435505,0.6623429656028748,0.577205240726471,0.74
435605,0.6623429656028748,0.577205240726471,0.74
435705,0.6623429656028748,0.577205240726471,0.74
435805,0.6623429656028748,0.577205240726471,0.74
435905,0.6623429656028748,0.577205240726471,0.74
436005,0.6623429656028748,0.577205240726471,0.74
436105,0.6623429656028748,0.577205240726471,0.74
436205,0.6623429656028748,0.577205240726471,0.74
436305,0.6623429656028748,0.577205240726471,0.74
436405,0.6623429656028748,0.577205240726471,0.74
436505,0.6623429656028748,0.577205240726471,0.74
436605,0.6623429656028748,0.577205240726471,0.74
436705,0.6623429656028748,0.577205240726471,0.74
436805,0.6623429656028748,0.577205240726471,0.74
436905,0.6623429656028748,0.577205240726471,0.74
437005,0.6623429656028748,0.577205240726471,0.74
437105,0.6623429656028748,0.577205240726471,0.74
437205,0.6623429656028748,0.577205240726471,0.74
437305,0.6623429656028748,0.577205240726471,0.74
437405,0.6623429656028748,0.577205240726471,0.74
437505,0.6623429656028748,0.577205240726471,0.74
437605,0.6623429656028748,0.577205240726471,0.74
437705,0.6623429656028748,0.577205240726471,0.74
437805,0.6623429656028748,0.577205240726471,0.74
437905,0.6623429656028748,0.577205240726471,0.74
438005,0.6623429656028748,0.577205240726471,0.74
438105,0.6623429656028748,0.577205240726471,0.74
438205,0.6623429656028748,0.577205240726471,0.74
438305,0.6623429656028748,0.577205240726471,0.74
438405,0.6623429656028748,0.577205240726471,0.74
438505,0.6623429656028748,0.577205240726471,0.74
438605,0.6623429656028748,0.577205240726471,0.74
438705,0.6623429656028748,0.577205240726471,0.74
438805,0.6623429656028748,0.577205240726471,0.74
438905,0.6623429656028748,0.577205240726471,0.74
444205,0.6623429656028748,0.577205240726471,0.77
444305,0.6623429656028748,0.577205240726471,0.77
444405,0.6623429656028748,0.577205240726471,0.77
444505,0.6623429656028748,0.577205240726471,0.77
444605,0.6623429656028748,0.577205240726471,0.77
444705,0.6623429656028748,0.577205240726471,0.77
444805,0.6623429656028748,0.577205240726471,0.77
444905,0.6623429656028748,0.577205240726471,0.77
445005,0.6623429656028748,0.577205240726471,0.77
445105,0.6623429656028748,0.577205240726471,0.77
445205,0.6623429656028748,0.577205240726471,0.77
445305,0.6623429656028748,0.577205240726471,0.77
445405,0.6623429656028748,0.577205240726471,0.77
445505,0.6623429656028748,0.577205240726471,0.77
445605,0.6623429656028748,0.577205240726471,0.77
445705,0.6623429656028748,0.577205240726471,0.77
445805,0.6623429656028748,0.577205240726471,0.77
445905,0.6623429656028748,0.577205240726471,0.77
446005,0.6623429656028748,0.577205240726471,0.77
446105,0.6623429656028748,0.577205240726471,0.77
446205,0.6623429656028748,0.577205240726471,0.77
446305,0.6623429656028748,0.577205240726471,0.77
446405,0.6623429656028748,0.577205240726471,0.77
446505,0.6623429656028748,0.577205240726471,0.77
446605,0.6623429656028748,0.577205240726471,0.77
446705,0.6623429656028748,0.577205240726471,0.77
446805,0.6623429656028748,0.577205240726471,0.77
446905,0.6623429656028748,0.577205240726471,0.77
447005,0.6623429656028748,0.577205240726471,0.77
447105,0.6623429656028748,0.577205240726471,0.77
447205,0.6623429656028748,0.577205240726471,0.77
447305,0.6623429656028748,0.577205240726471,0.77
447405,0.6623429656028748,0.577205240726471,0.77
447505,0.6623429656028748,0.577205240726471,0.77
447605,0.6623429656028748,0.577205240726471,0.77
447705,0.6623429656028748,0.577205240726471,0.77
447805,0.6623429656028748,0.577205240726471,0.77
447905,0.6623429656028748,0.577205240726471,0.77
448005,0.6623429656028748,0.577205240726471,0.77
448105,0.6623429656028748,0.577205240726471,0.77
448205,0.6623429656028748,0.577205240726471,0.77
448305,0.6623429656028748,0.577205240726471,0.77
448405,0.6623429656028748,0.577205240726471,0.77
448505,0.6623429656028748,0.577205240726471,0.77
448605,0.6623429656028748,0.577205240726471,0.77
448705,0.6623429656028748,0.577205240726471,0.77
448805,0.6623429656028748,0.577205240726471,0.77
448905,0.6623429656028748,0.577205240726471,0.77
449005,0.6623429656028748,0.577205240726471,0.77
449105,0.6623429656028748,0.577205240726471,0.77
449205,0.6623429656028748,0.577205240726471,0.77
449305,0.6623429656028748,0.577205240726471,0.77
454605,0.6623429656028748,0.577205240726471,0.75
454705,0.6623429656028748,0.577205240726471,0.75
454805,0.6623429656028748,0.577205240726471,0.75
454905,0.6623429656028748,0.577205240726471,0.75
455005,0.6623429656028748,0.577205240726471,0.75
455105,0.6623429656028748,0.577205240726471,0.75
455205,0.6623429656028748,0.577205240726471,0.75
455305,0.6623429656028748,0.577205240726471,0.75
455405,0.6623429656028748,0.577205240726471,0.75
455505,0.6623429656028748,0.577205240726471,0.75
455605,0.6623429656028748,0.577205240726471,0.75
455705,0.6623429656028748,0.577205240726471,0.75
455805,0.6623429656028748,0.577205240726471,0.75
455905,0.6623429656028748,0.577205240726471,0.75
456005,0.6623429656028748,0.577205240726471,0.75
456105,0.6623429656028748,0.577205240726471,0.75
456205,0.6623429656028748,0.577205240726471,0.75
456305,0.6623429656028748,0.577205240726471,0.75
456405,0.6623429656028748,0.577205240726471,0.75
456505,0.6623429656028748,0.577205240726471,0.75
456605,0.6623429656028748,0.577205240726471,0.75
456705,0.6623429656028748,0.577205240726471,0.75
456805,0.6623429656028748,0.577205240726471,0.75
456905,0.6623429656028748,0.577205240726471,0.75
457005,0.6623429656028748,0.577205240726471,0.75
457105,0.6623429656028748,0.577205240726471,0.75
457205,0.6623429656028748,0.577205240726471,0.75
457305,0.6623429656028748,0.577205240726471,0.75
457405,0.6623429656028748,0.577205240726471,0.75
457505,0.6623429656028748,0.577205240726471,0.75
457605,0.6623429656028748,0.577205240726471,0.75
457705,0.6623429656028748,0.577205240726471,0.75
457805,0.6623429656028748,0.577205240726471,0.75
457905,0.6623429656028748,0.577205240726471,0.75
458005,0.6623429656028748,0.577205240726471,0.75
458105,0.6623429656028748,0.577205240726471,0.75
458205,0.6623429656028748,0.577205240726471,0.75
458305,0.6623429656028748,0.577205240726471,0.75
458405,0.6623429656028748,0.577205240726471,0.75
458505,0.6623429656028748,0.577205240726471,0.75
458605,0.6623429656028748,0.577205240726471,0.75
458705,0.6623429656028748,0.577205240726471,0.75
458805,0.6623429656028748,0.577205240726471,0.75
458905,0.6623429656028748,0.577205240726471,0.75
459005,0.6623429656028748,0.577205240726471,0.75
459105,0.6623429656028748,0.577205240726471,0.75
459205,0.6623429656028748,0.577205240726471,0.75
459305,0.6623429656028748,0.577205240726471,0.75
459405,0.6623429656028748,0.577205240726471,0.75
459505,0.6623429656028748,0.577205240726471,0.75
459605,0.6623429656028748,0.577205240726471,0.75
459705,0.6623429656028748,0.577205240726471,0.75
465005,0.6623429656028748,0.577205240726471,0.72
465105,0.6623429656028748,0.577205240726471,0.72
465205,0.6623429656028748,0.577205240726471,0.72
465305,0.6623429656028748,0.577205240726471,0.72
465405,0.6623429656028748,0.577205240726471,0.72
465505,0.6623429656028748,0.577205240726471,0.72
465605,0.6623429656028748,0.577205240726471,0.72
465705,0.6623429656028748,0.577205240726471,0.72
465805,0.6623429656028748,0.577205240726471,0.72
465905,0.6623429656028748,0.577205240726471,0.72
466005,0.6623429656028748,0.577205240726471,0.72
466105,0.6623429656028748,0.577205240726471,0.72
466205,0.6623429656028748,0.577205240726471,0.72
466305,0.6623429656028748,0.577205240726471,0.72
466405,0.6623429656028748,0.577205240726471,0.72
466505,0.6623429656028748,0.577205240726471,0.72
466605,0.6623429656028748,0.577205240726471,0.72
466705,0.6623429656028748,0.577205240726471,0.72
466805,0.6623429656028748,0.577205240726471,0.72
466905,0.6623429656028748,0.577205240726471,0.72
467005,0.6623429656028748,0.577205240726471,0.72
467105,0.6623429656028748,0.577205240726471,0.72
467205,0.6623429656028748,0.577205240726471,0.72
467305,0.6623429656028748,0.577205240726471,0.72
467405,0.6623429656028748,0.577205240726471,0.72
467505,0.6623429656028748,0.577205240726471,0.72
467605,0.6623429656028748,0.577205240726471,0.72
467705,0.6623429656028748,0.577205240726471,0.72
467805,0.6623429656028748,0.577205240726471,0.72
467905,0.6623429656028748,0.577205240726471,0.72
468005,0.6623429656028748,0.577205240726471,0.72
468105,0.6623429656028748,0.577205240726471,0.72
468205,0.6623429656028748,0.577205240726471,0.72
468305,0.6623429656028748,0.577205240726471,0.72
468405,0.6623429656028748,0.577205240726471,0.72
468505,0.6623429656028748,0.577205240726471,0.72
468605,0.6623429656028748,0.577205240726471,0.72
468705,0.6623429656028748,0.577205240726471,0.72
468805,0.6623429656028748,0.577205240726471,0.72
468905,0.6623429656028748,0.577205240726471,0.72
469005,0.6623429656028748,0.577205240726471,0.72
469105,0.6623429656028748,0.577205240726471,0.72
469205,0.6623429656028748,0.577205240726471,0.72
469305,0.6623429656028748,0.577205240726471,0.72
469405,0.6623429656028748,0.577205240726471,0.72
469505,0.6623429656028748,0.577205240726471,0.72
469605,0.6623429656028748,0.577205240726471,0.72
469705,0.6623429656028748,0.577205240726471,0.72
469805,0.6623429656028748,0.577205240726471,0.72
469905,0.6623429656028748,0.577205240726471,0.72
470005,0.6623429656028748,0.577205240726471,0.72
470105,0.6623429656028748,0.577205240726471,0.72
475405,0.6623429656028748,0.577205240726471,0.70
475505,0.6623429656028748,0.577205240726471,0.70
475605,0.6623429656028748,0.577205240726471,0.70
475705,0.6623429656028748,0.577205240726471,0.70
475805,0.6623429656028748,0.577205240726471,0.70
475905,0.6623429656028748,0.577205240726471,0.70
476005,0.6623429656028748,0.577205240726471,0.70
476105,0.6623429656028748,0.577205240726471,0.70
476205,0.6623429656028748,0.577205240726471,0.70
476305,0.6623429656028748,0.577205240726471,0.70
476405,0.6623429656028748,0.577205240726471,0.70
476505,0.6623429656028748,0.577205240726471,0.70
476605,0.6623429656028748,0.577205240726471,0.70
476705,0.6623429656028748,0.577205240726471,0.70
476805,0.6623429656028748,0.577205240726471,0.70
476905,0.6623429656028748,0.577205240726471,0.70
477005,0.6623429656028748,0.577205240726471,0.70
477105,0.6623429656028748,0.577205240726471,0.70
477205,0.6623429656028748,0.577205240726471,0.70
477305,0.6623429656028748,0.577205240726471,0.70
477405,0.6623429656028748,0.577205240726471,0.70
477505,0.6623429656028748,0.577205240726471,0.70
477605,0.6623429656028748,0.577205240726471,0.70
477705,0.6623429656028748,0.577205240726471,0.70
477805,0.6623429656028748,0.577205240726471,0.70
477905,0.6623429656028748,0.577205240726471,0.70
478005,0.6623429656028748,0.577205240726471,0.70
478105,0.6623429656028748,0.577205240726471,0.70
478205,0.6623429656028748,0.577205240726471,0.70
478305,0.6623429656028748,0.577205240726471,0.70
478405,0.6623429656028748,0.577205240726471,0.70
478505,0.6623429656028748,0.577205240726471,0.70
478605,0.6623429656028748,0.577205240726471,0.70
478705,0.6623429656028748,0.577205240726471,0.70
478805,0.6623429656028748,0.577205240726471,0.70
478905,0.6623429656028748,0.577205240726471,0.70
479005,0.6623429656028748,0.577205240726471,0.70
479105,0.6623429656028748,0.577205240726471,0.70
479205,0.6623429656028748,0.577205240726471,0.70
479305,0.6623429656028748,0.577205240726471,0.70
479405,0.6623429656028748,0.577205240726471,0.70
479505,0.6623429656028748,0.577205240726471,0.70
479605,0.6623429656028748,0.577205240726471,0.70
479705,0.6623429656028748,0.577205240726471,0.70
479805,0.6623429656028748,0.577205240726471,0.70
479905,0.6623429656028748,0.577205240726471,0.70
480005,0.6623429656028748,0.577205240726471,0.70
480105,0.6623429656028748,0.577205240726471,0.70
480205,0.6623429656028748,0.577205240726471,0.70
480305,0.6623429656028748,0.577205240726471,0.70
480405,0.6623429656028748,0.577205240726471,0.70
480505,0.6623429656028748,0.577205240726471,0.70
485805,0.6623429656028748,0.577205240726471,0.66
485905,0.6623429656028748,0.577205240726471,0.66
486005,0.6623429656028748,0.577205240726471,0.66
486105,0.6623429656028748,0.577205240726471,0.66
486205,0.6623429656028748,0.577205240726471,0.66
486305,0.6623429656028748,0.577205240726471,0.66
486405,0.6623429656028748,0.577205240726471,0.66
486505,0.6623429656028748,0.577205240726471,0.66
486605,0.6623429656028748,0.577205240726471,0.66
486705,0.6623429656028748,0.577205240726471,0.66
486805,0.6623429656028748,0.577205240726471,0.66
486905,0.6623429656028748,0.577205240726471,0.66
487005,0.6623429656028748,0.577205240726471,0.66
487105,0.6623429656028748,0.577205240726471,0.66
487205,0.6623429656028748,0.577205240726471,0.66
487305,0.6623429656028748,0.577205240726471,0.66
487405,0.6623429656028748,0.577205240726471,0.66
487505,0.6623429656028748,0.577205240726471,0.66
487605,0.6623429656028748,0.577205240726471,0.66
487705,0.6623429656028748,0.577205240726471,0.66
487805,0.6623429656028748,0.577205240726471,0.66
487905,0.6623429656028748,0.577205240726471,0.66
488005,0.6623429656028748,0.577205240726471,0.66
488105,0.6623429656028748,0.577205240726471,0.66
488205,0.6623429656028748,0.577205240726471,0.66
488305,0.6623429656028748,0.577205240726471,0.66
488405,0.6623429656028748,0.577205240726471,0.66
488505,0.6623429656028748,0.577205240726471,0.66
488605,0.6623429656028748,0.577205240726471,0.66
488705,0.6623429656028748,0.577205240726471,0.66
488805,0.6623429656028748,0.577205240726471,0.66
488905,0.6623429656028748,0.577205240726471,0.66
489005,0.6623429656028748,0.577205240726471,0.66
489105,0.6623429656028748,0.577205240726471,0.66
489205,0.6623429656028748,0.577205240726471,0.66
489305,0.6623429656028748,0.577205240726471,0.66
489405,0.6623429656028748,0.577205240726471,0.66
489505,0.6623429656028748,0.577205240726471,0.66
489605,0.6623429656028748,0.577205240726471,0.66
489705,0.6623429656028748,0.577205240726471,0.66
489805,0.6623429656028748,0.577205240726471,0.66
489905,0.6623429656028748,0.577205240726471,0.66
490005,0.6623429656028748,0.577205240726471,0.66
490105,0.6623429656028748,0.577205240726471,0.66
490205,0.6623429656028748,0.577205240726471,0.66
490305,0.6623429656028748,0.577205240726471,0.66
490405,0.6623429656028748,0.577205240726471,0.66
490505,0.6623429656028748,0.577205240726471,0.66
490605,0.6623429656028748,0.577205240726471,0.66
490705,0.6623429656028748,0.577205240726471,0.66
490805,0.6623429656028748,0.577205240726471,0.66
490905,0.6623429656028748,0.577205240726471,0.66
496205,0.6623429656028748,0.577205240726471,0.63
496305,0.6623429656028748,0.577205240726471,0.63
496405,0.6623429656028748,0.577205240726471,0.63
496505,0.6623429656028748,0.577205240726471,0.63
496605,0.6623429656028748,0.577205240726471,0.63
496705,0.6623429656028748,0.577205240726471,0.63
496805,0.6623429656028748,0.577205240726471,0.63
496905,0.6623429656028748,0.577205240726471,0.63
497005,0.6623429656028748,0.577205240726471,0.63
497105,0.6623429656028748,0.577205240726471,0.63
497205,0.6623429656028748,0.577205240726471,0.63
497305,0.6623429656028748,0.577205240726471,0.63
497405,0.6623429656028748,0.577205240726471,0.63
497505,0.6623429656028748,0.577205240726471,0.63
497605,0.6623429656028748,0.577205240726471,0.63
497705,0.6623429656028748,0.577205240726471,0.63
497805,0.6623429656028748,0.577205240726471,0.63
497905,0.6623429656028748,0.577205240726471,0.63
498005,0.6623429656028748,0.577205240726471,0.63
498105,0.6623429656028748,0.577205240726471,0.63
498205,0.6623429656028748,0.577205240726471,0.63
498305,0.6623429656028748,0.577205240726471,0.63
498405,0.6623429656028748,0.577205240726471,0.63
498505,0.6623429656028748,0.577205240726471,0.63
498605,0.6623429656028748,0.577205240726471,0.63
498705,0.6623429656028748,0.577205240726471,0.63
498805,0.6623429656028748,0.577205240726471,0.63
498905,0.6623429656028748,0.577205240726471,0.63
499005,0.6623429656028748,0.577205240726471,0.63
499105,0.6623429656028748,0.577205240726471,0.63
499205,0.6623429656028748,0.577205240726471,0.63
499305,0.6623429656028748,0.577205240726471,0.63
499405,0.6623429656028748,0.577205240726471,0.63
499505,0.6623429656028748,0.577205240726471,0.63
499605,0.6623429656028748,0.577205240726471,0.63
499705,0.6623429656028748,0.577205240726471,0.63
499805,0.6623429656028748,0.577205240726471,0.63
499905,0.6623429656028748,0.577205240726471,0.63
500005,0.6623429656028748,0.577205240726471,0.63
500105,0.6623429656028748,0.577205240726471,0.63
500205,0.6623429656028748,0.577205240726471,0.63
500305,0.6623429656028748,0.577205240726471,0.63
500405,0.6623429656028748,0.577205240726471,0.63
500505,0.6623429656028748,0.577205240726471,0.63
500605,0.6623429656028748,0.577205240726471,0.63
500705,0.6623429656028748,0.577205240726471,0.63
500805,0.6623429656028748,0.577205240726471,0.63
500905,0.6623429656028748,0.577205240726471,0.63
501005,0.6623429656028748,0.577205240726471,0.63
501105,0.6623429656028748,0.577205240726471,0.63
501205,0.6623429656028748,0.577205240726471,0.63
501305,0.6623429656028748,0.577205240726471,0.63
