evaluation,fitness,test_accuracy,uniqueness,time
0,-1.0670369863510132,-1.3314260244369507,1.0,1.11
100,-1.0670369863510132,-1.3314260244369507,1.0,1.11
200,-0.2722148895263672,-0.2774707078933716,1.0,1.11
300,-0.2722148895263672,-0.2774707078933716,1.0,1.11
400,-0.2722148895263672,-0.2774707078933716,1.0,1.11
500,-0.25261032581329346,-0.2992393970489502,1.0,1.11
600,-0.25261032581329346,-0.2992393970489502,1.0,1.11
700,-0.00760987401008606,-0.1846325397491455,1.0,1.11
800,-0.00760987401008606,-0.1846325397491455,1.0,1.11
900,-0.00760987401008606,-0.1846325397491455,1.0,1.11
1000,-0.00760987401008606,-0.1846325397491455,1.0,1.11
1100,-0.00760987401008606,-0.1846325397491455,1.0,1.11
1200,-0.00760987401008606,-0.1846325397491455,1.0,1.11
1300,-0.00760987401008606,-0.1846325397491455,1.0,1.11
1400,-0.00760987401008606,-0.1846325397491455,1.0,1.11
1500,-0.00760987401008606,-0.1846325397491455,1.0,1.11
1600,-0.00760987401008606,-0.1846325397491455,1.0,1.11
1700,-0.00760987401008606,-0.1846325397491455,1.0,1.11
1800,-0.00760987401008606,-0.1846325397491455,1.0,1.11
1900,-0.00760987401008606,-0.1846325397491455,1.0,1.11
2000,-0.00760987401008606,-0.1846325397491455,1.0,1.11
2100,-0.00760987401008606,-0.1846325397491455,1.0,1.11
2200,-0.00760987401008606,-0.1846325397491455,1.0,1.11
2300,-0.00760987401008606,-0.1846325397491455,1.0,1.11
2400,-0.00760987401008606,-0.1846325397491455,1.0,1.11
2500,-0.00760987401008606,-0.1846325397491455,1.0,1.11
2600,-0.00760987401008606,-0.1846325397491455,1.0,1.11
2700,-0.00760987401008606,-0.1846325397491455,1.0,1.11
2800,-0.00760987401008606,-0.1846325397491455,1.0,1.11
2900,-0.00760987401008606,-0.1846325397491455,1.0,1.11
3000,-0.00760987401008606,-0.1846325397491455,1.0,1.11
3100,-0.00760987401008606,-0.1846325397491455,1.0,1.11
3200,-0.00760987401008606,-0.1846325397491455,1.0,1.11
3300,-0.00760987401008606,-0.1846325397491455,1.0,1.11
3400,-0.00760987401008606,-0.1846325397491455,1.0,1.11
3500,-0.00760987401008606,-0.1846325397491455,1.0,1.11
3600,-0.00760987401008606,-0.1846325397491455,1.0,1.11
3700,-0.00760987401008606,-0.1846325397491455,1.0,1.11
3800,-0.00760987401008606,-0.1846325397491455,1.0,1.11
3900,-0.00760987401008606,-0.1846325397491455,1.0,1.11
4000,-0.00760987401008606,-0.1846325397491455,1.0,1.11
4100,-0.00760987401008606,-0.1846325397491455,1.0,1.11
4200,-0.00760987401008606,-0.1846325397491455,1.0,1.11
4300,0.05882066488265991,0.02485370635986328,1.0,1.11
4400,0.05882066488265991,0.02485370635986328,1.0,1.11
4500,0.05882066488265991,0.02485370635986328,1.0,1.11
4600,0.05882066488265991,0.02485370635986328,1.0,1.11
4700,0.05882066488265991,0.02485370635986328,1.0,1.11
4800,0.05882066488265991,0.02485370635986328,1.0,1.11
4900,0.05882066488265991,0.02485370635986328,1.0,1.11
5000,0.05882066488265991,0.02485370635986328,1.0,1.11
5100,0.05882066488265991,0.02485370635986328,1.0,1.11
5200,0.05882066488265991,0.02485370635986328,1.0,1.11
5300,0.05882066488265991,0.02485370635986328,1.0,1.11
5400,0.05882066488265991,0.02485370635986328,1.0,1.11
5500,0.05882066488265991,0.02485370635986328,1.0,1.11
5600,0.05882066488265991,0.02485370635986328,1.0,1.11
5700,0.05882066488265991,0.02485370635986328,1.0,1.11
5800,0.05882066488265991,0.02485370635986328,1.0,1.11
5900,0.05882066488265991,0.02485370635986328,1.0,1.11
6000,0.05882066488265991,0.02485370635986328,1.0,1.11
6100,0.05882066488265991,0.02485370635986328,1.0,1.11
6200,0.05882066488265991,0.02485370635986328,1.0,1.11
6300,0.05882066488265991,0.02485370635986328,1.0,1.11
6400,0.05882066488265991,0.02485370635986328,1.0,1.11
6500,0.05882066488265991,0.02485370635986328,1.0,1.11
6600,0.05882066488265991,0.02485370635986328,1.0,1.11
6700,0.05882066488265991,0.02485370635986328,1.0,1.11
6800,0.05882066488265991,0.02485370635986328,1.0,1.11
6900,0.05882066488265991,0.02485370635986328,1.0,1.11
7000,0.05882066488265991,0.02485370635986328,1.0,1.11
7100,0.05882066488265991,0.02485370635986328,1.0,1.11
7200,0.05882066488265991,0.02485370635986328,1.0,1.11
7300,0.05882066488265991,0.02485370635986328,1.0,1.11
7400,0.05882066488265991,0.02485370635986328,1.0,1.11
7500,0.05882066488265991,0.02485370635986328,1.0,1.11
7600,0.05882066488265991,0.02485370635986328,1.0,1.11
7700,0.05882066488265991,0.02485370635986328,1.0,1.11
7800,0.05882066488265991,0.02485370635986328,1.0,1.11
7900,0.05882066488265991,0.02485370635986328,1.0,1.11
8000,0.05882066488265991,0.02485370635986328,1.0,1.11
8100,0.05882066488265991,0.02485370635986328,1.0,1.11
8200,0.05882066488265991,0.02485370635986328,1.0,1.11
8300,0.05882066488265991,0.02485370635986328,1.0,1.11
8400,0.05882066488265991,0.02485370635986328,1.0,1.11
8500,0.05882066488265991,0.02485370635986328,1.0,1.11
8600,0.05882066488265991,0.02485370635986328,1.0,1.11
8700,0.05882066488265991,0.02485370635986328,1.0,1.11
8800,0.05882066488265991,0.02485370635986328,1.0,1.11
8900,0.05882066488265991,0.02485370635986328,1.0,1.11
9000,0.05882066488265991,0.02485370635986328,1.0,1.11
9100,0.05882066488265991,0.02485370635986328,1.0,1.11
9200,0.05882066488265991,0.02485370635986328,1.0,1.11
9300,0.05882066488265991,0.02485370635986328,1.0,1.11
9400,0.05882066488265991,0.02485370635986328,1.0,1.11
9500,0.05882066488265991,0.02485370635986328,1.0,1.11
9600,0.05882066488265991,0.02485370635986328,1.0,1.11
9700,0.05882066488265991,0.02485370635986328,1.0,1.11
9800,0.05882066488265991,0.02485370635986328,1.0,1.11
9900,0.05882066488265991,0.02485370635986328,1.0,1.11
10000,0.05882066488265991,0.02485370635986328,1.0,1.11
10100,0.05882066488265991,0.02485370635986328,1.0,1.11
10200,0.05882066488265991,0.02485370635986328,1.0,1.11
10300,0.05882066488265991,0.02485370635986328,1.0,1.11
10400,0.05882066488265991,0.02485370635986328,1.0,1.11
10500,0.05882066488265991,0.02485370635986328,1.0,1.11
10600,0.05882066488265991,0.02485370635986328,1.0,1.11
10700,0.05882066488265991,0.02485370635986328,1.0,1.11
10800,0.05882066488265991,0.02485370635986328,1.0,1.11
10900,0.05882066488265991,0.02485370635986328,1.0,1.11
11000,0.05882066488265991,0.02485370635986328,1.0,1.11
11100,0.05882066488265991,0.02485370635986328,1.0,1.11
11200,0.05882066488265991,0.02485370635986328,1.0,1.11
11300,0.05882066488265991,0.02485370635986328,1.0,1.11
11400,0.05882066488265991,0.02485370635986328,1.0,1.11
11500,0.05882066488265991,0.02485370635986328,1.0,1.11
11600,0.05882066488265991,0.02485370635986328,1.0,1.11
11700,0.05882066488265991,0.02485370635986328,1.0,1.11
11800,0.05882066488265991,0.02485370635986328,1.0,1.11
11900,0.05882066488265991,0.02485370635986328,1.0,1.11
12000,0.05882066488265991,0.02485370635986328,1.0,1.11
12100,0.05882066488265991,0.02485370635986328,1.0,1.11
12200,0.0943906307220459,0.0405978262424469,1.0,1.11
12300,0.0943906307220459,0.0405978262424469,1.0,1.11
12400,0.0943906307220459,0.0405978262424469,1.0,1.11
12500,0.0943906307220459,0.0405978262424469,1.0,1.11
12600,0.0943906307220459,0.0405978262424469,1.0,1.11
12700,0.0943906307220459,0.0405978262424469,1.0,1.11
12800,0.0943906307220459,0.0405978262424469,1.0,1.11
12900,0.0943906307220459,0.0405978262424469,1.0,1.11
13000,0.0943906307220459,0.0405978262424469,1.0,1.11
13100,0.0943906307220459,0.0405978262424469,1.0,1.11
13200,0.0943906307220459,0.0405978262424469,1.0,1.11
13300,0.0943906307220459,0.0405978262424469,1.0,1.11
13400,0.0943906307220459,0.0405978262424469,1.0,1.11
13500,0.0943906307220459,0.0405978262424469,1.0,1.11
13600,0.0943906307220459,0.0405978262424469,1.0,1.11
13700,0.0943906307220459,0.0405978262424469,1.0,1.11
13800,0.0943906307220459,0.0405978262424469,1.0,1.11
13900,0.0943906307220459,0.0405978262424469,1.0,1.11
14000,0.0943906307220459,0.0405978262424469,1.0,1.11
14100,0.0943906307220459,0.0405978262424469,1.0,1.11
14200,0.0943906307220459,0.0405978262424469,1.0,1.11
14300,0.0943906307220459,0.0405978262424469,1.0,1.11
14400,0.0943906307220459,0.0405978262424469,1.0,1.11
14500,0.0943906307220459,0.0405978262424469,1.0,1.11
14600,0.0943906307220459,0.0405978262424469,1.0,1.11
14700,0.0943906307220459,0.0405978262424469,1.0,1.11
14800,0.0943906307220459,0.0405978262424469,1.0,1.11
14900,0.0943906307220459,0.0405978262424469,1.0,1.11
15000,0.0943906307220459,0.0405978262424469,1.0,1.11
15100,0.0943906307220459,0.0405978262424469,1.0,1.11
15200,0.0943906307220459,0.0405978262424469,1.0,1.11
15300,0.0943906307220459,0.0405978262424469,1.0,1.11
15400,0.0943906307220459,0.0405978262424469,1.0,1.11
15500,0.0943906307220459,0.0405978262424469,1.0,1.11
15600,0.0943906307220459,0.0405978262424469,1.0,1.11
15700,0.0943906307220459,0.0405978262424469,1.0,1.11
15800,0.0943906307220459,0.0405978262424469,1.0,1.11
15900,0.0943906307220459,0.0405978262424469,1.0,1.11
16000,0.0943906307220459,0.0405978262424469,1.0,1.11
16100,0.0943906307220459,0.0405978262424469,1.0,1.11
16200,0.0943906307220459,0.0405978262424469,1.0,1.11
16300,0.0943906307220459,0.0405978262424469,1.0,1.11
16400,0.0943906307220459,0.0405978262424469,1.0,1.11
16500,0.0943906307220459,0.0405978262424469,1.0,1.11
16600,0.0943906307220459,0.0405978262424469,1.0,1.11
16700,0.0943906307220459,0.0405978262424469,1.0,1.11
16800,0.0943906307220459,0.0405978262424469,1.0,1.11
16900,0.0943906307220459,0.0405978262424469,1.0,1.11
17000,0.0943906307220459,0.0405978262424469,1.0,1.11
17100,0.0943906307220459,0.0405978262424469,1.0,1.11
17200,0.0943906307220459,0.0405978262424469,1.0,1.11
17300,0.0943906307220459,0.0405978262424469,1.0,1.11
17400,0.0943906307220459,0.0405978262424469,1.0,1.11
17500,0.0943906307220459,0.0405978262424469,1.0,1.11
17600,0.0943906307220459,0.0405978262424469,1.0,1.11
17700,0.0943906307220459,0.0405978262424469,1.0,1.11
17800,0.0943906307220459,0.0405978262424469,1.0,1.11
17900,0.0943906307220459,0.0405978262424469,1.0,1.11
18000,0.0943906307220459,0.0405978262424469,1.0,1.11
18100,0.0943906307220459,0.0405978262424469,1.0,1.11
18200,0.0943906307220459,0.0405978262424469,1.0,1.11
18300,0.0943906307220459,0.0405978262424469,1.0,1.11
18400,0.0943906307220459,0.0405978262424469,1.0,1.11
18500,0.0943906307220459,0.0405978262424469,1.0,1.11
18600,0.0943906307220459,0.0405978262424469,1.0,1.11
18700,0.0943906307220459,0.0405978262424469,1.0,1.11
18800,0.0943906307220459,0.0405978262424469,1.0,1.11
18900,0.0943906307220459,0.0405978262424469,1.0,1.11
19000,0.0943906307220459,0.0405978262424469,1.0,1.11
19100,0.0943906307220459,0.0405978262424469,1.0,1.11
19200,0.0943906307220459,0.0405978262424469,1.0,1.11
19300,0.0943906307220459,0.0405978262424469,1.0,1.11
19400,0.0943906307220459,0.0405978262424469,1.0,1.11
19500,0.0943906307220459,0.0405978262424469,1.0,1.11
19600,0.0943906307220459,0.0405978262424469,1.0,1.11
19700,0.0943906307220459,0.0405978262424469,1.0,1.11
19800,0.0943906307220459,0.0405978262424469,1.0,1.11
19900,0.0943906307220459,0.0405978262424469,1.0,1.11
20000,0.0943906307220459,0.0405978262424469,1.0,1.11
20100,0.0943906307220459,0.0405978262424469,1.0,1.11
20200,0.0943906307220459,0.0405978262424469,1.0,1.11
20300,0.0943906307220459,0.0405978262424469,1.0,1.11
20400,0.0943906307220459,0.0405978262424469,1.0,1.11
20500,0.0943906307220459,0.0405978262424469,1.0,1.11
20600,0.0943906307220459,0.0405978262424469,1.0,1.11
20700,0.0943906307220459,0.0405978262424469,1.0,1.11
20800,0.0943906307220459,0.0405978262424469,1.0,1.11
20900,0.0943906307220459,0.0405978262424469,1.0,1.11
21000,0.0943906307220459,0.0405978262424469,1.0,1.11
21100,0.0943906307220459,0.0405978262424469,1.0,1.11
21200,0.0943906307220459,0.0405978262424469,1.0,1.11
21300,0.0943906307220459,0.0405978262424469,1.0,1.11
21400,0.0943906307220459,0.0405978262424469,1.0,1.11
21500,0.0943906307220459,0.0405978262424469,1.0,1.11
21600,0.0943906307220459,0.0405978262424469,1.0,1.11
21700,0.0943906307220459,0.0405978262424469,1.0,1.11
21800,0.0943906307220459,0.0405978262424469,1.0,1.11
21900,0.0943906307220459,0.0405978262424469,1.0,1.11
22000,0.0943906307220459,0.0405978262424469,1.0,1.11
22100,0.0943906307220459,0.0405978262424469,1.0,1.11
22200,0.0943906307220459,0.0405978262424469,1.0,1.11
22300,0.0943906307220459,0.0405978262424469,1.0,1.11
22400,0.0943906307220459,0.0405978262424469,1.0,1.11
22500,0.0943906307220459,0.0405978262424469,1.0,1.11
22600,0.0943906307220459,0.0405978262424469,1.0,1.11
22700,0.0943906307220459,0.0405978262424469,1.0,1.11
22800,0.0943906307220459,0.0405978262424469,1.0,1.11
22900,0.0943906307220459,0.0405978262424469,1.0,1.11
23000,0.0943906307220459,0.0405978262424469,1.0,1.11
23100,0.0943906307220459,0.0405978262424469,1.0,1.11
23200,0.0943906307220459,0.0405978262424469,1.0,1.11
23300,0.0943906307220459,0.0405978262424469,1.0,1.11
23400,0.0943906307220459,0.0405978262424469,1.0,1.11
23500,0.0943906307220459,0.0405978262424469,1.0,1.11
23600,0.0943906307220459,0.0405978262424469,1.0,1.11
23700,0.0943906307220459,0.0405978262424469,1.0,1.11
23800,0.0943906307220459,0.0405978262424469,1.0,1.11
23900,0.0943906307220459,0.0405978262424469,1.0,1.11
24000,0.0943906307220459,0.0405978262424469,1.0,1.11
24100,0.0943906307220459,0.0405978262424469,1.0,1.11
24200,0.0943906307220459,0.0405978262424469,1.0,1.11
24300,0.0943906307220459,0.0405978262424469,1.0,1.11
24400,0.0943906307220459,0.0405978262424469,1.0,1.11
24500,0.0943906307220459,0.0405978262424469,1.0,1.11
24600,0.0943906307220459,0.0405978262424469,1.0,1.11
24700,0.0943906307220459,0.0405978262424469,1.0,1.11
24800,0.0943906307220459,0.0405978262424469,1.0,1.11
24900,0.0943906307220459,0.0405978262424469,1.0,1.11
25000,0.0943906307220459,0.0405978262424469,1.0,1.11
25100,0.0943906307220459,0.0405978262424469,1.0,1.11
25200,0.0943906307220459,0.0405978262424469,1.0,1.11
25300,0.0943906307220459,0.0405978262424469,1.0,1.11
25400,0.0943906307220459,0.0405978262424469,1.0,1.11
25500,0.0943906307220459,0.0405978262424469,1.0,1.11
25600,0.0943906307220459,0.0405978262424469,1.0,1.11
25700,0.0943906307220459,0.0405978262424469,1.0,1.11
25800,0.0943906307220459,0.0405978262424469,1.0,1.11
25900,0.0943906307220459,0.0405978262424469,1.0,1.11
26000,0.0943906307220459,0.0405978262424469,1.0,1.11
26100,0.0943906307220459,0.0405978262424469,1.0,1.11
26200,0.0943906307220459,0.0405978262424469,1.0,1.11
26300,0.0943906307220459,0.0405978262424469,1.0,1.11
26400,0.0943906307220459,0.0405978262424469,1.0,1.11
26500,0.0943906307220459,0.0405978262424469,1.0,1.11
26600,0.0943906307220459,0.0405978262424469,1.0,1.11
26700,0.0943906307220459,0.0405978262424469,1.0,1.11
26800,0.0943906307220459,0.0405978262424469,1.0,1.11
26900,0.0943906307220459,0.0405978262424469,1.0,1.11
27000,0.0943906307220459,0.0405978262424469,1.0,1.11
27100,0.0943906307220459,0.0405978262424469,1.0,1.11
27200,0.0943906307220459,0.0405978262424469,1.0,1.11
27300,0.0943906307220459,0.0405978262424469,1.0,1.11
27400,0.0943906307220459,0.0405978262424469,1.0,1.11
27500,0.0943906307220459,0.0405978262424469,1.0,1.11
27600,0.0943906307220459,0.0405978262424469,1.0,1.11
27700,0.0943906307220459,0.0405978262424469,1.0,1.11
27800,0.0943906307220459,-1.3314260244369507,1.0,1.07
27900,0.0943906307220459,-1.3314260244369507,1.0,1.07
28000,0.0943906307220459,-1.3314260244369507,1.0,1.07
28100,0.0943906307220459,-1.3314260244369507,1.0,1.07
28200,0.0943906307220459,-1.3314260244369507,1.0,1.07
28300,0.0943906307220459,-1.3314260244369507,1.0,1.07
28400,0.0943906307220459,-1.3314260244369507,1.0,1.07
28500,0.0943906307220459,-1.3314260244369507,1.0,1.07
28600,0.0943906307220459,-1.3314260244369507,1.0,1.07
28700,0.0943906307220459,-1.3314260244369507,1.0,1.07
28800,0.0943906307220459,-1.3314260244369507,1.0,1.07
28900,0.0943906307220459,-1.3314260244369507,1.0,1.07
29000,0.0943906307220459,-1.3314260244369507,1.0,1.07
29100,0.0943906307220459,-1.3314260244369507,1.0,1.07
29200,0.0943906307220459,-1.3314260244369507,1.0,1.07
29300,0.0943906307220459,-1.3314260244369507,1.0,1.07
29400,0.0943906307220459,-1.3314260244369507,1.0,1.07
29500,0.0943906307220459,-1.3314260244369507,1.0,1.07
29600,0.0943906307220459,-1.3314260244369507,1.0,1.07
29700,0.0943906307220459,-1.3314260244369507,1.0,1.07
29800,0.0943906307220459,-1.3314260244369507,1.0,1.07
29900,0.0943906307220459,-1.3314260244369507,1.0,1.07
30000,0.0943906307220459,-1.3314260244369507,1.0,1.07
30100,0.0943906307220459,-1.3314260244369507,1.0,1.07
30200,0.0943906307220459,-1.3314260244369507,1.0,1.07
30300,0.0943906307220459,-1.3314260244369507,1.0,1.07
30400,0.0943906307220459,-1.3314260244369507,1.0,1.07
30500,0.0943906307220459,-1.3314260244369507,1.0,1.07
30600,0.0943906307220459,-1.3314260244369507,1.0,1.07
30700,0.0943906307220459,-1.3314260244369507,1.0,1.07
30800,0.0943906307220459,-1.3314260244369507,1.0,1.07
30900,0.0943906307220459,-1.3314260244369507,1.0,1.07
31000,0.0943906307220459,-1.3314260244369507,1.0,1.07
31100,0.0943906307220459,-1.3314260244369507,1.0,1.07
31200,0.0943906307220459,-1.3314260244369507,1.0,1.07
31300,0.0943906307220459,-1.3314260244369507,1.0,1.07
31400,0.0943906307220459,-1.3314260244369507,1.0,1.07
31500,0.0943906307220459,-1.3314260244369507,1.0,1.07
31600,0.0943906307220459,-1.3314260244369507,1.0,1.07
31700,0.0943906307220459,-1.3314260244369507,1.0,1.07
31800,0.0943906307220459,-1.3314260244369507,1.0,1.07
31900,0.0943906307220459,-1.3314260244369507,1.0,1.07
32000,0.0943906307220459,-1.3314260244369507,1.0,1.07
32100,0.0943906307220459,-1.3314260244369507,1.0,1.07
32200,0.0943906307220459,-1.3314260244369507,1.0,1.07
32300,0.0943906307220459,-1.3314260244369507,1.0,1.07
32400,0.0943906307220459,-1.3314260244369507,1.0,1.07
32500,0.0943906307220459,-1.3314260244369507,1.0,1.07
32600,0.0943906307220459,-1.3314260244369507,1.0,1.07
32700,0.0943906307220459,-1.3314260244369507,1.0,1.07
32800,0.0943906307220459,-1.3314260244369507,1.0,1.07
32900,0.0943906307220459,-1.3314260244369507,1.0,1.07
33000,0.0943906307220459,-1.3314260244369507,1.0,1.07
33100,0.0943906307220459,-1.3314260244369507,1.0,1.07
33200,0.0943906307220459,-1.3314260244369507,1.0,1.07
33300,0.0943906307220459,-1.3314260244369507,1.0,1.07
33400,0.0943906307220459,-1.3314260244369507,1.0,1.07
33500,0.0943906307220459,-1.3314260244369507,1.0,1.07
33600,0.0943906307220459,-1.3314260244369507,1.0,1.07
33700,0.0943906307220459,-1.3314260244369507,1.0,1.07
33800,0.0943906307220459,-1.3314260244369507,1.0,1.07
33900,0.0943906307220459,-1.3314260244369507,1.0,1.07
34000,0.0943906307220459,-1.3314260244369507,1.0,1.07
34100,0.0943906307220459,-1.3314260244369507,1.0,1.07
34200,0.0943906307220459,-1.3314260244369507,1.0,1.07
34300,0.0943906307220459,-1.3314260244369507,1.0,1.07
34400,0.0943906307220459,-1.3314260244369507,1.0,1.07
34500,0.0943906307220459,-1.3314260244369507,1.0,1.07
34600,0.0943906307220459,-1.3314260244369507,1.0,1.07
34700,0.0943906307220459,-1.3314260244369507,1.0,1.07
34800,0.0943906307220459,-1.3314260244369507,1.0,1.07
34900,0.0943906307220459,-1.3314260244369507,1.0,1.07
35000,0.0943906307220459,-1.3314260244369507,1.0,1.07
35100,0.0943906307220459,-1.3314260244369507,1.0,1.07
35200,0.0943906307220459,-1.3314260244369507,1.0,1.07
35300,0.0943906307220459,-1.3314260244369507,1.0,1.07
35400,0.0943906307220459,-1.3314260244369507,1.0,1.07
35500,0.0943906307220459,-1.3314260244369507,1.0,1.07
35600,0.0943906307220459,-1.3314260244369507,1.0,1.07
35700,0.0943906307220459,-1.3314260244369507,1.0,1.07
35800,0.0943906307220459,-1.3314260244369507,1.0,1.07
35900,0.0943906307220459,-1.3314260244369507,1.0,1.07
36000,0.0943906307220459,-1.3314260244369507,1.0,1.07
36100,0.0943906307220459,-1.3314260244369507,1.0,1.07
36200,0.0943906307220459,-1.3314260244369507,1.0,1.07
36300,0.0943906307220459,-1.3314260244369507,1.0,1.07
36400,0.0943906307220459,-1.3314260244369507,1.0,1.07
36500,0.0943906307220459,-1.3314260244369507,1.0,1.07
36600,0.0943906307220459,-1.3314260244369507,1.0,1.07
36700,0.0943906307220459,-1.3314260244369507,1.0,1.07
36800,0.0943906307220459,-1.3314260244369507,1.0,1.07
36900,0.0943906307220459,-1.3314260244369507,1.0,1.07
37000,0.0943906307220459,-1.3314260244369507,1.0,1.07
37100,0.0943906307220459,-1.3314260244369507,1.0,1.07
37200,0.0943906307220459,-1.3314260244369507,1.0,1.07
37300,0.0943906307220459,-1.3314260244369507,1.0,1.07
37400,0.0943906307220459,-1.3314260244369507,1.0,1.07
37500,0.0943906307220459,-1.3314260244369507,1.0,1.07
37600,0.09471499919891357,0.06195199489593506,1.0,1.07
37700,0.09471499919891357,0.06195199489593506,1.0,1.07
37800,0.09471499919891357,0.06195199489593506,1.0,1.07
37900,0.09471499919891357,0.06195199489593506,1.0,1.07
38000,0.09471499919891357,0.06195199489593506,1.0,1.07
38100,0.09471499919891357,0.06195199489593506,1.0,1.07
38200,0.09471499919891357,0.06195199489593506,1.0,1.07
38300,0.09471499919891357,0.06195199489593506,1.0,1.07
38400,0.09471499919891357,0.06195199489593506,1.0,1.07
38500,0.09471499919891357,0.06195199489593506,1.0,1.07
38600,0.09471499919891357,0.06195199489593506,1.0,1.07
38700,0.09471499919891357,0.06195199489593506,1.0,1.07
38800,0.09471499919891357,0.06195199489593506,1.0,1.07
38900,0.09471499919891357,0.06195199489593506,1.0,1.07
39000,0.09471499919891357,0.06195199489593506,1.0,1.07
39100,0.09471499919891357,0.06195199489593506,1.0,1.07
39200,0.09471499919891357,0.06195199489593506,1.0,1.07
39300,0.09471499919891357,0.06195199489593506,1.0,1.07
39400,0.09471499919891357,0.06195199489593506,1.0,1.07
39500,0.09471499919891357,0.06195199489593506,1.0,1.07
39600,0.09471499919891357,0.06195199489593506,1.0,1.07
39700,0.09471499919891357,0.06195199489593506,1.0,1.07
39800,0.09471499919891357,0.06195199489593506,1.0,1.07
39900,0.09471499919891357,0.06195199489593506,1.0,1.07
40000,0.09471499919891357,0.06195199489593506,1.0,1.07
40100,0.09471499919891357,0.06195199489593506,1.0,1.07
40200,0.09471499919891357,0.06195199489593506,1.0,1.07
40300,0.09471499919891357,0.06195199489593506,1.0,1.07
40400,0.09471499919891357,0.06195199489593506,1.0,1.07
40500,0.09471499919891357,0.06195199489593506,1.0,1.07
40600,0.09471499919891357,0.06195199489593506,1.0,1.07
40700,0.09471499919891357,0.06195199489593506,1.0,1.07
40800,0.09471499919891357,0.06195199489593506,1.0,1.07
40900,0.09471499919891357,0.06195199489593506,1.0,1.07
41000,0.09471499919891357,0.06195199489593506,1.0,1.07
41100,0.09471499919891357,0.06195199489593506,1.0,1.07
41200,0.09471499919891357,0.06195199489593506,1.0,1.07
41300,0.09471499919891357,0.06195199489593506,1.0,1.07
41400,0.09471499919891357,0.06195199489593506,1.0,1.07
41500,0.09471499919891357,0.06195199489593506,1.0,1.07
41600,0.09471499919891357,0.06195199489593506,1.0,1.07
41700,0.09471499919891357,0.06195199489593506,1.0,1.07
41800,0.09471499919891357,0.06195199489593506,1.0,1.07
41900,0.09471499919891357,0.06195199489593506,1.0,1.07
42000,0.09471499919891357,0.06195199489593506,1.0,1.07
42100,0.09471499919891357,0.06195199489593506,1.0,1.07
42200,0.09471499919891357,0.06195199489593506,1.0,1.07
42300,0.09471499919891357,0.06195199489593506,1.0,1.07
42400,0.09471499919891357,0.06195199489593506,1.0,1.07
42500,0.09471499919891357,0.06195199489593506,1.0,1.07
42600,0.09471499919891357,0.06195199489593506,1.0,1.07
42700,0.09471499919891357,0.06195199489593506,1.0,1.07
42800,0.09471499919891357,0.06195199489593506,1.0,1.07
42900,0.09471499919891357,0.06195199489593506,1.0,1.07
43000,0.09471499919891357,0.06195199489593506,1.0,1.07
43100,0.09471499919891357,0.06195199489593506,1.0,1.07
43200,0.09471499919891357,0.06195199489593506,1.0,1.07
43300,0.09471499919891357,0.06195199489593506,1.0,1.07
43400,0.09471499919891357,0.06195199489593506,1.0,1.07
43500,0.09471499919891357,0.06195199489593506,1.0,1.07
43600,0.09471499919891357,0.06195199489593506,1.0,1.07
43700,0.09471499919891357,0.06195199489593506,1.0,1.07
43800,0.09471499919891357,0.06195199489593506,1.0,1.07
43900,0.09471499919891357,0.06195199489593506,1.0,1.07
44000,0.09471499919891357,0.06195199489593506,1.0,1.07
44100,0.09471499919891357,0.06195199489593506,1.0,1.07
44200,0.09471499919891357,0.06195199489593506,1.0,1.07
44300,0.09471499919891357,0.06195199489593506,1.0,1.07
44400,0.09471499919891357,0.06195199489593506,1.0,1.07
44500,0.09471499919891357,0.06195199489593506,1.0,1.07
44600,0.09471499919891357,0.06195199489593506,1.0,1.07
44700,0.09471499919891357,0.06195199489593506,1.0,1.07
44800,0.09471499919891357,0.06195199489593506,1.0,1.07
44900,0.09471499919891357,0.06195199489593506,1.0,1.07
45000,0.09471499919891357,0.06195199489593506,1.0,1.07
45100,0.09471499919891357,0.06195199489593506,1.0,1.07
45200,0.09471499919891357,0.06195199489593506,1.0,1.07
45300,0.09471499919891357,0.06195199489593506,1.0,1.07
45400,0.09471499919891357,0.06195199489593506,1.0,1.07
45500,0.09471499919891357,0.06195199489593506,1.0,1.07
45600,0.09471499919891357,0.06195199489593506,1.0,1.07
45700,0.09471499919891357,0.06195199489593506,1.0,1.07
45800,0.09471499919891357,0.06195199489593506,1.0,1.07
45900,0.09471499919891357,0.06195199489593506,1.0,1.07
46000,0.09471499919891357,0.06195199489593506,1.0,1.07
46100,0.09471499919891357,0.06195199489593506,1.0,1.07
46200,0.09471499919891357,0.06195199489593506,1.0,1.07
46300,0.09471499919891357,0.06195199489593506,1.0,1.07
46400,0.09471499919891357,0.06195199489593506,1.0,1.07
46500,0.09471499919891357,0.06195199489593506,1.0,1.07
46600,0.09471499919891357,0.06195199489593506,1.0,1.07
46700,0.09471499919891357,0.06195199489593506,1.0,1.07
46800,0.09471499919891357,0.06195199489593506,1.0,1.07
46900,0.09471499919891357,0.06195199489593506,1.0,1.07
47000,0.09471499919891357,0.06195199489593506,1.0,1.07
47100,0.09471499919891357,0.06195199489593506,1.0,1.07
47200,0.09471499919891357,0.06195199489593506,1.0,1.07
47300,0.09471499919891357,0.06195199489593506,1.0,1.07
47400,0.09471499919891357,0.06195199489593506,1.0,1.07
47500,0.09471499919891357,0.06195199489593506,1.0,1.07
47600,0.09471499919891357,0.06195199489593506,1.0,1.07
47700,0.09471499919891357,0.06195199489593506,1.0,1.07
47800,0.09471499919891357,0.06195199489593506,1.0,1.07
47900,0.09471499919891357,0.06195199489593506,1.0,1.07
48000,0.09471499919891357,0.06195199489593506,1.0,1.07
48100,0.09471499919891357,0.06195199489593506,1.0,1.07
48200,0.09471499919891357,0.06195199489593506,1.0,1.07
48300,0.09471499919891357,0.06195199489593506,1.0,1.07
48400,0.09471499919891357,0.06195199489593506,1.0,1.07
48500,0.09471499919891357,0.06195199489593506,1.0,1.07
48600,0.09471499919891357,0.06195199489593506,1.0,1.07
48700,0.09471499919891357,0.06195199489593506,1.0,1.07
48800,0.09471499919891357,0.06195199489593506,1.0,1.07
48900,0.09471499919891357,0.06195199489593506,1.0,1.07
49000,0.09471499919891357,0.06195199489593506,1.0,1.07
49100,0.09471499919891357,0.06195199489593506,1.0,1.07
49200,0.09471499919891357,0.06195199489593506,1.0,1.07
49300,0.09471499919891357,0.06195199489593506,1.0,1.07
49400,0.09471499919891357,0.06195199489593506,1.0,1.07
49500,0.09471499919891357,0.06195199489593506,1.0,1.07
49600,0.09471499919891357,0.06195199489593506,1.0,1.07
49700,0.09471499919891357,0.06195199489593506,1.0,1.07
49800,0.09471499919891357,0.06195199489593506,1.0,1.07
49900,0.09471499919891357,0.06195199489593506,1.0,1.07
50000,0.09471499919891357,0.06195199489593506,1.0,1.07
50100,0.09471499919891357,0.06195199489593506,1.0,1.07
50200,0.09471499919891357,0.06195199489593506,1.0,1.07
50300,0.09471499919891357,0.06195199489593506,1.0,1.07
50400,0.09471499919891357,0.06195199489593506,1.0,1.07
50500,0.09471499919891357,0.06195199489593506,1.0,1.07
50600,0.09471499919891357,0.06195199489593506,1.0,1.07
50700,0.09471499919891357,0.06195199489593506,1.0,1.07
50800,0.09471499919891357,0.06195199489593506,1.0,1.07
50900,0.09471499919891357,0.06195199489593506,1.0,1.07
51000,0.09471499919891357,0.06195199489593506,1.0,1.07
51100,0.09471499919891357,0.06195199489593506,1.0,1.07
51200,0.09471499919891357,0.06195199489593506,1.0,1.07
51300,0.09471499919891357,0.06195199489593506,1.0,1.07
51400,0.09471499919891357,0.06195199489593506,1.0,1.07
51500,0.09471499919891357,0.06195199489593506,1.0,1.07
51600,0.09471499919891357,0.06195199489593506,1.0,1.07
51700,0.09471499919891357,0.06195199489593506,1.0,1.07
51800,0.09471499919891357,0.06195199489593506,1.0,1.07
51900,0.09471499919891357,0.06195199489593506,1.0,1.07
52000,0.09471499919891357,0.06195199489593506,1.0,1.07
52100,0.09471499919891357,0.06195199489593506,1.0,1.07
52200,0.09471499919891357,0.06195199489593506,1.0,1.07
52300,0.09471499919891357,0.06195199489593506,1.0,1.07
52400,0.09471499919891357,0.06195199489593506,1.0,1.07
52500,0.09471499919891357,0.06195199489593506,1.0,1.07
52600,0.09471499919891357,0.06195199489593506,1.0,1.07
52700,0.09471499919891357,0.06195199489593506,1.0,1.07
52800,0.09471499919891357,0.06195199489593506,1.0,1.07
52900,0.09471499919891357,0.06195199489593506,1.0,1.07
53000,0.09471499919891357,0.06195199489593506,1.0,1.07
53100,0.09471499919891357,0.06195199489593506,1.0,1.07
53200,0.09471499919891357,0.06195199489593506,1.0,1.07
53300,0.09471499919891357,0.06195199489593506,1.0,1.07
53400,0.09471499919891357,0.06195199489593506,1.0,1.07
53500,0.09471499919891357,0.06195199489593506,1.0,1.07
53600,0.09471499919891357,0.06195199489593506,1.0,1.07
53700,0.09471499919891357,0.06195199489593506,1.0,1.07
53800,0.09471499919891357,0.06195199489593506,1.0,1.07
53900,0.09471499919891357,0.06195199489593506,1.0,1.07
54000,0.09471499919891357,0.06195199489593506,1.0,1.07
54100,0.09471499919891357,0.06195199489593506,1.0,1.07
54200,0.09471499919891357,0.06195199489593506,1.0,1.07
54300,0.09471499919891357,0.06195199489593506,1.0,1.07
54400,0.09471499919891357,0.06195199489593506,1.0,1.07
54500,0.09471499919891357,0.06195199489593506,1.0,1.07
54600,0.09471499919891357,0.06195199489593506,1.0,1.07
54700,0.09471499919891357,0.06195199489593506,1.0,1.07
54800,0.09471499919891357,0.06195199489593506,1.0,1.07
54900,0.09471499919891357,0.06195199489593506,1.0,1.07
55000,0.09471499919891357,0.06195199489593506,1.0,1.07
55100,0.09471499919891357,0.06195199489593506,1.0,1.07
55200,0.09471499919891357,0.06195199489593506,1.0,1.07
55300,0.09471499919891357,0.06195199489593506,1.0,1.07
55400,0.09471499919891357,0.06195199489593506,1.0,1.07
55500,0.09471499919891357,0.06195199489593506,1.0,1.07
64702,0.09471499919891357,0.06195199489593506,0.9,1.08
64802,0.09471499919891357,0.06195199489593506,0.94,1.08
64902,0.09471499919891357,0.06195199489593506,0.96,1.08
65002,0.09471499919891357,0.06195199489593506,0.97,1.08
65102,0.09471499919891357,0.06195199489593506,0.98,1.08
65202,0.09471499919891357,0.06195199489593506,0.99,1.08
65302,0.09471499919891357,0.06195199489593506,0.99,1.08
65402,0.09471499919891357,0.06195199489593506,0.99,1.08
65502,0.09471499919891357,0.06195199489593506,1.0,1.08
65602,0.09471499919891357,0.06195199489593506,1.0,1.08
65702,0.09471499919891357,0.06195199489593506,1.0,1.08
65802,0.09471499919891357,0.06195199489593506,1.0,1.08
65902,0.09471499919891357,0.06195199489593506,1.0,1.08
66002,0.09471499919891357,0.06195199489593506,1.0,1.08
66102,0.09471499919891357,0.06195199489593506,1.0,1.08
66202,0.09471499919891357,0.06195199489593506,1.0,1.08
66302,0.09471499919891357,0.06195199489593506,1.0,1.08
66402,0.09471499919891357,0.06195199489593506,1.0,1.08
66502,0.09471499919891357,0.06195199489593506,1.0,1.08
66602,0.09471499919891357,0.06195199489593506,1.0,1.08
66702,0.09471499919891357,0.06195199489593506,1.0,1.08
66802,0.09471499919891357,0.06195199489593506,1.0,1.08
66902,0.09471499919891357,0.06195199489593506,1.0,1.08
67002,0.09471499919891357,0.06195199489593506,1.0,1.08
67102,0.09471499919891357,0.06195199489593506,1.0,1.08
67202,0.09471499919891357,0.06195199489593506,1.0,1.08
67302,0.09471499919891357,0.06195199489593506,1.0,1.08
67402,0.09471499919891357,0.06195199489593506,1.0,1.08
67502,0.09471499919891357,0.06195199489593506,1.0,1.08
67602,0.09471499919891357,0.06195199489593506,1.0,1.08
67702,0.09471499919891357,0.06195199489593506,1.0,1.08
67802,0.09471499919891357,0.06195199489593506,1.0,1.08
67902,0.09471499919891357,0.06195199489593506,1.0,1.08
68002,0.09471499919891357,0.06195199489593506,1.0,1.08
68102,0.09471499919891357,0.06195199489593506,1.0,1.08
68202,0.09471499919891357,0.06195199489593506,1.0,1.08
68302,0.09471499919891357,0.06195199489593506,1.0,1.08
68402,0.09471499919891357,0.06195199489593506,1.0,1.08
68502,0.09471499919891357,0.06195199489593506,1.0,1.08
68602,0.09471499919891357,0.06195199489593506,1.0,1.08
68702,0.09471499919891357,0.06195199489593506,1.0,1.08
68802,0.09471499919891357,0.06195199489593506,1.0,1.08
68902,0.09471499919891357,0.06195199489593506,1.0,1.08
69002,0.09471499919891357,0.06195199489593506,1.0,1.08
69102,0.09471499919891357,0.06195199489593506,1.0,1.08
69202,0.09471499919891357,0.06195199489593506,1.0,1.08
69302,0.09471499919891357,0.06195199489593506,1.0,1.08
69402,0.09471499919891357,0.06195199489593506,1.0,1.08
69502,0.09471499919891357,0.06195199489593506,1.0,1.08
69602,0.09471499919891357,0.06195199489593506,1.0,1.08
69702,0.09471499919891357,0.06195199489593506,1.0,1.08
69802,0.09471499919891357,0.06195199489593506,1.0,1.08
69902,0.09471499919891357,0.06195199489593506,1.0,1.08
70002,0.09471499919891357,0.06195199489593506,1.0,1.08
70102,0.09471499919891357,0.06195199489593506,1.0,1.08
70202,0.09471499919891357,0.06195199489593506,1.0,1.08
70302,0.09471499919891357,0.06195199489593506,1.0,1.08
70402,0.09471499919891357,0.06195199489593506,1.0,1.08
70502,0.09471499919891357,0.06195199489593506,1.0,1.08
70602,0.09471499919891357,0.06195199489593506,1.0,1.08
70702,0.09471499919891357,0.06195199489593506,1.0,1.08
70802,0.09471499919891357,0.06195199489593506,1.0,1.08
70902,0.09471499919891357,0.06195199489593506,1.0,1.08
71002,0.09471499919891357,0.06195199489593506,1.0,1.08
71102,0.09471499919891357,0.06195199489593506,1.0,1.08
71202,0.09471499919891357,0.06195199489593506,1.0,1.08
71302,0.09471499919891357,0.06195199489593506,1.0,1.08
71402,0.09471499919891357,0.06195199489593506,1.0,1.08
71502,0.09471499919891357,0.06195199489593506,1.0,1.08
71602,0.09471499919891357,0.06195199489593506,1.0,1.08
71702,0.09471499919891357,0.06195199489593506,1.0,1.08
71802,0.09471499919891357,0.06195199489593506,1.0,1.08
71902,0.09471499919891357,0.06195199489593506,1.0,1.08
72002,0.09471499919891357,0.06195199489593506,1.0,1.08
72102,0.09471499919891357,0.06195199489593506,1.0,1.08
72202,0.10718226432800293,0.0677756667137146,1.0,1.08
72302,0.10718226432800293,0.0677756667137146,1.0,1.08
72402,0.10718226432800293,0.0677756667137146,1.0,1.08
72502,0.10718226432800293,0.0677756667137146,1.0,1.08
72602,0.10718226432800293,0.0677756667137146,1.0,1.08
72702,0.10718226432800293,0.0677756667137146,1.0,1.08
72802,0.10718226432800293,0.0677756667137146,1.0,1.08
72902,0.10718226432800293,0.0677756667137146,1.0,1.08
73002,0.10718226432800293,0.0677756667137146,1.0,1.08
73102,0.10718226432800293,0.0677756667137146,1.0,1.08
73202,0.10718226432800293,0.0677756667137146,1.0,1.08
73302,0.10718226432800293,0.0677756667137146,1.0,1.08
73402,0.10718226432800293,0.0677756667137146,1.0,1.08
73502,0.10718226432800293,0.0677756667137146,1.0,1.08
73602,0.10718226432800293,0.0677756667137146,1.0,1.08
73702,0.10718226432800293,0.0677756667137146,1.0,1.08
73802,0.10718226432800293,0.0677756667137146,1.0,1.08
73902,0.10718226432800293,0.0677756667137146,1.0,1.08
74002,0.10718226432800293,0.0677756667137146,1.0,1.08
74102,0.10718226432800293,0.0677756667137146,1.0,1.08
74202,0.10718226432800293,0.0677756667137146,1.0,1.08
74302,0.10718226432800293,0.0677756667137146,1.0,1.08
74402,0.10718226432800293,0.0677756667137146,1.0,1.08
74502,0.10718226432800293,0.0677756667137146,1.0,1.08
74602,0.11411353945732117,0.06574764847755432,1.0,1.08
74702,0.11411353945732117,0.06574764847755432,1.0,1.08
74802,0.11411353945732117,0.06574764847755432,1.0,1.08
74902,0.11411353945732117,0.06574764847755432,1.0,1.08
75002,0.11411353945732117,0.06574764847755432,1.0,1.08
75102,0.11411353945732117,0.06574764847755432,1.0,1.08
75202,0.11411353945732117,0.06574764847755432,1.0,1.08
75302,0.11411353945732117,0.06574764847755432,1.0,1.08
75402,0.11411353945732117,0.06574764847755432,1.0,1.08
75502,0.11411353945732117,0.06574764847755432,1.0,1.08
75602,0.11411353945732117,0.06574764847755432,1.0,1.08
75702,0.11411353945732117,0.06574764847755432,1.0,1.08
75802,0.11411353945732117,0.06574764847755432,1.0,1.08
75902,0.11411353945732117,0.06574764847755432,1.0,1.08
76002,0.11411353945732117,0.06574764847755432,1.0,1.08
76102,0.11411353945732117,0.06574764847755432,1.0,1.08
76202,0.11411353945732117,0.06574764847755432,1.0,1.08
76302,0.11411353945732117,0.06574764847755432,1.0,1.08
76402,0.11411353945732117,0.06574764847755432,1.0,1.08
76502,0.11411353945732117,0.06574764847755432,1.0,1.08
76602,0.11411353945732117,0.06574764847755432,1.0,1.08
76702,0.11411353945732117,0.06574764847755432,1.0,1.08
76802,0.11411353945732117,0.06574764847755432,1.0,1.08
76902,0.11411353945732117,0.06574764847755432,1.0,1.08
77002,0.11411353945732117,0.06574764847755432,1.0,1.08
77102,0.11411353945732117,0.06574764847755432,1.0,1.08
77202,0.11411353945732117,0.06574764847755432,1.0,1.08
77302,0.23517486453056335,0.24995583295822144,1.0,1.08
77402,0.23517486453056335,0.24995583295822144,1.0,1.08
77502,0.23517486453056335,0.24995583295822144,1.0,1.08
77602,0.23517486453056335,0.24995583295822144,1.0,1.08
77702,0.23517486453056335,0.24995583295822144,1.0,1.08
77802,0.23517486453056335,0.24995583295822144,1.0,1.08
77902,0.23517486453056335,0.24995583295822144,1.0,1.08
78002,0.23517486453056335,0.24995583295822144,1.0,1.08
78102,0.23517486453056335,0.24995583295822144,1.0,1.08
78202,0.23517486453056335,0.24995583295822144,1.0,1.08
78302,0.23517486453056335,0.24995583295822144,1.0,1.08
78402,0.23517486453056335,0.24995583295822144,1.0,1.08
78502,0.23517486453056335,0.24995583295822144,1.0,1.08
78602,0.23517486453056335,0.24995583295822144,1.0,1.08
78702,0.23517486453056335,0.24995583295822144,1.0,1.08
78802,0.23517486453056335,0.24995583295822144,1.0,1.08
78902,0.23517486453056335,0.24995583295822144,1.0,1.08
79002,0.23517486453056335,0.24995583295822144,1.0,1.08
79102,0.23517486453056335,0.24995583295822144,1.0,1.08
79202,0.23517486453056335,0.24995583295822144,1.0,1.08
79302,0.23517486453056335,0.24995583295822144,1.0,1.08
79402,0.23517486453056335,0.24995583295822144,1.0,1.08
79502,0.23517486453056335,0.24995583295822144,1.0,1.08
79602,0.23517486453056335,0.24995583295822144,1.0,1.08
79702,0.23517486453056335,0.24995583295822144,1.0,1.08
79802,0.23517486453056335,0.24995583295822144,1.0,1.08
79902,0.23517486453056335,0.24995583295822144,1.0,1.08
80002,0.23517486453056335,0.24995583295822144,1.0,1.08
80102,0.23517486453056335,0.24995583295822144,1.0,1.08
80202,0.23517486453056335,0.24995583295822144,1.0,1.08
80302,0.23517486453056335,0.24995583295822144,1.0,1.08
80402,0.23517486453056335,0.24995583295822144,1.0,1.08
80502,0.23517486453056335,0.24995583295822144,1.0,1.08
80602,0.23517486453056335,0.24995583295822144,1.0,1.08
80702,0.23517486453056335,0.24995583295822144,1.0,1.08
80802,0.23517486453056335,0.24995583295822144,1.0,1.08
80902,0.23517486453056335,0.24995583295822144,1.0,1.08
81002,0.23517486453056335,0.24995583295822144,1.0,1.08
81102,0.23517486453056335,0.24995583295822144,1.0,1.08
81202,0.23517486453056335,0.24995583295822144,1.0,1.08
81302,0.23517486453056335,0.24995583295822144,1.0,1.08
81402,0.23517486453056335,0.24995583295822144,1.0,1.08
81502,0.23517486453056335,0.24995583295822144,1.0,1.08
81602,0.23517486453056335,0.24995583295822144,1.0,1.08
81702,0.23517486453056335,0.24995583295822144,1.0,1.08
81802,0.23517486453056335,0.24995583295822144,1.0,1.08
81902,0.23517486453056335,0.24995583295822144,1.0,1.08
82002,0.23517486453056335,0.24995583295822144,1.0,1.08
82102,0.23517486453056335,0.24995583295822144,1.0,1.08
82202,0.23517486453056335,0.24995583295822144,1.0,1.08
82302,0.23517486453056335,0.24995583295822144,1.0,1.08
82402,0.23517486453056335,0.24995583295822144,1.0,1.08
82502,0.23517486453056335,0.24995583295822144,1.0,1.08
82602,0.23517486453056335,0.24995583295822144,1.0,1.08
82702,0.23517486453056335,0.24995583295822144,1.0,1.08
82802,0.23517486453056335,0.24995583295822144,1.0,1.08
82902,0.23517486453056335,0.24995583295822144,1.0,1.08
83002,0.23517486453056335,0.24995583295822144,1.0,1.08
83102,0.23517486453056335,0.24995583295822144,1.0,1.08
83202,0.23517486453056335,0.24995583295822144,1.0,1.08
83302,0.23517486453056335,0.24995583295822144,1.0,1.08
83402,0.23517486453056335,0.24995583295822144,1.0,1.08
83502,0.23517486453056335,0.24995583295822144,1.0,1.08
83602,0.23517486453056335,0.24995583295822144,1.0,1.08
83702,0.23517486453056335,0.24995583295822144,1.0,1.08
83802,0.23517486453056335,0.24995583295822144,1.0,1.08
83902,0.23517486453056335,0.24995583295822144,1.0,1.08
84002,0.23517486453056335,0.24995583295822144,1.0,1.08
84102,0.23517486453056335,0.24995583295822144,1.0,1.08
84202,0.23517486453056335,0.24995583295822144,1.0,1.08
84302,0.23517486453056335,0.24995583295822144,1.0,1.08
84402,0.23517486453056335,0.24995583295822144,1.0,1.08
84502,0.23517486453056335,0.24995583295822144,1.0,1.08
84602,0.23517486453056335,0.24995583295822144,1.0,1.08
84702,0.23517486453056335,0.24995583295822144,1.0,1.08
84802,0.23517486453056335,0.24995583295822144,1.0,1.08
84902,0.23517486453056335,0.24995583295822144,1.0,1.08
85002,0.23517486453056335,0.24995583295822144,1.0,1.08
85102,0.23517486453056335,0.24995583295822144,1.0,1.08
85202,0.23517486453056335,0.24995583295822144,1.0,1.08
85302,0.23517486453056335,0.24995583295822144,1.0,1.08
85402,0.23517486453056335,0.24995583295822144,1.0,1.08
85502,0.23517486453056335,0.24995583295822144,1.0,1.08
85602,0.23517486453056335,0.24995583295822144,1.0,1.08
85702,0.23517486453056335,0.24995583295822144,1.0,1.08
85802,0.23517486453056335,0.24995583295822144,1.0,1.08
85902,0.23517486453056335,0.24995583295822144,1.0,1.08
86002,0.23517486453056335,0.24995583295822144,1.0,1.08
86102,0.23517486453056335,0.24995583295822144,1.0,1.08
86202,0.23517486453056335,0.24995583295822144,1.0,1.08
86302,0.23517486453056335,0.24995583295822144,1.0,1.08
86402,0.23517486453056335,0.24995583295822144,1.0,1.08
86502,0.23517486453056335,0.24995583295822144,1.0,1.08
86602,0.23517486453056335,0.24995583295822144,1.0,1.08
86702,0.23517486453056335,0.24995583295822144,1.0,1.08
86802,0.23517486453056335,0.24995583295822144,1.0,1.08
86902,0.23517486453056335,0.24995583295822144,1.0,1.08
87002,0.23517486453056335,0.24995583295822144,1.0,1.08
87102,0.23517486453056335,0.24995583295822144,1.0,1.08
87202,0.23517486453056335,0.24995583295822144,1.0,1.08
87302,0.23517486453056335,0.24995583295822144,1.0,1.08
87402,0.23517486453056335,0.24995583295822144,1.0,1.08
87502,0.23517486453056335,0.24995583295822144,1.0,1.08
87602,0.23517486453056335,0.24995583295822144,1.0,1.08
87702,0.23517486453056335,0.24995583295822144,1.0,1.08
87802,0.23517486453056335,0.24995583295822144,1.0,1.08
87902,0.23517486453056335,0.24995583295822144,1.0,1.08
88002,0.23517486453056335,0.24995583295822144,1.0,1.08
88102,0.23517486453056335,0.24995583295822144,1.0,1.08
88202,0.23517486453056335,0.24995583295822144,1.0,1.08
88302,0.23517486453056335,0.24995583295822144,1.0,1.08
88402,0.23517486453056335,0.24995583295822144,1.0,1.08
88502,0.23517486453056335,0.24995583295822144,1.0,1.08
88602,0.23517486453056335,0.24995583295822144,1.0,1.08
88702,0.23517486453056335,0.24995583295822144,1.0,1.08
88802,0.23517486453056335,0.24995583295822144,1.0,1.08
88902,0.23517486453056335,0.24995583295822144,1.0,1.08
89002,0.23517486453056335,0.24995583295822144,1.0,1.08
89102,0.23517486453056335,0.24995583295822144,1.0,1.08
89202,0.25920188426971436,0.3139978051185608,1.0,1.08
89302,0.25920188426971436,0.3139978051185608,1.0,1.08
89402,0.25920188426971436,0.3139978051185608,1.0,1.08
89502,0.25920188426971436,0.3139978051185608,1.0,1.08
89602,0.25920188426971436,0.3139978051185608,1.0,1.08
89702,0.25920188426971436,0.3139978051185608,1.0,1.08
89802,0.25920188426971436,0.3139978051185608,1.0,1.08
89902,0.25920188426971436,0.3139978051185608,1.0,1.08
90002,0.25920188426971436,0.3139978051185608,1.0,1.08
90102,0.25920188426971436,0.3139978051185608,1.0,1.08
90202,0.25920188426971436,0.3139978051185608,1.0,1.08
90302,0.25920188426971436,0.3139978051185608,1.0,1.08
90402,0.25920188426971436,0.3139978051185608,1.0,1.08
90502,0.25920188426971436,0.3139978051185608,1.0,1.08
90602,0.25920188426971436,0.3139978051185608,1.0,1.08
90702,0.25920188426971436,0.3139978051185608,1.0,1.08
90802,0.25920188426971436,0.3139978051185608,1.0,1.08
90902,0.25920188426971436,0.3139978051185608,1.0,1.08
91002,0.25920188426971436,0.3139978051185608,1.0,1.08
91102,0.25920188426971436,0.3139978051185608,1.0,1.08
91202,0.25920188426971436,0.3139978051185608,1.0,1.08
91302,0.25920188426971436,0.3139978051185608,1.0,1.08
91402,0.25920188426971436,0.3139978051185608,1.0,1.08
91502,0.25920188426971436,0.3139978051185608,1.0,1.08
91602,0.25920188426971436,0.3139978051185608,1.0,1.08
91702,0.25920188426971436,0.3139978051185608,1.0,1.08
91802,0.25920188426971436,0.3139978051185608,1.0,1.08
91902,0.25920188426971436,0.3139978051185608,1.0,1.08
92002,0.25920188426971436,0.3139978051185608,1.0,1.08
92102,0.25920188426971436,0.3139978051185608,1.0,1.08
92202,0.25920188426971436,0.3139978051185608,1.0,1.08
92302,0.25920188426971436,0.3139978051185608,1.0,1.08
92402,0.25920188426971436,0.3139978051185608,1.0,1.08
92502,0.25920188426971436,0.06195199489593506,0.88,1.10
92602,0.25920188426971436,0.06195199489593506,0.88,1.10
92702,0.25920188426971436,0.06195199489593506,0.92,1.10
92802,0.25920188426971436,0.06195199489593506,0.97,1.10
92902,0.25920188426971436,0.06195199489593506,0.99,1.10
93002,0.25920188426971436,0.06195199489593506,0.99,1.10
93102,0.25920188426971436,0.06195199489593506,0.99,1.10
93202,0.25920188426971436,0.06195199489593506,1.0,1.10
93302,0.25920188426971436,0.06195199489593506,1.0,1.10
93402,0.25920188426971436,0.06195199489593506,1.0,1.10
93502,0.25920188426971436,0.06195199489593506,1.0,1.10
93602,0.25920188426971436,0.06195199489593506,1.0,1.10
93702,0.25920188426971436,0.06195199489593506,0.99,1.10
93802,0.25920188426971436,0.06195199489593506,0.99,1.10
93902,0.25920188426971436,0.06195199489593506,0.99,1.10
94002,0.25920188426971436,0.06195199489593506,0.99,1.10
94102,0.25920188426971436,0.06195199489593506,1.0,1.10
94202,0.25920188426971436,0.06195199489593506,1.0,1.10
94302,0.25920188426971436,0.06195199489593506,1.0,1.10
94402,0.25920188426971436,0.06195199489593506,1.0,1.10
94502,0.25920188426971436,0.06195199489593506,1.0,1.10
94602,0.25920188426971436,0.06195199489593506,1.0,1.10
94702,0.25920188426971436,0.06195199489593506,1.0,1.10
94802,0.25920188426971436,0.06195199489593506,1.0,1.10
94902,0.25920188426971436,0.06195199489593506,1.0,1.10
95002,0.25920188426971436,0.06195199489593506,1.0,1.10
95102,0.25920188426971436,0.06195199489593506,1.0,1.10
95202,0.25920188426971436,0.06195199489593506,1.0,1.10
95302,0.25920188426971436,0.06195199489593506,1.0,1.10
95402,0.25920188426971436,0.06195199489593506,1.0,1.10
95502,0.25920188426971436,0.06195199489593506,1.0,1.10
95602,0.25920188426971436,0.06195199489593506,1.0,1.10
95702,0.25920188426971436,0.06195199489593506,1.0,1.10
95802,0.25920188426971436,0.06195199489593506,1.0,1.10
95902,0.25920188426971436,0.06195199489593506,1.0,1.10
96002,0.25920188426971436,0.06195199489593506,1.0,1.10
96102,0.25920188426971436,0.06195199489593506,1.0,1.10
96202,0.25920188426971436,0.06195199489593506,1.0,1.10
96302,0.25920188426971436,0.06195199489593506,1.0,1.10
96402,0.25920188426971436,0.06195199489593506,1.0,1.10
96502,0.25920188426971436,0.06195199489593506,1.0,1.10
96602,0.25920188426971436,0.06195199489593506,1.0,1.10
96702,0.25920188426971436,0.06195199489593506,1.0,1.10
96802,0.25920188426971436,0.06195199489593506,1.0,1.10
96902,0.25920188426971436,0.06195199489593506,1.0,1.10
97002,0.25920188426971436,0.06195199489593506,1.0,1.10
97102,0.25920188426971436,0.06195199489593506,1.0,1.10
97202,0.25920188426971436,0.06195199489593506,1.0,1.10
97302,0.25920188426971436,0.06195199489593506,1.0,1.10
97402,0.25920188426971436,0.06195199489593506,1.0,1.10
97502,0.25920188426971436,0.06195199489593506,1.0,1.10
97602,0.25920188426971436,0.06195199489593506,1.0,1.10
97702,0.25920188426971436,0.06195199489593506,1.0,1.10
97802,0.25920188426971436,0.06195199489593506,1.0,1.10
97902,0.25920188426971436,0.06195199489593506,1.0,1.10
98002,0.25920188426971436,0.06195199489593506,1.0,1.10
98102,0.25920188426971436,0.06195199489593506,1.0,1.10
98202,0.25920188426971436,0.06195199489593506,1.0,1.10
98302,0.25920188426971436,0.06195199489593506,1.0,1.10
98402,0.25920188426971436,0.06195199489593506,1.0,1.10
98502,0.25920188426971436,0.06195199489593506,1.0,1.10
98602,0.25920188426971436,0.06195199489593506,1.0,1.10
98702,0.25920188426971436,0.06195199489593506,1.0,1.10
98802,0.25920188426971436,0.06195199489593506,1.0,1.10
98902,0.25920188426971436,0.06195199489593506,1.0,1.10
99002,0.25920188426971436,0.06195199489593506,1.0,1.10
99102,0.25920188426971436,0.06195199489593506,1.0,1.10
99202,0.25920188426971436,0.06195199489593506,1.0,1.10
99302,0.25920188426971436,0.06195199489593506,1.0,1.10
99402,0.25920188426971436,0.06195199489593506,1.0,1.10
99502,0.25920188426971436,0.06195199489593506,1.0,1.10
99602,0.25920188426971436,0.06195199489593506,1.0,1.10
99702,0.25920188426971436,0.06195199489593506,1.0,1.10
99802,0.25920188426971436,0.06195199489593506,1.0,1.10
99902,0.25920188426971436,0.06195199489593506,1.0,1.10
100002,0.25920188426971436,0.06195199489593506,1.0,1.10
100102,0.25920188426971436,0.06195199489593506,1.0,1.10
100202,0.25920188426971436,0.06195199489593506,1.0,1.10
100302,0.25920188426971436,0.06195199489593506,1.0,1.10
100402,0.25920188426971436,0.06195199489593506,1.0,1.10
100502,0.25920188426971436,0.06195199489593506,1.0,1.10
100602,0.25920188426971436,0.06195199489593506,1.0,1.10
100702,0.25920188426971436,0.06195199489593506,1.0,1.10
100802,0.25920188426971436,0.06195199489593506,1.0,1.10
100902,0.25920188426971436,0.06195199489593506,1.0,1.10
101002,0.25920188426971436,0.06195199489593506,1.0,1.10
101102,0.25920188426971436,0.06195199489593506,1.0,1.10
101202,0.25920188426971436,0.06195199489593506,1.0,1.10
101302,0.25920188426971436,0.06195199489593506,1.0,1.10
101402,0.25920188426971436,0.06195199489593506,1.0,1.10
101502,0.25920188426971436,0.06195199489593506,1.0,1.10
101602,0.25920188426971436,0.06195199489593506,1.0,1.10
101702,0.25920188426971436,0.06195199489593506,1.0,1.10
101802,0.25920188426971436,0.06195199489593506,1.0,1.10
101902,0.25920188426971436,0.06195199489593506,1.0,1.10
102002,0.25920188426971436,0.06195199489593506,1.0,1.10
102102,0.25920188426971436,0.06195199489593506,1.0,1.10
102202,0.25920188426971436,0.06195199489593506,1.0,1.10
102302,0.25920188426971436,0.06195199489593506,1.0,1.10
102402,0.25920188426971436,0.06195199489593506,1.0,1.10
102502,0.25920188426971436,0.06195199489593506,1.0,1.10
102602,0.25920188426971436,0.06195199489593506,1.0,1.10
102702,0.25920188426971436,0.06195199489593506,1.0,1.10
102802,0.2852267026901245,0.2935025990009308,1.0,1.10
102902,0.2852267026901245,0.2935025990009308,1.0,1.10
103002,0.2852267026901245,0.2935025990009308,1.0,1.10
103102,0.2852267026901245,0.2935025990009308,1.0,1.10
103202,0.2852267026901245,0.2935025990009308,1.0,1.10
103302,0.2852267026901245,0.2935025990009308,1.0,1.10
103402,0.2852267026901245,0.2935025990009308,1.0,1.10
103502,0.2852267026901245,0.2935025990009308,1.0,1.10
103602,0.2852267026901245,0.2935025990009308,1.0,1.10
103702,0.2852267026901245,0.2935025990009308,1.0,1.10
103802,0.2852267026901245,0.2935025990009308,1.0,1.10
103902,0.2852267026901245,0.2935025990009308,1.0,1.10
104002,0.2852267026901245,0.2935025990009308,1.0,1.10
104102,0.2852267026901245,0.2935025990009308,1.0,1.10
104202,0.2852267026901245,0.2935025990009308,1.0,1.10
104302,0.2852267026901245,0.2935025990009308,1.0,1.10
104402,0.2852267026901245,0.2935025990009308,1.0,1.10
104502,0.2852267026901245,0.2935025990009308,1.0,1.10
104602,0.2852267026901245,0.2935025990009308,1.0,1.10
104702,0.2852267026901245,0.2935025990009308,1.0,1.10
104802,0.2852267026901245,0.2935025990009308,1.0,1.10
104902,0.2852267026901245,0.2935025990009308,1.0,1.10
105002,0.2852267026901245,0.2935025990009308,1.0,1.10
105102,0.2852267026901245,0.2935025990009308,1.0,1.10
105202,0.2852267026901245,0.2935025990009308,1.0,1.10
105302,0.2852267026901245,0.2935025990009308,1.0,1.10
105402,0.2852267026901245,0.2935025990009308,1.0,1.10
105502,0.2852267026901245,0.2935025990009308,1.0,1.10
105602,0.2852267026901245,0.2935025990009308,1.0,1.10
105702,0.2852267026901245,0.2935025990009308,1.0,1.10
105802,0.2852267026901245,0.2935025990009308,1.0,1.10
105902,0.2852267026901245,0.2935025990009308,1.0,1.10
106002,0.2852267026901245,0.2935025990009308,1.0,1.10
106102,0.2852267026901245,0.2935025990009308,1.0,1.10
106202,0.2852267026901245,0.2935025990009308,1.0,1.10
106302,0.2852267026901245,0.2935025990009308,1.0,1.10
106402,0.2852267026901245,0.2935025990009308,1.0,1.10
106502,0.2852267026901245,0.2935025990009308,1.0,1.10
106602,0.2852267026901245,0.2935025990009308,1.0,1.10
106702,0.2852267026901245,0.2935025990009308,1.0,1.10
106802,0.2852267026901245,0.2935025990009308,1.0,1.10
106902,0.2852267026901245,0.2935025990009308,1.0,1.10
107002,0.2852267026901245,0.2935025990009308,1.0,1.10
107102,0.2852267026901245,0.2935025990009308,1.0,1.10
107202,0.2852267026901245,0.2935025990009308,1.0,1.10
107302,0.2852267026901245,0.2935025990009308,1.0,1.10
107402,0.2852267026901245,0.2935025990009308,1.0,1.10
107502,0.2852267026901245,0.2935025990009308,1.0,1.10
107602,0.2852267026901245,0.2935025990009308,1.0,1.10
107702,0.2852267026901245,0.2935025990009308,1.0,1.10
107802,0.2852267026901245,0.2935025990009308,1.0,1.10
107902,0.2852267026901245,0.2935025990009308,1.0,1.10
108002,0.2852267026901245,0.2935025990009308,1.0,1.10
108102,0.2852267026901245,0.2935025990009308,1.0,1.10
108202,0.2852267026901245,0.2935025990009308,1.0,1.10
108302,0.2852267026901245,0.2935025990009308,1.0,1.10
108402,0.2852267026901245,0.2935025990009308,1.0,1.10
108502,0.2852267026901245,0.2935025990009308,1.0,1.10
108602,0.2852267026901245,0.2935025990009308,1.0,1.10
108702,0.2852267026901245,0.2935025990009308,1.0,1.10
108802,0.2852267026901245,0.2935025990009308,1.0,1.10
108902,0.2852267026901245,0.2935025990009308,1.0,1.10
109002,0.2852267026901245,0.2935025990009308,1.0,1.10
109102,0.2852267026901245,0.2935025990009308,1.0,1.10
109202,0.2852267026901245,0.2935025990009308,1.0,1.10
109302,0.2852267026901245,0.2935025990009308,1.0,1.10
109402,0.2852267026901245,0.2935025990009308,1.0,1.10
109502,0.2852267026901245,0.2935025990009308,1.0,1.10
109602,0.2852267026901245,0.2935025990009308,1.0,1.10
109702,0.2852267026901245,0.2935025990009308,1.0,1.10
109802,0.2852267026901245,0.2935025990009308,1.0,1.10
109902,0.2852267026901245,0.2935025990009308,1.0,1.10
110002,0.2852267026901245,0.2935025990009308,1.0,1.10
110102,0.2852267026901245,0.2935025990009308,1.0,1.10
110202,0.2852267026901245,0.2935025990009308,1.0,1.10
110302,0.2852267026901245,0.2935025990009308,1.0,1.10
110402,0.2852267026901245,0.2935025990009308,1.0,1.10
110502,0.2852267026901245,0.2935025990009308,1.0,1.10
110602,0.2852267026901245,0.2935025990009308,1.0,1.10
110702,0.2852267026901245,0.2935025990009308,1.0,1.10
110802,0.2852267026901245,0.2935025990009308,1.0,1.10
110902,0.2852267026901245,0.2935025990009308,1.0,1.10
111002,0.2852267026901245,0.2935025990009308,1.0,1.10
111102,0.2852267026901245,0.2935025990009308,1.0,1.10
111202,0.2852267026901245,0.2935025990009308,1.0,1.10
111302,0.2852267026901245,0.2935025990009308,1.0,1.10
111402,0.2852267026901245,0.2935025990009308,1.0,1.10
111502,0.2852267026901245,0.2935025990009308,1.0,1.10
111602,0.2852267026901245,0.2935025990009308,1.0,1.10
111702,0.2852267026901245,0.2935025990009308,1.0,1.10
111802,0.2852267026901245,0.2935025990009308,1.0,1.10
111902,0.2852267026901245,0.2935025990009308,1.0,1.10
112002,0.2852267026901245,0.2935025990009308,1.0,1.10
112102,0.2852267026901245,0.2935025990009308,1.0,1.10
112202,0.2852267026901245,0.2935025990009308,1.0,1.10
112302,0.2852267026901245,0.2935025990009308,1.0,1.10
112402,0.2852267026901245,0.2935025990009308,1.0,1.10
112502,0.2852267026901245,0.2935025990009308,1.0,1.10
112602,0.2852267026901245,0.2935025990009308,1.0,1.10
112702,0.2852267026901245,0.2935025990009308,1.0,1.10
112802,0.2852267026901245,0.2935025990009308,1.0,1.10
112902,0.2852267026901245,0.2935025990009308,1.0,1.10
113002,0.2852267026901245,0.2935025990009308,1.0,1.10
113102,0.2852267026901245,0.2935025990009308,1.0,1.10
113202,0.2852267026901245,0.2935025990009308,1.0,1.10
113302,0.2852267026901245,0.2935025990009308,1.0,1.10
113402,0.2852267026901245,0.2935025990009308,1.0,1.10
113502,0.2852267026901245,0.2935025990009308,1.0,1.10
113602,0.2852267026901245,0.2935025990009308,1.0,1.10
113702,0.2852267026901245,0.2935025990009308,1.0,1.10
113802,0.2852267026901245,0.2935025990009308,1.0,1.10
113902,0.2852267026901245,0.2935025990009308,1.0,1.10
114002,0.2852267026901245,0.2935025990009308,1.0,1.10
114102,0.2852267026901245,0.2935025990009308,1.0,1.10
114202,0.2852267026901245,0.2935025990009308,1.0,1.10
114302,0.2852267026901245,0.2935025990009308,1.0,1.10
114402,0.2852267026901245,0.2935025990009308,1.0,1.10
114502,0.2852267026901245,0.2935025990009308,1.0,1.10
114602,0.2852267026901245,0.2935025990009308,1.0,1.10
114702,0.2852267026901245,0.2935025990009308,1.0,1.10
114802,0.2852267026901245,0.2935025990009308,1.0,1.10
114902,0.2852267026901245,0.2935025990009308,1.0,1.10
115002,0.2852267026901245,0.2935025990009308,1.0,1.10
115102,0.2852267026901245,0.2935025990009308,1.0,1.10
115202,0.2852267026901245,0.2935025990009308,1.0,1.10
115302,0.2852267026901245,0.2935025990009308,1.0,1.10
115402,0.2852267026901245,0.2935025990009308,1.0,1.10
115502,0.2852267026901245,0.2935025990009308,1.0,1.10
115602,0.2852267026901245,0.2935025990009308,1.0,1.10
115702,0.2852267026901245,0.2935025990009308,1.0,1.10
115802,0.2852267026901245,0.2935025990009308,1.0,1.10
115902,0.2852267026901245,0.2935025990009308,1.0,1.10
116002,0.2852267026901245,0.2935025990009308,1.0,1.10
116102,0.2852267026901245,0.2935025990009308,1.0,1.10
116202,0.2852267026901245,0.2935025990009308,1.0,1.10
116302,0.2852267026901245,0.2935025990009308,1.0,1.10
116402,0.2852267026901245,0.2935025990009308,1.0,1.10
116502,0.2852267026901245,0.2935025990009308,1.0,1.10
116602,0.2852267026901245,0.2935025990009308,1.0,1.10
116702,0.2852267026901245,0.2935025990009308,1.0,1.10
116802,0.2852267026901245,0.2935025990009308,1.0,1.10
116902,0.2852267026901245,0.2935025990009308,1.0,1.10
117002,0.2852267026901245,0.2935025990009308,1.0,1.10
117102,0.2852267026901245,0.2935025990009308,1.0,1.10
117202,0.2852267026901245,0.2935025990009308,1.0,1.10
117302,0.2852267026901245,0.2935025990009308,1.0,1.10
117402,0.2852267026901245,0.2935025990009308,1.0,1.10
117502,0.2852267026901245,0.2935025990009308,1.0,1.10
117602,0.2852267026901245,0.2935025990009308,1.0,1.10
117702,0.2852267026901245,0.2935025990009308,1.0,1.10
117802,0.2852267026901245,0.2935025990009308,1.0,1.10
117902,0.2852267026901245,0.2935025990009308,1.0,1.10
118002,0.2852267026901245,0.2935025990009308,1.0,1.10
118102,0.2852267026901245,0.2935025990009308,1.0,1.10
118202,0.2852267026901245,0.2935025990009308,1.0,1.10
118302,0.2852267026901245,0.2935025990009308,1.0,1.10
118402,0.2852267026901245,0.2935025990009308,1.0,1.10
118502,0.2852267026901245,0.2935025990009308,1.0,1.10
118602,0.2852267026901245,0.2935025990009308,1.0,1.10
118702,0.2852267026901245,0.2935025990009308,1.0,1.10
118802,0.2852267026901245,0.2935025990009308,1.0,1.10
118902,0.2852267026901245,0.2935025990009308,1.0,1.10
119002,0.2852267026901245,0.2935025990009308,1.0,1.10
119102,0.2852267026901245,0.2935025990009308,1.0,1.10
119202,0.2852267026901245,0.2935025990009308,1.0,1.10
119302,0.2852267026901245,0.2935025990009308,1.0,1.10
119402,0.2852267026901245,0.2935025990009308,1.0,1.10
119502,0.2852267026901245,0.2935025990009308,1.0,1.10
119602,0.2852267026901245,0.2935025990009308,1.0,1.10
119702,0.2852267026901245,0.2935025990009308,1.0,1.10
119802,0.2852267026901245,0.2935025990009308,1.0,1.10
119902,0.2852267026901245,0.2935025990009308,1.0,1.10
120002,0.2852267026901245,0.2935025990009308,1.0,1.10
120102,0.2852267026901245,0.2935025990009308,1.0,1.10
120202,0.2852267026901245,0.2935025990009308,1.0,1.10
128591,0.2852267026901245,0.2935025990009308,0.82,1.08
128691,0.2852267026901245,0.2935025990009308,0.86,1.08
128791,0.2852267026901245,0.2935025990009308,0.93,1.08
128891,0.2852267026901245,0.2935025990009308,0.95,1.08
128991,0.2852267026901245,0.2935025990009308,0.97,1.08
129091,0.2852267026901245,0.2935025990009308,0.98,1.08
129191,0.2852267026901245,0.2935025990009308,0.99,1.08
129291,0.2852267026901245,0.2935025990009308,0.99,1.08
129391,0.2852267026901245,0.2935025990009308,0.98,1.08
129491,0.2852267026901245,0.2935025990009308,0.99,1.08
129591,0.2852267026901245,0.2935025990009308,0.99,1.08
129691,0.2852267026901245,0.2935025990009308,0.99,1.08
129791,0.2852267026901245,0.2935025990009308,1.0,1.08
129891,0.2852267026901245,0.2935025990009308,1.0,1.08
129991,0.2852267026901245,0.2935025990009308,1.0,1.08
130091,0.2852267026901245,0.2935025990009308,1.0,1.08
130191,0.2852267026901245,0.2935025990009308,1.0,1.08
130291,0.2852267026901245,0.2935025990009308,1.0,1.08
130391,0.2852267026901245,0.2935025990009308,1.0,1.08
130491,0.2852267026901245,0.2935025990009308,1.0,1.08
130591,0.2852267026901245,0.2935025990009308,1.0,1.08
130691,0.2852267026901245,0.2935025990009308,1.0,1.08
130791,0.2852267026901245,0.2935025990009308,1.0,1.08
130891,0.2852267026901245,0.2935025990009308,1.0,1.08
130991,0.2852267026901245,0.2935025990009308,1.0,1.08
131091,0.2852267026901245,0.2935025990009308,1.0,1.08
131191,0.2852267026901245,0.2935025990009308,1.0,1.08
131291,0.2852267026901245,0.2935025990009308,1.0,1.08
131391,0.2852267026901245,0.2935025990009308,1.0,1.08
131491,0.2852267026901245,0.2935025990009308,1.0,1.08
131591,0.2852267026901245,0.2935025990009308,1.0,1.08
131691,0.2852267026901245,0.2935025990009308,1.0,1.08
131791,0.2852267026901245,0.2935025990009308,1.0,1.08
131891,0.2852267026901245,0.2935025990009308,1.0,1.08
131991,0.2852267026901245,0.2935025990009308,1.0,1.08
132091,0.2852267026901245,0.2935025990009308,1.0,1.08
132191,0.2852267026901245,0.2935025990009308,1.0,1.08
132291,0.29971715807914734,0.34720996022224426,1.0,1.08
132391,0.29971715807914734,0.34720996022224426,1.0,1.08
132491,0.29971715807914734,0.34720996022224426,1.0,1.08
132591,0.29971715807914734,0.34720996022224426,1.0,1.08
132691,0.29971715807914734,0.34720996022224426,1.0,1.08
132791,0.29971715807914734,0.34720996022224426,1.0,1.08
132891,0.29971715807914734,0.34720996022224426,1.0,1.08
132991,0.29971715807914734,0.34720996022224426,1.0,1.08
133091,0.29971715807914734,0.34720996022224426,1.0,1.08
133191,0.29971715807914734,0.34720996022224426,1.0,1.08
133291,0.29971715807914734,0.34720996022224426,1.0,1.08
133391,0.29971715807914734,0.34720996022224426,1.0,1.08
133491,0.29971715807914734,0.34720996022224426,1.0,1.08
133591,0.29971715807914734,0.34720996022224426,1.0,1.08
133691,0.30273520946502686,0.31638675928115845,1.0,1.08
133791,0.30273520946502686,0.31638675928115845,1.0,1.08
133891,0.30273520946502686,0.31638675928115845,1.0,1.08
133991,0.30273520946502686,0.31638675928115845,1.0,1.08
134091,0.30273520946502686,0.31638675928115845,1.0,1.08
134191,0.30273520946502686,0.31638675928115845,1.0,1.08
134291,0.30273520946502686,0.31638675928115845,1.0,1.08
134391,0.30273520946502686,0.31638675928115845,1.0,1.08
134491,0.30273520946502686,0.31638675928115845,1.0,1.08
134591,0.30273520946502686,0.31638675928115845,1.0,1.08
134691,0.30273520946502686,0.31638675928115845,1.0,1.08
134791,0.30273520946502686,0.31638675928115845,1.0,1.08
134891,0.30273520946502686,0.31638675928115845,1.0,1.08
134991,0.30273520946502686,0.31638675928115845,1.0,1.08
135091,0.30273520946502686,0.31638675928115845,1.0,1.08
135191,0.30273520946502686,0.31638675928115845,1.0,1.08
135291,0.30273520946502686,0.31638675928115845,1.0,1.08
135391,0.30273520946502686,0.31638675928115845,1.0,1.08
135491,0.30273520946502686,0.31638675928115845,1.0,1.08
135591,0.30273520946502686,0.31638675928115845,1.0,1.08
135691,0.31486472487449646,0.34404557943344116,1.0,1.08
135791,0.31486472487449646,0.34404557943344116,1.0,1.08
135891,0.31486472487449646,0.34404557943344116,1.0,1.08
135991,0.31486472487449646,0.34404557943344116,1.0,1.08
136091,0.31486472487449646,0.34404557943344116,1.0,1.08
136191,0.31486472487449646,0.34404557943344116,1.0,1.08
136291,0.31486472487449646,0.34404557943344116,1.0,1.08
136391,0.31486472487449646,0.34404557943344116,1.0,1.08
136491,0.31486472487449646,0.34404557943344116,1.0,1.08
136591,0.31486472487449646,0.34404557943344116,1.0,1.08
136691,0.31486472487449646,0.34404557943344116,1.0,1.08
136791,0.31486472487449646,0.34404557943344116,1.0,1.08
136891,0.31486472487449646,0.34404557943344116,1.0,1.08
136991,0.31486472487449646,0.34404557943344116,1.0,1.08
137091,0.31486472487449646,0.34404557943344116,1.0,1.08
137191,0.31486472487449646,0.34404557943344116,1.0,1.08
137291,0.31486472487449646,0.34404557943344116,1.0,1.08
137391,0.31486472487449646,0.34404557943344116,1.0,1.08
137491,0.31486472487449646,0.34404557943344116,1.0,1.08
137591,0.31486472487449646,0.34404557943344116,1.0,1.08
137691,0.31486472487449646,0.34404557943344116,0.99,1.08
137791,0.31486472487449646,0.34404557943344116,1.0,1.08
137891,0.31486472487449646,0.34404557943344116,1.0,1.08
137991,0.31486472487449646,0.34404557943344116,1.0,1.08
138091,0.31486472487449646,0.34404557943344116,1.0,1.08
138191,0.31486472487449646,0.34404557943344116,1.0,1.08
138291,0.31486472487449646,0.34404557943344116,1.0,1.08
138391,0.31486472487449646,0.34404557943344116,1.0,1.08
138491,0.31486472487449646,0.34404557943344116,1.0,1.08
138591,0.31486472487449646,0.34404557943344116,1.0,1.08
138691,0.31486472487449646,0.34404557943344116,1.0,1.08
138791,0.31486472487449646,0.34404557943344116,1.0,1.08
138891,0.31486472487449646,0.34404557943344116,1.0,1.08
138991,0.31486472487449646,0.34404557943344116,1.0,1.08
139091,0.31486472487449646,0.34404557943344116,1.0,1.08
139191,0.31486472487449646,0.34404557943344116,1.0,1.08
139291,0.31486472487449646,0.34404557943344116,1.0,1.08
139391,0.31486472487449646,0.34404557943344116,1.0,1.08
139491,0.31486472487449646,0.34404557943344116,1.0,1.08
139591,0.31486472487449646,0.34404557943344116,1.0,1.08
139691,0.31486472487449646,0.34404557943344116,1.0,1.08
139791,0.31486472487449646,0.34404557943344116,1.0,1.08
139891,0.31486472487449646,0.34404557943344116,1.0,1.08
139991,0.31486472487449646,0.34404557943344116,1.0,1.08
140091,0.31486472487449646,0.34404557943344116,1.0,1.08
140191,0.31486472487449646,0.34404557943344116,1.0,1.08
140291,0.31486472487449646,0.34404557943344116,1.0,1.08
140391,0.31486472487449646,0.34404557943344116,1.0,1.08
140491,0.31486472487449646,0.34404557943344116,1.0,1.08
140591,0.31486472487449646,0.34404557943344116,1.0,1.08
140691,0.31486472487449646,0.34404557943344116,1.0,1.08
140791,0.31486472487449646,0.34404557943344116,1.0,1.08
140891,0.31486472487449646,0.34404557943344116,1.0,1.08
140991,0.31486472487449646,0.34404557943344116,1.0,1.08
141091,0.31486472487449646,0.34404557943344116,1.0,1.08
141191,0.31486472487449646,0.34404557943344116,1.0,1.08
141291,0.31486472487449646,0.34404557943344116,1.0,1.08
141391,0.31486472487449646,0.34404557943344116,1.0,1.08
141491,0.31486472487449646,0.34404557943344116,1.0,1.08
141591,0.31486472487449646,0.34404557943344116,1.0,1.08
141691,0.31486472487449646,0.34404557943344116,1.0,1.08
141791,0.31486472487449646,0.34404557943344116,1.0,1.08
141891,0.31486472487449646,0.34404557943344116,1.0,1.08
141991,0.31486472487449646,0.34404557943344116,1.0,1.08
142091,0.31486472487449646,0.34404557943344116,0.99,1.08
142191,0.31486472487449646,0.34404557943344116,0.98,1.08
142291,0.31486472487449646,0.34404557943344116,0.98,1.08
142391,0.31486472487449646,0.34404557943344116,1.0,1.08
142491,0.31486472487449646,0.34404557943344116,1.0,1.08
142591,0.31486472487449646,0.34404557943344116,1.0,1.08
142691,0.31486472487449646,0.34404557943344116,1.0,1.08
142791,0.31486472487449646,0.34404557943344116,1.0,1.08
142891,0.31486472487449646,0.34404557943344116,1.0,1.08
142991,0.31486472487449646,0.34404557943344116,1.0,1.08
143091,0.31486472487449646,0.34404557943344116,1.0,1.08
143191,0.31486472487449646,0.34404557943344116,1.0,1.08
143291,0.31486472487449646,0.34404557943344116,1.0,1.08
143391,0.31486472487449646,0.34404557943344116,1.0,1.08
143491,0.31486472487449646,0.34404557943344116,1.0,1.08
143591,0.31486472487449646,0.34404557943344116,1.0,1.08
143691,0.31486472487449646,0.34404557943344116,1.0,1.08
143791,0.31486472487449646,0.34404557943344116,1.0,1.08
143891,0.31486472487449646,0.34404557943344116,1.0,1.08
143991,0.31486472487449646,0.34404557943344116,1.0,1.08
144091,0.31486472487449646,0.34404557943344116,1.0,1.08
144191,0.31486472487449646,0.34404557943344116,1.0,1.08
144291,0.31486472487449646,0.34404557943344116,1.0,1.08
144391,0.31486472487449646,0.34404557943344116,1.0,1.08
144491,0.31486472487449646,0.34404557943344116,1.0,1.08
144591,0.31486472487449646,0.34404557943344116,1.0,1.08
144691,0.31486472487449646,0.34404557943344116,1.0,1.08
144791,0.31486472487449646,0.34404557943344116,1.0,1.08
144891,0.31486472487449646,0.34404557943344116,1.0,1.08
144991,0.31486472487449646,0.34404557943344116,1.0,1.08
145091,0.31486472487449646,0.34404557943344116,1.0,1.08
145191,0.31486472487449646,0.34404557943344116,1.0,1.08
145291,0.31486472487449646,0.34404557943344116,1.0,1.08
145391,0.31486472487449646,0.34404557943344116,1.0,1.08
145491,0.31486472487449646,0.34404557943344116,1.0,1.08
145591,0.31486472487449646,0.34404557943344116,1.0,1.08
145691,0.31486472487449646,0.34404557943344116,1.0,1.08
145791,0.31486472487449646,0.34404557943344116,1.0,1.08
145891,0.31486472487449646,0.34404557943344116,1.0,1.08
145991,0.31486472487449646,0.34404557943344116,1.0,1.08
146091,0.31486472487449646,0.34404557943344116,1.0,1.08
146191,0.31486472487449646,0.34404557943344116,1.0,1.08
146291,0.31486472487449646,0.34404557943344116,1.0,1.08
146391,0.31486472487449646,0.34404557943344116,1.0,1.08
146491,0.31486472487449646,0.34404557943344116,1.0,1.08
146591,0.31486472487449646,0.34404557943344116,1.0,1.08
146691,0.31486472487449646,0.34404557943344116,1.0,1.08
146791,0.31486472487449646,0.34404557943344116,1.0,1.08
146891,0.31486472487449646,0.34404557943344116,1.0,1.08
146991,0.31486472487449646,0.34404557943344116,1.0,1.08
147091,0.31486472487449646,0.34404557943344116,1.0,1.08
147191,0.32428011298179626,0.34375685453414917,1.0,1.08
147291,0.32428011298179626,0.34375685453414917,1.0,1.08
147391,0.32428011298179626,0.34375685453414917,1.0,1.08
147491,0.32428011298179626,0.34375685453414917,1.0,1.08
147591,0.32428011298179626,0.34375685453414917,1.0,1.08
147691,0.32428011298179626,0.34375685453414917,1.0,1.08
147791,0.32428011298179626,0.34375685453414917,1.0,1.08
147891,0.32428011298179626,0.34375685453414917,1.0,1.08
147991,0.32428011298179626,0.34375685453414917,1.0,1.08
148091,0.32428011298179626,0.34375685453414917,1.0,1.08
148191,0.32428011298179626,0.34375685453414917,1.0,1.08
148291,0.32428011298179626,0.34375685453414917,1.0,1.08
148391,0.32428011298179626,0.34375685453414917,1.0,1.08
148491,0.32428011298179626,0.34375685453414917,1.0,1.08
148591,0.32428011298179626,0.34375685453414917,1.0,1.08
148691,0.32428011298179626,0.34375685453414917,1.0,1.08
148791,0.32428011298179626,0.34375685453414917,1.0,1.08
148891,0.32428011298179626,0.34375685453414917,1.0,1.08
148991,0.32428011298179626,0.34375685453414917,1.0,1.08
149091,0.32428011298179626,0.34375685453414917,1.0,1.08
149191,0.32428011298179626,0.34375685453414917,1.0,1.08
149291,0.32428011298179626,0.34375685453414917,1.0,1.08
149391,0.32428011298179626,0.34375685453414917,1.0,1.08
149491,0.32428011298179626,0.34375685453414917,1.0,1.08
149591,0.32428011298179626,0.34375685453414917,1.0,1.08
149691,0.32428011298179626,0.34375685453414917,1.0,1.08
149791,0.32428011298179626,0.34375685453414917,1.0,1.08
149891,0.32428011298179626,0.34375685453414917,1.0,1.08
149991,0.32428011298179626,0.34375685453414917,1.0,1.08
150091,0.32428011298179626,0.34375685453414917,1.0,1.08
150191,0.32428011298179626,0.34375685453414917,1.0,1.08
150291,0.32428011298179626,0.34375685453414917,1.0,1.08
150391,0.32428011298179626,0.34375685453414917,1.0,1.08
150491,0.32428011298179626,0.34375685453414917,1.0,1.08
150591,0.32428011298179626,0.34375685453414917,0.99,1.08
150691,0.32428011298179626,0.34375685453414917,0.99,1.08
150791,0.32428011298179626,0.34375685453414917,0.99,1.08
150891,0.32428011298179626,0.34375685453414917,0.99,1.08
150991,0.32428011298179626,0.34375685453414917,1.0,1.08
151091,0.32428011298179626,0.34375685453414917,1.0,1.08
151191,0.32428011298179626,0.34375685453414917,1.0,1.08
151291,0.32428011298179626,0.34375685453414917,1.0,1.08
151391,0.32428011298179626,0.34375685453414917,1.0,1.08
151491,0.32428011298179626,0.34375685453414917,1.0,1.08
151591,0.32428011298179626,0.34375685453414917,1.0,1.08
151691,0.32428011298179626,0.34375685453414917,1.0,1.08
151791,0.32428011298179626,0.34375685453414917,1.0,1.08
151891,0.32428011298179626,0.34375685453414917,1.0,1.08
151991,0.32428011298179626,0.34375685453414917,1.0,1.08
152091,0.32428011298179626,0.34375685453414917,1.0,1.08
152191,0.32428011298179626,0.34375685453414917,1.0,1.08
152291,0.32428011298179626,0.34375685453414917,1.0,1.08
152391,0.32428011298179626,0.34375685453414917,1.0,1.08
152491,0.32428011298179626,0.34375685453414917,1.0,1.08
152591,0.32428011298179626,0.34375685453414917,0.99,1.08
152691,0.32428011298179626,0.34375685453414917,1.0,1.08
152791,0.32428011298179626,0.34375685453414917,1.0,1.08
152891,0.32428011298179626,0.34375685453414917,1.0,1.08
152991,0.32428011298179626,0.34375685453414917,1.0,1.08
153091,0.32428011298179626,0.34375685453414917,1.0,1.08
153191,0.32428011298179626,0.34375685453414917,1.0,1.08
153291,0.32428011298179626,0.34375685453414917,1.0,1.08
153391,0.32428011298179626,0.34375685453414917,1.0,1.08
153491,0.32428011298179626,0.34375685453414917,1.0,1.08
153591,0.32428011298179626,0.34375685453414917,1.0,1.08
153691,0.32428011298179626,0.34375685453414917,1.0,1.08
153791,0.32428011298179626,0.34375685453414917,1.0,1.08
153891,0.32428011298179626,0.34375685453414917,1.0,1.08
153991,0.32428011298179626,0.34375685453414917,1.0,1.08
154091,0.32428011298179626,0.34375685453414917,1.0,1.08
154191,0.32428011298179626,0.34375685453414917,1.0,1.08
154291,0.32428011298179626,0.34375685453414917,1.0,1.08
154391,0.32428011298179626,0.34375685453414917,1.0,1.08
154491,0.32428011298179626,0.34375685453414917,1.0,1.08
154591,0.32428011298179626,0.34375685453414917,1.0,1.08
154691,0.32428011298179626,0.34375685453414917,1.0,1.08
154791,0.32428011298179626,0.34375685453414917,1.0,1.08
154891,0.32428011298179626,0.34375685453414917,1.0,1.08
154991,0.32428011298179626,0.34375685453414917,1.0,1.08
155091,0.32428011298179626,0.34375685453414917,1.0,1.08
155191,0.32428011298179626,0.34375685453414917,1.0,1.08
155291,0.32428011298179626,0.34375685453414917,1.0,1.08
155391,0.32428011298179626,0.34375685453414917,1.0,1.08
155491,0.32428011298179626,0.34375685453414917,1.0,1.08
155591,0.32428011298179626,0.34375685453414917,1.0,1.08
155691,0.32428011298179626,0.34375685453414917,1.0,1.08
155791,0.32428011298179626,0.34375685453414917,1.0,1.08
155891,0.32428011298179626,0.34375685453414917,1.0,1.08
155991,0.32428011298179626,0.34375685453414917,1.0,1.08
156091,0.3291381895542145,0.3452155590057373,1.0,1.08
156191,0.3291381895542145,0.3452155590057373,1.0,1.08
156291,0.3291381895542145,0.3452155590057373,1.0,1.08
156391,0.3291381895542145,0.2935025990009308,0.8,1.09
156491,0.3291381895542145,0.2935025990009308,0.85,1.09
156591,0.3291381895542145,0.2935025990009308,0.89,1.09
156691,0.3291381895542145,0.2935025990009308,0.9,1.09
156791,0.3291381895542145,0.2935025990009308,0.9,1.09
156891,0.3291381895542145,0.2935025990009308,0.94,1.09
156991,0.3291381895542145,0.2935025990009308,0.94,1.09
157091,0.3291381895542145,0.2935025990009308,0.96,1.09
157191,0.3291381895542145,0.2935025990009308,0.98,1.09
157291,0.3291381895542145,0.2935025990009308,0.99,1.09
157391,0.3291381895542145,0.2935025990009308,0.98,1.09
157491,0.3291381895542145,0.2935025990009308,0.98,1.09
157591,0.3291381895542145,0.2935025990009308,0.99,1.09
157691,0.3291381895542145,0.2935025990009308,0.99,1.09
157791,0.3291381895542145,0.2935025990009308,0.99,1.09
157891,0.3291381895542145,0.2935025990009308,0.99,1.09
157991,0.3291381895542145,0.2935025990009308,1.0,1.09
158091,0.3291381895542145,0.2935025990009308,1.0,1.09
158191,0.3291381895542145,0.2935025990009308,1.0,1.09
158291,0.3291381895542145,0.2935025990009308,1.0,1.09
158391,0.3291381895542145,0.2935025990009308,1.0,1.09
158491,0.3291381895542145,0.2935025990009308,1.0,1.09
158591,0.3291381895542145,0.2935025990009308,1.0,1.09
158691,0.3291381895542145,0.2935025990009308,1.0,1.09
158791,0.3291381895542145,0.2935025990009308,1.0,1.09
158891,0.3291381895542145,0.2935025990009308,1.0,1.09
158991,0.3291381895542145,0.2935025990009308,1.0,1.09
159091,0.3291381895542145,0.2935025990009308,1.0,1.09
159191,0.3291381895542145,0.2935025990009308,1.0,1.09
159291,0.3291381895542145,0.2935025990009308,1.0,1.09
159391,0.3291381895542145,0.2935025990009308,1.0,1.09
159491,0.3291381895542145,0.2935025990009308,1.0,1.09
159591,0.3291381895542145,0.2935025990009308,1.0,1.09
159691,0.3291381895542145,0.2935025990009308,1.0,1.09
159791,0.3291381895542145,0.2935025990009308,1.0,1.09
159891,0.3291381895542145,0.2935025990009308,1.0,1.09
159991,0.3291381895542145,0.2935025990009308,0.99,1.09
160091,0.3291381895542145,0.2935025990009308,0.99,1.09
160191,0.3291381895542145,0.2935025990009308,0.99,1.09
160291,0.3291381895542145,0.2935025990009308,1.0,1.09
160391,0.3291381895542145,0.2935025990009308,1.0,1.09
160491,0.3291381895542145,0.2935025990009308,1.0,1.09
160591,0.3291381895542145,0.2935025990009308,0.99,1.09
160691,0.3291381895542145,0.2935025990009308,0.99,1.09
160791,0.3291381895542145,0.2935025990009308,0.99,1.09
160891,0.3291381895542145,0.2935025990009308,0.99,1.09
160991,0.3291381895542145,0.2935025990009308,1.0,1.09
161091,0.3291381895542145,0.2935025990009308,1.0,1.09
161191,0.3291381895542145,0.2935025990009308,1.0,1.09
161291,0.3291381895542145,0.2935025990009308,1.0,1.09
161391,0.3291381895542145,0.2935025990009308,1.0,1.09
161491,0.3291381895542145,0.2935025990009308,1.0,1.09
161591,0.3291381895542145,0.2935025990009308,1.0,1.09
161691,0.3291381895542145,0.2935025990009308,1.0,1.09
161791,0.3291381895542145,0.2935025990009308,1.0,1.09
161891,0.3291381895542145,0.2935025990009308,1.0,1.09
161991,0.3291381895542145,0.2935025990009308,1.0,1.09
162091,0.3291381895542145,0.2935025990009308,1.0,1.09
162191,0.3291381895542145,0.2935025990009308,1.0,1.09
162291,0.3291381895542145,0.2935025990009308,1.0,1.09
162391,0.3291381895542145,0.2935025990009308,1.0,1.09
162491,0.3291381895542145,0.2935025990009308,1.0,1.09
162591,0.3291381895542145,0.2935025990009308,1.0,1.09
162691,0.3291381895542145,0.2935025990009308,1.0,1.09
162791,0.3291381895542145,0.2935025990009308,1.0,1.09
162891,0.3291381895542145,0.2935025990009308,1.0,1.09
162991,0.3291381895542145,0.2935025990009308,1.0,1.09
163091,0.3291381895542145,0.2935025990009308,1.0,1.09
163191,0.3291381895542145,0.2935025990009308,1.0,1.09
163291,0.3291381895542145,0.2935025990009308,1.0,1.09
163391,0.3291381895542145,0.2935025990009308,1.0,1.09
163491,0.3291381895542145,0.2935025990009308,1.0,1.09
163591,0.3291381895542145,0.2935025990009308,1.0,1.09
163691,0.3291381895542145,0.2935025990009308,1.0,1.09
163791,0.3291381895542145,0.2935025990009308,1.0,1.09
163891,0.3291381895542145,0.2935025990009308,1.0,1.09
163991,0.3291381895542145,0.2935025990009308,1.0,1.09
164091,0.3291381895542145,0.2935025990009308,1.0,1.09
164191,0.3291381895542145,0.2935025990009308,1.0,1.09
164291,0.3291381895542145,0.2935025990009308,1.0,1.09
164391,0.3291381895542145,0.2935025990009308,1.0,1.09
164491,0.3291381895542145,0.2935025990009308,1.0,1.09
164591,0.3291381895542145,0.2935025990009308,1.0,1.09
164691,0.3291381895542145,0.2935025990009308,1.0,1.09
164791,0.3291381895542145,0.2935025990009308,1.0,1.09
164891,0.3291381895542145,0.2935025990009308,1.0,1.09
164991,0.3291381895542145,0.2935025990009308,1.0,1.09
165091,0.3291381895542145,0.2935025990009308,1.0,1.09
165191,0.3291381895542145,0.2935025990009308,1.0,1.09
165291,0.3291381895542145,0.2935025990009308,1.0,1.09
165391,0.3291381895542145,0.2935025990009308,1.0,1.09
165491,0.3291381895542145,0.2935025990009308,1.0,1.09
165591,0.3291381895542145,0.2935025990009308,1.0,1.09
165691,0.3291381895542145,0.2935025990009308,1.0,1.09
165791,0.3291381895542145,0.2935025990009308,1.0,1.09
165891,0.3291381895542145,0.2935025990009308,1.0,1.09
165991,0.3291381895542145,0.2935025990009308,1.0,1.09
166091,0.3291381895542145,0.2935025990009308,1.0,1.09
166191,0.3291381895542145,0.2935025990009308,1.0,1.09
166291,0.3291381895542145,0.2935025990009308,1.0,1.09
166391,0.3291381895542145,0.2935025990009308,1.0,1.09
166491,0.3291381895542145,0.2935025990009308,1.0,1.09
166591,0.3291381895542145,0.2935025990009308,1.0,1.09
166691,0.3291381895542145,0.2935025990009308,1.0,1.09
166791,0.3291381895542145,0.2935025990009308,1.0,1.09
166891,0.3291381895542145,0.2935025990009308,1.0,1.09
166991,0.3291381895542145,0.2935025990009308,1.0,1.09
167091,0.3291381895542145,0.2935025990009308,1.0,1.09
167191,0.3291381895542145,0.2935025990009308,1.0,1.09
167291,0.3291381895542145,0.2935025990009308,1.0,1.09
167391,0.3291381895542145,0.2935025990009308,1.0,1.09
167491,0.3291381895542145,0.2935025990009308,1.0,1.09
167591,0.3291381895542145,0.2935025990009308,1.0,1.09
167691,0.3291381895542145,0.2935025990009308,1.0,1.09
167791,0.3291381895542145,0.2935025990009308,1.0,1.09
167891,0.3291381895542145,0.2935025990009308,1.0,1.09
167991,0.3291381895542145,0.2935025990009308,1.0,1.09
168091,0.3291381895542145,0.2935025990009308,1.0,1.09
168191,0.3291381895542145,0.2935025990009308,1.0,1.09
168291,0.3291381895542145,0.2935025990009308,1.0,1.09
168391,0.3291381895542145,0.2935025990009308,1.0,1.09
168491,0.3291381895542145,0.2935025990009308,1.0,1.09
168591,0.3291381895542145,0.2935025990009308,1.0,1.09
168691,0.3291381895542145,0.2935025990009308,1.0,1.09
168791,0.3291381895542145,0.2935025990009308,1.0,1.09
168891,0.3291381895542145,0.2935025990009308,1.0,1.09
168991,0.3291381895542145,0.2935025990009308,1.0,1.09
169091,0.3291381895542145,0.2935025990009308,1.0,1.09
169191,0.3291381895542145,0.2935025990009308,1.0,1.09
169291,0.3291381895542145,0.2935025990009308,1.0,1.09
169391,0.3291381895542145,0.2935025990009308,1.0,1.09
169491,0.3291381895542145,0.2935025990009308,1.0,1.09
169591,0.3291381895542145,0.2935025990009308,1.0,1.09
169691,0.3291381895542145,0.2935025990009308,1.0,1.09
169791,0.3291381895542145,0.2935025990009308,1.0,1.09
169891,0.3291381895542145,0.2935025990009308,1.0,1.09
169991,0.3291381895542145,0.2935025990009308,1.0,1.09
170091,0.3291381895542145,0.2935025990009308,1.0,1.09
170191,0.3291381895542145,0.2935025990009308,1.0,1.09
170291,0.3291381895542145,0.2935025990009308,1.0,1.09
170391,0.3291381895542145,0.2935025990009308,1.0,1.09
170491,0.3291381895542145,0.2935025990009308,1.0,1.09
170591,0.3291381895542145,0.2935025990009308,1.0,1.09
170691,0.3291381895542145,0.2935025990009308,1.0,1.09
170791,0.3291381895542145,0.2935025990009308,1.0,1.09
170891,0.3291381895542145,0.2935025990009308,1.0,1.09
170991,0.3291381895542145,0.2935025990009308,1.0,1.09
171091,0.3291381895542145,0.2935025990009308,1.0,1.09
171191,0.3291381895542145,0.2935025990009308,1.0,1.09
171291,0.3291381895542145,0.2935025990009308,1.0,1.09
171391,0.3291381895542145,0.2935025990009308,1.0,1.09
171491,0.3291381895542145,0.2935025990009308,1.0,1.09
171591,0.3291381895542145,0.2935025990009308,1.0,1.09
171691,0.3291381895542145,0.2935025990009308,1.0,1.09
171791,0.3291381895542145,0.2935025990009308,1.0,1.09
171891,0.3291381895542145,0.2935025990009308,1.0,1.09
171991,0.3291381895542145,0.2935025990009308,1.0,1.09
172091,0.3291381895542145,0.2935025990009308,1.0,1.09
172191,0.3291381895542145,0.2935025990009308,1.0,1.09
172291,0.3291381895542145,0.2935025990009308,1.0,1.09
172391,0.3291381895542145,0.2935025990009308,1.0,1.09
172491,0.3291381895542145,0.2935025990009308,1.0,1.09
172591,0.3291381895542145,0.2935025990009308,1.0,1.09
172691,0.3291381895542145,0.2935025990009308,1.0,1.09
172791,0.3291381895542145,0.2935025990009308,1.0,1.09
172891,0.3291381895542145,0.2935025990009308,1.0,1.09
172991,0.3291381895542145,0.2935025990009308,1.0,1.09
173091,0.3291381895542145,0.2935025990009308,1.0,1.09
173191,0.3291381895542145,0.2935025990009308,1.0,1.09
173291,0.3291381895542145,0.2935025990009308,1.0,1.09
173391,0.3291381895542145,0.2935025990009308,1.0,1.09
173491,0.3291381895542145,0.2935025990009308,1.0,1.09
173591,0.3291381895542145,0.2935025990009308,1.0,1.09
173691,0.3291381895542145,0.2935025990009308,1.0,1.09
173791,0.3291381895542145,0.2935025990009308,1.0,1.09
173891,0.3291381895542145,0.2935025990009308,1.0,1.09
173991,0.3291381895542145,0.2935025990009308,1.0,1.09
174091,0.3291381895542145,0.2935025990009308,1.0,1.09
174191,0.3291381895542145,0.2935025990009308,1.0,1.09
174291,0.3291381895542145,0.2935025990009308,1.0,1.09
174391,0.3291381895542145,0.2935025990009308,1.0,1.09
174491,0.3291381895542145,0.2935025990009308,1.0,1.09
174591,0.3291381895542145,0.2935025990009308,1.0,1.09
174691,0.3291381895542145,0.2935025990009308,1.0,1.09
174791,0.3291381895542145,0.2935025990009308,1.0,1.09
174891,0.3291381895542145,0.2935025990009308,1.0,1.09
174991,0.3291381895542145,0.2935025990009308,1.0,1.09
175091,0.3291381895542145,0.2935025990009308,1.0,1.09
175191,0.3291381895542145,0.2935025990009308,1.0,1.09
175291,0.3291381895542145,0.2935025990009308,1.0,1.09
175391,0.3291381895542145,0.2935025990009308,1.0,1.09
175491,0.3291381895542145,0.2935025990009308,1.0,1.09
175591,0.3291381895542145,0.2935025990009308,1.0,1.09
175691,0.3291381895542145,0.2935025990009308,1.0,1.09
175791,0.3291381895542145,0.2935025990009308,1.0,1.09
175891,0.3291381895542145,0.2935025990009308,1.0,1.09
175991,0.3291381895542145,0.2935025990009308,1.0,1.09
176091,0.3291381895542145,0.2935025990009308,1.0,1.09
176191,0.3291381895542145,0.2935025990009308,1.0,1.09
176291,0.3291381895542145,0.2935025990009308,1.0,1.09
176391,0.3291381895542145,0.2935025990009308,1.0,1.09
176491,0.3291381895542145,0.2935025990009308,1.0,1.09
176591,0.3291381895542145,0.2935025990009308,1.0,1.09
176691,0.3291381895542145,0.2935025990009308,1.0,1.09
176791,0.3291381895542145,0.2935025990009308,1.0,1.09
176891,0.3291381895542145,0.2935025990009308,1.0,1.09
176991,0.3291381895542145,0.2935025990009308,1.0,1.09
177091,0.3291381895542145,0.2935025990009308,1.0,1.09
177191,0.3291381895542145,0.2935025990009308,1.0,1.09
177291,0.3291381895542145,0.2935025990009308,1.0,1.09
177391,0.3291381895542145,0.2935025990009308,1.0,1.09
177491,0.3291381895542145,0.2935025990009308,1.0,1.09
177591,0.3291381895542145,0.2935025990009308,1.0,1.09
177691,0.3291381895542145,0.2935025990009308,1.0,1.09
177791,0.3291381895542145,0.2935025990009308,1.0,1.09
177891,0.3291381895542145,0.2935025990009308,1.0,1.09
177991,0.3291381895542145,0.2935025990009308,1.0,1.09
178091,0.3291381895542145,0.2935025990009308,1.0,1.09
178191,0.3291381895542145,0.2935025990009308,1.0,1.09
178291,0.3291381895542145,0.2935025990009308,1.0,1.09
178391,0.3291381895542145,0.2935025990009308,1.0,1.09
178491,0.3291381895542145,0.2935025990009308,1.0,1.09
178591,0.3291381895542145,0.2935025990009308,1.0,1.09
178691,0.3291381895542145,0.2935025990009308,1.0,1.09
178791,0.3291381895542145,0.2935025990009308,1.0,1.09
178891,0.3291381895542145,0.2935025990009308,1.0,1.09
178991,0.3291381895542145,0.2935025990009308,1.0,1.09
179091,0.3291381895542145,0.2935025990009308,1.0,1.09
179191,0.3291381895542145,0.2935025990009308,1.0,1.09
179291,0.3291381895542145,0.2935025990009308,1.0,1.09
179391,0.3291381895542145,0.2935025990009308,1.0,1.09
179491,0.3291381895542145,0.2935025990009308,1.0,1.09
179591,0.3291381895542145,0.2935025990009308,1.0,1.09
179691,0.3291381895542145,0.2935025990009308,1.0,1.09
179791,0.3291381895542145,0.2935025990009308,1.0,1.09
179891,0.3291381895542145,0.2935025990009308,1.0,1.09
179991,0.3291381895542145,0.2935025990009308,1.0,1.09
180091,0.3291381895542145,0.2935025990009308,1.0,1.09
180191,0.3291381895542145,0.2935025990009308,1.0,1.09
180291,0.3291381895542145,0.2935025990009308,1.0,1.09
180391,0.3291381895542145,0.2935025990009308,1.0,1.09
180491,0.3291381895542145,0.2935025990009308,1.0,1.09
180591,0.3291381895542145,0.2935025990009308,1.0,1.09
180691,0.3291381895542145,0.2935025990009308,1.0,1.09
180791,0.3291381895542145,0.2935025990009308,1.0,1.09
180891,0.3291381895542145,0.2935025990009308,1.0,1.09
180991,0.3291381895542145,0.2935025990009308,1.0,1.09
181091,0.3291381895542145,0.2935025990009308,1.0,1.09
181191,0.3291381895542145,0.2935025990009308,1.0,1.09
181291,0.3291381895542145,0.2935025990009308,1.0,1.09
181391,0.3291381895542145,0.2935025990009308,1.0,1.09
181491,0.3291381895542145,0.2935025990009308,1.0,1.09
181591,0.3291381895542145,0.2935025990009308,1.0,1.09
181691,0.3291381895542145,0.2935025990009308,1.0,1.09
181791,0.3291381895542145,0.2935025990009308,1.0,1.09
181891,0.3291381895542145,0.2935025990009308,1.0,1.09
181991,0.3291381895542145,0.2935025990009308,1.0,1.09
182091,0.3291381895542145,0.2935025990009308,1.0,1.09
182191,0.3291381895542145,0.2935025990009308,1.0,1.09
182291,0.3291381895542145,0.2935025990009308,1.0,1.09
182391,0.3291381895542145,0.2935025990009308,1.0,1.09
182491,0.3291381895542145,0.2935025990009308,1.0,1.09
182591,0.3291381895542145,0.2935025990009308,1.0,1.09
182691,0.3291381895542145,0.2935025990009308,1.0,1.09
182791,0.3291381895542145,0.2935025990009308,1.0,1.09
182891,0.3291381895542145,0.2935025990009308,1.0,1.09
182991,0.3291381895542145,0.2935025990009308,1.0,1.09
183091,0.3291381895542145,0.2935025990009308,1.0,1.09
183191,0.3291381895542145,0.2935025990009308,1.0,1.09
183291,0.3291381895542145,0.2935025990009308,1.0,1.09
183391,0.3291381895542145,0.2935025990009308,1.0,1.09
183491,0.3291381895542145,0.2935025990009308,1.0,1.09
183591,0.3291381895542145,0.2935025990009308,1.0,1.09
183691,0.3291381895542145,0.2935025990009308,1.0,1.09
183791,0.3291381895542145,0.2935025990009308,1.0,1.09
183891,0.3291381895542145,0.2935025990009308,1.0,1.09
183991,0.3291381895542145,0.2935025990009308,1.0,1.09
184091,0.3291381895542145,0.2935025990009308,1.0,1.09
200727,0.3291381895542145,0.3452155590057373,0.5,1.07
200827,0.3291381895542145,0.3452155590057373,0.54,1.07
200927,0.3291381895542145,0.3452155590057373,0.58,1.07
201027,0.3291381895542145,0.3452155590057373,0.65,1.07
201127,0.3291381895542145,0.3452155590057373,0.67,1.07
201227,0.3291381895542145,0.3452155590057373,0.72,1.07
201327,0.3291381895542145,0.3452155590057373,0.77,1.07
201427,0.3291381895542145,0.3452155590057373,0.8,1.07
201527,0.3291381895542145,0.3452155590057373,0.81,1.07
201627,0.3291381895542145,0.3452155590057373,0.81,1.07
201727,0.3291381895542145,0.3452155590057373,0.84,1.07
201827,0.3291381895542145,0.3452155590057373,0.86,1.07
201927,0.3291381895542145,0.3452155590057373,0.89,1.07
202027,0.3291381895542145,0.3452155590057373,0.88,1.07
202127,0.3291381895542145,0.3452155590057373,0.88,1.07
202227,0.3291381895542145,0.3452155590057373,0.89,1.07
202327,0.3291381895542145,0.3452155590057373,0.9,1.07
202427,0.3291381895542145,0.3452155590057373,0.9,1.07
202527,0.3291381895542145,0.3452155590057373,0.92,1.07
202627,0.3291381895542145,0.3452155590057373,0.93,1.07
202727,0.3291381895542145,0.3452155590057373,0.93,1.07
202827,0.3291381895542145,0.3452155590057373,0.94,1.07
202927,0.3291381895542145,0.3452155590057373,0.94,1.07
203027,0.3291381895542145,0.3452155590057373,0.94,1.07
203127,0.3291381895542145,0.3452155590057373,0.94,1.07
203227,0.3291381895542145,0.3452155590057373,0.94,1.07
203327,0.3291381895542145,0.3452155590057373,0.96,1.07
203427,0.3291381895542145,0.3452155590057373,0.97,1.07
203527,0.3291381895542145,0.3452155590057373,0.97,1.07
203627,0.3291381895542145,0.3452155590057373,0.97,1.07
203727,0.3291381895542145,0.3452155590057373,0.97,1.07
203827,0.3291381895542145,0.3452155590057373,0.96,1.07
203927,0.3291381895542145,0.3452155590057373,0.95,1.07
204027,0.3291381895542145,0.3452155590057373,0.96,1.07
204127,0.3291381895542145,0.3452155590057373,0.97,1.07
204227,0.3291381895542145,0.3452155590057373,0.96,1.07
204327,0.3291381895542145,0.3452155590057373,0.96,1.07
204427,0.3291381895542145,0.3452155590057373,0.97,1.07
204527,0.3291381895542145,0.3452155590057373,0.96,1.07
204627,0.3291381895542145,0.3452155590057373,0.97,1.07
204727,0.3291381895542145,0.3452155590057373,0.97,1.07
204827,0.3291381895542145,0.3452155590057373,0.98,1.07
204927,0.3291381895542145,0.3452155590057373,0.98,1.07
205027,0.3291381895542145,0.3452155590057373,0.98,1.07
205127,0.3291381895542145,0.3452155590057373,0.98,1.07
205227,0.3291381895542145,0.3452155590057373,0.97,1.07
205327,0.3291381895542145,0.3452155590057373,0.97,1.07
205427,0.3302499055862427,0.33852362632751465,0.97,1.07
205527,0.3302499055862427,0.33852362632751465,0.97,1.07
205627,0.3302499055862427,0.33852362632751465,0.98,1.07
205727,0.3302499055862427,0.33852362632751465,0.99,1.07
205827,0.3302499055862427,0.33852362632751465,0.99,1.07
205927,0.3302499055862427,0.33852362632751465,0.99,1.07
206027,0.3302499055862427,0.33852362632751465,0.98,1.07
206127,0.3302499055862427,0.33852362632751465,0.98,1.07
206227,0.3302499055862427,0.33852362632751465,1.0,1.07
206327,0.3302499055862427,0.33852362632751465,1.0,1.07
206427,0.3302499055862427,0.33852362632751465,1.0,1.07
206527,0.3302499055862427,0.33852362632751465,1.0,1.07
206627,0.3302499055862427,0.33852362632751465,1.0,1.07
206727,0.3302499055862427,0.33852362632751465,1.0,1.07
206827,0.3302499055862427,0.33852362632751465,1.0,1.07
206927,0.3302499055862427,0.33852362632751465,1.0,1.07
207027,0.3302499055862427,0.33852362632751465,1.0,1.07
207127,0.3302499055862427,0.33852362632751465,1.0,1.07
207227,0.3302499055862427,0.33852362632751465,1.0,1.07
207327,0.3302499055862427,0.33852362632751465,1.0,1.07
207427,0.3302499055862427,0.33852362632751465,1.0,1.07
207527,0.3302499055862427,0.33852362632751465,1.0,1.07
207627,0.3302499055862427,0.33852362632751465,1.0,1.07
207727,0.3302499055862427,0.33852362632751465,1.0,1.07
207827,0.3302499055862427,0.33852362632751465,1.0,1.07
207927,0.3302499055862427,0.33852362632751465,1.0,1.07
208027,0.3302499055862427,0.33852362632751465,1.0,1.07
208127,0.3302499055862427,0.33852362632751465,1.0,1.07
208227,0.3302499055862427,0.33852362632751465,1.0,1.07
208327,0.3302499055862427,0.33852362632751465,1.0,1.07
208427,0.3302499055862427,0.33852362632751465,1.0,1.07
208527,0.3302499055862427,0.33852362632751465,1.0,1.07
208627,0.3302499055862427,0.33852362632751465,1.0,1.07
208727,0.3302499055862427,0.33852362632751465,1.0,1.07
208827,0.3302499055862427,0.33852362632751465,1.0,1.07
208927,0.3302499055862427,0.33852362632751465,1.0,1.07
209027,0.3302499055862427,0.33852362632751465,1.0,1.07
209127,0.3302499055862427,0.33852362632751465,1.0,1.07
209227,0.3302499055862427,0.33852362632751465,1.0,1.07
209327,0.3302499055862427,0.33852362632751465,1.0,1.07
209427,0.3302499055862427,0.33852362632751465,1.0,1.07
209527,0.3302499055862427,0.33852362632751465,1.0,1.07
209627,0.3302499055862427,0.33852362632751465,1.0,1.07
209727,0.3302499055862427,0.33852362632751465,1.0,1.07
209827,0.3302499055862427,0.33852362632751465,1.0,1.07
209927,0.3302499055862427,0.33852362632751465,1.0,1.07
210027,0.3302499055862427,0.33852362632751465,1.0,1.07
210127,0.3302499055862427,0.33852362632751465,1.0,1.07
210227,0.3302499055862427,0.33852362632751465,1.0,1.07
210327,0.3302499055862427,0.33852362632751465,1.0,1.07
210427,0.3302499055862427,0.33852362632751465,1.0,1.07
210527,0.3302499055862427,0.33852362632751465,1.0,1.07
210627,0.3302499055862427,0.33852362632751465,1.0,1.07
210727,0.3302499055862427,0.33852362632751465,1.0,1.07
210827,0.3302499055862427,0.33852362632751465,1.0,1.07
210927,0.3302499055862427,0.33852362632751465,1.0,1.07
211027,0.3302499055862427,0.33852362632751465,1.0,1.07
211127,0.3302499055862427,0.33852362632751465,1.0,1.07
211227,0.3302499055862427,0.33852362632751465,1.0,1.07
211327,0.3302499055862427,0.33852362632751465,1.0,1.07
211427,0.3302499055862427,0.33852362632751465,1.0,1.07
211527,0.3302499055862427,0.33852362632751465,1.0,1.07
211627,0.3302499055862427,0.33852362632751465,1.0,1.07
211727,0.3302499055862427,0.33852362632751465,1.0,1.07
211827,0.3302499055862427,0.33852362632751465,1.0,1.07
211927,0.3302499055862427,0.33852362632751465,1.0,1.07
212027,0.3302499055862427,0.33852362632751465,1.0,1.07
212127,0.3302499055862427,0.33852362632751465,1.0,1.07
212227,0.3302499055862427,0.33852362632751465,1.0,1.07
212327,0.3302499055862427,0.33852362632751465,1.0,1.07
212427,0.3302499055862427,0.33852362632751465,1.0,1.07
212527,0.3302499055862427,0.33852362632751465,1.0,1.07
212627,0.3302499055862427,0.33852362632751465,1.0,1.07
212727,0.3302499055862427,0.33852362632751465,1.0,1.07
212827,0.3302499055862427,0.33852362632751465,1.0,1.07
212927,0.3302499055862427,0.33852362632751465,1.0,1.07
213027,0.3302499055862427,0.33852362632751465,1.0,1.07
213127,0.3302499055862427,0.33852362632751465,1.0,1.07
213227,0.3302499055862427,0.33852362632751465,1.0,1.07
213327,0.3302499055862427,0.33852362632751465,0.99,1.07
213427,0.3302499055862427,0.33852362632751465,0.99,1.07
213527,0.3302499055862427,0.33852362632751465,0.99,1.07
213627,0.3302499055862427,0.33852362632751465,0.99,1.07
213727,0.3302499055862427,0.33852362632751465,0.99,1.07
213827,0.3302499055862427,0.33852362632751465,0.99,1.07
213927,0.3302499055862427,0.33852362632751465,0.99,1.07
214027,0.3302499055862427,0.33852362632751465,0.99,1.07
214127,0.3302499055862427,0.33852362632751465,1.0,1.07
214227,0.3302499055862427,0.33852362632751465,1.0,1.07
214327,0.3302499055862427,0.33852362632751465,1.0,1.07
214427,0.3302499055862427,0.33852362632751465,1.0,1.07
214527,0.3302499055862427,0.33852362632751465,1.0,1.07
214627,0.3302499055862427,0.33852362632751465,1.0,1.07
214727,0.3302499055862427,0.33852362632751465,1.0,1.07
214827,0.3302499055862427,0.33852362632751465,1.0,1.07
214927,0.3302499055862427,0.33852362632751465,1.0,1.07
215027,0.3302499055862427,0.33852362632751465,1.0,1.07
215127,0.3302499055862427,0.33852362632751465,1.0,1.07
215227,0.3302499055862427,0.33852362632751465,1.0,1.07
215327,0.3302499055862427,0.33852362632751465,1.0,1.07
215427,0.3302499055862427,0.33852362632751465,1.0,1.07
215527,0.3302499055862427,0.33852362632751465,0.99,1.07
215627,0.3302499055862427,0.33852362632751465,0.99,1.07
215727,0.3302499055862427,0.33852362632751465,1.0,1.07
215827,0.3302499055862427,0.33852362632751465,1.0,1.07
215927,0.3302499055862427,0.33852362632751465,1.0,1.07
216027,0.3302499055862427,0.33852362632751465,1.0,1.07
216127,0.3302499055862427,0.33852362632751465,1.0,1.07
216227,0.3302499055862427,0.33852362632751465,1.0,1.07
216327,0.3302499055862427,0.33852362632751465,1.0,1.07
216427,0.3302499055862427,0.33852362632751465,1.0,1.07
216527,0.3302499055862427,0.33852362632751465,1.0,1.07
216627,0.3302499055862427,0.33852362632751465,1.0,1.07
216727,0.3302499055862427,0.33852362632751465,1.0,1.07
216827,0.3302499055862427,0.33852362632751465,1.0,1.07
216927,0.3302499055862427,0.33852362632751465,1.0,1.07
217027,0.3302499055862427,0.33852362632751465,1.0,1.07
217127,0.3302499055862427,0.33852362632751465,1.0,1.07
217227,0.3302499055862427,0.33852362632751465,1.0,1.07
217327,0.3302499055862427,0.33852362632751465,1.0,1.07
217427,0.3302499055862427,0.33852362632751465,1.0,1.07
217527,0.3302499055862427,0.33852362632751465,1.0,1.07
217627,0.3302499055862427,0.33852362632751465,1.0,1.07
217727,0.3302499055862427,0.33852362632751465,1.0,1.07
217827,0.3302499055862427,0.33852362632751465,1.0,1.07
217927,0.3302499055862427,0.33852362632751465,1.0,1.07
218027,0.3302499055862427,0.33852362632751465,1.0,1.07
218127,0.3302499055862427,0.33852362632751465,1.0,1.07
218227,0.3302499055862427,0.33852362632751465,1.0,1.07
218327,0.3302499055862427,0.33852362632751465,1.0,1.07
218427,0.3302499055862427,0.33852362632751465,0.99,1.07
218527,0.3302499055862427,0.33852362632751465,0.99,1.07
218627,0.3302499055862427,0.33852362632751465,0.99,1.07
218727,0.3302499055862427,0.33852362632751465,1.0,1.07
218827,0.3302499055862427,0.33852362632751465,1.0,1.07
218927,0.3302499055862427,0.33852362632751465,1.0,1.07
219027,0.3302499055862427,0.33852362632751465,1.0,1.07
219127,0.3302499055862427,0.33852362632751465,1.0,1.07
219227,0.3302499055862427,0.33852362632751465,1.0,1.07
219327,0.3302499055862427,0.33852362632751465,1.0,1.07
219427,0.3302499055862427,0.33852362632751465,0.99,1.07
219527,0.3302499055862427,0.33852362632751465,0.99,1.07
219627,0.3302499055862427,0.33852362632751465,1.0,1.07
219727,0.3302499055862427,0.33852362632751465,1.0,1.07
219827,0.3302499055862427,0.33852362632751465,1.0,1.07
219927,0.3302499055862427,0.33852362632751465,1.0,1.07
220027,0.3302499055862427,0.33852362632751465,1.0,1.07
220127,0.3302499055862427,0.33852362632751465,1.0,1.07
220227,0.3302499055862427,0.33852362632751465,1.0,1.07
220327,0.3302499055862427,0.33852362632751465,1.0,1.07
220427,0.3302499055862427,0.33852362632751465,1.0,1.07
220527,0.3302499055862427,0.33852362632751465,1.0,1.07
220627,0.3302499055862427,0.33852362632751465,1.0,1.07
220727,0.3302499055862427,0.33852362632751465,1.0,1.07
220827,0.3302499055862427,0.33852362632751465,1.0,1.07
220927,0.3302499055862427,0.33852362632751465,1.0,1.07
221027,0.3302499055862427,0.33852362632751465,1.0,1.07
221127,0.3302499055862427,0.33852362632751465,1.0,1.07
221227,0.3302499055862427,0.33852362632751465,1.0,1.07
221327,0.3302499055862427,0.33852362632751465,1.0,1.07
221427,0.3302499055862427,0.33852362632751465,1.0,1.07
221527,0.3302499055862427,0.33852362632751465,1.0,1.07
221627,0.3302499055862427,0.33852362632751465,1.0,1.07
221727,0.3302499055862427,0.33852362632751465,1.0,1.07
221827,0.3302499055862427,0.33852362632751465,1.0,1.07
221927,0.3302499055862427,0.33852362632751465,1.0,1.07
222027,0.3302499055862427,0.33852362632751465,1.0,1.07
222127,0.3302499055862427,0.33852362632751465,1.0,1.07
222227,0.3302499055862427,0.33852362632751465,1.0,1.07
222327,0.3302499055862427,0.33852362632751465,1.0,1.07
222427,0.3302499055862427,0.33852362632751465,1.0,1.07
222527,0.3302499055862427,0.33852362632751465,1.0,1.07
222627,0.3302499055862427,0.33852362632751465,1.0,1.07
222727,0.3302499055862427,0.33852362632751465,1.0,1.07
222827,0.3302499055862427,0.33852362632751465,1.0,1.07
222927,0.3302499055862427,0.33852362632751465,1.0,1.07
223027,0.3302499055862427,0.33852362632751465,1.0,1.07
223127,0.3302499055862427,0.33852362632751465,1.0,1.07
223227,0.3302499055862427,0.33852362632751465,1.0,1.07
223327,0.3302499055862427,0.33852362632751465,1.0,1.07
223427,0.3302499055862427,0.33852362632751465,1.0,1.07
223527,0.3302499055862427,0.33852362632751465,1.0,1.07
223627,0.3302499055862427,0.33852362632751465,1.0,1.07
223727,0.3302499055862427,0.33852362632751465,0.99,1.07
223827,0.3302499055862427,0.33852362632751465,0.99,1.07
223927,0.3302499055862427,0.33852362632751465,0.98,1.07
224027,0.3302499055862427,0.33852362632751465,0.99,1.07
224127,0.3302499055862427,0.33852362632751465,0.99,1.07
224227,0.3302499055862427,0.33852362632751465,0.99,1.07
224327,0.3302499055862427,0.33852362632751465,1.0,1.07
224427,0.3302499055862427,0.33852362632751465,1.0,1.07
224527,0.3302499055862427,0.33852362632751465,0.99,1.07
224627,0.3302499055862427,0.33852362632751465,0.99,1.07
224727,0.3302499055862427,0.33852362632751465,0.99,1.07
224827,0.3302499055862427,0.33852362632751465,1.0,1.07
224927,0.3302499055862427,0.33852362632751465,1.0,1.07
225027,0.3302499055862427,0.33852362632751465,1.0,1.07
225127,0.3302499055862427,0.33852362632751465,1.0,1.07
225227,0.3302499055862427,0.33852362632751465,1.0,1.07
225327,0.3302499055862427,0.33852362632751465,1.0,1.07
225427,0.3302499055862427,0.33852362632751465,1.0,1.07
225527,0.3302499055862427,0.33852362632751465,1.0,1.07
225627,0.3302499055862427,0.33852362632751465,1.0,1.07
225727,0.3302499055862427,0.33852362632751465,1.0,1.07
225827,0.3302499055862427,0.33852362632751465,1.0,1.07
225927,0.3302499055862427,0.33852362632751465,1.0,1.07
226027,0.3302499055862427,0.33852362632751465,1.0,1.07
226127,0.3302499055862427,0.33852362632751465,1.0,1.07
226227,0.3302499055862427,0.33852362632751465,1.0,1.07
226327,0.3302499055862427,0.33852362632751465,1.0,1.07
226427,0.3302499055862427,0.33852362632751465,1.0,1.07
226527,0.3302499055862427,0.33852362632751465,1.0,1.07
226627,0.3302499055862427,0.33852362632751465,1.0,1.07
226727,0.3302499055862427,0.33852362632751465,1.0,1.07
226827,0.3302499055862427,0.33852362632751465,1.0,1.07
226927,0.3302499055862427,0.33852362632751465,1.0,1.07
227027,0.3302499055862427,0.33852362632751465,1.0,1.07
227127,0.3302499055862427,0.33852362632751465,1.0,1.07
227227,0.3302499055862427,0.33852362632751465,1.0,1.07
227327,0.3302499055862427,0.33852362632751465,1.0,1.07
227427,0.3302499055862427,0.33852362632751465,1.0,1.07
227527,0.3302499055862427,0.33852362632751465,1.0,1.07
227627,0.3302499055862427,0.33852362632751465,1.0,1.07
227727,0.3302499055862427,0.33852362632751465,1.0,1.07
227827,0.3302499055862427,0.33852362632751465,1.0,1.07
227927,0.3302499055862427,0.33852362632751465,1.0,1.07
228027,0.3302499055862427,0.33852362632751465,1.0,1.07
228127,0.3302499055862427,0.33852362632751465,1.0,1.07
228227,0.3302499055862427,0.33852362632751465,1.0,1.07
228327,0.3302499055862427,0.33852362632751465,1.0,1.07
228427,0.3302499055862427,0.33852362632751465,1.0,1.07
228527,0.3302499055862427,0.2935025990009308,0.49,1.08
228627,0.3302499055862427,0.2935025990009308,0.58,1.08
228727,0.3302499055862427,0.2935025990009308,0.65,1.08
228827,0.3302499055862427,0.2935025990009308,0.68,1.08
228927,0.3302499055862427,0.2935025990009308,0.68,1.08
229027,0.3302499055862427,0.2935025990009308,0.7,1.08
229127,0.3302499055862427,0.2935025990009308,0.72,1.08
229227,0.3302499055862427,0.2935025990009308,0.78,1.08
229327,0.3302499055862427,0.2935025990009308,0.8,1.08
229427,0.3302499055862427,0.2935025990009308,0.83,1.08
229527,0.3302499055862427,0.2935025990009308,0.84,1.08
229627,0.3302499055862427,0.2935025990009308,0.86,1.08
229727,0.3302499055862427,0.2935025990009308,0.86,1.08
229827,0.3302499055862427,0.2935025990009308,0.87,1.08
229927,0.3302499055862427,0.2935025990009308,0.89,1.08
230027,0.3302499055862427,0.2935025990009308,0.92,1.08
230127,0.3302499055862427,0.2935025990009308,0.92,1.08
230227,0.3302499055862427,0.2935025990009308,0.92,1.08
230327,0.3302499055862427,0.2935025990009308,0.93,1.08
230427,0.3302499055862427,0.2935025990009308,0.93,1.08
230527,0.3302499055862427,0.2935025990009308,0.93,1.08
230627,0.3302499055862427,0.2935025990009308,0.92,1.08
230727,0.3302499055862427,0.2935025990009308,0.94,1.08
230827,0.3302499055862427,0.2935025990009308,0.95,1.08
230927,0.3302499055862427,0.2935025990009308,0.93,1.08
231027,0.3302499055862427,0.2935025990009308,0.93,1.08
231127,0.3302499055862427,0.2935025990009308,0.93,1.08
231227,0.3302499055862427,0.2935025990009308,0.93,1.08
231327,0.3302499055862427,0.2935025990009308,0.94,1.08
231427,0.3302499055862427,0.2935025990009308,0.94,1.08
231527,0.3302499055862427,0.2935025990009308,0.95,1.08
231627,0.3302499055862427,0.2935025990009308,0.95,1.08
231727,0.3302499055862427,0.2935025990009308,0.96,1.08
231827,0.3302499055862427,0.2935025990009308,0.96,1.08
231927,0.3302499055862427,0.2935025990009308,0.96,1.08
232027,0.3302499055862427,0.2935025990009308,0.96,1.08
232127,0.3302499055862427,0.2935025990009308,0.97,1.08
232227,0.3302499055862427,0.2935025990009308,0.97,1.08
232327,0.3302499055862427,0.2935025990009308,0.96,1.08
232427,0.3302499055862427,0.2935025990009308,0.96,1.08
232527,0.3302499055862427,0.2935025990009308,0.96,1.08
232627,0.3302499055862427,0.2935025990009308,0.97,1.08
232727,0.3302499055862427,0.2935025990009308,0.97,1.08
232827,0.3302499055862427,0.2935025990009308,0.97,1.08
232927,0.3302499055862427,0.2935025990009308,0.97,1.08
233027,0.3302499055862427,0.2935025990009308,0.97,1.08
233127,0.3302499055862427,0.2935025990009308,0.97,1.08
233227,0.3302499055862427,0.2935025990009308,0.97,1.08
233327,0.3302499055862427,0.2935025990009308,0.97,1.08
233427,0.3302499055862427,0.2935025990009308,0.97,1.08
233527,0.3302499055862427,0.2935025990009308,0.97,1.08
233627,0.3302499055862427,0.2935025990009308,0.97,1.08
233727,0.3302499055862427,0.2935025990009308,0.97,1.08
233827,0.3302499055862427,0.2935025990009308,0.97,1.08
233927,0.3302499055862427,0.2935025990009308,0.97,1.08
234027,0.3302499055862427,0.2935025990009308,0.96,1.08
234127,0.3302499055862427,0.2935025990009308,0.96,1.08
234227,0.3302499055862427,0.2935025990009308,0.96,1.08
234327,0.3302499055862427,0.2935025990009308,0.96,1.08
234427,0.3302499055862427,0.2935025990009308,0.96,1.08
234527,0.3302499055862427,0.2935025990009308,0.96,1.08
234627,0.3302499055862427,0.2935025990009308,0.96,1.08
234727,0.3302499055862427,0.2935025990009308,0.97,1.08
234827,0.3302499055862427,0.2935025990009308,0.97,1.08
234927,0.3302499055862427,0.2935025990009308,0.98,1.08
235027,0.3302499055862427,0.2935025990009308,0.98,1.08
235127,0.3302499055862427,0.2935025990009308,0.98,1.08
235227,0.3302499055862427,0.2935025990009308,0.98,1.08
235327,0.3302499055862427,0.2935025990009308,0.98,1.08
235427,0.3302499055862427,0.2935025990009308,0.98,1.08
235527,0.3302499055862427,0.2935025990009308,0.98,1.08
235627,0.3302499055862427,0.2935025990009308,0.98,1.08
235727,0.3302499055862427,0.2935025990009308,0.98,1.08
235827,0.3302499055862427,0.2935025990009308,0.98,1.08
235927,0.3302499055862427,0.2935025990009308,0.98,1.08
236027,0.3302499055862427,0.2935025990009308,0.98,1.08
236127,0.3302499055862427,0.2935025990009308,0.98,1.08
236227,0.3302499055862427,0.2935025990009308,0.98,1.08
236327,0.3302499055862427,0.2935025990009308,0.98,1.08
236427,0.3302499055862427,0.2935025990009308,0.98,1.08
236527,0.3302499055862427,0.2935025990009308,0.97,1.08
236627,0.3302499055862427,0.2935025990009308,0.97,1.08
236727,0.3302499055862427,0.2935025990009308,0.97,1.08
236827,0.3302499055862427,0.2935025990009308,0.97,1.08
236927,0.3302499055862427,0.2935025990009308,0.98,1.08
237027,0.3302499055862427,0.2935025990009308,0.98,1.08
237127,0.3302499055862427,0.2935025990009308,0.98,1.08
237227,0.3302499055862427,0.2935025990009308,0.98,1.08
237327,0.3302499055862427,0.2935025990009308,0.98,1.08
237427,0.3302499055862427,0.2935025990009308,0.97,1.08
237527,0.3302499055862427,0.2935025990009308,0.97,1.08
237627,0.3302499055862427,0.2935025990009308,0.97,1.08
237727,0.3302499055862427,0.2935025990009308,0.97,1.08
237827,0.3302499055862427,0.2935025990009308,0.97,1.08
237927,0.3302499055862427,0.2935025990009308,0.97,1.08
238027,0.3302499055862427,0.2935025990009308,0.98,1.08
238127,0.3302499055862427,0.2935025990009308,0.98,1.08
238227,0.3302499055862427,0.2935025990009308,0.98,1.08
238327,0.3302499055862427,0.2935025990009308,0.98,1.08
238427,0.3302499055862427,0.2935025990009308,0.98,1.08
238527,0.3302499055862427,0.2935025990009308,0.98,1.08
238627,0.3302499055862427,0.2935025990009308,0.98,1.08
238727,0.3302499055862427,0.2935025990009308,0.98,1.08
238827,0.3302499055862427,0.2935025990009308,0.98,1.08
238927,0.3302499055862427,0.2935025990009308,0.98,1.08
239027,0.3302499055862427,0.2935025990009308,0.98,1.08
239127,0.3302499055862427,0.2935025990009308,0.97,1.08
239227,0.3302499055862427,0.2935025990009308,0.97,1.08
239327,0.3302499055862427,0.2935025990009308,0.97,1.08
239427,0.3302499055862427,0.2935025990009308,0.98,1.08
239527,0.3302499055862427,0.2935025990009308,0.98,1.08
239627,0.3302499055862427,0.2935025990009308,0.98,1.08
239727,0.3302499055862427,0.2935025990009308,0.98,1.08
239827,0.3302499055862427,0.2935025990009308,0.97,1.08
239927,0.3302499055862427,0.2935025990009308,0.97,1.08
240027,0.3302499055862427,0.2935025990009308,0.97,1.08
240127,0.3302499055862427,0.2935025990009308,0.98,1.08
240227,0.3302499055862427,0.2935025990009308,0.98,1.08
240327,0.3302499055862427,0.2935025990009308,0.98,1.08
240427,0.3302499055862427,0.2935025990009308,0.98,1.08
240527,0.3302499055862427,0.2935025990009308,0.98,1.08
240627,0.3302499055862427,0.2935025990009308,0.98,1.08
240727,0.3302499055862427,0.2935025990009308,0.98,1.08
240827,0.3302499055862427,0.2935025990009308,0.98,1.08
240927,0.3302499055862427,0.2935025990009308,0.98,1.08
241027,0.3302499055862427,0.2935025990009308,0.98,1.08
241127,0.3302499055862427,0.2935025990009308,0.98,1.08
241227,0.3302499055862427,0.2935025990009308,0.98,1.08
241327,0.3302499055862427,0.2935025990009308,0.98,1.08
241427,0.3302499055862427,0.2935025990009308,0.98,1.08
241527,0.3302499055862427,0.2935025990009308,0.97,1.08
241627,0.3302499055862427,0.2935025990009308,0.97,1.08
241727,0.3302499055862427,0.2935025990009308,0.97,1.08
241827,0.3302499055862427,0.2935025990009308,0.97,1.08
241927,0.3302499055862427,0.2935025990009308,0.97,1.08
242027,0.3302499055862427,0.2935025990009308,0.97,1.08
242127,0.3302499055862427,0.2935025990009308,0.97,1.08
242227,0.3302499055862427,0.2935025990009308,0.96,1.08
242327,0.3302499055862427,0.2935025990009308,0.96,1.08
242427,0.3302499055862427,0.2935025990009308,0.97,1.08
242527,0.3302499055862427,0.33852362632751465,0.97,1.08
242627,0.3302499055862427,0.33852362632751465,0.97,1.08
242727,0.3302499055862427,0.33852362632751465,0.97,1.08
242827,0.3302499055862427,0.33852362632751465,0.97,1.08
242927,0.3302499055862427,0.33852362632751465,0.97,1.08
243027,0.3302499055862427,0.33852362632751465,0.97,1.08
243127,0.3302499055862427,0.33852362632751465,0.97,1.08
243227,0.3302499055862427,0.33852362632751465,0.98,1.08
243327,0.3302499055862427,0.33852362632751465,0.98,1.08
243427,0.3302499055862427,0.33852362632751465,0.98,1.08
243527,0.3302499055862427,0.33852362632751465,0.98,1.08
243627,0.3302499055862427,0.33852362632751465,0.98,1.08
243727,0.3302499055862427,0.33852362632751465,0.98,1.08
243827,0.3302499055862427,0.33852362632751465,0.98,1.08
243927,0.3302499055862427,0.33852362632751465,0.98,1.08
244027,0.3302499055862427,0.33852362632751465,0.98,1.08
244127,0.3302499055862427,0.33852362632751465,0.98,1.08
244227,0.3302499055862427,0.33852362632751465,0.98,1.08
244327,0.3302499055862427,0.33852362632751465,0.98,1.08
244427,0.3302499055862427,0.33852362632751465,0.98,1.08
244527,0.3302499055862427,0.33852362632751465,0.98,1.08
244627,0.3302499055862427,0.33852362632751465,0.98,1.08
244727,0.3302499055862427,0.33852362632751465,0.98,1.08
244827,0.3302499055862427,0.33852362632751465,0.98,1.08
244927,0.3302499055862427,0.33852362632751465,0.98,1.08
245027,0.3302499055862427,0.33852362632751465,0.98,1.08
245127,0.3302499055862427,0.33852362632751465,0.98,1.08
245227,0.35010993480682373,0.3824743926525116,0.98,1.08
245327,0.35010993480682373,0.3824743926525116,0.98,1.08
245427,0.35010993480682373,0.3824743926525116,0.98,1.08
245527,0.35010993480682373,0.3824743926525116,0.98,1.08
245627,0.35010993480682373,0.3824743926525116,0.98,1.08
245727,0.35010993480682373,0.3824743926525116,0.98,1.08
245827,0.35010993480682373,0.3824743926525116,0.98,1.08
245927,0.35010993480682373,0.3824743926525116,0.98,1.08
246027,0.35010993480682373,0.3824743926525116,0.98,1.08
246127,0.35010993480682373,0.3824743926525116,0.98,1.08
246227,0.35010993480682373,0.3824743926525116,0.98,1.08
246327,0.35010993480682373,0.3824743926525116,0.98,1.08
246427,0.35010993480682373,0.3824743926525116,0.98,1.08
246527,0.35010993480682373,0.3824743926525116,0.98,1.08
246627,0.35010993480682373,0.3824743926525116,0.98,1.08
246727,0.35010993480682373,0.3824743926525116,0.98,1.08
246827,0.35010993480682373,0.3824743926525116,0.98,1.08
246927,0.35010993480682373,0.3824743926525116,0.98,1.08
247027,0.35010993480682373,0.3824743926525116,0.98,1.08
247127,0.35010993480682373,0.3824743926525116,0.98,1.08
247227,0.35010993480682373,0.3824743926525116,0.98,1.08
247327,0.35010993480682373,0.3824743926525116,0.98,1.08
247427,0.35010993480682373,0.3824743926525116,0.97,1.08
247527,0.35010993480682373,0.3824743926525116,0.97,1.08
247627,0.35010993480682373,0.3824743926525116,0.97,1.08
247727,0.35010993480682373,0.3824743926525116,0.97,1.08
247827,0.35010993480682373,0.3824743926525116,0.97,1.08
247927,0.35010993480682373,0.3824743926525116,0.97,1.08
248027,0.35010993480682373,0.3824743926525116,0.97,1.08
248127,0.35010993480682373,0.3824743926525116,0.98,1.08
248227,0.35010993480682373,0.3824743926525116,0.98,1.08
248327,0.35010993480682373,0.3824743926525116,0.98,1.08
248427,0.35010993480682373,0.3824743926525116,0.98,1.08
248527,0.35010993480682373,0.3824743926525116,0.98,1.08
248627,0.35010993480682373,0.3824743926525116,0.98,1.08
248727,0.35010993480682373,0.3824743926525116,0.97,1.08
248827,0.35010993480682373,0.3824743926525116,0.97,1.08
248927,0.35010993480682373,0.3824743926525116,0.97,1.08
249027,0.35010993480682373,0.3824743926525116,0.97,1.08
249127,0.35010993480682373,0.3824743926525116,0.97,1.08
249227,0.35010993480682373,0.3824743926525116,0.96,1.08
249327,0.35010993480682373,0.3824743926525116,0.96,1.08
249427,0.35010993480682373,0.3824743926525116,0.96,1.08
249527,0.35010993480682373,0.3824743926525116,0.97,1.08
249627,0.35010993480682373,0.3824743926525116,0.97,1.08
249727,0.35010993480682373,0.3824743926525116,0.97,1.08
249827,0.35010993480682373,0.3824743926525116,0.97,1.08
249927,0.35010993480682373,0.3824743926525116,0.97,1.08
250027,0.35010993480682373,0.3824743926525116,0.97,1.08
250127,0.35010993480682373,0.3824743926525116,0.96,1.08
250227,0.35010993480682373,0.3824743926525116,0.96,1.08
250327,0.35010993480682373,0.3824743926525116,0.96,1.08
250427,0.35010993480682373,0.3824743926525116,0.96,1.08
250527,0.35010993480682373,0.3824743926525116,0.96,1.08
250627,0.35010993480682373,0.3824743926525116,0.97,1.08
250727,0.35010993480682373,0.3824743926525116,0.97,1.08
250827,0.35010993480682373,0.3824743926525116,0.98,1.08
250927,0.35010993480682373,0.3824743926525116,0.98,1.08
251027,0.35010993480682373,0.3824743926525116,0.98,1.08
251127,0.35010993480682373,0.3824743926525116,0.98,1.08
251227,0.35010993480682373,0.3824743926525116,0.98,1.08
251327,0.35010993480682373,0.3824743926525116,0.98,1.08
251427,0.35010993480682373,0.3824743926525116,0.98,1.08
251527,0.35010993480682373,0.3824743926525116,0.98,1.08
251627,0.35010993480682373,0.3824743926525116,0.98,1.08
251727,0.35010993480682373,0.3824743926525116,0.98,1.08
251827,0.35010993480682373,0.3824743926525116,0.98,1.08
251927,0.35010993480682373,0.3824743926525116,0.98,1.08
252027,0.35010993480682373,0.3824743926525116,0.98,1.08
252127,0.35010993480682373,0.3824743926525116,0.98,1.08
252227,0.35010993480682373,0.3824743926525116,0.98,1.08
252327,0.35010993480682373,0.3824743926525116,0.98,1.08
252427,0.35010993480682373,0.3824743926525116,0.98,1.08
252527,0.35010993480682373,0.3824743926525116,0.98,1.08
252627,0.35010993480682373,0.3824743926525116,0.98,1.08
252727,0.35010993480682373,0.3824743926525116,0.98,1.08
252827,0.35010993480682373,0.3824743926525116,0.98,1.08
252927,0.35010993480682373,0.3824743926525116,0.98,1.08
253027,0.35010993480682373,0.3824743926525116,0.98,1.08
253127,0.35010993480682373,0.3824743926525116,0.98,1.08
253227,0.35010993480682373,0.3824743926525116,0.98,1.08
253327,0.35010993480682373,0.3824743926525116,0.98,1.08
253427,0.35010993480682373,0.3824743926525116,0.98,1.08
253527,0.35010993480682373,0.3824743926525116,0.98,1.08
253627,0.35010993480682373,0.3824743926525116,0.98,1.08
253727,0.35010993480682373,0.3824743926525116,0.98,1.08
253827,0.3644116520881653,0.3814570903778076,0.98,1.08
253927,0.3644116520881653,0.3814570903778076,0.98,1.08
254027,0.3644116520881653,0.3814570903778076,0.98,1.08
254127,0.3644116520881653,0.3814570903778076,0.98,1.08
254227,0.3644116520881653,0.3814570903778076,0.98,1.08
254327,0.3644116520881653,0.3814570903778076,0.98,1.08
254427,0.3644116520881653,0.3814570903778076,0.98,1.08
254527,0.3644116520881653,0.3814570903778076,0.98,1.08
254627,0.3644116520881653,0.3814570903778076,0.98,1.08
254727,0.3644116520881653,0.3814570903778076,0.98,1.08
254827,0.3644116520881653,0.3814570903778076,0.98,1.08
254927,0.3644116520881653,0.3814570903778076,0.98,1.08
255027,0.3644116520881653,0.3814570903778076,0.98,1.08
255127,0.3644116520881653,0.3814570903778076,0.98,1.08
255227,0.3644116520881653,0.3814570903778076,0.98,1.08
255327,0.3644116520881653,0.3814570903778076,0.98,1.08
255427,0.3644116520881653,0.3814570903778076,0.98,1.08
255527,0.3644116520881653,0.3814570903778076,0.98,1.08
255627,0.3644116520881653,0.3814570903778076,0.98,1.08
255727,0.3644116520881653,0.3814570903778076,0.98,1.08
255827,0.3644116520881653,0.3814570903778076,0.98,1.08
255927,0.3644116520881653,0.3814570903778076,0.98,1.08
256027,0.3644116520881653,0.3814570903778076,0.98,1.08
256127,0.3644116520881653,0.3814570903778076,0.98,1.08
256227,0.3644116520881653,0.3814570903778076,0.98,1.08
265501,0.3644116520881653,0.3814570903778076,0.7,1.10
265601,0.3644116520881653,0.3814570903778076,0.74,1.10
265701,0.3644116520881653,0.3814570903778076,0.77,1.10
265801,0.3644116520881653,0.3814570903778076,0.77,1.10
265901,0.3644116520881653,0.3814570903778076,0.8,1.10
266001,0.3644116520881653,0.3814570903778076,0.8,1.10
266101,0.3644116520881653,0.3814570903778076,0.83,1.10
266201,0.3644116520881653,0.3814570903778076,0.86,1.10
266301,0.3644116520881653,0.3814570903778076,0.88,1.10
266401,0.3644116520881653,0.3814570903778076,0.87,1.10
266501,0.3644116520881653,0.3814570903778076,0.88,1.10
266601,0.3644116520881653,0.3814570903778076,0.9,1.10
266701,0.3644116520881653,0.3814570903778076,0.9,1.10
266801,0.3644116520881653,0.3814570903778076,0.9,1.10
266901,0.3644116520881653,0.3814570903778076,0.9,1.10
267001,0.3644116520881653,0.3814570903778076,0.9,1.10
267101,0.3644116520881653,0.3814570903778076,0.92,1.10
267201,0.3644116520881653,0.3814570903778076,0.94,1.10
267301,0.3644116520881653,0.3814570903778076,0.95,1.10
267401,0.3644116520881653,0.3814570903778076,0.96,1.10
267501,0.3644116520881653,0.3814570903778076,0.96,1.10
267601,0.3644116520881653,0.3814570903778076,0.97,1.10
267701,0.3644116520881653,0.3814570903778076,0.98,1.10
267801,0.3644116520881653,0.3814570903778076,0.97,1.10
267901,0.3644116520881653,0.3814570903778076,0.97,1.10
268001,0.3644116520881653,0.3814570903778076,0.98,1.10
268101,0.3644116520881653,0.3814570903778076,0.98,1.10
268201,0.3644116520881653,0.3814570903778076,0.98,1.10
268301,0.3644116520881653,0.3814570903778076,0.99,1.10
268401,0.3644116520881653,0.3814570903778076,0.99,1.10
268501,0.3644116520881653,0.3814570903778076,0.99,1.10
268601,0.3644116520881653,0.3814570903778076,0.99,1.10
268701,0.3644116520881653,0.3814570903778076,0.99,1.10
268801,0.3644116520881653,0.3814570903778076,0.99,1.10
268901,0.3644116520881653,0.3814570903778076,0.99,1.10
269001,0.3644116520881653,0.3814570903778076,0.99,1.10
269101,0.3644116520881653,0.3814570903778076,1.0,1.10
269201,0.3644116520881653,0.3814570903778076,1.0,1.10
269301,0.3644116520881653,0.3814570903778076,1.0,1.10
269401,0.3644116520881653,0.3814570903778076,1.0,1.10
269501,0.3644116520881653,0.3814570903778076,1.0,1.10
269601,0.3644116520881653,0.3814570903778076,1.0,1.10
269701,0.3644116520881653,0.3814570903778076,0.99,1.10
269801,0.3644116520881653,0.3814570903778076,0.99,1.10
269901,0.3644116520881653,0.3814570903778076,0.99,1.10
270001,0.3644116520881653,0.3814570903778076,0.99,1.10
270101,0.3644116520881653,0.3814570903778076,0.99,1.10
270201,0.3644116520881653,0.3814570903778076,0.99,1.10
270301,0.3644116520881653,0.3814570903778076,0.99,1.10
270401,0.3644116520881653,0.3814570903778076,0.99,1.10
270501,0.3644116520881653,0.3814570903778076,0.99,1.10
270601,0.3644116520881653,0.3814570903778076,0.99,1.10
270701,0.3644116520881653,0.3814570903778076,0.99,1.10
270801,0.3644116520881653,0.3814570903778076,0.99,1.10
270901,0.3644116520881653,0.3814570903778076,1.0,1.10
271001,0.3644116520881653,0.3814570903778076,1.0,1.10
271101,0.3644116520881653,0.3814570903778076,1.0,1.10
271201,0.3644116520881653,0.3814570903778076,1.0,1.10
271301,0.3644116520881653,0.3814570903778076,0.99,1.10
271401,0.3644116520881653,0.3814570903778076,0.99,1.10
271501,0.3644116520881653,0.3814570903778076,0.99,1.10
271601,0.3644116520881653,0.3814570903778076,0.99,1.10
271701,0.3644116520881653,0.3814570903778076,0.99,1.10
271801,0.3644116520881653,0.3814570903778076,1.0,1.10
271901,0.3644116520881653,0.3814570903778076,1.0,1.10
272001,0.3644116520881653,0.3814570903778076,1.0,1.10
272101,0.3644116520881653,0.3814570903778076,0.99,1.10
272201,0.3644116520881653,0.3814570903778076,0.99,1.10
272301,0.3644116520881653,0.3814570903778076,1.0,1.10
272401,0.3644116520881653,0.3814570903778076,1.0,1.10
272501,0.3644116520881653,0.3814570903778076,1.0,1.10
272601,0.3644116520881653,0.3814570903778076,1.0,1.10
272701,0.3644116520881653,0.3814570903778076,1.0,1.10
272801,0.3644116520881653,0.3814570903778076,1.0,1.10
272901,0.3644116520881653,0.3814570903778076,1.0,1.10
273001,0.3644116520881653,0.3814570903778076,1.0,1.10
273101,0.3644116520881653,0.3814570903778076,1.0,1.10
273201,0.3644116520881653,0.3814570903778076,1.0,1.10
273301,0.3644116520881653,0.3814570903778076,1.0,1.10
273401,0.3644116520881653,0.3814570903778076,1.0,1.10
273501,0.3644116520881653,0.3814570903778076,1.0,1.10
273601,0.3644116520881653,0.3814570903778076,1.0,1.10
273701,0.3644116520881653,0.3814570903778076,1.0,1.10
273801,0.3644116520881653,0.3814570903778076,1.0,1.10
273901,0.3644116520881653,0.3814570903778076,1.0,1.10
274001,0.3644116520881653,0.3814570903778076,1.0,1.10
274101,0.3644116520881653,0.3814570903778076,1.0,1.10
274201,0.3644116520881653,0.3814570903778076,1.0,1.10
274301,0.3644116520881653,0.3814570903778076,1.0,1.10
274401,0.3644116520881653,0.3814570903778076,1.0,1.10
274501,0.3644116520881653,0.3814570903778076,1.0,1.10
274601,0.3644116520881653,0.3814570903778076,1.0,1.10
274701,0.3644116520881653,0.3814570903778076,1.0,1.10
274801,0.3644116520881653,0.3814570903778076,1.0,1.10
274901,0.3644116520881653,0.3814570903778076,1.0,1.10
275001,0.3644116520881653,0.3814570903778076,1.0,1.10
275101,0.3644116520881653,0.3814570903778076,1.0,1.10
275201,0.3644116520881653,0.3814570903778076,1.0,1.10
275301,0.3644116520881653,0.3814570903778076,1.0,1.10
275401,0.3644116520881653,0.3814570903778076,1.0,1.10
275501,0.3644116520881653,0.3814570903778076,1.0,1.10
275601,0.3644116520881653,0.3814570903778076,1.0,1.10
275701,0.3644116520881653,0.3814570903778076,1.0,1.10
275801,0.3644116520881653,0.3814570903778076,1.0,1.10
275901,0.3644116520881653,0.3814570903778076,1.0,1.10
276001,0.3644116520881653,0.3814570903778076,1.0,1.10
276101,0.3644116520881653,0.3814570903778076,1.0,1.10
276201,0.3644116520881653,0.3814570903778076,1.0,1.10
276301,0.3644116520881653,0.3814570903778076,1.0,1.10
276401,0.3644116520881653,0.3814570903778076,1.0,1.10
276501,0.3644116520881653,0.3814570903778076,1.0,1.10
276601,0.3644116520881653,0.3814570903778076,1.0,1.10
276701,0.3644116520881653,0.3814570903778076,1.0,1.10
276801,0.3644116520881653,0.3814570903778076,1.0,1.10
276901,0.3644116520881653,0.3814570903778076,1.0,1.10
277001,0.3644116520881653,0.3814570903778076,1.0,1.10
277101,0.3644116520881653,0.3814570903778076,1.0,1.10
277201,0.3644116520881653,0.3814570903778076,1.0,1.10
277301,0.3644116520881653,0.3814570903778076,1.0,1.10
277401,0.3644116520881653,0.3814570903778076,1.0,1.10
277501,0.3644116520881653,0.3814570903778076,1.0,1.10
277601,0.3644116520881653,0.3814570903778076,1.0,1.10
277701,0.3644116520881653,0.3814570903778076,1.0,1.10
277801,0.3644116520881653,0.3814570903778076,1.0,1.10
277901,0.3644116520881653,0.3814570903778076,1.0,1.10
278001,0.3644116520881653,0.3814570903778076,1.0,1.10
278101,0.3644116520881653,0.3814570903778076,1.0,1.10
278201,0.3644116520881653,0.3814570903778076,1.0,1.10
278301,0.3644116520881653,0.3814570903778076,1.0,1.10
278401,0.3644116520881653,0.3814570903778076,1.0,1.10
278501,0.3644116520881653,0.3814570903778076,1.0,1.10
278601,0.3644116520881653,0.3814570903778076,1.0,1.10
278701,0.3644116520881653,0.3814570903778076,1.0,1.10
278801,0.3644116520881653,0.3814570903778076,1.0,1.10
278901,0.3644116520881653,0.3814570903778076,1.0,1.10
279001,0.3644116520881653,0.3814570903778076,1.0,1.10
279101,0.3644116520881653,0.3814570903778076,1.0,1.10
279201,0.3644116520881653,0.3814570903778076,1.0,1.10
279301,0.3644116520881653,0.3814570903778076,1.0,1.10
279401,0.3644116520881653,0.3814570903778076,1.0,1.10
279501,0.3644116520881653,0.3814570903778076,1.0,1.10
279601,0.3644116520881653,0.3814570903778076,1.0,1.10
279701,0.3644116520881653,0.3814570903778076,1.0,1.10
279801,0.3644116520881653,0.3814570903778076,1.0,1.10
279901,0.3644116520881653,0.3814570903778076,1.0,1.10
280001,0.3644116520881653,0.3814570903778076,1.0,1.10
280101,0.3644116520881653,0.3814570903778076,1.0,1.10
280201,0.3644116520881653,0.3814570903778076,1.0,1.10
280301,0.3644116520881653,0.3814570903778076,1.0,1.10
280401,0.3644116520881653,0.3814570903778076,1.0,1.10
280501,0.3644116520881653,0.3814570903778076,1.0,1.10
280601,0.3644116520881653,0.3814570903778076,1.0,1.10
280701,0.3644116520881653,0.3814570903778076,1.0,1.10
280801,0.3644116520881653,0.3814570903778076,1.0,1.10
280901,0.3644116520881653,0.3814570903778076,1.0,1.10
281001,0.3644116520881653,0.3814570903778076,1.0,1.10
281101,0.3644116520881653,0.3814570903778076,1.0,1.10
281201,0.3644116520881653,0.3814570903778076,1.0,1.10
281301,0.3644116520881653,0.3814570903778076,1.0,1.10
281401,0.3644116520881653,0.3814570903778076,1.0,1.10
281501,0.3644116520881653,0.3814570903778076,1.0,1.10
281601,0.3644116520881653,0.3814570903778076,1.0,1.10
281701,0.3644116520881653,0.3814570903778076,1.0,1.10
281801,0.3644116520881653,0.3814570903778076,1.0,1.10
281901,0.3644116520881653,0.3814570903778076,1.0,1.10
282001,0.3644116520881653,0.3814570903778076,1.0,1.10
282101,0.3644116520881653,0.3814570903778076,1.0,1.10
282201,0.3644116520881653,0.3814570903778076,1.0,1.10
282301,0.3644116520881653,0.3814570903778076,1.0,1.10
282401,0.3644116520881653,0.3814570903778076,1.0,1.10
282501,0.3644116520881653,0.3814570903778076,1.0,1.10
282601,0.3644116520881653,0.3814570903778076,1.0,1.10
282701,0.3644116520881653,0.3814570903778076,1.0,1.10
282801,0.3644116520881653,0.3814570903778076,1.0,1.10
282901,0.3644116520881653,0.3814570903778076,1.0,1.10
283001,0.3644116520881653,0.3814570903778076,1.0,1.10
283101,0.3644116520881653,0.3814570903778076,1.0,1.10
283201,0.3644116520881653,0.3814570903778076,1.0,1.10
283301,0.3644116520881653,0.3814570903778076,1.0,1.10
283401,0.3644116520881653,0.3814570903778076,1.0,1.10
283501,0.3644116520881653,0.3814570903778076,1.0,1.10
283601,0.3644116520881653,0.3814570903778076,1.0,1.10
283701,0.3644116520881653,0.3814570903778076,1.0,1.10
283801,0.3644116520881653,0.3814570903778076,1.0,1.10
283901,0.3644116520881653,0.3814570903778076,1.0,1.10
284001,0.3644116520881653,0.3814570903778076,1.0,1.10
284101,0.3644116520881653,0.3814570903778076,1.0,1.10
284201,0.3644116520881653,0.3814570903778076,1.0,1.10
284301,0.3644116520881653,0.3814570903778076,1.0,1.10
284401,0.3644116520881653,0.3814570903778076,1.0,1.10
284501,0.3644116520881653,0.3814570903778076,1.0,1.10
284601,0.3644116520881653,0.3814570903778076,1.0,1.10
284701,0.3644116520881653,0.3814570903778076,1.0,1.10
284801,0.3644116520881653,0.3814570903778076,1.0,1.10
284901,0.37236523628234863,0.3937075138092041,1.0,1.10
285001,0.37236523628234863,0.3937075138092041,1.0,1.10
285101,0.37236523628234863,0.3937075138092041,1.0,1.10
285201,0.37236523628234863,0.3937075138092041,1.0,1.10
285301,0.37236523628234863,0.3937075138092041,1.0,1.10
285401,0.37236523628234863,0.3937075138092041,1.0,1.10
285501,0.37236523628234863,0.3937075138092041,1.0,1.10
285601,0.37236523628234863,0.3937075138092041,1.0,1.10
285701,0.37236523628234863,0.3937075138092041,1.0,1.10
285801,0.37236523628234863,0.3937075138092041,1.0,1.10
285901,0.37236523628234863,0.3937075138092041,1.0,1.10
286001,0.37236523628234863,0.3937075138092041,1.0,1.10
286101,0.37236523628234863,0.3937075138092041,1.0,1.10
286201,0.37236523628234863,0.3937075138092041,1.0,1.10
286301,0.37236523628234863,0.3937075138092041,1.0,1.10
286401,0.37236523628234863,0.3937075138092041,1.0,1.10
286501,0.37236523628234863,0.3937075138092041,1.0,1.10
286601,0.37236523628234863,0.3937075138092041,1.0,1.10
286701,0.37236523628234863,0.3937075138092041,1.0,1.10
286801,0.37236523628234863,0.3937075138092041,1.0,1.10
286901,0.37236523628234863,0.3937075138092041,1.0,1.10
287001,0.37236523628234863,0.3937075138092041,1.0,1.10
287101,0.37236523628234863,0.3937075138092041,1.0,1.10
287201,0.37236523628234863,0.3937075138092041,1.0,1.10
287301,0.37236523628234863,0.3937075138092041,1.0,1.10
287401,0.37236523628234863,0.3937075138092041,1.0,1.10
287501,0.37236523628234863,0.3937075138092041,1.0,1.10
287601,0.37236523628234863,0.3937075138092041,1.0,1.10
287701,0.37236523628234863,0.3937075138092041,1.0,1.10
287801,0.37236523628234863,0.3937075138092041,1.0,1.10
287901,0.37236523628234863,0.3937075138092041,1.0,1.10
288001,0.37236523628234863,0.3937075138092041,1.0,1.10
288101,0.37236523628234863,0.3937075138092041,1.0,1.10
288201,0.37236523628234863,0.3937075138092041,1.0,1.10
288301,0.37236523628234863,0.3937075138092041,1.0,1.10
288401,0.37236523628234863,0.3937075138092041,1.0,1.10
288501,0.37236523628234863,0.3937075138092041,1.0,1.10
288601,0.37236523628234863,0.3937075138092041,1.0,1.10
288701,0.37236523628234863,0.3937075138092041,1.0,1.10
288801,0.37236523628234863,0.3937075138092041,1.0,1.10
288901,0.37236523628234863,0.3937075138092041,1.0,1.10
289001,0.37236523628234863,0.3937075138092041,1.0,1.10
289101,0.37236523628234863,0.3937075138092041,1.0,1.10
289201,0.37236523628234863,0.3937075138092041,1.0,1.10
289301,0.37236523628234863,0.3937075138092041,1.0,1.10
289401,0.37236523628234863,0.3937075138092041,1.0,1.10
289501,0.37236523628234863,0.3937075138092041,1.0,1.10
289601,0.37236523628234863,0.3937075138092041,1.0,1.10
289701,0.37236523628234863,0.3937075138092041,1.0,1.10
289801,0.37236523628234863,0.3937075138092041,1.0,1.10
289901,0.37236523628234863,0.3937075138092041,1.0,1.10
290001,0.37236523628234863,0.3937075138092041,1.0,1.10
290101,0.37236523628234863,0.3937075138092041,1.0,1.10
290201,0.37236523628234863,0.3937075138092041,1.0,1.10
290301,0.37236523628234863,0.3937075138092041,1.0,1.10
290401,0.37236523628234863,0.3937075138092041,1.0,1.10
290501,0.37236523628234863,0.3937075138092041,1.0,1.10
290601,0.37236523628234863,0.3937075138092041,0.99,1.10
290701,0.37236523628234863,0.3937075138092041,0.99,1.10
290801,0.37236523628234863,0.3937075138092041,0.99,1.10
290901,0.37236523628234863,0.3937075138092041,0.99,1.10
291001,0.37236523628234863,0.3937075138092041,0.99,1.10
291101,0.37236523628234863,0.3937075138092041,1.0,1.10
291201,0.37236523628234863,0.3937075138092041,1.0,1.10
291301,0.37236523628234863,0.3937075138092041,1.0,1.10
291401,0.37236523628234863,0.3937075138092041,1.0,1.10
291501,0.37236523628234863,0.3937075138092041,1.0,1.10
291601,0.37236523628234863,0.3937075138092041,1.0,1.10
291701,0.37236523628234863,0.3937075138092041,1.0,1.10
291801,0.37236523628234863,0.3937075138092041,1.0,1.10
291901,0.37236523628234863,0.3937075138092041,1.0,1.10
292001,0.37236523628234863,0.3937075138092041,1.0,1.10
292101,0.37236523628234863,0.3937075138092041,1.0,1.10
292201,0.37236523628234863,0.3937075138092041,1.0,1.10
292301,0.37236523628234863,0.3937075138092041,1.0,1.10
292401,0.37236523628234863,0.3937075138092041,1.0,1.10
292501,0.37236523628234863,0.3937075138092041,1.0,1.10
292601,0.37236523628234863,0.3937075138092041,1.0,1.10
292701,0.37236523628234863,0.3937075138092041,1.0,1.10
292801,0.37236523628234863,0.3937075138092041,1.0,1.10
292901,0.37236523628234863,0.3937075138092041,1.0,1.10
293001,0.37236523628234863,0.3937075138092041,1.0,1.10
293101,0.37236523628234863,0.3937075138092041,1.0,1.10
293201,0.37236523628234863,0.3937075138092041,1.0,1.10
293301,0.37236523628234863,0.3814570903778076,0.69,1.08
293401,0.37236523628234863,0.3814570903778076,0.72,1.08
293501,0.37236523628234863,0.3814570903778076,0.75,1.08
293601,0.37236523628234863,0.3814570903778076,0.79,1.08
293701,0.37236523628234863,0.3814570903778076,0.83,1.08
293801,0.37236523628234863,0.3814570903778076,0.85,1.08
293901,0.37236523628234863,0.3814570903778076,0.87,1.08
294001,0.37236523628234863,0.3814570903778076,0.88,1.08
294101,0.37236523628234863,0.3814570903778076,0.9,1.08
294201,0.37236523628234863,0.3814570903778076,0.92,1.08
294301,0.37236523628234863,0.3814570903778076,0.93,1.08
294401,0.37236523628234863,0.3814570903778076,0.94,1.08
294501,0.37236523628234863,0.3814570903778076,0.94,1.08
294601,0.37236523628234863,0.3814570903778076,0.94,1.08
294701,0.37236523628234863,0.3814570903778076,0.94,1.08
294801,0.37236523628234863,0.3814570903778076,0.94,1.08
294901,0.37236523628234863,0.3814570903778076,0.94,1.08
295001,0.37236523628234863,0.3814570903778076,0.94,1.08
295101,0.37236523628234863,0.3814570903778076,0.95,1.08
295201,0.37236523628234863,0.3814570903778076,0.97,1.08
295301,0.37236523628234863,0.3814570903778076,0.97,1.08
295401,0.37236523628234863,0.3814570903778076,0.97,1.08
295501,0.37236523628234863,0.3814570903778076,0.97,1.08
295601,0.37236523628234863,0.3814570903778076,0.97,1.08
295701,0.37236523628234863,0.3814570903778076,0.99,1.08
295801,0.37236523628234863,0.3814570903778076,0.99,1.08
295901,0.37236523628234863,0.3814570903778076,0.99,1.08
296001,0.37236523628234863,0.3814570903778076,1.0,1.08
296101,0.37236523628234863,0.3814570903778076,1.0,1.08
296201,0.37236523628234863,0.3814570903778076,1.0,1.08
296301,0.37236523628234863,0.3814570903778076,1.0,1.08
296401,0.37236523628234863,0.3814570903778076,1.0,1.08
296501,0.37236523628234863,0.3814570903778076,1.0,1.08
296601,0.37236523628234863,0.3814570903778076,1.0,1.08
296701,0.37236523628234863,0.3814570903778076,1.0,1.08
296801,0.37236523628234863,0.3814570903778076,1.0,1.08
296901,0.37236523628234863,0.3814570903778076,1.0,1.08
297001,0.37236523628234863,0.3814570903778076,1.0,1.08
297101,0.37236523628234863,0.3937075138092041,1.0,1.08
297201,0.37236523628234863,0.3937075138092041,1.0,1.08
297301,0.37236523628234863,0.3937075138092041,0.99,1.08
297401,0.37236523628234863,0.3937075138092041,0.99,1.08
297501,0.37236523628234863,0.3937075138092041,0.99,1.08
297601,0.37236523628234863,0.3937075138092041,0.99,1.08
297701,0.37236523628234863,0.3937075138092041,0.99,1.08
297801,0.37236523628234863,0.3937075138092041,0.99,1.08
297901,0.37236523628234863,0.3937075138092041,0.99,1.08
298001,0.37236523628234863,0.3937075138092041,0.99,1.08
298101,0.37236523628234863,0.3937075138092041,1.0,1.08
298201,0.37236523628234863,0.3937075138092041,1.0,1.08
298301,0.37236523628234863,0.3937075138092041,1.0,1.08
298401,0.37236523628234863,0.3937075138092041,1.0,1.08
298501,0.37236523628234863,0.3937075138092041,1.0,1.08
298601,0.37236523628234863,0.3937075138092041,1.0,1.08
298701,0.37236523628234863,0.3937075138092041,1.0,1.08
298801,0.37236523628234863,0.3937075138092041,1.0,1.08
298901,0.37236523628234863,0.3937075138092041,1.0,1.08
299001,0.37236523628234863,0.3937075138092041,1.0,1.08
299101,0.37236523628234863,0.3937075138092041,1.0,1.08
299201,0.37236523628234863,0.3937075138092041,1.0,1.08
299301,0.37236523628234863,0.3937075138092041,1.0,1.08
299401,0.37236523628234863,0.3937075138092041,1.0,1.08
299501,0.37236523628234863,0.3937075138092041,1.0,1.08
299601,0.37236523628234863,0.3937075138092041,1.0,1.08
299701,0.37236523628234863,0.3937075138092041,1.0,1.08
299801,0.37236523628234863,0.3937075138092041,1.0,1.08
299901,0.37236523628234863,0.3937075138092041,1.0,1.08
300001,0.37236523628234863,0.3937075138092041,1.0,1.08
300101,0.37236523628234863,0.3937075138092041,1.0,1.08
300201,0.37236523628234863,0.3937075138092041,1.0,1.08
300301,0.37236523628234863,0.3937075138092041,1.0,1.08
300401,0.37236523628234863,0.3937075138092041,1.0,1.08
300501,0.37236523628234863,0.3937075138092041,1.0,1.08
300601,0.37236523628234863,0.3937075138092041,1.0,1.08
300701,0.37236523628234863,0.3937075138092041,1.0,1.08
300801,0.37236523628234863,0.3937075138092041,1.0,1.08
300901,0.37236523628234863,0.3937075138092041,1.0,1.08
301001,0.37236523628234863,0.3937075138092041,1.0,1.08
301101,0.37236523628234863,0.3937075138092041,1.0,1.08
301201,0.37236523628234863,0.3937075138092041,1.0,1.08
301301,0.37236523628234863,0.3937075138092041,1.0,1.08
301401,0.37236523628234863,0.3937075138092041,1.0,1.08
301501,0.37236523628234863,0.3937075138092041,1.0,1.08
301601,0.37236523628234863,0.3937075138092041,1.0,1.08
301701,0.37236523628234863,0.3937075138092041,1.0,1.08
301801,0.37236523628234863,0.3937075138092041,1.0,1.08
301901,0.37236523628234863,0.3937075138092041,1.0,1.08
302001,0.37236523628234863,0.3937075138092041,1.0,1.08
302101,0.37236523628234863,0.3937075138092041,1.0,1.08
302201,0.37236523628234863,0.3937075138092041,1.0,1.08
302301,0.37236523628234863,0.3937075138092041,1.0,1.08
302401,0.37236523628234863,0.3937075138092041,1.0,1.08
302501,0.37236523628234863,0.3937075138092041,1.0,1.08
302601,0.37236523628234863,0.3937075138092041,1.0,1.08
302701,0.37236523628234863,0.3937075138092041,1.0,1.08
302801,0.37236523628234863,0.3937075138092041,1.0,1.08
302901,0.37236523628234863,0.3937075138092041,1.0,1.08
303001,0.37236523628234863,0.3937075138092041,1.0,1.08
303101,0.37236523628234863,0.3937075138092041,1.0,1.08
303201,0.37236523628234863,0.3937075138092041,1.0,1.08
303301,0.37236523628234863,0.3937075138092041,1.0,1.08
303401,0.37236523628234863,0.3937075138092041,1.0,1.08
303501,0.37236523628234863,0.3937075138092041,1.0,1.08
303601,0.37236523628234863,0.3937075138092041,1.0,1.08
303701,0.37236523628234863,0.3937075138092041,1.0,1.08
303801,0.37236523628234863,0.3937075138092041,1.0,1.08
303901,0.37236523628234863,0.3937075138092041,1.0,1.08
304001,0.37236523628234863,0.3937075138092041,1.0,1.08
304101,0.37236523628234863,0.3937075138092041,1.0,1.08
304201,0.37236523628234863,0.3937075138092041,1.0,1.08
304301,0.37236523628234863,0.3937075138092041,1.0,1.08
304401,0.37236523628234863,0.3937075138092041,1.0,1.08
304501,0.37236523628234863,0.3937075138092041,1.0,1.08
304601,0.37236523628234863,0.3937075138092041,1.0,1.08
304701,0.37236523628234863,0.3937075138092041,1.0,1.08
304801,0.37236523628234863,0.3937075138092041,1.0,1.08
304901,0.37236523628234863,0.3937075138092041,1.0,1.08
305001,0.37236523628234863,0.3937075138092041,1.0,1.08
305101,0.37236523628234863,0.3937075138092041,1.0,1.08
305201,0.37236523628234863,0.3937075138092041,1.0,1.08
305301,0.37236523628234863,0.3937075138092041,1.0,1.08
305401,0.37236523628234863,0.3937075138092041,1.0,1.08
305501,0.37236523628234863,0.3937075138092041,1.0,1.08
305601,0.37236523628234863,0.3937075138092041,1.0,1.08
305701,0.37236523628234863,0.3937075138092041,1.0,1.08
305801,0.37236523628234863,0.3937075138092041,1.0,1.08
305901,0.37236523628234863,0.3937075138092041,1.0,1.08
306001,0.37236523628234863,0.3937075138092041,1.0,1.08
306101,0.37236523628234863,0.3937075138092041,1.0,1.08
306201,0.37236523628234863,0.3937075138092041,1.0,1.08
306301,0.37236523628234863,0.3937075138092041,1.0,1.08
306401,0.37236523628234863,0.3937075138092041,1.0,1.08
306501,0.37236523628234863,0.3937075138092041,1.0,1.08
306601,0.37236523628234863,0.3937075138092041,1.0,1.08
306701,0.37236523628234863,0.3937075138092041,1.0,1.08
306801,0.37236523628234863,0.3937075138092041,1.0,1.08
306901,0.37236523628234863,0.3937075138092041,1.0,1.08
307001,0.37236523628234863,0.3937075138092041,1.0,1.08
307101,0.37236523628234863,0.3937075138092041,1.0,1.08
307201,0.37236523628234863,0.3937075138092041,1.0,1.08
307301,0.37236523628234863,0.3937075138092041,1.0,1.08
307401,0.37236523628234863,0.3937075138092041,1.0,1.08
307501,0.37236523628234863,0.3937075138092041,1.0,1.08
307601,0.37236523628234863,0.3937075138092041,1.0,1.08
307701,0.37236523628234863,0.3937075138092041,1.0,1.08
307801,0.37236523628234863,0.3937075138092041,1.0,1.08
307901,0.37236523628234863,0.3937075138092041,1.0,1.08
308001,0.37236523628234863,0.3937075138092041,1.0,1.08
308101,0.37236523628234863,0.3937075138092041,1.0,1.08
308201,0.37236523628234863,0.3937075138092041,1.0,1.08
308301,0.37236523628234863,0.3937075138092041,1.0,1.08
308401,0.37236523628234863,0.3937075138092041,1.0,1.08
308501,0.37236523628234863,0.3937075138092041,1.0,1.08
308601,0.37236523628234863,0.3937075138092041,1.0,1.08
308701,0.37236523628234863,0.3937075138092041,1.0,1.08
308801,0.37236523628234863,0.3937075138092041,1.0,1.08
308901,0.37236523628234863,0.3937075138092041,1.0,1.08
309001,0.37236523628234863,0.3937075138092041,1.0,1.08
309101,0.37236523628234863,0.3937075138092041,1.0,1.08
309201,0.37236523628234863,0.3937075138092041,1.0,1.08
309301,0.37236523628234863,0.3937075138092041,1.0,1.08
309401,0.37236523628234863,0.3937075138092041,1.0,1.08
309501,0.37236523628234863,0.3937075138092041,1.0,1.08
309601,0.37236523628234863,0.3937075138092041,1.0,1.08
309701,0.37236523628234863,0.3937075138092041,1.0,1.08
309801,0.37236523628234863,0.3937075138092041,1.0,1.08
309901,0.37236523628234863,0.3937075138092041,1.0,1.08
310001,0.37236523628234863,0.3937075138092041,1.0,1.08
310101,0.37236523628234863,0.3937075138092041,1.0,1.08
310201,0.37236523628234863,0.3937075138092041,0.99,1.08
310301,0.37236523628234863,0.3937075138092041,0.99,1.08
310401,0.37236523628234863,0.3937075138092041,0.99,1.08
310501,0.37236523628234863,0.3937075138092041,0.99,1.08
310601,0.37236523628234863,0.3937075138092041,0.99,1.08
310701,0.37236523628234863,0.3937075138092041,0.99,1.08
310801,0.37236523628234863,0.3937075138092041,0.99,1.08
310901,0.37236523628234863,0.3937075138092041,0.99,1.08
311001,0.37236523628234863,0.3937075138092041,0.99,1.08
311101,0.37236523628234863,0.3937075138092041,0.99,1.08
311201,0.37236523628234863,0.3937075138092041,0.99,1.08
311301,0.37236523628234863,0.3937075138092041,0.99,1.08
311401,0.37236523628234863,0.3937075138092041,0.99,1.08
311501,0.37236523628234863,0.3937075138092041,0.99,1.08
311601,0.37236523628234863,0.3937075138092041,0.99,1.08
311701,0.37236523628234863,0.3937075138092041,0.99,1.08
311801,0.37236523628234863,0.3937075138092041,1.0,1.08
311901,0.37236523628234863,0.3937075138092041,1.0,1.08
312001,0.37236523628234863,0.3937075138092041,1.0,1.08
312101,0.37236523628234863,0.3937075138092041,1.0,1.08
312201,0.37236523628234863,0.3937075138092041,1.0,1.08
312301,0.37236523628234863,0.3937075138092041,1.0,1.08
312401,0.37236523628234863,0.3937075138092041,1.0,1.08
312501,0.37236523628234863,0.3937075138092041,1.0,1.08
312601,0.37236523628234863,0.3937075138092041,1.0,1.08
312701,0.37236523628234863,0.3937075138092041,1.0,1.08
312801,0.37236523628234863,0.3937075138092041,1.0,1.08
312901,0.37236523628234863,0.3937075138092041,1.0,1.08
313001,0.37236523628234863,0.3937075138092041,1.0,1.08
313101,0.37236523628234863,0.3937075138092041,1.0,1.08
313201,0.37236523628234863,0.3937075138092041,1.0,1.08
313301,0.37236523628234863,0.3937075138092041,1.0,1.08
313401,0.37236523628234863,0.3937075138092041,1.0,1.08
313501,0.37236523628234863,0.3937075138092041,1.0,1.08
313601,0.37236523628234863,0.3937075138092041,1.0,1.08
313701,0.37236523628234863,0.3937075138092041,1.0,1.08
313801,0.37236523628234863,0.3937075138092041,1.0,1.08
313901,0.37236523628234863,0.3937075138092041,1.0,1.08
314001,0.37236523628234863,0.3937075138092041,1.0,1.08
314101,0.37236523628234863,0.3937075138092041,1.0,1.08
314201,0.37236523628234863,0.3937075138092041,1.0,1.08
314301,0.37236523628234863,0.3937075138092041,1.0,1.08
314401,0.37236523628234863,0.3937075138092041,1.0,1.08
314501,0.37236523628234863,0.3937075138092041,1.0,1.08
314601,0.37236523628234863,0.3937075138092041,1.0,1.08
314701,0.37236523628234863,0.3937075138092041,1.0,1.08
314801,0.37236523628234863,0.3937075138092041,1.0,1.08
314901,0.37236523628234863,0.3937075138092041,1.0,1.08
315001,0.37236523628234863,0.3937075138092041,1.0,1.08
315101,0.37236523628234863,0.3937075138092041,1.0,1.08
315201,0.37236523628234863,0.3937075138092041,1.0,1.08
315301,0.37236523628234863,0.3937075138092041,1.0,1.08
315401,0.37236523628234863,0.3937075138092041,1.0,1.08
315501,0.37236523628234863,0.3937075138092041,1.0,1.08
315601,0.37236523628234863,0.3937075138092041,1.0,1.08
315701,0.37236523628234863,0.3937075138092041,1.0,1.08
315801,0.37236523628234863,0.3937075138092041,1.0,1.08
315901,0.37236523628234863,0.3937075138092041,1.0,1.08
316001,0.37236523628234863,0.3937075138092041,1.0,1.08
316101,0.37236523628234863,0.3937075138092041,1.0,1.08
316201,0.37236523628234863,0.3937075138092041,1.0,1.08
316301,0.37236523628234863,0.3937075138092041,1.0,1.08
316401,0.37236523628234863,0.3937075138092041,1.0,1.08
316501,0.37236523628234863,0.3937075138092041,1.0,1.08
316601,0.37236523628234863,0.3937075138092041,1.0,1.08
316701,0.37236523628234863,0.3937075138092041,1.0,1.08
316801,0.37236523628234863,0.3937075138092041,1.0,1.08
316901,0.37236523628234863,0.3937075138092041,1.0,1.08
317001,0.37236523628234863,0.3937075138092041,1.0,1.08
317101,0.37236523628234863,0.3937075138092041,1.0,1.08
317201,0.37236523628234863,0.3937075138092041,1.0,1.08
317301,0.37236523628234863,0.3937075138092041,1.0,1.08
317401,0.37236523628234863,0.3937075138092041,1.0,1.08
317501,0.37236523628234863,0.3937075138092041,1.0,1.08
317601,0.37236523628234863,0.3937075138092041,1.0,1.08
317701,0.37236523628234863,0.3937075138092041,1.0,1.08
317801,0.37236523628234863,0.3937075138092041,1.0,1.08
317901,0.37236523628234863,0.3937075138092041,1.0,1.08
318001,0.37236523628234863,0.3937075138092041,1.0,1.08
318101,0.37236523628234863,0.3937075138092041,1.0,1.08
318201,0.37236523628234863,0.3937075138092041,1.0,1.08
318301,0.37236523628234863,0.3937075138092041,1.0,1.08
318401,0.37236523628234863,0.3937075138092041,1.0,1.08
318501,0.37236523628234863,0.3937075138092041,1.0,1.08
318601,0.37236523628234863,0.3937075138092041,1.0,1.08
318701,0.37236523628234863,0.3937075138092041,1.0,1.08
318801,0.37236523628234863,0.3937075138092041,1.0,1.08
318901,0.37236523628234863,0.3937075138092041,1.0,1.08
319001,0.37236523628234863,0.3937075138092041,1.0,1.08
319101,0.37236523628234863,0.3937075138092041,1.0,1.08
319201,0.37236523628234863,0.3937075138092041,1.0,1.08
319301,0.37236523628234863,0.3937075138092041,1.0,1.08
319401,0.37236523628234863,0.3937075138092041,1.0,1.08
319501,0.37236523628234863,0.3937075138092041,1.0,1.08
319601,0.37236523628234863,0.3937075138092041,1.0,1.08
319701,0.37236523628234863,0.3937075138092041,1.0,1.08
319801,0.37236523628234863,0.3937075138092041,1.0,1.08
319901,0.37236523628234863,0.3937075138092041,1.0,1.08
320001,0.37236523628234863,0.3937075138092041,1.0,1.08
320101,0.37236523628234863,0.3937075138092041,1.0,1.08
320201,0.37236523628234863,0.3937075138092041,1.0,1.08
320301,0.37236523628234863,0.3937075138092041,1.0,1.08
320401,0.37236523628234863,0.3937075138092041,1.0,1.08
320501,0.37236523628234863,0.3937075138092041,1.0,1.08
320601,0.37236523628234863,0.3937075138092041,1.0,1.08
320701,0.37236523628234863,0.3937075138092041,1.0,1.08
320801,0.37236523628234863,0.3937075138092041,0.99,1.08
320901,0.37236523628234863,0.3937075138092041,0.99,1.08
321001,0.37236523628234863,0.3937075138092041,0.99,1.08
326928,0.37236523628234863,0.3937075138092041,0.87,1.12
327028,0.37236523628234863,0.3937075138092041,0.91,1.12
327128,0.37236523628234863,0.3937075138092041,0.9,1.12
327228,0.37236523628234863,0.3937075138092041,0.92,1.12
327328,0.37236523628234863,0.3937075138092041,0.94,1.12
327428,0.37236523628234863,0.3937075138092041,0.94,1.12
327528,0.37236523628234863,0.3937075138092041,0.96,1.12
327628,0.37236523628234863,0.3937075138092041,0.97,1.12
327728,0.37236523628234863,0.3937075138092041,0.97,1.12
327828,0.37236523628234863,0.3937075138092041,0.97,1.12
327928,0.37236523628234863,0.3937075138092041,0.96,1.12
328028,0.37236523628234863,0.3937075138092041,0.96,1.12
328128,0.37236523628234863,0.3937075138092041,0.97,1.12
328228,0.37236523628234863,0.3937075138092041,0.97,1.12
328328,0.37236523628234863,0.3937075138092041,0.97,1.12
328428,0.37236523628234863,0.3937075138092041,0.97,1.12
328528,0.37236523628234863,0.3937075138092041,0.97,1.12
328628,0.37236523628234863,0.3937075138092041,0.96,1.12
328728,0.37236523628234863,0.3937075138092041,0.96,1.12
328828,0.37236523628234863,0.3937075138092041,0.98,1.12
328928,0.37236523628234863,0.3937075138092041,0.99,1.12
329028,0.37236523628234863,0.3937075138092041,0.99,1.12
329128,0.37236523628234863,0.3937075138092041,0.99,1.12
329228,0.37236523628234863,0.3937075138092041,1.0,1.12
329328,0.37236523628234863,0.3937075138092041,1.0,1.12
329428,0.37236523628234863,0.3937075138092041,1.0,1.12
329528,0.37236523628234863,0.3937075138092041,0.99,1.12
329628,0.37236523628234863,0.3937075138092041,0.99,1.12
329728,0.37236523628234863,0.3937075138092041,0.99,1.12
329828,0.37236523628234863,0.3937075138092041,1.0,1.12
329928,0.37236523628234863,0.3937075138092041,1.0,1.12
330028,0.37236523628234863,0.3937075138092041,1.0,1.12
330128,0.37236523628234863,0.3937075138092041,1.0,1.12
330228,0.37236523628234863,0.3937075138092041,1.0,1.12
330328,0.37236523628234863,0.3937075138092041,1.0,1.12
330428,0.37236523628234863,0.3937075138092041,1.0,1.12
330528,0.37236523628234863,0.3937075138092041,1.0,1.12
330628,0.37236523628234863,0.3937075138092041,1.0,1.12
330728,0.37236523628234863,0.3937075138092041,1.0,1.12
330828,0.37236523628234863,0.3937075138092041,1.0,1.12
330928,0.37236523628234863,0.3937075138092041,1.0,1.12
331028,0.37236523628234863,0.3937075138092041,1.0,1.12
331128,0.37236523628234863,0.3937075138092041,1.0,1.12
331228,0.37236523628234863,0.3937075138092041,1.0,1.12
331328,0.37236523628234863,0.3937075138092041,1.0,1.12
331428,0.37236523628234863,0.3937075138092041,1.0,1.12
331528,0.37236523628234863,0.3937075138092041,0.99,1.12
331628,0.37236523628234863,0.3937075138092041,0.99,1.12
331728,0.37236523628234863,0.3937075138092041,1.0,1.12
331828,0.37236523628234863,0.3937075138092041,1.0,1.12
331928,0.37236523628234863,0.3937075138092041,1.0,1.12
332028,0.37236523628234863,0.3937075138092041,1.0,1.12
332128,0.37236523628234863,0.3937075138092041,1.0,1.12
332228,0.37236523628234863,0.3937075138092041,1.0,1.12
332328,0.37236523628234863,0.3937075138092041,1.0,1.12
332428,0.37236523628234863,0.3937075138092041,1.0,1.12
332528,0.37236523628234863,0.3937075138092041,1.0,1.12
332628,0.37236523628234863,0.3937075138092041,1.0,1.12
332728,0.37236523628234863,0.3937075138092041,1.0,1.12
332828,0.37236523628234863,0.3937075138092041,1.0,1.12
332928,0.37236523628234863,0.3937075138092041,1.0,1.12
333028,0.37236523628234863,0.3937075138092041,1.0,1.12
333128,0.37236523628234863,0.3937075138092041,1.0,1.12
333228,0.37236523628234863,0.3937075138092041,1.0,1.12
333328,0.37236523628234863,0.3937075138092041,1.0,1.12
333428,0.37236523628234863,0.3937075138092041,1.0,1.12
333528,0.37236523628234863,0.3937075138092041,1.0,1.12
333628,0.37236523628234863,0.3937075138092041,1.0,1.12
333728,0.37236523628234863,0.3937075138092041,1.0,1.12
333828,0.37236523628234863,0.3937075138092041,1.0,1.12
333928,0.37236523628234863,0.3937075138092041,1.0,1.12
334028,0.37236523628234863,0.3937075138092041,1.0,1.12
334128,0.37236523628234863,0.3937075138092041,1.0,1.12
334228,0.37236523628234863,0.3937075138092041,1.0,1.12
334328,0.37236523628234863,0.3937075138092041,1.0,1.12
334428,0.37236523628234863,0.3937075138092041,1.0,1.12
334528,0.37236523628234863,0.3937075138092041,1.0,1.12
334628,0.37236523628234863,0.3937075138092041,1.0,1.12
334728,0.37236523628234863,0.3937075138092041,1.0,1.12
334828,0.37236523628234863,0.3937075138092041,1.0,1.12
334928,0.37236523628234863,0.3937075138092041,1.0,1.12
335028,0.37236523628234863,0.3937075138092041,1.0,1.12
335128,0.37236523628234863,0.3937075138092041,1.0,1.12
335228,0.37236523628234863,0.3937075138092041,1.0,1.12
335328,0.37236523628234863,0.3937075138092041,1.0,1.12
335428,0.37236523628234863,0.3937075138092041,1.0,1.12
335528,0.37236523628234863,0.3937075138092041,1.0,1.12
335628,0.37236523628234863,0.3937075138092041,1.0,1.12
335728,0.37236523628234863,0.3937075138092041,1.0,1.12
335828,0.37236523628234863,0.3937075138092041,1.0,1.12
335928,0.37236523628234863,0.3937075138092041,1.0,1.12
336028,0.37236523628234863,0.3937075138092041,1.0,1.12
336128,0.37236523628234863,0.3937075138092041,1.0,1.12
336228,0.37236523628234863,0.3937075138092041,1.0,1.12
336328,0.37236523628234863,0.3937075138092041,1.0,1.12
336428,0.37236523628234863,0.3937075138092041,1.0,1.12
336528,0.37236523628234863,0.3937075138092041,1.0,1.12
336628,0.37236523628234863,0.3937075138092041,1.0,1.12
336728,0.37236523628234863,0.3937075138092041,1.0,1.12
336828,0.37236523628234863,0.3937075138092041,1.0,1.12
336928,0.37236523628234863,0.3937075138092041,1.0,1.12
337028,0.37236523628234863,0.3937075138092041,1.0,1.12
337128,0.37236523628234863,0.3937075138092041,1.0,1.12
337228,0.37236523628234863,0.3937075138092041,1.0,1.12
337328,0.37236523628234863,0.3937075138092041,1.0,1.12
337428,0.37236523628234863,0.3937075138092041,1.0,1.12
337528,0.37236523628234863,0.3937075138092041,1.0,1.12
337628,0.37236523628234863,0.3937075138092041,1.0,1.12
337728,0.37236523628234863,0.3937075138092041,1.0,1.12
337828,0.37236523628234863,0.3937075138092041,1.0,1.12
337928,0.37236523628234863,0.3937075138092041,1.0,1.12
338028,0.37236523628234863,0.3937075138092041,1.0,1.12
338128,0.37236523628234863,0.3937075138092041,1.0,1.12
338228,0.37236523628234863,0.3937075138092041,1.0,1.12
338328,0.37236523628234863,0.3937075138092041,1.0,1.12
338428,0.37236523628234863,0.3937075138092041,1.0,1.12
338528,0.37236523628234863,0.3937075138092041,1.0,1.12
338628,0.37236523628234863,0.3937075138092041,1.0,1.12
338728,0.37236523628234863,0.3937075138092041,1.0,1.12
338828,0.37236523628234863,0.3937075138092041,1.0,1.12
338928,0.37236523628234863,0.3937075138092041,1.0,1.12
339028,0.37236523628234863,0.3937075138092041,1.0,1.12
339128,0.37236523628234863,0.3937075138092041,1.0,1.12
339228,0.37236523628234863,0.3937075138092041,1.0,1.12
339328,0.37236523628234863,0.3937075138092041,1.0,1.12
339428,0.37236523628234863,0.3937075138092041,1.0,1.12
339528,0.37236523628234863,0.3937075138092041,1.0,1.12
339628,0.37236523628234863,0.3937075138092041,1.0,1.12
339728,0.37236523628234863,0.3937075138092041,1.0,1.12
339828,0.37236523628234863,0.3937075138092041,1.0,1.12
339928,0.37236523628234863,0.3937075138092041,1.0,1.12
340028,0.37236523628234863,0.3937075138092041,1.0,1.12
340128,0.37236523628234863,0.3937075138092041,1.0,1.12
340228,0.37236523628234863,0.3937075138092041,1.0,1.12
340328,0.37236523628234863,0.3937075138092041,1.0,1.12
340428,0.37236523628234863,0.3937075138092041,1.0,1.12
340528,0.37236523628234863,0.3937075138092041,1.0,1.12
340628,0.37236523628234863,0.3937075138092041,1.0,1.12
340728,0.37236523628234863,0.3937075138092041,1.0,1.12
340828,0.37236523628234863,0.3937075138092041,1.0,1.12
340928,0.37236523628234863,0.3937075138092041,1.0,1.12
341028,0.37236523628234863,0.3937075138092041,1.0,1.12
341128,0.37236523628234863,0.3937075138092041,1.0,1.12
341228,0.37236523628234863,0.3937075138092041,1.0,1.12
341328,0.37236523628234863,0.3937075138092041,1.0,1.12
341428,0.37236523628234863,0.3937075138092041,1.0,1.12
341528,0.37236523628234863,0.3937075138092041,1.0,1.12
341628,0.37236523628234863,0.3937075138092041,1.0,1.12
341728,0.37236523628234863,0.3937075138092041,1.0,1.12
341828,0.37236523628234863,0.3937075138092041,1.0,1.12
341928,0.37236523628234863,0.3937075138092041,1.0,1.12
342028,0.37236523628234863,0.3937075138092041,1.0,1.12
342128,0.37236523628234863,0.3937075138092041,1.0,1.12
342228,0.37236523628234863,0.3937075138092041,1.0,1.12
342328,0.37236523628234863,0.3937075138092041,1.0,1.12
342428,0.37236523628234863,0.3937075138092041,1.0,1.12
342528,0.37236523628234863,0.3937075138092041,1.0,1.12
342628,0.37236523628234863,0.3937075138092041,1.0,1.12
342728,0.37236523628234863,0.3937075138092041,1.0,1.12
342828,0.37236523628234863,0.3937075138092041,1.0,1.12
342928,0.37236523628234863,0.3937075138092041,1.0,1.12
343028,0.37236523628234863,0.3937075138092041,1.0,1.12
343128,0.37236523628234863,0.3937075138092041,1.0,1.12
343228,0.37236523628234863,0.3937075138092041,1.0,1.12
343328,0.37236523628234863,0.3937075138092041,1.0,1.12
343428,0.37236523628234863,0.3937075138092041,1.0,1.12
343528,0.37236523628234863,0.3937075138092041,1.0,1.12
343628,0.37236523628234863,0.3937075138092041,1.0,1.12
343728,0.37236523628234863,0.3937075138092041,1.0,1.12
343828,0.37236523628234863,0.3937075138092041,1.0,1.12
343928,0.37236523628234863,0.3937075138092041,1.0,1.12
344028,0.37236523628234863,0.3937075138092041,1.0,1.12
344128,0.37236523628234863,0.3937075138092041,1.0,1.12
344228,0.37236523628234863,0.3937075138092041,1.0,1.12
344328,0.37236523628234863,0.3937075138092041,1.0,1.12
344428,0.37236523628234863,0.3937075138092041,1.0,1.12
344528,0.37236523628234863,0.3937075138092041,1.0,1.12
344628,0.37236523628234863,0.3937075138092041,1.0,1.12
344728,0.37236523628234863,0.3937075138092041,1.0,1.12
344828,0.37236523628234863,0.3937075138092041,1.0,1.12
344928,0.37236523628234863,0.3937075138092041,1.0,1.12
345028,0.37236523628234863,0.3937075138092041,1.0,1.12
345128,0.37236523628234863,0.3937075138092041,1.0,1.12
345228,0.37236523628234863,0.3937075138092041,1.0,1.12
345328,0.37236523628234863,0.3937075138092041,1.0,1.12
345428,0.37236523628234863,0.3937075138092041,1.0,1.12
345528,0.37236523628234863,0.3937075138092041,1.0,1.12
345628,0.37236523628234863,0.3937075138092041,1.0,1.12
345728,0.37236523628234863,0.3937075138092041,1.0,1.12
345828,0.37236523628234863,0.3937075138092041,1.0,1.12
345928,0.37236523628234863,0.3937075138092041,1.0,1.12
346028,0.37236523628234863,0.3937075138092041,1.0,1.12
346128,0.37236523628234863,0.3937075138092041,1.0,1.12
346228,0.37236523628234863,0.3937075138092041,1.0,1.12
346328,0.37236523628234863,0.3937075138092041,1.0,1.12
346428,0.37236523628234863,0.3937075138092041,0.99,1.12
346528,0.37236523628234863,0.3937075138092041,0.99,1.12
346628,0.37236523628234863,0.3937075138092041,1.0,1.12
346728,0.37236523628234863,0.3937075138092041,1.0,1.12
346828,0.37236523628234863,0.3937075138092041,1.0,1.12
346928,0.37236523628234863,0.3937075138092041,1.0,1.12
347028,0.37236523628234863,0.3937075138092041,1.0,1.12
347128,0.37236523628234863,0.3937075138092041,1.0,1.12
347228,0.37236523628234863,0.3937075138092041,1.0,1.12
347328,0.37236523628234863,0.3937075138092041,1.0,1.12
347428,0.37236523628234863,0.3937075138092041,1.0,1.12
347528,0.37236523628234863,0.3937075138092041,1.0,1.12
347628,0.37236523628234863,0.3937075138092041,1.0,1.12
347728,0.37236523628234863,0.3937075138092041,1.0,1.12
347828,0.37236523628234863,0.3937075138092041,1.0,1.12
347928,0.37236523628234863,0.3937075138092041,1.0,1.12
348028,0.37236523628234863,0.3937075138092041,1.0,1.12
348128,0.37236523628234863,0.3937075138092041,0.99,1.12
348228,0.37236523628234863,0.3937075138092041,0.99,1.12
348328,0.37236523628234863,0.3937075138092041,1.0,1.12
348428,0.37236523628234863,0.3937075138092041,1.0,1.12
348528,0.37236523628234863,0.3937075138092041,1.0,1.12
348628,0.37236523628234863,0.3937075138092041,1.0,1.12
348728,0.37236523628234863,0.3937075138092041,1.0,1.12
348828,0.37236523628234863,0.3937075138092041,1.0,1.12
348928,0.37236523628234863,0.3937075138092041,1.0,1.12
349028,0.37236523628234863,0.3937075138092041,1.0,1.12
349128,0.37236523628234863,0.3937075138092041,1.0,1.12
349228,0.37236523628234863,0.3937075138092041,1.0,1.12
349328,0.37236523628234863,0.3937075138092041,1.0,1.12
349428,0.37236523628234863,0.3937075138092041,1.0,1.12
349528,0.37236523628234863,0.3937075138092041,1.0,1.12
349628,0.37236523628234863,0.3937075138092041,1.0,1.12
349728,0.37236523628234863,0.3937075138092041,1.0,1.12
349828,0.37236523628234863,0.3937075138092041,1.0,1.12
349928,0.37236523628234863,0.3937075138092041,1.0,1.12
350028,0.37236523628234863,0.3937075138092041,1.0,1.12
350128,0.37236523628234863,0.3937075138092041,1.0,1.12
350228,0.37236523628234863,0.3937075138092041,1.0,1.12
350328,0.37236523628234863,0.3937075138092041,1.0,1.12
350428,0.37236523628234863,0.3937075138092041,1.0,1.12
350528,0.37236523628234863,0.3937075138092041,1.0,1.12
350628,0.37236523628234863,0.3937075138092041,1.0,1.12
350728,0.37236523628234863,0.3937075138092041,1.0,1.12
350828,0.37236523628234863,0.3937075138092041,1.0,1.12
350928,0.37236523628234863,0.3937075138092041,1.0,1.12
351028,0.37236523628234863,0.3937075138092041,1.0,1.12
351128,0.37236523628234863,0.3937075138092041,1.0,1.12
351228,0.37236523628234863,0.3937075138092041,1.0,1.12
351328,0.37236523628234863,0.3937075138092041,1.0,1.12
351428,0.37236523628234863,0.3937075138092041,1.0,1.12
351528,0.37236523628234863,0.3937075138092041,1.0,1.12
351628,0.37236523628234863,0.3937075138092041,1.0,1.12
351728,0.37236523628234863,0.3937075138092041,1.0,1.12
351828,0.37236523628234863,0.3937075138092041,1.0,1.12
351928,0.37236523628234863,0.3937075138092041,1.0,1.12
352028,0.37236523628234863,0.3937075138092041,1.0,1.12
352128,0.37236523628234863,0.3937075138092041,1.0,1.12
352228,0.37236523628234863,0.3937075138092041,1.0,1.12
352328,0.37236523628234863,0.3937075138092041,1.0,1.12
352428,0.37236523628234863,0.3937075138092041,1.0,1.12
352528,0.37236523628234863,0.3937075138092041,1.0,1.12
352628,0.37236523628234863,0.3937075138092041,1.0,1.12
352728,0.37236523628234863,0.3937075138092041,0.99,1.12
352828,0.37236523628234863,0.3937075138092041,0.99,1.12
352928,0.37236523628234863,0.3937075138092041,0.99,1.12
353028,0.37236523628234863,0.3937075138092041,1.0,1.12
353128,0.37236523628234863,0.3937075138092041,1.0,1.12
353228,0.37236523628234863,0.3937075138092041,1.0,1.12
353328,0.37236523628234863,0.3937075138092041,1.0,1.12
353428,0.37236523628234863,0.3937075138092041,1.0,1.12
353528,0.37236523628234863,0.3937075138092041,1.0,1.12
353628,0.37236523628234863,0.3937075138092041,1.0,1.12
353728,0.37236523628234863,0.3937075138092041,1.0,1.12
353828,0.37236523628234863,0.3937075138092041,1.0,1.12
353928,0.37236523628234863,0.3937075138092041,1.0,1.12
354028,0.37236523628234863,0.3937075138092041,1.0,1.12
354128,0.37236523628234863,0.3937075138092041,1.0,1.12
354228,0.37236523628234863,0.3937075138092041,1.0,1.12
354328,0.37236523628234863,0.3937075138092041,1.0,1.12
354428,0.37236523628234863,0.3937075138092041,1.0,1.12
354528,0.37236523628234863,0.3937075138092041,1.0,1.12
354628,0.37236523628234863,0.3937075138092041,1.0,1.12
381489,0.37236523628234863,0.3937075138092041,0.05,1.12
381589,0.37236523628234863,0.3937075138092041,0.05,1.12
381689,0.37236523628234863,0.3937075138092041,0.05,1.12
381789,0.37236523628234863,0.3937075138092041,0.07,1.12
381889,0.37236523628234863,0.3937075138092041,0.07,1.12
381989,0.37236523628234863,0.3937075138092041,0.07,1.12
382089,0.37236523628234863,0.3937075138092041,0.07,1.12
382189,0.37236523628234863,0.3937075138092041,0.07,1.12
382289,0.37236523628234863,0.3937075138092041,0.08,1.12
382389,0.37236523628234863,0.3937075138092041,0.09,1.12
382489,0.37236523628234863,0.3937075138092041,0.1,1.12
382589,0.37236523628234863,0.3937075138092041,0.11,1.12
382689,0.37236523628234863,0.3937075138092041,0.11,1.12
382789,0.37236523628234863,0.3937075138092041,0.11,1.12
382889,0.37236523628234863,0.3937075138092041,0.13,1.12
382989,0.37236523628234863,0.3937075138092041,0.14,1.12
383089,0.37236523628234863,0.3937075138092041,0.14,1.12
383189,0.37236523628234863,0.3937075138092041,0.14,1.12
383289,0.37236523628234863,0.3937075138092041,0.13,1.12
383389,0.37236523628234863,0.3937075138092041,0.14,1.12
383489,0.37236523628234863,0.3937075138092041,0.13,1.12
383589,0.37236523628234863,0.3937075138092041,0.13,1.12
383689,0.37236523628234863,0.3937075138092041,0.14,1.12
383789,0.37236523628234863,0.3937075138092041,0.14,1.12
383889,0.37236523628234863,0.3937075138092041,0.14,1.12
383989,0.37236523628234863,0.3937075138092041,0.13,1.12
384089,0.37236523628234863,0.3937075138092041,0.14,1.12
384189,0.37236523628234863,0.3937075138092041,0.14,1.12
384289,0.37236523628234863,0.3937075138092041,0.14,1.12
384389,0.37236523628234863,0.3937075138092041,0.14,1.12
384489,0.37236523628234863,0.3937075138092041,0.13,1.12
384589,0.37236523628234863,0.3937075138092041,0.13,1.12
384689,0.37236523628234863,0.3937075138092041,0.14,1.12
384789,0.37236523628234863,0.3937075138092041,0.13,1.12
384889,0.37236523628234863,0.3937075138092041,0.13,1.12
384989,0.37236523628234863,0.3937075138092041,0.14,1.12
385089,0.37236523628234863,0.3937075138092041,0.14,1.12
385189,0.37236523628234863,0.3937075138092041,0.14,1.12
385289,0.37236523628234863,0.3937075138092041,0.15,1.12
385389,0.37236523628234863,0.3937075138092041,0.16,1.12
385489,0.37236523628234863,0.3937075138092041,0.16,1.12
385589,0.37236523628234863,0.3937075138092041,0.16,1.12
385689,0.37236523628234863,0.3937075138092041,0.16,1.12
385789,0.37236523628234863,0.3937075138092041,0.16,1.12
385889,0.37236523628234863,0.3937075138092041,0.15,1.12
385989,0.37236523628234863,0.3937075138092041,0.15,1.12
386089,0.37236523628234863,0.3937075138092041,0.15,1.12
386189,0.37236523628234863,0.3937075138092041,0.17,1.12
386289,0.37236523628234863,0.3937075138092041,0.17,1.12
386389,0.37236523628234863,0.3937075138092041,0.17,1.12
386489,0.37236523628234863,0.3937075138092041,0.18,1.12
386589,0.37236523628234863,0.3937075138092041,0.18,1.12
386689,0.37236523628234863,0.3937075138092041,0.18,1.12
386789,0.37236523628234863,0.3937075138092041,0.19,1.12
386889,0.37236523628234863,0.3937075138092041,0.18,1.12
386989,0.37236523628234863,0.3937075138092041,0.17,1.12
387089,0.37236523628234863,0.3937075138092041,0.17,1.12
387189,0.37236523628234863,0.3937075138092041,0.17,1.12
387289,0.37236523628234863,0.3937075138092041,0.17,1.12
387389,0.37236523628234863,0.3937075138092041,0.18,1.12
387489,0.37236523628234863,0.3937075138092041,0.19,1.12
387589,0.37236523628234863,0.3937075138092041,0.19,1.12
387689,0.37236523628234863,0.3937075138092041,0.18,1.12
387789,0.37236523628234863,0.3937075138092041,0.18,1.12
387889,0.37236523628234863,0.3937075138092041,0.18,1.12
387989,0.37236523628234863,0.3937075138092041,0.17,1.12
388089,0.37236523628234863,0.3937075138092041,0.17,1.12
388189,0.37236523628234863,0.3937075138092041,0.18,1.12
388289,0.37236523628234863,0.3937075138092041,0.17,1.12
388389,0.37236523628234863,0.3937075138092041,0.17,1.12
388489,0.37236523628234863,0.3937075138092041,0.18,1.12
388589,0.37236523628234863,0.3937075138092041,0.18,1.12
388689,0.37236523628234863,0.3937075138092041,0.19,1.12
388789,0.37236523628234863,0.3937075138092041,0.19,1.12
388889,0.37236523628234863,0.3937075138092041,0.19,1.12
388989,0.37236523628234863,0.3937075138092041,0.19,1.12
389089,0.37236523628234863,0.3937075138092041,0.19,1.12
389189,0.37236523628234863,0.3937075138092041,0.2,1.12
389289,0.37236523628234863,0.3937075138092041,0.21,1.12
389389,0.37236523628234863,0.3937075138092041,0.21,1.12
389489,0.37236523628234863,0.3937075138092041,0.19,1.12
389589,0.37236523628234863,0.3937075138092041,0.19,1.12
389689,0.37236523628234863,0.3937075138092041,0.2,1.12
389789,0.37236523628234863,0.3937075138092041,0.21,1.12
389889,0.37236523628234863,0.3937075138092041,0.2,1.12
389989,0.37236523628234863,0.3937075138092041,0.18,1.12
390089,0.37236523628234863,0.3937075138092041,0.18,1.12
390189,0.37236523628234863,0.3937075138092041,0.17,1.12
390289,0.37236523628234863,0.3937075138092041,0.18,1.12
390389,0.37236523628234863,0.3937075138092041,0.17,1.12
390489,0.37236523628234863,0.3937075138092041,0.17,1.12
390589,0.37236523628234863,0.3937075138092041,0.18,1.12
390689,0.37236523628234863,0.3937075138092041,0.18,1.12
390789,0.37236523628234863,0.3937075138092041,0.18,1.12
390889,0.37236523628234863,0.3937075138092041,0.18,1.12
390989,0.37236523628234863,0.3937075138092041,0.18,1.12
391089,0.37236523628234863,0.3937075138092041,0.18,1.12
391189,0.37236523628234863,0.3937075138092041,0.19,1.12
391289,0.37236523628234863,0.3937075138092041,0.18,1.12
391389,0.37236523628234863,0.3937075138092041,0.17,1.12
391489,0.37236523628234863,0.3937075138092041,0.17,1.12
391589,0.37236523628234863,0.3937075138092041,0.17,1.12
391689,0.37236523628234863,0.3937075138092041,0.17,1.12
391789,0.37236523628234863,0.3937075138092041,0.16,1.12
391889,0.37236523628234863,0.3937075138092041,0.15,1.12
391989,0.37236523628234863,0.3937075138092041,0.16,1.12
392089,0.37236523628234863,0.3937075138092041,0.17,1.12
392189,0.37236523628234863,0.3937075138092041,0.17,1.12
392289,0.37236523628234863,0.3937075138092041,0.16,1.12
392389,0.37236523628234863,0.3937075138092041,0.16,1.12
392489,0.37236523628234863,0.3937075138092041,0.16,1.12
392589,0.37236523628234863,0.3937075138092041,0.17,1.12
392689,0.37236523628234863,0.3937075138092041,0.17,1.12
392789,0.37236523628234863,0.3937075138092041,0.17,1.12
392889,0.37236523628234863,0.3937075138092041,0.18,1.12
392989,0.37236523628234863,0.3937075138092041,0.18,1.12
393089,0.37236523628234863,0.3937075138092041,0.19,1.12
393189,0.37236523628234863,0.3937075138092041,0.19,1.12
393289,0.37236523628234863,0.3937075138092041,0.19,1.12
393389,0.37236523628234863,0.3937075138092041,0.19,1.12
393489,0.37236523628234863,0.3937075138092041,0.19,1.12
393589,0.37236523628234863,0.3937075138092041,0.19,1.12
393689,0.37236523628234863,0.3937075138092041,0.19,1.12
393789,0.37236523628234863,0.3937075138092041,0.19,1.12
393889,0.37236523628234863,0.3937075138092041,0.2,1.12
393989,0.37236523628234863,0.3937075138092041,0.2,1.12
394089,0.37236523628234863,0.3937075138092041,0.2,1.12
394189,0.37236523628234863,0.3937075138092041,0.19,1.12
394289,0.37236523628234863,0.3937075138092041,0.2,1.12
394389,0.37236523628234863,0.3937075138092041,0.21,1.12
394489,0.37236523628234863,0.3937075138092041,0.22,1.12
394589,0.37236523628234863,0.3937075138092041,0.23,1.12
394689,0.37236523628234863,0.3937075138092041,0.23,1.12
394789,0.37236523628234863,0.3937075138092041,0.23,1.12
394889,0.37236523628234863,0.3937075138092041,0.2,1.12
394989,0.37236523628234863,0.3937075138092041,0.2,1.12
395089,0.37236523628234863,0.3937075138092041,0.2,1.12
395189,0.37236523628234863,0.3937075138092041,0.21,1.12
395289,0.37236523628234863,0.3937075138092041,0.21,1.12
395389,0.37236523628234863,0.3937075138092041,0.21,1.12
395489,0.37236523628234863,0.3937075138092041,0.2,1.12
395589,0.37236523628234863,0.3937075138092041,0.19,1.12
395689,0.37236523628234863,0.3937075138092041,0.19,1.12
395789,0.37236523628234863,0.3937075138092041,0.19,1.12
395889,0.37236523628234863,0.3937075138092041,0.18,1.12
395989,0.37236523628234863,0.3937075138092041,0.16,1.12
396089,0.37236523628234863,0.3937075138092041,0.17,1.12
396189,0.37236523628234863,0.3937075138092041,0.17,1.12
396289,0.37236523628234863,0.3937075138092041,0.17,1.12
396389,0.37236523628234863,0.3937075138092041,0.17,1.12
396489,0.37236523628234863,0.3937075138092041,0.17,1.12
396589,0.37236523628234863,0.3937075138092041,0.17,1.12
396689,0.37236523628234863,0.3937075138092041,0.16,1.12
396789,0.37236523628234863,0.3937075138092041,0.17,1.12
396889,0.37236523628234863,0.3937075138092041,0.17,1.12
396989,0.37236523628234863,0.3937075138092041,0.17,1.12
397089,0.37236523628234863,0.3937075138092041,0.17,1.12
397189,0.37236523628234863,0.3937075138092041,0.16,1.12
397289,0.37236523628234863,0.3937075138092041,0.15,1.12
397389,0.37236523628234863,0.3937075138092041,0.15,1.12
397489,0.37236523628234863,0.3937075138092041,0.15,1.12
397589,0.37236523628234863,0.3937075138092041,0.15,1.12
397689,0.37236523628234863,0.3937075138092041,0.15,1.12
397789,0.37236523628234863,0.3937075138092041,0.15,1.12
397889,0.37236523628234863,0.3937075138092041,0.16,1.12
397989,0.37236523628234863,0.3937075138092041,0.16,1.12
398089,0.37236523628234863,0.3937075138092041,0.16,1.12
398189,0.37236523628234863,0.3937075138092041,0.15,1.12
398289,0.37236523628234863,0.3937075138092041,0.14,1.12
398389,0.37236523628234863,0.3937075138092041,0.14,1.12
398489,0.37236523628234863,0.3937075138092041,0.13,1.12
398589,0.37236523628234863,0.3937075138092041,0.12,1.12
398689,0.37236523628234863,0.3937075138092041,0.12,1.12
398789,0.37236523628234863,0.3937075138092041,0.13,1.12
398889,0.37236523628234863,0.3937075138092041,0.12,1.12
398989,0.37236523628234863,0.3937075138092041,0.12,1.12
399089,0.37236523628234863,0.3937075138092041,0.12,1.12
399189,0.37236523628234863,0.3937075138092041,0.13,1.12
399289,0.37236523628234863,0.3937075138092041,0.13,1.12
399389,0.37236523628234863,0.3937075138092041,0.13,1.12
399489,0.37236523628234863,0.3937075138092041,0.13,1.12
399589,0.37236523628234863,0.3937075138092041,0.13,1.12
399689,0.37236523628234863,0.3937075138092041,0.14,1.12
399789,0.37236523628234863,0.3937075138092041,0.13,1.12
399889,0.37236523628234863,0.3937075138092041,0.14,1.12
399989,0.37236523628234863,0.3937075138092041,0.15,1.12
400089,0.37236523628234863,0.3937075138092041,0.16,1.12
400189,0.37236523628234863,0.3937075138092041,0.14,1.12
400289,0.37236523628234863,0.3937075138092041,0.15,1.12
400389,0.37236523628234863,0.3937075138092041,0.16,1.12
400489,0.37236523628234863,0.3937075138092041,0.16,1.12
400589,0.37236523628234863,0.3937075138092041,0.17,1.12
400689,0.37236523628234863,0.3937075138092041,0.17,1.12
400789,0.37236523628234863,0.3937075138092041,0.17,1.12
400889,0.37236523628234863,0.3937075138092041,0.17,1.12
400989,0.37236523628234863,0.3937075138092041,0.17,1.12
401089,0.37236523628234863,0.3937075138092041,0.17,1.12
401189,0.37236523628234863,0.3937075138092041,0.18,1.12
401289,0.37236523628234863,0.3937075138092041,0.18,1.12
401389,0.37236523628234863,0.3937075138092041,0.17,1.12
401489,0.37236523628234863,0.3937075138092041,0.17,1.12
401589,0.37236523628234863,0.3937075138092041,0.16,1.12
401689,0.37236523628234863,0.3937075138092041,0.16,1.12
401789,0.37236523628234863,0.3937075138092041,0.16,1.12
401889,0.37236523628234863,0.3937075138092041,0.15,1.12
401989,0.37236523628234863,0.3937075138092041,0.16,1.12
402089,0.37236523628234863,0.3937075138092041,0.14,1.12
402189,0.37236523628234863,0.3937075138092041,0.14,1.12
402289,0.37236523628234863,0.3937075138092041,0.15,1.12
402389,0.37236523628234863,0.3937075138092041,0.13,1.12
402489,0.37236523628234863,0.3937075138092041,0.13,1.12
402589,0.37236523628234863,0.3937075138092041,0.13,1.12
402689,0.37236523628234863,0.3937075138092041,0.12,1.12
402789,0.37236523628234863,0.3937075138092041,0.12,1.12
402889,0.37236523628234863,0.3937075138092041,0.13,1.12
402989,0.37236523628234863,0.3937075138092041,0.13,1.12
403089,0.37236523628234863,0.3937075138092041,0.13,1.12
403189,0.37236523628234863,0.3937075138092041,0.13,1.12
403289,0.37236523628234863,0.3937075138092041,0.13,1.12
403389,0.37236523628234863,0.3937075138092041,0.13,1.12
403489,0.37236523628234863,0.3937075138092041,0.13,1.12
403589,0.37236523628234863,0.3937075138092041,0.13,1.12
403689,0.37236523628234863,0.3937075138092041,0.13,1.12
403789,0.37236523628234863,0.3937075138092041,0.14,1.12
403889,0.37236523628234863,0.3937075138092041,0.14,1.12
403989,0.37236523628234863,0.3937075138092041,0.15,1.12
404089,0.37236523628234863,0.3937075138092041,0.15,1.12
404189,0.37236523628234863,0.3937075138092041,0.15,1.12
404289,0.37236523628234863,0.3937075138092041,0.16,1.12
404389,0.37236523628234863,0.3937075138092041,0.16,1.12
404489,0.37236523628234863,0.3937075138092041,0.16,1.12
404589,0.37236523628234863,0.3937075138092041,0.16,1.12
404689,0.37236523628234863,0.3937075138092041,0.16,1.12
404789,0.37236523628234863,0.3937075138092041,0.16,1.12
404889,0.37236523628234863,0.3937075138092041,0.16,1.12
404989,0.37236523628234863,0.3937075138092041,0.17,1.12
405089,0.37236523628234863,0.3937075138092041,0.17,1.12
405189,0.37236523628234863,0.3937075138092041,0.16,1.12
405289,0.37236523628234863,0.3937075138092041,0.17,1.12
405389,0.37236523628234863,0.3937075138092041,0.15,1.12
405489,0.37236523628234863,0.3937075138092041,0.15,1.12
405589,0.37236523628234863,0.3937075138092041,0.13,1.12
405689,0.37236523628234863,0.3937075138092041,0.13,1.12
405789,0.37236523628234863,0.3937075138092041,0.12,1.12
405889,0.37236523628234863,0.3937075138092041,0.12,1.12
405989,0.37236523628234863,0.3937075138092041,0.15,1.12
406089,0.37236523628234863,0.3937075138092041,0.14,1.12
406189,0.37236523628234863,0.3937075138092041,0.14,1.12
406289,0.37236523628234863,0.3937075138092041,0.14,1.12
406389,0.37236523628234863,0.3937075138092041,0.14,1.12
406489,0.37236523628234863,0.3937075138092041,0.14,1.12
406589,0.37236523628234863,0.3937075138092041,0.14,1.12
406689,0.37236523628234863,0.3937075138092041,0.14,1.12
406789,0.37236523628234863,0.3937075138092041,0.13,1.12
406889,0.37236523628234863,0.3937075138092041,0.14,1.12
406989,0.37236523628234863,0.3937075138092041,0.14,1.12
407089,0.37236523628234863,0.3937075138092041,0.15,1.12
407189,0.37236523628234863,0.3937075138092041,0.14,1.12
407289,0.37236523628234863,0.3937075138092041,0.14,1.12
407389,0.37236523628234863,0.3937075138092041,0.14,1.12
407489,0.37236523628234863,0.3937075138092041,0.15,1.12
407589,0.37236523628234863,0.3937075138092041,0.15,1.12
407689,0.37236523628234863,0.3937075138092041,0.14,1.12
407789,0.37236523628234863,0.3937075138092041,0.14,1.12
407889,0.37236523628234863,0.3937075138092041,0.15,1.12
407989,0.37236523628234863,0.3937075138092041,0.15,1.12
408089,0.37236523628234863,0.3937075138092041,0.15,1.12
408189,0.37236523628234863,0.3937075138092041,0.14,1.12
408289,0.37236523628234863,0.3937075138092041,0.13,1.12
408389,0.37236523628234863,0.3937075138092041,0.12,1.12
408489,0.37236523628234863,0.3937075138092041,0.12,1.12
408589,0.37236523628234863,0.3937075138092041,0.12,1.12
408689,0.37236523628234863,0.3937075138092041,0.14,1.12
408789,0.37236523628234863,0.3937075138092041,0.15,1.12
408889,0.37236523628234863,0.3937075138092041,0.16,1.12
408989,0.37236523628234863,0.3937075138092041,0.14,1.12
409089,0.37236523628234863,0.3937075138092041,0.14,1.12
409189,0.37236523628234863,0.3937075138092041,0.14,1.12
437089,0.37236523628234863,0.3937075138092041,0.01,1.11
437189,0.37236523628234863,0.3937075138092041,0.01,1.11
437289,0.37236523628234863,0.3937075138092041,0.01,1.11
437389,0.37236523628234863,0.3937075138092041,0.01,1.11
437489,0.37236523628234863,0.3937075138092041,0.01,1.11
437589,0.37236523628234863,0.3937075138092041,0.01,1.11
437689,0.37236523628234863,0.3937075138092041,0.01,1.11
437789,0.37236523628234863,0.3937075138092041,0.01,1.11
437889,0.37236523628234863,0.3937075138092041,0.01,1.11
437989,0.37236523628234863,0.3937075138092041,0.01,1.11
438089,0.37236523628234863,0.3937075138092041,0.01,1.11
438189,0.37236523628234863,0.3937075138092041,0.01,1.11
438289,0.37236523628234863,0.3937075138092041,0.01,1.11
438389,0.37236523628234863,0.3937075138092041,0.01,1.11
438489,0.37236523628234863,0.3937075138092041,0.01,1.11
438589,0.37236523628234863,0.3937075138092041,0.01,1.11
438689,0.37236523628234863,0.3937075138092041,0.01,1.11
438789,0.37236523628234863,0.3937075138092041,0.01,1.11
438889,0.37236523628234863,0.3937075138092041,0.01,1.11
438989,0.37236523628234863,0.3937075138092041,0.01,1.11
439089,0.37236523628234863,0.3937075138092041,0.01,1.11
439189,0.37236523628234863,0.3937075138092041,0.01,1.11
439289,0.37236523628234863,0.3937075138092041,0.01,1.11
439389,0.37236523628234863,0.3937075138092041,0.01,1.11
439489,0.37236523628234863,0.3937075138092041,0.01,1.11
439589,0.37236523628234863,0.3937075138092041,0.01,1.11
439689,0.37236523628234863,0.3937075138092041,0.01,1.11
439789,0.37236523628234863,0.3937075138092041,0.01,1.11
439889,0.37236523628234863,0.3937075138092041,0.01,1.11
439989,0.37236523628234863,0.3937075138092041,0.01,1.11
440089,0.37236523628234863,0.3937075138092041,0.01,1.11
440189,0.37236523628234863,0.3937075138092041,0.01,1.11
440289,0.37236523628234863,0.3937075138092041,0.01,1.11
440389,0.37236523628234863,0.3937075138092041,0.01,1.11
440489,0.37236523628234863,0.3937075138092041,0.01,1.11
440589,0.37236523628234863,0.3937075138092041,0.01,1.11
440689,0.37236523628234863,0.3937075138092041,0.01,1.11
440789,0.37236523628234863,0.3937075138092041,0.01,1.11
440889,0.37236523628234863,0.3937075138092041,0.01,1.11
440989,0.37236523628234863,0.3937075138092041,0.01,1.11
441089,0.37236523628234863,0.3937075138092041,0.01,1.11
441189,0.37236523628234863,0.3937075138092041,0.01,1.11
441289,0.37236523628234863,0.3937075138092041,0.01,1.11
441389,0.37236523628234863,0.3937075138092041,0.01,1.11
441489,0.37236523628234863,0.3937075138092041,0.01,1.11
441589,0.37236523628234863,0.3937075138092041,0.01,1.11
441689,0.37236523628234863,0.3937075138092041,0.01,1.11
441789,0.37236523628234863,0.3937075138092041,0.01,1.11
441889,0.37236523628234863,0.3937075138092041,0.01,1.11
441989,0.37236523628234863,0.3937075138092041,0.01,1.11
442089,0.37236523628234863,0.3937075138092041,0.01,1.11
442189,0.37236523628234863,0.3937075138092041,0.01,1.11
442289,0.37236523628234863,0.3937075138092041,0.01,1.11
442389,0.37236523628234863,0.3937075138092041,0.01,1.11
442489,0.37236523628234863,0.3937075138092041,0.01,1.11
442589,0.37236523628234863,0.3937075138092041,0.01,1.11
442689,0.37236523628234863,0.3937075138092041,0.01,1.11
442789,0.37236523628234863,0.3937075138092041,0.01,1.11
442889,0.37236523628234863,0.3937075138092041,0.01,1.11
442989,0.37236523628234863,0.3937075138092041,0.01,1.11
443089,0.37236523628234863,0.3937075138092041,0.01,1.11
443189,0.37236523628234863,0.3937075138092041,0.01,1.11
443289,0.37236523628234863,0.3937075138092041,0.01,1.11
443389,0.37236523628234863,0.3937075138092041,0.01,1.11
443489,0.37236523628234863,0.3937075138092041,0.01,1.11
443589,0.37236523628234863,0.3937075138092041,0.01,1.11
443689,0.37236523628234863,0.3937075138092041,0.01,1.11
443789,0.37236523628234863,0.3937075138092041,0.01,1.11
443889,0.37236523628234863,0.3937075138092041,0.01,1.11
443989,0.37236523628234863,0.3937075138092041,0.01,1.11
444089,0.37236523628234863,0.3937075138092041,0.01,1.11
444189,0.37236523628234863,0.3937075138092041,0.01,1.11
444289,0.37236523628234863,0.3937075138092041,0.01,1.11
444389,0.37236523628234863,0.3937075138092041,0.01,1.11
444489,0.37236523628234863,0.3937075138092041,0.01,1.11
444589,0.37236523628234863,0.3937075138092041,0.01,1.11
444689,0.37236523628234863,0.3937075138092041,0.01,1.11
444789,0.37236523628234863,0.3937075138092041,0.01,1.11
444889,0.37236523628234863,0.3937075138092041,0.01,1.11
444989,0.37236523628234863,0.3937075138092041,0.01,1.11
445089,0.37236523628234863,0.3937075138092041,0.01,1.11
445189,0.37236523628234863,0.3937075138092041,0.01,1.11
445289,0.37236523628234863,0.3937075138092041,0.01,1.11
445389,0.37236523628234863,0.3937075138092041,0.01,1.11
445489,0.37236523628234863,0.3937075138092041,0.01,1.11
445589,0.37236523628234863,0.3937075138092041,0.01,1.11
445689,0.37236523628234863,0.3937075138092041,0.01,1.11
445789,0.37236523628234863,0.3937075138092041,0.01,1.11
445889,0.37236523628234863,0.3937075138092041,0.01,1.11
445989,0.37236523628234863,0.3937075138092041,0.01,1.11
446089,0.37236523628234863,0.3937075138092041,0.01,1.11
446189,0.37236523628234863,0.3937075138092041,0.01,1.11
446289,0.37236523628234863,0.3937075138092041,0.01,1.11
446389,0.37236523628234863,0.3937075138092041,0.01,1.11
446489,0.37236523628234863,0.3937075138092041,0.01,1.11
446589,0.37236523628234863,0.3937075138092041,0.01,1.11
446689,0.37236523628234863,0.3937075138092041,0.01,1.11
446789,0.37236523628234863,0.3937075138092041,0.01,1.11
446889,0.37236523628234863,0.3937075138092041,0.01,1.11
446989,0.37236523628234863,0.3937075138092041,0.01,1.11
447089,0.37236523628234863,0.3937075138092041,0.01,1.11
447189,0.37236523628234863,0.3937075138092041,0.01,1.11
447289,0.37236523628234863,0.3937075138092041,0.01,1.11
447389,0.37236523628234863,0.3937075138092041,0.01,1.11
447489,0.37236523628234863,0.3937075138092041,0.01,1.11
447589,0.37236523628234863,0.3937075138092041,0.01,1.11
447689,0.37236523628234863,0.3937075138092041,0.01,1.11
447789,0.37236523628234863,0.3937075138092041,0.01,1.11
447889,0.37236523628234863,0.3937075138092041,0.01,1.11
447989,0.37236523628234863,0.3937075138092041,0.01,1.11
448089,0.37236523628234863,0.3937075138092041,0.01,1.11
448189,0.37236523628234863,0.3937075138092041,0.01,1.11
448289,0.37236523628234863,0.3937075138092041,0.01,1.11
448389,0.37236523628234863,0.3937075138092041,0.01,1.11
448489,0.37236523628234863,0.3937075138092041,0.01,1.11
448589,0.37236523628234863,0.3937075138092041,0.01,1.11
448689,0.37236523628234863,0.3937075138092041,0.01,1.11
448789,0.37236523628234863,0.3937075138092041,0.01,1.11
448889,0.37236523628234863,0.3937075138092041,0.01,1.11
448989,0.37236523628234863,0.3937075138092041,0.01,1.11
449089,0.37236523628234863,0.3937075138092041,0.01,1.11
449189,0.37236523628234863,0.3937075138092041,0.01,1.11
449289,0.37236523628234863,0.3937075138092041,0.01,1.11
449389,0.37236523628234863,0.3937075138092041,0.01,1.11
449489,0.37236523628234863,0.3937075138092041,0.01,1.11
449589,0.37236523628234863,0.3937075138092041,0.01,1.11
449689,0.37236523628234863,0.3937075138092041,0.01,1.11
449789,0.37236523628234863,0.3937075138092041,0.01,1.11
449889,0.37236523628234863,0.3937075138092041,0.01,1.11
449989,0.37236523628234863,0.3937075138092041,0.01,1.11
450089,0.37236523628234863,0.3937075138092041,0.01,1.11
450189,0.37236523628234863,0.3937075138092041,0.01,1.11
450289,0.37236523628234863,0.3937075138092041,0.01,1.11
450389,0.37236523628234863,0.3937075138092041,0.01,1.11
450489,0.37236523628234863,0.3937075138092041,0.01,1.11
450589,0.37236523628234863,0.3937075138092041,0.01,1.11
450689,0.37236523628234863,0.3937075138092041,0.01,1.11
450789,0.37236523628234863,0.3937075138092041,0.01,1.11
450889,0.37236523628234863,0.3937075138092041,0.01,1.11
450989,0.37236523628234863,0.3937075138092041,0.01,1.11
451089,0.37236523628234863,0.3937075138092041,0.01,1.11
451189,0.37236523628234863,0.3937075138092041,0.01,1.11
451289,0.37236523628234863,0.3937075138092041,0.01,1.11
451389,0.37236523628234863,0.3937075138092041,0.01,1.11
451489,0.37236523628234863,0.3937075138092041,0.01,1.11
451589,0.37236523628234863,0.3937075138092041,0.01,1.11
451689,0.37236523628234863,0.3937075138092041,0.01,1.11
451789,0.37236523628234863,0.3937075138092041,0.01,1.11
451889,0.37236523628234863,0.3937075138092041,0.01,1.11
451989,0.37236523628234863,0.3937075138092041,0.01,1.11
452089,0.37236523628234863,0.3937075138092041,0.01,1.11
452189,0.37236523628234863,0.3937075138092041,0.01,1.11
452289,0.37236523628234863,0.3937075138092041,0.01,1.11
452389,0.37236523628234863,0.3937075138092041,0.01,1.11
452489,0.37236523628234863,0.3937075138092041,0.01,1.11
452589,0.37236523628234863,0.3937075138092041,0.01,1.11
452689,0.37236523628234863,0.3937075138092041,0.01,1.11
452789,0.37236523628234863,0.3937075138092041,0.01,1.11
452889,0.37236523628234863,0.3937075138092041,0.01,1.11
452989,0.37236523628234863,0.3937075138092041,0.01,1.11
453089,0.37236523628234863,0.3937075138092041,0.01,1.11
453189,0.37236523628234863,0.3937075138092041,0.01,1.11
453289,0.37236523628234863,0.3937075138092041,0.01,1.11
453389,0.37236523628234863,0.3937075138092041,0.01,1.11
453489,0.37236523628234863,0.3937075138092041,0.01,1.11
453589,0.37236523628234863,0.3937075138092041,0.01,1.11
453689,0.37236523628234863,0.3937075138092041,0.01,1.11
453789,0.37236523628234863,0.3937075138092041,0.01,1.11
453889,0.37236523628234863,0.3937075138092041,0.01,1.11
453989,0.37236523628234863,0.3937075138092041,0.01,1.11
454089,0.37236523628234863,0.3937075138092041,0.01,1.11
454189,0.37236523628234863,0.3937075138092041,0.01,1.11
454289,0.37236523628234863,0.3937075138092041,0.01,1.11
454389,0.37236523628234863,0.3937075138092041,0.01,1.11
454489,0.37236523628234863,0.3937075138092041,0.01,1.11
454589,0.37236523628234863,0.3937075138092041,0.01,1.11
454689,0.37236523628234863,0.3937075138092041,0.01,1.11
454789,0.37236523628234863,0.3937075138092041,0.01,1.11
454889,0.37236523628234863,0.3937075138092041,0.01,1.11
454989,0.37236523628234863,0.3937075138092041,0.01,1.11
455089,0.37236523628234863,0.3937075138092041,0.01,1.11
455189,0.37236523628234863,0.3937075138092041,0.01,1.11
455289,0.37236523628234863,0.3937075138092041,0.01,1.11
455389,0.37236523628234863,0.3937075138092041,0.01,1.11
455489,0.37236523628234863,0.3937075138092041,0.01,1.11
455589,0.37236523628234863,0.3937075138092041,0.01,1.11
455689,0.37236523628234863,0.3937075138092041,0.01,1.11
455789,0.37236523628234863,0.3937075138092041,0.01,1.11
455889,0.37236523628234863,0.3937075138092041,0.01,1.11
455989,0.37236523628234863,0.3937075138092041,0.01,1.11
456089,0.37236523628234863,0.3937075138092041,0.01,1.11
456189,0.37236523628234863,0.3937075138092041,0.01,1.11
456289,0.37236523628234863,0.3937075138092041,0.01,1.11
456389,0.37236523628234863,0.3937075138092041,0.01,1.11
456489,0.37236523628234863,0.3937075138092041,0.01,1.11
456589,0.37236523628234863,0.3937075138092041,0.01,1.11
456689,0.37236523628234863,0.3937075138092041,0.01,1.11
456789,0.37236523628234863,0.3937075138092041,0.01,1.11
456889,0.37236523628234863,0.3937075138092041,0.01,1.11
456989,0.37236523628234863,0.3937075138092041,0.01,1.11
457089,0.37236523628234863,0.3937075138092041,0.01,1.11
457189,0.37236523628234863,0.3937075138092041,0.01,1.11
457289,0.37236523628234863,0.3937075138092041,0.01,1.11
457389,0.37236523628234863,0.3937075138092041,0.01,1.11
457489,0.37236523628234863,0.3937075138092041,0.01,1.11
457589,0.37236523628234863,0.3937075138092041,0.01,1.11
457689,0.37236523628234863,0.3937075138092041,0.01,1.11
457789,0.37236523628234863,0.3937075138092041,0.01,1.11
457889,0.37236523628234863,0.3937075138092041,0.01,1.11
457989,0.37236523628234863,0.3937075138092041,0.01,1.11
458089,0.37236523628234863,0.3937075138092041,0.01,1.11
458189,0.37236523628234863,0.3937075138092041,0.01,1.11
458289,0.37236523628234863,0.3937075138092041,0.01,1.11
458389,0.37236523628234863,0.3937075138092041,0.01,1.11
458489,0.37236523628234863,0.3937075138092041,0.01,1.11
458589,0.37236523628234863,0.3937075138092041,0.01,1.11
458689,0.37236523628234863,0.3937075138092041,0.01,1.11
458789,0.37236523628234863,0.3937075138092041,0.01,1.11
458889,0.37236523628234863,0.3937075138092041,0.01,1.11
458989,0.37236523628234863,0.3937075138092041,0.01,1.11
459089,0.37236523628234863,0.3937075138092041,0.01,1.11
459189,0.37236523628234863,0.3937075138092041,0.01,1.11
459289,0.37236523628234863,0.3937075138092041,0.01,1.11
459389,0.37236523628234863,0.3937075138092041,0.01,1.11
459489,0.37236523628234863,0.3937075138092041,0.01,1.11
459589,0.37236523628234863,0.3937075138092041,0.01,1.11
459689,0.37236523628234863,0.3937075138092041,0.01,1.11
459789,0.37236523628234863,0.3937075138092041,0.01,1.11
459889,0.37236523628234863,0.3937075138092041,0.01,1.11
459989,0.37236523628234863,0.3937075138092041,0.01,1.11
460089,0.37236523628234863,0.3937075138092041,0.01,1.11
460189,0.37236523628234863,0.3937075138092041,0.01,1.11
460289,0.37236523628234863,0.3937075138092041,0.01,1.11
460389,0.37236523628234863,0.3937075138092041,0.01,1.11
460489,0.37236523628234863,0.3937075138092041,0.01,1.11
460589,0.37236523628234863,0.3937075138092041,0.01,1.11
460689,0.37236523628234863,0.3937075138092041,0.01,1.11
460789,0.37236523628234863,0.3937075138092041,0.01,1.11
460889,0.37236523628234863,0.3937075138092041,0.01,1.11
460989,0.37236523628234863,0.3937075138092041,0.01,1.11
461089,0.37236523628234863,0.3937075138092041,0.01,1.11
461189,0.37236523628234863,0.3937075138092041,0.01,1.11
461289,0.37236523628234863,0.3937075138092041,0.01,1.11
461389,0.37236523628234863,0.3937075138092041,0.01,1.11
461489,0.37236523628234863,0.3937075138092041,0.01,1.11
461589,0.37236523628234863,0.3937075138092041,0.01,1.11
461689,0.37236523628234863,0.3937075138092041,0.01,1.11
461789,0.37236523628234863,0.3937075138092041,0.01,1.11
461889,0.37236523628234863,0.3937075138092041,0.01,1.11
461989,0.37236523628234863,0.3937075138092041,0.01,1.11
462089,0.37236523628234863,0.3937075138092041,0.01,1.11
462189,0.37236523628234863,0.3937075138092041,0.01,1.11
462289,0.37236523628234863,0.3937075138092041,0.01,1.11
462389,0.37236523628234863,0.3937075138092041,0.01,1.11
462489,0.37236523628234863,0.3937075138092041,0.01,1.11
462589,0.37236523628234863,0.3937075138092041,0.01,1.11
462689,0.37236523628234863,0.3937075138092041,0.01,1.11
462789,0.37236523628234863,0.3937075138092041,0.01,1.11
462889,0.37236523628234863,0.3937075138092041,0.01,1.11
462989,0.37236523628234863,0.3937075138092041,0.01,1.11
463089,0.37236523628234863,0.3937075138092041,0.01,1.11
463189,0.37236523628234863,0.3937075138092041,0.01,1.11
463289,0.37236523628234863,0.3937075138092041,0.01,1.11
463389,0.37236523628234863,0.3937075138092041,0.01,1.11
463489,0.37236523628234863,0.3937075138092041,0.01,1.11
463589,0.37236523628234863,0.3937075138092041,0.01,1.11
463689,0.37236523628234863,0.3937075138092041,0.01,1.11
463789,0.37236523628234863,0.3937075138092041,0.01,1.11
463889,0.37236523628234863,0.3937075138092041,0.01,1.11
463989,0.37236523628234863,0.3937075138092041,0.01,1.11
464089,0.37236523628234863,0.3937075138092041,0.01,1.11
464189,0.37236523628234863,0.3937075138092041,0.01,1.11
464289,0.37236523628234863,0.3937075138092041,0.01,1.11
464389,0.37236523628234863,0.3937075138092041,0.01,1.11
464489,0.37236523628234863,0.3937075138092041,0.01,1.11
464589,0.37236523628234863,0.3937075138092041,0.01,1.11
464689,0.37236523628234863,0.3937075138092041,0.01,1.11
464789,0.37236523628234863,0.3937075138092041,0.01,1.11
492689,0.37236523628234863,0.3937075138092041,0.01,1.12
492789,0.37236523628234863,0.3937075138092041,0.01,1.12
492889,0.37236523628234863,0.3937075138092041,0.01,1.12
492989,0.37236523628234863,0.3937075138092041,0.01,1.12
493089,0.37236523628234863,0.3937075138092041,0.01,1.12
493189,0.37236523628234863,0.3937075138092041,0.01,1.12
493289,0.37236523628234863,0.3937075138092041,0.01,1.12
493389,0.37236523628234863,0.3937075138092041,0.01,1.12
493489,0.37236523628234863,0.3937075138092041,0.01,1.12
493589,0.37236523628234863,0.3937075138092041,0.01,1.12
493689,0.37236523628234863,0.3937075138092041,0.01,1.12
493789,0.37236523628234863,0.3937075138092041,0.01,1.12
493889,0.37236523628234863,0.3937075138092041,0.01,1.12
493989,0.37236523628234863,0.3937075138092041,0.01,1.12
494089,0.37236523628234863,0.3937075138092041,0.01,1.12
494189,0.37236523628234863,0.3937075138092041,0.01,1.12
494289,0.37236523628234863,0.3937075138092041,0.01,1.12
494389,0.37236523628234863,0.3937075138092041,0.01,1.12
494489,0.37236523628234863,0.3937075138092041,0.01,1.12
494589,0.37236523628234863,0.3937075138092041,0.01,1.12
494689,0.37236523628234863,0.3937075138092041,0.01,1.12
494789,0.37236523628234863,0.3937075138092041,0.01,1.12
494889,0.37236523628234863,0.3937075138092041,0.01,1.12
494989,0.37236523628234863,0.3937075138092041,0.01,1.12
495089,0.37236523628234863,0.3937075138092041,0.01,1.12
495189,0.37236523628234863,0.3937075138092041,0.01,1.12
495289,0.37236523628234863,0.3937075138092041,0.01,1.12
495389,0.37236523628234863,0.3937075138092041,0.01,1.12
495489,0.37236523628234863,0.3937075138092041,0.01,1.12
495589,0.37236523628234863,0.3937075138092041,0.01,1.12
495689,0.37236523628234863,0.3937075138092041,0.01,1.12
495789,0.37236523628234863,0.3937075138092041,0.01,1.12
495889,0.37236523628234863,0.3937075138092041,0.01,1.12
495989,0.37236523628234863,0.3937075138092041,0.01,1.12
496089,0.37236523628234863,0.3937075138092041,0.01,1.12
496189,0.37236523628234863,0.3937075138092041,0.01,1.12
496289,0.37236523628234863,0.3937075138092041,0.01,1.12
496389,0.37236523628234863,0.3937075138092041,0.01,1.12
496489,0.37236523628234863,0.3937075138092041,0.01,1.12
496589,0.37236523628234863,0.3937075138092041,0.01,1.12
496689,0.37236523628234863,0.3937075138092041,0.01,1.12
496789,0.37236523628234863,0.3937075138092041,0.01,1.12
496889,0.37236523628234863,0.3937075138092041,0.01,1.12
496989,0.37236523628234863,0.3937075138092041,0.01,1.12
497089,0.37236523628234863,0.3937075138092041,0.01,1.12
497189,0.37236523628234863,0.3937075138092041,0.01,1.12
497289,0.37236523628234863,0.3937075138092041,0.01,1.12
497389,0.37236523628234863,0.3937075138092041,0.01,1.12
497489,0.37236523628234863,0.3937075138092041,0.01,1.12
497589,0.37236523628234863,0.3937075138092041,0.01,1.12
497689,0.37236523628234863,0.3937075138092041,0.01,1.12
497789,0.37236523628234863,0.3937075138092041,0.01,1.12
497889,0.37236523628234863,0.3937075138092041,0.01,1.12
497989,0.37236523628234863,0.3937075138092041,0.01,1.12
498089,0.37236523628234863,0.3937075138092041,0.01,1.12
498189,0.37236523628234863,0.3937075138092041,0.01,1.12
498289,0.37236523628234863,0.3937075138092041,0.01,1.12
498389,0.37236523628234863,0.3937075138092041,0.01,1.12
498489,0.37236523628234863,0.3937075138092041,0.01,1.12
498589,0.37236523628234863,0.3937075138092041,0.01,1.12
498689,0.37236523628234863,0.3937075138092041,0.01,1.12
498789,0.37236523628234863,0.3937075138092041,0.01,1.12
498889,0.37236523628234863,0.3937075138092041,0.01,1.12
498989,0.37236523628234863,0.3937075138092041,0.01,1.12
499089,0.37236523628234863,0.3937075138092041,0.01,1.12
499189,0.37236523628234863,0.3937075138092041,0.01,1.12
499289,0.37236523628234863,0.3937075138092041,0.01,1.12
499389,0.37236523628234863,0.3937075138092041,0.01,1.12
499489,0.37236523628234863,0.3937075138092041,0.01,1.12
499589,0.37236523628234863,0.3937075138092041,0.01,1.12
499689,0.37236523628234863,0.3937075138092041,0.01,1.12
499789,0.37236523628234863,0.3937075138092041,0.01,1.12
499889,0.37236523628234863,0.3937075138092041,0.01,1.12
499989,0.37236523628234863,0.3937075138092041,0.01,1.12
500089,0.37236523628234863,0.3937075138092041,0.01,1.12
500189,0.37236523628234863,0.3937075138092041,0.01,1.12
500289,0.37236523628234863,0.3937075138092041,0.01,1.12
500389,0.37236523628234863,0.3937075138092041,0.01,1.12
500489,0.37236523628234863,0.3937075138092041,0.01,1.12
500589,0.37236523628234863,0.3937075138092041,0.01,1.12
500689,0.37236523628234863,0.3937075138092041,0.01,1.12
500789,0.37236523628234863,0.3937075138092041,0.01,1.12
500889,0.37236523628234863,0.3937075138092041,0.01,1.12
500989,0.37236523628234863,0.3937075138092041,0.01,1.12
501089,0.37236523628234863,0.3937075138092041,0.01,1.12
501189,0.37236523628234863,0.3937075138092041,0.01,1.12
501289,0.37236523628234863,0.3937075138092041,0.01,1.12
501389,0.37236523628234863,0.3937075138092041,0.01,1.12
501489,0.37236523628234863,0.3937075138092041,0.01,1.12
501589,0.37236523628234863,0.3937075138092041,0.01,1.12
501689,0.37236523628234863,0.3937075138092041,0.01,1.12
501789,0.37236523628234863,0.3937075138092041,0.01,1.12
501889,0.37236523628234863,0.3937075138092041,0.01,1.12
501989,0.37236523628234863,0.3937075138092041,0.01,1.12
502089,0.37236523628234863,0.3937075138092041,0.01,1.12
502189,0.37236523628234863,0.3937075138092041,0.01,1.12
502289,0.37236523628234863,0.3937075138092041,0.01,1.12
502389,0.37236523628234863,0.3937075138092041,0.01,1.12
502489,0.37236523628234863,0.3937075138092041,0.01,1.12
502589,0.37236523628234863,0.3937075138092041,0.01,1.12
502689,0.37236523628234863,0.3937075138092041,0.01,1.12
502789,0.37236523628234863,0.3937075138092041,0.01,1.12
502889,0.37236523628234863,0.3937075138092041,0.01,1.12
502989,0.37236523628234863,0.3937075138092041,0.01,1.12
503089,0.37236523628234863,0.3937075138092041,0.01,1.12
503189,0.37236523628234863,0.3937075138092041,0.01,1.12
503289,0.37236523628234863,0.3937075138092041,0.01,1.12
503389,0.37236523628234863,0.3937075138092041,0.01,1.12
503489,0.37236523628234863,0.3937075138092041,0.01,1.12
503589,0.37236523628234863,0.3937075138092041,0.01,1.12
503689,0.37236523628234863,0.3937075138092041,0.01,1.12
503789,0.37236523628234863,0.3937075138092041,0.01,1.12
503889,0.37236523628234863,0.3937075138092041,0.01,1.12
503989,0.37236523628234863,0.3937075138092041,0.01,1.12
504089,0.37236523628234863,0.3937075138092041,0.01,1.12
504189,0.37236523628234863,0.3937075138092041,0.01,1.12
504289,0.37236523628234863,0.3937075138092041,0.01,1.12
504389,0.37236523628234863,0.3937075138092041,0.01,1.12
504489,0.37236523628234863,0.3937075138092041,0.01,1.12
504589,0.37236523628234863,0.3937075138092041,0.01,1.12
504689,0.37236523628234863,0.3937075138092041,0.01,1.12
504789,0.37236523628234863,0.3937075138092041,0.01,1.12
504889,0.37236523628234863,0.3937075138092041,0.01,1.12
504989,0.37236523628234863,0.3937075138092041,0.01,1.12
505089,0.37236523628234863,0.3937075138092041,0.01,1.12
505189,0.37236523628234863,0.3937075138092041,0.01,1.12
505289,0.37236523628234863,0.3937075138092041,0.01,1.12
505389,0.37236523628234863,0.3937075138092041,0.01,1.12
505489,0.37236523628234863,0.3937075138092041,0.01,1.12
505589,0.37236523628234863,0.3937075138092041,0.01,1.12
505689,0.37236523628234863,0.3937075138092041,0.01,1.12
505789,0.37236523628234863,0.3937075138092041,0.01,1.12
505889,0.37236523628234863,0.3937075138092041,0.01,1.12
505989,0.37236523628234863,0.3937075138092041,0.01,1.12
506089,0.37236523628234863,0.3937075138092041,0.01,1.12
506189,0.37236523628234863,0.3937075138092041,0.01,1.12
506289,0.37236523628234863,0.3937075138092041,0.01,1.12
506389,0.37236523628234863,0.3937075138092041,0.01,1.12
506489,0.37236523628234863,0.3937075138092041,0.01,1.12
506589,0.37236523628234863,0.3937075138092041,0.01,1.12
506689,0.37236523628234863,0.3937075138092041,0.01,1.12
506789,0.37236523628234863,0.3937075138092041,0.01,1.12
506889,0.37236523628234863,0.3937075138092041,0.01,1.12
506989,0.37236523628234863,0.3937075138092041,0.01,1.12
507089,0.37236523628234863,0.3937075138092041,0.01,1.12
507189,0.37236523628234863,0.3937075138092041,0.01,1.12
507289,0.37236523628234863,0.3937075138092041,0.01,1.12
507389,0.37236523628234863,0.3937075138092041,0.01,1.12
507489,0.37236523628234863,0.3937075138092041,0.01,1.12
507589,0.37236523628234863,0.3937075138092041,0.01,1.12
507689,0.37236523628234863,0.3937075138092041,0.01,1.12
507789,0.37236523628234863,0.3937075138092041,0.01,1.12
507889,0.37236523628234863,0.3937075138092041,0.01,1.12
507989,0.37236523628234863,0.3937075138092041,0.01,1.12
508089,0.37236523628234863,0.3937075138092041,0.01,1.12
508189,0.37236523628234863,0.3937075138092041,0.01,1.12
508289,0.37236523628234863,0.3937075138092041,0.01,1.12
508389,0.37236523628234863,0.3937075138092041,0.01,1.12
508489,0.37236523628234863,0.3937075138092041,0.01,1.12
508589,0.37236523628234863,0.3937075138092041,0.01,1.12
508689,0.37236523628234863,0.3937075138092041,0.01,1.12
508789,0.37236523628234863,0.3937075138092041,0.01,1.12
508889,0.37236523628234863,0.3937075138092041,0.01,1.12
508989,0.37236523628234863,0.3937075138092041,0.01,1.12
509089,0.37236523628234863,0.3937075138092041,0.01,1.12
509189,0.37236523628234863,0.3937075138092041,0.01,1.12
509289,0.37236523628234863,0.3937075138092041,0.01,1.12
509389,0.37236523628234863,0.3937075138092041,0.01,1.12
509489,0.37236523628234863,0.3937075138092041,0.01,1.12
509589,0.37236523628234863,0.3937075138092041,0.01,1.12
509689,0.37236523628234863,0.3937075138092041,0.01,1.12
509789,0.37236523628234863,0.3937075138092041,0.01,1.12
509889,0.37236523628234863,0.3937075138092041,0.01,1.12
509989,0.37236523628234863,0.3937075138092041,0.01,1.12
510089,0.37236523628234863,0.3937075138092041,0.01,1.12
510189,0.37236523628234863,0.3937075138092041,0.01,1.12
510289,0.37236523628234863,0.3937075138092041,0.01,1.12
510389,0.37236523628234863,0.3937075138092041,0.01,1.12
510489,0.37236523628234863,0.3937075138092041,0.01,1.12
510589,0.37236523628234863,0.3937075138092041,0.01,1.12
510689,0.37236523628234863,0.3937075138092041,0.01,1.12
510789,0.37236523628234863,0.3937075138092041,0.01,1.12
510889,0.37236523628234863,0.3937075138092041,0.01,1.12
510989,0.37236523628234863,0.3937075138092041,0.01,1.12
511089,0.37236523628234863,0.3937075138092041,0.01,1.12
511189,0.37236523628234863,0.3937075138092041,0.01,1.12
511289,0.37236523628234863,0.3937075138092041,0.01,1.12
511389,0.37236523628234863,0.3937075138092041,0.01,1.12
511489,0.37236523628234863,0.3937075138092041,0.01,1.12
511589,0.37236523628234863,0.3937075138092041,0.01,1.12
511689,0.37236523628234863,0.3937075138092041,0.01,1.12
511789,0.37236523628234863,0.3937075138092041,0.01,1.12
511889,0.37236523628234863,0.3937075138092041,0.01,1.12
511989,0.37236523628234863,0.3937075138092041,0.01,1.12
512089,0.37236523628234863,0.3937075138092041,0.01,1.12
512189,0.37236523628234863,0.3937075138092041,0.01,1.12
512289,0.37236523628234863,0.3937075138092041,0.01,1.12
512389,0.37236523628234863,0.3937075138092041,0.01,1.12
512489,0.37236523628234863,0.3937075138092041,0.01,1.12
512589,0.37236523628234863,0.3937075138092041,0.01,1.12
512689,0.37236523628234863,0.3937075138092041,0.01,1.12
512789,0.37236523628234863,0.3937075138092041,0.01,1.12
512889,0.37236523628234863,0.3937075138092041,0.01,1.12
512989,0.37236523628234863,0.3937075138092041,0.01,1.12
513089,0.37236523628234863,0.3937075138092041,0.01,1.12
513189,0.37236523628234863,0.3937075138092041,0.01,1.12
513289,0.37236523628234863,0.3937075138092041,0.01,1.12
513389,0.37236523628234863,0.3937075138092041,0.01,1.12
513489,0.37236523628234863,0.3937075138092041,0.01,1.12
513589,0.37236523628234863,0.3937075138092041,0.01,1.12
513689,0.37236523628234863,0.3937075138092041,0.01,1.12
513789,0.37236523628234863,0.3937075138092041,0.01,1.12
513889,0.37236523628234863,0.3937075138092041,0.01,1.12
513989,0.37236523628234863,0.3937075138092041,0.01,1.12
514089,0.37236523628234863,0.3937075138092041,0.01,1.12
514189,0.37236523628234863,0.3937075138092041,0.01,1.12
514289,0.37236523628234863,0.3937075138092041,0.01,1.12
514389,0.37236523628234863,0.3937075138092041,0.01,1.12
514489,0.37236523628234863,0.3937075138092041,0.01,1.12
514589,0.37236523628234863,0.3937075138092041,0.01,1.12
514689,0.37236523628234863,0.3937075138092041,0.01,1.12
514789,0.37236523628234863,0.3937075138092041,0.01,1.12
514889,0.37236523628234863,0.3937075138092041,0.01,1.12
514989,0.37236523628234863,0.3937075138092041,0.01,1.12
515089,0.37236523628234863,0.3937075138092041,0.01,1.12
515189,0.37236523628234863,0.3937075138092041,0.01,1.12
515289,0.37236523628234863,0.3937075138092041,0.01,1.12
515389,0.37236523628234863,0.3937075138092041,0.01,1.12
515489,0.37236523628234863,0.3937075138092041,0.01,1.12
515589,0.37236523628234863,0.3937075138092041,0.01,1.12
515689,0.37236523628234863,0.3937075138092041,0.01,1.12
515789,0.37236523628234863,0.3937075138092041,0.01,1.12
515889,0.37236523628234863,0.3937075138092041,0.01,1.12
515989,0.37236523628234863,0.3937075138092041,0.01,1.12
516089,0.37236523628234863,0.3937075138092041,0.01,1.12
516189,0.37236523628234863,0.3937075138092041,0.01,1.12
516289,0.37236523628234863,0.3937075138092041,0.01,1.12
516389,0.37236523628234863,0.3937075138092041,0.01,1.12
516489,0.37236523628234863,0.3937075138092041,0.01,1.12
516589,0.37236523628234863,0.3937075138092041,0.01,1.12
516689,0.37236523628234863,0.3937075138092041,0.01,1.12
516789,0.37236523628234863,0.3937075138092041,0.01,1.12
516889,0.37236523628234863,0.3937075138092041,0.01,1.12
516989,0.37236523628234863,0.3937075138092041,0.01,1.12
517089,0.37236523628234863,0.3937075138092041,0.01,1.12
517189,0.37236523628234863,0.3937075138092041,0.01,1.12
517289,0.37236523628234863,0.3937075138092041,0.01,1.12
517389,0.37236523628234863,0.3937075138092041,0.01,1.12
517489,0.37236523628234863,0.3937075138092041,0.01,1.12
517589,0.37236523628234863,0.3937075138092041,0.01,1.12
517689,0.37236523628234863,0.3937075138092041,0.01,1.12
517789,0.37236523628234863,0.3937075138092041,0.01,1.12
517889,0.37236523628234863,0.3937075138092041,0.01,1.12
517989,0.37236523628234863,0.3937075138092041,0.01,1.12
518089,0.37236523628234863,0.3937075138092041,0.01,1.12
518189,0.37236523628234863,0.3937075138092041,0.01,1.12
518289,0.37236523628234863,0.3937075138092041,0.01,1.12
518389,0.37236523628234863,0.3937075138092041,0.01,1.12
518489,0.37236523628234863,0.3937075138092041,0.01,1.12
518589,0.37236523628234863,0.3937075138092041,0.01,1.12
518689,0.37236523628234863,0.3937075138092041,0.01,1.12
518789,0.37236523628234863,0.3937075138092041,0.01,1.12
518889,0.37236523628234863,0.3937075138092041,0.01,1.12
518989,0.37236523628234863,0.3937075138092041,0.01,1.12
519089,0.37236523628234863,0.3937075138092041,0.01,1.12
519189,0.37236523628234863,0.3937075138092041,0.01,1.12
519289,0.37236523628234863,0.3937075138092041,0.01,1.12
519389,0.37236523628234863,0.3937075138092041,0.01,1.12
519489,0.37236523628234863,0.3937075138092041,0.01,1.12
519589,0.37236523628234863,0.3937075138092041,0.01,1.12
519689,0.37236523628234863,0.3937075138092041,0.01,1.12
519789,0.37236523628234863,0.3937075138092041,0.01,1.12
519889,0.37236523628234863,0.3937075138092041,0.01,1.12
519989,0.37236523628234863,0.3937075138092041,0.01,1.12
520089,0.37236523628234863,0.3937075138092041,0.01,1.12
520189,0.37236523628234863,0.3937075138092041,0.01,1.12
520289,0.37236523628234863,0.3937075138092041,0.01,1.12
520389,0.37236523628234863,0.3937075138092041,0.01,1.12
