evaluation,fitness,test_accuracy,uniqueness,time
0,-2.500807762145996,-4.292376518249512,1.0,0.77
100,-2.500807762145996,-4.292376518249512,1.0,0.77
200,-2.500807762145996,-4.292376518249512,1.0,0.77
300,-2.500807762145996,-4.292376518249512,1.0,0.77
400,-2.500807762145996,-4.292376518249512,1.0,0.77
500,-2.500807762145996,-4.292376518249512,1.0,0.77
600,-2.050020694732666,-2.478026866912842,1.0,0.77
700,-0.7228622436523438,-1.2190874814987183,1.0,0.77
800,-0.7228622436523438,-1.2190874814987183,1.0,0.77
900,-0.7228622436523438,-1.2190874814987183,1.0,0.77
1000,-0.7228622436523438,-1.2190874814987183,1.0,0.77
1100,-0.7228622436523438,-1.2190874814987183,1.0,0.77
1200,-0.7228622436523438,-1.2190874814987183,1.0,0.77
1300,-0.7228622436523438,-1.2190874814987183,1.0,0.77
1400,-0.7228622436523438,-1.2190874814987183,1.0,0.77
1500,-0.7228622436523438,-1.2190874814987183,1.0,0.77
1600,-0.7228622436523438,-1.2190874814987183,1.0,0.77
1700,-0.7228622436523438,-1.2190874814987183,1.0,0.77
1800,-0.7228622436523438,-1.2190874814987183,1.0,0.77
1900,-0.7228622436523438,-1.2190874814987183,1.0,0.77
2000,-0.7228622436523438,-1.2190874814987183,1.0,0.77
2100,-0.7228622436523438,-1.2190874814987183,1.0,0.77
2200,-0.7228622436523438,-1.2190874814987183,1.0,0.77
2300,-0.7228622436523438,-1.2190874814987183,1.0,0.77
2400,-0.7228622436523438,-1.2190874814987183,1.0,0.77
2500,-0.7228622436523438,-1.2190874814987183,1.0,0.77
2600,-0.7228622436523438,-1.2190874814987183,1.0,0.77
2700,-0.7228622436523438,-1.2190874814987183,1.0,0.77
2800,-0.7228622436523438,-1.2190874814987183,1.0,0.77
2900,-0.7228622436523438,-1.2190874814987183,1.0,0.77
3000,-0.7228622436523438,-1.2190874814987183,1.0,0.77
3100,-0.7228622436523438,-1.2190874814987183,1.0,0.77
3200,-0.7228622436523438,-1.2190874814987183,1.0,0.77
3300,-0.7228622436523438,-1.2190874814987183,1.0,0.77
3400,-0.7228622436523438,-1.2190874814987183,1.0,0.77
3500,-0.7228622436523438,-1.2190874814987183,1.0,0.77
3600,-0.7228622436523438,-1.2190874814987183,1.0,0.77
3700,-0.7228622436523438,-1.2190874814987183,1.0,0.77
3800,-0.7228622436523438,-1.2190874814987183,1.0,0.77
3900,-0.7228622436523438,-1.2190874814987183,1.0,0.77
4000,-0.7228622436523438,-1.2190874814987183,1.0,0.77
4100,-0.7228622436523438,-1.2190874814987183,1.0,0.77
4200,-0.7228622436523438,-1.2190874814987183,1.0,0.77
4300,-0.7228622436523438,-1.2190874814987183,1.0,0.77
4400,-0.7228622436523438,-1.2190874814987183,1.0,0.77
4500,-0.7228622436523438,-1.2190874814987183,1.0,0.77
4600,-0.7228622436523438,-1.2190874814987183,1.0,0.77
4700,-0.7228622436523438,-1.2190874814987183,1.0,0.77
4800,-0.7228622436523438,-1.2190874814987183,1.0,0.77
4900,-0.7228622436523438,-1.2190874814987183,1.0,0.77
5000,-0.7228622436523438,-1.2190874814987183,1.0,0.77
5100,-0.7228622436523438,-1.2190874814987183,1.0,0.77
5200,-0.7228622436523438,-1.2190874814987183,1.0,0.77
5300,-0.7228622436523438,-1.2190874814987183,1.0,0.77
5400,-0.7228622436523438,-1.2190874814987183,1.0,0.77
5500,-0.7228622436523438,-1.2190874814987183,1.0,0.77
5600,-0.7228622436523438,-1.2190874814987183,1.0,0.77
5700,-0.7228622436523438,-1.2190874814987183,1.0,0.77
5800,-0.7228622436523438,-1.2190874814987183,1.0,0.77
5900,-0.7228622436523438,-1.2190874814987183,1.0,0.77
6000,-0.7228622436523438,-1.2190874814987183,1.0,0.77
6100,-0.7228622436523438,-1.2190874814987183,1.0,0.77
6200,-0.7228622436523438,-1.2190874814987183,1.0,0.77
6300,-0.7228622436523438,-1.2190874814987183,1.0,0.77
6400,-0.7228622436523438,-1.2190874814987183,1.0,0.77
6500,-0.7228622436523438,-1.2190874814987183,1.0,0.77
6600,-0.7228622436523438,-1.2190874814987183,1.0,0.77
6700,-0.7228622436523438,-1.2190874814987183,1.0,0.77
6800,-0.4739602208137512,-0.5194298028945923,1.0,0.77
6900,-0.4739602208137512,-0.5194298028945923,1.0,0.77
7000,-0.4739602208137512,-0.5194298028945923,1.0,0.77
7100,-0.4739602208137512,-0.5194298028945923,1.0,0.77
7200,-0.4739602208137512,-0.5194298028945923,1.0,0.77
7300,-0.4739602208137512,-0.5194298028945923,1.0,0.77
7400,-0.4739602208137512,-0.5194298028945923,1.0,0.77
7500,-0.4739602208137512,-0.5194298028945923,1.0,0.77
7600,-0.4739602208137512,-0.5194298028945923,1.0,0.77
7700,-0.4739602208137512,-0.5194298028945923,1.0,0.77
7800,-0.4739602208137512,-0.5194298028945923,1.0,0.77
7900,-0.4739602208137512,-0.5194298028945923,1.0,0.77
8000,-0.22397887706756592,-0.2807084321975708,1.0,0.77
8100,-0.22397887706756592,-0.2807084321975708,1.0,0.77
8200,-0.22397887706756592,-0.2807084321975708,1.0,0.77
8300,-0.22397887706756592,-0.2807084321975708,1.0,0.77
8400,-0.22397887706756592,-0.2807084321975708,1.0,0.77
8500,-0.22397887706756592,-0.2807084321975708,1.0,0.77
8600,-0.22397887706756592,-0.2807084321975708,1.0,0.77
8700,-0.22397887706756592,-0.2807084321975708,1.0,0.77
8800,-0.22397887706756592,-0.2807084321975708,1.0,0.77
8900,-0.22397887706756592,-0.2807084321975708,1.0,0.77
9000,-0.22397887706756592,-0.2807084321975708,1.0,0.77
9100,-0.22397887706756592,-0.2807084321975708,1.0,0.77
9200,-0.22397887706756592,-0.2807084321975708,1.0,0.77
9300,-0.22397887706756592,-0.2807084321975708,1.0,0.77
9400,-0.22397887706756592,-0.2807084321975708,1.0,0.77
9500,-0.22397887706756592,-0.2807084321975708,1.0,0.77
9600,-0.22397887706756592,-0.2807084321975708,1.0,0.77
9700,-0.22397887706756592,-0.2807084321975708,1.0,0.77
9800,-0.22397887706756592,-0.2807084321975708,1.0,0.77
9900,-0.22397887706756592,-0.2807084321975708,1.0,0.77
10000,-0.22397887706756592,-0.2807084321975708,1.0,0.77
10100,-0.22397887706756592,-0.2807084321975708,1.0,0.77
10200,-0.22397887706756592,-0.2807084321975708,1.0,0.77
10300,-0.22397887706756592,-0.2807084321975708,1.0,0.77
10400,-0.11199760437011719,-0.12186497449874878,1.0,0.77
10500,-0.11199760437011719,-0.12186497449874878,1.0,0.77
10600,-0.11199760437011719,-0.12186497449874878,1.0,0.77
10700,-0.11199760437011719,-0.12186497449874878,1.0,0.77
10800,-0.11199760437011719,-0.12186497449874878,1.0,0.77
10900,-0.11199760437011719,-0.12186497449874878,1.0,0.77
11000,-0.11199760437011719,-0.12186497449874878,1.0,0.77
11100,-0.11199760437011719,-0.12186497449874878,1.0,0.77
11200,-0.11199760437011719,-0.12186497449874878,1.0,0.77
11300,-0.11199760437011719,-0.12186497449874878,1.0,0.77
11400,-0.11199760437011719,-0.12186497449874878,1.0,0.77
11500,-0.11199760437011719,-0.12186497449874878,1.0,0.77
11600,-0.11199760437011719,-0.12186497449874878,1.0,0.77
11700,-0.11199760437011719,-0.12186497449874878,1.0,0.77
11800,-0.11199760437011719,-0.12186497449874878,1.0,0.77
11900,-0.11199760437011719,-0.12186497449874878,1.0,0.77
12000,-0.11199760437011719,-0.12186497449874878,1.0,0.77
12100,-0.11199760437011719,-0.12186497449874878,1.0,0.77
12200,-0.11199760437011719,-0.12186497449874878,1.0,0.77
12300,-0.11199760437011719,-0.12186497449874878,1.0,0.77
12400,-0.11199760437011719,-0.12186497449874878,1.0,0.77
12500,-0.11199760437011719,-0.12186497449874878,1.0,0.77
12600,-0.11199760437011719,-0.12186497449874878,1.0,0.77
12700,-0.11199760437011719,-0.12186497449874878,1.0,0.77
12800,-0.11199760437011719,-0.12186497449874878,1.0,0.77
12900,-0.11199760437011719,-0.12186497449874878,1.0,0.77
13000,-0.11199760437011719,-0.12186497449874878,1.0,0.77
13100,-0.11199760437011719,-0.12186497449874878,1.0,0.77
13200,-0.11199760437011719,-0.12186497449874878,1.0,0.77
13300,-0.11199760437011719,-0.12186497449874878,1.0,0.77
13400,-0.11199760437011719,-0.12186497449874878,1.0,0.77
13500,-0.11199760437011719,-0.12186497449874878,1.0,0.77
13600,-0.11199760437011719,-0.12186497449874878,1.0,0.77
13700,-0.04104423522949219,-0.4100210666656494,1.0,0.77
13800,-0.04104423522949219,-0.4100210666656494,1.0,0.77
13900,-0.04104423522949219,-0.4100210666656494,1.0,0.77
14000,-0.04104423522949219,-59.119510650634766,1.0,0.75
14100,-0.04104423522949219,-59.119510650634766,1.0,0.75
14200,-0.04104423522949219,-59.119510650634766,1.0,0.75
14300,-0.04104423522949219,-59.119510650634766,1.0,0.75
14400,-0.04104423522949219,-59.119510650634766,1.0,0.75
14500,-0.04104423522949219,-59.119510650634766,1.0,0.75
14600,-0.04104423522949219,-59.119510650634766,1.0,0.75
14700,-0.04104423522949219,-59.119510650634766,1.0,0.75
14800,-0.04104423522949219,-59.119510650634766,1.0,0.75
14900,-0.04104423522949219,-59.119510650634766,1.0,0.75
15000,-0.04104423522949219,-59.119510650634766,1.0,0.75
15100,-0.04104423522949219,-59.119510650634766,1.0,0.75
15200,-0.04104423522949219,-59.119510650634766,1.0,0.75
15300,-0.04104423522949219,-59.119510650634766,1.0,0.75
15400,-0.04104423522949219,-59.119510650634766,1.0,0.75
15500,-0.04104423522949219,-59.119510650634766,1.0,0.75
15600,-0.04104423522949219,-59.119510650634766,1.0,0.75
15700,-0.04104423522949219,-59.119510650634766,1.0,0.75
15800,-0.04104423522949219,-59.119510650634766,1.0,0.75
15900,-0.04104423522949219,-59.119510650634766,1.0,0.75
16000,-0.04104423522949219,-59.119510650634766,1.0,0.75
16100,-0.04104423522949219,-59.119510650634766,1.0,0.75
16200,-0.04104423522949219,-59.119510650634766,1.0,0.75
16300,-0.04104423522949219,-59.119510650634766,1.0,0.75
16400,-0.020129263401031494,-0.02588677406311035,1.0,0.75
16500,-0.020129263401031494,-0.02588677406311035,1.0,0.75
16600,-0.020129263401031494,-0.02588677406311035,1.0,0.75
16700,-0.020129263401031494,-0.02588677406311035,1.0,0.75
16800,-0.020129263401031494,-0.02588677406311035,1.0,0.75
16900,0.02691572904586792,-0.13734543323516846,1.0,0.75
17000,0.02691572904586792,-0.13734543323516846,1.0,0.75
17100,0.02691572904586792,-0.13734543323516846,1.0,0.75
17200,0.02691572904586792,-0.13734543323516846,1.0,0.75
17300,0.02691572904586792,-0.13734543323516846,1.0,0.75
17400,0.02691572904586792,-0.13734543323516846,1.0,0.75
17500,0.02691572904586792,-0.13734543323516846,1.0,0.75
17600,0.02691572904586792,-0.13734543323516846,1.0,0.75
17700,0.02691572904586792,-0.13734543323516846,1.0,0.75
17800,0.02691572904586792,-0.13734543323516846,1.0,0.75
17900,0.02691572904586792,-0.13734543323516846,1.0,0.75
18000,0.02691572904586792,-0.13734543323516846,1.0,0.75
18100,0.02691572904586792,-0.13734543323516846,1.0,0.75
18200,0.02691572904586792,-0.13734543323516846,1.0,0.75
18300,0.02691572904586792,-0.13734543323516846,1.0,0.75
18400,0.02691572904586792,-0.13734543323516846,1.0,0.75
18500,0.02691572904586792,-0.13734543323516846,1.0,0.75
18600,0.02691572904586792,-0.13734543323516846,1.0,0.75
18700,0.02691572904586792,-0.13734543323516846,1.0,0.75
18800,0.02691572904586792,-0.13734543323516846,1.0,0.75
18900,0.02691572904586792,-0.13734543323516846,1.0,0.75
19000,0.02691572904586792,-0.13734543323516846,1.0,0.75
19100,0.02691572904586792,-0.13734543323516846,1.0,0.75
19200,0.02691572904586792,-0.13734543323516846,1.0,0.75
19300,0.02691572904586792,-0.13734543323516846,1.0,0.75
19400,0.02691572904586792,-0.13734543323516846,1.0,0.75
19500,0.02691572904586792,-0.13734543323516846,1.0,0.75
19600,0.02691572904586792,-0.13734543323516846,1.0,0.75
19700,0.02691572904586792,-0.13734543323516846,1.0,0.75
19800,0.02691572904586792,-0.13734543323516846,1.0,0.75
19900,0.02691572904586792,-0.13734543323516846,1.0,0.75
20000,0.02691572904586792,-0.13734543323516846,1.0,0.75
20100,0.02691572904586792,-0.13734543323516846,1.0,0.75
20200,0.02691572904586792,-0.13734543323516846,1.0,0.75
20300,0.02691572904586792,-0.13734543323516846,1.0,0.75
20400,0.02691572904586792,-0.13734543323516846,1.0,0.75
20500,0.02691572904586792,-0.13734543323516846,1.0,0.75
20600,0.02691572904586792,-0.13734543323516846,1.0,0.75
20700,0.02691572904586792,-0.13734543323516846,1.0,0.75
20800,0.02691572904586792,-0.13734543323516846,1.0,0.75
20900,0.02691572904586792,-0.13734543323516846,1.0,0.75
21000,0.02691572904586792,-0.13734543323516846,1.0,0.75
21100,0.02691572904586792,-0.13734543323516846,1.0,0.75
21200,0.02691572904586792,-0.13734543323516846,1.0,0.75
21300,0.02691572904586792,-0.13734543323516846,1.0,0.75
21400,0.02691572904586792,-0.13734543323516846,1.0,0.75
21500,0.02691572904586792,-0.13734543323516846,1.0,0.75
21600,0.02691572904586792,-0.13734543323516846,1.0,0.75
21700,0.02691572904586792,-0.13734543323516846,1.0,0.75
21800,0.02691572904586792,-0.13734543323516846,1.0,0.75
21900,0.02691572904586792,-0.13734543323516846,1.0,0.75
22000,0.02691572904586792,-0.13734543323516846,1.0,0.75
22100,0.02691572904586792,-0.13734543323516846,1.0,0.75
22200,0.02691572904586792,-0.13734543323516846,1.0,0.75
22300,0.02691572904586792,-0.13734543323516846,1.0,0.75
22400,0.02691572904586792,-0.13734543323516846,1.0,0.75
22500,0.02691572904586792,-0.13734543323516846,1.0,0.75
22600,0.02691572904586792,-0.13734543323516846,1.0,0.75
22700,0.02691572904586792,-0.13734543323516846,1.0,0.75
22800,0.02691572904586792,-0.13734543323516846,1.0,0.75
22900,0.02691572904586792,-0.13734543323516846,1.0,0.75
23000,0.02691572904586792,-0.13734543323516846,1.0,0.75
23100,0.02691572904586792,-0.13734543323516846,1.0,0.75
23200,0.02691572904586792,-0.13734543323516846,1.0,0.75
23300,0.02691572904586792,-0.13734543323516846,1.0,0.75
23400,0.02691572904586792,-0.13734543323516846,1.0,0.75
23500,0.02691572904586792,-0.13734543323516846,1.0,0.75
23600,0.02691572904586792,-0.13734543323516846,1.0,0.75
23700,0.02691572904586792,-0.13734543323516846,1.0,0.75
23800,0.02691572904586792,-0.13734543323516846,1.0,0.75
23900,0.02691572904586792,-0.13734543323516846,1.0,0.75
24000,0.02691572904586792,-0.13734543323516846,1.0,0.75
24100,0.02691572904586792,-0.13734543323516846,1.0,0.75
24200,0.02691572904586792,-0.13734543323516846,1.0,0.75
24300,0.02691572904586792,-0.13734543323516846,1.0,0.75
24400,0.11789900064468384,0.11445969343185425,1.0,0.75
24500,0.11789900064468384,0.11445969343185425,1.0,0.75
24600,0.11789900064468384,0.11445969343185425,1.0,0.75
24700,0.11789900064468384,0.11445969343185425,1.0,0.75
24800,0.11789900064468384,0.11445969343185425,1.0,0.75
24900,0.11789900064468384,0.11445969343185425,1.0,0.75
25000,0.11789900064468384,0.11445969343185425,1.0,0.75
25100,0.11789900064468384,0.11445969343185425,1.0,0.75
25200,0.11789900064468384,0.11445969343185425,1.0,0.75
25300,0.11789900064468384,0.11445969343185425,1.0,0.75
25400,0.11789900064468384,0.11445969343185425,1.0,0.75
25500,0.11789900064468384,0.11445969343185425,1.0,0.75
25600,0.11789900064468384,0.11445969343185425,1.0,0.75
25700,0.11789900064468384,0.11445969343185425,1.0,0.75
25800,0.11789900064468384,0.11445969343185425,1.0,0.75
25900,0.11789900064468384,0.11445969343185425,1.0,0.75
26000,0.11789900064468384,0.11445969343185425,1.0,0.75
26100,0.11789900064468384,0.11445969343185425,1.0,0.75
26200,0.11789900064468384,0.11445969343185425,1.0,0.75
26300,0.11789900064468384,0.11445969343185425,1.0,0.75
26400,0.11789900064468384,0.11445969343185425,1.0,0.75
26500,0.11789900064468384,0.11445969343185425,1.0,0.75
26600,0.11789900064468384,0.11445969343185425,1.0,0.75
26700,0.11789900064468384,0.11445969343185425,1.0,0.75
26800,0.11789900064468384,0.11445969343185425,1.0,0.75
26900,0.11789900064468384,0.11445969343185425,1.0,0.75
27000,0.11789900064468384,0.11445969343185425,1.0,0.75
27100,0.11789900064468384,0.11445969343185425,1.0,0.75
27200,0.11789900064468384,0.11445969343185425,1.0,0.75
27300,0.11789900064468384,0.11445969343185425,1.0,0.75
27400,0.11789900064468384,0.11445969343185425,1.0,0.75
27500,0.11789900064468384,0.11445969343185425,1.0,0.75
27600,0.11789900064468384,0.11445969343185425,1.0,0.75
27700,0.11789900064468384,0.11445969343185425,1.0,0.75
27800,0.11789900064468384,0.11445969343185425,1.0,0.75
27900,0.11789900064468384,0.11445969343185425,1.0,0.75
36040,0.4919377565383911,0.0656101405620575,0.46,0.75
36040,0.4919377565383911,0.0656101405620575,0.65,0.77
36140,0.4919377565383911,0.0656101405620575,0.76,0.77
36240,0.4919377565383911,0.0656101405620575,0.86,0.77
36340,0.4919377565383911,0.0656101405620575,0.92,0.77
36440,0.4919377565383911,0.0656101405620575,0.94,0.77
36540,0.4919377565383911,0.0656101405620575,0.95,0.77
36640,0.4919377565383911,0.0656101405620575,0.96,0.77
36740,0.4919377565383911,0.0656101405620575,0.98,0.77
36840,0.4919377565383911,0.0656101405620575,0.99,0.77
36940,0.4919377565383911,0.0656101405620575,1.0,0.77
37040,0.4919377565383911,0.0656101405620575,1.0,0.77
37140,0.4919377565383911,0.0656101405620575,1.0,0.77
37240,0.4919377565383911,0.0656101405620575,1.0,0.77
37340,0.4919377565383911,0.0656101405620575,1.0,0.77
37440,0.4919377565383911,0.0656101405620575,1.0,0.77
37540,0.4919377565383911,0.0656101405620575,1.0,0.77
37640,0.4919377565383911,0.0656101405620575,1.0,0.77
37740,0.4919377565383911,0.0656101405620575,1.0,0.77
37840,0.4919377565383911,0.0656101405620575,1.0,0.77
37940,0.4919377565383911,0.0656101405620575,1.0,0.77
38040,0.4919377565383911,0.0656101405620575,1.0,0.77
38140,0.4919377565383911,0.0656101405620575,1.0,0.77
38240,0.4919377565383911,0.0656101405620575,1.0,0.77
38340,0.4919377565383911,0.0656101405620575,1.0,0.77
38440,0.4919377565383911,0.0656101405620575,1.0,0.77
38540,0.4919377565383911,0.0656101405620575,1.0,0.77
38640,0.4919377565383911,0.0656101405620575,1.0,0.77
38740,0.4919377565383911,0.0656101405620575,1.0,0.77
38840,0.4919377565383911,0.0656101405620575,1.0,0.77
38940,0.4919377565383911,0.0656101405620575,1.0,0.77
39040,0.4919377565383911,0.0656101405620575,1.0,0.77
39140,0.4919377565383911,0.0656101405620575,1.0,0.77
39240,0.4919377565383911,0.0656101405620575,1.0,0.77
39340,0.4919377565383911,0.0656101405620575,1.0,0.77
39440,0.4919377565383911,0.0656101405620575,1.0,0.77
39540,0.4919377565383911,0.0656101405620575,1.0,0.77
39640,0.4919377565383911,0.0656101405620575,1.0,0.77
39740,0.4919377565383911,0.0656101405620575,1.0,0.77
39840,0.4919377565383911,0.0656101405620575,1.0,0.77
39940,0.4919377565383911,0.0656101405620575,1.0,0.77
40040,0.4919377565383911,0.0656101405620575,1.0,0.77
40140,0.4919377565383911,0.0656101405620575,1.0,0.77
40240,0.4919377565383911,0.0656101405620575,1.0,0.77
40340,0.4919377565383911,0.0656101405620575,1.0,0.77
40440,0.4919377565383911,0.0656101405620575,1.0,0.77
40540,0.4919377565383911,0.0656101405620575,1.0,0.77
40640,0.4919377565383911,0.0656101405620575,1.0,0.77
40740,0.4919377565383911,0.0656101405620575,1.0,0.77
40840,0.4919377565383911,0.0656101405620575,1.0,0.77
40940,0.4919377565383911,0.0656101405620575,1.0,0.77
41040,0.4919377565383911,0.0656101405620575,1.0,0.77
41140,0.4919377565383911,0.0656101405620575,1.0,0.77
41240,0.4919377565383911,0.0656101405620575,1.0,0.77
41340,0.4919377565383911,0.0656101405620575,1.0,0.77
41440,0.4919377565383911,0.0656101405620575,1.0,0.77
41540,0.4919377565383911,0.0656101405620575,1.0,0.77
41640,0.4919377565383911,0.0656101405620575,1.0,0.77
41740,0.4919377565383911,0.0656101405620575,1.0,0.77
41840,0.4919377565383911,0.0656101405620575,1.0,0.77
41940,0.4919377565383911,0.0656101405620575,1.0,0.77
42040,0.4919377565383911,0.0656101405620575,1.0,0.77
42140,0.4919377565383911,0.0656101405620575,1.0,0.77
42240,0.4919377565383911,0.0656101405620575,1.0,0.77
42340,0.4919377565383911,0.0656101405620575,1.0,0.77
42440,0.4919377565383911,0.0656101405620575,1.0,0.77
42540,0.4919377565383911,0.0656101405620575,1.0,0.77
42640,0.4919377565383911,0.0656101405620575,1.0,0.77
42740,0.4919377565383911,0.0656101405620575,1.0,0.77
42840,0.4919377565383911,0.0656101405620575,1.0,0.77
42940,0.4919377565383911,0.0656101405620575,1.0,0.77
43040,0.4919377565383911,0.0656101405620575,1.0,0.77
43140,0.4919377565383911,0.0656101405620575,1.0,0.77
43240,0.4919377565383911,0.0656101405620575,1.0,0.77
43340,0.4919377565383911,0.0656101405620575,1.0,0.77
43440,0.4919377565383911,0.0656101405620575,1.0,0.77
43540,0.4919377565383911,0.0656101405620575,1.0,0.77
43640,0.4919377565383911,0.0656101405620575,1.0,0.77
43740,0.4919377565383911,0.0656101405620575,1.0,0.77
43840,0.4919377565383911,0.0656101405620575,1.0,0.77
43940,0.4919377565383911,0.0656101405620575,1.0,0.77
44040,0.4919377565383911,0.0656101405620575,1.0,0.77
44140,0.4919377565383911,0.0656101405620575,1.0,0.77
44240,0.4919377565383911,0.0656101405620575,1.0,0.77
44340,0.4919377565383911,0.0656101405620575,1.0,0.77
44440,0.4919377565383911,0.0656101405620575,1.0,0.77
44540,0.4919377565383911,0.0656101405620575,1.0,0.77
44640,0.4919377565383911,0.0656101405620575,1.0,0.77
44740,0.4919377565383911,0.0656101405620575,1.0,0.77
44840,0.4919377565383911,0.0656101405620575,1.0,0.77
44940,0.4919377565383911,0.0656101405620575,1.0,0.77
45040,0.4919377565383911,0.0656101405620575,1.0,0.77
45140,0.4919377565383911,0.0656101405620575,1.0,0.77
45240,0.4919377565383911,0.0656101405620575,1.0,0.77
45340,0.4919377565383911,0.0656101405620575,1.0,0.77
45440,0.4919377565383911,0.0656101405620575,1.0,0.77
45540,0.4919377565383911,0.0656101405620575,1.0,0.77
45640,0.4919377565383911,0.0656101405620575,1.0,0.77
45740,0.4919377565383911,0.0656101405620575,1.0,0.77
45840,0.4919377565383911,0.0656101405620575,1.0,0.77
45940,0.4919377565383911,0.0656101405620575,1.0,0.77
46040,0.4919377565383911,0.0656101405620575,1.0,0.77
46140,0.4919377565383911,0.0656101405620575,1.0,0.77
46240,0.4919377565383911,0.0656101405620575,1.0,0.77
46340,0.4919377565383911,0.0656101405620575,1.0,0.77
46440,0.4919377565383911,0.0656101405620575,1.0,0.77
46540,0.4919377565383911,0.0656101405620575,1.0,0.77
46640,0.4919377565383911,0.0656101405620575,1.0,0.77
46740,0.4919377565383911,0.0656101405620575,1.0,0.77
46840,0.4919377565383911,0.0656101405620575,1.0,0.77
46940,0.4919377565383911,0.0656101405620575,1.0,0.77
47040,0.4919377565383911,0.0656101405620575,1.0,0.77
47140,0.4919377565383911,0.0656101405620575,1.0,0.77
47240,0.4919377565383911,0.0656101405620575,1.0,0.77
47340,0.4919377565383911,0.0656101405620575,1.0,0.77
47440,0.4919377565383911,0.0656101405620575,1.0,0.77
47540,0.4919377565383911,0.0656101405620575,1.0,0.77
47640,0.4919377565383911,0.0656101405620575,1.0,0.77
47740,0.4919377565383911,0.0656101405620575,1.0,0.77
47840,0.4919377565383911,0.0656101405620575,1.0,0.77
47940,0.4919377565383911,0.0656101405620575,1.0,0.77
48040,0.4919377565383911,0.0656101405620575,1.0,0.77
48140,0.4919377565383911,0.0656101405620575,1.0,0.77
48240,0.4919377565383911,0.0656101405620575,1.0,0.77
48340,0.4919377565383911,0.0656101405620575,1.0,0.77
48440,0.4919377565383911,0.0656101405620575,1.0,0.77
48540,0.4919377565383911,0.0656101405620575,1.0,0.77
48640,0.4919377565383911,0.0656101405620575,1.0,0.77
48740,0.4919377565383911,0.0656101405620575,1.0,0.77
48840,0.4919377565383911,0.0656101405620575,1.0,0.77
48940,0.4919377565383911,0.0656101405620575,1.0,0.77
49040,0.4919377565383911,0.0656101405620575,1.0,0.77
49140,0.4919377565383911,0.0656101405620575,1.0,0.77
49240,0.4919377565383911,0.0656101405620575,1.0,0.77
49340,0.4919377565383911,0.0656101405620575,1.0,0.77
49440,0.4919377565383911,0.0656101405620575,1.0,0.77
49540,0.4919377565383911,0.0656101405620575,1.0,0.77
49640,0.4919377565383911,0.0656101405620575,1.0,0.77
49740,0.4919377565383911,0.0656101405620575,1.0,0.77
49840,0.4919377565383911,0.0656101405620575,1.0,0.77
49940,0.4919377565383911,0.0656101405620575,1.0,0.77
50040,0.4919377565383911,0.0656101405620575,0.64,0.76
50140,0.4919377565383911,0.0656101405620575,0.7,0.76
50240,0.4919377565383911,0.0656101405620575,0.77,0.76
50340,0.4919377565383911,0.0656101405620575,0.8,0.76
50440,0.4919377565383911,0.0656101405620575,0.82,0.76
50540,0.4919377565383911,0.0656101405620575,0.82,0.76
50640,0.4919377565383911,0.0656101405620575,0.83,0.76
50740,0.4919377565383911,0.0656101405620575,0.85,0.76
50840,0.4919377565383911,0.0656101405620575,0.86,0.76
50940,0.4919377565383911,0.0656101405620575,0.87,0.76
51040,0.4919377565383911,0.0656101405620575,0.87,0.76
51140,0.4919377565383911,0.0656101405620575,0.87,0.76
51240,0.4919377565383911,0.0656101405620575,0.87,0.76
51340,0.4919377565383911,0.0656101405620575,0.87,0.76
51440,0.4919377565383911,0.0656101405620575,0.87,0.76
51540,0.4919377565383911,0.0656101405620575,0.87,0.76
51640,0.4919377565383911,0.0656101405620575,0.87,0.76
51740,0.4919377565383911,0.0656101405620575,0.87,0.76
51840,0.4919377565383911,0.0656101405620575,0.87,0.76
51940,0.4919377565383911,0.0656101405620575,0.87,0.76
52040,0.4919377565383911,0.0656101405620575,0.87,0.76
52140,0.4919377565383911,0.0656101405620575,0.87,0.76
52240,0.4919377565383911,0.0656101405620575,0.87,0.76
52340,0.4919377565383911,0.0656101405620575,0.87,0.76
52440,0.4919377565383911,0.0656101405620575,0.87,0.76
52540,0.4919377565383911,0.0656101405620575,0.87,0.76
52640,0.4919377565383911,0.0656101405620575,0.87,0.76
52740,0.4919377565383911,0.0656101405620575,0.87,0.76
52840,0.4919377565383911,0.0656101405620575,0.87,0.76
52940,0.4919377565383911,0.0656101405620575,0.87,0.76
53040,0.4919377565383911,0.0656101405620575,0.87,0.76
53140,0.4919377565383911,0.0656101405620575,0.87,0.76
53240,0.4919377565383911,0.0656101405620575,0.87,0.76
53340,0.4919377565383911,0.0656101405620575,0.87,0.76
53440,0.4919377565383911,0.0656101405620575,0.87,0.76
53540,0.4919377565383911,0.0656101405620575,0.87,0.76
53640,0.4919377565383911,0.0656101405620575,0.87,0.76
53740,0.4919377565383911,0.0656101405620575,0.87,0.76
53840,0.4919377565383911,0.0656101405620575,0.87,0.76
53940,0.4919377565383911,0.0656101405620575,0.87,0.76
54040,0.4919377565383911,0.0656101405620575,0.87,0.76
54140,0.4919377565383911,0.0656101405620575,0.87,0.76
54240,0.4919377565383911,0.0656101405620575,0.87,0.76
54340,0.4919377565383911,0.0656101405620575,0.87,0.76
54440,0.4919377565383911,0.0656101405620575,0.87,0.76
54540,0.4919377565383911,0.0656101405620575,0.87,0.76
54640,0.4919377565383911,0.0656101405620575,0.87,0.76
54740,0.4919377565383911,0.0656101405620575,0.87,0.76
54840,0.4919377565383911,0.0656101405620575,0.87,0.76
54940,0.4919377565383911,0.0656101405620575,0.87,0.76
55040,0.4919377565383911,0.0656101405620575,0.87,0.76
55140,0.4919377565383911,0.0656101405620575,0.87,0.76
55240,0.4919377565383911,0.0656101405620575,0.87,0.76
55340,0.4919377565383911,0.0656101405620575,0.87,0.76
55440,0.4919377565383911,0.0656101405620575,0.87,0.76
55540,0.4919377565383911,0.0656101405620575,0.87,0.76
55640,0.4919377565383911,0.0656101405620575,0.87,0.76
55740,0.4919377565383911,0.0656101405620575,0.87,0.76
55840,0.4919377565383911,0.0656101405620575,0.87,0.76
55940,0.4919377565383911,0.0656101405620575,0.87,0.76
56040,0.4919377565383911,0.0656101405620575,0.87,0.76
56140,0.4919377565383911,0.0656101405620575,0.87,0.76
56240,0.4919377565383911,0.0656101405620575,0.87,0.76
56340,0.4919377565383911,0.0656101405620575,0.87,0.76
56440,0.4919377565383911,0.0656101405620575,0.87,0.76
56540,0.4919377565383911,0.0656101405620575,0.87,0.76
56640,0.4919377565383911,0.0656101405620575,0.87,0.76
56740,0.4919377565383911,0.0656101405620575,0.87,0.76
56840,0.4919377565383911,0.0656101405620575,0.87,0.76
56940,0.4919377565383911,0.0656101405620575,0.87,0.76
57040,0.4919377565383911,0.0656101405620575,0.87,0.76
57140,0.4919377565383911,0.0656101405620575,0.87,0.76
57240,0.4919377565383911,0.0656101405620575,0.87,0.76
57340,0.4919377565383911,0.0656101405620575,0.87,0.76
57440,0.4919377565383911,0.0656101405620575,0.87,0.76
57540,0.4919377565383911,0.0656101405620575,0.87,0.76
57640,0.4919377565383911,0.0656101405620575,0.87,0.76
57740,0.4919377565383911,0.0656101405620575,0.87,0.76
57840,0.4919377565383911,0.0656101405620575,0.87,0.76
57940,0.4919377565383911,0.0656101405620575,0.87,0.76
58040,0.4919377565383911,0.0656101405620575,0.87,0.76
58140,0.4919377565383911,0.0656101405620575,0.87,0.76
58240,0.4919377565383911,0.0656101405620575,0.87,0.76
58340,0.4919377565383911,0.0656101405620575,0.87,0.76
58440,0.4919377565383911,0.0656101405620575,0.87,0.76
58540,0.4919377565383911,0.0656101405620575,0.87,0.76
58640,0.4919377565383911,0.0656101405620575,0.87,0.76
58740,0.4919377565383911,0.0656101405620575,0.87,0.76
58840,0.4919377565383911,0.0656101405620575,0.87,0.76
58940,0.4919377565383911,0.0656101405620575,0.87,0.76
59040,0.4919377565383911,0.0656101405620575,0.87,0.76
59140,0.4919377565383911,0.0656101405620575,0.87,0.76
59240,0.4919377565383911,0.0656101405620575,0.87,0.76
59340,0.4919377565383911,0.0656101405620575,0.87,0.76
59440,0.4919377565383911,0.0656101405620575,0.87,0.76
59540,0.4919377565383911,0.0656101405620575,0.87,0.76
59640,0.4919377565383911,0.0656101405620575,0.87,0.76
59740,0.4919377565383911,0.0656101405620575,0.87,0.76
59840,0.4919377565383911,0.0656101405620575,0.87,0.76
59940,0.4919377565383911,0.0656101405620575,0.87,0.76
60040,0.4919377565383911,0.0656101405620575,0.87,0.76
60140,0.4919377565383911,0.0656101405620575,0.87,0.76
60240,0.4919377565383911,0.0656101405620575,0.87,0.76
60340,0.4919377565383911,0.0656101405620575,0.87,0.76
60440,0.4919377565383911,0.0656101405620575,0.87,0.76
60540,0.4919377565383911,0.0656101405620575,0.87,0.76
60640,0.4919377565383911,0.0656101405620575,0.87,0.76
60740,0.4919377565383911,0.0656101405620575,0.87,0.76
60840,0.4919377565383911,0.0656101405620575,0.87,0.76
60940,0.4919377565383911,0.0656101405620575,0.87,0.76
61040,0.4919377565383911,0.0656101405620575,0.87,0.76
61140,0.4919377565383911,0.0656101405620575,0.87,0.76
61240,0.4919377565383911,0.0656101405620575,0.87,0.76
61340,0.4919377565383911,0.0656101405620575,0.87,0.76
61440,0.4919377565383911,0.0656101405620575,0.87,0.76
61540,0.4919377565383911,0.0656101405620575,0.87,0.76
61640,0.4919377565383911,0.0656101405620575,0.87,0.76
61740,0.4919377565383911,0.0656101405620575,0.87,0.76
61840,0.4919377565383911,0.0656101405620575,0.87,0.76
61940,0.4919377565383911,0.0656101405620575,0.87,0.76
62040,0.4919377565383911,0.0656101405620575,0.87,0.76
62140,0.4919377565383911,0.0656101405620575,0.87,0.76
62240,0.4919377565383911,0.0656101405620575,0.87,0.76
62340,0.4919377565383911,0.0656101405620575,0.87,0.76
62440,0.4919377565383911,0.0656101405620575,0.87,0.76
62540,0.4919377565383911,0.0656101405620575,0.87,0.76
62640,0.4919377565383911,0.0656101405620575,0.87,0.76
62740,0.4919377565383911,0.0656101405620575,0.87,0.76
62840,0.4919377565383911,0.0656101405620575,0.87,0.76
62940,0.4919377565383911,0.0656101405620575,0.87,0.76
63040,0.4919377565383911,0.0656101405620575,0.87,0.76
63140,0.4919377565383911,0.0656101405620575,0.87,0.76
63240,0.4919377565383911,0.0656101405620575,0.87,0.76
63340,0.4919377565383911,0.0656101405620575,0.87,0.76
63440,0.4919377565383911,0.0656101405620575,0.87,0.76
63540,0.4919377565383911,0.0656101405620575,0.87,0.76
63640,0.4919377565383911,0.0656101405620575,0.87,0.76
63740,0.4919377565383911,0.0656101405620575,0.87,0.76
63840,0.4919377565383911,0.0656101405620575,0.87,0.76
63940,0.4919377565383911,0.0656101405620575,0.87,0.76
67437,0.4919377565383911,-50.71187210083008,0.75,0.77
67537,0.4919377565383911,-50.71187210083008,0.77,0.77
67637,0.4919377565383911,-50.71187210083008,0.78,0.77
67737,0.4919377565383911,-50.71187210083008,0.78,0.77
67837,0.4919377565383911,-50.71187210083008,0.78,0.77
67937,0.4919377565383911,-50.71187210083008,0.79,0.77
68037,0.4919377565383911,-50.71187210083008,0.79,0.77
68137,0.4919377565383911,-50.71187210083008,0.79,0.77
68237,0.4919377565383911,-50.71187210083008,0.79,0.77
68337,0.4919377565383911,-50.71187210083008,0.79,0.77
68437,0.4919377565383911,-50.71187210083008,0.79,0.77
68537,0.4919377565383911,-50.71187210083008,0.79,0.77
68637,0.4919377565383911,-50.71187210083008,0.79,0.77
68737,0.4919377565383911,-50.71187210083008,0.79,0.77
68837,0.4919377565383911,-50.71187210083008,0.79,0.77
68937,0.4919377565383911,-50.71187210083008,0.79,0.77
69037,0.4919377565383911,-50.71187210083008,0.79,0.77
69137,0.4919377565383911,-50.71187210083008,0.79,0.77
69237,0.4919377565383911,-50.71187210083008,0.79,0.77
69337,0.4919377565383911,-50.71187210083008,0.79,0.77
69437,0.4919377565383911,-50.71187210083008,0.79,0.77
69537,0.4919377565383911,-50.71187210083008,0.79,0.77
69637,0.4919377565383911,-50.71187210083008,0.79,0.77
69737,0.4919377565383911,-50.71187210083008,0.79,0.77
69837,0.4919377565383911,-50.71187210083008,0.79,0.77
69937,0.4919377565383911,-50.71187210083008,0.79,0.77
70037,0.4919377565383911,-50.71187210083008,0.8,0.77
70137,0.4919377565383911,-50.71187210083008,0.8,0.77
70237,0.4919377565383911,-50.71187210083008,0.8,0.77
70337,0.4919377565383911,-50.71187210083008,0.8,0.77
70437,0.4919377565383911,-50.71187210083008,0.8,0.77
70537,0.4919377565383911,-50.71187210083008,0.8,0.77
70637,0.4919377565383911,-50.71187210083008,0.8,0.77
70737,0.4919377565383911,-50.71187210083008,0.8,0.77
70837,0.4919377565383911,-50.71187210083008,0.8,0.77
70937,0.4919377565383911,-50.71187210083008,0.8,0.77
71037,0.4919377565383911,-50.71187210083008,0.8,0.77
71137,0.4919377565383911,-50.71187210083008,0.8,0.77
71237,0.4919377565383911,-50.71187210083008,0.8,0.77
71337,0.4919377565383911,-50.71187210083008,0.8,0.77
71437,0.4919377565383911,-50.71187210083008,0.8,0.77
71537,0.4919377565383911,-50.71187210083008,0.8,0.77
71637,0.4919377565383911,-50.71187210083008,0.8,0.77
71737,0.4919377565383911,-50.71187210083008,0.8,0.77
71837,0.4919377565383911,-50.71187210083008,0.8,0.77
71937,0.4919377565383911,-50.71187210083008,0.8,0.77
72037,0.4919377565383911,-50.71187210083008,0.8,0.77
72137,0.4919377565383911,-50.71187210083008,0.8,0.77
72237,0.4919377565383911,-50.71187210083008,0.8,0.77
72337,0.4919377565383911,-50.71187210083008,0.8,0.77
72437,0.4919377565383911,-50.71187210083008,0.8,0.77
72537,0.4919377565383911,-50.71187210083008,0.8,0.77
72637,0.4919377565383911,-50.71187210083008,0.8,0.77
72737,0.4919377565383911,-50.71187210083008,0.8,0.77
72837,0.4919377565383911,-50.71187210083008,0.8,0.77
72937,0.4919377565383911,-50.71187210083008,0.8,0.77
73037,0.4919377565383911,-50.71187210083008,0.8,0.77
73137,0.4919377565383911,-50.71187210083008,0.8,0.77
73237,0.4919377565383911,-50.71187210083008,0.8,0.77
73337,0.4919377565383911,-50.71187210083008,0.8,0.77
73437,0.4919377565383911,-50.71187210083008,0.8,0.77
73537,0.4919377565383911,-50.71187210083008,0.8,0.77
73637,0.4919377565383911,-50.71187210083008,0.8,0.77
73737,0.4919377565383911,-50.71187210083008,0.8,0.77
73837,0.4919377565383911,-50.71187210083008,0.8,0.77
73937,0.4919377565383911,-50.71187210083008,0.8,0.77
74037,0.4919377565383911,-50.71187210083008,0.8,0.77
74137,0.5312018394470215,0.4075937569141388,0.8,0.77
74237,0.5312018394470215,0.4075937569141388,0.8,0.77
74337,0.5312018394470215,0.4075937569141388,0.8,0.77
74437,0.5312018394470215,0.4075937569141388,0.8,0.77
74537,0.5312018394470215,0.4075937569141388,0.8,0.77
74637,0.5312018394470215,0.4075937569141388,0.81,0.77
74737,0.5312018394470215,0.4075937569141388,0.81,0.77
74837,0.5312018394470215,0.4075937569141388,0.81,0.77
74937,0.5312018394470215,0.4075937569141388,0.82,0.77
75037,0.5312018394470215,0.4075937569141388,0.82,0.77
75137,0.5312018394470215,0.4075937569141388,0.82,0.77
75237,0.5312018394470215,0.4075937569141388,0.83,0.77
75337,0.5312018394470215,0.4075937569141388,0.83,0.77
75437,0.5312018394470215,0.4075937569141388,0.84,0.77
75537,0.5312018394470215,0.4075937569141388,0.84,0.77
75637,0.5312018394470215,0.4075937569141388,0.84,0.77
75737,0.5312018394470215,0.4075937569141388,0.84,0.77
75837,0.5312018394470215,0.4075937569141388,0.84,0.77
75937,0.5312018394470215,0.4075937569141388,0.84,0.77
76037,0.5312018394470215,0.4075937569141388,0.84,0.77
76137,0.5312018394470215,0.4075937569141388,0.84,0.77
76237,0.5312018394470215,0.4075937569141388,0.84,0.77
76337,0.5312018394470215,0.4075937569141388,0.84,0.77
76437,0.5312018394470215,0.4075937569141388,0.84,0.77
76537,0.5312018394470215,0.4075937569141388,0.84,0.77
76637,0.5312018394470215,0.4075937569141388,0.84,0.77
76737,0.5312018394470215,0.4075937569141388,0.84,0.77
76837,0.5312018394470215,0.4075937569141388,0.84,0.77
76937,0.5312018394470215,0.4075937569141388,0.84,0.77
77037,0.5312018394470215,0.4075937569141388,0.84,0.77
77137,0.5312018394470215,0.4075937569141388,0.84,0.77
77237,0.5312018394470215,0.4075937569141388,0.84,0.77
77337,0.5312018394470215,0.4075937569141388,0.84,0.77
77437,0.5312018394470215,0.4075937569141388,0.84,0.77
77537,0.5312018394470215,0.4075937569141388,0.84,0.77
77637,0.5312018394470215,0.4075937569141388,0.84,0.77
77737,0.5312018394470215,0.4075937569141388,0.84,0.77
77837,0.5312018394470215,0.4075937569141388,0.84,0.77
77937,0.5312018394470215,0.4075937569141388,0.84,0.77
78037,0.5312018394470215,0.4075937569141388,0.84,0.77
78137,0.5312018394470215,0.4075937569141388,0.84,0.77
78237,0.5312018394470215,0.4075937569141388,0.84,0.77
78337,0.5312018394470215,0.4075937569141388,0.84,0.77
78437,0.5312018394470215,0.4075937569141388,0.85,0.77
78537,0.5312018394470215,0.4075937569141388,0.85,0.77
78637,0.5312018394470215,0.4075937569141388,0.85,0.77
78737,0.5312018394470215,0.4075937569141388,0.85,0.77
78837,0.5312018394470215,0.4075937569141388,0.86,0.77
78937,0.5312018394470215,0.4075937569141388,0.86,0.77
79037,0.5312018394470215,0.4075937569141388,0.86,0.77
79137,0.5312018394470215,0.4075937569141388,0.86,0.77
79237,0.5312018394470215,0.4075937569141388,0.86,0.77
79337,0.5312018394470215,0.4075937569141388,0.86,0.77
79437,0.5312018394470215,0.4075937569141388,0.86,0.77
79537,0.5312018394470215,0.4075937569141388,0.86,0.77
79637,0.5312018394470215,0.4075937569141388,0.87,0.77
79737,0.5312018394470215,0.4075937569141388,0.87,0.77
79837,0.5312018394470215,0.4075937569141388,0.87,0.77
79937,0.5312018394470215,0.4075937569141388,0.87,0.77
80037,0.5312018394470215,0.4075937569141388,0.87,0.77
80137,0.5312018394470215,0.4075937569141388,0.87,0.77
80237,0.5312018394470215,0.4075937569141388,0.87,0.77
80337,0.5312018394470215,0.4075937569141388,0.87,0.77
80437,0.5312018394470215,0.4075937569141388,0.87,0.77
80537,0.5312018394470215,0.4075937569141388,0.87,0.77
80637,0.5312018394470215,0.4075937569141388,0.87,0.77
80737,0.5312018394470215,0.4075937569141388,0.87,0.77
80837,0.5312018394470215,0.4075937569141388,0.87,0.77
80937,0.5312018394470215,0.4075937569141388,0.88,0.77
81037,0.5312018394470215,0.4075937569141388,0.88,0.77
81137,0.5312018394470215,0.4075937569141388,0.88,0.77
81237,0.5312018394470215,0.4075937569141388,0.88,0.77
81337,0.5312018394470215,0.4075937569141388,0.88,0.77
83257,0.5312018394470215,0.4075937569141388,0.92,0.76
83357,0.5312018394470215,0.4075937569141388,0.97,0.76
83457,0.5312018394470215,0.4075937569141388,0.97,0.76
83557,0.5312018394470215,0.4075937569141388,1.0,0.76
83657,0.5312018394470215,0.4075937569141388,1.0,0.76
83757,0.5312018394470215,0.4075937569141388,1.0,0.76
83857,0.5312018394470215,0.4075937569141388,1.0,0.76
83957,0.5312018394470215,0.4075937569141388,1.0,0.76
84057,0.5312018394470215,0.4075937569141388,1.0,0.76
84157,0.5312018394470215,0.4075937569141388,1.0,0.76
84257,0.5312018394470215,0.4075937569141388,1.0,0.76
84357,0.5312018394470215,0.4075937569141388,1.0,0.76
84457,0.5312018394470215,0.4075937569141388,1.0,0.76
84557,0.5312018394470215,0.4075937569141388,1.0,0.76
84657,0.5312018394470215,0.4075937569141388,1.0,0.76
84757,0.5312018394470215,0.4075937569141388,1.0,0.76
84857,0.5312018394470215,0.4075937569141388,1.0,0.76
84957,0.5312018394470215,0.4075937569141388,1.0,0.76
85057,0.5312018394470215,0.4075937569141388,1.0,0.76
85157,0.5312018394470215,0.4075937569141388,1.0,0.76
85257,0.5312018394470215,0.4075937569141388,1.0,0.76
85357,0.5312018394470215,0.4075937569141388,1.0,0.76
85457,0.5312018394470215,0.4075937569141388,1.0,0.76
85557,0.5312018394470215,0.4075937569141388,1.0,0.76
85657,0.5312018394470215,0.4075937569141388,1.0,0.76
85757,0.5312018394470215,0.4075937569141388,1.0,0.76
85857,0.5312018394470215,0.4075937569141388,1.0,0.76
85957,0.5312018394470215,0.4075937569141388,1.0,0.76
86057,0.5312018394470215,0.4075937569141388,1.0,0.76
86157,0.5312018394470215,0.4075937569141388,1.0,0.76
86257,0.5312018394470215,0.4075937569141388,1.0,0.76
86357,0.5312018394470215,0.4075937569141388,1.0,0.76
86457,0.5312018394470215,0.4075937569141388,1.0,0.76
86557,0.5312018394470215,0.4075937569141388,1.0,0.76
86657,0.5312018394470215,0.4075937569141388,1.0,0.76
86757,0.5312018394470215,0.4075937569141388,1.0,0.76
86857,0.5312018394470215,0.4075937569141388,1.0,0.76
86957,0.5312018394470215,0.4075937569141388,1.0,0.76
87057,0.5312018394470215,0.4075937569141388,1.0,0.76
87157,0.5312018394470215,0.4075937569141388,1.0,0.76
87257,0.5312018394470215,0.4075937569141388,1.0,0.76
87357,0.5312018394470215,0.4075937569141388,1.0,0.76
87457,0.5312018394470215,0.4075937569141388,1.0,0.76
87557,0.5312018394470215,0.4075937569141388,1.0,0.76
87657,0.5312018394470215,0.4075937569141388,1.0,0.76
87757,0.5312018394470215,0.4075937569141388,1.0,0.76
87857,0.5312018394470215,0.4075937569141388,1.0,0.76
87957,0.5312018394470215,0.4075937569141388,1.0,0.76
88057,0.5312018394470215,0.4075937569141388,1.0,0.76
88157,0.5312018394470215,0.4075937569141388,1.0,0.76
88257,0.5312018394470215,0.4075937569141388,1.0,0.76
88357,0.5312018394470215,0.4075937569141388,1.0,0.76
88457,0.5312018394470215,0.4075937569141388,1.0,0.76
88557,0.5312018394470215,0.4075937569141388,1.0,0.76
88657,0.5312018394470215,0.4075937569141388,1.0,0.76
88757,0.5312018394470215,0.4075937569141388,1.0,0.76
88857,0.5312018394470215,0.4075937569141388,1.0,0.76
88957,0.5312018394470215,0.4075937569141388,1.0,0.76
89057,0.5312018394470215,0.4075937569141388,1.0,0.76
89157,0.5312018394470215,0.4075937569141388,1.0,0.76
89257,0.5312018394470215,0.4075937569141388,1.0,0.76
89357,0.5312018394470215,0.4075937569141388,1.0,0.76
89457,0.5312018394470215,0.4075937569141388,1.0,0.76
89557,0.5312018394470215,0.4075937569141388,1.0,0.76
89657,0.5312018394470215,0.4075937569141388,1.0,0.76
89757,0.5312018394470215,0.4075937569141388,1.0,0.76
89857,0.5312018394470215,0.4075937569141388,1.0,0.76
89957,0.5312018394470215,0.4075937569141388,1.0,0.76
90057,0.5312018394470215,0.4075937569141388,1.0,0.76
90157,0.5312018394470215,0.4075937569141388,1.0,0.76
90257,0.5312018394470215,0.4075937569141388,1.0,0.76
90357,0.5312018394470215,0.4075937569141388,1.0,0.76
90457,0.5312018394470215,0.4075937569141388,1.0,0.76
90557,0.5312018394470215,0.4075937569141388,1.0,0.76
90657,0.5312018394470215,0.4075937569141388,1.0,0.76
90757,0.5312018394470215,0.4075937569141388,1.0,0.76
90857,0.5312018394470215,0.4075937569141388,1.0,0.76
90957,0.5312018394470215,0.4075937569141388,1.0,0.76
91057,0.5312018394470215,0.4075937569141388,1.0,0.76
91157,0.5312018394470215,0.4075937569141388,1.0,0.76
91257,0.5312018394470215,0.4075937569141388,1.0,0.76
91357,0.5312018394470215,0.4075937569141388,1.0,0.76
91457,0.5312018394470215,0.4075937569141388,1.0,0.76
91557,0.5312018394470215,0.4075937569141388,1.0,0.76
91657,0.5312018394470215,0.4075937569141388,1.0,0.76
91757,0.5312018394470215,0.4075937569141388,1.0,0.76
91857,0.5312018394470215,0.4075937569141388,1.0,0.76
91957,0.5312018394470215,0.4075937569141388,1.0,0.76
92057,0.5312018394470215,0.4075937569141388,1.0,0.76
92157,0.5312018394470215,0.4075937569141388,1.0,0.76
92257,0.5312018394470215,0.4075937569141388,1.0,0.76
92357,0.5312018394470215,0.4075937569141388,1.0,0.76
92457,0.5312018394470215,0.4075937569141388,1.0,0.76
92557,0.5312018394470215,0.4075937569141388,1.0,0.76
92657,0.5312018394470215,0.4075937569141388,1.0,0.76
92757,0.5312018394470215,0.4075937569141388,1.0,0.76
92857,0.5312018394470215,0.4075937569141388,1.0,0.76
92957,0.5312018394470215,0.4075937569141388,1.0,0.76
93057,0.5312018394470215,0.4075937569141388,1.0,0.76
93157,0.5312018394470215,0.4075937569141388,1.0,0.76
93257,0.5312018394470215,0.4075937569141388,1.0,0.76
93357,0.5312018394470215,0.4075937569141388,1.0,0.76
93457,0.5312018394470215,0.4075937569141388,1.0,0.76
93557,0.5312018394470215,0.4075937569141388,1.0,0.76
93657,0.5312018394470215,0.4075937569141388,1.0,0.76
93757,0.5312018394470215,0.4075937569141388,1.0,0.76
93857,0.5312018394470215,0.4075937569141388,1.0,0.76
93957,0.5312018394470215,0.4075937569141388,1.0,0.76
94057,0.5312018394470215,0.4075937569141388,1.0,0.76
94157,0.5312018394470215,0.4075937569141388,1.0,0.76
94257,0.5312018394470215,0.4075937569141388,1.0,0.76
94357,0.5312018394470215,0.4075937569141388,1.0,0.76
94457,0.5312018394470215,0.4075937569141388,1.0,0.76
94557,0.5312018394470215,0.4075937569141388,1.0,0.76
94657,0.5312018394470215,0.4075937569141388,1.0,0.76
94757,0.5312018394470215,0.4075937569141388,1.0,0.76
94857,0.5312018394470215,0.4075937569141388,1.0,0.76
94957,0.5312018394470215,0.4075937569141388,1.0,0.76
95057,0.5312018394470215,0.4075937569141388,1.0,0.76
95157,0.5312018394470215,0.4075937569141388,1.0,0.76
95257,0.5312018394470215,0.4075937569141388,1.0,0.76
95357,0.5312018394470215,0.4075937569141388,1.0,0.76
95457,0.5312018394470215,0.4075937569141388,1.0,0.76
95557,0.5312018394470215,0.4075937569141388,1.0,0.76
95657,0.5312018394470215,0.4075937569141388,1.0,0.76
95757,0.5312018394470215,0.4075937569141388,1.0,0.76
95857,0.5312018394470215,0.4075937569141388,1.0,0.76
95957,0.5312018394470215,0.4075937569141388,1.0,0.76
96057,0.5312018394470215,0.4075937569141388,1.0,0.76
96157,0.5312018394470215,0.4075937569141388,1.0,0.76
96257,0.5312018394470215,0.4075937569141388,1.0,0.76
96357,0.5312018394470215,0.4075937569141388,1.0,0.76
96457,0.5312018394470215,0.4075937569141388,1.0,0.76
96557,0.5312018394470215,0.4075937569141388,1.0,0.76
96657,0.5312018394470215,0.4075937569141388,1.0,0.76
96757,0.5312018394470215,0.4075937569141388,1.0,0.76
96857,0.5312018394470215,0.4075937569141388,1.0,0.76
96957,0.5312018394470215,0.4075937569141388,1.0,0.76
97057,0.5312018394470215,0.4075937569141388,1.0,0.76
97157,0.5312018394470215,0.4075937569141388,1.0,0.76
108677,0.5409801006317139,0.32838746905326843,0.31,0.76
108677,0.5409801006317139,0.32838746905326843,0.41,0.75
108777,0.5409801006317139,0.32838746905326843,0.47,0.75
108877,0.5409801006317139,0.32838746905326843,0.55,0.75
108977,0.5409801006317139,0.32838746905326843,0.59,0.75
109077,0.5409801006317139,0.32838746905326843,0.65,0.75
109177,0.5409801006317139,0.32838746905326843,0.71,0.75
109277,0.5409801006317139,0.32838746905326843,0.78,0.75
109377,0.5409801006317139,0.32838746905326843,0.8,0.75
109477,0.5409801006317139,0.32838746905326843,0.83,0.75
109577,0.5409801006317139,0.32838746905326843,0.85,0.75
109677,0.5409801006317139,0.32838746905326843,0.89,0.75
109777,0.5409801006317139,0.32838746905326843,0.91,0.75
109877,0.5409801006317139,0.32838746905326843,0.92,0.75
109977,0.5409801006317139,0.32838746905326843,0.93,0.75
110077,0.5409801006317139,0.32838746905326843,0.93,0.75
110177,0.5409801006317139,0.32838746905326843,0.93,0.75
110277,0.5409801006317139,0.32838746905326843,0.94,0.75
110377,0.5409801006317139,0.32838746905326843,0.96,0.75
110477,0.5409801006317139,0.32838746905326843,0.96,0.75
110577,0.5409801006317139,0.32838746905326843,0.96,0.75
110677,0.5409801006317139,0.32838746905326843,0.96,0.75
110777,0.5409801006317139,0.32838746905326843,0.97,0.75
110877,0.5409801006317139,0.32838746905326843,0.99,0.75
110977,0.5409801006317139,0.32838746905326843,0.99,0.75
111077,0.5409801006317139,0.32838746905326843,0.99,0.75
111177,0.5409801006317139,0.32838746905326843,0.99,0.75
111277,0.5409801006317139,0.32838746905326843,1.0,0.75
111377,0.5409801006317139,0.32838746905326843,1.0,0.75
111477,0.5409801006317139,0.32838746905326843,1.0,0.75
111577,0.5409801006317139,0.32838746905326843,1.0,0.75
111677,0.5409801006317139,0.32838746905326843,1.0,0.75
111777,0.5409801006317139,0.32838746905326843,1.0,0.75
111877,0.5409801006317139,0.32838746905326843,1.0,0.75
111977,0.5409801006317139,0.32838746905326843,1.0,0.75
112077,0.5409801006317139,0.32838746905326843,1.0,0.75
112177,0.5409801006317139,0.32838746905326843,1.0,0.75
112277,0.5409801006317139,0.32838746905326843,1.0,0.75
112377,0.5409801006317139,0.32838746905326843,1.0,0.75
112477,0.5409801006317139,0.32838746905326843,1.0,0.75
112577,0.5409801006317139,0.32838746905326843,1.0,0.75
112677,0.5409801006317139,0.32838746905326843,1.0,0.75
112777,0.5409801006317139,0.32838746905326843,1.0,0.75
112877,0.5409801006317139,0.32838746905326843,1.0,0.75
112977,0.5409801006317139,0.32838746905326843,1.0,0.75
113077,0.5409801006317139,0.32838746905326843,1.0,0.75
113177,0.5409801006317139,0.32838746905326843,1.0,0.75
113277,0.5409801006317139,0.32838746905326843,1.0,0.75
113377,0.5409801006317139,0.32838746905326843,1.0,0.75
113477,0.5409801006317139,0.32838746905326843,1.0,0.75
113577,0.5409801006317139,0.32838746905326843,1.0,0.75
113677,0.5409801006317139,0.32838746905326843,1.0,0.75
113777,0.5409801006317139,0.32838746905326843,1.0,0.75
113877,0.5409801006317139,0.32838746905326843,1.0,0.75
113977,0.5409801006317139,0.32838746905326843,1.0,0.75
114077,0.5409801006317139,0.32838746905326843,1.0,0.75
114177,0.5409801006317139,0.32838746905326843,1.0,0.75
114277,0.5409801006317139,0.32838746905326843,1.0,0.75
114377,0.5409801006317139,0.32838746905326843,1.0,0.75
114477,0.5409801006317139,0.32838746905326843,1.0,0.75
114577,0.5409801006317139,0.32838746905326843,1.0,0.75
114677,0.5409801006317139,0.32838746905326843,1.0,0.75
114777,0.5409801006317139,0.32838746905326843,1.0,0.75
114877,0.5409801006317139,0.32838746905326843,1.0,0.75
114977,0.5409801006317139,0.32838746905326843,1.0,0.75
115077,0.5409801006317139,0.32838746905326843,1.0,0.75
115177,0.5409801006317139,0.32838746905326843,1.0,0.75
115277,0.5409801006317139,0.32838746905326843,1.0,0.75
115377,0.5409801006317139,0.32838746905326843,1.0,0.75
115477,0.5409801006317139,0.32838746905326843,1.0,0.75
115577,0.5409801006317139,0.32838746905326843,1.0,0.75
115677,0.5409801006317139,0.32838746905326843,1.0,0.75
115777,0.5409801006317139,0.32838746905326843,1.0,0.75
115877,0.5409801006317139,0.32838746905326843,1.0,0.75
115977,0.5409801006317139,0.32838746905326843,1.0,0.75
116077,0.5409801006317139,0.32838746905326843,1.0,0.75
116177,0.5409801006317139,0.32838746905326843,1.0,0.75
116277,0.5409801006317139,0.32838746905326843,1.0,0.75
116377,0.5409801006317139,0.32838746905326843,1.0,0.75
116477,0.5409801006317139,0.32838746905326843,1.0,0.75
116577,0.5409801006317139,0.32838746905326843,1.0,0.75
116677,0.5409801006317139,0.32838746905326843,1.0,0.75
116777,0.5409801006317139,0.32838746905326843,1.0,0.75
116877,0.5409801006317139,0.32838746905326843,1.0,0.75
116977,0.5409801006317139,0.32838746905326843,1.0,0.75
117077,0.5409801006317139,0.32838746905326843,1.0,0.75
117177,0.5409801006317139,0.32838746905326843,1.0,0.75
117277,0.5409801006317139,0.32838746905326843,1.0,0.75
117377,0.5409801006317139,0.32838746905326843,1.0,0.75
117477,0.5409801006317139,0.32838746905326843,1.0,0.75
117577,0.5409801006317139,0.32838746905326843,1.0,0.75
117677,0.5409801006317139,0.32838746905326843,1.0,0.75
117777,0.5409801006317139,0.32838746905326843,1.0,0.75
117877,0.5409801006317139,0.32838746905326843,1.0,0.75
117977,0.5409801006317139,0.32838746905326843,1.0,0.75
118077,0.5409801006317139,0.32838746905326843,1.0,0.75
118177,0.5409801006317139,0.32838746905326843,1.0,0.75
118277,0.5409801006317139,0.32838746905326843,1.0,0.75
118377,0.5409801006317139,0.32838746905326843,1.0,0.75
118477,0.5409801006317139,0.32838746905326843,1.0,0.75
118577,0.5801389217376709,0.45988792181015015,1.0,0.75
118677,0.5801389217376709,0.45988792181015015,1.0,0.75
118777,0.5801389217376709,0.45988792181015015,1.0,0.75
118877,0.5801389217376709,0.45988792181015015,1.0,0.75
118977,0.5801389217376709,0.45988792181015015,1.0,0.75
119077,0.5801389217376709,0.45988792181015015,1.0,0.75
119177,0.5924195051193237,0.48567381501197815,1.0,0.75
119277,0.5924195051193237,0.48567381501197815,1.0,0.75
119377,0.5924195051193237,0.48567381501197815,1.0,0.75
119477,0.5924195051193237,0.48567381501197815,1.0,0.75
119577,0.5924195051193237,0.48567381501197815,1.0,0.75
119677,0.5924195051193237,0.48567381501197815,1.0,0.75
119777,0.5924195051193237,0.48567381501197815,1.0,0.75
119877,0.5924195051193237,0.48567381501197815,1.0,0.75
119977,0.5924195051193237,0.48567381501197815,1.0,0.75
120077,0.5924195051193237,0.48567381501197815,1.0,0.75
120177,0.5924195051193237,0.48567381501197815,1.0,0.75
120277,0.5924195051193237,0.48567381501197815,1.0,0.75
120377,0.5924195051193237,0.48567381501197815,1.0,0.75
120477,0.5924195051193237,0.48567381501197815,1.0,0.75
120577,0.5924195051193237,0.48567381501197815,1.0,0.75
120677,0.5924195051193237,0.48567381501197815,1.0,0.75
120777,0.5924195051193237,0.48567381501197815,1.0,0.75
120877,0.5924195051193237,0.48567381501197815,1.0,0.75
120977,0.5924195051193237,0.48567381501197815,1.0,0.75
121077,0.5924195051193237,0.48567381501197815,1.0,0.75
121177,0.5924195051193237,0.48567381501197815,1.0,0.75
121277,0.5924195051193237,0.48567381501197815,1.0,0.75
121377,0.5924195051193237,0.48567381501197815,1.0,0.75
121477,0.5924195051193237,0.48567381501197815,1.0,0.75
121577,0.5924195051193237,0.48567381501197815,1.0,0.75
121677,0.5924195051193237,0.48567381501197815,1.0,0.75
121777,0.5924195051193237,0.48567381501197815,1.0,0.75
121877,0.5924195051193237,0.48567381501197815,1.0,0.75
121977,0.5924195051193237,0.48567381501197815,1.0,0.75
122077,0.5924195051193237,0.48567381501197815,1.0,0.75
122177,0.5924195051193237,0.48567381501197815,1.0,0.75
122277,0.5924195051193237,0.48567381501197815,1.0,0.75
122377,0.5924195051193237,0.48567381501197815,1.0,0.75
122477,0.5924195051193237,0.48567381501197815,1.0,0.75
122577,0.5924195051193237,0.48567381501197815,1.0,0.75
135897,0.5924195051193237,0.48567381501197815,0.12,0.77
135997,0.5924195051193237,0.48567381501197815,0.15,0.77
136097,0.5924195051193237,0.48567381501197815,0.17,0.77
136197,0.5924195051193237,0.48567381501197815,0.17,0.77
136297,0.5924195051193237,0.48567381501197815,0.2,0.77
136397,0.5924195051193237,0.48567381501197815,0.2,0.77
136497,0.5924195051193237,0.48567381501197815,0.21,0.77
136597,0.5924195051193237,0.48567381501197815,0.22,0.77
136697,0.5924195051193237,0.48567381501197815,0.22,0.77
136797,0.5924195051193237,0.48567381501197815,0.23,0.77
136897,0.5924195051193237,0.48567381501197815,0.25,0.77
136997,0.5924195051193237,0.48567381501197815,0.26,0.77
137097,0.5924195051193237,0.48567381501197815,0.3,0.77
137197,0.5924195051193237,0.48567381501197815,0.3,0.77
137297,0.5924195051193237,0.48567381501197815,0.31,0.77
137397,0.5924195051193237,0.48567381501197815,0.32,0.77
137497,0.5924195051193237,0.48567381501197815,0.35,0.77
137597,0.5924195051193237,0.48567381501197815,0.36,0.77
137697,0.5924195051193237,0.48567381501197815,0.37,0.77
137797,0.5924195051193237,0.48567381501197815,0.39,0.77
137897,0.5924195051193237,0.48567381501197815,0.4,0.77
137997,0.5924195051193237,0.48567381501197815,0.4,0.77
138097,0.5924195051193237,0.48567381501197815,0.41,0.77
138197,0.5924195051193237,0.48567381501197815,0.41,0.77
138297,0.5924195051193237,0.48567381501197815,0.42,0.77
138397,0.5924195051193237,0.48567381501197815,0.42,0.77
138497,0.5924195051193237,0.48567381501197815,0.43,0.77
138597,0.5924195051193237,0.48567381501197815,0.44,0.77
138697,0.5924195051193237,0.48567381501197815,0.46,0.77
138797,0.5924195051193237,0.48567381501197815,0.47,0.77
138897,0.5924195051193237,0.48567381501197815,0.47,0.77
138997,0.5924195051193237,0.48567381501197815,0.47,0.77
139097,0.5924195051193237,0.48567381501197815,0.49,0.77
139197,0.635116696357727,0.5275257229804993,0.49,0.77
139297,0.635116696357727,0.5275257229804993,0.5,0.77
139397,0.635116696357727,0.5275257229804993,0.5,0.77
139497,0.635116696357727,0.5275257229804993,0.51,0.77
139597,0.635116696357727,0.5275257229804993,0.54,0.77
139697,0.635116696357727,0.5275257229804993,0.54,0.77
139797,0.635116696357727,0.5275257229804993,0.57,0.77
139897,0.635116696357727,0.5275257229804993,0.57,0.77
139997,0.635116696357727,0.5275257229804993,0.59,0.77
140097,0.635116696357727,0.5275257229804993,0.62,0.77
140197,0.635116696357727,0.5275257229804993,0.62,0.77
140297,0.635116696357727,0.5275257229804993,0.62,0.77
140397,0.635116696357727,0.5275257229804993,0.62,0.77
140497,0.635116696357727,0.5275257229804993,0.62,0.77
140597,0.635116696357727,0.5275257229804993,0.62,0.77
140697,0.635116696357727,0.5275257229804993,0.62,0.77
140797,0.635116696357727,0.5275257229804993,0.63,0.77
140897,0.635116696357727,0.5275257229804993,0.65,0.77
140997,0.635116696357727,0.5275257229804993,0.66,0.77
141097,0.635116696357727,0.5275257229804993,0.66,0.77
141197,0.635116696357727,0.5275257229804993,0.67,0.77
141297,0.635116696357727,0.5275257229804993,0.67,0.77
141397,0.635116696357727,0.5275257229804993,0.67,0.77
141497,0.635116696357727,0.5275257229804993,0.67,0.77
141597,0.635116696357727,0.5275257229804993,0.67,0.77
141697,0.635116696357727,0.5275257229804993,0.7,0.77
141797,0.635116696357727,0.5275257229804993,0.7,0.77
141897,0.635116696357727,0.5275257229804993,0.73,0.77
141997,0.635116696357727,0.5275257229804993,0.73,0.77
142097,0.635116696357727,0.5275257229804993,0.73,0.77
142197,0.635116696357727,0.5275257229804993,0.73,0.77
142297,0.635116696357727,0.5275257229804993,0.73,0.77
142397,0.635116696357727,0.5275257229804993,0.73,0.77
142497,0.635116696357727,0.5275257229804993,0.73,0.77
142597,0.635116696357727,0.5275257229804993,0.73,0.77
142697,0.635116696357727,0.5275257229804993,0.73,0.77
142797,0.635116696357727,0.5275257229804993,0.73,0.77
142897,0.635116696357727,0.5275257229804993,0.75,0.77
142997,0.635116696357727,0.5275257229804993,0.75,0.77
143097,0.635116696357727,0.5275257229804993,0.75,0.77
143197,0.635116696357727,0.5275257229804993,0.76,0.77
143297,0.635116696357727,0.5275257229804993,0.77,0.77
143397,0.635116696357727,0.5275257229804993,0.77,0.77
143497,0.635116696357727,0.5275257229804993,0.78,0.77
143597,0.635116696357727,0.5275257229804993,0.79,0.77
143697,0.635116696357727,0.5275257229804993,0.79,0.77
143797,0.635116696357727,0.5275257229804993,0.79,0.77
143897,0.635116696357727,0.5275257229804993,0.82,0.77
143997,0.635116696357727,0.5275257229804993,0.83,0.77
144097,0.635116696357727,0.5275257229804993,0.83,0.77
144197,0.635116696357727,0.5275257229804993,0.84,0.77
144297,0.635116696357727,0.5275257229804993,0.84,0.77
144397,0.635116696357727,0.5275257229804993,0.85,0.77
144497,0.635116696357727,0.5275257229804993,0.86,0.77
144597,0.635116696357727,0.5275257229804993,0.86,0.77
144697,0.635116696357727,0.5275257229804993,0.86,0.77
144797,0.635116696357727,0.5275257229804993,0.86,0.77
144897,0.635116696357727,0.5275257229804993,0.86,0.77
144997,0.635116696357727,0.5275257229804993,0.86,0.77
145097,0.635116696357727,0.5275257229804993,0.86,0.77
145197,0.635116696357727,0.5275257229804993,0.86,0.77
145297,0.635116696357727,0.5275257229804993,0.86,0.77
145397,0.635116696357727,0.5275257229804993,0.86,0.77
145497,0.635116696357727,0.5275257229804993,0.86,0.77
145597,0.635116696357727,0.5275257229804993,0.86,0.77
145697,0.635116696357727,0.5275257229804993,0.87,0.77
145797,0.635116696357727,0.5275257229804993,0.87,0.77
145897,0.635116696357727,0.5275257229804993,0.87,0.77
145997,0.635116696357727,0.5275257229804993,0.87,0.77
146097,0.635116696357727,0.5275257229804993,0.88,0.77
146197,0.635116696357727,0.5275257229804993,0.88,0.77
146297,0.635116696357727,0.5275257229804993,0.88,0.77
146397,0.635116696357727,0.5275257229804993,0.88,0.77
146497,0.635116696357727,0.5275257229804993,0.88,0.77
146597,0.635116696357727,0.5275257229804993,0.89,0.77
146697,0.635116696357727,0.5275257229804993,0.89,0.77
146797,0.635116696357727,0.5275257229804993,0.89,0.77
146897,0.635116696357727,0.5275257229804993,0.89,0.77
146997,0.635116696357727,0.5275257229804993,0.89,0.77
147097,0.635116696357727,0.5275257229804993,0.89,0.77
147197,0.635116696357727,0.5275257229804993,0.89,0.77
147297,0.635116696357727,0.5275257229804993,0.89,0.77
147397,0.635116696357727,0.5275257229804993,0.89,0.77
147497,0.635116696357727,0.5275257229804993,0.9,0.77
147597,0.635116696357727,0.5275257229804993,0.9,0.77
147697,0.635116696357727,0.5275257229804993,0.91,0.77
147797,0.635116696357727,0.5275257229804993,0.91,0.77
147897,0.635116696357727,0.5275257229804993,0.92,0.77
147997,0.635116696357727,0.5275257229804993,0.92,0.77
148097,0.635116696357727,0.5275257229804993,0.92,0.77
148197,0.635116696357727,0.5275257229804993,0.94,0.77
148297,0.635116696357727,0.5275257229804993,0.94,0.77
148397,0.635116696357727,0.5275257229804993,0.94,0.77
148497,0.635116696357727,0.5275257229804993,0.94,0.77
148597,0.635116696357727,0.5275257229804993,0.94,0.77
148697,0.635116696357727,0.5275257229804993,0.94,0.77
148797,0.635116696357727,0.5275257229804993,0.94,0.77
148897,0.635116696357727,0.5275257229804993,0.94,0.77
148997,0.635116696357727,0.5275257229804993,0.94,0.77
149097,0.635116696357727,0.5275257229804993,0.94,0.77
149197,0.635116696357727,0.5275257229804993,0.94,0.77
149297,0.635116696357727,0.5275257229804993,0.94,0.77
149397,0.635116696357727,0.5275257229804993,0.94,0.77
149497,0.635116696357727,0.5275257229804993,0.94,0.77
149597,0.635116696357727,0.5275257229804993,0.95,0.77
149697,0.635116696357727,0.5275257229804993,0.96,0.77
149797,0.635116696357727,0.5275257229804993,0.96,0.77
159174,0.635116696357727,0.5275257229804993,0.68,0.77
159274,0.635116696357727,0.5275257229804993,0.71,0.77
159374,0.635116696357727,0.5275257229804993,0.71,0.77
159474,0.635116696357727,0.5275257229804993,0.72,0.77
159574,0.635116696357727,0.5275257229804993,0.74,0.77
159674,0.635116696357727,0.5275257229804993,0.74,0.77
159774,0.635116696357727,0.5275257229804993,0.75,0.77
159874,0.635116696357727,0.5275257229804993,0.76,0.77
159974,0.635116696357727,0.5275257229804993,0.77,0.77
160074,0.635116696357727,0.5275257229804993,0.79,0.77
160174,0.635116696357727,0.5275257229804993,0.8,0.77
160274,0.635116696357727,0.5275257229804993,0.8,0.77
160374,0.635116696357727,0.5275257229804993,0.8,0.77
160474,0.635116696357727,0.5275257229804993,0.81,0.77
160574,0.635116696357727,0.5275257229804993,0.82,0.77
160674,0.635116696357727,0.5275257229804993,0.84,0.77
160774,0.635116696357727,0.5275257229804993,0.84,0.77
160874,0.635116696357727,0.5275257229804993,0.85,0.77
160974,0.635116696357727,0.5275257229804993,0.85,0.77
161074,0.635116696357727,0.5275257229804993,0.85,0.77
161174,0.635116696357727,0.5275257229804993,0.85,0.77
161274,0.635116696357727,0.5275257229804993,0.86,0.77
161374,0.635116696357727,0.5275257229804993,0.86,0.77
161474,0.635116696357727,0.5275257229804993,0.87,0.77
161574,0.635116696357727,0.5275257229804993,0.86,0.77
161674,0.635116696357727,0.5275257229804993,0.86,0.77
161774,0.635116696357727,0.5275257229804993,0.86,0.77
161874,0.635116696357727,0.5275257229804993,0.86,0.77
161974,0.635116696357727,0.5275257229804993,0.86,0.77
162074,0.635116696357727,0.5275257229804993,0.87,0.77
162174,0.635116696357727,0.5275257229804993,0.88,0.77
162274,0.635116696357727,0.5275257229804993,0.88,0.77
162374,0.635116696357727,0.5275257229804993,0.88,0.77
162474,0.635116696357727,0.5275257229804993,0.87,0.77
162574,0.635116696357727,0.5275257229804993,0.87,0.77
162674,0.635116696357727,0.5275257229804993,0.87,0.77
162774,0.635116696357727,0.5275257229804993,0.87,0.77
162874,0.635116696357727,0.5275257229804993,0.87,0.77
162974,0.635116696357727,0.5275257229804993,0.87,0.77
163074,0.635116696357727,0.5275257229804993,0.87,0.77
163174,0.635116696357727,0.5275257229804993,0.87,0.77
163274,0.635116696357727,0.5275257229804993,0.88,0.77
163374,0.635116696357727,0.5275257229804993,0.88,0.77
163474,0.635116696357727,0.5275257229804993,0.88,0.77
163574,0.635116696357727,0.5275257229804993,0.87,0.77
163674,0.635116696357727,0.5275257229804993,0.87,0.77
163774,0.635116696357727,0.5275257229804993,0.89,0.77
163874,0.635116696357727,0.5275257229804993,0.89,0.77
163974,0.635116696357727,0.5275257229804993,0.9,0.77
164074,0.635116696357727,0.5275257229804993,0.91,0.77
164174,0.635116696357727,0.5275257229804993,0.91,0.77
164274,0.635116696357727,0.5275257229804993,0.91,0.77
164374,0.635116696357727,0.5275257229804993,0.91,0.77
164474,0.635116696357727,0.5275257229804993,0.91,0.77
164574,0.635116696357727,0.5275257229804993,0.91,0.77
164674,0.635116696357727,0.5275257229804993,0.9,0.77
164774,0.635116696357727,0.5275257229804993,0.91,0.77
164874,0.635116696357727,0.5275257229804993,0.91,0.77
164974,0.635116696357727,0.5275257229804993,0.9,0.77
165074,0.635116696357727,0.5275257229804993,0.9,0.77
165174,0.635116696357727,0.5275257229804993,0.91,0.77
165274,0.635116696357727,0.5275257229804993,0.89,0.77
165374,0.635116696357727,0.5275257229804993,0.9,0.77
165474,0.635116696357727,0.5275257229804993,0.89,0.77
165574,0.635116696357727,0.5275257229804993,0.89,0.77
165674,0.635116696357727,0.5275257229804993,0.89,0.77
165774,0.635116696357727,0.5275257229804993,0.89,0.77
165874,0.635116696357727,0.5275257229804993,0.89,0.77
165974,0.635116696357727,0.5275257229804993,0.89,0.77
166074,0.635116696357727,0.5275257229804993,0.89,0.77
166174,0.635116696357727,0.5275257229804993,0.89,0.77
166274,0.635116696357727,0.5275257229804993,0.89,0.77
166374,0.635116696357727,0.5275257229804993,0.9,0.77
166474,0.635116696357727,0.5275257229804993,0.9,0.77
166574,0.635116696357727,0.5275257229804993,0.9,0.77
166674,0.635116696357727,0.5275257229804993,0.91,0.77
166774,0.635116696357727,0.5275257229804993,0.92,0.77
166874,0.635116696357727,0.5275257229804993,0.92,0.77
166974,0.635116696357727,0.5275257229804993,0.92,0.77
167074,0.635116696357727,0.5275257229804993,0.94,0.77
167174,0.635116696357727,0.5275257229804993,0.94,0.77
167274,0.635116696357727,0.5275257229804993,0.93,0.77
167374,0.635116696357727,0.5275257229804993,0.93,0.77
167474,0.635116696357727,0.5275257229804993,0.93,0.77
167574,0.635116696357727,0.5275257229804993,0.92,0.77
167674,0.635116696357727,0.5275257229804993,0.92,0.77
167774,0.635116696357727,0.5275257229804993,0.93,0.77
167874,0.635116696357727,0.5275257229804993,0.93,0.77
167974,0.635116696357727,0.5275257229804993,0.93,0.77
168074,0.635116696357727,0.5275257229804993,0.93,0.77
168174,0.635116696357727,0.5275257229804993,0.93,0.77
168274,0.635116696357727,0.5275257229804993,0.94,0.77
168374,0.635116696357727,0.5275257229804993,0.94,0.77
168474,0.635116696357727,0.5275257229804993,0.94,0.77
168574,0.635116696357727,0.5275257229804993,0.94,0.77
168674,0.635116696357727,0.5275257229804993,0.94,0.77
168774,0.635116696357727,0.5275257229804993,0.94,0.77
168874,0.635116696357727,0.5275257229804993,0.94,0.77
168974,0.635116696357727,0.5275257229804993,0.94,0.77
169074,0.635116696357727,0.5275257229804993,0.94,0.77
169174,0.635116696357727,0.5275257229804993,0.94,0.77
169274,0.635116696357727,0.5275257229804993,0.94,0.77
169374,0.635116696357727,0.5275257229804993,0.93,0.77
169474,0.635116696357727,0.5275257229804993,0.93,0.77
169574,0.635116696357727,0.5275257229804993,0.93,0.77
169674,0.635116696357727,0.5275257229804993,0.93,0.77
169774,0.635116696357727,0.5275257229804993,0.92,0.77
169874,0.635116696357727,0.5275257229804993,0.93,0.77
169974,0.635116696357727,0.5275257229804993,0.92,0.77
170074,0.635116696357727,0.5275257229804993,0.92,0.77
170174,0.635116696357727,0.5275257229804993,0.92,0.77
170274,0.635116696357727,0.5275257229804993,0.92,0.77
170374,0.635116696357727,0.5275257229804993,0.92,0.77
170474,0.635116696357727,0.5275257229804993,0.92,0.77
170574,0.635116696357727,0.5275257229804993,0.92,0.77
170674,0.635116696357727,0.5275257229804993,0.91,0.77
170774,0.635116696357727,0.5275257229804993,0.92,0.77
170874,0.635116696357727,0.5275257229804993,0.92,0.77
170974,0.635116696357727,0.5275257229804993,0.92,0.77
171074,0.635116696357727,0.5275257229804993,0.92,0.77
171174,0.635116696357727,0.5275257229804993,0.92,0.77
171274,0.635116696357727,0.5275257229804993,0.93,0.77
171374,0.635116696357727,0.5275257229804993,0.92,0.77
171474,0.635116696357727,0.5275257229804993,0.92,0.77
171574,0.635116696357727,0.5275257229804993,0.92,0.77
171674,0.635116696357727,0.5275257229804993,0.92,0.77
171774,0.635116696357727,0.5275257229804993,0.92,0.77
171874,0.635116696357727,0.5275257229804993,0.92,0.77
171974,0.635116696357727,0.5275257229804993,0.92,0.77
172074,0.635116696357727,0.5275257229804993,0.92,0.77
172174,0.635116696357727,0.5275257229804993,0.93,0.77
172274,0.635116696357727,0.5275257229804993,0.94,0.77
172374,0.635116696357727,0.5275257229804993,0.94,0.77
172474,0.635116696357727,0.5275257229804993,0.94,0.77
172574,0.635116696357727,0.5275257229804993,0.94,0.77
172674,0.635116696357727,0.5275257229804993,0.94,0.77
172774,0.635116696357727,0.5275257229804993,0.94,0.77
172874,0.635116696357727,0.5275257229804993,0.94,0.77
172974,0.635116696357727,0.5275257229804993,0.94,0.77
173074,0.635116696357727,0.5275257229804993,0.94,0.77
187174,0.635116696357727,0.5275257229804993,0.01,0.77
187274,0.635116696357727,0.5275257229804993,0.01,0.77
187374,0.635116696357727,0.5275257229804993,0.01,0.77
187474,0.635116696357727,0.5275257229804993,0.01,0.77
187574,0.635116696357727,0.5275257229804993,0.01,0.77
187674,0.635116696357727,0.5275257229804993,0.01,0.77
187774,0.635116696357727,0.5275257229804993,0.01,0.77
187874,0.635116696357727,0.5275257229804993,0.01,0.77
187974,0.635116696357727,0.5275257229804993,0.01,0.77
188074,0.635116696357727,0.5275257229804993,0.01,0.77
188174,0.635116696357727,0.5275257229804993,0.01,0.77
188274,0.635116696357727,0.5275257229804993,0.01,0.77
188374,0.635116696357727,0.5275257229804993,0.01,0.77
188474,0.635116696357727,0.5275257229804993,0.01,0.77
188574,0.635116696357727,0.5275257229804993,0.01,0.77
188674,0.635116696357727,0.5275257229804993,0.01,0.77
188774,0.635116696357727,0.5275257229804993,0.01,0.77
188874,0.635116696357727,0.5275257229804993,0.01,0.77
188974,0.635116696357727,0.5275257229804993,0.01,0.77
189074,0.635116696357727,0.5275257229804993,0.01,0.77
189174,0.635116696357727,0.5275257229804993,0.01,0.77
189274,0.635116696357727,0.5275257229804993,0.01,0.77
189374,0.635116696357727,0.5275257229804993,0.01,0.77
189474,0.635116696357727,0.5275257229804993,0.01,0.77
189574,0.635116696357727,0.5275257229804993,0.01,0.77
189674,0.635116696357727,0.5275257229804993,0.01,0.77
189774,0.635116696357727,0.5275257229804993,0.01,0.77
189874,0.635116696357727,0.5275257229804993,0.01,0.77
189974,0.635116696357727,0.5275257229804993,0.01,0.77
190074,0.635116696357727,0.5275257229804993,0.01,0.77
190174,0.635116696357727,0.5275257229804993,0.01,0.77
190274,0.635116696357727,0.5275257229804993,0.01,0.77
190374,0.635116696357727,0.5275257229804993,0.01,0.77
190474,0.635116696357727,0.5275257229804993,0.01,0.77
190574,0.635116696357727,0.5275257229804993,0.01,0.77
190674,0.635116696357727,0.5275257229804993,0.01,0.77
190774,0.635116696357727,0.5275257229804993,0.01,0.77
190874,0.635116696357727,0.5275257229804993,0.01,0.77
190974,0.635116696357727,0.5275257229804993,0.01,0.77
191074,0.635116696357727,0.5275257229804993,0.01,0.77
191174,0.635116696357727,0.5275257229804993,0.01,0.77
191274,0.635116696357727,0.5275257229804993,0.01,0.77
191374,0.635116696357727,0.5275257229804993,0.01,0.77
191474,0.635116696357727,0.5275257229804993,0.01,0.77
191574,0.635116696357727,0.5275257229804993,0.01,0.77
191674,0.635116696357727,0.5275257229804993,0.01,0.77
191774,0.635116696357727,0.5275257229804993,0.01,0.77
191874,0.635116696357727,0.5275257229804993,0.01,0.77
191974,0.635116696357727,0.5275257229804993,0.01,0.77
192074,0.635116696357727,0.5275257229804993,0.01,0.77
192174,0.635116696357727,0.5275257229804993,0.01,0.77
192274,0.635116696357727,0.5275257229804993,0.01,0.77
192374,0.635116696357727,0.5275257229804993,0.01,0.77
192474,0.635116696357727,0.5275257229804993,0.01,0.77
192574,0.635116696357727,0.5275257229804993,0.01,0.77
192674,0.635116696357727,0.5275257229804993,0.01,0.77
192774,0.635116696357727,0.5275257229804993,0.01,0.77
192874,0.635116696357727,0.5275257229804993,0.01,0.77
192974,0.635116696357727,0.5275257229804993,0.01,0.77
193074,0.635116696357727,0.5275257229804993,0.01,0.77
193174,0.635116696357727,0.5275257229804993,0.01,0.77
193274,0.635116696357727,0.5275257229804993,0.01,0.77
193374,0.635116696357727,0.5275257229804993,0.01,0.77
193474,0.635116696357727,0.5275257229804993,0.01,0.77
193574,0.635116696357727,0.5275257229804993,0.01,0.77
193674,0.635116696357727,0.5275257229804993,0.01,0.77
193774,0.635116696357727,0.5275257229804993,0.01,0.77
193874,0.635116696357727,0.5275257229804993,0.01,0.77
193974,0.635116696357727,0.5275257229804993,0.01,0.77
194074,0.635116696357727,0.5275257229804993,0.01,0.77
194174,0.635116696357727,0.5275257229804993,0.01,0.77
194274,0.635116696357727,0.5275257229804993,0.01,0.77
194374,0.635116696357727,0.5275257229804993,0.01,0.77
194474,0.635116696357727,0.5275257229804993,0.01,0.77
194574,0.635116696357727,0.5275257229804993,0.01,0.77
194674,0.635116696357727,0.5275257229804993,0.01,0.77
194774,0.635116696357727,0.5275257229804993,0.01,0.77
194874,0.635116696357727,0.5275257229804993,0.01,0.77
194974,0.635116696357727,0.5275257229804993,0.01,0.77
195074,0.635116696357727,0.5275257229804993,0.01,0.77
195174,0.635116696357727,0.5275257229804993,0.01,0.77
195274,0.635116696357727,0.5275257229804993,0.01,0.77
195374,0.635116696357727,0.5275257229804993,0.01,0.77
195474,0.635116696357727,0.5275257229804993,0.01,0.77
195574,0.635116696357727,0.5275257229804993,0.01,0.77
195674,0.635116696357727,0.5275257229804993,0.01,0.77
195774,0.635116696357727,0.5275257229804993,0.01,0.77
195874,0.635116696357727,0.5275257229804993,0.01,0.77
195974,0.635116696357727,0.5275257229804993,0.01,0.77
196074,0.635116696357727,0.5275257229804993,0.01,0.77
196174,0.635116696357727,0.5275257229804993,0.01,0.77
196274,0.635116696357727,0.5275257229804993,0.01,0.77
196374,0.635116696357727,0.5275257229804993,0.01,0.77
196474,0.635116696357727,0.5275257229804993,0.01,0.77
196574,0.635116696357727,0.5275257229804993,0.01,0.77
196674,0.635116696357727,0.5275257229804993,0.01,0.77
196774,0.635116696357727,0.5275257229804993,0.01,0.77
196874,0.635116696357727,0.5275257229804993,0.01,0.77
196974,0.635116696357727,0.5275257229804993,0.01,0.77
197074,0.635116696357727,0.5275257229804993,0.01,0.77
197174,0.635116696357727,0.5275257229804993,0.01,0.77
197274,0.635116696357727,0.5275257229804993,0.01,0.77
197374,0.635116696357727,0.5275257229804993,0.01,0.77
197474,0.635116696357727,0.5275257229804993,0.01,0.77
197574,0.635116696357727,0.5275257229804993,0.01,0.77
197674,0.635116696357727,0.5275257229804993,0.01,0.77
197774,0.635116696357727,0.5275257229804993,0.01,0.77
197874,0.635116696357727,0.5275257229804993,0.01,0.77
197974,0.635116696357727,0.5275257229804993,0.01,0.77
198074,0.635116696357727,0.5275257229804993,0.01,0.77
198174,0.635116696357727,0.5275257229804993,0.01,0.77
198274,0.635116696357727,0.5275257229804993,0.01,0.77
198374,0.635116696357727,0.5275257229804993,0.01,0.77
198474,0.635116696357727,0.5275257229804993,0.01,0.77
198574,0.635116696357727,0.5275257229804993,0.01,0.77
198674,0.635116696357727,0.5275257229804993,0.01,0.77
198774,0.635116696357727,0.5275257229804993,0.01,0.77
198874,0.635116696357727,0.5275257229804993,0.01,0.77
198974,0.635116696357727,0.5275257229804993,0.01,0.77
199074,0.635116696357727,0.5275257229804993,0.01,0.77
199174,0.635116696357727,0.5275257229804993,0.01,0.77
199274,0.635116696357727,0.5275257229804993,0.01,0.77
199374,0.635116696357727,0.5275257229804993,0.01,0.77
199474,0.635116696357727,0.5275257229804993,0.01,0.77
199574,0.635116696357727,0.5275257229804993,0.01,0.77
199674,0.635116696357727,0.5275257229804993,0.01,0.77
199774,0.635116696357727,0.5275257229804993,0.01,0.77
199874,0.635116696357727,0.5275257229804993,0.01,0.77
199974,0.635116696357727,0.5275257229804993,0.01,0.77
200074,0.635116696357727,0.5275257229804993,0.01,0.77
200174,0.635116696357727,0.5275257229804993,0.01,0.77
200274,0.635116696357727,0.5275257229804993,0.01,0.77
200374,0.635116696357727,0.5275257229804993,0.01,0.77
200474,0.635116696357727,0.5275257229804993,0.01,0.77
200574,0.635116696357727,0.5275257229804993,0.01,0.77
200674,0.635116696357727,0.5275257229804993,0.01,0.77
200774,0.635116696357727,0.5275257229804993,0.01,0.77
200874,0.635116696357727,0.5275257229804993,0.01,0.77
200974,0.635116696357727,0.5275257229804993,0.01,0.77
201074,0.635116696357727,0.5275257229804993,0.01,0.77
215174,0.635116696357727,0.5275257229804993,0.01,0.77
215274,0.635116696357727,0.5275257229804993,0.01,0.77
215374,0.635116696357727,0.5275257229804993,0.01,0.77
215474,0.635116696357727,0.5275257229804993,0.01,0.77
215574,0.635116696357727,0.5275257229804993,0.01,0.77
215674,0.635116696357727,0.5275257229804993,0.01,0.77
215774,0.635116696357727,0.5275257229804993,0.01,0.77
215874,0.635116696357727,0.5275257229804993,0.01,0.77
215974,0.635116696357727,0.5275257229804993,0.01,0.77
216074,0.635116696357727,0.5275257229804993,0.01,0.77
216174,0.635116696357727,0.5275257229804993,0.01,0.77
216274,0.635116696357727,0.5275257229804993,0.01,0.77
216374,0.635116696357727,0.5275257229804993,0.01,0.77
216474,0.635116696357727,0.5275257229804993,0.01,0.77
216574,0.635116696357727,0.5275257229804993,0.01,0.77
216674,0.635116696357727,0.5275257229804993,0.01,0.77
216774,0.635116696357727,0.5275257229804993,0.01,0.77
216874,0.635116696357727,0.5275257229804993,0.01,0.77
216974,0.635116696357727,0.5275257229804993,0.01,0.77
217074,0.635116696357727,0.5275257229804993,0.01,0.77
217174,0.635116696357727,0.5275257229804993,0.01,0.77
217274,0.635116696357727,0.5275257229804993,0.01,0.77
217374,0.635116696357727,0.5275257229804993,0.01,0.77
217474,0.635116696357727,0.5275257229804993,0.01,0.77
217574,0.635116696357727,0.5275257229804993,0.01,0.77
217674,0.635116696357727,0.5275257229804993,0.01,0.77
217774,0.635116696357727,0.5275257229804993,0.01,0.77
217874,0.635116696357727,0.5275257229804993,0.01,0.77
217974,0.635116696357727,0.5275257229804993,0.01,0.77
218074,0.635116696357727,0.5275257229804993,0.01,0.77
218174,0.635116696357727,0.5275257229804993,0.01,0.77
218274,0.635116696357727,0.5275257229804993,0.01,0.77
218374,0.635116696357727,0.5275257229804993,0.01,0.77
218474,0.635116696357727,0.5275257229804993,0.01,0.77
218574,0.635116696357727,0.5275257229804993,0.01,0.77
218674,0.635116696357727,0.5275257229804993,0.01,0.77
218774,0.635116696357727,0.5275257229804993,0.01,0.77
218874,0.635116696357727,0.5275257229804993,0.01,0.77
218974,0.635116696357727,0.5275257229804993,0.01,0.77
219074,0.635116696357727,0.5275257229804993,0.01,0.77
219174,0.635116696357727,0.5275257229804993,0.01,0.77
219274,0.635116696357727,0.5275257229804993,0.01,0.77
219374,0.635116696357727,0.5275257229804993,0.01,0.77
219474,0.635116696357727,0.5275257229804993,0.01,0.77
219574,0.635116696357727,0.5275257229804993,0.01,0.77
219674,0.635116696357727,0.5275257229804993,0.01,0.77
219774,0.635116696357727,0.5275257229804993,0.01,0.77
219874,0.635116696357727,0.5275257229804993,0.01,0.77
219974,0.635116696357727,0.5275257229804993,0.01,0.77
220074,0.635116696357727,0.5275257229804993,0.01,0.77
220174,0.635116696357727,0.5275257229804993,0.01,0.77
220274,0.635116696357727,0.5275257229804993,0.01,0.77
220374,0.635116696357727,0.5275257229804993,0.01,0.77
220474,0.635116696357727,0.5275257229804993,0.01,0.77
220574,0.635116696357727,0.5275257229804993,0.01,0.77
220674,0.635116696357727,0.5275257229804993,0.01,0.77
220774,0.635116696357727,0.5275257229804993,0.01,0.77
220874,0.635116696357727,0.5275257229804993,0.01,0.77
220974,0.635116696357727,0.5275257229804993,0.01,0.77
221074,0.635116696357727,0.5275257229804993,0.01,0.77
221174,0.635116696357727,0.5275257229804993,0.01,0.77
221274,0.635116696357727,0.5275257229804993,0.01,0.77
221374,0.635116696357727,0.5275257229804993,0.01,0.77
221474,0.635116696357727,0.5275257229804993,0.01,0.77
221574,0.635116696357727,0.5275257229804993,0.01,0.77
221674,0.635116696357727,0.5275257229804993,0.01,0.77
221774,0.635116696357727,0.5275257229804993,0.01,0.77
221874,0.635116696357727,0.5275257229804993,0.01,0.77
221974,0.635116696357727,0.5275257229804993,0.01,0.77
222074,0.635116696357727,0.5275257229804993,0.01,0.77
222174,0.635116696357727,0.5275257229804993,0.01,0.77
222274,0.635116696357727,0.5275257229804993,0.01,0.77
222374,0.635116696357727,0.5275257229804993,0.01,0.77
222474,0.635116696357727,0.5275257229804993,0.01,0.77
222574,0.635116696357727,0.5275257229804993,0.01,0.77
222674,0.635116696357727,0.5275257229804993,0.01,0.77
222774,0.635116696357727,0.5275257229804993,0.01,0.77
222874,0.635116696357727,0.5275257229804993,0.01,0.77
222974,0.635116696357727,0.5275257229804993,0.01,0.77
223074,0.635116696357727,0.5275257229804993,0.01,0.77
223174,0.635116696357727,0.5275257229804993,0.01,0.77
223274,0.635116696357727,0.5275257229804993,0.01,0.77
223374,0.635116696357727,0.5275257229804993,0.01,0.77
223474,0.635116696357727,0.5275257229804993,0.01,0.77
223574,0.635116696357727,0.5275257229804993,0.01,0.77
223674,0.635116696357727,0.5275257229804993,0.01,0.77
223774,0.635116696357727,0.5275257229804993,0.01,0.77
223874,0.635116696357727,0.5275257229804993,0.01,0.77
223974,0.635116696357727,0.5275257229804993,0.01,0.77
224074,0.635116696357727,0.5275257229804993,0.01,0.77
224174,0.635116696357727,0.5275257229804993,0.01,0.77
224274,0.635116696357727,0.5275257229804993,0.01,0.77
224374,0.635116696357727,0.5275257229804993,0.01,0.77
224474,0.635116696357727,0.5275257229804993,0.01,0.77
224574,0.635116696357727,0.5275257229804993,0.01,0.77
224674,0.635116696357727,0.5275257229804993,0.01,0.77
224774,0.635116696357727,0.5275257229804993,0.01,0.77
224874,0.635116696357727,0.5275257229804993,0.01,0.77
224974,0.635116696357727,0.5275257229804993,0.01,0.77
225074,0.635116696357727,0.5275257229804993,0.01,0.77
225174,0.635116696357727,0.5275257229804993,0.01,0.77
225274,0.635116696357727,0.5275257229804993,0.01,0.77
225374,0.635116696357727,0.5275257229804993,0.01,0.77
225474,0.635116696357727,0.5275257229804993,0.01,0.77
225574,0.635116696357727,0.5275257229804993,0.01,0.77
225674,0.635116696357727,0.5275257229804993,0.01,0.77
225774,0.635116696357727,0.5275257229804993,0.01,0.77
225874,0.635116696357727,0.5275257229804993,0.01,0.77
225974,0.635116696357727,0.5275257229804993,0.01,0.77
226074,0.635116696357727,0.5275257229804993,0.01,0.77
226174,0.635116696357727,0.5275257229804993,0.01,0.77
226274,0.635116696357727,0.5275257229804993,0.01,0.77
226374,0.635116696357727,0.5275257229804993,0.01,0.77
226474,0.635116696357727,0.5275257229804993,0.01,0.77
226574,0.635116696357727,0.5275257229804993,0.01,0.77
226674,0.635116696357727,0.5275257229804993,0.01,0.77
226774,0.635116696357727,0.5275257229804993,0.01,0.77
226874,0.635116696357727,0.5275257229804993,0.01,0.77
226974,0.635116696357727,0.5275257229804993,0.01,0.77
227074,0.635116696357727,0.5275257229804993,0.01,0.77
227174,0.635116696357727,0.5275257229804993,0.01,0.77
227274,0.635116696357727,0.5275257229804993,0.01,0.77
227374,0.635116696357727,0.5275257229804993,0.01,0.77
227474,0.635116696357727,0.5275257229804993,0.01,0.77
227574,0.635116696357727,0.5275257229804993,0.01,0.77
227674,0.635116696357727,0.5275257229804993,0.01,0.77
227774,0.635116696357727,0.5275257229804993,0.01,0.77
227874,0.635116696357727,0.5275257229804993,0.01,0.77
227974,0.635116696357727,0.5275257229804993,0.01,0.77
228074,0.635116696357727,0.5275257229804993,0.01,0.77
228174,0.635116696357727,0.5275257229804993,0.01,0.77
228274,0.635116696357727,0.5275257229804993,0.01,0.77
228374,0.635116696357727,0.5275257229804993,0.01,0.77
228474,0.635116696357727,0.5275257229804993,0.01,0.77
228574,0.635116696357727,0.5275257229804993,0.01,0.77
228674,0.635116696357727,0.5275257229804993,0.01,0.77
228774,0.635116696357727,0.5275257229804993,0.01,0.77
228874,0.635116696357727,0.5275257229804993,0.01,0.77
228974,0.635116696357727,0.5275257229804993,0.01,0.77
229074,0.635116696357727,0.5275257229804993,0.01,0.77
243174,0.635116696357727,0.5275257229804993,0.01,0.78
243274,0.635116696357727,0.5275257229804993,0.01,0.78
243374,0.635116696357727,0.5275257229804993,0.01,0.78
243474,0.635116696357727,0.5275257229804993,0.01,0.78
243574,0.635116696357727,0.5275257229804993,0.01,0.78
243674,0.635116696357727,0.5275257229804993,0.01,0.78
243774,0.635116696357727,0.5275257229804993,0.01,0.78
243874,0.635116696357727,0.5275257229804993,0.01,0.78
243974,0.635116696357727,0.5275257229804993,0.01,0.78
244074,0.635116696357727,0.5275257229804993,0.01,0.78
244174,0.635116696357727,0.5275257229804993,0.01,0.78
244274,0.635116696357727,0.5275257229804993,0.01,0.78
244374,0.635116696357727,0.5275257229804993,0.01,0.78
244474,0.635116696357727,0.5275257229804993,0.01,0.78
244574,0.635116696357727,0.5275257229804993,0.01,0.78
244674,0.635116696357727,0.5275257229804993,0.01,0.78
244774,0.635116696357727,0.5275257229804993,0.01,0.78
244874,0.635116696357727,0.5275257229804993,0.01,0.78
244974,0.635116696357727,0.5275257229804993,0.01,0.78
245074,0.635116696357727,0.5275257229804993,0.01,0.78
245174,0.635116696357727,0.5275257229804993,0.01,0.78
245274,0.635116696357727,0.5275257229804993,0.01,0.78
245374,0.635116696357727,0.5275257229804993,0.01,0.78
245474,0.635116696357727,0.5275257229804993,0.01,0.78
245574,0.635116696357727,0.5275257229804993,0.01,0.78
245674,0.635116696357727,0.5275257229804993,0.01,0.78
245774,0.635116696357727,0.5275257229804993,0.01,0.78
245874,0.635116696357727,0.5275257229804993,0.01,0.78
245974,0.635116696357727,0.5275257229804993,0.01,0.78
246074,0.635116696357727,0.5275257229804993,0.01,0.78
246174,0.635116696357727,0.5275257229804993,0.01,0.78
246274,0.635116696357727,0.5275257229804993,0.01,0.78
246374,0.635116696357727,0.5275257229804993,0.01,0.78
246474,0.635116696357727,0.5275257229804993,0.01,0.78
246574,0.635116696357727,0.5275257229804993,0.01,0.78
246674,0.635116696357727,0.5275257229804993,0.01,0.78
246774,0.635116696357727,0.5275257229804993,0.01,0.78
246874,0.635116696357727,0.5275257229804993,0.01,0.78
246974,0.635116696357727,0.5275257229804993,0.01,0.78
247074,0.635116696357727,0.5275257229804993,0.01,0.78
247174,0.635116696357727,0.5275257229804993,0.01,0.78
247274,0.635116696357727,0.5275257229804993,0.01,0.78
247374,0.635116696357727,0.5275257229804993,0.01,0.78
247474,0.635116696357727,0.5275257229804993,0.01,0.78
247574,0.635116696357727,0.5275257229804993,0.01,0.78
247674,0.635116696357727,0.5275257229804993,0.01,0.78
247774,0.635116696357727,0.5275257229804993,0.01,0.78
247874,0.635116696357727,0.5275257229804993,0.01,0.78
247974,0.635116696357727,0.5275257229804993,0.01,0.78
248074,0.635116696357727,0.5275257229804993,0.01,0.78
248174,0.635116696357727,0.5275257229804993,0.01,0.78
248274,0.635116696357727,0.5275257229804993,0.01,0.78
248374,0.635116696357727,0.5275257229804993,0.01,0.78
248474,0.635116696357727,0.5275257229804993,0.01,0.78
248574,0.635116696357727,0.5275257229804993,0.01,0.78
248674,0.635116696357727,0.5275257229804993,0.01,0.78
248774,0.635116696357727,0.5275257229804993,0.01,0.78
248874,0.635116696357727,0.5275257229804993,0.01,0.78
248974,0.635116696357727,0.5275257229804993,0.01,0.78
249074,0.635116696357727,0.5275257229804993,0.01,0.78
249174,0.635116696357727,0.5275257229804993,0.01,0.78
249274,0.635116696357727,0.5275257229804993,0.01,0.78
249374,0.635116696357727,0.5275257229804993,0.01,0.78
249474,0.635116696357727,0.5275257229804993,0.01,0.78
249574,0.635116696357727,0.5275257229804993,0.01,0.78
249674,0.635116696357727,0.5275257229804993,0.01,0.78
249774,0.635116696357727,0.5275257229804993,0.01,0.78
249874,0.635116696357727,0.5275257229804993,0.01,0.78
249974,0.635116696357727,0.5275257229804993,0.01,0.78
250074,0.635116696357727,0.5275257229804993,0.01,0.78
250174,0.635116696357727,0.5275257229804993,0.01,0.78
250274,0.635116696357727,0.5275257229804993,0.01,0.78
250374,0.635116696357727,0.5275257229804993,0.01,0.78
250474,0.635116696357727,0.5275257229804993,0.01,0.78
250574,0.635116696357727,0.5275257229804993,0.01,0.78
250674,0.635116696357727,0.5275257229804993,0.01,0.78
250774,0.635116696357727,0.5275257229804993,0.01,0.78
250874,0.635116696357727,0.5275257229804993,0.01,0.78
250974,0.635116696357727,0.5275257229804993,0.01,0.78
251074,0.635116696357727,0.5275257229804993,0.01,0.78
251174,0.635116696357727,0.5275257229804993,0.01,0.78
251274,0.635116696357727,0.5275257229804993,0.01,0.78
251374,0.635116696357727,0.5275257229804993,0.01,0.78
251474,0.635116696357727,0.5275257229804993,0.01,0.78
251574,0.635116696357727,0.5275257229804993,0.01,0.78
251674,0.635116696357727,0.5275257229804993,0.01,0.78
251774,0.635116696357727,0.5275257229804993,0.01,0.78
251874,0.635116696357727,0.5275257229804993,0.01,0.78
251974,0.635116696357727,0.5275257229804993,0.01,0.78
252074,0.635116696357727,0.5275257229804993,0.01,0.78
252174,0.635116696357727,0.5275257229804993,0.01,0.78
252274,0.635116696357727,0.5275257229804993,0.01,0.78
252374,0.635116696357727,0.5275257229804993,0.01,0.78
252474,0.635116696357727,0.5275257229804993,0.01,0.78
252574,0.635116696357727,0.5275257229804993,0.01,0.78
252674,0.635116696357727,0.5275257229804993,0.01,0.78
252774,0.635116696357727,0.5275257229804993,0.01,0.78
252874,0.635116696357727,0.5275257229804993,0.01,0.78
252974,0.635116696357727,0.5275257229804993,0.01,0.78
253074,0.635116696357727,0.5275257229804993,0.01,0.78
253174,0.635116696357727,0.5275257229804993,0.01,0.78
253274,0.635116696357727,0.5275257229804993,0.01,0.78
253374,0.635116696357727,0.5275257229804993,0.01,0.78
253474,0.635116696357727,0.5275257229804993,0.01,0.78
253574,0.635116696357727,0.5275257229804993,0.01,0.78
253674,0.635116696357727,0.5275257229804993,0.01,0.78
253774,0.635116696357727,0.5275257229804993,0.01,0.78
253874,0.635116696357727,0.5275257229804993,0.01,0.78
253974,0.635116696357727,0.5275257229804993,0.01,0.78
254074,0.635116696357727,0.5275257229804993,0.01,0.78
254174,0.635116696357727,0.5275257229804993,0.01,0.78
254274,0.635116696357727,0.5275257229804993,0.01,0.78
254374,0.635116696357727,0.5275257229804993,0.01,0.78
254474,0.635116696357727,0.5275257229804993,0.01,0.78
254574,0.635116696357727,0.5275257229804993,0.01,0.78
254674,0.635116696357727,0.5275257229804993,0.01,0.78
254774,0.635116696357727,0.5275257229804993,0.01,0.78
254874,0.635116696357727,0.5275257229804993,0.01,0.78
254974,0.635116696357727,0.5275257229804993,0.01,0.78
255074,0.635116696357727,0.5275257229804993,0.01,0.78
255174,0.635116696357727,0.5275257229804993,0.01,0.78
255274,0.635116696357727,0.5275257229804993,0.01,0.78
255374,0.635116696357727,0.5275257229804993,0.01,0.78
255474,0.635116696357727,0.5275257229804993,0.01,0.78
255574,0.635116696357727,0.5275257229804993,0.01,0.78
255674,0.635116696357727,0.5275257229804993,0.01,0.78
255774,0.635116696357727,0.5275257229804993,0.01,0.78
255874,0.635116696357727,0.5275257229804993,0.01,0.78
255974,0.635116696357727,0.5275257229804993,0.01,0.78
256074,0.635116696357727,0.5275257229804993,0.01,0.78
256174,0.635116696357727,0.5275257229804993,0.01,0.78
256274,0.635116696357727,0.5275257229804993,0.01,0.78
256374,0.635116696357727,0.5275257229804993,0.01,0.78
256474,0.635116696357727,0.5275257229804993,0.01,0.78
256574,0.635116696357727,0.5275257229804993,0.01,0.78
256674,0.635116696357727,0.5275257229804993,0.01,0.78
256774,0.635116696357727,0.5275257229804993,0.01,0.78
256874,0.635116696357727,0.5275257229804993,0.01,0.78
256974,0.635116696357727,0.5275257229804993,0.01,0.78
257074,0.635116696357727,0.5275257229804993,0.01,0.78
271174,0.635116696357727,0.5275257229804993,0.01,0.78
271274,0.635116696357727,0.5275257229804993,0.01,0.78
271374,0.635116696357727,0.5275257229804993,0.01,0.78
271474,0.635116696357727,0.5275257229804993,0.01,0.78
271574,0.635116696357727,0.5275257229804993,0.01,0.78
271674,0.635116696357727,0.5275257229804993,0.01,0.78
271774,0.635116696357727,0.5275257229804993,0.01,0.78
271874,0.635116696357727,0.5275257229804993,0.01,0.78
271974,0.635116696357727,0.5275257229804993,0.01,0.78
272074,0.635116696357727,0.5275257229804993,0.01,0.78
272174,0.635116696357727,0.5275257229804993,0.01,0.78
272274,0.635116696357727,0.5275257229804993,0.01,0.78
272374,0.635116696357727,0.5275257229804993,0.01,0.78
272474,0.635116696357727,0.5275257229804993,0.01,0.78
272574,0.635116696357727,0.5275257229804993,0.01,0.78
272674,0.635116696357727,0.5275257229804993,0.01,0.78
272774,0.635116696357727,0.5275257229804993,0.01,0.78
272874,0.635116696357727,0.5275257229804993,0.01,0.78
272974,0.635116696357727,0.5275257229804993,0.01,0.78
273074,0.635116696357727,0.5275257229804993,0.01,0.78
273174,0.635116696357727,0.5275257229804993,0.01,0.78
273274,0.635116696357727,0.5275257229804993,0.01,0.78
273374,0.635116696357727,0.5275257229804993,0.01,0.78
273474,0.635116696357727,0.5275257229804993,0.01,0.78
273574,0.635116696357727,0.5275257229804993,0.01,0.78
273674,0.635116696357727,0.5275257229804993,0.01,0.78
273774,0.635116696357727,0.5275257229804993,0.01,0.78
273874,0.635116696357727,0.5275257229804993,0.01,0.78
273974,0.635116696357727,0.5275257229804993,0.01,0.78
274074,0.635116696357727,0.5275257229804993,0.01,0.78
274174,0.635116696357727,0.5275257229804993,0.01,0.78
274274,0.635116696357727,0.5275257229804993,0.01,0.78
274374,0.635116696357727,0.5275257229804993,0.01,0.78
274474,0.635116696357727,0.5275257229804993,0.01,0.78
274574,0.635116696357727,0.5275257229804993,0.01,0.78
274674,0.635116696357727,0.5275257229804993,0.01,0.78
274774,0.635116696357727,0.5275257229804993,0.01,0.78
274874,0.635116696357727,0.5275257229804993,0.01,0.78
274974,0.635116696357727,0.5275257229804993,0.01,0.78
275074,0.635116696357727,0.5275257229804993,0.01,0.78
275174,0.635116696357727,0.5275257229804993,0.01,0.78
275274,0.635116696357727,0.5275257229804993,0.01,0.78
275374,0.635116696357727,0.5275257229804993,0.01,0.78
275474,0.635116696357727,0.5275257229804993,0.01,0.78
275574,0.635116696357727,0.5275257229804993,0.01,0.78
275674,0.635116696357727,0.5275257229804993,0.01,0.78
275774,0.635116696357727,0.5275257229804993,0.01,0.78
275874,0.635116696357727,0.5275257229804993,0.01,0.78
275974,0.635116696357727,0.5275257229804993,0.01,0.78
276074,0.635116696357727,0.5275257229804993,0.01,0.78
276174,0.635116696357727,0.5275257229804993,0.01,0.78
276274,0.635116696357727,0.5275257229804993,0.01,0.78
276374,0.635116696357727,0.5275257229804993,0.01,0.78
276474,0.635116696357727,0.5275257229804993,0.01,0.78
276574,0.635116696357727,0.5275257229804993,0.01,0.78
276674,0.635116696357727,0.5275257229804993,0.01,0.78
276774,0.635116696357727,0.5275257229804993,0.01,0.78
276874,0.635116696357727,0.5275257229804993,0.01,0.78
276974,0.635116696357727,0.5275257229804993,0.01,0.78
277074,0.635116696357727,0.5275257229804993,0.01,0.78
277174,0.635116696357727,0.5275257229804993,0.01,0.78
277274,0.635116696357727,0.5275257229804993,0.01,0.78
277374,0.635116696357727,0.5275257229804993,0.01,0.78
277474,0.635116696357727,0.5275257229804993,0.01,0.78
277574,0.635116696357727,0.5275257229804993,0.01,0.78
277674,0.635116696357727,0.5275257229804993,0.01,0.78
277774,0.635116696357727,0.5275257229804993,0.01,0.78
277874,0.635116696357727,0.5275257229804993,0.01,0.78
277974,0.635116696357727,0.5275257229804993,0.01,0.78
278074,0.635116696357727,0.5275257229804993,0.01,0.78
278174,0.635116696357727,0.5275257229804993,0.01,0.78
278274,0.635116696357727,0.5275257229804993,0.01,0.78
278374,0.635116696357727,0.5275257229804993,0.01,0.78
278474,0.635116696357727,0.5275257229804993,0.01,0.78
278574,0.635116696357727,0.5275257229804993,0.01,0.78
278674,0.635116696357727,0.5275257229804993,0.01,0.78
278774,0.635116696357727,0.5275257229804993,0.01,0.78
278874,0.635116696357727,0.5275257229804993,0.01,0.78
278974,0.635116696357727,0.5275257229804993,0.01,0.78
279074,0.635116696357727,0.5275257229804993,0.01,0.78
279174,0.635116696357727,0.5275257229804993,0.01,0.78
279274,0.635116696357727,0.5275257229804993,0.01,0.78
279374,0.635116696357727,0.5275257229804993,0.01,0.78
279474,0.635116696357727,0.5275257229804993,0.01,0.78
279574,0.635116696357727,0.5275257229804993,0.01,0.78
279674,0.635116696357727,0.5275257229804993,0.01,0.78
279774,0.635116696357727,0.5275257229804993,0.01,0.78
279874,0.635116696357727,0.5275257229804993,0.01,0.78
279974,0.635116696357727,0.5275257229804993,0.01,0.78
280074,0.635116696357727,0.5275257229804993,0.01,0.78
280174,0.635116696357727,0.5275257229804993,0.01,0.78
280274,0.635116696357727,0.5275257229804993,0.01,0.78
280374,0.635116696357727,0.5275257229804993,0.01,0.78
280474,0.635116696357727,0.5275257229804993,0.01,0.78
280574,0.635116696357727,0.5275257229804993,0.01,0.78
280674,0.635116696357727,0.5275257229804993,0.01,0.78
280774,0.635116696357727,0.5275257229804993,0.01,0.78
280874,0.635116696357727,0.5275257229804993,0.01,0.78
280974,0.635116696357727,0.5275257229804993,0.01,0.78
281074,0.635116696357727,0.5275257229804993,0.01,0.78
281174,0.635116696357727,0.5275257229804993,0.01,0.78
281274,0.635116696357727,0.5275257229804993,0.01,0.78
281374,0.635116696357727,0.5275257229804993,0.01,0.78
281474,0.635116696357727,0.5275257229804993,0.01,0.78
281574,0.635116696357727,0.5275257229804993,0.01,0.78
281674,0.635116696357727,0.5275257229804993,0.01,0.78
281774,0.635116696357727,0.5275257229804993,0.01,0.78
281874,0.635116696357727,0.5275257229804993,0.01,0.78
281974,0.635116696357727,0.5275257229804993,0.01,0.78
282074,0.635116696357727,0.5275257229804993,0.01,0.78
282174,0.635116696357727,0.5275257229804993,0.01,0.78
282274,0.635116696357727,0.5275257229804993,0.01,0.78
282374,0.635116696357727,0.5275257229804993,0.01,0.78
282474,0.635116696357727,0.5275257229804993,0.01,0.78
282574,0.635116696357727,0.5275257229804993,0.01,0.78
282674,0.635116696357727,0.5275257229804993,0.01,0.78
282774,0.635116696357727,0.5275257229804993,0.01,0.78
282874,0.635116696357727,0.5275257229804993,0.01,0.78
282974,0.635116696357727,0.5275257229804993,0.01,0.78
283074,0.635116696357727,0.5275257229804993,0.01,0.78
283174,0.635116696357727,0.5275257229804993,0.01,0.78
283274,0.635116696357727,0.5275257229804993,0.01,0.78
283374,0.635116696357727,0.5275257229804993,0.01,0.78
283474,0.635116696357727,0.5275257229804993,0.01,0.78
283574,0.635116696357727,0.5275257229804993,0.01,0.78
283674,0.635116696357727,0.5275257229804993,0.01,0.78
283774,0.635116696357727,0.5275257229804993,0.01,0.78
283874,0.635116696357727,0.5275257229804993,0.01,0.78
283974,0.635116696357727,0.5275257229804993,0.01,0.78
284074,0.635116696357727,0.5275257229804993,0.01,0.78
284174,0.635116696357727,0.5275257229804993,0.01,0.78
284274,0.635116696357727,0.5275257229804993,0.01,0.78
284374,0.635116696357727,0.5275257229804993,0.01,0.78
284474,0.635116696357727,0.5275257229804993,0.01,0.78
284574,0.635116696357727,0.5275257229804993,0.01,0.78
284674,0.635116696357727,0.5275257229804993,0.01,0.78
284774,0.635116696357727,0.5275257229804993,0.01,0.78
284874,0.635116696357727,0.5275257229804993,0.01,0.78
284974,0.635116696357727,0.5275257229804993,0.01,0.78
285074,0.635116696357727,0.5275257229804993,0.01,0.78
299174,0.635116696357727,0.5275257229804993,0.01,0.77
299274,0.635116696357727,0.5275257229804993,0.01,0.77
299374,0.635116696357727,0.5275257229804993,0.01,0.77
299474,0.635116696357727,0.5275257229804993,0.01,0.77
299574,0.635116696357727,0.5275257229804993,0.01,0.77
299674,0.635116696357727,0.5275257229804993,0.01,0.77
299774,0.635116696357727,0.5275257229804993,0.01,0.77
299874,0.635116696357727,0.5275257229804993,0.01,0.77
299974,0.635116696357727,0.5275257229804993,0.01,0.77
300074,0.635116696357727,0.5275257229804993,0.01,0.77
300174,0.635116696357727,0.5275257229804993,0.01,0.77
300274,0.635116696357727,0.5275257229804993,0.01,0.77
300374,0.635116696357727,0.5275257229804993,0.01,0.77
300474,0.635116696357727,0.5275257229804993,0.01,0.77
300574,0.635116696357727,0.5275257229804993,0.01,0.77
300674,0.635116696357727,0.5275257229804993,0.01,0.77
300774,0.635116696357727,0.5275257229804993,0.01,0.77
300874,0.635116696357727,0.5275257229804993,0.01,0.77
300974,0.635116696357727,0.5275257229804993,0.01,0.77
301074,0.635116696357727,0.5275257229804993,0.01,0.77
301174,0.635116696357727,0.5275257229804993,0.01,0.77
301274,0.635116696357727,0.5275257229804993,0.01,0.77
301374,0.635116696357727,0.5275257229804993,0.01,0.77
301474,0.635116696357727,0.5275257229804993,0.01,0.77
301574,0.635116696357727,0.5275257229804993,0.01,0.77
301674,0.635116696357727,0.5275257229804993,0.01,0.77
301774,0.635116696357727,0.5275257229804993,0.01,0.77
301874,0.635116696357727,0.5275257229804993,0.01,0.77
301974,0.635116696357727,0.5275257229804993,0.01,0.77
302074,0.635116696357727,0.5275257229804993,0.01,0.77
302174,0.635116696357727,0.5275257229804993,0.01,0.77
302274,0.635116696357727,0.5275257229804993,0.01,0.77
302374,0.635116696357727,0.5275257229804993,0.01,0.77
302474,0.635116696357727,0.5275257229804993,0.01,0.77
302574,0.635116696357727,0.5275257229804993,0.01,0.77
302674,0.635116696357727,0.5275257229804993,0.01,0.77
302774,0.635116696357727,0.5275257229804993,0.01,0.77
302874,0.635116696357727,0.5275257229804993,0.01,0.77
302974,0.635116696357727,0.5275257229804993,0.01,0.77
303074,0.635116696357727,0.5275257229804993,0.01,0.77
303174,0.635116696357727,0.5275257229804993,0.01,0.77
303274,0.635116696357727,0.5275257229804993,0.01,0.77
303374,0.635116696357727,0.5275257229804993,0.01,0.77
303474,0.635116696357727,0.5275257229804993,0.01,0.77
303574,0.635116696357727,0.5275257229804993,0.01,0.77
303674,0.635116696357727,0.5275257229804993,0.01,0.77
303774,0.635116696357727,0.5275257229804993,0.01,0.77
303874,0.635116696357727,0.5275257229804993,0.01,0.77
303974,0.635116696357727,0.5275257229804993,0.01,0.77
304074,0.635116696357727,0.5275257229804993,0.01,0.77
304174,0.635116696357727,0.5275257229804993,0.01,0.77
304274,0.635116696357727,0.5275257229804993,0.01,0.77
304374,0.635116696357727,0.5275257229804993,0.01,0.77
304474,0.635116696357727,0.5275257229804993,0.01,0.77
304574,0.635116696357727,0.5275257229804993,0.01,0.77
304674,0.635116696357727,0.5275257229804993,0.01,0.77
304774,0.635116696357727,0.5275257229804993,0.01,0.77
304874,0.635116696357727,0.5275257229804993,0.01,0.77
304974,0.635116696357727,0.5275257229804993,0.01,0.77
305074,0.635116696357727,0.5275257229804993,0.01,0.77
305174,0.635116696357727,0.5275257229804993,0.01,0.77
305274,0.635116696357727,0.5275257229804993,0.01,0.77
305374,0.635116696357727,0.5275257229804993,0.01,0.77
305474,0.635116696357727,0.5275257229804993,0.01,0.77
305574,0.635116696357727,0.5275257229804993,0.01,0.77
305674,0.635116696357727,0.5275257229804993,0.01,0.77
305774,0.635116696357727,0.5275257229804993,0.01,0.77
305874,0.635116696357727,0.5275257229804993,0.01,0.77
305974,0.635116696357727,0.5275257229804993,0.01,0.77
306074,0.635116696357727,0.5275257229804993,0.01,0.77
306174,0.635116696357727,0.5275257229804993,0.01,0.77
306274,0.635116696357727,0.5275257229804993,0.01,0.77
306374,0.635116696357727,0.5275257229804993,0.01,0.77
306474,0.635116696357727,0.5275257229804993,0.01,0.77
306574,0.635116696357727,0.5275257229804993,0.01,0.77
306674,0.635116696357727,0.5275257229804993,0.01,0.77
306774,0.635116696357727,0.5275257229804993,0.01,0.77
306874,0.635116696357727,0.5275257229804993,0.01,0.77
306974,0.635116696357727,0.5275257229804993,0.01,0.77
307074,0.635116696357727,0.5275257229804993,0.01,0.77
307174,0.635116696357727,0.5275257229804993,0.01,0.77
307274,0.635116696357727,0.5275257229804993,0.01,0.77
307374,0.635116696357727,0.5275257229804993,0.01,0.77
307474,0.635116696357727,0.5275257229804993,0.01,0.77
307574,0.635116696357727,0.5275257229804993,0.01,0.77
307674,0.635116696357727,0.5275257229804993,0.01,0.77
307774,0.635116696357727,0.5275257229804993,0.01,0.77
307874,0.635116696357727,0.5275257229804993,0.01,0.77
307974,0.635116696357727,0.5275257229804993,0.01,0.77
308074,0.635116696357727,0.5275257229804993,0.01,0.77
308174,0.635116696357727,0.5275257229804993,0.01,0.77
308274,0.635116696357727,0.5275257229804993,0.01,0.77
308374,0.635116696357727,0.5275257229804993,0.01,0.77
308474,0.635116696357727,0.5275257229804993,0.01,0.77
308574,0.635116696357727,0.5275257229804993,0.01,0.77
308674,0.635116696357727,0.5275257229804993,0.01,0.77
308774,0.635116696357727,0.5275257229804993,0.01,0.77
308874,0.635116696357727,0.5275257229804993,0.01,0.77
308974,0.635116696357727,0.5275257229804993,0.01,0.77
309074,0.635116696357727,0.5275257229804993,0.01,0.77
309174,0.635116696357727,0.5275257229804993,0.01,0.77
309274,0.635116696357727,0.5275257229804993,0.01,0.77
309374,0.635116696357727,0.5275257229804993,0.01,0.77
309474,0.635116696357727,0.5275257229804993,0.01,0.77
309574,0.635116696357727,0.5275257229804993,0.01,0.77
309674,0.635116696357727,0.5275257229804993,0.01,0.77
309774,0.635116696357727,0.5275257229804993,0.01,0.77
309874,0.635116696357727,0.5275257229804993,0.01,0.77
309974,0.635116696357727,0.5275257229804993,0.01,0.77
310074,0.635116696357727,0.5275257229804993,0.01,0.77
310174,0.635116696357727,0.5275257229804993,0.01,0.77
310274,0.635116696357727,0.5275257229804993,0.01,0.77
310374,0.635116696357727,0.5275257229804993,0.01,0.77
310474,0.635116696357727,0.5275257229804993,0.01,0.77
310574,0.635116696357727,0.5275257229804993,0.01,0.77
310674,0.635116696357727,0.5275257229804993,0.01,0.77
310774,0.635116696357727,0.5275257229804993,0.01,0.77
310874,0.635116696357727,0.5275257229804993,0.01,0.77
310974,0.635116696357727,0.5275257229804993,0.01,0.77
311074,0.635116696357727,0.5275257229804993,0.01,0.77
311174,0.635116696357727,0.5275257229804993,0.01,0.77
311274,0.635116696357727,0.5275257229804993,0.01,0.77
311374,0.635116696357727,0.5275257229804993,0.01,0.77
311474,0.635116696357727,0.5275257229804993,0.01,0.77
311574,0.635116696357727,0.5275257229804993,0.01,0.77
311674,0.635116696357727,0.5275257229804993,0.01,0.77
311774,0.635116696357727,0.5275257229804993,0.01,0.77
311874,0.635116696357727,0.5275257229804993,0.01,0.77
311974,0.635116696357727,0.5275257229804993,0.01,0.77
312074,0.635116696357727,0.5275257229804993,0.01,0.77
312174,0.635116696357727,0.5275257229804993,0.01,0.77
312274,0.635116696357727,0.5275257229804993,0.01,0.77
312374,0.635116696357727,0.5275257229804993,0.01,0.77
312474,0.635116696357727,0.5275257229804993,0.01,0.77
312574,0.635116696357727,0.5275257229804993,0.01,0.77
312674,0.635116696357727,0.5275257229804993,0.01,0.77
312774,0.635116696357727,0.5275257229804993,0.01,0.77
312874,0.635116696357727,0.5275257229804993,0.01,0.77
312974,0.635116696357727,0.5275257229804993,0.01,0.77
313074,0.635116696357727,0.5275257229804993,0.01,0.77
327174,0.635116696357727,0.5275257229804993,0.01,0.76
327274,0.635116696357727,0.5275257229804993,0.01,0.76
327374,0.635116696357727,0.5275257229804993,0.01,0.76
327474,0.635116696357727,0.5275257229804993,0.01,0.76
327574,0.635116696357727,0.5275257229804993,0.01,0.76
327674,0.635116696357727,0.5275257229804993,0.01,0.76
327774,0.635116696357727,0.5275257229804993,0.01,0.76
327874,0.635116696357727,0.5275257229804993,0.01,0.76
327974,0.635116696357727,0.5275257229804993,0.01,0.76
328074,0.635116696357727,0.5275257229804993,0.01,0.76
328174,0.635116696357727,0.5275257229804993,0.01,0.76
328274,0.635116696357727,0.5275257229804993,0.01,0.76
328374,0.635116696357727,0.5275257229804993,0.01,0.76
328474,0.635116696357727,0.5275257229804993,0.01,0.76
328574,0.635116696357727,0.5275257229804993,0.01,0.76
328674,0.635116696357727,0.5275257229804993,0.01,0.76
328774,0.635116696357727,0.5275257229804993,0.01,0.76
328874,0.635116696357727,0.5275257229804993,0.01,0.76
328974,0.635116696357727,0.5275257229804993,0.01,0.76
329074,0.635116696357727,0.5275257229804993,0.01,0.76
329174,0.635116696357727,0.5275257229804993,0.01,0.76
329274,0.635116696357727,0.5275257229804993,0.01,0.76
329374,0.635116696357727,0.5275257229804993,0.01,0.76
329474,0.635116696357727,0.5275257229804993,0.01,0.76
329574,0.635116696357727,0.5275257229804993,0.01,0.76
329674,0.635116696357727,0.5275257229804993,0.01,0.76
329774,0.635116696357727,0.5275257229804993,0.01,0.76
329874,0.635116696357727,0.5275257229804993,0.01,0.76
329974,0.635116696357727,0.5275257229804993,0.01,0.76
330074,0.635116696357727,0.5275257229804993,0.01,0.76
330174,0.635116696357727,0.5275257229804993,0.01,0.76
330274,0.635116696357727,0.5275257229804993,0.01,0.76
330374,0.635116696357727,0.5275257229804993,0.01,0.76
330474,0.635116696357727,0.5275257229804993,0.01,0.76
330574,0.635116696357727,0.5275257229804993,0.01,0.76
330674,0.635116696357727,0.5275257229804993,0.01,0.76
330774,0.635116696357727,0.5275257229804993,0.01,0.76
330874,0.635116696357727,0.5275257229804993,0.01,0.76
330974,0.635116696357727,0.5275257229804993,0.01,0.76
331074,0.635116696357727,0.5275257229804993,0.01,0.76
331174,0.635116696357727,0.5275257229804993,0.01,0.76
331274,0.635116696357727,0.5275257229804993,0.01,0.76
331374,0.635116696357727,0.5275257229804993,0.01,0.76
331474,0.635116696357727,0.5275257229804993,0.01,0.76
331574,0.635116696357727,0.5275257229804993,0.01,0.76
331674,0.635116696357727,0.5275257229804993,0.01,0.76
331774,0.635116696357727,0.5275257229804993,0.01,0.76
331874,0.635116696357727,0.5275257229804993,0.01,0.76
331974,0.635116696357727,0.5275257229804993,0.01,0.76
332074,0.635116696357727,0.5275257229804993,0.01,0.76
332174,0.635116696357727,0.5275257229804993,0.01,0.76
332274,0.635116696357727,0.5275257229804993,0.01,0.76
332374,0.635116696357727,0.5275257229804993,0.01,0.76
332474,0.635116696357727,0.5275257229804993,0.01,0.76
332574,0.635116696357727,0.5275257229804993,0.01,0.76
332674,0.635116696357727,0.5275257229804993,0.01,0.76
332774,0.635116696357727,0.5275257229804993,0.01,0.76
332874,0.635116696357727,0.5275257229804993,0.01,0.76
332974,0.635116696357727,0.5275257229804993,0.01,0.76
333074,0.635116696357727,0.5275257229804993,0.01,0.76
333174,0.635116696357727,0.5275257229804993,0.01,0.76
333274,0.635116696357727,0.5275257229804993,0.01,0.76
333374,0.635116696357727,0.5275257229804993,0.01,0.76
333474,0.635116696357727,0.5275257229804993,0.01,0.76
333574,0.635116696357727,0.5275257229804993,0.01,0.76
333674,0.635116696357727,0.5275257229804993,0.01,0.76
333774,0.635116696357727,0.5275257229804993,0.01,0.76
333874,0.635116696357727,0.5275257229804993,0.01,0.76
333974,0.635116696357727,0.5275257229804993,0.01,0.76
334074,0.635116696357727,0.5275257229804993,0.01,0.76
334174,0.635116696357727,0.5275257229804993,0.01,0.76
334274,0.635116696357727,0.5275257229804993,0.01,0.76
334374,0.635116696357727,0.5275257229804993,0.01,0.76
334474,0.635116696357727,0.5275257229804993,0.01,0.76
334574,0.635116696357727,0.5275257229804993,0.01,0.76
334674,0.635116696357727,0.5275257229804993,0.01,0.76
334774,0.635116696357727,0.5275257229804993,0.01,0.76
334874,0.635116696357727,0.5275257229804993,0.01,0.76
334974,0.635116696357727,0.5275257229804993,0.01,0.76
335074,0.635116696357727,0.5275257229804993,0.01,0.76
335174,0.635116696357727,0.5275257229804993,0.01,0.76
335274,0.635116696357727,0.5275257229804993,0.01,0.76
335374,0.635116696357727,0.5275257229804993,0.01,0.76
335474,0.635116696357727,0.5275257229804993,0.01,0.76
335574,0.635116696357727,0.5275257229804993,0.01,0.76
335674,0.635116696357727,0.5275257229804993,0.01,0.76
335774,0.635116696357727,0.5275257229804993,0.01,0.76
335874,0.635116696357727,0.5275257229804993,0.01,0.76
335974,0.635116696357727,0.5275257229804993,0.01,0.76
336074,0.635116696357727,0.5275257229804993,0.01,0.76
336174,0.635116696357727,0.5275257229804993,0.01,0.76
336274,0.635116696357727,0.5275257229804993,0.01,0.76
336374,0.635116696357727,0.5275257229804993,0.01,0.76
336474,0.635116696357727,0.5275257229804993,0.01,0.76
336574,0.635116696357727,0.5275257229804993,0.01,0.76
336674,0.635116696357727,0.5275257229804993,0.01,0.76
336774,0.635116696357727,0.5275257229804993,0.01,0.76
336874,0.635116696357727,0.5275257229804993,0.01,0.76
336974,0.635116696357727,0.5275257229804993,0.01,0.76
337074,0.635116696357727,0.5275257229804993,0.01,0.76
337174,0.635116696357727,0.5275257229804993,0.01,0.76
337274,0.635116696357727,0.5275257229804993,0.01,0.76
337374,0.635116696357727,0.5275257229804993,0.01,0.76
337474,0.635116696357727,0.5275257229804993,0.01,0.76
337574,0.635116696357727,0.5275257229804993,0.01,0.76
337674,0.635116696357727,0.5275257229804993,0.01,0.76
337774,0.635116696357727,0.5275257229804993,0.01,0.76
337874,0.635116696357727,0.5275257229804993,0.01,0.76
337974,0.635116696357727,0.5275257229804993,0.01,0.76
338074,0.635116696357727,0.5275257229804993,0.01,0.76
338174,0.635116696357727,0.5275257229804993,0.01,0.76
338274,0.635116696357727,0.5275257229804993,0.01,0.76
338374,0.635116696357727,0.5275257229804993,0.01,0.76
338474,0.635116696357727,0.5275257229804993,0.01,0.76
338574,0.635116696357727,0.5275257229804993,0.01,0.76
338674,0.635116696357727,0.5275257229804993,0.01,0.76
338774,0.635116696357727,0.5275257229804993,0.01,0.76
338874,0.635116696357727,0.5275257229804993,0.01,0.76
338974,0.635116696357727,0.5275257229804993,0.01,0.76
339074,0.635116696357727,0.5275257229804993,0.01,0.76
339174,0.635116696357727,0.5275257229804993,0.01,0.76
339274,0.635116696357727,0.5275257229804993,0.01,0.76
339374,0.635116696357727,0.5275257229804993,0.01,0.76
339474,0.635116696357727,0.5275257229804993,0.01,0.76
339574,0.635116696357727,0.5275257229804993,0.01,0.76
339674,0.635116696357727,0.5275257229804993,0.01,0.76
339774,0.635116696357727,0.5275257229804993,0.01,0.76
339874,0.635116696357727,0.5275257229804993,0.01,0.76
339974,0.635116696357727,0.5275257229804993,0.01,0.76
340074,0.635116696357727,0.5275257229804993,0.01,0.76
340174,0.635116696357727,0.5275257229804993,0.01,0.76
340274,0.635116696357727,0.5275257229804993,0.01,0.76
340374,0.635116696357727,0.5275257229804993,0.01,0.76
340474,0.635116696357727,0.5275257229804993,0.01,0.76
340574,0.635116696357727,0.5275257229804993,0.01,0.76
340674,0.635116696357727,0.5275257229804993,0.01,0.76
340774,0.635116696357727,0.5275257229804993,0.01,0.76
340874,0.635116696357727,0.5275257229804993,0.01,0.76
340974,0.635116696357727,0.5275257229804993,0.01,0.76
341074,0.635116696357727,0.5275257229804993,0.01,0.76
355174,0.635116696357727,0.5275257229804993,0.01,0.77
355274,0.635116696357727,0.5275257229804993,0.01,0.77
355374,0.635116696357727,0.5275257229804993,0.01,0.77
355474,0.635116696357727,0.5275257229804993,0.01,0.77
355574,0.635116696357727,0.5275257229804993,0.01,0.77
355674,0.635116696357727,0.5275257229804993,0.01,0.77
355774,0.635116696357727,0.5275257229804993,0.01,0.77
355874,0.635116696357727,0.5275257229804993,0.01,0.77
355974,0.635116696357727,0.5275257229804993,0.01,0.77
356074,0.635116696357727,0.5275257229804993,0.01,0.77
356174,0.635116696357727,0.5275257229804993,0.01,0.77
356274,0.635116696357727,0.5275257229804993,0.01,0.77
356374,0.635116696357727,0.5275257229804993,0.01,0.77
356474,0.635116696357727,0.5275257229804993,0.01,0.77
356574,0.635116696357727,0.5275257229804993,0.01,0.77
356674,0.635116696357727,0.5275257229804993,0.01,0.77
356774,0.635116696357727,0.5275257229804993,0.01,0.77
356874,0.635116696357727,0.5275257229804993,0.01,0.77
356974,0.635116696357727,0.5275257229804993,0.01,0.77
357074,0.635116696357727,0.5275257229804993,0.01,0.77
357174,0.635116696357727,0.5275257229804993,0.01,0.77
357274,0.635116696357727,0.5275257229804993,0.01,0.77
357374,0.635116696357727,0.5275257229804993,0.01,0.77
357474,0.635116696357727,0.5275257229804993,0.01,0.77
357574,0.635116696357727,0.5275257229804993,0.01,0.77
357674,0.635116696357727,0.5275257229804993,0.01,0.77
357774,0.635116696357727,0.5275257229804993,0.01,0.77
357874,0.635116696357727,0.5275257229804993,0.01,0.77
357974,0.635116696357727,0.5275257229804993,0.01,0.77
358074,0.635116696357727,0.5275257229804993,0.01,0.77
358174,0.635116696357727,0.5275257229804993,0.01,0.77
358274,0.635116696357727,0.5275257229804993,0.01,0.77
358374,0.635116696357727,0.5275257229804993,0.01,0.77
358474,0.635116696357727,0.5275257229804993,0.01,0.77
358574,0.635116696357727,0.5275257229804993,0.01,0.77
358674,0.635116696357727,0.5275257229804993,0.01,0.77
358774,0.635116696357727,0.5275257229804993,0.01,0.77
358874,0.635116696357727,0.5275257229804993,0.01,0.77
358974,0.635116696357727,0.5275257229804993,0.01,0.77
359074,0.635116696357727,0.5275257229804993,0.01,0.77
359174,0.635116696357727,0.5275257229804993,0.01,0.77
359274,0.635116696357727,0.5275257229804993,0.01,0.77
359374,0.635116696357727,0.5275257229804993,0.01,0.77
359474,0.635116696357727,0.5275257229804993,0.01,0.77
359574,0.635116696357727,0.5275257229804993,0.01,0.77
359674,0.635116696357727,0.5275257229804993,0.01,0.77
359774,0.635116696357727,0.5275257229804993,0.01,0.77
359874,0.635116696357727,0.5275257229804993,0.01,0.77
359974,0.635116696357727,0.5275257229804993,0.01,0.77
360074,0.635116696357727,0.5275257229804993,0.01,0.77
360174,0.635116696357727,0.5275257229804993,0.01,0.77
360274,0.635116696357727,0.5275257229804993,0.01,0.77
360374,0.635116696357727,0.5275257229804993,0.01,0.77
360474,0.635116696357727,0.5275257229804993,0.01,0.77
360574,0.635116696357727,0.5275257229804993,0.01,0.77
360674,0.635116696357727,0.5275257229804993,0.01,0.77
360774,0.635116696357727,0.5275257229804993,0.01,0.77
360874,0.635116696357727,0.5275257229804993,0.01,0.77
360974,0.635116696357727,0.5275257229804993,0.01,0.77
361074,0.635116696357727,0.5275257229804993,0.01,0.77
361174,0.635116696357727,0.5275257229804993,0.01,0.77
361274,0.635116696357727,0.5275257229804993,0.01,0.77
361374,0.635116696357727,0.5275257229804993,0.01,0.77
361474,0.635116696357727,0.5275257229804993,0.01,0.77
361574,0.635116696357727,0.5275257229804993,0.01,0.77
361674,0.635116696357727,0.5275257229804993,0.01,0.77
361774,0.635116696357727,0.5275257229804993,0.01,0.77
361874,0.635116696357727,0.5275257229804993,0.01,0.77
361974,0.635116696357727,0.5275257229804993,0.01,0.77
362074,0.635116696357727,0.5275257229804993,0.01,0.77
362174,0.635116696357727,0.5275257229804993,0.01,0.77
362274,0.635116696357727,0.5275257229804993,0.01,0.77
362374,0.635116696357727,0.5275257229804993,0.01,0.77
362474,0.635116696357727,0.5275257229804993,0.01,0.77
362574,0.635116696357727,0.5275257229804993,0.01,0.77
362674,0.635116696357727,0.5275257229804993,0.01,0.77
362774,0.635116696357727,0.5275257229804993,0.01,0.77
362874,0.635116696357727,0.5275257229804993,0.01,0.77
362974,0.635116696357727,0.5275257229804993,0.01,0.77
363074,0.635116696357727,0.5275257229804993,0.01,0.77
363174,0.635116696357727,0.5275257229804993,0.01,0.77
363274,0.635116696357727,0.5275257229804993,0.01,0.77
363374,0.635116696357727,0.5275257229804993,0.01,0.77
363474,0.635116696357727,0.5275257229804993,0.01,0.77
363574,0.635116696357727,0.5275257229804993,0.01,0.77
363674,0.635116696357727,0.5275257229804993,0.01,0.77
363774,0.635116696357727,0.5275257229804993,0.01,0.77
363874,0.635116696357727,0.5275257229804993,0.01,0.77
363974,0.635116696357727,0.5275257229804993,0.01,0.77
364074,0.635116696357727,0.5275257229804993,0.01,0.77
364174,0.635116696357727,0.5275257229804993,0.01,0.77
364274,0.635116696357727,0.5275257229804993,0.01,0.77
364374,0.635116696357727,0.5275257229804993,0.01,0.77
364474,0.635116696357727,0.5275257229804993,0.01,0.77
364574,0.635116696357727,0.5275257229804993,0.01,0.77
364674,0.635116696357727,0.5275257229804993,0.01,0.77
364774,0.635116696357727,0.5275257229804993,0.01,0.77
364874,0.635116696357727,0.5275257229804993,0.01,0.77
364974,0.635116696357727,0.5275257229804993,0.01,0.77
365074,0.635116696357727,0.5275257229804993,0.01,0.77
365174,0.635116696357727,0.5275257229804993,0.01,0.77
365274,0.635116696357727,0.5275257229804993,0.01,0.77
365374,0.635116696357727,0.5275257229804993,0.01,0.77
365474,0.635116696357727,0.5275257229804993,0.01,0.77
365574,0.635116696357727,0.5275257229804993,0.01,0.77
365674,0.635116696357727,0.5275257229804993,0.01,0.77
365774,0.635116696357727,0.5275257229804993,0.01,0.77
365874,0.635116696357727,0.5275257229804993,0.01,0.77
365974,0.635116696357727,0.5275257229804993,0.01,0.77
366074,0.635116696357727,0.5275257229804993,0.01,0.77
366174,0.635116696357727,0.5275257229804993,0.01,0.77
366274,0.635116696357727,0.5275257229804993,0.01,0.77
366374,0.635116696357727,0.5275257229804993,0.01,0.77
366474,0.635116696357727,0.5275257229804993,0.01,0.77
366574,0.635116696357727,0.5275257229804993,0.01,0.77
366674,0.635116696357727,0.5275257229804993,0.01,0.77
366774,0.635116696357727,0.5275257229804993,0.01,0.77
366874,0.635116696357727,0.5275257229804993,0.01,0.77
366974,0.635116696357727,0.5275257229804993,0.01,0.77
367074,0.635116696357727,0.5275257229804993,0.01,0.77
367174,0.635116696357727,0.5275257229804993,0.01,0.77
367274,0.635116696357727,0.5275257229804993,0.01,0.77
367374,0.635116696357727,0.5275257229804993,0.01,0.77
367474,0.635116696357727,0.5275257229804993,0.01,0.77
367574,0.635116696357727,0.5275257229804993,0.01,0.77
367674,0.635116696357727,0.5275257229804993,0.01,0.77
367774,0.635116696357727,0.5275257229804993,0.01,0.77
367874,0.635116696357727,0.5275257229804993,0.01,0.77
367974,0.635116696357727,0.5275257229804993,0.01,0.77
368074,0.635116696357727,0.5275257229804993,0.01,0.77
368174,0.635116696357727,0.5275257229804993,0.01,0.77
368274,0.635116696357727,0.5275257229804993,0.01,0.77
368374,0.635116696357727,0.5275257229804993,0.01,0.77
368474,0.635116696357727,0.5275257229804993,0.01,0.77
368574,0.635116696357727,0.5275257229804993,0.01,0.77
368674,0.635116696357727,0.5275257229804993,0.01,0.77
368774,0.635116696357727,0.5275257229804993,0.01,0.77
368874,0.635116696357727,0.5275257229804993,0.01,0.77
368974,0.635116696357727,0.5275257229804993,0.01,0.77
369074,0.635116696357727,0.5275257229804993,0.01,0.77
383174,0.635116696357727,0.5275257229804993,0.01,0.78
383274,0.635116696357727,0.5275257229804993,0.01,0.78
383374,0.635116696357727,0.5275257229804993,0.01,0.78
383474,0.635116696357727,0.5275257229804993,0.01,0.78
383574,0.635116696357727,0.5275257229804993,0.01,0.78
383674,0.635116696357727,0.5275257229804993,0.01,0.78
383774,0.635116696357727,0.5275257229804993,0.01,0.78
383874,0.635116696357727,0.5275257229804993,0.01,0.78
383974,0.635116696357727,0.5275257229804993,0.01,0.78
384074,0.635116696357727,0.5275257229804993,0.01,0.78
384174,0.635116696357727,0.5275257229804993,0.01,0.78
384274,0.635116696357727,0.5275257229804993,0.01,0.78
384374,0.635116696357727,0.5275257229804993,0.01,0.78
384474,0.635116696357727,0.5275257229804993,0.01,0.78
384574,0.635116696357727,0.5275257229804993,0.01,0.78
384674,0.635116696357727,0.5275257229804993,0.01,0.78
384774,0.635116696357727,0.5275257229804993,0.01,0.78
384874,0.635116696357727,0.5275257229804993,0.01,0.78
384974,0.635116696357727,0.5275257229804993,0.01,0.78
385074,0.635116696357727,0.5275257229804993,0.01,0.78
385174,0.635116696357727,0.5275257229804993,0.01,0.78
385274,0.635116696357727,0.5275257229804993,0.01,0.78
385374,0.635116696357727,0.5275257229804993,0.01,0.78
385474,0.635116696357727,0.5275257229804993,0.01,0.78
385574,0.635116696357727,0.5275257229804993,0.01,0.78
385674,0.635116696357727,0.5275257229804993,0.01,0.78
385774,0.635116696357727,0.5275257229804993,0.01,0.78
385874,0.635116696357727,0.5275257229804993,0.01,0.78
385974,0.635116696357727,0.5275257229804993,0.01,0.78
386074,0.635116696357727,0.5275257229804993,0.01,0.78
386174,0.635116696357727,0.5275257229804993,0.01,0.78
386274,0.635116696357727,0.5275257229804993,0.01,0.78
386374,0.635116696357727,0.5275257229804993,0.01,0.78
386474,0.635116696357727,0.5275257229804993,0.01,0.78
386574,0.635116696357727,0.5275257229804993,0.01,0.78
386674,0.635116696357727,0.5275257229804993,0.01,0.78
386774,0.635116696357727,0.5275257229804993,0.01,0.78
386874,0.635116696357727,0.5275257229804993,0.01,0.78
386974,0.635116696357727,0.5275257229804993,0.01,0.78
387074,0.635116696357727,0.5275257229804993,0.01,0.78
387174,0.635116696357727,0.5275257229804993,0.01,0.78
387274,0.635116696357727,0.5275257229804993,0.01,0.78
387374,0.635116696357727,0.5275257229804993,0.01,0.78
387474,0.635116696357727,0.5275257229804993,0.01,0.78
387574,0.635116696357727,0.5275257229804993,0.01,0.78
387674,0.635116696357727,0.5275257229804993,0.01,0.78
387774,0.635116696357727,0.5275257229804993,0.01,0.78
387874,0.635116696357727,0.5275257229804993,0.01,0.78
387974,0.635116696357727,0.5275257229804993,0.01,0.78
388074,0.635116696357727,0.5275257229804993,0.01,0.78
388174,0.635116696357727,0.5275257229804993,0.01,0.78
388274,0.635116696357727,0.5275257229804993,0.01,0.78
388374,0.635116696357727,0.5275257229804993,0.01,0.78
388474,0.635116696357727,0.5275257229804993,0.01,0.78
388574,0.635116696357727,0.5275257229804993,0.01,0.78
388674,0.635116696357727,0.5275257229804993,0.01,0.78
388774,0.635116696357727,0.5275257229804993,0.01,0.78
388874,0.635116696357727,0.5275257229804993,0.01,0.78
388974,0.635116696357727,0.5275257229804993,0.01,0.78
389074,0.635116696357727,0.5275257229804993,0.01,0.78
389174,0.635116696357727,0.5275257229804993,0.01,0.78
389274,0.635116696357727,0.5275257229804993,0.01,0.78
389374,0.635116696357727,0.5275257229804993,0.01,0.78
389474,0.635116696357727,0.5275257229804993,0.01,0.78
389574,0.635116696357727,0.5275257229804993,0.01,0.78
389674,0.635116696357727,0.5275257229804993,0.01,0.78
389774,0.635116696357727,0.5275257229804993,0.01,0.78
389874,0.635116696357727,0.5275257229804993,0.01,0.78
389974,0.635116696357727,0.5275257229804993,0.01,0.78
390074,0.635116696357727,0.5275257229804993,0.01,0.78
390174,0.635116696357727,0.5275257229804993,0.01,0.78
390274,0.635116696357727,0.5275257229804993,0.01,0.78
390374,0.635116696357727,0.5275257229804993,0.01,0.78
390474,0.635116696357727,0.5275257229804993,0.01,0.78
390574,0.635116696357727,0.5275257229804993,0.01,0.78
390674,0.635116696357727,0.5275257229804993,0.01,0.78
390774,0.635116696357727,0.5275257229804993,0.01,0.78
390874,0.635116696357727,0.5275257229804993,0.01,0.78
390974,0.635116696357727,0.5275257229804993,0.01,0.78
391074,0.635116696357727,0.5275257229804993,0.01,0.78
391174,0.635116696357727,0.5275257229804993,0.01,0.78
391274,0.635116696357727,0.5275257229804993,0.01,0.78
391374,0.635116696357727,0.5275257229804993,0.01,0.78
391474,0.635116696357727,0.5275257229804993,0.01,0.78
391574,0.635116696357727,0.5275257229804993,0.01,0.78
391674,0.635116696357727,0.5275257229804993,0.01,0.78
391774,0.635116696357727,0.5275257229804993,0.01,0.78
391874,0.635116696357727,0.5275257229804993,0.01,0.78
391974,0.635116696357727,0.5275257229804993,0.01,0.78
392074,0.635116696357727,0.5275257229804993,0.01,0.78
392174,0.635116696357727,0.5275257229804993,0.01,0.78
392274,0.635116696357727,0.5275257229804993,0.01,0.78
392374,0.635116696357727,0.5275257229804993,0.01,0.78
392474,0.635116696357727,0.5275257229804993,0.01,0.78
392574,0.635116696357727,0.5275257229804993,0.01,0.78
392674,0.635116696357727,0.5275257229804993,0.01,0.78
392774,0.635116696357727,0.5275257229804993,0.01,0.78
392874,0.635116696357727,0.5275257229804993,0.01,0.78
392974,0.635116696357727,0.5275257229804993,0.01,0.78
393074,0.635116696357727,0.5275257229804993,0.01,0.78
393174,0.635116696357727,0.5275257229804993,0.01,0.78
393274,0.635116696357727,0.5275257229804993,0.01,0.78
393374,0.635116696357727,0.5275257229804993,0.01,0.78
393474,0.635116696357727,0.5275257229804993,0.01,0.78
393574,0.635116696357727,0.5275257229804993,0.01,0.78
393674,0.635116696357727,0.5275257229804993,0.01,0.78
393774,0.635116696357727,0.5275257229804993,0.01,0.78
393874,0.635116696357727,0.5275257229804993,0.01,0.78
393974,0.635116696357727,0.5275257229804993,0.01,0.78
394074,0.635116696357727,0.5275257229804993,0.01,0.78
394174,0.635116696357727,0.5275257229804993,0.01,0.78
394274,0.635116696357727,0.5275257229804993,0.01,0.78
394374,0.635116696357727,0.5275257229804993,0.01,0.78
394474,0.635116696357727,0.5275257229804993,0.01,0.78
394574,0.635116696357727,0.5275257229804993,0.01,0.78
394674,0.635116696357727,0.5275257229804993,0.01,0.78
394774,0.635116696357727,0.5275257229804993,0.01,0.78
394874,0.635116696357727,0.5275257229804993,0.01,0.78
394974,0.635116696357727,0.5275257229804993,0.01,0.78
395074,0.635116696357727,0.5275257229804993,0.01,0.78
395174,0.635116696357727,0.5275257229804993,0.01,0.78
395274,0.635116696357727,0.5275257229804993,0.01,0.78
395374,0.635116696357727,0.5275257229804993,0.01,0.78
395474,0.635116696357727,0.5275257229804993,0.01,0.78
395574,0.635116696357727,0.5275257229804993,0.01,0.78
395674,0.635116696357727,0.5275257229804993,0.01,0.78
395774,0.635116696357727,0.5275257229804993,0.01,0.78
395874,0.635116696357727,0.5275257229804993,0.01,0.78
395974,0.635116696357727,0.5275257229804993,0.01,0.78
396074,0.635116696357727,0.5275257229804993,0.01,0.78
396174,0.635116696357727,0.5275257229804993,0.01,0.78
396274,0.635116696357727,0.5275257229804993,0.01,0.78
396374,0.635116696357727,0.5275257229804993,0.01,0.78
396474,0.635116696357727,0.5275257229804993,0.01,0.78
396574,0.635116696357727,0.5275257229804993,0.01,0.78
396674,0.635116696357727,0.5275257229804993,0.01,0.78
396774,0.635116696357727,0.5275257229804993,0.01,0.78
396874,0.635116696357727,0.5275257229804993,0.01,0.78
396974,0.635116696357727,0.5275257229804993,0.01,0.78
397074,0.635116696357727,0.5275257229804993,0.01,0.78
411174,0.635116696357727,0.5275257229804993,0.01,0.77
411274,0.635116696357727,0.5275257229804993,0.01,0.77
411374,0.635116696357727,0.5275257229804993,0.01,0.77
411474,0.635116696357727,0.5275257229804993,0.01,0.77
411574,0.635116696357727,0.5275257229804993,0.01,0.77
411674,0.635116696357727,0.5275257229804993,0.01,0.77
411774,0.635116696357727,0.5275257229804993,0.01,0.77
411874,0.635116696357727,0.5275257229804993,0.01,0.77
411974,0.635116696357727,0.5275257229804993,0.01,0.77
412074,0.635116696357727,0.5275257229804993,0.01,0.77
412174,0.635116696357727,0.5275257229804993,0.01,0.77
412274,0.635116696357727,0.5275257229804993,0.01,0.77
412374,0.635116696357727,0.5275257229804993,0.01,0.77
412474,0.635116696357727,0.5275257229804993,0.01,0.77
412574,0.635116696357727,0.5275257229804993,0.01,0.77
412674,0.635116696357727,0.5275257229804993,0.01,0.77
412774,0.635116696357727,0.5275257229804993,0.01,0.77
412874,0.635116696357727,0.5275257229804993,0.01,0.77
412974,0.635116696357727,0.5275257229804993,0.01,0.77
413074,0.635116696357727,0.5275257229804993,0.01,0.77
413174,0.635116696357727,0.5275257229804993,0.01,0.77
413274,0.635116696357727,0.5275257229804993,0.01,0.77
413374,0.635116696357727,0.5275257229804993,0.01,0.77
413474,0.635116696357727,0.5275257229804993,0.01,0.77
413574,0.635116696357727,0.5275257229804993,0.01,0.77
413674,0.635116696357727,0.5275257229804993,0.01,0.77
413774,0.635116696357727,0.5275257229804993,0.01,0.77
413874,0.635116696357727,0.5275257229804993,0.01,0.77
413974,0.635116696357727,0.5275257229804993,0.01,0.77
414074,0.635116696357727,0.5275257229804993,0.01,0.77
414174,0.635116696357727,0.5275257229804993,0.01,0.77
414274,0.635116696357727,0.5275257229804993,0.01,0.77
414374,0.635116696357727,0.5275257229804993,0.01,0.77
414474,0.635116696357727,0.5275257229804993,0.01,0.77
414574,0.635116696357727,0.5275257229804993,0.01,0.77
414674,0.635116696357727,0.5275257229804993,0.01,0.77
414774,0.635116696357727,0.5275257229804993,0.01,0.77
414874,0.635116696357727,0.5275257229804993,0.01,0.77
414974,0.635116696357727,0.5275257229804993,0.01,0.77
415074,0.635116696357727,0.5275257229804993,0.01,0.77
415174,0.635116696357727,0.5275257229804993,0.01,0.77
415274,0.635116696357727,0.5275257229804993,0.01,0.77
415374,0.635116696357727,0.5275257229804993,0.01,0.77
415474,0.635116696357727,0.5275257229804993,0.01,0.77
415574,0.635116696357727,0.5275257229804993,0.01,0.77
415674,0.635116696357727,0.5275257229804993,0.01,0.77
415774,0.635116696357727,0.5275257229804993,0.01,0.77
415874,0.635116696357727,0.5275257229804993,0.01,0.77
415974,0.635116696357727,0.5275257229804993,0.01,0.77
416074,0.635116696357727,0.5275257229804993,0.01,0.77
416174,0.635116696357727,0.5275257229804993,0.01,0.77
416274,0.635116696357727,0.5275257229804993,0.01,0.77
416374,0.635116696357727,0.5275257229804993,0.01,0.77
416474,0.635116696357727,0.5275257229804993,0.01,0.77
416574,0.635116696357727,0.5275257229804993,0.01,0.77
416674,0.635116696357727,0.5275257229804993,0.01,0.77
416774,0.635116696357727,0.5275257229804993,0.01,0.77
416874,0.635116696357727,0.5275257229804993,0.01,0.77
416974,0.635116696357727,0.5275257229804993,0.01,0.77
417074,0.635116696357727,0.5275257229804993,0.01,0.77
417174,0.635116696357727,0.5275257229804993,0.01,0.77
417274,0.635116696357727,0.5275257229804993,0.01,0.77
417374,0.635116696357727,0.5275257229804993,0.01,0.77
417474,0.635116696357727,0.5275257229804993,0.01,0.77
417574,0.635116696357727,0.5275257229804993,0.01,0.77
417674,0.635116696357727,0.5275257229804993,0.01,0.77
417774,0.635116696357727,0.5275257229804993,0.01,0.77
417874,0.635116696357727,0.5275257229804993,0.01,0.77
417974,0.635116696357727,0.5275257229804993,0.01,0.77
418074,0.635116696357727,0.5275257229804993,0.01,0.77
418174,0.635116696357727,0.5275257229804993,0.01,0.77
418274,0.635116696357727,0.5275257229804993,0.01,0.77
418374,0.635116696357727,0.5275257229804993,0.01,0.77
418474,0.635116696357727,0.5275257229804993,0.01,0.77
418574,0.635116696357727,0.5275257229804993,0.01,0.77
418674,0.635116696357727,0.5275257229804993,0.01,0.77
418774,0.635116696357727,0.5275257229804993,0.01,0.77
418874,0.635116696357727,0.5275257229804993,0.01,0.77
418974,0.635116696357727,0.5275257229804993,0.01,0.77
419074,0.635116696357727,0.5275257229804993,0.01,0.77
419174,0.635116696357727,0.5275257229804993,0.01,0.77
419274,0.635116696357727,0.5275257229804993,0.01,0.77
419374,0.635116696357727,0.5275257229804993,0.01,0.77
419474,0.635116696357727,0.5275257229804993,0.01,0.77
419574,0.635116696357727,0.5275257229804993,0.01,0.77
419674,0.635116696357727,0.5275257229804993,0.01,0.77
419774,0.635116696357727,0.5275257229804993,0.01,0.77
419874,0.635116696357727,0.5275257229804993,0.01,0.77
419974,0.635116696357727,0.5275257229804993,0.01,0.77
420074,0.635116696357727,0.5275257229804993,0.01,0.77
420174,0.635116696357727,0.5275257229804993,0.01,0.77
420274,0.635116696357727,0.5275257229804993,0.01,0.77
420374,0.635116696357727,0.5275257229804993,0.01,0.77
420474,0.635116696357727,0.5275257229804993,0.01,0.77
420574,0.635116696357727,0.5275257229804993,0.01,0.77
420674,0.635116696357727,0.5275257229804993,0.01,0.77
420774,0.635116696357727,0.5275257229804993,0.01,0.77
420874,0.635116696357727,0.5275257229804993,0.01,0.77
420974,0.635116696357727,0.5275257229804993,0.01,0.77
421074,0.635116696357727,0.5275257229804993,0.01,0.77
421174,0.635116696357727,0.5275257229804993,0.01,0.77
421274,0.635116696357727,0.5275257229804993,0.01,0.77
421374,0.635116696357727,0.5275257229804993,0.01,0.77
421474,0.635116696357727,0.5275257229804993,0.01,0.77
421574,0.635116696357727,0.5275257229804993,0.01,0.77
421674,0.635116696357727,0.5275257229804993,0.01,0.77
421774,0.635116696357727,0.5275257229804993,0.01,0.77
421874,0.635116696357727,0.5275257229804993,0.01,0.77
421974,0.635116696357727,0.5275257229804993,0.01,0.77
422074,0.635116696357727,0.5275257229804993,0.01,0.77
422174,0.635116696357727,0.5275257229804993,0.01,0.77
422274,0.635116696357727,0.5275257229804993,0.01,0.77
422374,0.635116696357727,0.5275257229804993,0.01,0.77
422474,0.635116696357727,0.5275257229804993,0.01,0.77
422574,0.635116696357727,0.5275257229804993,0.01,0.77
422674,0.635116696357727,0.5275257229804993,0.01,0.77
422774,0.635116696357727,0.5275257229804993,0.01,0.77
422874,0.635116696357727,0.5275257229804993,0.01,0.77
422974,0.635116696357727,0.5275257229804993,0.01,0.77
423074,0.635116696357727,0.5275257229804993,0.01,0.77
423174,0.635116696357727,0.5275257229804993,0.01,0.77
423274,0.635116696357727,0.5275257229804993,0.01,0.77
423374,0.635116696357727,0.5275257229804993,0.01,0.77
423474,0.635116696357727,0.5275257229804993,0.01,0.77
423574,0.635116696357727,0.5275257229804993,0.01,0.77
423674,0.635116696357727,0.5275257229804993,0.01,0.77
423774,0.635116696357727,0.5275257229804993,0.01,0.77
423874,0.635116696357727,0.5275257229804993,0.01,0.77
423974,0.635116696357727,0.5275257229804993,0.01,0.77
424074,0.635116696357727,0.5275257229804993,0.01,0.77
424174,0.635116696357727,0.5275257229804993,0.01,0.77
424274,0.635116696357727,0.5275257229804993,0.01,0.77
424374,0.635116696357727,0.5275257229804993,0.01,0.77
424474,0.635116696357727,0.5275257229804993,0.01,0.77
424574,0.635116696357727,0.5275257229804993,0.01,0.77
424674,0.635116696357727,0.5275257229804993,0.01,0.77
424774,0.635116696357727,0.5275257229804993,0.01,0.77
424874,0.635116696357727,0.5275257229804993,0.01,0.77
424974,0.635116696357727,0.5275257229804993,0.01,0.77
425074,0.635116696357727,0.5275257229804993,0.01,0.77
439174,0.635116696357727,0.5275257229804993,0.01,0.77
439274,0.635116696357727,0.5275257229804993,0.01,0.77
439374,0.635116696357727,0.5275257229804993,0.01,0.77
439474,0.635116696357727,0.5275257229804993,0.01,0.77
439574,0.635116696357727,0.5275257229804993,0.01,0.77
439674,0.635116696357727,0.5275257229804993,0.01,0.77
439774,0.635116696357727,0.5275257229804993,0.01,0.77
439874,0.635116696357727,0.5275257229804993,0.01,0.77
439974,0.635116696357727,0.5275257229804993,0.01,0.77
440074,0.635116696357727,0.5275257229804993,0.01,0.77
440174,0.635116696357727,0.5275257229804993,0.01,0.77
440274,0.635116696357727,0.5275257229804993,0.01,0.77
440374,0.635116696357727,0.5275257229804993,0.01,0.77
440474,0.635116696357727,0.5275257229804993,0.01,0.77
440574,0.635116696357727,0.5275257229804993,0.01,0.77
440674,0.635116696357727,0.5275257229804993,0.01,0.77
440774,0.635116696357727,0.5275257229804993,0.01,0.77
440874,0.635116696357727,0.5275257229804993,0.01,0.77
440974,0.635116696357727,0.5275257229804993,0.01,0.77
441074,0.635116696357727,0.5275257229804993,0.01,0.77
441174,0.635116696357727,0.5275257229804993,0.01,0.77
441274,0.635116696357727,0.5275257229804993,0.01,0.77
441374,0.635116696357727,0.5275257229804993,0.01,0.77
441474,0.635116696357727,0.5275257229804993,0.01,0.77
441574,0.635116696357727,0.5275257229804993,0.01,0.77
441674,0.635116696357727,0.5275257229804993,0.01,0.77
441774,0.635116696357727,0.5275257229804993,0.01,0.77
441874,0.635116696357727,0.5275257229804993,0.01,0.77
441974,0.635116696357727,0.5275257229804993,0.01,0.77
442074,0.635116696357727,0.5275257229804993,0.01,0.77
442174,0.635116696357727,0.5275257229804993,0.01,0.77
442274,0.635116696357727,0.5275257229804993,0.01,0.77
442374,0.635116696357727,0.5275257229804993,0.01,0.77
442474,0.635116696357727,0.5275257229804993,0.01,0.77
442574,0.635116696357727,0.5275257229804993,0.01,0.77
442674,0.635116696357727,0.5275257229804993,0.01,0.77
442774,0.635116696357727,0.5275257229804993,0.01,0.77
442874,0.635116696357727,0.5275257229804993,0.01,0.77
442974,0.635116696357727,0.5275257229804993,0.01,0.77
443074,0.635116696357727,0.5275257229804993,0.01,0.77
443174,0.635116696357727,0.5275257229804993,0.01,0.77
443274,0.635116696357727,0.5275257229804993,0.01,0.77
443374,0.635116696357727,0.5275257229804993,0.01,0.77
443474,0.635116696357727,0.5275257229804993,0.01,0.77
443574,0.635116696357727,0.5275257229804993,0.01,0.77
443674,0.635116696357727,0.5275257229804993,0.01,0.77
443774,0.635116696357727,0.5275257229804993,0.01,0.77
443874,0.635116696357727,0.5275257229804993,0.01,0.77
443974,0.635116696357727,0.5275257229804993,0.01,0.77
444074,0.635116696357727,0.5275257229804993,0.01,0.77
444174,0.635116696357727,0.5275257229804993,0.01,0.77
444274,0.635116696357727,0.5275257229804993,0.01,0.77
444374,0.635116696357727,0.5275257229804993,0.01,0.77
444474,0.635116696357727,0.5275257229804993,0.01,0.77
444574,0.635116696357727,0.5275257229804993,0.01,0.77
444674,0.635116696357727,0.5275257229804993,0.01,0.77
444774,0.635116696357727,0.5275257229804993,0.01,0.77
444874,0.635116696357727,0.5275257229804993,0.01,0.77
444974,0.635116696357727,0.5275257229804993,0.01,0.77
445074,0.635116696357727,0.5275257229804993,0.01,0.77
445174,0.635116696357727,0.5275257229804993,0.01,0.77
445274,0.635116696357727,0.5275257229804993,0.01,0.77
445374,0.635116696357727,0.5275257229804993,0.01,0.77
445474,0.635116696357727,0.5275257229804993,0.01,0.77
445574,0.635116696357727,0.5275257229804993,0.01,0.77
445674,0.635116696357727,0.5275257229804993,0.01,0.77
445774,0.635116696357727,0.5275257229804993,0.01,0.77
445874,0.635116696357727,0.5275257229804993,0.01,0.77
445974,0.635116696357727,0.5275257229804993,0.01,0.77
446074,0.635116696357727,0.5275257229804993,0.01,0.77
446174,0.635116696357727,0.5275257229804993,0.01,0.77
446274,0.635116696357727,0.5275257229804993,0.01,0.77
446374,0.635116696357727,0.5275257229804993,0.01,0.77
446474,0.635116696357727,0.5275257229804993,0.01,0.77
446574,0.635116696357727,0.5275257229804993,0.01,0.77
446674,0.635116696357727,0.5275257229804993,0.01,0.77
446774,0.635116696357727,0.5275257229804993,0.01,0.77
446874,0.635116696357727,0.5275257229804993,0.01,0.77
446974,0.635116696357727,0.5275257229804993,0.01,0.77
447074,0.635116696357727,0.5275257229804993,0.01,0.77
447174,0.635116696357727,0.5275257229804993,0.01,0.77
447274,0.635116696357727,0.5275257229804993,0.01,0.77
447374,0.635116696357727,0.5275257229804993,0.01,0.77
447474,0.635116696357727,0.5275257229804993,0.01,0.77
447574,0.635116696357727,0.5275257229804993,0.01,0.77
447674,0.635116696357727,0.5275257229804993,0.01,0.77
447774,0.635116696357727,0.5275257229804993,0.01,0.77
447874,0.635116696357727,0.5275257229804993,0.01,0.77
447974,0.635116696357727,0.5275257229804993,0.01,0.77
448074,0.635116696357727,0.5275257229804993,0.01,0.77
448174,0.635116696357727,0.5275257229804993,0.01,0.77
448274,0.635116696357727,0.5275257229804993,0.01,0.77
448374,0.635116696357727,0.5275257229804993,0.01,0.77
448474,0.635116696357727,0.5275257229804993,0.01,0.77
448574,0.635116696357727,0.5275257229804993,0.01,0.77
448674,0.635116696357727,0.5275257229804993,0.01,0.77
448774,0.635116696357727,0.5275257229804993,0.01,0.77
448874,0.635116696357727,0.5275257229804993,0.01,0.77
448974,0.635116696357727,0.5275257229804993,0.01,0.77
449074,0.635116696357727,0.5275257229804993,0.01,0.77
449174,0.635116696357727,0.5275257229804993,0.01,0.77
449274,0.635116696357727,0.5275257229804993,0.01,0.77
449374,0.635116696357727,0.5275257229804993,0.01,0.77
449474,0.635116696357727,0.5275257229804993,0.01,0.77
449574,0.635116696357727,0.5275257229804993,0.01,0.77
449674,0.635116696357727,0.5275257229804993,0.01,0.77
449774,0.635116696357727,0.5275257229804993,0.01,0.77
449874,0.635116696357727,0.5275257229804993,0.01,0.77
449974,0.635116696357727,0.5275257229804993,0.01,0.77
450074,0.635116696357727,0.5275257229804993,0.01,0.77
450174,0.635116696357727,0.5275257229804993,0.01,0.77
450274,0.635116696357727,0.5275257229804993,0.01,0.77
450374,0.635116696357727,0.5275257229804993,0.01,0.77
450474,0.635116696357727,0.5275257229804993,0.01,0.77
450574,0.635116696357727,0.5275257229804993,0.01,0.77
450674,0.635116696357727,0.5275257229804993,0.01,0.77
450774,0.635116696357727,0.5275257229804993,0.01,0.77
450874,0.635116696357727,0.5275257229804993,0.01,0.77
450974,0.635116696357727,0.5275257229804993,0.01,0.77
451074,0.635116696357727,0.5275257229804993,0.01,0.77
451174,0.635116696357727,0.5275257229804993,0.01,0.77
451274,0.635116696357727,0.5275257229804993,0.01,0.77
451374,0.635116696357727,0.5275257229804993,0.01,0.77
451474,0.635116696357727,0.5275257229804993,0.01,0.77
451574,0.635116696357727,0.5275257229804993,0.01,0.77
451674,0.635116696357727,0.5275257229804993,0.01,0.77
451774,0.635116696357727,0.5275257229804993,0.01,0.77
451874,0.635116696357727,0.5275257229804993,0.01,0.77
451974,0.635116696357727,0.5275257229804993,0.01,0.77
452074,0.635116696357727,0.5275257229804993,0.01,0.77
452174,0.635116696357727,0.5275257229804993,0.01,0.77
452274,0.635116696357727,0.5275257229804993,0.01,0.77
452374,0.635116696357727,0.5275257229804993,0.01,0.77
452474,0.635116696357727,0.5275257229804993,0.01,0.77
452574,0.635116696357727,0.5275257229804993,0.01,0.77
452674,0.635116696357727,0.5275257229804993,0.01,0.77
452774,0.635116696357727,0.5275257229804993,0.01,0.77
452874,0.635116696357727,0.5275257229804993,0.01,0.77
452974,0.635116696357727,0.5275257229804993,0.01,0.77
453074,0.635116696357727,0.5275257229804993,0.01,0.77
467174,0.635116696357727,0.5275257229804993,0.01,0.78
467274,0.635116696357727,0.5275257229804993,0.01,0.78
467374,0.635116696357727,0.5275257229804993,0.01,0.78
467474,0.635116696357727,0.5275257229804993,0.01,0.78
467574,0.635116696357727,0.5275257229804993,0.01,0.78
467674,0.635116696357727,0.5275257229804993,0.01,0.78
467774,0.635116696357727,0.5275257229804993,0.01,0.78
467874,0.635116696357727,0.5275257229804993,0.01,0.78
467974,0.635116696357727,0.5275257229804993,0.01,0.78
468074,0.635116696357727,0.5275257229804993,0.01,0.78
468174,0.635116696357727,0.5275257229804993,0.01,0.78
468274,0.635116696357727,0.5275257229804993,0.01,0.78
468374,0.635116696357727,0.5275257229804993,0.01,0.78
468474,0.635116696357727,0.5275257229804993,0.01,0.78
468574,0.635116696357727,0.5275257229804993,0.01,0.78
468674,0.635116696357727,0.5275257229804993,0.01,0.78
468774,0.635116696357727,0.5275257229804993,0.01,0.78
468874,0.635116696357727,0.5275257229804993,0.01,0.78
468974,0.635116696357727,0.5275257229804993,0.01,0.78
469074,0.635116696357727,0.5275257229804993,0.01,0.78
469174,0.635116696357727,0.5275257229804993,0.01,0.78
469274,0.635116696357727,0.5275257229804993,0.01,0.78
469374,0.635116696357727,0.5275257229804993,0.01,0.78
469474,0.635116696357727,0.5275257229804993,0.01,0.78
469574,0.635116696357727,0.5275257229804993,0.01,0.78
469674,0.635116696357727,0.5275257229804993,0.01,0.78
469774,0.635116696357727,0.5275257229804993,0.01,0.78
469874,0.635116696357727,0.5275257229804993,0.01,0.78
469974,0.635116696357727,0.5275257229804993,0.01,0.78
470074,0.635116696357727,0.5275257229804993,0.01,0.78
470174,0.635116696357727,0.5275257229804993,0.01,0.78
470274,0.635116696357727,0.5275257229804993,0.01,0.78
470374,0.635116696357727,0.5275257229804993,0.01,0.78
470474,0.635116696357727,0.5275257229804993,0.01,0.78
470574,0.635116696357727,0.5275257229804993,0.01,0.78
470674,0.635116696357727,0.5275257229804993,0.01,0.78
470774,0.635116696357727,0.5275257229804993,0.01,0.78
470874,0.635116696357727,0.5275257229804993,0.01,0.78
470974,0.635116696357727,0.5275257229804993,0.01,0.78
471074,0.635116696357727,0.5275257229804993,0.01,0.78
471174,0.635116696357727,0.5275257229804993,0.01,0.78
471274,0.635116696357727,0.5275257229804993,0.01,0.78
471374,0.635116696357727,0.5275257229804993,0.01,0.78
471474,0.635116696357727,0.5275257229804993,0.01,0.78
471574,0.635116696357727,0.5275257229804993,0.01,0.78
471674,0.635116696357727,0.5275257229804993,0.01,0.78
471774,0.635116696357727,0.5275257229804993,0.01,0.78
471874,0.635116696357727,0.5275257229804993,0.01,0.78
471974,0.635116696357727,0.5275257229804993,0.01,0.78
472074,0.635116696357727,0.5275257229804993,0.01,0.78
472174,0.635116696357727,0.5275257229804993,0.01,0.78
472274,0.635116696357727,0.5275257229804993,0.01,0.78
472374,0.635116696357727,0.5275257229804993,0.01,0.78
472474,0.635116696357727,0.5275257229804993,0.01,0.78
472574,0.635116696357727,0.5275257229804993,0.01,0.78
472674,0.635116696357727,0.5275257229804993,0.01,0.78
472774,0.635116696357727,0.5275257229804993,0.01,0.78
472874,0.635116696357727,0.5275257229804993,0.01,0.78
472974,0.635116696357727,0.5275257229804993,0.01,0.78
473074,0.635116696357727,0.5275257229804993,0.01,0.78
473174,0.635116696357727,0.5275257229804993,0.01,0.78
473274,0.635116696357727,0.5275257229804993,0.01,0.78
473374,0.635116696357727,0.5275257229804993,0.01,0.78
473474,0.635116696357727,0.5275257229804993,0.01,0.78
473574,0.635116696357727,0.5275257229804993,0.01,0.78
473674,0.635116696357727,0.5275257229804993,0.01,0.78
473774,0.635116696357727,0.5275257229804993,0.01,0.78
473874,0.635116696357727,0.5275257229804993,0.01,0.78
473974,0.635116696357727,0.5275257229804993,0.01,0.78
474074,0.635116696357727,0.5275257229804993,0.01,0.78
474174,0.635116696357727,0.5275257229804993,0.01,0.78
474274,0.635116696357727,0.5275257229804993,0.01,0.78
474374,0.635116696357727,0.5275257229804993,0.01,0.78
474474,0.635116696357727,0.5275257229804993,0.01,0.78
474574,0.635116696357727,0.5275257229804993,0.01,0.78
474674,0.635116696357727,0.5275257229804993,0.01,0.78
474774,0.635116696357727,0.5275257229804993,0.01,0.78
474874,0.635116696357727,0.5275257229804993,0.01,0.78
474974,0.635116696357727,0.5275257229804993,0.01,0.78
475074,0.635116696357727,0.5275257229804993,0.01,0.78
475174,0.635116696357727,0.5275257229804993,0.01,0.78
475274,0.635116696357727,0.5275257229804993,0.01,0.78
475374,0.635116696357727,0.5275257229804993,0.01,0.78
475474,0.635116696357727,0.5275257229804993,0.01,0.78
475574,0.635116696357727,0.5275257229804993,0.01,0.78
475674,0.635116696357727,0.5275257229804993,0.01,0.78
475774,0.635116696357727,0.5275257229804993,0.01,0.78
475874,0.635116696357727,0.5275257229804993,0.01,0.78
475974,0.635116696357727,0.5275257229804993,0.01,0.78
476074,0.635116696357727,0.5275257229804993,0.01,0.78
476174,0.635116696357727,0.5275257229804993,0.01,0.78
476274,0.635116696357727,0.5275257229804993,0.01,0.78
476374,0.635116696357727,0.5275257229804993,0.01,0.78
476474,0.635116696357727,0.5275257229804993,0.01,0.78
476574,0.635116696357727,0.5275257229804993,0.01,0.78
476674,0.635116696357727,0.5275257229804993,0.01,0.78
476774,0.635116696357727,0.5275257229804993,0.01,0.78
476874,0.635116696357727,0.5275257229804993,0.01,0.78
476974,0.635116696357727,0.5275257229804993,0.01,0.78
477074,0.635116696357727,0.5275257229804993,0.01,0.78
477174,0.635116696357727,0.5275257229804993,0.01,0.78
477274,0.635116696357727,0.5275257229804993,0.01,0.78
477374,0.635116696357727,0.5275257229804993,0.01,0.78
477474,0.635116696357727,0.5275257229804993,0.01,0.78
477574,0.635116696357727,0.5275257229804993,0.01,0.78
477674,0.635116696357727,0.5275257229804993,0.01,0.78
477774,0.635116696357727,0.5275257229804993,0.01,0.78
477874,0.635116696357727,0.5275257229804993,0.01,0.78
477974,0.635116696357727,0.5275257229804993,0.01,0.78
478074,0.635116696357727,0.5275257229804993,0.01,0.78
478174,0.635116696357727,0.5275257229804993,0.01,0.78
478274,0.635116696357727,0.5275257229804993,0.01,0.78
478374,0.635116696357727,0.5275257229804993,0.01,0.78
478474,0.635116696357727,0.5275257229804993,0.01,0.78
478574,0.635116696357727,0.5275257229804993,0.01,0.78
478674,0.635116696357727,0.5275257229804993,0.01,0.78
478774,0.635116696357727,0.5275257229804993,0.01,0.78
478874,0.635116696357727,0.5275257229804993,0.01,0.78
478974,0.635116696357727,0.5275257229804993,0.01,0.78
479074,0.635116696357727,0.5275257229804993,0.01,0.78
479174,0.635116696357727,0.5275257229804993,0.01,0.78
479274,0.635116696357727,0.5275257229804993,0.01,0.78
479374,0.635116696357727,0.5275257229804993,0.01,0.78
479474,0.635116696357727,0.5275257229804993,0.01,0.78
479574,0.635116696357727,0.5275257229804993,0.01,0.78
479674,0.635116696357727,0.5275257229804993,0.01,0.78
479774,0.635116696357727,0.5275257229804993,0.01,0.78
479874,0.635116696357727,0.5275257229804993,0.01,0.78
479974,0.635116696357727,0.5275257229804993,0.01,0.78
480074,0.635116696357727,0.5275257229804993,0.01,0.78
480174,0.635116696357727,0.5275257229804993,0.01,0.78
480274,0.635116696357727,0.5275257229804993,0.01,0.78
480374,0.635116696357727,0.5275257229804993,0.01,0.78
480474,0.635116696357727,0.5275257229804993,0.01,0.78
480574,0.635116696357727,0.5275257229804993,0.01,0.78
480674,0.635116696357727,0.5275257229804993,0.01,0.78
480774,0.635116696357727,0.5275257229804993,0.01,0.78
480874,0.635116696357727,0.5275257229804993,0.01,0.78
480974,0.635116696357727,0.5275257229804993,0.01,0.78
481074,0.635116696357727,0.5275257229804993,0.01,0.78
495174,0.635116696357727,0.5275257229804993,0.01,0.80
495274,0.635116696357727,0.5275257229804993,0.01,0.80
495374,0.635116696357727,0.5275257229804993,0.01,0.80
495474,0.635116696357727,0.5275257229804993,0.01,0.80
495574,0.635116696357727,0.5275257229804993,0.01,0.80
495674,0.635116696357727,0.5275257229804993,0.01,0.80
495774,0.635116696357727,0.5275257229804993,0.01,0.80
495874,0.635116696357727,0.5275257229804993,0.01,0.80
495974,0.635116696357727,0.5275257229804993,0.01,0.80
496074,0.635116696357727,0.5275257229804993,0.01,0.80
496174,0.635116696357727,0.5275257229804993,0.01,0.80
496274,0.635116696357727,0.5275257229804993,0.01,0.80
496374,0.635116696357727,0.5275257229804993,0.01,0.80
496474,0.635116696357727,0.5275257229804993,0.01,0.80
496574,0.635116696357727,0.5275257229804993,0.01,0.80
496674,0.635116696357727,0.5275257229804993,0.01,0.80
496774,0.635116696357727,0.5275257229804993,0.01,0.80
496874,0.635116696357727,0.5275257229804993,0.01,0.80
496974,0.635116696357727,0.5275257229804993,0.01,0.80
497074,0.635116696357727,0.5275257229804993,0.01,0.80
497174,0.635116696357727,0.5275257229804993,0.01,0.80
497274,0.635116696357727,0.5275257229804993,0.01,0.80
497374,0.635116696357727,0.5275257229804993,0.01,0.80
497474,0.635116696357727,0.5275257229804993,0.01,0.80
497574,0.635116696357727,0.5275257229804993,0.01,0.80
497674,0.635116696357727,0.5275257229804993,0.01,0.80
497774,0.635116696357727,0.5275257229804993,0.01,0.80
497874,0.635116696357727,0.5275257229804993,0.01,0.80
497974,0.635116696357727,0.5275257229804993,0.01,0.80
498074,0.635116696357727,0.5275257229804993,0.01,0.80
498174,0.635116696357727,0.5275257229804993,0.01,0.80
498274,0.635116696357727,0.5275257229804993,0.01,0.80
498374,0.635116696357727,0.5275257229804993,0.01,0.80
498474,0.635116696357727,0.5275257229804993,0.01,0.80
498574,0.635116696357727,0.5275257229804993,0.01,0.80
498674,0.635116696357727,0.5275257229804993,0.01,0.80
498774,0.635116696357727,0.5275257229804993,0.01,0.80
498874,0.635116696357727,0.5275257229804993,0.01,0.80
498974,0.635116696357727,0.5275257229804993,0.01,0.80
499074,0.635116696357727,0.5275257229804993,0.01,0.80
499174,0.635116696357727,0.5275257229804993,0.01,0.80
499274,0.635116696357727,0.5275257229804993,0.01,0.80
499374,0.635116696357727,0.5275257229804993,0.01,0.80
499474,0.635116696357727,0.5275257229804993,0.01,0.80
499574,0.635116696357727,0.5275257229804993,0.01,0.80
499674,0.635116696357727,0.5275257229804993,0.01,0.80
499774,0.635116696357727,0.5275257229804993,0.01,0.80
499874,0.635116696357727,0.5275257229804993,0.01,0.80
499974,0.635116696357727,0.5275257229804993,0.01,0.80
500074,0.635116696357727,0.5275257229804993,0.01,0.80
500174,0.635116696357727,0.5275257229804993,0.01,0.80
500274,0.635116696357727,0.5275257229804993,0.01,0.80
500374,0.635116696357727,0.5275257229804993,0.01,0.80
500474,0.635116696357727,0.5275257229804993,0.01,0.80
500574,0.635116696357727,0.5275257229804993,0.01,0.80
500674,0.635116696357727,0.5275257229804993,0.01,0.80
500774,0.635116696357727,0.5275257229804993,0.01,0.80
500874,0.635116696357727,0.5275257229804993,0.01,0.80
500974,0.635116696357727,0.5275257229804993,0.01,0.80
501074,0.635116696357727,0.5275257229804993,0.01,0.80
501174,0.635116696357727,0.5275257229804993,0.01,0.80
501274,0.635116696357727,0.5275257229804993,0.01,0.80
501374,0.635116696357727,0.5275257229804993,0.01,0.80
501474,0.635116696357727,0.5275257229804993,0.01,0.80
501574,0.635116696357727,0.5275257229804993,0.01,0.80
501674,0.635116696357727,0.5275257229804993,0.01,0.80
501774,0.635116696357727,0.5275257229804993,0.01,0.80
501874,0.635116696357727,0.5275257229804993,0.01,0.80
501974,0.635116696357727,0.5275257229804993,0.01,0.80
502074,0.635116696357727,0.5275257229804993,0.01,0.80
502174,0.635116696357727,0.5275257229804993,0.01,0.80
502274,0.635116696357727,0.5275257229804993,0.01,0.80
502374,0.635116696357727,0.5275257229804993,0.01,0.80
502474,0.635116696357727,0.5275257229804993,0.01,0.80
502574,0.635116696357727,0.5275257229804993,0.01,0.80
502674,0.635116696357727,0.5275257229804993,0.01,0.80
502774,0.635116696357727,0.5275257229804993,0.01,0.80
502874,0.635116696357727,0.5275257229804993,0.01,0.80
502974,0.635116696357727,0.5275257229804993,0.01,0.80
503074,0.635116696357727,0.5275257229804993,0.01,0.80
503174,0.635116696357727,0.5275257229804993,0.01,0.80
503274,0.635116696357727,0.5275257229804993,0.01,0.80
503374,0.635116696357727,0.5275257229804993,0.01,0.80
503474,0.635116696357727,0.5275257229804993,0.01,0.80
503574,0.635116696357727,0.5275257229804993,0.01,0.80
503674,0.635116696357727,0.5275257229804993,0.01,0.80
503774,0.635116696357727,0.5275257229804993,0.01,0.80
503874,0.635116696357727,0.5275257229804993,0.01,0.80
503974,0.635116696357727,0.5275257229804993,0.01,0.80
504074,0.635116696357727,0.5275257229804993,0.01,0.80
504174,0.635116696357727,0.5275257229804993,0.01,0.80
504274,0.635116696357727,0.5275257229804993,0.01,0.80
504374,0.635116696357727,0.5275257229804993,0.01,0.80
504474,0.635116696357727,0.5275257229804993,0.01,0.80
504574,0.635116696357727,0.5275257229804993,0.01,0.80
504674,0.635116696357727,0.5275257229804993,0.01,0.80
504774,0.635116696357727,0.5275257229804993,0.01,0.80
504874,0.635116696357727,0.5275257229804993,0.01,0.80
504974,0.635116696357727,0.5275257229804993,0.01,0.80
505074,0.635116696357727,0.5275257229804993,0.01,0.80
505174,0.635116696357727,0.5275257229804993,0.01,0.80
505274,0.635116696357727,0.5275257229804993,0.01,0.80
505374,0.635116696357727,0.5275257229804993,0.01,0.80
505474,0.635116696357727,0.5275257229804993,0.01,0.80
505574,0.635116696357727,0.5275257229804993,0.01,0.80
505674,0.635116696357727,0.5275257229804993,0.01,0.80
505774,0.635116696357727,0.5275257229804993,0.01,0.80
505874,0.635116696357727,0.5275257229804993,0.01,0.80
505974,0.635116696357727,0.5275257229804993,0.01,0.80
506074,0.635116696357727,0.5275257229804993,0.01,0.80
506174,0.635116696357727,0.5275257229804993,0.01,0.80
506274,0.635116696357727,0.5275257229804993,0.01,0.80
506374,0.635116696357727,0.5275257229804993,0.01,0.80
506474,0.635116696357727,0.5275257229804993,0.01,0.80
506574,0.635116696357727,0.5275257229804993,0.01,0.80
506674,0.635116696357727,0.5275257229804993,0.01,0.80
506774,0.635116696357727,0.5275257229804993,0.01,0.80
506874,0.635116696357727,0.5275257229804993,0.01,0.80
506974,0.635116696357727,0.5275257229804993,0.01,0.80
507074,0.635116696357727,0.5275257229804993,0.01,0.80
507174,0.635116696357727,0.5275257229804993,0.01,0.80
507274,0.635116696357727,0.5275257229804993,0.01,0.80
507374,0.635116696357727,0.5275257229804993,0.01,0.80
507474,0.635116696357727,0.5275257229804993,0.01,0.80
507574,0.635116696357727,0.5275257229804993,0.01,0.80
507674,0.635116696357727,0.5275257229804993,0.01,0.80
507774,0.635116696357727,0.5275257229804993,0.01,0.80
507874,0.635116696357727,0.5275257229804993,0.01,0.80
507974,0.635116696357727,0.5275257229804993,0.01,0.80
508074,0.635116696357727,0.5275257229804993,0.01,0.80
508174,0.635116696357727,0.5275257229804993,0.01,0.80
508274,0.635116696357727,0.5275257229804993,0.01,0.80
508374,0.635116696357727,0.5275257229804993,0.01,0.80
508474,0.635116696357727,0.5275257229804993,0.01,0.80
508574,0.635116696357727,0.5275257229804993,0.01,0.80
508674,0.635116696357727,0.5275257229804993,0.01,0.80
508774,0.635116696357727,0.5275257229804993,0.01,0.80
508874,0.635116696357727,0.5275257229804993,0.01,0.80
508974,0.635116696357727,0.5275257229804993,0.01,0.80
509074,0.635116696357727,0.5275257229804993,0.01,0.80
