evaluation,fitness,test_accuracy,uniqueness,time
0,0.4147946834564209,0.34506362676620483,1.0,0.82
100,0.4147946834564209,0.34506362676620483,1.0,0.82
200,0.4147946834564209,0.34506362676620483,1.0,0.82
300,0.4147946834564209,0.34506362676620483,1.0,0.82
400,0.4147946834564209,0.34506362676620483,1.0,0.82
500,0.4196856617927551,0.3282862901687622,1.0,0.82
600,0.4196856617927551,0.3282862901687622,1.0,0.82
700,0.4196856617927551,0.3282862901687622,1.0,0.82
800,0.4196856617927551,0.3282862901687622,1.0,0.82
900,0.4196856617927551,0.3282862901687622,1.0,0.82
1000,0.4196856617927551,0.3282862901687622,1.0,0.82
1100,0.4196856617927551,0.3282862901687622,1.0,0.82
1200,0.4196856617927551,0.3282862901687622,1.0,0.82
1300,0.4196856617927551,0.3282862901687622,1.0,0.82
1400,0.4196856617927551,0.3282862901687622,1.0,0.82
1500,0.4196856617927551,0.3282862901687622,1.0,0.82
1600,0.583349883556366,0.34803277254104614,1.0,0.82
1700,0.583349883556366,0.34803277254104614,1.0,0.82
1800,0.583349883556366,0.34803277254104614,1.0,0.82
1900,0.583349883556366,0.34803277254104614,1.0,0.82
2000,0.583349883556366,0.34803277254104614,1.0,0.82
2100,0.583349883556366,0.34803277254104614,1.0,0.82
2200,0.583349883556366,0.34803277254104614,1.0,0.82
2300,0.583349883556366,0.34803277254104614,1.0,0.82
2400,0.583349883556366,0.34803277254104614,1.0,0.82
2500,0.583349883556366,0.34803277254104614,1.0,0.82
2600,0.583349883556366,0.34803277254104614,1.0,0.82
2700,0.583349883556366,0.34803277254104614,1.0,0.82
2800,0.583349883556366,0.34803277254104614,1.0,0.82
2900,0.583349883556366,0.34803277254104614,1.0,0.82
3000,0.583349883556366,0.34803277254104614,1.0,0.82
3100,0.583349883556366,0.34803277254104614,1.0,0.82
3200,0.583349883556366,0.34803277254104614,1.0,0.82
3300,0.583349883556366,0.34803277254104614,1.0,0.82
3400,0.583349883556366,0.34803277254104614,1.0,0.82
3500,0.583349883556366,0.34803277254104614,1.0,0.82
3600,0.583349883556366,0.34803277254104614,1.0,0.82
3700,0.583349883556366,0.34803277254104614,1.0,0.82
3800,0.583349883556366,0.34803277254104614,1.0,0.82
3900,0.583349883556366,0.34803277254104614,1.0,0.82
4000,0.583349883556366,0.34803277254104614,1.0,0.82
4100,0.7301262021064758,0.4856301546096802,1.0,0.82
4200,0.7301262021064758,0.4856301546096802,1.0,0.82
4300,0.7301262021064758,0.4856301546096802,1.0,0.82
4400,0.7301262021064758,0.4856301546096802,1.0,0.82
4500,0.7301262021064758,0.4856301546096802,1.0,0.82
4600,0.7301262021064758,0.4856301546096802,1.0,0.82
4700,0.7301262021064758,0.4856301546096802,1.0,0.82
4800,0.7301262021064758,0.4856301546096802,1.0,0.82
4900,0.7301262021064758,0.4856301546096802,1.0,0.82
5000,0.7301262021064758,0.4856301546096802,1.0,0.82
5100,0.7601773738861084,0.7494067549705505,1.0,0.82
5200,0.7601773738861084,0.7494067549705505,1.0,0.82
5300,0.7601773738861084,0.7494067549705505,1.0,0.82
5400,0.7601773738861084,0.7494067549705505,1.0,0.82
5500,0.7601773738861084,0.7494067549705505,1.0,0.82
5600,0.7601773738861084,0.7494067549705505,1.0,0.82
5700,0.7601773738861084,0.7494067549705505,1.0,0.82
5800,0.7601773738861084,0.7494067549705505,1.0,0.82
5900,0.7601773738861084,0.7494067549705505,1.0,0.82
6000,0.7601773738861084,0.7494067549705505,1.0,0.82
6100,0.7601773738861084,0.7494067549705505,1.0,0.82
6200,0.7601773738861084,0.7494067549705505,1.0,0.82
6300,0.7601773738861084,0.7494067549705505,1.0,0.82
6400,0.7601773738861084,0.7494067549705505,1.0,0.82
6500,0.7601773738861084,0.7494067549705505,1.0,0.82
6600,0.7601773738861084,0.7494067549705505,1.0,0.82
6700,0.7601773738861084,0.7494067549705505,1.0,0.82
6800,0.7601773738861084,0.7494067549705505,1.0,0.82
6900,0.7601773738861084,0.7494067549705505,1.0,0.82
7000,0.7601773738861084,0.7494067549705505,1.0,0.82
7100,0.7601773738861084,0.7494067549705505,1.0,0.82
7200,0.7601773738861084,0.7494067549705505,1.0,0.82
7300,0.7601773738861084,0.7494067549705505,1.0,0.82
7400,0.7601773738861084,0.7494067549705505,1.0,0.82
7500,0.7601773738861084,0.7494067549705505,1.0,0.82
7600,0.7601773738861084,0.7494067549705505,1.0,0.82
7700,0.7601773738861084,0.7494067549705505,1.0,0.82
7800,0.7601773738861084,0.7494067549705505,1.0,0.82
7900,0.7601773738861084,0.7494067549705505,1.0,0.82
8000,0.7601773738861084,0.7494067549705505,1.0,0.82
8100,0.7601773738861084,0.7494067549705505,1.0,0.82
8200,0.7601773738861084,0.7494067549705505,1.0,0.82
8300,0.7601773738861084,0.7494067549705505,1.0,0.82
8400,0.7601773738861084,0.7494067549705505,1.0,0.82
8500,0.7601773738861084,0.7494067549705505,1.0,0.82
8600,0.7601773738861084,0.7494067549705505,1.0,0.82
8700,0.7601773738861084,0.7494067549705505,1.0,0.82
8800,0.7601773738861084,0.7494067549705505,1.0,0.82
8900,0.7601773738861084,0.7494067549705505,1.0,0.82
9000,0.7601773738861084,0.7494067549705505,1.0,0.82
9100,0.7601773738861084,0.7494067549705505,1.0,0.82
9200,0.7601773738861084,0.7494067549705505,1.0,0.82
9300,0.7601773738861084,0.7494067549705505,1.0,0.82
9400,0.7601773738861084,0.7494067549705505,1.0,0.82
9500,0.7601773738861084,0.7494067549705505,1.0,0.82
9600,0.7601773738861084,0.7494067549705505,1.0,0.82
9700,0.7601773738861084,0.7494067549705505,1.0,0.82
9800,0.7601773738861084,0.7494067549705505,1.0,0.82
9900,0.7601773738861084,0.7494067549705505,1.0,0.82
10000,0.7601773738861084,0.7494067549705505,1.0,0.82
10100,0.7601773738861084,0.7494067549705505,1.0,0.82
10200,0.7601773738861084,0.7494067549705505,1.0,0.82
10300,0.7601773738861084,0.7494067549705505,1.0,0.82
10400,0.7601773738861084,0.7494067549705505,1.0,0.82
10500,0.7601773738861084,0.7494067549705505,1.0,0.82
10600,0.7601773738861084,0.7494067549705505,1.0,0.82
10700,0.7601773738861084,0.7494067549705505,1.0,0.82
10800,0.7601773738861084,0.7494067549705505,1.0,0.82
10900,0.7601773738861084,0.7494067549705505,1.0,0.82
11000,0.7601773738861084,0.7494067549705505,1.0,0.82
11100,0.7601773738861084,0.7494067549705505,1.0,0.82
11200,0.7601773738861084,0.7494067549705505,1.0,0.82
11300,0.7601773738861084,0.7494067549705505,1.0,0.82
11400,0.7601773738861084,0.7494067549705505,1.0,0.82
11500,0.7601773738861084,0.7494067549705505,1.0,0.82
11600,0.7601773738861084,0.7494067549705505,1.0,0.82
11700,0.7601773738861084,0.7494067549705505,1.0,0.82
11800,0.7601773738861084,0.7494067549705505,1.0,0.82
11900,0.7601773738861084,0.7494067549705505,1.0,0.82
12000,0.7601773738861084,0.7494067549705505,1.0,0.82
12100,0.7601773738861084,0.7494067549705505,1.0,0.82
12200,0.7601773738861084,0.7494067549705505,1.0,0.82
12300,0.7601773738861084,0.7494067549705505,1.0,0.82
12400,0.7601773738861084,0.7494067549705505,1.0,0.82
12500,0.7601773738861084,0.7494067549705505,1.0,0.82
12600,0.7601773738861084,0.7494067549705505,1.0,0.82
12700,0.7601773738861084,0.7494067549705505,1.0,0.82
12800,0.7601773738861084,0.7494067549705505,1.0,0.82
12900,0.7601773738861084,0.7494067549705505,1.0,0.82
13000,0.7601773738861084,0.7494067549705505,1.0,0.82
13100,0.7601773738861084,0.7494067549705505,1.0,0.82
13200,0.7601773738861084,0.7494067549705505,1.0,0.82
13300,0.7601773738861084,0.7494067549705505,1.0,0.82
13400,0.7601773738861084,0.7494067549705505,1.0,0.82
13500,0.7601773738861084,0.7494067549705505,1.0,0.82
13600,0.7601773738861084,0.7494067549705505,1.0,0.82
13700,0.7601773738861084,0.7494067549705505,1.0,0.82
13800,0.7601773738861084,0.7494067549705505,1.0,0.82
13900,0.7601773738861084,0.7494067549705505,1.0,0.82
14000,0.7601773738861084,0.7494067549705505,1.0,0.82
14100,0.7601773738861084,0.7494067549705505,1.0,0.82
14200,0.7601773738861084,0.7494067549705505,1.0,0.82
14300,0.7601773738861084,0.7494067549705505,1.0,0.82
14400,0.7972053289413452,0.6201238632202148,1.0,0.82
14500,0.7972053289413452,0.6201238632202148,1.0,0.82
14600,0.7972053289413452,0.6201238632202148,1.0,0.82
14700,0.7972053289413452,0.6201238632202148,1.0,0.82
14800,0.7972053289413452,0.6201238632202148,1.0,0.82
14900,0.7972053289413452,0.6201238632202148,1.0,0.82
15000,0.7972053289413452,0.6201238632202148,1.0,0.82
15100,0.7972053289413452,0.6201238632202148,1.0,0.82
15200,0.7972053289413452,0.6201238632202148,1.0,0.82
15300,0.7972053289413452,0.6201238632202148,1.0,0.82
15400,0.7972053289413452,0.6201238632202148,1.0,0.82
15500,0.7972053289413452,0.6201238632202148,1.0,0.82
15600,0.7972053289413452,0.6201238632202148,1.0,0.82
15700,0.7972053289413452,0.6201238632202148,1.0,0.82
15800,0.7972053289413452,0.6201238632202148,1.0,0.82
15900,0.7972053289413452,0.6201238632202148,1.0,0.82
16000,0.7972053289413452,0.6201238632202148,1.0,0.82
16100,0.7972053289413452,0.6201238632202148,1.0,0.82
16200,0.7972053289413452,0.6201238632202148,1.0,0.82
16300,0.7972053289413452,0.6201238632202148,1.0,0.82
16400,0.7972053289413452,0.6201238632202148,1.0,0.82
16500,0.7972053289413452,0.6201238632202148,1.0,0.82
16600,0.7972053289413452,0.6201238632202148,1.0,0.82
16700,0.7972053289413452,0.6201238632202148,1.0,0.82
16800,0.7972053289413452,0.6201238632202148,1.0,0.82
16900,0.7972053289413452,0.6201238632202148,1.0,0.82
17000,0.7972053289413452,0.6201238632202148,1.0,0.82
17100,0.7972053289413452,0.6201238632202148,1.0,0.82
17200,0.7972053289413452,0.6201238632202148,1.0,0.82
17300,0.7972053289413452,0.6201238632202148,1.0,0.82
17400,0.7972053289413452,0.6201238632202148,1.0,0.82
17500,0.7972053289413452,0.6201238632202148,1.0,0.82
17600,0.7972053289413452,0.6201238632202148,1.0,0.82
17700,0.7972053289413452,0.6201238632202148,1.0,0.82
17800,0.7972053289413452,0.6201238632202148,1.0,0.82
17900,0.7972053289413452,0.6201238632202148,1.0,0.82
18000,0.7972053289413452,0.6201238632202148,1.0,0.82
18100,0.7972053289413452,0.6201238632202148,1.0,0.82
18200,0.7972053289413452,0.6201238632202148,1.0,0.82
18300,0.7972053289413452,0.6201238632202148,1.0,0.82
18400,0.7972053289413452,0.6201238632202148,1.0,0.82
18500,0.7972053289413452,0.6201238632202148,1.0,0.82
18600,0.7972053289413452,0.6201238632202148,1.0,0.82
18700,0.7972053289413452,0.6201238632202148,1.0,0.82
18800,0.7972053289413452,0.6201238632202148,1.0,0.82
18900,0.7972053289413452,0.6201238632202148,1.0,0.82
19000,0.7972053289413452,0.6201238632202148,1.0,0.82
19100,0.7972053289413452,0.6201238632202148,1.0,0.82
19200,0.7972053289413452,0.6201238632202148,1.0,0.82
19300,0.7972053289413452,0.6201238632202148,1.0,0.82
19400,0.7972053289413452,0.6201238632202148,1.0,0.82
19500,0.7972053289413452,0.6201238632202148,1.0,0.82
19600,0.7972053289413452,0.6201238632202148,1.0,0.82
19700,0.7972053289413452,0.6201238632202148,1.0,0.82
19800,0.7972053289413452,0.6201238632202148,1.0,0.82
19900,0.7972053289413452,0.6201238632202148,1.0,0.82
20000,0.7972053289413452,0.6201238632202148,1.0,0.82
20100,0.7972053289413452,0.6201238632202148,1.0,0.82
20200,0.7972053289413452,0.6201238632202148,1.0,0.82
20300,0.7972053289413452,0.6201238632202148,1.0,0.82
20400,0.7972053289413452,0.6201238632202148,1.0,0.82
20500,0.7972053289413452,0.6201238632202148,1.0,0.82
20600,0.7972053289413452,0.6201238632202148,1.0,0.82
20700,0.7972053289413452,0.6201238632202148,1.0,0.82
20800,0.7972053289413452,0.6201238632202148,1.0,0.82
20900,0.7972053289413452,0.6201238632202148,1.0,0.82
21000,0.7972053289413452,0.6201238632202148,1.0,0.82
21100,0.7972053289413452,0.6201238632202148,1.0,0.82
21200,0.7972053289413452,0.6201238632202148,1.0,0.82
21300,0.7972053289413452,0.6201238632202148,1.0,0.82
21400,0.7972053289413452,0.6201238632202148,1.0,0.82
21500,0.7972053289413452,0.6201238632202148,1.0,0.82
21600,0.7972053289413452,0.6201238632202148,1.0,0.82
21700,0.7972053289413452,0.6201238632202148,1.0,0.82
21800,0.7972053289413452,0.6201238632202148,1.0,0.82
21900,0.7972053289413452,0.6201238632202148,1.0,0.82
22000,0.7972053289413452,0.6201238632202148,1.0,0.82
22100,0.7972053289413452,0.6201238632202148,1.0,0.82
22200,0.7972053289413452,0.6201238632202148,1.0,0.82
22300,0.7972053289413452,0.6201238632202148,1.0,0.82
22400,0.7972053289413452,0.6201238632202148,1.0,0.82
22500,0.7972053289413452,0.6201238632202148,1.0,0.82
22600,0.7972053289413452,0.6201238632202148,1.0,0.82
22700,0.7972053289413452,0.6201238632202148,1.0,0.82
22800,0.7972053289413452,0.6201238632202148,1.0,0.82
22900,0.7972053289413452,0.6201238632202148,1.0,0.82
23000,0.7972053289413452,0.6201238632202148,1.0,0.82
23100,0.7972053289413452,0.6201238632202148,1.0,0.82
23200,0.7972053289413452,0.6201238632202148,1.0,0.82
23300,0.7972053289413452,0.6201238632202148,1.0,0.82
23400,0.7972053289413452,0.6201238632202148,1.0,0.82
23500,0.7972053289413452,0.6201238632202148,1.0,0.82
23600,0.7972053289413452,0.6201238632202148,1.0,0.82
23700,0.7972053289413452,0.6201238632202148,1.0,0.82
23800,0.7972053289413452,0.6201238632202148,1.0,0.82
23900,0.7972053289413452,0.6201238632202148,1.0,0.82
24000,0.7972053289413452,0.6201238632202148,1.0,0.82
24100,0.7972053289413452,0.6201238632202148,1.0,0.82
24200,0.7972053289413452,0.6201238632202148,1.0,0.82
24300,0.7972053289413452,0.6201238632202148,1.0,0.82
24400,0.7972053289413452,0.6201238632202148,1.0,0.82
24500,0.7972053289413452,0.6201238632202148,1.0,0.82
24600,0.7972053289413452,0.6201238632202148,1.0,0.82
24700,0.7972053289413452,0.6201238632202148,1.0,0.82
24800,0.7972053289413452,0.6201238632202148,1.0,0.82
24900,0.7972053289413452,0.6201238632202148,1.0,0.82
25000,0.7972053289413452,0.6201238632202148,1.0,0.82
25100,0.7972053289413452,0.6201238632202148,1.0,0.82
25200,0.7972053289413452,0.6201238632202148,1.0,0.82
25300,0.7972053289413452,0.6201238632202148,1.0,0.82
25400,0.7972053289413452,0.6201238632202148,1.0,0.82
25500,0.7972053289413452,0.6201238632202148,1.0,0.82
25600,0.7972053289413452,0.6201238632202148,1.0,0.82
25700,0.7972053289413452,0.6201238632202148,1.0,0.82
25800,0.7972053289413452,0.6201238632202148,1.0,0.82
25900,0.7972053289413452,0.6201238632202148,1.0,0.82
26000,0.7972053289413452,0.6201238632202148,1.0,0.82
26100,0.7972053289413452,0.6201238632202148,1.0,0.82
26200,0.7972053289413452,0.6201238632202148,1.0,0.82
26300,0.841232419013977,0.7309098243713379,1.0,0.82
26400,0.841232419013977,0.7309098243713379,1.0,0.82
26500,0.841232419013977,0.7309098243713379,1.0,0.82
26600,0.841232419013977,0.7309098243713379,1.0,0.82
26700,0.841232419013977,0.7309098243713379,1.0,0.82
26800,0.841232419013977,0.7309098243713379,1.0,0.82
26900,0.841232419013977,0.7309098243713379,1.0,0.82
27000,0.841232419013977,0.7309098243713379,1.0,0.82
27100,0.841232419013977,0.7309098243713379,1.0,0.82
27200,0.841232419013977,0.7309098243713379,1.0,0.82
27300,0.841232419013977,0.7309098243713379,1.0,0.82
27400,0.841232419013977,0.7309098243713379,1.0,0.82
27500,0.841232419013977,0.7309098243713379,1.0,0.82
27600,0.841232419013977,0.7309098243713379,1.0,0.82
27700,0.841232419013977,0.7309098243713379,1.0,0.82
27800,0.841232419013977,-5.574792861938477,1.0,0.78
27900,0.841232419013977,-5.574792861938477,1.0,0.78
28000,0.841232419013977,-5.574792861938477,1.0,0.78
28100,0.841232419013977,-5.574792861938477,1.0,0.78
28200,0.841232419013977,-5.574792861938477,1.0,0.78
28300,0.841232419013977,-5.574792861938477,1.0,0.78
28400,0.841232419013977,-5.574792861938477,1.0,0.78
28500,0.841232419013977,-5.574792861938477,1.0,0.78
28600,0.841232419013977,-5.574792861938477,1.0,0.78
28700,0.841232419013977,-5.574792861938477,1.0,0.78
28800,0.841232419013977,-5.574792861938477,1.0,0.78
28900,0.841232419013977,-5.574792861938477,1.0,0.78
29000,0.841232419013977,-5.574792861938477,1.0,0.78
29100,0.841232419013977,-5.574792861938477,1.0,0.78
29200,0.841232419013977,-5.574792861938477,1.0,0.78
29300,0.841232419013977,-5.574792861938477,1.0,0.78
29400,0.841232419013977,-5.574792861938477,1.0,0.78
29500,0.841232419013977,-5.574792861938477,1.0,0.78
29600,0.841232419013977,-5.574792861938477,1.0,0.78
29700,0.841232419013977,-5.574792861938477,1.0,0.78
29800,0.841232419013977,-5.574792861938477,1.0,0.78
29900,0.841232419013977,-5.574792861938477,1.0,0.78
30000,0.841232419013977,-5.574792861938477,1.0,0.78
30100,0.841232419013977,-5.574792861938477,1.0,0.78
30200,0.841232419013977,-5.574792861938477,1.0,0.78
30300,0.841232419013977,-5.574792861938477,1.0,0.78
30400,0.841232419013977,-5.574792861938477,1.0,0.78
30500,0.841232419013977,-5.574792861938477,1.0,0.78
30600,0.841232419013977,-5.574792861938477,1.0,0.78
30700,0.841232419013977,-5.574792861938477,1.0,0.78
30800,0.841232419013977,-5.574792861938477,1.0,0.78
30900,0.841232419013977,-5.574792861938477,1.0,0.78
31000,0.841232419013977,-5.574792861938477,1.0,0.78
31100,0.841232419013977,-5.574792861938477,1.0,0.78
31200,0.841232419013977,-5.574792861938477,1.0,0.78
31300,0.841232419013977,-5.574792861938477,1.0,0.78
31400,0.841232419013977,-5.574792861938477,1.0,0.78
31500,0.841232419013977,-5.574792861938477,1.0,0.78
31600,0.841232419013977,-5.574792861938477,1.0,0.78
31700,0.841232419013977,-5.574792861938477,1.0,0.78
31800,0.841232419013977,-5.574792861938477,1.0,0.78
31900,0.841232419013977,-5.574792861938477,1.0,0.78
32000,0.841232419013977,-5.574792861938477,1.0,0.78
32100,0.841232419013977,-5.574792861938477,1.0,0.78
32200,0.841232419013977,-5.574792861938477,1.0,0.78
32300,0.841232419013977,-5.574792861938477,1.0,0.78
32400,0.841232419013977,-5.574792861938477,1.0,0.78
32500,0.841232419013977,-5.574792861938477,1.0,0.78
32600,0.841232419013977,-5.574792861938477,1.0,0.78
32700,0.841232419013977,-5.574792861938477,1.0,0.78
32800,0.841232419013977,-5.574792861938477,1.0,0.78
32900,0.841232419013977,-5.574792861938477,1.0,0.78
33000,0.841232419013977,-5.574792861938477,1.0,0.78
33100,0.841232419013977,-5.574792861938477,1.0,0.78
33200,0.841232419013977,-5.574792861938477,1.0,0.78
33300,0.841232419013977,-5.574792861938477,1.0,0.78
33400,0.841232419013977,-5.574792861938477,1.0,0.78
33500,0.841232419013977,-5.574792861938477,1.0,0.78
33600,0.841232419013977,-5.574792861938477,1.0,0.78
33700,0.841232419013977,-5.574792861938477,1.0,0.78
33800,0.841232419013977,-5.574792861938477,1.0,0.78
33900,0.841232419013977,-5.574792861938477,1.0,0.78
34000,0.841232419013977,-5.574792861938477,1.0,0.78
34100,0.841232419013977,-5.574792861938477,1.0,0.78
34200,0.841232419013977,-5.574792861938477,1.0,0.78
34300,0.841232419013977,-5.574792861938477,1.0,0.78
34400,0.841232419013977,-5.574792861938477,1.0,0.78
34500,0.841232419013977,-5.574792861938477,1.0,0.78
34600,0.841232419013977,-5.574792861938477,1.0,0.78
34700,0.841232419013977,-5.574792861938477,1.0,0.78
34800,0.841232419013977,-5.574792861938477,1.0,0.78
34900,0.841232419013977,-5.574792861938477,1.0,0.78
35000,0.841232419013977,-5.574792861938477,1.0,0.78
35100,0.841232419013977,-5.574792861938477,1.0,0.78
35200,0.841232419013977,-5.574792861938477,1.0,0.78
35300,0.841232419013977,-5.574792861938477,1.0,0.78
35400,0.841232419013977,-5.574792861938477,1.0,0.78
35500,0.841232419013977,-5.574792861938477,1.0,0.78
35600,0.841232419013977,-5.574792861938477,1.0,0.78
35700,0.841232419013977,-5.574792861938477,1.0,0.78
35800,0.841232419013977,-5.574792861938477,1.0,0.78
35900,0.841232419013977,-5.574792861938477,1.0,0.78
36000,0.841232419013977,-5.574792861938477,1.0,0.78
36100,0.841232419013977,-5.574792861938477,1.0,0.78
36200,0.841232419013977,-5.574792861938477,1.0,0.78
36300,0.841232419013977,-5.574792861938477,1.0,0.78
36400,0.841232419013977,-5.574792861938477,1.0,0.78
36500,0.841232419013977,-5.574792861938477,1.0,0.78
36600,0.841232419013977,-5.574792861938477,1.0,0.78
36700,0.841232419013977,-5.574792861938477,1.0,0.78
36800,0.841232419013977,-5.574792861938477,1.0,0.78
36900,0.841232419013977,-5.574792861938477,1.0,0.78
37000,0.841232419013977,-5.574792861938477,1.0,0.78
37100,0.841232419013977,-5.574792861938477,1.0,0.78
37200,0.841232419013977,-5.574792861938477,1.0,0.78
37300,0.841232419013977,-5.574792861938477,1.0,0.78
37400,0.841232419013977,-5.574792861938477,1.0,0.78
37500,0.841232419013977,-5.574792861938477,1.0,0.78
37600,0.841232419013977,-5.574792861938477,1.0,0.78
37700,0.841232419013977,-5.574792861938477,1.0,0.78
37800,0.841232419013977,-5.574792861938477,1.0,0.78
37900,0.841232419013977,-5.574792861938477,1.0,0.78
38000,0.841232419013977,-5.574792861938477,1.0,0.78
38100,0.841232419013977,-5.574792861938477,1.0,0.78
38200,0.841232419013977,-5.574792861938477,1.0,0.78
38300,0.841232419013977,-5.574792861938477,1.0,0.78
38400,0.841232419013977,-5.574792861938477,1.0,0.78
38500,0.841232419013977,-5.574792861938477,1.0,0.78
38600,0.841232419013977,-5.574792861938477,1.0,0.78
38700,0.841232419013977,-5.574792861938477,1.0,0.78
38800,0.841232419013977,-5.574792861938477,1.0,0.78
38900,0.841232419013977,-5.574792861938477,1.0,0.78
39000,0.841232419013977,-5.574792861938477,1.0,0.78
39100,0.841232419013977,-5.574792861938477,1.0,0.78
39200,0.841232419013977,-5.574792861938477,1.0,0.78
39300,0.841232419013977,-5.574792861938477,1.0,0.78
39400,0.841232419013977,-5.574792861938477,1.0,0.78
39500,0.841232419013977,-5.574792861938477,1.0,0.78
39600,0.841232419013977,-5.574792861938477,1.0,0.78
39700,0.841232419013977,-5.574792861938477,1.0,0.78
39800,0.841232419013977,-5.574792861938477,1.0,0.78
39900,0.841232419013977,-5.574792861938477,1.0,0.78
40000,0.841232419013977,-5.574792861938477,1.0,0.78
40100,0.841232419013977,-5.574792861938477,1.0,0.78
40200,0.841232419013977,-5.574792861938477,1.0,0.78
40300,0.841232419013977,-5.574792861938477,1.0,0.78
40400,0.841232419013977,-5.574792861938477,1.0,0.78
40500,0.841232419013977,-5.574792861938477,1.0,0.78
40600,0.841232419013977,-5.574792861938477,1.0,0.78
40700,0.841232419013977,-5.574792861938477,1.0,0.78
40800,0.841232419013977,-5.574792861938477,1.0,0.78
40900,0.841232419013977,-5.574792861938477,1.0,0.78
41000,0.841232419013977,-5.574792861938477,1.0,0.78
41100,0.841232419013977,-5.574792861938477,1.0,0.78
41200,0.841232419013977,-5.574792861938477,1.0,0.78
41300,0.841232419013977,-5.574792861938477,1.0,0.78
41400,0.841232419013977,-5.574792861938477,1.0,0.78
41500,0.841232419013977,-5.574792861938477,1.0,0.78
41600,0.841232419013977,-5.574792861938477,1.0,0.78
41700,0.841232419013977,-5.574792861938477,1.0,0.78
41800,0.841232419013977,-5.574792861938477,1.0,0.78
41900,0.841232419013977,-5.574792861938477,1.0,0.78
42000,0.841232419013977,-5.574792861938477,1.0,0.78
42100,0.841232419013977,-5.574792861938477,1.0,0.78
42200,0.841232419013977,-5.574792861938477,1.0,0.78
42300,0.841232419013977,-5.574792861938477,1.0,0.78
42400,0.841232419013977,-5.574792861938477,1.0,0.78
42500,0.841232419013977,-5.574792861938477,1.0,0.78
42600,0.841232419013977,-5.574792861938477,1.0,0.78
42700,0.841232419013977,-5.574792861938477,1.0,0.78
42800,0.841232419013977,-5.574792861938477,1.0,0.78
42900,0.841232419013977,-5.574792861938477,1.0,0.78
43000,0.841232419013977,-5.574792861938477,1.0,0.78
43100,0.841232419013977,-5.574792861938477,1.0,0.78
43200,0.841232419013977,-5.574792861938477,1.0,0.78
43300,0.841232419013977,-5.574792861938477,1.0,0.78
43400,0.841232419013977,-5.574792861938477,1.0,0.78
43500,0.841232419013977,-5.574792861938477,1.0,0.78
43600,0.841232419013977,-5.574792861938477,1.0,0.78
43700,0.841232419013977,-5.574792861938477,1.0,0.78
43800,0.841232419013977,-5.574792861938477,1.0,0.78
43900,0.841232419013977,-5.574792861938477,1.0,0.78
44000,0.841232419013977,-5.574792861938477,1.0,0.78
44100,0.841232419013977,-5.574792861938477,1.0,0.78
44200,0.841232419013977,-5.574792861938477,1.0,0.78
44300,0.841232419013977,-5.574792861938477,1.0,0.78
44400,0.841232419013977,-5.574792861938477,1.0,0.78
44500,0.841232419013977,-5.574792861938477,1.0,0.78
44600,0.841232419013977,-5.574792861938477,1.0,0.78
44700,0.841232419013977,-5.574792861938477,1.0,0.78
44800,0.841232419013977,-5.574792861938477,1.0,0.78
44900,0.841232419013977,-5.574792861938477,1.0,0.78
45000,0.841232419013977,-5.574792861938477,1.0,0.78
45100,0.841232419013977,-5.574792861938477,1.0,0.78
45200,0.841232419013977,-5.574792861938477,1.0,0.78
45300,0.841232419013977,-5.574792861938477,1.0,0.78
45400,0.841232419013977,-5.574792861938477,1.0,0.78
45500,0.841232419013977,-5.574792861938477,1.0,0.78
45600,0.841232419013977,-5.574792861938477,1.0,0.78
45700,0.841232419013977,-5.574792861938477,1.0,0.78
45800,0.841232419013977,-5.574792861938477,1.0,0.78
45900,0.841232419013977,-5.574792861938477,1.0,0.78
46000,0.841232419013977,-5.574792861938477,1.0,0.78
46100,0.841232419013977,-5.574792861938477,1.0,0.78
46200,0.841232419013977,-5.574792861938477,1.0,0.78
46300,0.841232419013977,-5.574792861938477,1.0,0.78
46400,0.841232419013977,-5.574792861938477,1.0,0.78
46500,0.841232419013977,-5.574792861938477,1.0,0.78
46600,0.841232419013977,-5.574792861938477,1.0,0.78
46700,0.841232419013977,-5.574792861938477,1.0,0.78
46800,0.841232419013977,-5.574792861938477,1.0,0.78
46900,0.841232419013977,-5.574792861938477,1.0,0.78
47000,0.841232419013977,-5.574792861938477,1.0,0.78
47100,0.841232419013977,-5.574792861938477,1.0,0.78
47200,0.841232419013977,-5.574792861938477,1.0,0.78
47300,0.841232419013977,-5.574792861938477,1.0,0.78
47400,0.841232419013977,-5.574792861938477,1.0,0.78
47500,0.841232419013977,-5.574792861938477,1.0,0.78
47600,0.841232419013977,-5.574792861938477,1.0,0.78
47700,0.841232419013977,-5.574792861938477,1.0,0.78
47800,0.841232419013977,-5.574792861938477,1.0,0.78
47900,0.841232419013977,-5.574792861938477,1.0,0.78
48000,0.841232419013977,-5.574792861938477,1.0,0.78
48100,0.841232419013977,-5.574792861938477,1.0,0.78
48200,0.841232419013977,-5.574792861938477,1.0,0.78
48300,0.841232419013977,-5.574792861938477,1.0,0.78
48400,0.841232419013977,-5.574792861938477,1.0,0.78
48500,0.841232419013977,-5.574792861938477,1.0,0.78
48600,0.841232419013977,-5.574792861938477,1.0,0.78
48700,0.841232419013977,-5.574792861938477,1.0,0.78
48800,0.841232419013977,-5.574792861938477,1.0,0.78
48900,0.841232419013977,-5.574792861938477,1.0,0.78
49000,0.841232419013977,-5.574792861938477,1.0,0.78
49100,0.841232419013977,-5.574792861938477,1.0,0.78
49200,0.841232419013977,-5.574792861938477,1.0,0.78
49300,0.841232419013977,-5.574792861938477,1.0,0.78
49400,0.841232419013977,-5.574792861938477,1.0,0.78
49500,0.841232419013977,-5.574792861938477,1.0,0.78
49600,0.841232419013977,-5.574792861938477,1.0,0.78
49700,0.841232419013977,-5.574792861938477,1.0,0.78
49800,0.841232419013977,-5.574792861938477,1.0,0.78
49900,0.841232419013977,-5.574792861938477,1.0,0.78
50000,0.841232419013977,-5.574792861938477,1.0,0.78
50100,0.841232419013977,-5.574792861938477,1.0,0.78
50200,0.841232419013977,-5.574792861938477,1.0,0.78
50300,0.841232419013977,-5.574792861938477,1.0,0.78
50400,0.841232419013977,-5.574792861938477,1.0,0.78
50500,0.841232419013977,-5.574792861938477,1.0,0.78
50600,0.841232419013977,-5.574792861938477,1.0,0.78
50700,0.841232419013977,-5.574792861938477,1.0,0.78
50800,0.841232419013977,-5.574792861938477,1.0,0.78
50900,0.841232419013977,-5.574792861938477,1.0,0.78
51000,0.841232419013977,-5.574792861938477,1.0,0.78
51100,0.841232419013977,-5.574792861938477,1.0,0.78
51200,0.841232419013977,-5.574792861938477,1.0,0.78
51300,0.841232419013977,-5.574792861938477,1.0,0.78
51400,0.841232419013977,-5.574792861938477,1.0,0.78
51500,0.841232419013977,-5.574792861938477,1.0,0.78
51600,0.841232419013977,-5.574792861938477,1.0,0.78
51700,0.841232419013977,-5.574792861938477,1.0,0.78
51800,0.841232419013977,-5.574792861938477,1.0,0.78
51900,0.841232419013977,-5.574792861938477,1.0,0.78
52000,0.841232419013977,-5.574792861938477,1.0,0.78
52100,0.841232419013977,-5.574792861938477,1.0,0.78
52200,0.841232419013977,-5.574792861938477,1.0,0.78
52300,0.841232419013977,-5.574792861938477,1.0,0.78
52400,0.841232419013977,-5.574792861938477,1.0,0.78
52500,0.841232419013977,-5.574792861938477,1.0,0.78
52600,0.841232419013977,-5.574792861938477,1.0,0.78
52700,0.841232419013977,-5.574792861938477,1.0,0.78
52800,0.841232419013977,-5.574792861938477,1.0,0.78
52900,0.841232419013977,-5.574792861938477,1.0,0.78
53000,0.841232419013977,-5.574792861938477,1.0,0.78
53100,0.841232419013977,-5.574792861938477,1.0,0.78
53200,0.841232419013977,-5.574792861938477,1.0,0.78
53300,0.841232419013977,-5.574792861938477,1.0,0.78
53400,0.841232419013977,-5.574792861938477,1.0,0.78
53500,0.841232419013977,-5.574792861938477,1.0,0.78
53600,0.841232419013977,-5.574792861938477,1.0,0.78
53700,0.841232419013977,-5.574792861938477,1.0,0.78
53800,0.841232419013977,-5.574792861938477,1.0,0.78
53900,0.841232419013977,-5.574792861938477,1.0,0.78
54000,0.841232419013977,-5.574792861938477,1.0,0.78
54100,0.841232419013977,-5.574792861938477,1.0,0.78
54200,0.841232419013977,-5.574792861938477,1.0,0.78
54300,0.841232419013977,-5.574792861938477,1.0,0.78
54400,0.841232419013977,-5.574792861938477,1.0,0.78
54500,0.841232419013977,-5.574792861938477,1.0,0.78
54600,0.841232419013977,-5.574792861938477,1.0,0.78
54700,0.841232419013977,-5.574792861938477,1.0,0.78
54800,0.841232419013977,-5.574792861938477,1.0,0.78
54900,0.841232419013977,-5.574792861938477,1.0,0.78
55000,0.841232419013977,-5.574792861938477,1.0,0.78
55100,0.841232419013977,-5.574792861938477,1.0,0.78
55200,0.841232419013977,-5.574792861938477,1.0,0.78
55300,0.841232419013977,-5.574792861938477,1.0,0.78
55400,0.841232419013977,-5.574792861938477,1.0,0.78
55500,0.841232419013977,-5.574792861938477,1.0,0.78
64444,0.841232419013977,0.7309098243713379,0.97,0.77
64544,0.841232419013977,0.7309098243713379,0.97,0.77
64644,0.841232419013977,0.7309098243713379,0.97,0.77
64744,0.841232419013977,0.7309098243713379,1.0,0.77
64844,0.8486225008964539,0.8393389582633972,1.0,0.77
64944,0.8980995416641235,0.8808997273445129,1.0,0.77
65044,0.8980995416641235,0.8808997273445129,1.0,0.77
65144,0.8980995416641235,0.8808997273445129,1.0,0.77
65244,0.8980995416641235,0.8808997273445129,1.0,0.77
65344,0.8980995416641235,0.8808997273445129,1.0,0.77
65444,0.8980995416641235,0.8808997273445129,1.0,0.77
65544,0.8980995416641235,0.8808997273445129,1.0,0.77
65644,0.8980995416641235,0.8808997273445129,1.0,0.77
65744,0.8980995416641235,0.8808997273445129,1.0,0.77
65844,0.8980995416641235,0.8808997273445129,1.0,0.77
65944,0.8980995416641235,0.8808997273445129,1.0,0.77
66044,0.8980995416641235,0.8808997273445129,1.0,0.77
66144,0.8980995416641235,0.8808997273445129,1.0,0.77
66244,0.8980995416641235,0.8808997273445129,1.0,0.77
66344,0.8980995416641235,0.8808997273445129,1.0,0.77
66444,0.8980995416641235,0.8808997273445129,1.0,0.77
66544,0.8980995416641235,0.8808997273445129,1.0,0.77
66644,0.8980995416641235,0.8808997273445129,1.0,0.77
66744,0.8980995416641235,0.8808997273445129,1.0,0.77
66844,0.8980995416641235,0.8808997273445129,1.0,0.77
66944,0.8980995416641235,0.8808997273445129,1.0,0.77
67044,0.8980995416641235,0.8808997273445129,1.0,0.77
67144,0.8980995416641235,0.8808997273445129,1.0,0.77
67244,0.8980995416641235,0.8808997273445129,1.0,0.77
67344,0.8980995416641235,0.8808997273445129,1.0,0.77
67444,0.8980995416641235,0.8808997273445129,1.0,0.77
67544,0.8980995416641235,0.8808997273445129,1.0,0.77
67644,0.8980995416641235,0.8808997273445129,1.0,0.77
67744,0.8980995416641235,0.8808997273445129,1.0,0.77
67844,0.8980995416641235,0.8808997273445129,1.0,0.77
67944,0.8980995416641235,0.8808997273445129,1.0,0.77
68044,0.8980995416641235,0.8808997273445129,1.0,0.77
68144,0.8980995416641235,0.8808997273445129,1.0,0.77
68244,0.8980995416641235,0.8808997273445129,1.0,0.77
68344,0.8980995416641235,0.8808997273445129,1.0,0.77
68444,0.8980995416641235,0.8808997273445129,1.0,0.77
68544,0.8980995416641235,0.8808997273445129,1.0,0.77
68644,0.8980995416641235,0.8808997273445129,1.0,0.77
68744,0.8980995416641235,0.8808997273445129,1.0,0.77
68844,0.8980995416641235,0.8808997273445129,1.0,0.77
68944,0.8980995416641235,0.8808997273445129,1.0,0.77
69044,0.8980995416641235,0.8808997273445129,1.0,0.77
69144,0.8980995416641235,0.8808997273445129,1.0,0.77
69244,0.8980995416641235,0.8808997273445129,1.0,0.77
69344,0.8980995416641235,0.8808997273445129,1.0,0.77
69444,0.8980995416641235,0.8808997273445129,1.0,0.77
69544,0.8980995416641235,0.8808997273445129,1.0,0.77
69644,0.8980995416641235,0.8808997273445129,1.0,0.77
69744,0.8980995416641235,0.8808997273445129,1.0,0.77
69844,0.8980995416641235,0.8808997273445129,1.0,0.77
69944,0.8980995416641235,0.8808997273445129,1.0,0.77
70044,0.8980995416641235,0.8808997273445129,1.0,0.77
70144,0.8980995416641235,0.8808997273445129,1.0,0.77
70244,0.8980995416641235,0.8808997273445129,1.0,0.77
70344,0.8980995416641235,0.8808997273445129,1.0,0.77
70444,0.8980995416641235,0.8808997273445129,1.0,0.77
70544,0.8980995416641235,0.8808997273445129,1.0,0.77
70644,0.8980995416641235,0.8808997273445129,1.0,0.77
70744,0.8980995416641235,0.8808997273445129,1.0,0.77
70844,0.8980995416641235,0.8808997273445129,1.0,0.77
70944,0.8980995416641235,0.8808997273445129,1.0,0.77
71044,0.8980995416641235,0.8808997273445129,1.0,0.77
71144,0.8980995416641235,0.8808997273445129,1.0,0.77
71244,0.8980995416641235,0.8808997273445129,1.0,0.77
71344,0.8980995416641235,0.8808997273445129,1.0,0.77
71444,0.8980995416641235,0.8808997273445129,1.0,0.77
71544,0.8980995416641235,0.8808997273445129,1.0,0.77
71644,0.8980995416641235,0.8808997273445129,1.0,0.77
71744,0.8980995416641235,0.8808997273445129,1.0,0.77
71844,0.8980995416641235,0.8808997273445129,1.0,0.77
71944,0.8980995416641235,0.8808997273445129,1.0,0.77
72044,0.8980995416641235,0.8808997273445129,1.0,0.77
72144,0.8980995416641235,0.8808997273445129,1.0,0.77
72244,0.8980995416641235,0.8808997273445129,1.0,0.77
72344,0.8980995416641235,0.8808997273445129,1.0,0.77
72444,0.8980995416641235,0.8808997273445129,1.0,0.77
72544,0.8980995416641235,0.8808997273445129,1.0,0.77
72644,0.8980995416641235,0.8808997273445129,1.0,0.77
72744,0.8980995416641235,0.8808997273445129,1.0,0.77
72844,0.8980995416641235,0.8808997273445129,1.0,0.77
72944,0.8980995416641235,0.8808997273445129,1.0,0.77
73044,0.8980995416641235,0.8808997273445129,1.0,0.77
73144,0.8980995416641235,0.8808997273445129,1.0,0.77
73244,0.8980995416641235,0.8808997273445129,1.0,0.77
73344,0.8980995416641235,0.8808997273445129,1.0,0.77
73444,0.8980995416641235,0.8808997273445129,1.0,0.77
73544,0.8980995416641235,0.8808997273445129,1.0,0.77
73644,0.8980995416641235,0.8808997273445129,1.0,0.77
73744,0.8980995416641235,0.8808997273445129,1.0,0.77
73844,0.8980995416641235,0.8808997273445129,1.0,0.77
73944,0.8980995416641235,0.8808997273445129,1.0,0.77
74044,0.8980995416641235,0.8808997273445129,1.0,0.77
74144,0.8980995416641235,0.8808997273445129,1.0,0.77
74244,0.8980995416641235,0.8808997273445129,1.0,0.77
74344,0.8980995416641235,0.8808997273445129,1.0,0.77
74444,0.8980995416641235,0.8808997273445129,1.0,0.77
74544,0.8980995416641235,0.8808997273445129,1.0,0.77
74644,0.8980995416641235,0.8808997273445129,1.0,0.77
74744,0.8980995416641235,0.8808997273445129,1.0,0.77
74844,0.8980995416641235,0.8808997273445129,1.0,0.77
74944,0.8980995416641235,0.8808997273445129,1.0,0.77
75044,0.8980995416641235,0.8808997273445129,1.0,0.77
75144,0.8980995416641235,0.8808997273445129,1.0,0.77
75244,0.8980995416641235,0.8808997273445129,1.0,0.77
75344,0.8980995416641235,0.8808997273445129,1.0,0.77
75444,0.8980995416641235,0.8808997273445129,1.0,0.77
75544,0.8980995416641235,0.8808997273445129,1.0,0.77
75644,0.8980995416641235,0.8808997273445129,1.0,0.77
75744,0.8980995416641235,0.8808997273445129,1.0,0.77
75844,0.8980995416641235,0.8808997273445129,1.0,0.77
75944,0.8980995416641235,0.8808997273445129,1.0,0.77
76044,0.8980995416641235,0.8808997273445129,1.0,0.77
76144,0.8980995416641235,0.8808997273445129,1.0,0.77
76244,0.8980995416641235,0.8808997273445129,1.0,0.77
76344,0.8980995416641235,0.8808997273445129,1.0,0.77
76444,0.8980995416641235,0.8808997273445129,1.0,0.77
76544,0.8980995416641235,0.8808997273445129,1.0,0.77
76644,0.8980995416641235,0.8808997273445129,1.0,0.77
76744,0.8980995416641235,0.8808997273445129,1.0,0.77
76844,0.8980995416641235,0.8808997273445129,1.0,0.77
76944,0.8980995416641235,0.8808997273445129,1.0,0.77
77044,0.8980995416641235,0.8808997273445129,1.0,0.77
77144,0.8980995416641235,0.8808997273445129,1.0,0.77
77244,0.8980995416641235,0.8808997273445129,1.0,0.77
77344,0.8980995416641235,0.8808997273445129,1.0,0.77
77444,0.9048025608062744,0.7969191670417786,1.0,0.77
77544,0.9048025608062744,0.7969191670417786,1.0,0.77
77644,0.9048025608062744,0.7969191670417786,1.0,0.77
77744,0.9048025608062744,0.7969191670417786,1.0,0.77
77844,0.9048025608062744,0.7969191670417786,1.0,0.77
77944,0.9048025608062744,0.7969191670417786,1.0,0.77
78044,0.9048025608062744,0.7969191670417786,1.0,0.77
78144,0.9048025608062744,0.7969191670417786,1.0,0.77
78244,0.9048025608062744,0.7969191670417786,1.0,0.77
78344,0.945753812789917,0.8963397741317749,1.0,0.77
78444,0.945753812789917,0.8963397741317749,1.0,0.77
78544,0.945753812789917,0.8963397741317749,1.0,0.77
78644,0.945753812789917,0.8963397741317749,1.0,0.77
78744,0.945753812789917,0.8963397741317749,1.0,0.77
78844,0.945753812789917,0.8963397741317749,1.0,0.77
78944,0.945753812789917,0.8963397741317749,1.0,0.77
79044,0.945753812789917,0.8963397741317749,1.0,0.77
79144,0.945753812789917,0.8963397741317749,1.0,0.77
79244,0.945753812789917,0.8963397741317749,1.0,0.77
79344,0.945753812789917,0.8963397741317749,1.0,0.77
79444,0.945753812789917,0.8963397741317749,1.0,0.77
79544,0.945753812789917,0.8963397741317749,1.0,0.77
79644,0.945753812789917,0.8963397741317749,1.0,0.77
79744,0.945753812789917,0.8963397741317749,1.0,0.77
79844,0.945753812789917,0.8963397741317749,1.0,0.77
79944,0.945753812789917,0.8963397741317749,1.0,0.77
80044,0.945753812789917,0.8963397741317749,1.0,0.77
80144,0.945753812789917,0.8963397741317749,1.0,0.77
80244,0.945753812789917,0.8963397741317749,1.0,0.77
80344,0.945753812789917,0.8963397741317749,1.0,0.77
80444,0.945753812789917,0.8963397741317749,1.0,0.77
80544,0.945753812789917,0.8963397741317749,1.0,0.77
80644,0.945753812789917,0.8963397741317749,1.0,0.77
80744,0.945753812789917,0.8963397741317749,1.0,0.77
80844,0.945753812789917,0.8963397741317749,1.0,0.77
80944,0.945753812789917,0.8963397741317749,1.0,0.77
81044,0.945753812789917,0.8963397741317749,1.0,0.77
81144,0.945753812789917,0.8963397741317749,1.0,0.77
81244,0.945753812789917,0.8963397741317749,1.0,0.77
81344,0.945753812789917,0.8963397741317749,1.0,0.77
81444,0.945753812789917,0.8963397741317749,1.0,0.77
81544,0.945753812789917,0.8963397741317749,1.0,0.77
81644,0.945753812789917,0.8963397741317749,1.0,0.77
81744,0.945753812789917,0.8963397741317749,1.0,0.77
81844,0.945753812789917,0.8963397741317749,1.0,0.77
81944,0.945753812789917,0.8963397741317749,1.0,0.77
82044,0.945753812789917,0.8963397741317749,1.0,0.77
82144,0.945753812789917,0.8963397741317749,1.0,0.77
82244,0.945753812789917,0.8963397741317749,1.0,0.77
82344,0.945753812789917,0.8963397741317749,1.0,0.77
82444,0.945753812789917,0.8963397741317749,1.0,0.77
82544,0.945753812789917,0.8963397741317749,1.0,0.77
82644,0.945753812789917,0.8963397741317749,1.0,0.77
82744,0.945753812789917,0.8963397741317749,1.0,0.77
82844,0.945753812789917,0.8963397741317749,1.0,0.77
82944,0.945753812789917,0.8963397741317749,1.0,0.77
83044,0.945753812789917,0.8963397741317749,1.0,0.77
83144,0.945753812789917,0.8963397741317749,1.0,0.77
83244,0.945753812789917,0.8963397741317749,1.0,0.77
83344,0.945753812789917,0.8963397741317749,1.0,0.77
83444,0.945753812789917,0.8963397741317749,1.0,0.77
83544,0.945753812789917,0.8963397741317749,1.0,0.77
83644,0.945753812789917,0.8963397741317749,1.0,0.77
83744,0.945753812789917,0.8963397741317749,1.0,0.77
83844,0.945753812789917,0.8963397741317749,1.0,0.77
83944,0.945753812789917,0.8963397741317749,1.0,0.77
84044,0.945753812789917,0.8963397741317749,1.0,0.77
84144,0.945753812789917,0.8963397741317749,1.0,0.77
84244,0.945753812789917,0.8963397741317749,1.0,0.77
84344,0.945753812789917,0.8963397741317749,1.0,0.77
84444,0.945753812789917,0.8963397741317749,1.0,0.77
84544,0.945753812789917,0.8963397741317749,1.0,0.77
84644,0.945753812789917,0.8963397741317749,1.0,0.77
84744,0.945753812789917,0.8963397741317749,1.0,0.77
84844,0.945753812789917,0.8963397741317749,1.0,0.77
84944,0.945753812789917,0.8963397741317749,1.0,0.77
85044,0.945753812789917,0.8963397741317749,1.0,0.77
85144,0.945753812789917,0.8963397741317749,1.0,0.77
85244,0.945753812789917,0.8963397741317749,1.0,0.77
85344,0.9497216939926147,0.9607457518577576,1.0,0.77
85444,0.9497216939926147,0.9607457518577576,1.0,0.77
85544,0.9497216939926147,0.9607457518577576,1.0,0.77
85644,0.9497216939926147,0.9607457518577576,1.0,0.77
85744,0.9497216939926147,0.9607457518577576,1.0,0.77
85844,0.9497216939926147,0.9607457518577576,1.0,0.77
85944,0.9497216939926147,0.9607457518577576,1.0,0.77
86044,0.9497216939926147,0.9607457518577576,1.0,0.77
86144,0.9497216939926147,0.9607457518577576,1.0,0.77
86244,0.9497216939926147,0.9607457518577576,1.0,0.77
86344,0.9497216939926147,0.9607457518577576,1.0,0.77
86444,0.9497216939926147,0.9607457518577576,1.0,0.77
86544,0.9497216939926147,0.9607457518577576,1.0,0.77
86644,0.9497216939926147,0.9607457518577576,1.0,0.77
86744,0.9497216939926147,0.9607457518577576,1.0,0.77
86844,0.9497216939926147,0.9607457518577576,1.0,0.77
86944,0.9497216939926147,0.9607457518577576,1.0,0.77
87044,0.9497216939926147,0.9607457518577576,1.0,0.77
87144,0.9497216939926147,0.9607457518577576,1.0,0.77
87244,0.9497216939926147,0.9607457518577576,1.0,0.77
87344,0.9497216939926147,0.9607457518577576,1.0,0.77
87444,0.9497216939926147,0.9607457518577576,1.0,0.77
87544,0.9497216939926147,0.9607457518577576,1.0,0.77
87644,0.9497216939926147,0.9607457518577576,1.0,0.77
87744,0.9497216939926147,0.9607457518577576,1.0,0.77
87844,0.9497216939926147,0.9607457518577576,1.0,0.77
87944,0.9497216939926147,0.9607457518577576,1.0,0.77
88044,0.9497216939926147,0.9607457518577576,1.0,0.77
88144,0.9497216939926147,0.9607457518577576,1.0,0.77
88244,0.9497216939926147,0.9607457518577576,1.0,0.77
88344,0.9497216939926147,0.9607457518577576,1.0,0.77
88444,0.9497216939926147,0.9607457518577576,1.0,0.77
88544,0.9497216939926147,0.9607457518577576,1.0,0.77
88644,0.9497216939926147,0.9607457518577576,1.0,0.77
88744,0.9497216939926147,0.9607457518577576,1.0,0.77
88844,0.9497216939926147,0.9607457518577576,1.0,0.77
88944,0.9497216939926147,0.9607457518577576,1.0,0.77
89044,0.9497216939926147,0.9607457518577576,1.0,0.77
89144,0.9497216939926147,0.9607457518577576,1.0,0.77
89244,0.9497216939926147,0.9607457518577576,1.0,0.77
89344,0.9497216939926147,0.9607457518577576,1.0,0.77
89444,0.9497216939926147,0.9607457518577576,1.0,0.77
89544,0.9497216939926147,0.9607457518577576,1.0,0.77
89644,0.9497216939926147,0.9607457518577576,1.0,0.77
89744,0.9497216939926147,0.9607457518577576,1.0,0.77
89844,0.9497216939926147,0.9607457518577576,1.0,0.77
89944,0.9497216939926147,0.9607457518577576,1.0,0.77
90044,0.9497216939926147,0.9607457518577576,1.0,0.77
90144,0.9497216939926147,0.9607457518577576,1.0,0.77
90244,0.9497216939926147,0.9607457518577576,1.0,0.77
90344,0.9497216939926147,0.9607457518577576,1.0,0.77
90444,0.9497216939926147,0.9607457518577576,1.0,0.77
90544,0.9497216939926147,0.9607457518577576,1.0,0.77
90644,0.9497216939926147,0.9607457518577576,1.0,0.77
90744,0.9497216939926147,0.9607457518577576,1.0,0.77
90844,0.9497216939926147,0.9607457518577576,1.0,0.77
90944,0.9497216939926147,0.9607457518577576,1.0,0.77
91044,0.9497216939926147,0.9607457518577576,1.0,0.77
91144,0.9497216939926147,0.9607457518577576,1.0,0.77
91244,0.9497216939926147,0.9607457518577576,1.0,0.77
91344,0.9497216939926147,0.9607457518577576,1.0,0.77
91444,0.9497216939926147,0.9607457518577576,1.0,0.77
91544,0.9497216939926147,0.9607457518577576,1.0,0.77
91644,0.9497216939926147,0.9607457518577576,1.0,0.77
91744,0.9497216939926147,0.9607457518577576,1.0,0.77
91844,0.9497216939926147,0.9607457518577576,1.0,0.77
91944,0.9622745513916016,0.9673431515693665,1.0,0.77
92044,0.9622745513916016,0.9673431515693665,1.0,0.77
92144,0.9622745513916016,0.9673431515693665,1.0,0.77
92244,0.9622745513916016,-0.7977179288864136,0.92,0.78
92344,0.9622745513916016,-0.7977179288864136,0.96,0.78
92444,0.9622745513916016,-0.7977179288864136,0.97,0.78
92544,0.9622745513916016,-0.7977179288864136,0.98,0.78
92644,0.9622745513916016,-0.7977179288864136,0.98,0.78
92744,0.9622745513916016,-0.7977179288864136,0.98,0.78
92844,0.9622745513916016,-0.7977179288864136,0.98,0.78
92944,0.9622745513916016,-0.7977179288864136,0.98,0.78
93044,0.9622745513916016,-0.7977179288864136,0.98,0.78
93144,0.9622745513916016,-0.7977179288864136,0.98,0.78
93244,0.9622745513916016,-0.7977179288864136,0.98,0.78
93344,0.9622745513916016,-0.7977179288864136,0.98,0.78
93444,0.9622745513916016,-0.7977179288864136,0.97,0.78
93544,0.9622745513916016,-0.7977179288864136,0.97,0.78
93644,0.9622745513916016,-0.7977179288864136,0.98,0.78
93744,0.9622745513916016,-0.7977179288864136,0.98,0.78
93844,0.9622745513916016,-0.7977179288864136,0.98,0.78
93944,0.9622745513916016,-0.7977179288864136,0.98,0.78
94044,0.9622745513916016,-0.7977179288864136,0.98,0.78
94144,0.9622745513916016,-0.7977179288864136,0.98,0.78
94244,0.9622745513916016,-0.7977179288864136,0.98,0.78
94344,0.9622745513916016,-0.7977179288864136,0.98,0.78
94444,0.9622745513916016,-0.7977179288864136,0.98,0.78
94544,0.9622745513916016,-0.7977179288864136,0.98,0.78
94644,0.9622745513916016,-0.7977179288864136,0.98,0.78
94744,0.9622745513916016,-0.7977179288864136,0.98,0.78
94844,0.9622745513916016,-0.7977179288864136,0.98,0.78
94944,0.9622745513916016,-0.7977179288864136,0.98,0.78
95044,0.9622745513916016,-0.7977179288864136,0.98,0.78
95144,0.9622745513916016,-0.7977179288864136,0.98,0.78
95244,0.9622745513916016,-0.7977179288864136,0.98,0.78
95344,0.9622745513916016,-0.7977179288864136,0.98,0.78
95444,0.9622745513916016,-0.7977179288864136,0.98,0.78
95544,0.9622745513916016,-0.7977179288864136,0.98,0.78
95644,0.9622745513916016,-0.7977179288864136,0.98,0.78
95744,0.9622745513916016,-0.7977179288864136,0.98,0.78
95844,0.9622745513916016,-0.7977179288864136,0.98,0.78
95944,0.9622745513916016,-0.7977179288864136,0.98,0.78
96044,0.9622745513916016,-0.7977179288864136,0.98,0.78
96144,0.9622745513916016,-0.7977179288864136,0.98,0.78
96244,0.9622745513916016,-0.7977179288864136,0.98,0.78
96344,0.9622745513916016,-0.7977179288864136,0.98,0.78
96444,0.9622745513916016,-0.7977179288864136,0.98,0.78
96544,0.9622745513916016,-0.7977179288864136,0.98,0.78
96644,0.9622745513916016,-0.7977179288864136,0.99,0.78
96744,0.9622745513916016,-0.7977179288864136,0.99,0.78
96844,0.9622745513916016,-0.7977179288864136,0.99,0.78
96944,0.9622745513916016,-0.7977179288864136,0.99,0.78
97044,0.9622745513916016,-0.7977179288864136,0.99,0.78
97144,0.9622745513916016,-0.7977179288864136,0.99,0.78
97244,0.9622745513916016,-0.7977179288864136,0.99,0.78
97344,0.9622745513916016,-0.7977179288864136,0.99,0.78
97444,0.9622745513916016,-0.7977179288864136,0.99,0.78
97544,0.9622745513916016,-0.7977179288864136,0.99,0.78
97644,0.9622745513916016,-0.7977179288864136,0.99,0.78
97744,0.9622745513916016,-0.7977179288864136,0.99,0.78
97844,0.9622745513916016,-0.7977179288864136,0.99,0.78
97944,0.9622745513916016,-0.7977179288864136,0.99,0.78
98044,0.9622745513916016,-0.7977179288864136,0.99,0.78
98144,0.9622745513916016,-0.7977179288864136,0.99,0.78
98244,0.9622745513916016,-0.7977179288864136,0.99,0.78
98344,0.9622745513916016,-0.7977179288864136,0.99,0.78
98444,0.9622745513916016,-0.7977179288864136,0.99,0.78
98544,0.9622745513916016,-0.7977179288864136,0.99,0.78
98644,0.9622745513916016,-0.7977179288864136,0.99,0.78
98744,0.9622745513916016,-0.7977179288864136,0.99,0.78
98844,0.9622745513916016,-0.7977179288864136,0.99,0.78
98944,0.9622745513916016,-0.7977179288864136,0.99,0.78
99044,0.9622745513916016,-0.7977179288864136,0.99,0.78
99144,0.9622745513916016,-0.7977179288864136,0.99,0.78
99244,0.9622745513916016,-0.7977179288864136,0.99,0.78
99344,0.9622745513916016,-0.7977179288864136,0.99,0.78
99444,0.9622745513916016,-0.7977179288864136,0.99,0.78
99544,0.9622745513916016,-0.7977179288864136,0.99,0.78
99644,0.9622745513916016,-0.7977179288864136,0.99,0.78
99744,0.9622745513916016,-0.7977179288864136,0.99,0.78
99844,0.9622745513916016,-0.7977179288864136,0.99,0.78
99944,0.9622745513916016,-0.7977179288864136,0.99,0.78
100044,0.9622745513916016,-0.7977179288864136,0.99,0.78
100144,0.9622745513916016,-0.7977179288864136,0.99,0.78
100244,0.9622745513916016,-0.7977179288864136,0.99,0.78
100344,0.9622745513916016,-0.7977179288864136,0.99,0.78
100444,0.9622745513916016,-0.7977179288864136,0.99,0.78
100544,0.9622745513916016,-0.7977179288864136,0.99,0.78
100644,0.9622745513916016,-0.7977179288864136,0.99,0.78
100744,0.9622745513916016,-0.7977179288864136,0.99,0.78
100844,0.9622745513916016,-0.7977179288864136,0.99,0.78
100944,0.9622745513916016,-0.7977179288864136,0.99,0.78
101044,0.9622745513916016,-0.7977179288864136,0.99,0.78
101144,0.9622745513916016,-0.7977179288864136,0.99,0.78
101244,0.9622745513916016,-0.7977179288864136,0.99,0.78
101344,0.9622745513916016,-0.7977179288864136,0.99,0.78
101444,0.9622745513916016,-0.7977179288864136,0.99,0.78
101544,0.9622745513916016,-0.7977179288864136,0.99,0.78
101644,0.9622745513916016,-0.7977179288864136,0.99,0.78
101744,0.9622745513916016,-0.7977179288864136,0.99,0.78
101844,0.9622745513916016,-0.7977179288864136,0.99,0.78
101944,0.9622745513916016,-0.7977179288864136,0.99,0.78
102044,0.9622745513916016,-0.7977179288864136,0.99,0.78
102144,0.9622745513916016,-0.7977179288864136,0.99,0.78
102244,0.9622745513916016,-0.7977179288864136,0.99,0.78
102344,0.9622745513916016,-0.7977179288864136,0.99,0.78
102444,0.9622745513916016,-0.7977179288864136,0.99,0.78
102544,0.9622745513916016,-0.7977179288864136,0.99,0.78
102644,0.9622745513916016,-0.7977179288864136,0.99,0.78
102744,0.9622745513916016,-0.7977179288864136,0.99,0.78
102844,0.9622745513916016,-0.7977179288864136,0.99,0.78
102944,0.9622745513916016,-0.7977179288864136,0.99,0.78
103044,0.9622745513916016,-0.7977179288864136,0.99,0.78
103144,0.9622745513916016,-0.7977179288864136,0.99,0.78
103244,0.9622745513916016,-0.7977179288864136,0.99,0.78
103344,0.9622745513916016,-0.7977179288864136,0.99,0.78
103444,0.9622745513916016,-0.7977179288864136,0.99,0.78
103544,0.9622745513916016,-0.7977179288864136,0.99,0.78
103644,0.9622745513916016,-0.7977179288864136,0.99,0.78
103744,0.9622745513916016,-0.7977179288864136,0.99,0.78
103844,0.9622745513916016,-0.7977179288864136,0.99,0.78
103944,0.9622745513916016,-0.7977179288864136,0.99,0.78
104044,0.9622745513916016,-0.7977179288864136,0.99,0.78
104144,0.9622745513916016,-0.7977179288864136,0.99,0.78
104244,0.9622745513916016,-0.7977179288864136,0.99,0.78
104344,0.9622745513916016,-0.7977179288864136,0.99,0.78
104444,0.9622745513916016,-0.7977179288864136,0.99,0.78
104544,0.9622745513916016,-0.7977179288864136,0.99,0.78
104644,0.9622745513916016,-0.7977179288864136,0.99,0.78
104744,0.9622745513916016,-0.7977179288864136,0.99,0.78
104844,0.9622745513916016,-0.7977179288864136,0.99,0.78
104944,0.9622745513916016,-0.7977179288864136,0.99,0.78
105044,0.9622745513916016,-0.7977179288864136,0.99,0.78
105144,0.9622745513916016,-0.7977179288864136,0.99,0.78
105244,0.9622745513916016,-0.7977179288864136,0.99,0.78
105344,0.9622745513916016,-0.7977179288864136,0.99,0.78
105444,0.9622745513916016,-0.7977179288864136,0.99,0.78
105544,0.9622745513916016,-0.7977179288864136,0.99,0.78
105644,0.9622745513916016,-0.7977179288864136,0.99,0.78
105744,0.9622745513916016,-0.7977179288864136,0.99,0.78
105844,0.9622745513916016,-0.7977179288864136,0.99,0.78
105944,0.9622745513916016,-0.7977179288864136,0.99,0.78
106044,0.9622745513916016,-0.7977179288864136,0.99,0.78
106144,0.9622745513916016,-0.7977179288864136,0.99,0.78
106244,0.9622745513916016,-0.7977179288864136,0.99,0.78
106344,0.9622745513916016,-0.7977179288864136,0.99,0.78
106444,0.9622745513916016,-0.7977179288864136,0.99,0.78
106544,0.9622745513916016,-0.7977179288864136,0.99,0.78
106644,0.9622745513916016,-0.7977179288864136,0.99,0.78
106744,0.9622745513916016,-0.7977179288864136,0.99,0.78
106844,0.9622745513916016,-0.7977179288864136,0.99,0.78
106944,0.9622745513916016,-0.7977179288864136,0.99,0.78
107044,0.9622745513916016,-0.7977179288864136,0.99,0.78
107144,0.9622745513916016,-0.7977179288864136,0.99,0.78
107244,0.9622745513916016,-0.7977179288864136,0.99,0.78
107344,0.9622745513916016,-0.7977179288864136,0.99,0.78
107444,0.9622745513916016,-0.7977179288864136,0.99,0.78
107544,0.9622745513916016,-0.7977179288864136,0.99,0.78
107644,0.9622745513916016,-0.7977179288864136,0.99,0.78
107744,0.9622745513916016,-0.7977179288864136,0.99,0.78
107844,0.9622745513916016,-0.7977179288864136,0.99,0.78
107944,0.9622745513916016,-0.7977179288864136,0.99,0.78
108044,0.9622745513916016,-0.7977179288864136,0.99,0.78
108144,0.9622745513916016,-0.7977179288864136,0.99,0.78
108244,0.9622745513916016,-0.7977179288864136,0.99,0.78
108344,0.9622745513916016,-0.7977179288864136,0.99,0.78
108444,0.9622745513916016,-0.7977179288864136,0.99,0.78
108544,0.9622745513916016,-0.7977179288864136,0.99,0.78
108644,0.9622745513916016,-0.7977179288864136,0.99,0.78
108744,0.9622745513916016,-0.7977179288864136,0.99,0.78
108844,0.9622745513916016,-0.7977179288864136,0.99,0.78
108944,0.9622745513916016,-0.7977179288864136,0.99,0.78
109044,0.9622745513916016,-0.7977179288864136,0.99,0.78
109144,0.9622745513916016,-0.7977179288864136,0.99,0.78
109244,0.9622745513916016,-0.7977179288864136,0.99,0.78
109344,0.9622745513916016,-0.7977179288864136,0.99,0.78
109444,0.9622745513916016,-0.7977179288864136,0.99,0.78
109544,0.9622745513916016,-0.7977179288864136,0.99,0.78
109644,0.9622745513916016,-0.7977179288864136,0.99,0.78
109744,0.9622745513916016,-0.7977179288864136,0.99,0.78
109844,0.9622745513916016,-0.7977179288864136,0.99,0.78
109944,0.9622745513916016,-0.7977179288864136,0.99,0.78
110044,0.9622745513916016,-0.7977179288864136,0.99,0.78
110144,0.9622745513916016,-0.7977179288864136,0.99,0.78
110244,0.9622745513916016,-0.7977179288864136,0.99,0.78
110344,0.9622745513916016,-0.7977179288864136,0.99,0.78
110444,0.9622745513916016,-0.7977179288864136,0.99,0.78
110544,0.9622745513916016,-0.7977179288864136,0.99,0.78
110644,0.9622745513916016,-0.7977179288864136,0.99,0.78
110744,0.9622745513916016,-0.7977179288864136,0.99,0.78
110844,0.9622745513916016,-0.7977179288864136,0.99,0.78
110944,0.9622745513916016,-0.7977179288864136,0.99,0.78
111044,0.9622745513916016,-0.7977179288864136,0.99,0.78
111144,0.9622745513916016,-0.7977179288864136,0.99,0.78
111244,0.9622745513916016,-0.7977179288864136,0.99,0.78
111344,0.9622745513916016,-0.7977179288864136,0.99,0.78
111444,0.9622745513916016,-0.7977179288864136,0.99,0.78
111544,0.9622745513916016,-0.7977179288864136,0.99,0.78
111644,0.9622745513916016,-0.7977179288864136,0.99,0.78
111744,0.9622745513916016,-0.7977179288864136,0.99,0.78
111844,0.9622745513916016,-0.7977179288864136,0.99,0.78
111944,0.9622745513916016,-0.7977179288864136,0.99,0.78
112044,0.9622745513916016,-0.7977179288864136,0.99,0.78
112144,0.9622745513916016,-0.7977179288864136,0.99,0.78
112244,0.9622745513916016,-0.7977179288864136,0.99,0.78
112344,0.9622745513916016,-0.7977179288864136,0.99,0.78
112444,0.9622745513916016,-0.7977179288864136,0.99,0.78
112544,0.9622745513916016,-0.7977179288864136,0.99,0.78
112644,0.9622745513916016,-0.7977179288864136,0.99,0.78
112744,0.9622745513916016,-0.7977179288864136,0.99,0.78
112844,0.9622745513916016,-0.7977179288864136,0.99,0.78
112944,0.9622745513916016,-0.7977179288864136,0.99,0.78
113044,0.9622745513916016,-0.7977179288864136,0.99,0.78
113144,0.9622745513916016,-0.7977179288864136,0.99,0.78
113244,0.9622745513916016,-0.7977179288864136,0.99,0.78
113344,0.9622745513916016,-0.7977179288864136,0.99,0.78
113444,0.9622745513916016,-0.7977179288864136,0.99,0.78
113544,0.9622745513916016,-0.7977179288864136,0.99,0.78
113644,0.9622745513916016,-0.7977179288864136,0.99,0.78
113744,0.9622745513916016,-0.7977179288864136,0.99,0.78
113844,0.9622745513916016,-0.7977179288864136,0.99,0.78
113944,0.9622745513916016,-0.7977179288864136,1.0,0.78
114044,0.9622745513916016,-0.7977179288864136,1.0,0.78
114144,0.9622745513916016,-0.7977179288864136,1.0,0.78
114244,0.9622745513916016,-0.7977179288864136,1.0,0.78
114344,0.9622745513916016,-0.7977179288864136,1.0,0.78
114444,0.9622745513916016,-0.7977179288864136,1.0,0.78
114544,0.9622745513916016,-0.7977179288864136,1.0,0.78
114644,0.9622745513916016,-0.7977179288864136,1.0,0.78
114744,0.9622745513916016,-0.7977179288864136,1.0,0.78
114844,0.9622745513916016,-0.7977179288864136,1.0,0.78
114944,0.9622745513916016,-0.7977179288864136,1.0,0.78
115044,0.9622745513916016,-0.7977179288864136,1.0,0.78
115144,0.9622745513916016,-0.7977179288864136,1.0,0.78
115244,0.9622745513916016,-0.7977179288864136,1.0,0.78
115344,0.9622745513916016,-0.7977179288864136,1.0,0.78
115444,0.9622745513916016,-0.7977179288864136,1.0,0.78
115544,0.9622745513916016,-0.7977179288864136,1.0,0.78
115644,0.9622745513916016,-0.7977179288864136,1.0,0.78
115744,0.9622745513916016,-0.7977179288864136,1.0,0.78
115844,0.9622745513916016,-0.7977179288864136,1.0,0.78
115944,0.9622745513916016,-0.7977179288864136,1.0,0.78
116044,0.9622745513916016,-0.7977179288864136,1.0,0.78
116144,0.9622745513916016,-0.7977179288864136,1.0,0.78
116244,0.9713670015335083,0.9703900814056396,1.0,0.78
116344,0.9713670015335083,0.9703900814056396,1.0,0.78
116444,0.9713670015335083,0.9703900814056396,1.0,0.78
116544,0.9713670015335083,0.9703900814056396,1.0,0.78
116644,0.9713670015335083,0.9703900814056396,1.0,0.78
116744,0.9713670015335083,0.9703900814056396,1.0,0.78
116844,0.9713670015335083,0.9703900814056396,1.0,0.78
116944,0.9713670015335083,0.9703900814056396,1.0,0.78
117044,0.9713670015335083,0.9703900814056396,1.0,0.78
117144,0.9713670015335083,0.9703900814056396,1.0,0.78
117244,0.9713670015335083,0.9703900814056396,1.0,0.78
117344,0.9713670015335083,0.9703900814056396,1.0,0.78
117444,0.9713670015335083,0.9703900814056396,1.0,0.78
117544,0.9713670015335083,0.9703900814056396,1.0,0.78
117644,0.9713670015335083,0.9703900814056396,1.0,0.78
117744,0.9713670015335083,0.9703900814056396,1.0,0.78
117844,0.9713670015335083,0.9703900814056396,1.0,0.78
117944,0.9713670015335083,0.9703900814056396,1.0,0.78
118044,0.9713670015335083,0.9703900814056396,1.0,0.78
118144,0.9713670015335083,0.9703900814056396,1.0,0.78
118244,0.9713670015335083,0.9703900814056396,1.0,0.78
118344,0.9713670015335083,0.9703900814056396,1.0,0.78
118444,0.9713670015335083,0.9703900814056396,1.0,0.78
118544,0.9713670015335083,0.9703900814056396,1.0,0.78
118644,0.9713670015335083,0.9703900814056396,1.0,0.78
118744,0.9713670015335083,0.9703900814056396,1.0,0.78
118844,0.9713670015335083,0.9703900814056396,1.0,0.78
118944,0.9713670015335083,0.9703900814056396,1.0,0.78
119044,0.9713670015335083,0.9703900814056396,1.0,0.78
119144,0.9713670015335083,0.9703900814056396,1.0,0.78
119244,0.9713670015335083,0.9703900814056396,1.0,0.78
119344,0.9713670015335083,0.9703900814056396,1.0,0.78
119444,0.9713670015335083,0.9703900814056396,1.0,0.78
119544,0.9713670015335083,0.9703900814056396,1.0,0.78
119644,0.9713670015335083,0.9703900814056396,1.0,0.78
119744,0.9713670015335083,0.9703900814056396,1.0,0.78
119844,0.9713670015335083,0.9703900814056396,1.0,0.78
119944,0.9713670015335083,0.9703900814056396,1.0,0.78
128784,0.9865453243255615,0.9852713346481323,0.77,0.77
128884,0.9865453243255615,0.9852713346481323,0.83,0.77
128984,0.9865453243255615,0.9852713346481323,0.91,0.77
129084,0.9865453243255615,0.9852713346481323,0.95,0.77
129184,0.9865453243255615,0.9852713346481323,0.97,0.77
129284,0.9865453243255615,0.9852713346481323,1.0,0.77
129384,0.9865453243255615,0.9852713346481323,1.0,0.77
129484,0.9865453243255615,0.9852713346481323,1.0,0.77
129584,0.9865453243255615,0.9852713346481323,1.0,0.77
129684,0.9865453243255615,0.9852713346481323,1.0,0.77
129784,0.9865453243255615,0.9852713346481323,1.0,0.77
129884,0.9865453243255615,0.9852713346481323,1.0,0.77
129984,0.9865453243255615,0.9852713346481323,1.0,0.77
130084,0.9865453243255615,0.9852713346481323,1.0,0.77
130184,0.9865453243255615,0.9852713346481323,1.0,0.77
130284,0.9865453243255615,0.9852713346481323,1.0,0.77
130384,0.9865453243255615,0.9852713346481323,1.0,0.77
130484,0.9865453243255615,0.9852713346481323,1.0,0.77
130584,0.9865453243255615,0.9852713346481323,1.0,0.77
130684,0.9865453243255615,0.9852713346481323,1.0,0.77
130784,0.9865453243255615,0.9852713346481323,1.0,0.77
130884,0.9865453243255615,0.9852713346481323,1.0,0.77
130984,0.9865453243255615,0.9852713346481323,1.0,0.77
131084,0.9865453243255615,0.9852713346481323,1.0,0.77
131184,0.9865453243255615,0.9852713346481323,1.0,0.77
131284,0.9865453243255615,0.9852713346481323,1.0,0.77
131384,0.9865453243255615,0.9852713346481323,1.0,0.77
131484,0.9865453243255615,0.9852713346481323,1.0,0.77
131584,0.9865453243255615,0.9852713346481323,1.0,0.77
131684,0.9865453243255615,0.9852713346481323,1.0,0.77
131784,0.9865453243255615,0.9852713346481323,1.0,0.77
131884,0.9865453243255615,0.9852713346481323,1.0,0.77
131984,0.9865453243255615,0.9852713346481323,1.0,0.77
132084,0.9865453243255615,0.9852713346481323,1.0,0.77
132184,0.9865453243255615,0.9852713346481323,1.0,0.77
132284,0.9865453243255615,0.9852713346481323,1.0,0.77
132384,0.9865453243255615,0.9852713346481323,1.0,0.77
132484,0.9865453243255615,0.9852713346481323,1.0,0.77
132584,0.9865453243255615,0.9852713346481323,1.0,0.77
132684,0.9865453243255615,0.9852713346481323,1.0,0.77
132784,0.9865453243255615,0.9852713346481323,1.0,0.77
132884,0.9865453243255615,0.9852713346481323,1.0,0.77
132984,0.9865453243255615,0.9852713346481323,1.0,0.77
133084,0.9865453243255615,0.9852713346481323,1.0,0.77
133184,0.9865453243255615,0.9852713346481323,1.0,0.77
133284,0.9865453243255615,0.9852713346481323,1.0,0.77
133384,0.9865453243255615,0.9852713346481323,1.0,0.77
133484,0.9865453243255615,0.9852713346481323,1.0,0.77
133584,0.9865453243255615,0.9852713346481323,1.0,0.77
133684,0.9865453243255615,0.9852713346481323,1.0,0.77
133784,0.9865453243255615,0.9852713346481323,1.0,0.77
133884,0.9865453243255615,0.9852713346481323,1.0,0.77
133984,0.9865453243255615,0.9852713346481323,1.0,0.77
134084,0.9865453243255615,0.9852713346481323,1.0,0.77
134184,0.9865453243255615,0.9852713346481323,1.0,0.77
134284,0.9865453243255615,0.9852713346481323,1.0,0.77
134384,0.9865453243255615,0.9852713346481323,1.0,0.77
134484,0.9865453243255615,0.9852713346481323,1.0,0.77
134584,0.9865453243255615,0.9852713346481323,1.0,0.77
134684,0.9865453243255615,0.9852713346481323,1.0,0.77
134784,0.9865453243255615,0.9852713346481323,1.0,0.77
134884,0.9865453243255615,0.9852713346481323,1.0,0.77
134984,0.9865453243255615,0.9852713346481323,1.0,0.77
135084,0.9865453243255615,0.9852713346481323,1.0,0.77
135184,0.9865453243255615,0.9852713346481323,1.0,0.77
135284,0.9865453243255615,0.9852713346481323,1.0,0.77
135384,0.9865453243255615,0.9852713346481323,1.0,0.77
135484,0.9865453243255615,0.9852713346481323,1.0,0.77
135584,0.9865453243255615,0.9852713346481323,1.0,0.77
135684,0.9865453243255615,0.9852713346481323,1.0,0.77
135784,0.9865453243255615,0.9852713346481323,1.0,0.77
135884,0.9865453243255615,0.9852713346481323,1.0,0.77
135984,0.9865453243255615,0.9852713346481323,0.99,0.77
136084,0.9865453243255615,0.9852713346481323,0.99,0.77
136184,0.9865453243255615,0.9852713346481323,1.0,0.77
136284,0.9865453243255615,0.9852713346481323,1.0,0.77
136384,0.9865453243255615,0.9852713346481323,1.0,0.77
136484,0.9865453243255615,0.9852713346481323,1.0,0.77
136584,0.9865453243255615,0.9852713346481323,1.0,0.77
136684,0.9865453243255615,0.9852713346481323,1.0,0.77
136784,0.9865453243255615,0.9852713346481323,1.0,0.77
136884,0.9865453243255615,0.9852713346481323,1.0,0.77
136984,0.9865453243255615,0.9852713346481323,0.99,0.77
137084,0.9865453243255615,0.9852713346481323,1.0,0.77
137184,0.9865453243255615,0.9852713346481323,1.0,0.77
137284,0.9865453243255615,0.9852713346481323,1.0,0.77
137384,0.9865453243255615,0.9852713346481323,1.0,0.77
137484,0.9865453243255615,0.9852713346481323,1.0,0.77
137584,0.9865453243255615,0.9852713346481323,1.0,0.77
137684,0.9865453243255615,0.9852713346481323,1.0,0.77
137784,0.9865453243255615,0.9852713346481323,1.0,0.77
137884,0.9865453243255615,0.9852713346481323,1.0,0.77
137984,0.9865453243255615,0.9852713346481323,1.0,0.77
138084,0.9865453243255615,0.9852713346481323,0.99,0.77
138184,0.9865453243255615,0.9852713346481323,1.0,0.77
138284,0.9865453243255615,0.9852713346481323,1.0,0.77
138384,0.9865453243255615,0.9852713346481323,0.99,0.77
138484,0.9865453243255615,0.9852713346481323,0.99,0.77
138584,0.9865453243255615,0.9852713346481323,1.0,0.77
138684,0.9865453243255615,0.9852713346481323,1.0,0.77
138784,0.9865453243255615,0.9852713346481323,1.0,0.77
138884,0.9865453243255615,0.9852713346481323,1.0,0.77
138984,0.9865453243255615,0.9852713346481323,1.0,0.77
139084,0.9865453243255615,0.9852713346481323,1.0,0.77
139184,0.9865453243255615,0.9852713346481323,0.99,0.77
139284,0.9865453243255615,0.9852713346481323,1.0,0.77
139384,0.9865453243255615,0.9852713346481323,0.99,0.77
139484,0.9865453243255615,0.9852713346481323,0.99,0.77
139584,0.9865453243255615,0.9852713346481323,0.99,0.77
139684,0.9865453243255615,0.9852713346481323,1.0,0.77
139784,0.9865453243255615,0.9852713346481323,1.0,0.77
139884,0.9865453243255615,0.9852713346481323,1.0,0.77
139984,0.9865453243255615,0.9852713346481323,1.0,0.77
140084,0.9865453243255615,0.9852713346481323,1.0,0.77
140184,0.9865453243255615,0.9852713346481323,1.0,0.77
140284,0.9865453243255615,0.9852713346481323,1.0,0.77
140384,0.9865453243255615,0.9852713346481323,1.0,0.77
140484,0.9865453243255615,0.9852713346481323,1.0,0.77
140584,0.9865453243255615,0.9852713346481323,1.0,0.77
140684,0.9865453243255615,0.9852713346481323,1.0,0.77
140784,0.9865453243255615,0.9852713346481323,1.0,0.77
140884,0.9865453243255615,0.9852713346481323,1.0,0.77
140984,0.9865453243255615,0.9852713346481323,1.0,0.77
141084,0.9865453243255615,0.9852713346481323,1.0,0.77
141184,0.9865453243255615,0.9852713346481323,1.0,0.77
141284,0.9865453243255615,0.9852713346481323,1.0,0.77
141384,0.9865453243255615,0.9852713346481323,1.0,0.77
141484,0.9865453243255615,0.9852713346481323,1.0,0.77
141584,0.9865453243255615,0.9852713346481323,1.0,0.77
141684,0.9865453243255615,0.9852713346481323,1.0,0.77
141784,0.9865453243255615,0.9852713346481323,1.0,0.77
141884,0.9865453243255615,0.9852713346481323,1.0,0.77
141984,0.9865453243255615,0.9852713346481323,1.0,0.77
142084,0.9865453243255615,0.9852713346481323,0.99,0.77
142184,0.9865453243255615,0.9852713346481323,1.0,0.77
142284,0.9865453243255615,0.9852713346481323,1.0,0.77
142384,0.9865453243255615,0.9852713346481323,1.0,0.77
142484,0.9865453243255615,0.9852713346481323,1.0,0.77
142584,0.9865453243255615,0.9852713346481323,1.0,0.77
142684,0.9865453243255615,0.9852713346481323,1.0,0.77
142784,0.9865453243255615,0.9852713346481323,1.0,0.77
142884,0.9865453243255615,0.9852713346481323,1.0,0.77
142984,0.9865453243255615,0.9852713346481323,1.0,0.77
143084,0.9865453243255615,0.9852713346481323,1.0,0.77
143184,0.9865453243255615,0.9852713346481323,1.0,0.77
143284,0.9865453243255615,0.9852713346481323,1.0,0.77
143384,0.9865453243255615,0.9852713346481323,1.0,0.77
143484,0.9865453243255615,0.9852713346481323,1.0,0.77
143584,0.9865453243255615,0.9852713346481323,1.0,0.77
143684,0.9865453243255615,0.9852713346481323,1.0,0.77
143784,0.9865453243255615,0.9852713346481323,1.0,0.77
143884,0.9865453243255615,0.9852713346481323,1.0,0.77
143984,0.9865453243255615,0.9852713346481323,1.0,0.77
144084,0.9865453243255615,0.9852713346481323,1.0,0.77
144184,0.9865453243255615,0.9852713346481323,1.0,0.77
144284,0.9865453243255615,0.9852713346481323,1.0,0.77
144384,0.9865453243255615,0.9852713346481323,1.0,0.77
144484,0.9865453243255615,0.9852713346481323,1.0,0.77
144584,0.9865453243255615,0.9852713346481323,1.0,0.77
144684,0.9865453243255615,0.9852713346481323,1.0,0.77
144784,0.9865453243255615,0.9852713346481323,1.0,0.77
144884,0.9865453243255615,0.9852713346481323,1.0,0.77
144984,0.9865453243255615,0.9852713346481323,1.0,0.77
145084,0.9865453243255615,0.9852713346481323,1.0,0.77
145184,0.9865453243255615,0.9852713346481323,1.0,0.77
145284,0.9865453243255615,0.9852713346481323,1.0,0.77
145384,0.9865453243255615,0.9852713346481323,1.0,0.77
145484,0.9865453243255615,0.9852713346481323,1.0,0.77
145584,0.9865453243255615,0.9852713346481323,1.0,0.77
145684,0.9865453243255615,0.9852713346481323,1.0,0.77
145784,0.9865453243255615,0.9852713346481323,1.0,0.77
145884,0.9865453243255615,0.9852713346481323,1.0,0.77
145984,0.9865453243255615,0.9852713346481323,1.0,0.77
146084,0.9865453243255615,0.9852713346481323,1.0,0.77
146184,0.9865453243255615,0.9852713346481323,1.0,0.77
146284,0.9865453243255615,0.9852713346481323,1.0,0.77
146384,0.9865453243255615,0.9852713346481323,1.0,0.77
146484,0.9865453243255615,0.9852713346481323,1.0,0.77
146584,0.9865453243255615,0.9852713346481323,1.0,0.77
146684,0.9865453243255615,0.9852713346481323,1.0,0.77
146784,0.9865453243255615,0.9852713346481323,1.0,0.77
146884,0.9865453243255615,0.9852713346481323,1.0,0.77
146984,0.9865453243255615,0.9852713346481323,1.0,0.77
147084,0.9865453243255615,0.9852713346481323,1.0,0.77
147184,0.9865453243255615,0.9852713346481323,1.0,0.77
147284,0.9865453243255615,0.9852713346481323,1.0,0.77
147384,0.9865453243255615,0.9852713346481323,1.0,0.77
147484,0.9865453243255615,0.9852713346481323,1.0,0.77
147584,0.9865453243255615,0.9852713346481323,1.0,0.77
147684,0.9865453243255615,0.9852713346481323,1.0,0.77
147784,0.9865453243255615,0.9852713346481323,1.0,0.77
147884,0.9865453243255615,0.9852713346481323,1.0,0.77
147984,0.9865453243255615,0.9852713346481323,1.0,0.77
148084,0.9865453243255615,0.9852713346481323,1.0,0.77
148184,0.9865453243255615,0.9852713346481323,1.0,0.77
148284,0.9865453243255615,0.9852713346481323,1.0,0.77
148384,0.9865453243255615,0.9852713346481323,1.0,0.77
148484,0.9865453243255615,0.9852713346481323,1.0,0.77
148584,0.9865453243255615,0.9852713346481323,1.0,0.77
148684,0.9865453243255615,0.9852713346481323,1.0,0.77
148784,0.9865453243255615,0.9852713346481323,1.0,0.77
148884,0.9865453243255615,0.9852713346481323,1.0,0.77
148984,0.9865453243255615,0.9852713346481323,1.0,0.77
149084,0.9865453243255615,0.9852713346481323,1.0,0.77
149184,0.9865453243255615,0.9852713346481323,1.0,0.77
149284,0.9865453243255615,0.9852713346481323,1.0,0.77
149384,0.9865453243255615,0.9852713346481323,1.0,0.77
149484,0.9865453243255615,0.9852713346481323,1.0,0.77
149584,0.9865453243255615,0.9852713346481323,1.0,0.77
149684,0.9865453243255615,0.9852713346481323,1.0,0.77
149784,0.9865453243255615,0.9852713346481323,1.0,0.77
149884,0.9865453243255615,0.9852713346481323,1.0,0.77
149984,0.9865453243255615,0.9852713346481323,1.0,0.77
150084,0.9865453243255615,0.9852713346481323,1.0,0.77
150184,0.9865453243255615,0.9852713346481323,1.0,0.77
150284,0.9865453243255615,0.9852713346481323,1.0,0.77
150384,0.9865453243255615,0.9852713346481323,1.0,0.77
150484,0.9865453243255615,0.9852713346481323,1.0,0.77
150584,0.9865453243255615,0.9852713346481323,1.0,0.77
150684,0.9865453243255615,0.9852713346481323,1.0,0.77
150784,0.9865453243255615,0.9852713346481323,1.0,0.77
150884,0.9865453243255615,0.9852713346481323,1.0,0.77
150984,0.9865453243255615,0.9852713346481323,1.0,0.77
151084,0.9865453243255615,0.9852713346481323,1.0,0.77
151184,0.9865453243255615,0.9852713346481323,1.0,0.77
151284,0.9865453243255615,0.9852713346481323,1.0,0.77
151384,0.9865453243255615,0.9852713346481323,1.0,0.77
151484,0.9865453243255615,0.9852713346481323,1.0,0.77
151584,0.9865453243255615,0.9852713346481323,1.0,0.77
151684,0.9865453243255615,0.9852713346481323,1.0,0.77
151784,0.9865453243255615,0.9852713346481323,1.0,0.77
151884,0.9865453243255615,0.9852713346481323,1.0,0.77
151984,0.9865453243255615,0.9852713346481323,1.0,0.77
152084,0.9865453243255615,0.9852713346481323,1.0,0.77
152184,0.9865453243255615,0.9852713346481323,1.0,0.77
152284,0.9865453243255615,0.9852713346481323,1.0,0.77
152384,0.9865453243255615,0.9852713346481323,1.0,0.77
152484,0.9865453243255615,0.9852713346481323,1.0,0.77
152584,0.9865453243255615,0.9852713346481323,1.0,0.77
152684,0.9865453243255615,0.9852713346481323,1.0,0.77
152784,0.9865453243255615,0.9852713346481323,1.0,0.77
152884,0.9865453243255615,0.9852713346481323,1.0,0.77
152984,0.9865453243255615,0.9852713346481323,1.0,0.77
153084,0.9865453243255615,0.9852713346481323,1.0,0.77
153184,0.9865453243255615,0.9852713346481323,1.0,0.77
153284,0.9865453243255615,0.9852713346481323,1.0,0.77
153384,0.9865453243255615,0.9852713346481323,1.0,0.77
153484,0.9865453243255615,0.9852713346481323,1.0,0.77
153584,0.9865453243255615,0.9852713346481323,1.0,0.77
153684,0.9865453243255615,0.9852713346481323,1.0,0.77
153784,0.9865453243255615,0.9852713346481323,1.0,0.77
153884,0.9865453243255615,0.9852713346481323,1.0,0.77
153984,0.9865453243255615,0.9852713346481323,1.0,0.77
154084,0.9865453243255615,0.9852713346481323,1.0,0.77
154184,0.9865453243255615,0.9852713346481323,1.0,0.77
154284,0.9865453243255615,0.9852713346481323,1.0,0.77
154384,0.9865453243255615,0.9852713346481323,1.0,0.77
154484,0.9865453243255615,0.9852713346481323,1.0,0.77
154584,0.9865453243255615,0.9852713346481323,1.0,0.77
154684,0.9865453243255615,0.9852713346481323,1.0,0.77
154784,0.9865453243255615,0.9852713346481323,1.0,0.77
154884,0.9865453243255615,0.9852713346481323,1.0,0.77
154984,0.9865453243255615,0.9852713346481323,1.0,0.77
155084,0.9865453243255615,0.9852713346481323,1.0,0.77
155184,0.9865453243255615,0.9852713346481323,1.0,0.77
155284,0.9865453243255615,0.9852713346481323,1.0,0.77
155384,0.9865453243255615,0.9852713346481323,1.0,0.77
155484,0.9865453243255615,0.9852713346481323,1.0,0.77
155584,0.9865453243255615,0.9852713346481323,1.0,0.77
155684,0.9865453243255615,0.9852713346481323,1.0,0.77
155784,0.9865453243255615,0.9852713346481323,1.0,0.77
155884,0.9865453243255615,0.9852713346481323,1.0,0.77
155984,0.9865453243255615,0.9852713346481323,1.0,0.77
156084,0.9865453243255615,0.9852713346481323,1.0,0.77
156184,0.9865453243255615,0.9852713346481323,1.0,0.77
156284,0.9865453243255615,0.9852713346481323,1.0,0.77
156384,0.9865453243255615,0.9852713346481323,1.0,0.77
156484,0.9865453243255615,0.9852713346481323,1.0,0.77
156584,0.9865453243255615,0.7747125625610352,0.66,0.75
156684,0.9865453243255615,0.7747125625610352,0.75,0.75
156784,0.9865453243255615,0.7747125625610352,0.8,0.75
156884,0.9865453243255615,0.7747125625610352,0.84,0.75
156984,0.9865453243255615,0.7747125625610352,0.83,0.75
157084,0.9865453243255615,0.7747125625610352,0.85,0.75
157184,0.9865453243255615,0.7747125625610352,0.87,0.75
157284,0.9865453243255615,0.7747125625610352,0.88,0.75
157384,0.9865453243255615,0.7747125625610352,0.87,0.75
157484,0.9865453243255615,0.7747125625610352,0.88,0.75
157584,0.9865453243255615,0.7747125625610352,0.9,0.75
157684,0.9865453243255615,0.7747125625610352,0.9,0.75
157784,0.9865453243255615,0.7747125625610352,0.9,0.75
157884,0.9865453243255615,0.7747125625610352,0.89,0.75
157984,0.9865453243255615,0.7747125625610352,0.89,0.75
158084,0.9865453243255615,0.7747125625610352,0.91,0.75
158184,0.9865453243255615,0.7747125625610352,0.91,0.75
158284,0.9865453243255615,0.7747125625610352,0.91,0.75
158384,0.9865453243255615,0.7747125625610352,0.91,0.75
158484,0.9865453243255615,0.7747125625610352,0.91,0.75
158584,0.9865453243255615,0.7747125625610352,0.91,0.75
158684,0.9865453243255615,0.7747125625610352,0.91,0.75
158784,0.9865453243255615,0.7747125625610352,0.91,0.75
158884,0.9865453243255615,0.7747125625610352,0.91,0.75
158984,0.9865453243255615,0.7747125625610352,0.91,0.75
159084,0.9865453243255615,0.7747125625610352,0.91,0.75
159184,0.9865453243255615,0.7747125625610352,0.91,0.75
159284,0.9865453243255615,0.7747125625610352,0.91,0.75
159384,0.9865453243255615,0.7747125625610352,0.91,0.75
159484,0.9865453243255615,0.7747125625610352,0.91,0.75
159584,0.9865453243255615,0.7747125625610352,0.91,0.75
159684,0.9865453243255615,0.7747125625610352,0.91,0.75
159784,0.9865453243255615,0.7747125625610352,0.91,0.75
159884,0.9865453243255615,0.7747125625610352,0.91,0.75
159984,0.9865453243255615,0.7747125625610352,0.91,0.75
160084,0.9865453243255615,0.7747125625610352,0.91,0.75
160184,0.9865453243255615,0.7747125625610352,0.91,0.75
160284,0.9865453243255615,0.7747125625610352,0.91,0.75
160384,0.9865453243255615,0.7747125625610352,0.91,0.75
160484,0.9865453243255615,0.7747125625610352,0.91,0.75
160584,0.9865453243255615,0.7747125625610352,0.91,0.75
160684,0.9865453243255615,0.7747125625610352,0.91,0.75
160784,0.9865453243255615,0.7747125625610352,0.91,0.75
160884,0.9865453243255615,0.7747125625610352,0.91,0.75
160984,0.9865453243255615,0.7747125625610352,0.91,0.75
161084,0.9865453243255615,0.7747125625610352,0.91,0.75
161184,0.9865453243255615,0.7747125625610352,0.91,0.75
161284,0.9865453243255615,0.7747125625610352,0.91,0.75
161384,0.9865453243255615,0.7747125625610352,0.91,0.75
161484,0.9865453243255615,0.7747125625610352,0.91,0.75
161584,0.9865453243255615,0.7747125625610352,0.91,0.75
161684,0.9865453243255615,0.7747125625610352,0.91,0.75
161784,0.9865453243255615,0.7747125625610352,0.91,0.75
161884,0.9865453243255615,0.7747125625610352,0.91,0.75
161984,0.9865453243255615,0.7747125625610352,0.91,0.75
162084,0.9865453243255615,0.7747125625610352,0.91,0.75
162184,0.9865453243255615,0.7747125625610352,0.91,0.75
162284,0.9865453243255615,0.7747125625610352,0.91,0.75
162384,0.9865453243255615,0.7747125625610352,0.91,0.75
162484,0.9865453243255615,0.7747125625610352,0.91,0.75
162584,0.9865453243255615,0.7747125625610352,0.91,0.75
162684,0.9865453243255615,0.7747125625610352,0.91,0.75
162784,0.9865453243255615,0.7747125625610352,0.91,0.75
162884,0.9865453243255615,0.7747125625610352,0.91,0.75
162984,0.9865453243255615,0.7747125625610352,0.91,0.75
163084,0.9865453243255615,0.7747125625610352,0.91,0.75
163184,0.9865453243255615,0.7747125625610352,0.91,0.75
163284,0.9865453243255615,0.7747125625610352,0.91,0.75
163384,0.9865453243255615,0.7747125625610352,0.91,0.75
163484,0.9865453243255615,0.7747125625610352,0.91,0.75
163584,0.9865453243255615,0.7747125625610352,0.91,0.75
163684,0.9865453243255615,0.7747125625610352,0.91,0.75
163784,0.9865453243255615,0.7747125625610352,0.91,0.75
163884,0.9865453243255615,0.7747125625610352,0.91,0.75
163984,0.9865453243255615,0.7747125625610352,0.91,0.75
164084,0.9865453243255615,0.7747125625610352,0.91,0.75
164184,0.9865453243255615,0.7747125625610352,0.91,0.75
164284,0.9865453243255615,0.7747125625610352,0.91,0.75
164384,0.9865453243255615,0.7747125625610352,0.91,0.75
164484,0.9865453243255615,0.7747125625610352,0.91,0.75
164584,0.9865453243255615,0.7747125625610352,0.91,0.75
164684,0.9865453243255615,0.7747125625610352,0.91,0.75
164784,0.9865453243255615,0.7747125625610352,0.91,0.75
164884,0.9865453243255615,0.7747125625610352,0.91,0.75
164984,0.9865453243255615,0.7747125625610352,0.91,0.75
165084,0.9865453243255615,0.7747125625610352,0.91,0.75
165184,0.9865453243255615,0.7747125625610352,0.91,0.75
165284,0.9865453243255615,0.7747125625610352,0.91,0.75
165384,0.9865453243255615,0.7747125625610352,0.91,0.75
165484,0.9865453243255615,0.7747125625610352,0.91,0.75
165584,0.9865453243255615,0.7747125625610352,0.91,0.75
165684,0.9865453243255615,0.7747125625610352,0.91,0.75
165784,0.9865453243255615,0.7747125625610352,0.91,0.75
165884,0.9865453243255615,0.7747125625610352,0.91,0.75
165984,0.9865453243255615,0.7747125625610352,0.91,0.75
166084,0.9865453243255615,0.7747125625610352,0.91,0.75
166184,0.9865453243255615,0.7747125625610352,0.91,0.75
166284,0.9865453243255615,0.7747125625610352,0.91,0.75
166384,0.9865453243255615,0.7747125625610352,0.91,0.75
166484,0.9865453243255615,0.7747125625610352,0.91,0.75
166584,0.9865453243255615,0.7747125625610352,0.91,0.75
166684,0.9865453243255615,0.7747125625610352,0.91,0.75
166784,0.9865453243255615,0.7747125625610352,0.91,0.75
166884,0.9865453243255615,0.7747125625610352,0.91,0.75
166984,0.9865453243255615,0.7747125625610352,0.91,0.75
167084,0.9865453243255615,0.7747125625610352,0.9,0.75
167184,0.9865453243255615,0.7747125625610352,0.91,0.75
167284,0.9865453243255615,0.7747125625610352,0.91,0.75
167384,0.9865453243255615,0.7747125625610352,0.91,0.75
167484,0.9865453243255615,0.7747125625610352,0.91,0.75
167584,0.9865453243255615,0.7747125625610352,0.91,0.75
167684,0.9865453243255615,0.7747125625610352,0.91,0.75
167784,0.9865453243255615,0.7747125625610352,0.91,0.75
167884,0.9865453243255615,0.7747125625610352,0.91,0.75
167984,0.9865453243255615,0.7747125625610352,0.91,0.75
168084,0.9865453243255615,0.7747125625610352,0.91,0.75
168184,0.9865453243255615,0.7747125625610352,0.91,0.75
168284,0.9865453243255615,0.7747125625610352,0.91,0.75
168384,0.9865453243255615,0.7747125625610352,0.91,0.75
168484,0.9865453243255615,0.7747125625610352,0.91,0.75
168584,0.9865453243255615,0.7747125625610352,0.91,0.75
168684,0.9865453243255615,0.7747125625610352,0.91,0.75
168784,0.9865453243255615,0.7747125625610352,0.91,0.75
168884,0.9865453243255615,0.7747125625610352,0.91,0.75
168984,0.9865453243255615,0.7747125625610352,0.91,0.75
169084,0.9865453243255615,0.7747125625610352,0.91,0.75
169184,0.9865453243255615,0.7747125625610352,0.91,0.75
169284,0.9865453243255615,0.7747125625610352,0.91,0.75
169384,0.9865453243255615,0.7747125625610352,0.91,0.75
169484,0.9865453243255615,0.7747125625610352,0.91,0.75
169584,0.9865453243255615,0.7747125625610352,0.91,0.75
169684,0.9865453243255615,0.7747125625610352,0.91,0.75
169784,0.9865453243255615,0.7747125625610352,0.91,0.75
169884,0.9865453243255615,0.7747125625610352,0.91,0.75
169984,0.9865453243255615,0.7747125625610352,0.91,0.75
170084,0.9865453243255615,0.7747125625610352,0.91,0.75
170184,0.9865453243255615,0.7747125625610352,0.91,0.75
170284,0.9865453243255615,0.7747125625610352,0.91,0.75
170384,0.9865453243255615,0.7747125625610352,0.91,0.75
170484,0.9865453243255615,0.7747125625610352,0.91,0.75
170584,0.9865453243255615,0.7747125625610352,0.91,0.75
170684,0.9865453243255615,0.7747125625610352,0.91,0.75
170784,0.9865453243255615,0.7747125625610352,0.91,0.75
170884,0.9865453243255615,0.7747125625610352,0.91,0.75
170984,0.9865453243255615,0.7747125625610352,0.91,0.75
171084,0.9865453243255615,0.7747125625610352,0.91,0.75
171184,0.9865453243255615,0.7747125625610352,0.91,0.75
171284,0.9865453243255615,0.7747125625610352,0.91,0.75
171384,0.9865453243255615,0.7747125625610352,0.91,0.75
171484,0.9865453243255615,0.7747125625610352,0.91,0.75
171584,0.9865453243255615,0.7747125625610352,0.91,0.75
171684,0.9865453243255615,0.7747125625610352,0.91,0.75
171784,0.9865453243255615,0.7747125625610352,0.91,0.75
171884,0.9865453243255615,0.7747125625610352,0.91,0.75
171984,0.9865453243255615,0.7747125625610352,0.91,0.75
172084,0.9865453243255615,0.7747125625610352,0.91,0.75
172184,0.9865453243255615,0.7747125625610352,0.91,0.75
172284,0.9865453243255615,0.7747125625610352,0.91,0.75
172384,0.9865453243255615,0.7747125625610352,0.91,0.75
172484,0.9865453243255615,0.7747125625610352,0.91,0.75
172584,0.9865453243255615,0.7747125625610352,0.91,0.75
172684,0.9865453243255615,0.7747125625610352,0.91,0.75
172784,0.9865453243255615,0.7747125625610352,0.91,0.75
172884,0.9865453243255615,0.7747125625610352,0.91,0.75
172984,0.9865453243255615,0.7747125625610352,0.91,0.75
173084,0.9865453243255615,0.7747125625610352,0.91,0.75
173184,0.9865453243255615,0.7747125625610352,0.91,0.75
173284,0.9865453243255615,0.7747125625610352,0.91,0.75
173384,0.9865453243255615,0.7747125625610352,0.91,0.75
173484,0.9865453243255615,0.7747125625610352,0.91,0.75
173584,0.9865453243255615,0.7747125625610352,0.91,0.75
173684,0.9865453243255615,0.7747125625610352,0.91,0.75
173784,0.9865453243255615,0.7747125625610352,0.91,0.75
173884,0.9865453243255615,0.7747125625610352,0.91,0.75
173984,0.9865453243255615,0.7747125625610352,0.91,0.75
174084,0.9865453243255615,0.7747125625610352,0.91,0.75
174184,0.9865453243255615,0.7747125625610352,0.91,0.75
174284,0.9865453243255615,0.7747125625610352,0.91,0.75
174384,0.9865453243255615,0.7747125625610352,0.91,0.75
174484,0.9865453243255615,0.7747125625610352,0.91,0.75
174584,0.9865453243255615,0.7747125625610352,0.91,0.75
174684,0.9865453243255615,0.7747125625610352,0.91,0.75
174784,0.9865453243255615,0.7747125625610352,0.91,0.75
174884,0.9865453243255615,0.7747125625610352,0.91,0.75
174984,0.9865453243255615,0.7747125625610352,0.91,0.75
175084,0.9865453243255615,0.7747125625610352,0.91,0.75
175184,0.9865453243255615,0.7747125625610352,0.91,0.75
175284,0.9865453243255615,0.7747125625610352,0.91,0.75
175384,0.9865453243255615,0.7747125625610352,0.91,0.75
175484,0.9865453243255615,0.7747125625610352,0.91,0.75
175584,0.9865453243255615,0.7747125625610352,0.91,0.75
175684,0.9865453243255615,0.7747125625610352,0.91,0.75
175784,0.9865453243255615,0.7747125625610352,0.91,0.75
175884,0.9865453243255615,0.7747125625610352,0.91,0.75
175984,0.9865453243255615,0.7747125625610352,0.91,0.75
176084,0.9865453243255615,0.7747125625610352,0.91,0.75
176184,0.9865453243255615,0.7747125625610352,0.91,0.75
176284,0.9865453243255615,0.7747125625610352,0.91,0.75
176384,0.9865453243255615,0.7747125625610352,0.91,0.75
176484,0.9865453243255615,0.7747125625610352,0.91,0.75
176584,0.9865453243255615,0.7747125625610352,0.91,0.75
176684,0.9865453243255615,0.7747125625610352,0.91,0.75
176784,0.9865453243255615,0.7747125625610352,0.91,0.75
176884,0.9865453243255615,0.7747125625610352,0.91,0.75
176984,0.9865453243255615,0.7747125625610352,0.91,0.75
177084,0.9865453243255615,0.7747125625610352,0.91,0.75
177184,0.9865453243255615,0.7747125625610352,0.91,0.75
177284,0.9865453243255615,0.7747125625610352,0.91,0.75
177384,0.9865453243255615,0.7747125625610352,0.91,0.75
177484,0.9865453243255615,0.7747125625610352,0.91,0.75
177584,0.9865453243255615,0.7747125625610352,0.91,0.75
177684,0.9865453243255615,0.7747125625610352,0.91,0.75
177784,0.9865453243255615,0.7747125625610352,0.91,0.75
177884,0.9865453243255615,0.7747125625610352,0.91,0.75
177984,0.9865453243255615,0.7747125625610352,0.91,0.75
178084,0.9865453243255615,0.7747125625610352,0.91,0.75
178184,0.9865453243255615,0.7747125625610352,0.91,0.75
178284,0.9865453243255615,0.7747125625610352,0.91,0.75
178384,0.9865453243255615,0.7747125625610352,0.91,0.75
178484,0.9865453243255615,0.7747125625610352,0.91,0.75
178584,0.9865453243255615,0.7747125625610352,0.91,0.75
178684,0.9865453243255615,0.7747125625610352,0.91,0.75
178784,0.9865453243255615,0.7747125625610352,0.91,0.75
178884,0.9865453243255615,0.7747125625610352,0.91,0.75
178984,0.9865453243255615,0.7747125625610352,0.91,0.75
179084,0.9865453243255615,0.9852713346481323,0.91,0.75
179184,0.9865453243255615,0.9852713346481323,0.91,0.75
179284,0.9865453243255615,0.9852713346481323,0.91,0.75
179384,0.9865453243255615,0.9852713346481323,0.9,0.75
179484,0.9865453243255615,0.9852713346481323,0.9,0.75
179584,0.9865453243255615,0.9852713346481323,0.9,0.75
179684,0.9865453243255615,0.9852713346481323,0.9,0.75
179784,0.9865453243255615,0.9852713346481323,0.91,0.75
179884,0.9865453243255615,0.9852713346481323,0.91,0.75
179984,0.9865453243255615,0.9852713346481323,0.91,0.75
180084,0.9865453243255615,0.9852713346481323,0.91,0.75
180184,0.9865453243255615,0.9852713346481323,0.91,0.75
180284,0.9865453243255615,0.9852713346481323,0.91,0.75
180384,0.9865453243255615,0.9852713346481323,0.91,0.75
180484,0.9865453243255615,0.9852713346481323,0.91,0.75
180584,0.9865453243255615,0.9852713346481323,0.91,0.75
180684,0.9865453243255615,0.9852713346481323,0.91,0.75
180784,0.9865453243255615,0.9852713346481323,0.91,0.75
180884,0.9865453243255615,0.9852713346481323,0.91,0.75
180984,0.9865453243255615,0.9852713346481323,0.91,0.75
181084,0.9865453243255615,0.9852713346481323,0.91,0.75
181184,0.9865453243255615,0.9852713346481323,0.91,0.75
181284,0.9865453243255615,0.9852713346481323,0.91,0.75
181384,0.9865453243255615,0.9852713346481323,0.91,0.75
181484,0.9865453243255615,0.9852713346481323,0.91,0.75
181584,0.9865453243255615,0.9852713346481323,0.91,0.75
181684,0.9865453243255615,0.9852713346481323,0.91,0.75
181784,0.9865453243255615,0.9852713346481323,0.91,0.75
181884,0.9865453243255615,0.9852713346481323,0.91,0.75
181984,0.9865453243255615,0.9852713346481323,0.91,0.75
182084,0.9865453243255615,0.9852713346481323,0.91,0.75
182184,0.9865453243255615,0.9852713346481323,0.91,0.75
182284,0.9865453243255615,0.9852713346481323,0.91,0.75
182384,0.9865453243255615,0.9852713346481323,0.91,0.75
182484,0.9865453243255615,0.9852713346481323,0.91,0.75
182584,0.9865453243255615,0.9852713346481323,0.91,0.75
182684,0.9865453243255615,0.9852713346481323,0.91,0.75
182784,0.9865453243255615,0.9852713346481323,0.91,0.75
182884,0.9865453243255615,0.9852713346481323,0.91,0.75
182984,0.9865453243255615,0.9852713346481323,0.91,0.75
183084,0.9865453243255615,0.9852713346481323,0.91,0.75
183184,0.9865453243255615,0.9852713346481323,0.91,0.75
183284,0.9865453243255615,0.9852713346481323,0.91,0.75
183384,0.9865453243255615,0.9852713346481323,0.91,0.75
183484,0.9865453243255615,0.9852713346481323,0.91,0.75
183584,0.9865453243255615,0.9852713346481323,0.91,0.75
183684,0.9865453243255615,0.9852713346481323,0.91,0.75
183784,0.9865453243255615,0.9852713346481323,0.91,0.75
183884,0.9865453243255615,0.9852713346481323,0.91,0.75
183984,0.9865453243255615,0.9852713346481323,0.91,0.75
184084,0.9865453243255615,0.9852713346481323,0.91,0.75
184184,0.9865453243255615,0.9852713346481323,0.91,0.75
184284,0.9865453243255615,0.9852713346481323,0.91,0.75
197315,0.9865453243255615,0.9852713346481323,0.6,0.76
197415,0.9865453243255615,0.9852713346481323,0.65,0.76
197515,0.9865453243255615,0.9852713346481323,0.73,0.76
197615,0.9865453243255615,0.9852713346481323,0.76,0.76
197715,0.9865453243255615,0.9852713346481323,0.8,0.76
197815,0.9865453243255615,0.9852713346481323,0.86,0.76
197915,0.9865453243255615,0.9852713346481323,0.9,0.76
198015,0.9865453243255615,0.9852713346481323,0.94,0.76
198115,0.9865453243255615,0.9852713346481323,0.93,0.76
198215,0.9865453243255615,0.9852713346481323,0.95,0.76
198315,0.9865453243255615,0.9852713346481323,0.95,0.76
198415,0.9865453243255615,0.9852713346481323,0.98,0.76
198515,0.9865453243255615,0.9852713346481323,0.99,0.76
198615,0.9865453243255615,0.9852713346481323,1.0,0.76
198715,0.9865453243255615,0.9852713346481323,1.0,0.76
198815,0.9865453243255615,0.9852713346481323,1.0,0.76
198915,0.9865453243255615,0.9852713346481323,1.0,0.76
199015,0.9865453243255615,0.9852713346481323,1.0,0.76
199115,0.9865453243255615,0.9852713346481323,1.0,0.76
199215,0.9865453243255615,0.9852713346481323,1.0,0.76
199315,0.9865453243255615,0.9852713346481323,1.0,0.76
199415,0.9865453243255615,0.9852713346481323,1.0,0.76
199515,0.9865453243255615,0.9852713346481323,1.0,0.76
199615,0.9865453243255615,0.9852713346481323,1.0,0.76
199715,0.9865453243255615,0.9852713346481323,1.0,0.76
199815,0.9865453243255615,0.9852713346481323,1.0,0.76
199915,0.9865453243255615,0.9852713346481323,1.0,0.76
200015,0.9865453243255615,0.9852713346481323,1.0,0.76
200115,0.9865453243255615,0.9852713346481323,1.0,0.76
200215,0.9865453243255615,0.9852713346481323,1.0,0.76
200315,0.9865453243255615,0.9852713346481323,1.0,0.76
200415,0.9865453243255615,0.9852713346481323,1.0,0.76
200515,0.9865453243255615,0.9852713346481323,1.0,0.76
200615,0.9865453243255615,0.9852713346481323,1.0,0.76
200715,0.9865453243255615,0.9852713346481323,1.0,0.76
200815,0.9865453243255615,0.9852713346481323,1.0,0.76
200915,0.9865453243255615,0.9852713346481323,1.0,0.76
201015,0.9865453243255615,0.9852713346481323,1.0,0.76
201115,0.9865453243255615,0.9852713346481323,1.0,0.76
201215,0.9865453243255615,0.9852713346481323,1.0,0.76
201315,0.9865453243255615,0.9852713346481323,1.0,0.76
201415,0.9865453243255615,0.9852713346481323,1.0,0.76
201515,0.9865453243255615,0.9852713346481323,1.0,0.76
201615,0.9865453243255615,0.9852713346481323,1.0,0.76
201715,0.9865453243255615,0.9852713346481323,1.0,0.76
201815,0.9865453243255615,0.9852713346481323,1.0,0.76
201915,0.9865453243255615,0.9852713346481323,1.0,0.76
202015,0.9865453243255615,0.9852713346481323,1.0,0.76
202115,0.9865453243255615,0.9852713346481323,1.0,0.76
202215,0.9865453243255615,0.9852713346481323,1.0,0.76
202315,0.9865453243255615,0.9852713346481323,1.0,0.76
202415,0.9865453243255615,0.9852713346481323,1.0,0.76
202515,0.9865453243255615,0.9852713346481323,1.0,0.76
202615,0.9865453243255615,0.9852713346481323,1.0,0.76
202715,0.9865453243255615,0.9852713346481323,1.0,0.76
202815,0.9865453243255615,0.9852713346481323,1.0,0.76
202915,0.9865453243255615,0.9852713346481323,1.0,0.76
203015,0.9865453243255615,0.9852713346481323,1.0,0.76
203115,0.9865453243255615,0.9852713346481323,1.0,0.76
203215,0.9865453243255615,0.9852713346481323,1.0,0.76
203315,0.9865453243255615,0.9852713346481323,1.0,0.76
203415,0.9865453243255615,0.9852713346481323,1.0,0.76
203515,0.9865453243255615,0.9852713346481323,1.0,0.76
203615,0.9865453243255615,0.9852713346481323,1.0,0.76
203715,0.9865453243255615,0.9852713346481323,1.0,0.76
203815,0.9865453243255615,0.9852713346481323,1.0,0.76
203915,0.9865453243255615,0.9852713346481323,1.0,0.76
204015,0.9865453243255615,0.9852713346481323,1.0,0.76
204115,0.9865453243255615,0.9852713346481323,1.0,0.76
204215,0.9865453243255615,0.9852713346481323,1.0,0.76
204315,0.9865453243255615,0.9852713346481323,1.0,0.76
204415,0.9865453243255615,0.9852713346481323,1.0,0.76
204515,0.9865453243255615,0.9852713346481323,1.0,0.76
204615,0.9865453243255615,0.9852713346481323,1.0,0.76
204715,0.9865453243255615,0.9852713346481323,1.0,0.76
204815,0.9865453243255615,0.9852713346481323,1.0,0.76
204915,0.9865453243255615,0.9852713346481323,1.0,0.76
205015,0.9865453243255615,0.9852713346481323,1.0,0.76
205115,0.9865453243255615,0.9852713346481323,1.0,0.76
205215,0.9865453243255615,0.9852713346481323,1.0,0.76
205315,0.9865453243255615,0.9852713346481323,1.0,0.76
205415,0.9865453243255615,0.9852713346481323,1.0,0.76
205515,0.9865453243255615,0.9852713346481323,1.0,0.76
205615,0.9865453243255615,0.9852713346481323,1.0,0.76
205715,0.9865453243255615,0.9852713346481323,1.0,0.76
205815,0.9865453243255615,0.9852713346481323,1.0,0.76
205915,0.9865453243255615,0.9852713346481323,1.0,0.76
206015,0.9865453243255615,0.9852713346481323,1.0,0.76
206115,0.9865453243255615,0.9852713346481323,1.0,0.76
206215,0.9865453243255615,0.9852713346481323,1.0,0.76
206315,0.9865453243255615,0.9852713346481323,1.0,0.76
206415,0.9865453243255615,0.9852713346481323,1.0,0.76
206515,0.9865453243255615,0.9852713346481323,1.0,0.76
206615,0.9865453243255615,0.9852713346481323,1.0,0.76
206715,0.9865453243255615,0.9852713346481323,1.0,0.76
206815,0.9865453243255615,0.9852713346481323,1.0,0.76
206915,0.9865453243255615,0.9852713346481323,1.0,0.76
207015,0.9865453243255615,0.9852713346481323,1.0,0.76
207115,0.9865453243255615,0.9852713346481323,1.0,0.76
207215,0.9865453243255615,0.9852713346481323,1.0,0.76
207315,0.9865453243255615,0.9852713346481323,1.0,0.76
207415,0.9865453243255615,0.9852713346481323,1.0,0.76
207515,0.9865453243255615,0.9852713346481323,1.0,0.76
207615,0.9865453243255615,0.9852713346481323,1.0,0.76
207715,0.9865453243255615,0.9852713346481323,1.0,0.76
207815,0.9865453243255615,0.9852713346481323,1.0,0.76
207915,0.9865453243255615,0.9852713346481323,1.0,0.76
208015,0.9865453243255615,0.9852713346481323,1.0,0.76
208115,0.9865453243255615,0.9852713346481323,1.0,0.76
208215,0.9865453243255615,0.9852713346481323,1.0,0.76
208315,0.9865453243255615,0.9852713346481323,1.0,0.76
208415,0.9865453243255615,0.9852713346481323,1.0,0.76
208515,0.9865453243255615,0.9852713346481323,1.0,0.76
208615,0.9865453243255615,0.9852713346481323,1.0,0.76
208715,0.9865453243255615,0.9852713346481323,1.0,0.76
208815,0.9865453243255615,0.9852713346481323,1.0,0.76
208915,0.9865453243255615,0.9852713346481323,1.0,0.76
209015,0.9865453243255615,0.9852713346481323,1.0,0.76
209115,0.9865453243255615,0.9852713346481323,1.0,0.76
209215,0.9865453243255615,0.9852713346481323,1.0,0.76
209315,0.9865453243255615,0.9852713346481323,1.0,0.76
209415,0.9865453243255615,0.9852713346481323,1.0,0.76
209515,0.9865453243255615,0.9852713346481323,1.0,0.76
209615,0.9865453243255615,0.9852713346481323,1.0,0.76
209715,0.9865453243255615,0.9852713346481323,1.0,0.76
209815,0.9865453243255615,0.9852713346481323,1.0,0.76
209915,0.9865453243255615,0.9852713346481323,1.0,0.76
210015,0.9865453243255615,0.9852713346481323,1.0,0.76
210115,0.9865453243255615,0.9852713346481323,1.0,0.76
210215,0.9865453243255615,0.9852713346481323,1.0,0.76
210315,0.9865453243255615,0.9852713346481323,1.0,0.76
210415,0.9865453243255615,0.9852713346481323,1.0,0.76
210515,0.9865453243255615,0.9852713346481323,1.0,0.76
210615,0.9865453243255615,0.9852713346481323,1.0,0.76
210715,0.9865453243255615,0.9852713346481323,1.0,0.76
210815,0.9865453243255615,0.9852713346481323,1.0,0.76
210915,0.9865453243255615,0.9852713346481323,1.0,0.76
211015,0.9865453243255615,0.9852713346481323,1.0,0.76
211115,0.9865453243255615,0.9852713346481323,1.0,0.76
211215,0.9865453243255615,0.9852713346481323,1.0,0.76
211315,0.9865453243255615,0.9852713346481323,1.0,0.76
211415,0.9865453243255615,0.9852713346481323,1.0,0.76
211515,0.9865453243255615,0.9852713346481323,1.0,0.76
211615,0.9865453243255615,0.9852713346481323,1.0,0.76
211715,0.9865453243255615,0.9852713346481323,1.0,0.76
211815,0.9865453243255615,0.9852713346481323,1.0,0.76
211915,0.9865453243255615,0.9852713346481323,1.0,0.76
212015,0.9865453243255615,0.9852713346481323,1.0,0.76
212115,0.9865453243255615,0.9852713346481323,1.0,0.76
212215,0.9865453243255615,0.9852713346481323,1.0,0.76
212315,0.9865453243255615,0.9852713346481323,1.0,0.76
212415,0.9865453243255615,0.9852713346481323,1.0,0.76
212515,0.9865453243255615,0.9852713346481323,1.0,0.76
212615,0.9865453243255615,0.9852713346481323,1.0,0.76
212715,0.9865453243255615,0.9852713346481323,1.0,0.76
212815,0.9865453243255615,0.9852713346481323,1.0,0.76
212915,0.9865453243255615,0.9852713346481323,1.0,0.76
213015,0.9865453243255615,0.9852713346481323,1.0,0.76
213115,0.9865453243255615,0.9852713346481323,1.0,0.76
213215,0.9865453243255615,0.9852713346481323,1.0,0.76
213315,0.9865453243255615,0.9852713346481323,1.0,0.76
213415,0.9865453243255615,0.9852713346481323,1.0,0.76
213515,0.9865453243255615,0.9852713346481323,1.0,0.76
213615,0.9865453243255615,0.9852713346481323,1.0,0.76
213715,0.9865453243255615,0.9852713346481323,1.0,0.76
213815,0.9865453243255615,0.9852713346481323,1.0,0.76
213915,0.9865453243255615,0.9852713346481323,1.0,0.76
214015,0.9865453243255615,0.9852713346481323,1.0,0.76
214115,0.9865453243255615,0.9852713346481323,1.0,0.76
214215,0.9865453243255615,0.9852713346481323,1.0,0.76
214315,0.9865453243255615,0.9852713346481323,1.0,0.76
214415,0.9865453243255615,0.9852713346481323,1.0,0.76
214515,0.9865453243255615,0.9852713346481323,1.0,0.76
214615,0.9865453243255615,0.9852713346481323,1.0,0.76
214715,0.9865453243255615,0.9852713346481323,1.0,0.76
214815,0.9865453243255615,0.9852713346481323,1.0,0.76
214915,0.9865453243255615,0.9852713346481323,1.0,0.76
215015,0.9865453243255615,0.9852713346481323,1.0,0.76
215115,0.9865453243255615,0.9852713346481323,1.0,0.76
215215,0.9865453243255615,0.9852713346481323,1.0,0.76
215315,0.9865453243255615,0.9852713346481323,1.0,0.76
215415,0.9865453243255615,0.9852713346481323,1.0,0.76
215515,0.9865453243255615,0.9852713346481323,1.0,0.76
215615,0.9865453243255615,0.9852713346481323,1.0,0.76
215715,0.9865453243255615,0.9852713346481323,1.0,0.76
215815,0.9865453243255615,0.9852713346481323,1.0,0.76
215915,0.9865453243255615,0.9852713346481323,1.0,0.76
216015,0.9865453243255615,0.9852713346481323,1.0,0.76
216115,0.9865453243255615,0.9852713346481323,1.0,0.76
216215,0.9865453243255615,0.9852713346481323,1.0,0.76
216315,0.9865453243255615,0.9852713346481323,1.0,0.76
216415,0.9865453243255615,0.9852713346481323,1.0,0.76
216515,0.9865453243255615,0.9852713346481323,1.0,0.76
216615,0.9865453243255615,0.9852713346481323,1.0,0.76
216715,0.9865453243255615,0.9852713346481323,1.0,0.76
216815,0.9865453243255615,0.9852713346481323,1.0,0.76
216915,0.9865453243255615,0.9852713346481323,1.0,0.76
217015,0.9865453243255615,0.9852713346481323,1.0,0.76
217115,0.9865453243255615,0.9852713346481323,1.0,0.76
217215,0.9865453243255615,0.9852713346481323,1.0,0.76
217315,0.9865453243255615,0.9852713346481323,1.0,0.76
217415,0.9865453243255615,0.9852713346481323,1.0,0.76
217515,0.9865453243255615,0.9852713346481323,1.0,0.76
217615,0.9865453243255615,0.9852713346481323,1.0,0.76
217715,0.9865453243255615,0.9852713346481323,1.0,0.76
217815,0.9865453243255615,0.9852713346481323,1.0,0.76
217915,0.9865453243255615,0.9852713346481323,1.0,0.76
218015,0.9865453243255615,0.9852713346481323,1.0,0.76
218115,0.9865453243255615,0.9852713346481323,1.0,0.76
218215,0.9865453243255615,0.9852713346481323,1.0,0.76
218315,0.9865453243255615,0.9852713346481323,1.0,0.76
218415,0.9865453243255615,0.9852713346481323,1.0,0.76
218515,0.9865453243255615,0.9852713346481323,1.0,0.76
218615,0.9865453243255615,0.9852713346481323,1.0,0.76
218715,0.9865453243255615,0.9852713346481323,1.0,0.76
218815,0.9865453243255615,0.9852713346481323,1.0,0.76
218915,0.9865453243255615,0.9852713346481323,1.0,0.76
219015,0.9877725839614868,0.9892001748085022,1.0,0.76
219115,0.9877725839614868,0.9892001748085022,1.0,0.76
219215,0.9877725839614868,0.9892001748085022,1.0,0.76
219315,0.9877725839614868,0.9892001748085022,1.0,0.76
219415,0.9877725839614868,0.9892001748085022,1.0,0.76
219515,0.9877725839614868,0.9892001748085022,1.0,0.76
219615,0.9877725839614868,0.9892001748085022,1.0,0.76
219715,0.9877725839614868,0.9892001748085022,1.0,0.76
219815,0.9877725839614868,0.9892001748085022,1.0,0.76
219915,0.9877725839614868,0.9892001748085022,1.0,0.76
220015,0.9877725839614868,0.9892001748085022,1.0,0.76
220115,0.9877725839614868,0.9892001748085022,1.0,0.76
220215,0.9877725839614868,0.9892001748085022,1.0,0.76
220315,0.9877725839614868,0.9892001748085022,1.0,0.76
220415,0.9877725839614868,0.9892001748085022,1.0,0.76
220515,0.9877725839614868,0.9892001748085022,1.0,0.76
220615,0.9877725839614868,0.9892001748085022,1.0,0.76
220715,0.9877725839614868,0.9892001748085022,1.0,0.76
220815,0.9877725839614868,0.9892001748085022,1.0,0.76
220915,0.9877725839614868,0.9892001748085022,1.0,0.76
221015,0.9877725839614868,0.9892001748085022,1.0,0.76
221115,0.9877725839614868,0.9892001748085022,1.0,0.76
221215,0.9877725839614868,0.9892001748085022,1.0,0.76
221315,0.9877725839614868,0.9892001748085022,1.0,0.76
221415,0.9877725839614868,0.9892001748085022,1.0,0.76
221515,0.9877725839614868,0.9892001748085022,1.0,0.76
221615,0.9877725839614868,0.9892001748085022,1.0,0.76
221715,0.9877725839614868,0.9892001748085022,1.0,0.76
221815,0.9877725839614868,0.9892001748085022,1.0,0.76
221915,0.9877725839614868,0.9892001748085022,1.0,0.76
222015,0.9877725839614868,0.9892001748085022,1.0,0.76
222115,0.9877725839614868,0.9892001748085022,1.0,0.76
222215,0.9877725839614868,0.9892001748085022,1.0,0.76
222315,0.9877725839614868,0.9892001748085022,1.0,0.76
222415,0.9877725839614868,0.9892001748085022,1.0,0.76
222515,0.9877725839614868,0.9892001748085022,1.0,0.76
222615,0.9877725839614868,0.9892001748085022,1.0,0.76
222715,0.9877725839614868,0.9892001748085022,1.0,0.76
222815,0.9877725839614868,0.9892001748085022,1.0,0.76
222915,0.9877725839614868,0.9892001748085022,1.0,0.76
223015,0.9877725839614868,0.9892001748085022,1.0,0.76
223115,0.9877725839614868,0.9892001748085022,1.0,0.76
223215,0.9877725839614868,0.9892001748085022,1.0,0.76
223315,0.9877725839614868,0.9892001748085022,1.0,0.76
223415,0.9877725839614868,0.9892001748085022,1.0,0.76
223515,0.9877725839614868,0.9892001748085022,1.0,0.76
223615,0.9877725839614868,0.9892001748085022,1.0,0.76
223715,0.9877725839614868,0.9892001748085022,1.0,0.76
223815,0.9877725839614868,0.9892001748085022,1.0,0.76
223915,0.9877725839614868,0.9892001748085022,1.0,0.76
224015,0.9877725839614868,0.9892001748085022,1.0,0.76
224115,0.9877725839614868,0.9892001748085022,1.0,0.76
224215,0.9877725839614868,0.9892001748085022,1.0,0.76
224315,0.9877725839614868,0.9892001748085022,1.0,0.76
224415,0.9877725839614868,0.9892001748085022,1.0,0.76
224515,0.9877725839614868,0.9892001748085022,1.0,0.76
224615,0.9877725839614868,0.9892001748085022,1.0,0.76
224715,0.9877725839614868,0.9892001748085022,1.0,0.76
224815,0.9877725839614868,0.9892001748085022,1.0,0.76
224915,0.9877725839614868,0.9892001748085022,1.0,0.76
225015,0.9877725839614868,0.9892001748085022,1.0,0.76
225115,0.9877725839614868,0.9852713346481323,0.64,0.77
225215,0.9877725839614868,0.9852713346481323,0.74,0.77
225315,0.9877725839614868,0.9852713346481323,0.79,0.77
225415,0.9877725839614868,0.9852713346481323,0.85,0.77
225515,0.9877725839614868,0.9852713346481323,0.88,0.77
225615,0.9877725839614868,0.9852713346481323,0.88,0.77
225715,0.9877725839614868,0.9852713346481323,0.9,0.77
225815,0.9877725839614868,0.9852713346481323,0.92,0.77
225915,0.9877725839614868,0.9852713346481323,0.92,0.77
226015,0.9877725839614868,0.9852713346481323,0.93,0.77
226115,0.9877725839614868,0.9852713346481323,0.95,0.77
226215,0.9877725839614868,0.9852713346481323,0.95,0.77
226315,0.9877725839614868,0.9852713346481323,0.97,0.77
226415,0.9877725839614868,0.9852713346481323,0.98,0.77
226515,0.9877725839614868,0.9852713346481323,0.98,0.77
226615,0.9877725839614868,0.9852713346481323,0.98,0.77
226715,0.9877725839614868,0.9852713346481323,0.98,0.77
226815,0.9877725839614868,0.9852713346481323,0.99,0.77
226915,0.9877725839614868,0.9852713346481323,0.99,0.77
227015,0.9877725839614868,0.9852713346481323,0.99,0.77
227115,0.9877725839614868,0.9852713346481323,0.99,0.77
227215,0.9877725839614868,0.9852713346481323,0.99,0.77
227315,0.9877725839614868,0.9852713346481323,0.99,0.77
227415,0.9877725839614868,0.9852713346481323,0.99,0.77
227515,0.9877725839614868,0.9852713346481323,0.99,0.77
227615,0.9877725839614868,0.9852713346481323,0.98,0.77
227715,0.9877725839614868,0.9852713346481323,0.99,0.77
227815,0.9877725839614868,0.9852713346481323,0.99,0.77
227915,0.9877725839614868,0.9852713346481323,0.99,0.77
228015,0.9877725839614868,0.9852713346481323,0.99,0.77
228115,0.9877725839614868,0.9852713346481323,0.99,0.77
228215,0.9877725839614868,0.9852713346481323,0.99,0.77
228315,0.9877725839614868,0.9852713346481323,0.99,0.77
228415,0.9877725839614868,0.9852713346481323,0.99,0.77
228515,0.9877725839614868,0.9852713346481323,0.99,0.77
228615,0.9877725839614868,0.9852713346481323,0.99,0.77
228715,0.9877725839614868,0.9852713346481323,0.99,0.77
228815,0.9877725839614868,0.9852713346481323,0.99,0.77
228915,0.9877725839614868,0.9852713346481323,0.99,0.77
229015,0.9877725839614868,0.9852713346481323,0.99,0.77
229115,0.9877725839614868,0.9852713346481323,0.99,0.77
229215,0.9877725839614868,0.9852713346481323,0.99,0.77
229315,0.9877725839614868,0.9852713346481323,0.99,0.77
229415,0.9877725839614868,0.9852713346481323,0.99,0.77
229515,0.9877725839614868,0.9852713346481323,0.99,0.77
229615,0.9877725839614868,0.9852713346481323,0.99,0.77
229715,0.9877725839614868,0.9852713346481323,0.99,0.77
229815,0.9877725839614868,0.9852713346481323,0.99,0.77
229915,0.9877725839614868,0.9852713346481323,0.99,0.77
230015,0.9877725839614868,0.9852713346481323,0.99,0.77
230115,0.9877725839614868,0.9852713346481323,0.99,0.77
230215,0.9877725839614868,0.9852713346481323,0.99,0.77
230315,0.9877725839614868,0.9852713346481323,0.99,0.77
230415,0.9877725839614868,0.9852713346481323,0.99,0.77
230515,0.9877725839614868,0.9852713346481323,0.99,0.77
230615,0.9877725839614868,0.9852713346481323,0.99,0.77
230715,0.9877725839614868,0.9852713346481323,0.99,0.77
230815,0.9877725839614868,0.9852713346481323,0.99,0.77
230915,0.9877725839614868,0.9852713346481323,0.99,0.77
231015,0.9877725839614868,0.9852713346481323,0.99,0.77
231115,0.9877725839614868,0.9852713346481323,0.99,0.77
231215,0.9877725839614868,0.9852713346481323,0.99,0.77
231315,0.9877725839614868,0.9852713346481323,0.99,0.77
231415,0.9877725839614868,0.9852713346481323,0.99,0.77
231515,0.9877725839614868,0.9852713346481323,0.99,0.77
231615,0.9877725839614868,0.9852713346481323,0.99,0.77
231715,0.9877725839614868,0.9852713346481323,0.99,0.77
231815,0.9877725839614868,0.9852713346481323,0.99,0.77
231915,0.9877725839614868,0.9852713346481323,0.99,0.77
232015,0.9877725839614868,0.9852713346481323,0.99,0.77
232115,0.9877725839614868,0.9852713346481323,0.99,0.77
232215,0.9877725839614868,0.9852713346481323,0.99,0.77
232315,0.9877725839614868,0.9852713346481323,0.99,0.77
232415,0.9877725839614868,0.9852713346481323,0.99,0.77
232515,0.9877725839614868,0.9852713346481323,0.99,0.77
232615,0.9877725839614868,0.9852713346481323,0.99,0.77
232715,0.9877725839614868,0.9852713346481323,0.99,0.77
232815,0.9877725839614868,0.9852713346481323,0.99,0.77
232915,0.9877725839614868,0.9852713346481323,0.99,0.77
233015,0.9877725839614868,0.9852713346481323,0.99,0.77
233115,0.9877725839614868,0.9852713346481323,0.99,0.77
233215,0.9877725839614868,0.9852713346481323,0.99,0.77
233315,0.9877725839614868,0.9852713346481323,0.99,0.77
233415,0.9877725839614868,0.9852713346481323,0.99,0.77
233515,0.9877725839614868,0.9852713346481323,0.99,0.77
233615,0.9877725839614868,0.9852713346481323,0.99,0.77
233715,0.9877725839614868,0.9852713346481323,0.99,0.77
233815,0.9877725839614868,0.9852713346481323,0.99,0.77
233915,0.9877725839614868,0.9852713346481323,0.99,0.77
234015,0.9877725839614868,0.9852713346481323,0.99,0.77
234115,0.9877725839614868,0.9852713346481323,0.99,0.77
234215,0.9877725839614868,0.9852713346481323,0.99,0.77
234315,0.9877725839614868,0.9852713346481323,0.99,0.77
234415,0.9877725839614868,0.9852713346481323,0.99,0.77
234515,0.9877725839614868,0.9852713346481323,0.99,0.77
234615,0.9877725839614868,0.9852713346481323,0.99,0.77
234715,0.9877725839614868,0.9852713346481323,0.99,0.77
234815,0.9877725839614868,0.9852713346481323,0.99,0.77
234915,0.9877725839614868,0.9852713346481323,0.99,0.77
235015,0.9877725839614868,0.9852713346481323,0.99,0.77
235115,0.9877725839614868,0.9852713346481323,0.99,0.77
235215,0.9877725839614868,0.9852713346481323,0.99,0.77
235315,0.9877725839614868,0.9852713346481323,0.99,0.77
235415,0.9877725839614868,0.9852713346481323,0.99,0.77
235515,0.9877725839614868,0.9852713346481323,0.99,0.77
235615,0.9877725839614868,0.9852713346481323,0.99,0.77
235715,0.9877725839614868,0.9852713346481323,0.99,0.77
235815,0.9877725839614868,0.9852713346481323,0.99,0.77
235915,0.9877725839614868,0.9852713346481323,0.99,0.77
236015,0.9877725839614868,0.9852713346481323,0.99,0.77
236115,0.9877725839614868,0.9852713346481323,0.99,0.77
236215,0.9877725839614868,0.9852713346481323,0.99,0.77
236315,0.9877725839614868,0.9852713346481323,0.99,0.77
236415,0.9877725839614868,0.9852713346481323,0.99,0.77
236515,0.9877725839614868,0.9852713346481323,0.99,0.77
236615,0.9877725839614868,0.9852713346481323,0.99,0.77
236715,0.9877725839614868,0.9852713346481323,0.99,0.77
236815,0.9877725839614868,0.9852713346481323,0.99,0.77
236915,0.9877725839614868,0.9852713346481323,0.99,0.77
237015,0.9877725839614868,0.9852713346481323,0.99,0.77
237115,0.9877725839614868,0.9852713346481323,0.99,0.77
237215,0.9877725839614868,0.9852713346481323,0.99,0.77
237315,0.9877725839614868,0.9852713346481323,0.99,0.77
237415,0.9877725839614868,0.9852713346481323,0.99,0.77
237515,0.9877725839614868,0.9852713346481323,0.99,0.77
237615,0.9877725839614868,0.9852713346481323,0.99,0.77
237715,0.9877725839614868,0.9852713346481323,0.99,0.77
237815,0.9877725839614868,0.9852713346481323,0.99,0.77
237915,0.9877725839614868,0.9852713346481323,0.99,0.77
238015,0.9877725839614868,0.9852713346481323,0.99,0.77
238115,0.9877725839614868,0.9852713346481323,0.99,0.77
238215,0.9877725839614868,0.9852713346481323,0.99,0.77
238315,0.9877725839614868,0.9852713346481323,0.99,0.77
238415,0.9877725839614868,0.9852713346481323,0.99,0.77
238515,0.9877725839614868,0.9852713346481323,0.99,0.77
238615,0.9877725839614868,0.9852713346481323,0.99,0.77
238715,0.9877725839614868,0.9852713346481323,0.99,0.77
238815,0.9877725839614868,0.9852713346481323,0.99,0.77
238915,0.9877725839614868,0.9852713346481323,0.99,0.77
239015,0.9877725839614868,0.9852713346481323,0.99,0.77
239115,0.9877725839614868,0.9852713346481323,0.99,0.77
239215,0.9877725839614868,0.9852713346481323,0.99,0.77
239315,0.9877725839614868,0.9852713346481323,0.99,0.77
239415,0.9877725839614868,0.9852713346481323,0.99,0.77
239515,0.9877725839614868,0.9852713346481323,0.99,0.77
239615,0.9877725839614868,0.9852713346481323,0.99,0.77
239715,0.9877725839614868,0.9852713346481323,0.99,0.77
239815,0.9877725839614868,0.9852713346481323,0.99,0.77
239915,0.9877725839614868,0.9852713346481323,0.99,0.77
240015,0.9877725839614868,0.9852713346481323,0.99,0.77
240115,0.9877725839614868,0.9852713346481323,0.99,0.77
240215,0.9877725839614868,0.9852713346481323,0.99,0.77
240315,0.9877725839614868,0.9852713346481323,0.99,0.77
240415,0.9877725839614868,0.9852713346481323,0.99,0.77
240515,0.9877725839614868,0.9852713346481323,0.99,0.77
240615,0.9877725839614868,0.9852713346481323,0.99,0.77
240715,0.9877725839614868,0.9852713346481323,0.99,0.77
240815,0.9877725839614868,0.9852713346481323,0.99,0.77
240915,0.9877725839614868,0.9852713346481323,0.99,0.77
241015,0.9877725839614868,0.9852713346481323,0.99,0.77
241115,0.9877725839614868,0.9852713346481323,0.99,0.77
241215,0.9877725839614868,0.9852713346481323,0.99,0.77
241315,0.9877725839614868,0.9852713346481323,0.99,0.77
241415,0.9877725839614868,0.9852713346481323,0.99,0.77
241515,0.9877725839614868,0.9852713346481323,0.99,0.77
241615,0.9877725839614868,0.9852713346481323,0.99,0.77
241715,0.9877725839614868,0.9852713346481323,0.99,0.77
241815,0.9877725839614868,0.9852713346481323,0.99,0.77
241915,0.9877725839614868,0.9852713346481323,0.99,0.77
242015,0.9877725839614868,0.9852713346481323,0.99,0.77
242115,0.9877725839614868,0.9852713346481323,0.99,0.77
242215,0.9877725839614868,0.9852713346481323,0.99,0.77
242315,0.9877725839614868,0.9852713346481323,0.99,0.77
242415,0.9877725839614868,0.9852713346481323,0.99,0.77
242515,0.9877725839614868,0.9852713346481323,0.99,0.77
242615,0.9877725839614868,0.9852713346481323,0.99,0.77
242715,0.9877725839614868,0.9852713346481323,0.99,0.77
242815,0.9877725839614868,0.9852713346481323,0.99,0.77
242915,0.9877725839614868,0.9852713346481323,0.99,0.77
243015,0.9877725839614868,0.9852713346481323,0.99,0.77
243115,0.9877725839614868,0.9852713346481323,0.99,0.77
243215,0.9877725839614868,0.9852713346481323,0.99,0.77
243315,0.9877725839614868,0.9852713346481323,0.99,0.77
243415,0.9877725839614868,0.9852713346481323,0.99,0.77
243515,0.9877725839614868,0.9852713346481323,0.99,0.77
243615,0.9877725839614868,0.9852713346481323,0.99,0.77
243715,0.9877725839614868,0.9852713346481323,0.99,0.77
243815,0.9877725839614868,0.9852713346481323,0.99,0.77
243915,0.9877725839614868,0.9852713346481323,0.99,0.77
244015,0.9877725839614868,0.9852713346481323,0.99,0.77
244115,0.9877725839614868,0.9852713346481323,0.99,0.77
244215,0.9877725839614868,0.9852713346481323,0.99,0.77
244315,0.9877725839614868,0.9852713346481323,0.99,0.77
244415,0.9877725839614868,0.9852713346481323,0.99,0.77
244515,0.9877725839614868,0.9852713346481323,0.99,0.77
244615,0.9877725839614868,0.9852713346481323,0.99,0.77
244715,0.9877725839614868,0.9852713346481323,0.99,0.77
244815,0.9877725839614868,0.9852713346481323,0.99,0.77
244915,0.9877725839614868,0.9852713346481323,0.99,0.77
245015,0.9877725839614868,0.9852713346481323,0.98,0.77
245115,0.9877725839614868,0.9852713346481323,0.98,0.77
245215,0.9877725839614868,0.9852713346481323,0.98,0.77
245315,0.9877725839614868,0.9852713346481323,0.98,0.77
245415,0.9877725839614868,0.9852713346481323,0.98,0.77
245515,0.9877725839614868,0.9852713346481323,0.98,0.77
245615,0.9877725839614868,0.9852713346481323,0.98,0.77
245715,0.9877725839614868,0.9852713346481323,0.98,0.77
245815,0.9877725839614868,0.9852713346481323,0.98,0.77
245915,0.9877725839614868,0.9852713346481323,0.98,0.77
246015,0.9877725839614868,0.9852713346481323,0.98,0.77
246115,0.9877725839614868,0.9852713346481323,0.98,0.77
246215,0.9877725839614868,0.9852713346481323,0.99,0.77
246315,0.9877725839614868,0.9852713346481323,0.99,0.77
246415,0.9877725839614868,0.9852713346481323,0.99,0.77
246515,0.9877725839614868,0.9852713346481323,0.99,0.77
246615,0.9877725839614868,0.9852713346481323,0.99,0.77
246715,0.9877725839614868,0.9852713346481323,0.99,0.77
246815,0.9877725839614868,0.9852713346481323,0.99,0.77
246915,0.9877725839614868,0.9852713346481323,0.99,0.77
247015,0.9877725839614868,0.9852713346481323,0.99,0.77
247115,0.9877725839614868,0.9852713346481323,0.99,0.77
247215,0.9877725839614868,0.9852713346481323,0.99,0.77
247315,0.9877725839614868,0.9852713346481323,0.99,0.77
247415,0.9877725839614868,0.9852713346481323,0.99,0.77
247515,0.9877725839614868,0.9852713346481323,0.99,0.77
247615,0.9877725839614868,0.9852713346481323,0.99,0.77
247715,0.9877725839614868,0.9852713346481323,0.99,0.77
247815,0.9877725839614868,0.9852713346481323,0.99,0.77
247915,0.9877725839614868,0.9852713346481323,0.99,0.77
248015,0.9877725839614868,0.9852713346481323,0.99,0.77
248115,0.9877725839614868,0.9852713346481323,0.99,0.77
248215,0.9877725839614868,0.9852713346481323,0.99,0.77
248315,0.9877725839614868,0.9852713346481323,0.99,0.77
248415,0.9877725839614868,0.9852713346481323,0.99,0.77
248515,0.9877725839614868,0.9852713346481323,0.99,0.77
248615,0.9877725839614868,0.9852713346481323,0.99,0.77
248715,0.9877725839614868,0.9852713346481323,0.99,0.77
248815,0.9877725839614868,0.9852713346481323,0.99,0.77
248915,0.9877725839614868,0.9852713346481323,0.99,0.77
249015,0.9877725839614868,0.9852713346481323,0.99,0.77
249115,0.9877725839614868,0.9852713346481323,0.99,0.77
249215,0.9877725839614868,0.9852713346481323,0.99,0.77
249315,0.9877725839614868,0.9852713346481323,0.99,0.77
249415,0.9877725839614868,0.9852713346481323,0.99,0.77
249515,0.9877725839614868,0.9852713346481323,0.99,0.77
249615,0.9877725839614868,0.9852713346481323,0.99,0.77
249715,0.9877725839614868,0.9852713346481323,0.99,0.77
249815,0.9877725839614868,0.9852713346481323,0.99,0.77
249915,0.9877725839614868,0.9852713346481323,0.99,0.77
250015,0.9877725839614868,0.9852713346481323,0.99,0.77
250115,0.9877725839614868,0.9852713346481323,0.99,0.77
250215,0.9877725839614868,0.9852713346481323,0.99,0.77
250315,0.9877725839614868,0.9852713346481323,0.99,0.77
250415,0.9877725839614868,0.9852713346481323,0.99,0.77
250515,0.9877725839614868,0.9852713346481323,0.99,0.77
250615,0.9877725839614868,0.9852713346481323,0.99,0.77
250715,0.9877725839614868,0.9852713346481323,0.99,0.77
250815,0.9877725839614868,0.9852713346481323,0.99,0.77
250915,0.9877725839614868,0.9852713346481323,0.99,0.77
251015,0.9877725839614868,0.9852713346481323,0.99,0.77
251115,0.9877725839614868,0.9852713346481323,0.99,0.77
251215,0.9877725839614868,0.9852713346481323,0.99,0.77
251315,0.9877725839614868,0.9852713346481323,0.99,0.77
251415,0.9877725839614868,0.9852713346481323,0.99,0.77
251515,0.9877725839614868,0.9852713346481323,0.99,0.77
251615,0.9877725839614868,0.9852713346481323,0.99,0.77
251715,0.9877725839614868,0.9852713346481323,0.99,0.77
251815,0.9877725839614868,0.9852713346481323,0.99,0.77
251915,0.9877725839614868,0.9852713346481323,0.99,0.77
252015,0.9877725839614868,0.9852713346481323,0.99,0.77
252115,0.9877725839614868,0.9852713346481323,0.99,0.77
252215,0.9877725839614868,0.9852713346481323,0.99,0.77
252315,0.9877725839614868,0.9852713346481323,0.99,0.77
252415,0.9877725839614868,0.9852713346481323,0.99,0.77
252515,0.9877725839614868,0.9852713346481323,0.99,0.77
252615,0.9877725839614868,0.9852713346481323,0.99,0.77
252715,0.9877725839614868,0.9852713346481323,0.99,0.77
252815,0.9877725839614868,0.9852713346481323,0.99,0.77
278955,0.9877725839614868,0.9892001748085022,0.21,0.77
279055,0.9877725839614868,0.9892001748085022,0.23,0.77
279155,0.9877725839614868,0.9892001748085022,0.26,0.77
279255,0.9877725839614868,0.9892001748085022,0.3,0.77
279355,0.9877725839614868,0.9892001748085022,0.33,0.77
279455,0.9877725839614868,0.9892001748085022,0.33,0.77
279555,0.9877725839614868,0.9892001748085022,0.38,0.77
279655,0.9877725839614868,0.9892001748085022,0.38,0.77
279755,0.9877725839614868,0.9892001748085022,0.38,0.77
279855,0.9877725839614868,0.9892001748085022,0.4,0.77
279955,0.9877725839614868,0.9892001748085022,0.42,0.77
280055,0.9877725839614868,0.9892001748085022,0.43,0.77
280155,0.9877725839614868,0.9892001748085022,0.45,0.77
280255,0.9877725839614868,0.9892001748085022,0.45,0.77
280355,0.9877725839614868,0.9892001748085022,0.49,0.77
280455,0.9877725839614868,0.9892001748085022,0.47,0.77
280555,0.9877725839614868,0.9892001748085022,0.48,0.77
280655,0.9877725839614868,0.9892001748085022,0.49,0.77
280755,0.9877725839614868,0.9892001748085022,0.52,0.77
280855,0.9877725839614868,0.9892001748085022,0.52,0.77
280955,0.9877725839614868,0.9892001748085022,0.52,0.77
281055,0.9877725839614868,0.9892001748085022,0.54,0.77
281155,0.9877725839614868,0.9892001748085022,0.55,0.77
281255,0.9877725839614868,0.9892001748085022,0.56,0.77
281355,0.9877725839614868,0.9892001748085022,0.57,0.77
281455,0.9877725839614868,0.9892001748085022,0.6,0.77
281555,0.9877725839614868,0.9892001748085022,0.61,0.77
281655,0.9877725839614868,0.9892001748085022,0.6,0.77
281755,0.9877725839614868,0.9892001748085022,0.6,0.77
281855,0.9877725839614868,0.9892001748085022,0.61,0.77
281955,0.9877725839614868,0.9892001748085022,0.61,0.77
282055,0.9877725839614868,0.9892001748085022,0.61,0.77
282155,0.9877725839614868,0.9892001748085022,0.64,0.77
282255,0.9877725839614868,0.9892001748085022,0.66,0.77
282355,0.9877725839614868,0.9892001748085022,0.65,0.77
282455,0.9877725839614868,0.9892001748085022,0.67,0.77
282555,0.9877725839614868,0.9892001748085022,0.68,0.77
282655,0.9877725839614868,0.9892001748085022,0.7,0.77
282755,0.9877725839614868,0.9892001748085022,0.71,0.77
282855,0.9877725839614868,0.9892001748085022,0.71,0.77
282955,0.9877725839614868,0.9892001748085022,0.71,0.77
283055,0.9877725839614868,0.9892001748085022,0.72,0.77
283155,0.9877725839614868,0.9892001748085022,0.74,0.77
283255,0.9877725839614868,0.9892001748085022,0.74,0.77
283355,0.9877725839614868,0.9892001748085022,0.74,0.77
283455,0.9877725839614868,0.9892001748085022,0.74,0.77
283555,0.9877725839614868,0.9892001748085022,0.76,0.77
283655,0.9877725839614868,0.9892001748085022,0.73,0.77
283755,0.9877725839614868,0.9892001748085022,0.72,0.77
283855,0.9877725839614868,0.9892001748085022,0.72,0.77
283955,0.9877725839614868,0.9892001748085022,0.73,0.77
284055,0.9877725839614868,0.9892001748085022,0.73,0.77
284155,0.9877725839614868,0.9892001748085022,0.74,0.77
284255,0.9877725839614868,0.9892001748085022,0.75,0.77
284355,0.9877725839614868,0.9892001748085022,0.75,0.77
284455,0.9877725839614868,0.9892001748085022,0.76,0.77
284555,0.9877725839614868,0.9892001748085022,0.76,0.77
284655,0.9877725839614868,0.9892001748085022,0.75,0.77
284755,0.9877725839614868,0.9892001748085022,0.73,0.77
284855,0.9877725839614868,0.9892001748085022,0.73,0.77
284955,0.9877725839614868,0.9892001748085022,0.75,0.77
285055,0.9877725839614868,0.9892001748085022,0.75,0.77
285155,0.9877725839614868,0.9892001748085022,0.76,0.77
285255,0.9877725839614868,0.9892001748085022,0.76,0.77
285355,0.9877725839614868,0.9892001748085022,0.76,0.77
285455,0.9877725839614868,0.9892001748085022,0.75,0.77
285555,0.9877725839614868,0.9892001748085022,0.77,0.77
285655,0.9877725839614868,0.9892001748085022,0.78,0.77
285755,0.9877725839614868,0.9892001748085022,0.78,0.77
285855,0.9877725839614868,0.9892001748085022,0.77,0.77
285955,0.9877725839614868,0.9892001748085022,0.77,0.77
286055,0.9877725839614868,0.9892001748085022,0.78,0.77
286155,0.9877725839614868,0.9892001748085022,0.79,0.77
286255,0.9877725839614868,0.9892001748085022,0.78,0.77
286355,0.9877725839614868,0.9892001748085022,0.78,0.77
286455,0.9877725839614868,0.9892001748085022,0.79,0.77
286555,0.9877725839614868,0.9892001748085022,0.79,0.77
286655,0.9877725839614868,0.9892001748085022,0.8,0.77
286755,0.9877725839614868,0.9892001748085022,0.81,0.77
286855,0.9877725839614868,0.9892001748085022,0.8,0.77
286955,0.9877725839614868,0.9892001748085022,0.79,0.77
287055,0.9877725839614868,0.9892001748085022,0.8,0.77
287155,0.9877725839614868,0.9892001748085022,0.79,0.77
287255,0.9877725839614868,0.9892001748085022,0.79,0.77
287355,0.9877725839614868,0.9892001748085022,0.78,0.77
287455,0.9877725839614868,0.9892001748085022,0.76,0.77
287555,0.9877725839614868,0.9892001748085022,0.76,0.77
287655,0.9877725839614868,0.9892001748085022,0.75,0.77
287755,0.9877725839614868,0.9892001748085022,0.75,0.77
287855,0.9877725839614868,0.9892001748085022,0.75,0.77
287955,0.9877725839614868,0.9892001748085022,0.75,0.77
288055,0.9877725839614868,0.9892001748085022,0.75,0.77
288155,0.9877725839614868,0.9892001748085022,0.74,0.77
288255,0.9877725839614868,0.9892001748085022,0.76,0.77
288355,0.9877725839614868,0.9892001748085022,0.76,0.77
288455,0.9877725839614868,0.9892001748085022,0.77,0.77
288555,0.9877725839614868,0.9892001748085022,0.74,0.77
288655,0.9877725839614868,0.9892001748085022,0.72,0.77
288755,0.9877725839614868,0.9892001748085022,0.73,0.77
288855,0.9877725839614868,0.9892001748085022,0.72,0.77
288955,0.9877725839614868,0.9892001748085022,0.73,0.77
289055,0.9877725839614868,0.9892001748085022,0.74,0.77
289155,0.9877725839614868,0.9892001748085022,0.73,0.77
289255,0.9877725839614868,0.9892001748085022,0.73,0.77
289355,0.9877725839614868,0.9892001748085022,0.72,0.77
289455,0.9877725839614868,0.9892001748085022,0.72,0.77
289555,0.9877725839614868,0.9892001748085022,0.73,0.77
289655,0.9877725839614868,0.9892001748085022,0.73,0.77
289755,0.9877725839614868,0.9892001748085022,0.73,0.77
289855,0.9877725839614868,0.9892001748085022,0.71,0.77
289955,0.9877725839614868,0.9892001748085022,0.71,0.77
290055,0.9877725839614868,0.9892001748085022,0.73,0.77
290155,0.9877725839614868,0.9892001748085022,0.72,0.77
290255,0.9877725839614868,0.9892001748085022,0.73,0.77
290355,0.9877725839614868,0.9892001748085022,0.73,0.77
290455,0.9877725839614868,0.9892001748085022,0.72,0.77
290555,0.9877725839614868,0.9892001748085022,0.73,0.77
290655,0.9877725839614868,0.9892001748085022,0.72,0.77
290755,0.9877725839614868,0.9892001748085022,0.71,0.77
290855,0.9877725839614868,0.9892001748085022,0.71,0.77
290955,0.9877725839614868,0.9892001748085022,0.71,0.77
291055,0.9877725839614868,0.9892001748085022,0.7,0.77
291155,0.9877725839614868,0.9892001748085022,0.71,0.77
291255,0.9877725839614868,0.9892001748085022,0.71,0.77
291355,0.9877725839614868,0.9892001748085022,0.71,0.77
291455,0.9877725839614868,0.9892001748085022,0.71,0.77
291555,0.9877725839614868,0.9892001748085022,0.71,0.77
291655,0.9877725839614868,0.9892001748085022,0.73,0.77
291755,0.9877725839614868,0.9892001748085022,0.71,0.77
291855,0.9877725839614868,0.9892001748085022,0.68,0.77
291955,0.9877725839614868,0.9892001748085022,0.69,0.77
292055,0.9877725839614868,0.9892001748085022,0.7,0.77
292155,0.9877725839614868,0.9892001748085022,0.71,0.77
292255,0.9877725839614868,0.9892001748085022,0.71,0.77
292355,0.9877725839614868,0.9892001748085022,0.7,0.77
292455,0.9877725839614868,0.9892001748085022,0.7,0.77
292555,0.9877725839614868,0.9892001748085022,0.69,0.77
292655,0.9877725839614868,0.9892001748085022,0.7,0.77
292755,0.9877725839614868,0.9892001748085022,0.69,0.77
292855,0.9877725839614868,0.9892001748085022,0.71,0.77
292955,0.9877725839614868,0.9892001748085022,0.71,0.77
293055,0.9877725839614868,0.9892001748085022,0.73,0.77
293155,0.9877725839614868,0.9892001748085022,0.73,0.77
293255,0.9877725839614868,0.9892001748085022,0.72,0.77
293355,0.9877725839614868,0.9892001748085022,0.73,0.77
293455,0.9877725839614868,0.9892001748085022,0.74,0.77
293555,0.9877725839614868,0.9892001748085022,0.74,0.77
293655,0.9877725839614868,0.9892001748085022,0.77,0.77
293755,0.9877725839614868,0.9892001748085022,0.77,0.77
293855,0.9877725839614868,0.9892001748085022,0.76,0.77
293955,0.9877725839614868,0.9892001748085022,0.77,0.77
294055,0.9877725839614868,0.9892001748085022,0.76,0.77
294155,0.9877725839614868,0.9892001748085022,0.74,0.77
294255,0.9877725839614868,0.9892001748085022,0.72,0.77
294355,0.9877725839614868,0.9892001748085022,0.72,0.77
294455,0.9877725839614868,0.9892001748085022,0.72,0.77
294555,0.9877725839614868,0.9892001748085022,0.72,0.77
294655,0.9877725839614868,0.9892001748085022,0.71,0.77
294755,0.9877725839614868,0.9892001748085022,0.71,0.77
294855,0.9877725839614868,0.9892001748085022,0.73,0.77
294955,0.9877725839614868,0.9892001748085022,0.75,0.77
295055,0.9877725839614868,0.9892001748085022,0.76,0.77
295155,0.9877725839614868,0.9892001748085022,0.78,0.77
295255,0.9877725839614868,0.9892001748085022,0.79,0.77
295355,0.9877725839614868,0.9892001748085022,0.78,0.77
295455,0.9877725839614868,0.9892001748085022,0.77,0.77
295555,0.9877725839614868,0.9892001748085022,0.78,0.77
295655,0.9877725839614868,0.9892001748085022,0.78,0.77
295755,0.9877725839614868,0.9892001748085022,0.78,0.77
295855,0.9877725839614868,0.9892001748085022,0.79,0.77
295955,0.9877725839614868,0.9892001748085022,0.78,0.77
296055,0.9877725839614868,0.9892001748085022,0.77,0.77
296155,0.9877725839614868,0.9892001748085022,0.77,0.77
296255,0.9877725839614868,0.9892001748085022,0.78,0.77
296355,0.9877725839614868,0.9892001748085022,0.78,0.77
296455,0.9877725839614868,0.9892001748085022,0.77,0.77
296555,0.9877725839614868,0.9892001748085022,0.78,0.77
296655,0.9877725839614868,0.9892001748085022,0.8,0.77
296755,0.9877725839614868,0.9892001748085022,0.8,0.77
296855,0.9877725839614868,0.9892001748085022,0.78,0.77
296955,0.9877725839614868,0.9892001748085022,0.77,0.77
297055,0.9877725839614868,0.9892001748085022,0.79,0.77
297155,0.9877725839614868,0.9892001748085022,0.79,0.77
297255,0.9877725839614868,0.9892001748085022,0.78,0.77
297355,0.9877725839614868,0.9892001748085022,0.81,0.77
297455,0.9877725839614868,0.9892001748085022,0.81,0.77
297555,0.9877725839614868,0.9892001748085022,0.81,0.77
297655,0.9877725839614868,0.9892001748085022,0.83,0.77
297755,0.9877725839614868,0.9892001748085022,0.81,0.77
297855,0.9877725839614868,0.9892001748085022,0.8,0.77
297955,0.9877725839614868,0.9892001748085022,0.79,0.77
298055,0.9877725839614868,0.9892001748085022,0.79,0.77
298155,0.9877725839614868,0.9892001748085022,0.79,0.77
298255,0.9877725839614868,0.9892001748085022,0.8,0.77
298355,0.9877725839614868,0.9892001748085022,0.8,0.77
298455,0.9877725839614868,0.9892001748085022,0.8,0.77
298555,0.9877725839614868,0.9892001748085022,0.8,0.77
298655,0.9877725839614868,0.9892001748085022,0.77,0.77
298755,0.9877725839614868,0.9892001748085022,0.78,0.77
298855,0.9877725839614868,0.9892001748085022,0.77,0.77
298955,0.9877725839614868,0.9892001748085022,0.77,0.77
299055,0.9877725839614868,0.9892001748085022,0.75,0.77
299155,0.9877725839614868,0.9892001748085022,0.75,0.77
299255,0.9877725839614868,0.9892001748085022,0.74,0.77
299355,0.9877725839614868,0.9892001748085022,0.73,0.77
299455,0.9877725839614868,0.9892001748085022,0.74,0.77
299555,0.9877725839614868,0.9892001748085022,0.74,0.77
299655,0.9877725839614868,0.9892001748085022,0.74,0.77
299755,0.9877725839614868,0.9892001748085022,0.74,0.77
299855,0.9877725839614868,0.9892001748085022,0.75,0.77
299955,0.9877725839614868,0.9892001748085022,0.76,0.77
300055,0.9877725839614868,0.9892001748085022,0.77,0.77
300155,0.9877725839614868,0.9892001748085022,0.76,0.77
300255,0.9877725839614868,0.9892001748085022,0.77,0.77
300355,0.9877725839614868,0.9892001748085022,0.77,0.77
300455,0.9877725839614868,0.9892001748085022,0.76,0.77
300555,0.9877725839614868,0.9892001748085022,0.75,0.77
300655,0.9877725839614868,0.9892001748085022,0.75,0.77
300755,0.9877725839614868,0.9892001748085022,0.77,0.77
300855,0.9877725839614868,0.9892001748085022,0.79,0.77
300955,0.9877725839614868,0.9892001748085022,0.78,0.77
301055,0.9877725839614868,0.9892001748085022,0.77,0.77
301155,0.9877725839614868,0.9892001748085022,0.77,0.77
301255,0.9877725839614868,0.9892001748085022,0.76,0.77
301355,0.9877725839614868,0.9892001748085022,0.76,0.77
301455,0.9877725839614868,0.9892001748085022,0.77,0.77
301555,0.9877725839614868,0.9892001748085022,0.76,0.77
301655,0.9877725839614868,0.9892001748085022,0.79,0.77
301755,0.9877725839614868,0.9892001748085022,0.79,0.77
301855,0.9877725839614868,0.9892001748085022,0.8,0.77
301955,0.9877725839614868,0.9892001748085022,0.81,0.77
302055,0.9877725839614868,0.9892001748085022,0.8,0.77
302155,0.9877725839614868,0.9892001748085022,0.8,0.77
302255,0.9877725839614868,0.9892001748085022,0.78,0.77
302355,0.9877725839614868,0.9892001748085022,0.78,0.77
302455,0.9877725839614868,0.9892001748085022,0.8,0.77
302555,0.9877725839614868,0.9892001748085022,0.81,0.77
302655,0.9877725839614868,0.9892001748085022,0.82,0.77
302755,0.9877725839614868,0.9892001748085022,0.81,0.77
302855,0.9877725839614868,0.9892001748085022,0.8,0.77
302955,0.9877725839614868,0.9892001748085022,0.78,0.77
303055,0.9877725839614868,0.9892001748085022,0.76,0.77
303155,0.9877725839614868,0.9892001748085022,0.77,0.77
303255,0.9877725839614868,0.9892001748085022,0.78,0.77
303355,0.9877725839614868,0.9892001748085022,0.77,0.77
303455,0.9877725839614868,0.9892001748085022,0.77,0.77
303555,0.9877725839614868,0.9892001748085022,0.79,0.77
303655,0.9877725839614868,0.9892001748085022,0.78,0.77
303755,0.9877725839614868,0.9892001748085022,0.79,0.77
303855,0.9877725839614868,0.9892001748085022,0.79,0.77
303955,0.9877725839614868,0.9892001748085022,0.79,0.77
304055,0.9877725839614868,0.9892001748085022,0.79,0.77
304155,0.9877725839614868,0.9892001748085022,0.79,0.77
304255,0.9877725839614868,0.9892001748085022,0.79,0.77
304355,0.9877725839614868,0.9892001748085022,0.78,0.77
304455,0.9877725839614868,0.9892001748085022,0.75,0.77
304555,0.9877725839614868,0.9892001748085022,0.77,0.77
304655,0.9877725839614868,0.9892001748085022,0.76,0.77
304755,0.9877725839614868,0.9892001748085022,0.76,0.77
304855,0.9877725839614868,0.9892001748085022,0.76,0.77
304955,0.9877725839614868,0.9892001748085022,0.77,0.77
305055,0.9877725839614868,0.9892001748085022,0.79,0.77
305155,0.9877725839614868,0.9892001748085022,0.81,0.77
305255,0.9877725839614868,0.9892001748085022,0.81,0.77
305355,0.9877725839614868,0.9892001748085022,0.79,0.77
305455,0.9877725839614868,0.9892001748085022,0.8,0.77
305555,0.9877725839614868,0.9892001748085022,0.76,0.77
305655,0.9877725839614868,0.9892001748085022,0.75,0.77
305755,0.9877725839614868,0.9892001748085022,0.76,0.77
305855,0.9877725839614868,0.9892001748085022,0.75,0.77
305955,0.9877725839614868,0.9892001748085022,0.75,0.77
306055,0.9877725839614868,0.9892001748085022,0.76,0.77
306155,0.9877725839614868,0.9892001748085022,0.76,0.77
306255,0.9877725839614868,0.9892001748085022,0.75,0.77
306355,0.9877725839614868,0.9892001748085022,0.75,0.77
306455,0.9877725839614868,0.9892001748085022,0.76,0.77
306555,0.9877725839614868,0.9892001748085022,0.78,0.77
306655,0.9877725839614868,0.9892001748085022,0.77,0.77
334555,0.9877725839614868,0.9892001748085022,0.01,0.76
334655,0.9877725839614868,0.9892001748085022,0.01,0.76
334755,0.9877725839614868,0.9892001748085022,0.01,0.76
334855,0.9877725839614868,0.9892001748085022,0.01,0.76
334955,0.9877725839614868,0.9892001748085022,0.01,0.76
335055,0.9877725839614868,0.9892001748085022,0.01,0.76
335155,0.9877725839614868,0.9892001748085022,0.01,0.76
335255,0.9877725839614868,0.9892001748085022,0.01,0.76
335355,0.9877725839614868,0.9892001748085022,0.01,0.76
335455,0.9877725839614868,0.9892001748085022,0.01,0.76
335555,0.9877725839614868,0.9892001748085022,0.01,0.76
335655,0.9877725839614868,0.9892001748085022,0.01,0.76
335755,0.9877725839614868,0.9892001748085022,0.01,0.76
335855,0.9877725839614868,0.9892001748085022,0.01,0.76
335955,0.9877725839614868,0.9892001748085022,0.01,0.76
336055,0.9877725839614868,0.9892001748085022,0.01,0.76
336155,0.9877725839614868,0.9892001748085022,0.01,0.76
336255,0.9877725839614868,0.9892001748085022,0.01,0.76
336355,0.9877725839614868,0.9892001748085022,0.01,0.76
336455,0.9877725839614868,0.9892001748085022,0.01,0.76
336555,0.9877725839614868,0.9892001748085022,0.01,0.76
336655,0.9877725839614868,0.9892001748085022,0.01,0.76
336755,0.9877725839614868,0.9892001748085022,0.01,0.76
336855,0.9877725839614868,0.9892001748085022,0.01,0.76
336955,0.9877725839614868,0.9892001748085022,0.01,0.76
337055,0.9877725839614868,0.9892001748085022,0.01,0.76
337155,0.9877725839614868,0.9892001748085022,0.01,0.76
337255,0.9877725839614868,0.9892001748085022,0.01,0.76
337355,0.9877725839614868,0.9892001748085022,0.01,0.76
337455,0.9877725839614868,0.9892001748085022,0.01,0.76
337555,0.9877725839614868,0.9892001748085022,0.01,0.76
337655,0.9877725839614868,0.9892001748085022,0.01,0.76
337755,0.9877725839614868,0.9892001748085022,0.01,0.76
337855,0.9877725839614868,0.9892001748085022,0.01,0.76
337955,0.9877725839614868,0.9892001748085022,0.01,0.76
338055,0.9877725839614868,0.9892001748085022,0.01,0.76
338155,0.9877725839614868,0.9892001748085022,0.01,0.76
338255,0.9877725839614868,0.9892001748085022,0.01,0.76
338355,0.9877725839614868,0.9892001748085022,0.01,0.76
338455,0.9877725839614868,0.9892001748085022,0.01,0.76
338555,0.9877725839614868,0.9892001748085022,0.01,0.76
338655,0.9877725839614868,0.9892001748085022,0.01,0.76
338755,0.9877725839614868,0.9892001748085022,0.01,0.76
338855,0.9877725839614868,0.9892001748085022,0.01,0.76
338955,0.9877725839614868,0.9892001748085022,0.01,0.76
339055,0.9877725839614868,0.9892001748085022,0.01,0.76
339155,0.9877725839614868,0.9892001748085022,0.01,0.76
339255,0.9877725839614868,0.9892001748085022,0.01,0.76
339355,0.9877725839614868,0.9892001748085022,0.01,0.76
339455,0.9877725839614868,0.9892001748085022,0.01,0.76
339555,0.9877725839614868,0.9892001748085022,0.01,0.76
339655,0.9877725839614868,0.9892001748085022,0.01,0.76
339755,0.9877725839614868,0.9892001748085022,0.01,0.76
339855,0.9877725839614868,0.9892001748085022,0.01,0.76
339955,0.9877725839614868,0.9892001748085022,0.01,0.76
340055,0.9877725839614868,0.9892001748085022,0.01,0.76
340155,0.9877725839614868,0.9892001748085022,0.01,0.76
340255,0.9877725839614868,0.9892001748085022,0.01,0.76
340355,0.9877725839614868,0.9892001748085022,0.01,0.76
340455,0.9877725839614868,0.9892001748085022,0.01,0.76
340555,0.9877725839614868,0.9892001748085022,0.01,0.76
340655,0.9877725839614868,0.9892001748085022,0.01,0.76
340755,0.9877725839614868,0.9892001748085022,0.01,0.76
340855,0.9877725839614868,0.9892001748085022,0.01,0.76
340955,0.9877725839614868,0.9892001748085022,0.01,0.76
341055,0.9877725839614868,0.9892001748085022,0.01,0.76
341155,0.9877725839614868,0.9892001748085022,0.01,0.76
341255,0.9877725839614868,0.9892001748085022,0.01,0.76
341355,0.9877725839614868,0.9892001748085022,0.01,0.76
341455,0.9877725839614868,0.9892001748085022,0.01,0.76
341555,0.9877725839614868,0.9892001748085022,0.01,0.76
341655,0.9877725839614868,0.9892001748085022,0.01,0.76
341755,0.9877725839614868,0.9892001748085022,0.01,0.76
341855,0.9877725839614868,0.9892001748085022,0.01,0.76
341955,0.9877725839614868,0.9892001748085022,0.01,0.76
342055,0.9877725839614868,0.9892001748085022,0.01,0.76
342155,0.9877725839614868,0.9892001748085022,0.01,0.76
342255,0.9877725839614868,0.9892001748085022,0.01,0.76
342355,0.9877725839614868,0.9892001748085022,0.01,0.76
342455,0.9877725839614868,0.9892001748085022,0.01,0.76
342555,0.9877725839614868,0.9892001748085022,0.01,0.76
342655,0.9877725839614868,0.9892001748085022,0.01,0.76
342755,0.9877725839614868,0.9892001748085022,0.01,0.76
342855,0.9877725839614868,0.9892001748085022,0.01,0.76
342955,0.9877725839614868,0.9892001748085022,0.01,0.76
343055,0.9877725839614868,0.9892001748085022,0.01,0.76
343155,0.9877725839614868,0.9892001748085022,0.01,0.76
343255,0.9877725839614868,0.9892001748085022,0.01,0.76
343355,0.9877725839614868,0.9892001748085022,0.01,0.76
343455,0.9877725839614868,0.9892001748085022,0.01,0.76
343555,0.9877725839614868,0.9892001748085022,0.01,0.76
343655,0.9877725839614868,0.9892001748085022,0.01,0.76
343755,0.9877725839614868,0.9892001748085022,0.01,0.76
343855,0.9877725839614868,0.9892001748085022,0.01,0.76
343955,0.9877725839614868,0.9892001748085022,0.01,0.76
344055,0.9877725839614868,0.9892001748085022,0.01,0.76
344155,0.9877725839614868,0.9892001748085022,0.01,0.76
344255,0.9877725839614868,0.9892001748085022,0.01,0.76
344355,0.9877725839614868,0.9892001748085022,0.01,0.76
344455,0.9877725839614868,0.9892001748085022,0.01,0.76
344555,0.9877725839614868,0.9892001748085022,0.01,0.76
344655,0.9877725839614868,0.9892001748085022,0.01,0.76
344755,0.9877725839614868,0.9892001748085022,0.01,0.76
344855,0.9877725839614868,0.9892001748085022,0.01,0.76
344955,0.9877725839614868,0.9892001748085022,0.01,0.76
345055,0.9877725839614868,0.9892001748085022,0.01,0.76
345155,0.9877725839614868,0.9892001748085022,0.01,0.76
345255,0.9877725839614868,0.9892001748085022,0.01,0.76
345355,0.9877725839614868,0.9892001748085022,0.01,0.76
345455,0.9877725839614868,0.9892001748085022,0.01,0.76
345555,0.9877725839614868,0.9892001748085022,0.01,0.76
345655,0.9877725839614868,0.9892001748085022,0.01,0.76
345755,0.9877725839614868,0.9892001748085022,0.01,0.76
345855,0.9877725839614868,0.9892001748085022,0.01,0.76
345955,0.9877725839614868,0.9892001748085022,0.01,0.76
346055,0.9877725839614868,0.9892001748085022,0.01,0.76
346155,0.9877725839614868,0.9892001748085022,0.01,0.76
346255,0.9877725839614868,0.9892001748085022,0.01,0.76
346355,0.9877725839614868,0.9892001748085022,0.01,0.76
346455,0.9877725839614868,0.9892001748085022,0.01,0.76
346555,0.9877725839614868,0.9892001748085022,0.01,0.76
346655,0.9877725839614868,0.9892001748085022,0.01,0.76
346755,0.9877725839614868,0.9892001748085022,0.01,0.76
346855,0.9877725839614868,0.9892001748085022,0.01,0.76
346955,0.9877725839614868,0.9892001748085022,0.01,0.76
347055,0.9877725839614868,0.9892001748085022,0.01,0.76
347155,0.9877725839614868,0.9892001748085022,0.01,0.76
347255,0.9877725839614868,0.9892001748085022,0.01,0.76
347355,0.9877725839614868,0.9892001748085022,0.01,0.76
347455,0.9877725839614868,0.9892001748085022,0.01,0.76
347555,0.9877725839614868,0.9892001748085022,0.01,0.76
347655,0.9877725839614868,0.9892001748085022,0.01,0.76
347755,0.9877725839614868,0.9892001748085022,0.01,0.76
347855,0.9877725839614868,0.9892001748085022,0.01,0.76
347955,0.9877725839614868,0.9892001748085022,0.01,0.76
348055,0.9877725839614868,0.9892001748085022,0.01,0.76
348155,0.9877725839614868,0.9892001748085022,0.01,0.76
348255,0.9877725839614868,0.9892001748085022,0.01,0.76
348355,0.9877725839614868,0.9892001748085022,0.01,0.76
348455,0.9877725839614868,0.9892001748085022,0.01,0.76
348555,0.9877725839614868,0.9892001748085022,0.01,0.76
348655,0.9877725839614868,0.9892001748085022,0.01,0.76
348755,0.9877725839614868,0.9892001748085022,0.01,0.76
348855,0.9877725839614868,0.9892001748085022,0.01,0.76
348955,0.9877725839614868,0.9892001748085022,0.01,0.76
349055,0.9877725839614868,0.9892001748085022,0.01,0.76
349155,0.9877725839614868,0.9892001748085022,0.01,0.76
349255,0.9877725839614868,0.9892001748085022,0.01,0.76
349355,0.9877725839614868,0.9892001748085022,0.01,0.76
349455,0.9877725839614868,0.9892001748085022,0.01,0.76
349555,0.9877725839614868,0.9892001748085022,0.01,0.76
349655,0.9877725839614868,0.9892001748085022,0.01,0.76
349755,0.9877725839614868,0.9892001748085022,0.01,0.76
349855,0.9877725839614868,0.9892001748085022,0.01,0.76
349955,0.9877725839614868,0.9892001748085022,0.01,0.76
350055,0.9877725839614868,0.9892001748085022,0.01,0.76
350155,0.9877725839614868,0.9892001748085022,0.01,0.76
350255,0.9877725839614868,0.9892001748085022,0.01,0.76
350355,0.9877725839614868,0.9892001748085022,0.01,0.76
350455,0.9877725839614868,0.9892001748085022,0.01,0.76
350555,0.9877725839614868,0.9892001748085022,0.01,0.76
350655,0.9877725839614868,0.9892001748085022,0.01,0.76
350755,0.9877725839614868,0.9892001748085022,0.01,0.76
350855,0.9877725839614868,0.9892001748085022,0.01,0.76
350955,0.9877725839614868,0.9892001748085022,0.01,0.76
351055,0.9877725839614868,0.9892001748085022,0.01,0.76
351155,0.9877725839614868,0.9892001748085022,0.01,0.76
351255,0.9877725839614868,0.9892001748085022,0.01,0.76
351355,0.9877725839614868,0.9892001748085022,0.01,0.76
351455,0.9877725839614868,0.9892001748085022,0.01,0.76
351555,0.9877725839614868,0.9892001748085022,0.01,0.76
351655,0.9877725839614868,0.9892001748085022,0.01,0.76
351755,0.9877725839614868,0.9892001748085022,0.01,0.76
351855,0.9877725839614868,0.9892001748085022,0.01,0.76
351955,0.9877725839614868,0.9892001748085022,0.01,0.76
352055,0.9877725839614868,0.9892001748085022,0.01,0.76
352155,0.9877725839614868,0.9892001748085022,0.01,0.76
352255,0.9877725839614868,0.9892001748085022,0.01,0.76
352355,0.9877725839614868,0.9892001748085022,0.01,0.76
352455,0.9877725839614868,0.9892001748085022,0.01,0.76
352555,0.9877725839614868,0.9892001748085022,0.01,0.76
352655,0.9877725839614868,0.9892001748085022,0.01,0.76
352755,0.9877725839614868,0.9892001748085022,0.01,0.76
352855,0.9877725839614868,0.9892001748085022,0.01,0.76
352955,0.9877725839614868,0.9892001748085022,0.01,0.76
353055,0.9877725839614868,0.9892001748085022,0.01,0.76
353155,0.9877725839614868,0.9892001748085022,0.01,0.76
353255,0.9877725839614868,0.9892001748085022,0.01,0.76
353355,0.9877725839614868,0.9892001748085022,0.01,0.76
353455,0.9877725839614868,0.9892001748085022,0.01,0.76
353555,0.9877725839614868,0.9892001748085022,0.01,0.76
353655,0.9877725839614868,0.9892001748085022,0.01,0.76
353755,0.9877725839614868,0.9892001748085022,0.01,0.76
353855,0.9877725839614868,0.9892001748085022,0.01,0.76
353955,0.9877725839614868,0.9892001748085022,0.01,0.76
354055,0.9877725839614868,0.9892001748085022,0.01,0.76
354155,0.9877725839614868,0.9892001748085022,0.01,0.76
354255,0.9877725839614868,0.9892001748085022,0.01,0.76
354355,0.9877725839614868,0.9892001748085022,0.01,0.76
354455,0.9877725839614868,0.9892001748085022,0.01,0.76
354555,0.9877725839614868,0.9892001748085022,0.01,0.76
354655,0.9877725839614868,0.9892001748085022,0.01,0.76
354755,0.9877725839614868,0.9892001748085022,0.01,0.76
354855,0.9877725839614868,0.9892001748085022,0.01,0.76
354955,0.9877725839614868,0.9892001748085022,0.01,0.76
355055,0.9877725839614868,0.9892001748085022,0.01,0.76
355155,0.9877725839614868,0.9892001748085022,0.01,0.76
355255,0.9877725839614868,0.9892001748085022,0.01,0.76
355355,0.9877725839614868,0.9892001748085022,0.01,0.76
355455,0.9877725839614868,0.9892001748085022,0.01,0.76
355555,0.9877725839614868,0.9892001748085022,0.01,0.76
355655,0.9877725839614868,0.9892001748085022,0.01,0.76
355755,0.9877725839614868,0.9892001748085022,0.01,0.76
355855,0.9877725839614868,0.9892001748085022,0.01,0.76
355955,0.9877725839614868,0.9892001748085022,0.01,0.76
356055,0.9877725839614868,0.9892001748085022,0.01,0.76
356155,0.9877725839614868,0.9892001748085022,0.01,0.76
356255,0.9877725839614868,0.9892001748085022,0.01,0.76
356355,0.9877725839614868,0.9892001748085022,0.01,0.76
356455,0.9877725839614868,0.9892001748085022,0.01,0.76
356555,0.9877725839614868,0.9892001748085022,0.01,0.76
356655,0.9877725839614868,0.9892001748085022,0.01,0.76
356755,0.9877725839614868,0.9892001748085022,0.01,0.76
356855,0.9877725839614868,0.9892001748085022,0.01,0.76
356955,0.9877725839614868,0.9892001748085022,0.01,0.76
357055,0.9877725839614868,0.9892001748085022,0.01,0.76
357155,0.9877725839614868,0.9892001748085022,0.01,0.76
357255,0.9877725839614868,0.9892001748085022,0.01,0.76
357355,0.9877725839614868,0.9892001748085022,0.01,0.76
357455,0.9877725839614868,0.9892001748085022,0.01,0.76
357555,0.9877725839614868,0.9892001748085022,0.01,0.76
357655,0.9877725839614868,0.9892001748085022,0.01,0.76
357755,0.9877725839614868,0.9892001748085022,0.01,0.76
357855,0.9877725839614868,0.9892001748085022,0.01,0.76
357955,0.9877725839614868,0.9892001748085022,0.01,0.76
358055,0.9877725839614868,0.9892001748085022,0.01,0.76
358155,0.9877725839614868,0.9892001748085022,0.01,0.76
358255,0.9877725839614868,0.9892001748085022,0.01,0.76
358355,0.9877725839614868,0.9892001748085022,0.01,0.76
358455,0.9877725839614868,0.9892001748085022,0.01,0.76
358555,0.9877725839614868,0.9892001748085022,0.01,0.76
358655,0.9877725839614868,0.9892001748085022,0.01,0.76
358755,0.9877725839614868,0.9892001748085022,0.01,0.76
358855,0.9877725839614868,0.9892001748085022,0.01,0.76
358955,0.9877725839614868,0.9892001748085022,0.01,0.76
359055,0.9877725839614868,0.9892001748085022,0.01,0.76
359155,0.9877725839614868,0.9892001748085022,0.01,0.76
359255,0.9877725839614868,0.9892001748085022,0.01,0.76
359355,0.9877725839614868,0.9892001748085022,0.01,0.76
359455,0.9877725839614868,0.9892001748085022,0.01,0.76
359555,0.9877725839614868,0.9892001748085022,0.01,0.76
359655,0.9877725839614868,0.9892001748085022,0.01,0.76
359755,0.9877725839614868,0.9892001748085022,0.01,0.76
359855,0.9877725839614868,0.9892001748085022,0.01,0.76
359955,0.9877725839614868,0.9892001748085022,0.01,0.76
360055,0.9877725839614868,0.9892001748085022,0.01,0.76
360155,0.9877725839614868,0.9892001748085022,0.01,0.76
360255,0.9877725839614868,0.9892001748085022,0.01,0.76
360355,0.9877725839614868,0.9892001748085022,0.01,0.76
360455,0.9877725839614868,0.9892001748085022,0.01,0.76
360555,0.9877725839614868,0.9892001748085022,0.01,0.76
360655,0.9877725839614868,0.9892001748085022,0.01,0.76
360755,0.9877725839614868,0.9892001748085022,0.01,0.76
360855,0.9877725839614868,0.9892001748085022,0.01,0.76
360955,0.9877725839614868,0.9892001748085022,0.01,0.76
361055,0.9877725839614868,0.9892001748085022,0.01,0.76
361155,0.9877725839614868,0.9892001748085022,0.01,0.76
361255,0.9877725839614868,0.9892001748085022,0.01,0.76
361355,0.9877725839614868,0.9892001748085022,0.01,0.76
361455,0.9877725839614868,0.9892001748085022,0.01,0.76
361555,0.9877725839614868,0.9892001748085022,0.01,0.76
361655,0.9877725839614868,0.9892001748085022,0.01,0.76
361755,0.9877725839614868,0.9892001748085022,0.01,0.76
361855,0.9877725839614868,0.9892001748085022,0.01,0.76
361955,0.9877725839614868,0.9892001748085022,0.01,0.76
362055,0.9877725839614868,0.9892001748085022,0.01,0.76
362155,0.9877725839614868,0.9892001748085022,0.01,0.76
362255,0.9877725839614868,0.9892001748085022,0.01,0.76
390155,0.9877725839614868,0.9892001748085022,0.01,0.75
390255,0.9877725839614868,0.9892001748085022,0.01,0.75
390355,0.9877725839614868,0.9892001748085022,0.01,0.75
390455,0.9877725839614868,0.9892001748085022,0.01,0.75
390555,0.9877725839614868,0.9892001748085022,0.01,0.75
390655,0.9877725839614868,0.9892001748085022,0.01,0.75
390755,0.9877725839614868,0.9892001748085022,0.01,0.75
390855,0.9877725839614868,0.9892001748085022,0.01,0.75
390955,0.9877725839614868,0.9892001748085022,0.01,0.75
391055,0.9877725839614868,0.9892001748085022,0.01,0.75
391155,0.9877725839614868,0.9892001748085022,0.01,0.75
391255,0.9877725839614868,0.9892001748085022,0.01,0.75
391355,0.9877725839614868,0.9892001748085022,0.01,0.75
391455,0.9877725839614868,0.9892001748085022,0.01,0.75
391555,0.9877725839614868,0.9892001748085022,0.01,0.75
391655,0.9877725839614868,0.9892001748085022,0.01,0.75
391755,0.9877725839614868,0.9892001748085022,0.01,0.75
391855,0.9877725839614868,0.9892001748085022,0.01,0.75
391955,0.9877725839614868,0.9892001748085022,0.01,0.75
392055,0.9877725839614868,0.9892001748085022,0.01,0.75
392155,0.9877725839614868,0.9892001748085022,0.01,0.75
392255,0.9877725839614868,0.9892001748085022,0.01,0.75
392355,0.9877725839614868,0.9892001748085022,0.01,0.75
392455,0.9877725839614868,0.9892001748085022,0.01,0.75
392555,0.9877725839614868,0.9892001748085022,0.01,0.75
392655,0.9877725839614868,0.9892001748085022,0.01,0.75
392755,0.9877725839614868,0.9892001748085022,0.01,0.75
392855,0.9877725839614868,0.9892001748085022,0.01,0.75
392955,0.9877725839614868,0.9892001748085022,0.01,0.75
393055,0.9877725839614868,0.9892001748085022,0.01,0.75
393155,0.9877725839614868,0.9892001748085022,0.01,0.75
393255,0.9877725839614868,0.9892001748085022,0.01,0.75
393355,0.9877725839614868,0.9892001748085022,0.01,0.75
393455,0.9877725839614868,0.9892001748085022,0.01,0.75
393555,0.9877725839614868,0.9892001748085022,0.01,0.75
393655,0.9877725839614868,0.9892001748085022,0.01,0.75
393755,0.9877725839614868,0.9892001748085022,0.01,0.75
393855,0.9877725839614868,0.9892001748085022,0.01,0.75
393955,0.9877725839614868,0.9892001748085022,0.01,0.75
394055,0.9877725839614868,0.9892001748085022,0.01,0.75
394155,0.9877725839614868,0.9892001748085022,0.01,0.75
394255,0.9877725839614868,0.9892001748085022,0.01,0.75
394355,0.9877725839614868,0.9892001748085022,0.01,0.75
394455,0.9877725839614868,0.9892001748085022,0.01,0.75
394555,0.9877725839614868,0.9892001748085022,0.01,0.75
394655,0.9877725839614868,0.9892001748085022,0.01,0.75
394755,0.9877725839614868,0.9892001748085022,0.01,0.75
394855,0.9877725839614868,0.9892001748085022,0.01,0.75
394955,0.9877725839614868,0.9892001748085022,0.01,0.75
395055,0.9877725839614868,0.9892001748085022,0.01,0.75
395155,0.9877725839614868,0.9892001748085022,0.01,0.75
395255,0.9877725839614868,0.9892001748085022,0.01,0.75
395355,0.9877725839614868,0.9892001748085022,0.01,0.75
395455,0.9877725839614868,0.9892001748085022,0.01,0.75
395555,0.9877725839614868,0.9892001748085022,0.01,0.75
395655,0.9877725839614868,0.9892001748085022,0.01,0.75
395755,0.9877725839614868,0.9892001748085022,0.01,0.75
395855,0.9877725839614868,0.9892001748085022,0.01,0.75
395955,0.9877725839614868,0.9892001748085022,0.01,0.75
396055,0.9877725839614868,0.9892001748085022,0.01,0.75
396155,0.9877725839614868,0.9892001748085022,0.01,0.75
396255,0.9877725839614868,0.9892001748085022,0.01,0.75
396355,0.9877725839614868,0.9892001748085022,0.01,0.75
396455,0.9877725839614868,0.9892001748085022,0.01,0.75
396555,0.9877725839614868,0.9892001748085022,0.01,0.75
396655,0.9877725839614868,0.9892001748085022,0.01,0.75
396755,0.9877725839614868,0.9892001748085022,0.01,0.75
396855,0.9877725839614868,0.9892001748085022,0.01,0.75
396955,0.9877725839614868,0.9892001748085022,0.01,0.75
397055,0.9877725839614868,0.9892001748085022,0.01,0.75
397155,0.9877725839614868,0.9892001748085022,0.01,0.75
397255,0.9877725839614868,0.9892001748085022,0.01,0.75
397355,0.9877725839614868,0.9892001748085022,0.01,0.75
397455,0.9877725839614868,0.9892001748085022,0.01,0.75
397555,0.9877725839614868,0.9892001748085022,0.01,0.75
397655,0.9877725839614868,0.9892001748085022,0.01,0.75
397755,0.9877725839614868,0.9892001748085022,0.01,0.75
397855,0.9877725839614868,0.9892001748085022,0.01,0.75
397955,0.9877725839614868,0.9892001748085022,0.01,0.75
398055,0.9877725839614868,0.9892001748085022,0.01,0.75
398155,0.9877725839614868,0.9892001748085022,0.01,0.75
398255,0.9877725839614868,0.9892001748085022,0.01,0.75
398355,0.9877725839614868,0.9892001748085022,0.01,0.75
398455,0.9877725839614868,0.9892001748085022,0.01,0.75
398555,0.9877725839614868,0.9892001748085022,0.01,0.75
398655,0.9877725839614868,0.9892001748085022,0.01,0.75
398755,0.9877725839614868,0.9892001748085022,0.01,0.75
398855,0.9877725839614868,0.9892001748085022,0.01,0.75
398955,0.9877725839614868,0.9892001748085022,0.01,0.75
399055,0.9877725839614868,0.9892001748085022,0.01,0.75
399155,0.9877725839614868,0.9892001748085022,0.01,0.75
399255,0.9877725839614868,0.9892001748085022,0.01,0.75
399355,0.9877725839614868,0.9892001748085022,0.01,0.75
399455,0.9877725839614868,0.9892001748085022,0.01,0.75
399555,0.9877725839614868,0.9892001748085022,0.01,0.75
399655,0.9877725839614868,0.9892001748085022,0.01,0.75
399755,0.9877725839614868,0.9892001748085022,0.01,0.75
399855,0.9877725839614868,0.9892001748085022,0.01,0.75
399955,0.9877725839614868,0.9892001748085022,0.01,0.75
400055,0.9877725839614868,0.9892001748085022,0.01,0.75
400155,0.9877725839614868,0.9892001748085022,0.01,0.75
400255,0.9877725839614868,0.9892001748085022,0.01,0.75
400355,0.9877725839614868,0.9892001748085022,0.01,0.75
400455,0.9877725839614868,0.9892001748085022,0.01,0.75
400555,0.9877725839614868,0.9892001748085022,0.01,0.75
400655,0.9877725839614868,0.9892001748085022,0.01,0.75
400755,0.9877725839614868,0.9892001748085022,0.01,0.75
400855,0.9877725839614868,0.9892001748085022,0.01,0.75
400955,0.9877725839614868,0.9892001748085022,0.01,0.75
401055,0.9877725839614868,0.9892001748085022,0.01,0.75
401155,0.9877725839614868,0.9892001748085022,0.01,0.75
401255,0.9877725839614868,0.9892001748085022,0.01,0.75
401355,0.9877725839614868,0.9892001748085022,0.01,0.75
401455,0.9877725839614868,0.9892001748085022,0.01,0.75
401555,0.9877725839614868,0.9892001748085022,0.01,0.75
401655,0.9877725839614868,0.9892001748085022,0.01,0.75
401755,0.9877725839614868,0.9892001748085022,0.01,0.75
401855,0.9877725839614868,0.9892001748085022,0.01,0.75
401955,0.9877725839614868,0.9892001748085022,0.01,0.75
402055,0.9877725839614868,0.9892001748085022,0.01,0.75
402155,0.9877725839614868,0.9892001748085022,0.01,0.75
402255,0.9877725839614868,0.9892001748085022,0.01,0.75
402355,0.9877725839614868,0.9892001748085022,0.01,0.75
402455,0.9877725839614868,0.9892001748085022,0.01,0.75
402555,0.9877725839614868,0.9892001748085022,0.01,0.75
402655,0.9877725839614868,0.9892001748085022,0.01,0.75
402755,0.9877725839614868,0.9892001748085022,0.01,0.75
402855,0.9877725839614868,0.9892001748085022,0.01,0.75
402955,0.9877725839614868,0.9892001748085022,0.01,0.75
403055,0.9877725839614868,0.9892001748085022,0.01,0.75
403155,0.9877725839614868,0.9892001748085022,0.01,0.75
403255,0.9877725839614868,0.9892001748085022,0.01,0.75
403355,0.9877725839614868,0.9892001748085022,0.01,0.75
403455,0.9877725839614868,0.9892001748085022,0.01,0.75
403555,0.9877725839614868,0.9892001748085022,0.01,0.75
403655,0.9877725839614868,0.9892001748085022,0.01,0.75
403755,0.9877725839614868,0.9892001748085022,0.01,0.75
403855,0.9877725839614868,0.9892001748085022,0.01,0.75
403955,0.9877725839614868,0.9892001748085022,0.01,0.75
404055,0.9877725839614868,0.9892001748085022,0.01,0.75
404155,0.9877725839614868,0.9892001748085022,0.01,0.75
404255,0.9877725839614868,0.9892001748085022,0.01,0.75
404355,0.9877725839614868,0.9892001748085022,0.01,0.75
404455,0.9877725839614868,0.9892001748085022,0.01,0.75
404555,0.9877725839614868,0.9892001748085022,0.01,0.75
404655,0.9877725839614868,0.9892001748085022,0.01,0.75
404755,0.9877725839614868,0.9892001748085022,0.01,0.75
404855,0.9877725839614868,0.9892001748085022,0.01,0.75
404955,0.9877725839614868,0.9892001748085022,0.01,0.75
405055,0.9877725839614868,0.9892001748085022,0.01,0.75
405155,0.9877725839614868,0.9892001748085022,0.01,0.75
405255,0.9877725839614868,0.9892001748085022,0.01,0.75
405355,0.9877725839614868,0.9892001748085022,0.01,0.75
405455,0.9877725839614868,0.9892001748085022,0.01,0.75
405555,0.9877725839614868,0.9892001748085022,0.01,0.75
405655,0.9877725839614868,0.9892001748085022,0.01,0.75
405755,0.9877725839614868,0.9892001748085022,0.01,0.75
405855,0.9877725839614868,0.9892001748085022,0.01,0.75
405955,0.9877725839614868,0.9892001748085022,0.01,0.75
406055,0.9877725839614868,0.9892001748085022,0.01,0.75
406155,0.9877725839614868,0.9892001748085022,0.01,0.75
406255,0.9877725839614868,0.9892001748085022,0.01,0.75
406355,0.9877725839614868,0.9892001748085022,0.01,0.75
406455,0.9877725839614868,0.9892001748085022,0.01,0.75
406555,0.9877725839614868,0.9892001748085022,0.01,0.75
406655,0.9877725839614868,0.9892001748085022,0.01,0.75
406755,0.9877725839614868,0.9892001748085022,0.01,0.75
406855,0.9877725839614868,0.9892001748085022,0.01,0.75
406955,0.9877725839614868,0.9892001748085022,0.01,0.75
407055,0.9877725839614868,0.9892001748085022,0.01,0.75
407155,0.9877725839614868,0.9892001748085022,0.01,0.75
407255,0.9877725839614868,0.9892001748085022,0.01,0.75
407355,0.9877725839614868,0.9892001748085022,0.01,0.75
407455,0.9877725839614868,0.9892001748085022,0.01,0.75
407555,0.9877725839614868,0.9892001748085022,0.01,0.75
407655,0.9877725839614868,0.9892001748085022,0.01,0.75
407755,0.9877725839614868,0.9892001748085022,0.01,0.75
407855,0.9877725839614868,0.9892001748085022,0.01,0.75
407955,0.9877725839614868,0.9892001748085022,0.01,0.75
408055,0.9877725839614868,0.9892001748085022,0.01,0.75
408155,0.9877725839614868,0.9892001748085022,0.01,0.75
408255,0.9877725839614868,0.9892001748085022,0.01,0.75
408355,0.9877725839614868,0.9892001748085022,0.01,0.75
408455,0.9877725839614868,0.9892001748085022,0.01,0.75
408555,0.9877725839614868,0.9892001748085022,0.01,0.75
408655,0.9877725839614868,0.9892001748085022,0.01,0.75
408755,0.9877725839614868,0.9892001748085022,0.01,0.75
408855,0.9877725839614868,0.9892001748085022,0.01,0.75
408955,0.9877725839614868,0.9892001748085022,0.01,0.75
409055,0.9877725839614868,0.9892001748085022,0.01,0.75
409155,0.9877725839614868,0.9892001748085022,0.01,0.75
409255,0.9877725839614868,0.9892001748085022,0.01,0.75
409355,0.9877725839614868,0.9892001748085022,0.01,0.75
409455,0.9877725839614868,0.9892001748085022,0.01,0.75
409555,0.9877725839614868,0.9892001748085022,0.01,0.75
409655,0.9877725839614868,0.9892001748085022,0.01,0.75
409755,0.9877725839614868,0.9892001748085022,0.01,0.75
409855,0.9877725839614868,0.9892001748085022,0.01,0.75
409955,0.9877725839614868,0.9892001748085022,0.01,0.75
410055,0.9877725839614868,0.9892001748085022,0.01,0.75
410155,0.9877725839614868,0.9892001748085022,0.01,0.75
410255,0.9877725839614868,0.9892001748085022,0.01,0.75
410355,0.9877725839614868,0.9892001748085022,0.01,0.75
410455,0.9877725839614868,0.9892001748085022,0.01,0.75
410555,0.9877725839614868,0.9892001748085022,0.01,0.75
410655,0.9877725839614868,0.9892001748085022,0.01,0.75
410755,0.9877725839614868,0.9892001748085022,0.01,0.75
410855,0.9877725839614868,0.9892001748085022,0.01,0.75
410955,0.9877725839614868,0.9892001748085022,0.01,0.75
411055,0.9877725839614868,0.9892001748085022,0.01,0.75
411155,0.9877725839614868,0.9892001748085022,0.01,0.75
411255,0.9877725839614868,0.9892001748085022,0.01,0.75
411355,0.9877725839614868,0.9892001748085022,0.01,0.75
411455,0.9877725839614868,0.9892001748085022,0.01,0.75
411555,0.9877725839614868,0.9892001748085022,0.01,0.75
411655,0.9877725839614868,0.9892001748085022,0.01,0.75
411755,0.9877725839614868,0.9892001748085022,0.01,0.75
411855,0.9877725839614868,0.9892001748085022,0.01,0.75
411955,0.9877725839614868,0.9892001748085022,0.01,0.75
412055,0.9877725839614868,0.9892001748085022,0.01,0.75
412155,0.9877725839614868,0.9892001748085022,0.01,0.75
412255,0.9877725839614868,0.9892001748085022,0.01,0.75
412355,0.9877725839614868,0.9892001748085022,0.01,0.75
412455,0.9877725839614868,0.9892001748085022,0.01,0.75
412555,0.9877725839614868,0.9892001748085022,0.01,0.75
412655,0.9877725839614868,0.9892001748085022,0.01,0.75
412755,0.9877725839614868,0.9892001748085022,0.01,0.75
412855,0.9877725839614868,0.9892001748085022,0.01,0.75
412955,0.9877725839614868,0.9892001748085022,0.01,0.75
413055,0.9877725839614868,0.9892001748085022,0.01,0.75
413155,0.9877725839614868,0.9892001748085022,0.01,0.75
413255,0.9877725839614868,0.9892001748085022,0.01,0.75
413355,0.9877725839614868,0.9892001748085022,0.01,0.75
413455,0.9877725839614868,0.9892001748085022,0.01,0.75
413555,0.9877725839614868,0.9892001748085022,0.01,0.75
413655,0.9877725839614868,0.9892001748085022,0.01,0.75
413755,0.9877725839614868,0.9892001748085022,0.01,0.75
413855,0.9877725839614868,0.9892001748085022,0.01,0.75
413955,0.9877725839614868,0.9892001748085022,0.01,0.75
414055,0.9877725839614868,0.9892001748085022,0.01,0.75
414155,0.9877725839614868,0.9892001748085022,0.01,0.75
414255,0.9877725839614868,0.9892001748085022,0.01,0.75
414355,0.9877725839614868,0.9892001748085022,0.01,0.75
414455,0.9877725839614868,0.9892001748085022,0.01,0.75
414555,0.9877725839614868,0.9892001748085022,0.01,0.75
414655,0.9877725839614868,0.9892001748085022,0.01,0.75
414755,0.9877725839614868,0.9892001748085022,0.01,0.75
414855,0.9877725839614868,0.9892001748085022,0.01,0.75
414955,0.9877725839614868,0.9892001748085022,0.01,0.75
415055,0.9877725839614868,0.9892001748085022,0.01,0.75
415155,0.9877725839614868,0.9892001748085022,0.01,0.75
415255,0.9877725839614868,0.9892001748085022,0.01,0.75
415355,0.9877725839614868,0.9892001748085022,0.01,0.75
415455,0.9877725839614868,0.9892001748085022,0.01,0.75
415555,0.9877725839614868,0.9892001748085022,0.01,0.75
415655,0.9877725839614868,0.9892001748085022,0.01,0.75
415755,0.9877725839614868,0.9892001748085022,0.01,0.75
415855,0.9877725839614868,0.9892001748085022,0.01,0.75
415955,0.9877725839614868,0.9892001748085022,0.01,0.75
416055,0.9877725839614868,0.9892001748085022,0.01,0.75
416155,0.9877725839614868,0.9892001748085022,0.01,0.75
416255,0.9877725839614868,0.9892001748085022,0.01,0.75
416355,0.9877725839614868,0.9892001748085022,0.01,0.75
416455,0.9877725839614868,0.9892001748085022,0.01,0.75
416555,0.9877725839614868,0.9892001748085022,0.01,0.75
416655,0.9877725839614868,0.9892001748085022,0.01,0.75
416755,0.9877725839614868,0.9892001748085022,0.01,0.75
416855,0.9877725839614868,0.9892001748085022,0.01,0.75
416955,0.9877725839614868,0.9892001748085022,0.01,0.75
417055,0.9877725839614868,0.9892001748085022,0.01,0.75
417155,0.9877725839614868,0.9892001748085022,0.01,0.75
417255,0.9877725839614868,0.9892001748085022,0.01,0.75
417355,0.9877725839614868,0.9892001748085022,0.01,0.75
417455,0.9877725839614868,0.9892001748085022,0.01,0.75
417555,0.9877725839614868,0.9892001748085022,0.01,0.75
417655,0.9877725839614868,0.9892001748085022,0.01,0.75
417755,0.9877725839614868,0.9892001748085022,0.01,0.75
417855,0.9877725839614868,0.9892001748085022,0.01,0.75
445755,0.9877725839614868,0.9892001748085022,0.01,0.75
445855,0.9877725839614868,0.9892001748085022,0.01,0.75
445955,0.9877725839614868,0.9892001748085022,0.01,0.75
446055,0.9877725839614868,0.9892001748085022,0.01,0.75
446155,0.9877725839614868,0.9892001748085022,0.01,0.75
446255,0.9877725839614868,0.9892001748085022,0.01,0.75
446355,0.9877725839614868,0.9892001748085022,0.01,0.75
446455,0.9877725839614868,0.9892001748085022,0.01,0.75
446555,0.9877725839614868,0.9892001748085022,0.01,0.75
446655,0.9877725839614868,0.9892001748085022,0.01,0.75
446755,0.9877725839614868,0.9892001748085022,0.01,0.75
446855,0.9877725839614868,0.9892001748085022,0.01,0.75
446955,0.9877725839614868,0.9892001748085022,0.01,0.75
447055,0.9877725839614868,0.9892001748085022,0.01,0.75
447155,0.9877725839614868,0.9892001748085022,0.01,0.75
447255,0.9877725839614868,0.9892001748085022,0.01,0.75
447355,0.9877725839614868,0.9892001748085022,0.01,0.75
447455,0.9877725839614868,0.9892001748085022,0.01,0.75
447555,0.9877725839614868,0.9892001748085022,0.01,0.75
447655,0.9877725839614868,0.9892001748085022,0.01,0.75
447755,0.9877725839614868,0.9892001748085022,0.01,0.75
447855,0.9877725839614868,0.9892001748085022,0.01,0.75
447955,0.9877725839614868,0.9892001748085022,0.01,0.75
448055,0.9877725839614868,0.9892001748085022,0.01,0.75
448155,0.9877725839614868,0.9892001748085022,0.01,0.75
448255,0.9877725839614868,0.9892001748085022,0.01,0.75
448355,0.9877725839614868,0.9892001748085022,0.01,0.75
448455,0.9877725839614868,0.9892001748085022,0.01,0.75
448555,0.9877725839614868,0.9892001748085022,0.01,0.75
448655,0.9877725839614868,0.9892001748085022,0.01,0.75
448755,0.9877725839614868,0.9892001748085022,0.01,0.75
448855,0.9877725839614868,0.9892001748085022,0.01,0.75
448955,0.9877725839614868,0.9892001748085022,0.01,0.75
449055,0.9877725839614868,0.9892001748085022,0.01,0.75
449155,0.9877725839614868,0.9892001748085022,0.01,0.75
449255,0.9877725839614868,0.9892001748085022,0.01,0.75
449355,0.9877725839614868,0.9892001748085022,0.01,0.75
449455,0.9877725839614868,0.9892001748085022,0.01,0.75
449555,0.9877725839614868,0.9892001748085022,0.01,0.75
449655,0.9877725839614868,0.9892001748085022,0.01,0.75
449755,0.9877725839614868,0.9892001748085022,0.01,0.75
449855,0.9877725839614868,0.9892001748085022,0.01,0.75
449955,0.9877725839614868,0.9892001748085022,0.01,0.75
450055,0.9877725839614868,0.9892001748085022,0.01,0.75
450155,0.9877725839614868,0.9892001748085022,0.01,0.75
450255,0.9877725839614868,0.9892001748085022,0.01,0.75
450355,0.9877725839614868,0.9892001748085022,0.01,0.75
450455,0.9877725839614868,0.9892001748085022,0.01,0.75
450555,0.9877725839614868,0.9892001748085022,0.01,0.75
450655,0.9877725839614868,0.9892001748085022,0.01,0.75
450755,0.9877725839614868,0.9892001748085022,0.01,0.75
450855,0.9877725839614868,0.9892001748085022,0.01,0.75
450955,0.9877725839614868,0.9892001748085022,0.01,0.75
451055,0.9877725839614868,0.9892001748085022,0.01,0.75
451155,0.9877725839614868,0.9892001748085022,0.01,0.75
451255,0.9877725839614868,0.9892001748085022,0.01,0.75
451355,0.9877725839614868,0.9892001748085022,0.01,0.75
451455,0.9877725839614868,0.9892001748085022,0.01,0.75
451555,0.9877725839614868,0.9892001748085022,0.01,0.75
451655,0.9877725839614868,0.9892001748085022,0.01,0.75
451755,0.9877725839614868,0.9892001748085022,0.01,0.75
451855,0.9877725839614868,0.9892001748085022,0.01,0.75
451955,0.9877725839614868,0.9892001748085022,0.01,0.75
452055,0.9877725839614868,0.9892001748085022,0.01,0.75
452155,0.9877725839614868,0.9892001748085022,0.01,0.75
452255,0.9877725839614868,0.9892001748085022,0.01,0.75
452355,0.9877725839614868,0.9892001748085022,0.01,0.75
452455,0.9877725839614868,0.9892001748085022,0.01,0.75
452555,0.9877725839614868,0.9892001748085022,0.01,0.75
452655,0.9877725839614868,0.9892001748085022,0.01,0.75
452755,0.9877725839614868,0.9892001748085022,0.01,0.75
452855,0.9877725839614868,0.9892001748085022,0.01,0.75
452955,0.9877725839614868,0.9892001748085022,0.01,0.75
453055,0.9877725839614868,0.9892001748085022,0.01,0.75
453155,0.9877725839614868,0.9892001748085022,0.01,0.75
453255,0.9877725839614868,0.9892001748085022,0.01,0.75
453355,0.9877725839614868,0.9892001748085022,0.01,0.75
453455,0.9877725839614868,0.9892001748085022,0.01,0.75
453555,0.9877725839614868,0.9892001748085022,0.01,0.75
453655,0.9877725839614868,0.9892001748085022,0.01,0.75
453755,0.9877725839614868,0.9892001748085022,0.01,0.75
453855,0.9877725839614868,0.9892001748085022,0.01,0.75
453955,0.9877725839614868,0.9892001748085022,0.01,0.75
454055,0.9877725839614868,0.9892001748085022,0.01,0.75
454155,0.9877725839614868,0.9892001748085022,0.01,0.75
454255,0.9877725839614868,0.9892001748085022,0.01,0.75
454355,0.9877725839614868,0.9892001748085022,0.01,0.75
454455,0.9877725839614868,0.9892001748085022,0.01,0.75
454555,0.9877725839614868,0.9892001748085022,0.01,0.75
454655,0.9877725839614868,0.9892001748085022,0.01,0.75
454755,0.9877725839614868,0.9892001748085022,0.01,0.75
454855,0.9877725839614868,0.9892001748085022,0.01,0.75
454955,0.9877725839614868,0.9892001748085022,0.01,0.75
455055,0.9877725839614868,0.9892001748085022,0.01,0.75
455155,0.9877725839614868,0.9892001748085022,0.01,0.75
455255,0.9877725839614868,0.9892001748085022,0.01,0.75
455355,0.9877725839614868,0.9892001748085022,0.01,0.75
455455,0.9877725839614868,0.9892001748085022,0.01,0.75
455555,0.9877725839614868,0.9892001748085022,0.01,0.75
455655,0.9877725839614868,0.9892001748085022,0.01,0.75
455755,0.9877725839614868,0.9892001748085022,0.01,0.75
455855,0.9877725839614868,0.9892001748085022,0.01,0.75
455955,0.9877725839614868,0.9892001748085022,0.01,0.75
456055,0.9877725839614868,0.9892001748085022,0.01,0.75
456155,0.9877725839614868,0.9892001748085022,0.01,0.75
456255,0.9877725839614868,0.9892001748085022,0.01,0.75
456355,0.9877725839614868,0.9892001748085022,0.01,0.75
456455,0.9877725839614868,0.9892001748085022,0.01,0.75
456555,0.9877725839614868,0.9892001748085022,0.01,0.75
456655,0.9877725839614868,0.9892001748085022,0.01,0.75
456755,0.9877725839614868,0.9892001748085022,0.01,0.75
456855,0.9877725839614868,0.9892001748085022,0.01,0.75
456955,0.9877725839614868,0.9892001748085022,0.01,0.75
457055,0.9877725839614868,0.9892001748085022,0.01,0.75
457155,0.9877725839614868,0.9892001748085022,0.01,0.75
457255,0.9877725839614868,0.9892001748085022,0.01,0.75
457355,0.9877725839614868,0.9892001748085022,0.01,0.75
457455,0.9877725839614868,0.9892001748085022,0.01,0.75
457555,0.9877725839614868,0.9892001748085022,0.01,0.75
457655,0.9877725839614868,0.9892001748085022,0.01,0.75
457755,0.9877725839614868,0.9892001748085022,0.01,0.75
457855,0.9877725839614868,0.9892001748085022,0.01,0.75
457955,0.9877725839614868,0.9892001748085022,0.01,0.75
458055,0.9877725839614868,0.9892001748085022,0.01,0.75
458155,0.9877725839614868,0.9892001748085022,0.01,0.75
458255,0.9877725839614868,0.9892001748085022,0.01,0.75
458355,0.9877725839614868,0.9892001748085022,0.01,0.75
458455,0.9877725839614868,0.9892001748085022,0.01,0.75
458555,0.9877725839614868,0.9892001748085022,0.01,0.75
458655,0.9877725839614868,0.9892001748085022,0.01,0.75
458755,0.9877725839614868,0.9892001748085022,0.01,0.75
458855,0.9877725839614868,0.9892001748085022,0.01,0.75
458955,0.9877725839614868,0.9892001748085022,0.01,0.75
459055,0.9877725839614868,0.9892001748085022,0.01,0.75
459155,0.9877725839614868,0.9892001748085022,0.01,0.75
459255,0.9877725839614868,0.9892001748085022,0.01,0.75
459355,0.9877725839614868,0.9892001748085022,0.01,0.75
459455,0.9877725839614868,0.9892001748085022,0.01,0.75
459555,0.9877725839614868,0.9892001748085022,0.01,0.75
459655,0.9877725839614868,0.9892001748085022,0.01,0.75
459755,0.9877725839614868,0.9892001748085022,0.01,0.75
459855,0.9877725839614868,0.9892001748085022,0.01,0.75
459955,0.9877725839614868,0.9892001748085022,0.01,0.75
460055,0.9877725839614868,0.9892001748085022,0.01,0.75
460155,0.9877725839614868,0.9892001748085022,0.01,0.75
460255,0.9877725839614868,0.9892001748085022,0.01,0.75
460355,0.9877725839614868,0.9892001748085022,0.01,0.75
460455,0.9877725839614868,0.9892001748085022,0.01,0.75
460555,0.9877725839614868,0.9892001748085022,0.01,0.75
460655,0.9877725839614868,0.9892001748085022,0.01,0.75
460755,0.9877725839614868,0.9892001748085022,0.01,0.75
460855,0.9877725839614868,0.9892001748085022,0.01,0.75
460955,0.9877725839614868,0.9892001748085022,0.01,0.75
461055,0.9877725839614868,0.9892001748085022,0.01,0.75
461155,0.9877725839614868,0.9892001748085022,0.01,0.75
461255,0.9877725839614868,0.9892001748085022,0.01,0.75
461355,0.9877725839614868,0.9892001748085022,0.01,0.75
461455,0.9877725839614868,0.9892001748085022,0.01,0.75
461555,0.9877725839614868,0.9892001748085022,0.01,0.75
461655,0.9877725839614868,0.9892001748085022,0.01,0.75
461755,0.9877725839614868,0.9892001748085022,0.01,0.75
461855,0.9877725839614868,0.9892001748085022,0.01,0.75
461955,0.9877725839614868,0.9892001748085022,0.01,0.75
462055,0.9877725839614868,0.9892001748085022,0.01,0.75
462155,0.9877725839614868,0.9892001748085022,0.01,0.75
462255,0.9877725839614868,0.9892001748085022,0.01,0.75
462355,0.9877725839614868,0.9892001748085022,0.01,0.75
462455,0.9877725839614868,0.9892001748085022,0.01,0.75
462555,0.9877725839614868,0.9892001748085022,0.01,0.75
462655,0.9877725839614868,0.9892001748085022,0.01,0.75
462755,0.9877725839614868,0.9892001748085022,0.01,0.75
462855,0.9877725839614868,0.9892001748085022,0.01,0.75
462955,0.9877725839614868,0.9892001748085022,0.01,0.75
463055,0.9877725839614868,0.9892001748085022,0.01,0.75
463155,0.9877725839614868,0.9892001748085022,0.01,0.75
463255,0.9877725839614868,0.9892001748085022,0.01,0.75
463355,0.9877725839614868,0.9892001748085022,0.01,0.75
463455,0.9877725839614868,0.9892001748085022,0.01,0.75
463555,0.9877725839614868,0.9892001748085022,0.01,0.75
463655,0.9877725839614868,0.9892001748085022,0.01,0.75
463755,0.9877725839614868,0.9892001748085022,0.01,0.75
463855,0.9877725839614868,0.9892001748085022,0.01,0.75
463955,0.9877725839614868,0.9892001748085022,0.01,0.75
464055,0.9877725839614868,0.9892001748085022,0.01,0.75
464155,0.9877725839614868,0.9892001748085022,0.01,0.75
464255,0.9877725839614868,0.9892001748085022,0.01,0.75
464355,0.9877725839614868,0.9892001748085022,0.01,0.75
464455,0.9877725839614868,0.9892001748085022,0.01,0.75
464555,0.9877725839614868,0.9892001748085022,0.01,0.75
464655,0.9877725839614868,0.9892001748085022,0.01,0.75
464755,0.9877725839614868,0.9892001748085022,0.01,0.75
464855,0.9877725839614868,0.9892001748085022,0.01,0.75
464955,0.9877725839614868,0.9892001748085022,0.01,0.75
465055,0.9877725839614868,0.9892001748085022,0.01,0.75
465155,0.9877725839614868,0.9892001748085022,0.01,0.75
465255,0.9877725839614868,0.9892001748085022,0.01,0.75
465355,0.9877725839614868,0.9892001748085022,0.01,0.75
465455,0.9877725839614868,0.9892001748085022,0.01,0.75
465555,0.9877725839614868,0.9892001748085022,0.01,0.75
465655,0.9877725839614868,0.9892001748085022,0.01,0.75
465755,0.9877725839614868,0.9892001748085022,0.01,0.75
465855,0.9877725839614868,0.9892001748085022,0.01,0.75
465955,0.9877725839614868,0.9892001748085022,0.01,0.75
466055,0.9877725839614868,0.9892001748085022,0.01,0.75
466155,0.9877725839614868,0.9892001748085022,0.01,0.75
466255,0.9877725839614868,0.9892001748085022,0.01,0.75
466355,0.9877725839614868,0.9892001748085022,0.01,0.75
466455,0.9877725839614868,0.9892001748085022,0.01,0.75
466555,0.9877725839614868,0.9892001748085022,0.01,0.75
466655,0.9877725839614868,0.9892001748085022,0.01,0.75
466755,0.9877725839614868,0.9892001748085022,0.01,0.75
466855,0.9877725839614868,0.9892001748085022,0.01,0.75
466955,0.9877725839614868,0.9892001748085022,0.01,0.75
467055,0.9877725839614868,0.9892001748085022,0.01,0.75
467155,0.9877725839614868,0.9892001748085022,0.01,0.75
467255,0.9877725839614868,0.9892001748085022,0.01,0.75
467355,0.9877725839614868,0.9892001748085022,0.01,0.75
467455,0.9877725839614868,0.9892001748085022,0.01,0.75
467555,0.9877725839614868,0.9892001748085022,0.01,0.75
467655,0.9877725839614868,0.9892001748085022,0.01,0.75
467755,0.9877725839614868,0.9892001748085022,0.01,0.75
467855,0.9877725839614868,0.9892001748085022,0.01,0.75
467955,0.9877725839614868,0.9892001748085022,0.01,0.75
468055,0.9877725839614868,0.9892001748085022,0.01,0.75
468155,0.9877725839614868,0.9892001748085022,0.01,0.75
468255,0.9877725839614868,0.9892001748085022,0.01,0.75
468355,0.9877725839614868,0.9892001748085022,0.01,0.75
468455,0.9877725839614868,0.9892001748085022,0.01,0.75
468555,0.9877725839614868,0.9892001748085022,0.01,0.75
468655,0.9877725839614868,0.9892001748085022,0.01,0.75
468755,0.9877725839614868,0.9892001748085022,0.01,0.75
468855,0.9877725839614868,0.9892001748085022,0.01,0.75
468955,0.9877725839614868,0.9892001748085022,0.01,0.75
469055,0.9877725839614868,0.9892001748085022,0.01,0.75
469155,0.9877725839614868,0.9892001748085022,0.01,0.75
469255,0.9877725839614868,0.9892001748085022,0.01,0.75
469355,0.9877725839614868,0.9892001748085022,0.01,0.75
469455,0.9877725839614868,0.9892001748085022,0.01,0.75
469555,0.9877725839614868,0.9892001748085022,0.01,0.75
469655,0.9877725839614868,0.9892001748085022,0.01,0.75
469755,0.9877725839614868,0.9892001748085022,0.01,0.75
469855,0.9877725839614868,0.9892001748085022,0.01,0.75
469955,0.9877725839614868,0.9892001748085022,0.01,0.75
470055,0.9877725839614868,0.9892001748085022,0.01,0.75
470155,0.9877725839614868,0.9892001748085022,0.01,0.75
470255,0.9877725839614868,0.9892001748085022,0.01,0.75
470355,0.9877725839614868,0.9892001748085022,0.01,0.75
470455,0.9877725839614868,0.9892001748085022,0.01,0.75
470555,0.9877725839614868,0.9892001748085022,0.01,0.75
470655,0.9877725839614868,0.9892001748085022,0.01,0.75
470755,0.9877725839614868,0.9892001748085022,0.01,0.75
470855,0.9877725839614868,0.9892001748085022,0.01,0.75
470955,0.9877725839614868,0.9892001748085022,0.01,0.75
471055,0.9877725839614868,0.9892001748085022,0.01,0.75
471155,0.9877725839614868,0.9892001748085022,0.01,0.75
471255,0.9877725839614868,0.9892001748085022,0.01,0.75
471355,0.9877725839614868,0.9892001748085022,0.01,0.75
471455,0.9877725839614868,0.9892001748085022,0.01,0.75
471555,0.9877725839614868,0.9892001748085022,0.01,0.75
471655,0.9877725839614868,0.9892001748085022,0.01,0.75
471755,0.9877725839614868,0.9892001748085022,0.01,0.75
471855,0.9877725839614868,0.9892001748085022,0.01,0.75
471955,0.9877725839614868,0.9892001748085022,0.01,0.75
472055,0.9877725839614868,0.9892001748085022,0.01,0.75
472155,0.9877725839614868,0.9892001748085022,0.01,0.75
472255,0.9877725839614868,0.9892001748085022,0.01,0.75
472355,0.9877725839614868,0.9892001748085022,0.01,0.75
472455,0.9877725839614868,0.9892001748085022,0.01,0.75
472555,0.9877725839614868,0.9892001748085022,0.01,0.75
472655,0.9877725839614868,0.9892001748085022,0.01,0.75
472755,0.9877725839614868,0.9892001748085022,0.01,0.75
472855,0.9877725839614868,0.9892001748085022,0.01,0.75
472955,0.9877725839614868,0.9892001748085022,0.01,0.75
473055,0.9877725839614868,0.9892001748085022,0.01,0.75
473155,0.9877725839614868,0.9892001748085022,0.01,0.75
473255,0.9877725839614868,0.9892001748085022,0.01,0.75
473355,0.9877725839614868,0.9892001748085022,0.01,0.75
473455,0.9877725839614868,0.9892001748085022,0.01,0.75
