evaluation,fitness,test_accuracy,uniqueness,time
0,-0.24458199739456177,-0.16033053398132324,1.0,1.35
100,-0.24458199739456177,-0.16033053398132324,1.0,1.35
200,-0.24458199739456177,-0.16033053398132324,1.0,1.35
300,-0.24458199739456177,-0.16033053398132324,1.0,1.35
400,-0.24458199739456177,-0.16033053398132324,1.0,1.35
500,-0.24458199739456177,-0.16033053398132324,1.0,1.35
600,-0.24458199739456177,-0.16033053398132324,1.0,1.35
700,-0.24458199739456177,-0.16033053398132324,1.0,1.35
800,-0.24458199739456177,-0.16033053398132324,1.0,1.35
900,-0.24458199739456177,-0.16033053398132324,1.0,1.35
1000,-0.24458199739456177,-0.16033053398132324,1.0,1.35
1100,-0.24458199739456177,-0.16033053398132324,1.0,1.35
1200,-0.24458199739456177,-0.16033053398132324,1.0,1.35
1300,-0.24458199739456177,-0.16033053398132324,1.0,1.35
1400,-0.24458199739456177,-0.16033053398132324,1.0,1.35
1500,-0.24458199739456177,-0.16033053398132324,1.0,1.35
1600,-0.24458199739456177,-0.16033053398132324,1.0,1.35
1700,-0.19115668535232544,0.10190695524215698,1.0,1.35
1800,-0.19115668535232544,0.10190695524215698,1.0,1.35
1900,-0.18550723791122437,0.10827308893203735,1.0,1.35
2000,-0.18550723791122437,0.10827308893203735,1.0,1.35
2100,-0.18550723791122437,0.10827308893203735,1.0,1.35
2200,-0.18550723791122437,0.10827308893203735,1.0,1.35
2300,-0.02849477529525757,0.012728303670883179,1.0,1.35
2400,-0.02849477529525757,0.012728303670883179,1.0,1.35
2500,-0.02849477529525757,0.012728303670883179,1.0,1.35
2600,-0.02849477529525757,0.012728303670883179,1.0,1.35
2700,-0.02849477529525757,0.012728303670883179,1.0,1.35
2800,-0.02849477529525757,0.012728303670883179,1.0,1.35
2900,-0.02849477529525757,0.012728303670883179,1.0,1.35
3000,0.04901552200317383,0.07069393992424011,1.0,1.35
3100,0.04901552200317383,0.07069393992424011,1.0,1.35
3200,0.04901552200317383,0.07069393992424011,1.0,1.35
3300,0.04901552200317383,0.07069393992424011,1.0,1.35
3400,0.04901552200317383,0.07069393992424011,1.0,1.35
3500,0.04901552200317383,0.07069393992424011,1.0,1.35
3600,0.04901552200317383,0.07069393992424011,1.0,1.35
3700,0.04901552200317383,0.07069393992424011,1.0,1.35
3800,0.04901552200317383,0.07069393992424011,1.0,1.35
3900,0.04901552200317383,0.07069393992424011,1.0,1.35
4000,0.04901552200317383,0.07069393992424011,1.0,1.35
4100,0.04901552200317383,0.07069393992424011,1.0,1.35
4200,0.04901552200317383,0.07069393992424011,1.0,1.35
4300,0.04901552200317383,0.07069393992424011,1.0,1.35
4400,0.04901552200317383,0.07069393992424011,1.0,1.35
4500,0.04901552200317383,0.07069393992424011,1.0,1.35
4600,0.04901552200317383,0.07069393992424011,1.0,1.35
4700,0.04901552200317383,0.07069393992424011,1.0,1.35
4800,0.04901552200317383,0.07069393992424011,1.0,1.35
4900,0.04901552200317383,0.07069393992424011,1.0,1.35
5000,0.04901552200317383,0.07069393992424011,1.0,1.35
5100,0.04901552200317383,0.07069393992424011,1.0,1.35
5200,0.04901552200317383,0.07069393992424011,1.0,1.35
5300,0.04901552200317383,0.07069393992424011,1.0,1.35
5400,0.052872419357299805,0.07124760746955872,1.0,1.35
5500,0.052872419357299805,0.07124760746955872,1.0,1.35
5600,0.052872419357299805,0.07124760746955872,1.0,1.35
5700,0.052872419357299805,0.07124760746955872,1.0,1.35
5800,0.052872419357299805,0.07124760746955872,1.0,1.35
5900,0.052872419357299805,0.07124760746955872,1.0,1.35
6000,0.052872419357299805,0.07124760746955872,1.0,1.35
6100,0.052872419357299805,0.07124760746955872,1.0,1.35
6200,0.052872419357299805,0.07124760746955872,1.0,1.35
6300,0.052872419357299805,0.07124760746955872,1.0,1.35
6400,0.052872419357299805,0.07124760746955872,1.0,1.35
6500,0.052872419357299805,0.07124760746955872,1.0,1.35
6600,0.052872419357299805,0.07124760746955872,1.0,1.35
6700,0.052872419357299805,0.07124760746955872,1.0,1.35
6800,0.052872419357299805,0.07124760746955872,1.0,1.35
6900,0.052872419357299805,0.07124760746955872,1.0,1.35
7000,0.052872419357299805,0.07124760746955872,1.0,1.35
7100,0.052872419357299805,0.07124760746955872,1.0,1.35
7200,0.052872419357299805,0.07124760746955872,1.0,1.35
7300,0.052872419357299805,0.07124760746955872,1.0,1.35
7400,0.052872419357299805,0.07124760746955872,1.0,1.35
7500,0.053748369216918945,0.07157489657402039,1.0,1.35
7600,0.053748369216918945,0.07157489657402039,1.0,1.35
7700,0.053748369216918945,0.07157489657402039,1.0,1.35
7800,0.053748369216918945,0.07157489657402039,1.0,1.35
7900,0.053748369216918945,0.07157489657402039,1.0,1.35
8000,0.053748369216918945,0.07157489657402039,1.0,1.35
8100,0.053748369216918945,0.07157489657402039,1.0,1.35
8200,0.053748369216918945,0.07157489657402039,1.0,1.35
8300,0.053748369216918945,0.07157489657402039,1.0,1.35
8400,0.053748369216918945,0.07157489657402039,1.0,1.35
8500,0.053748369216918945,0.07157489657402039,1.0,1.35
8600,0.053748369216918945,0.07157489657402039,1.0,1.35
8700,0.053748369216918945,0.07157489657402039,1.0,1.35
8800,0.053748369216918945,0.07157489657402039,1.0,1.35
8900,0.053748369216918945,0.07157489657402039,1.0,1.35
9000,0.053748369216918945,0.07157489657402039,1.0,1.35
9100,0.053748369216918945,0.07157489657402039,1.0,1.35
9200,0.053748369216918945,0.07157489657402039,1.0,1.35
9300,0.053748369216918945,0.07157489657402039,1.0,1.35
9400,0.053748369216918945,0.07157489657402039,1.0,1.35
9500,0.053748369216918945,0.07157489657402039,1.0,1.35
9600,0.053748369216918945,0.07157489657402039,1.0,1.35
9700,0.053748369216918945,0.07157489657402039,1.0,1.35
9800,0.053748369216918945,0.07157489657402039,1.0,1.35
9900,0.053748369216918945,0.07157489657402039,1.0,1.35
10000,0.053748369216918945,0.07157489657402039,1.0,1.35
10100,0.053748369216918945,0.07157489657402039,1.0,1.35
10200,0.053748369216918945,0.07157489657402039,1.0,1.35
10300,0.053748369216918945,0.07157489657402039,1.0,1.35
10400,0.056343913078308105,0.0725303590297699,1.0,1.35
10500,0.056343913078308105,0.0725303590297699,1.0,1.35
10600,0.056343913078308105,0.0725303590297699,1.0,1.35
10700,0.056343913078308105,0.0725303590297699,1.0,1.35
10800,0.056343913078308105,0.0725303590297699,1.0,1.35
10900,0.056343913078308105,0.0725303590297699,1.0,1.35
11000,0.0565965473651886,0.07388237118721008,1.0,1.35
11100,0.0565965473651886,0.07388237118721008,1.0,1.35
11200,0.0565965473651886,0.07388237118721008,1.0,1.35
11300,0.0565965473651886,0.07388237118721008,1.0,1.35
11400,0.0565965473651886,0.07388237118721008,1.0,1.35
11500,0.06258600950241089,0.0810161828994751,1.0,1.35
11600,0.06258600950241089,0.0810161828994751,1.0,1.35
11700,0.06258600950241089,0.0810161828994751,1.0,1.35
11800,0.06258600950241089,0.0810161828994751,1.0,1.35
11900,0.06327775120735168,0.047451168298721313,1.0,1.35
12000,0.06327775120735168,0.047451168298721313,1.0,1.35
12100,0.06327775120735168,0.047451168298721313,1.0,1.35
12200,0.06327775120735168,0.047451168298721313,1.0,1.35
12300,0.06327775120735168,0.047451168298721313,1.0,1.35
12400,0.06327775120735168,0.047451168298721313,1.0,1.35
12500,0.06327775120735168,0.047451168298721313,1.0,1.35
12600,0.06340643763542175,0.08425173163414001,1.0,1.35
12700,0.06340643763542175,0.08425173163414001,1.0,1.35
12800,0.06340643763542175,0.08425173163414001,1.0,1.35
12900,0.06340643763542175,0.08425173163414001,1.0,1.35
13000,0.06340643763542175,0.08425173163414001,1.0,1.35
13100,0.06340643763542175,0.08425173163414001,1.0,1.35
13200,0.06340643763542175,0.08425173163414001,1.0,1.35
13300,0.06340643763542175,0.08425173163414001,1.0,1.35
13400,0.06340643763542175,0.08425173163414001,1.0,1.35
13500,0.06340643763542175,0.08425173163414001,1.0,1.35
13600,0.06340643763542175,0.08425173163414001,1.0,1.35
13700,0.06340643763542175,0.08425173163414001,1.0,1.35
13800,0.06340643763542175,0.08425173163414001,1.0,1.35
13900,0.06340643763542175,0.08425173163414001,1.0,1.35
14000,0.06340643763542175,0.08425173163414001,1.0,1.35
14100,0.06340643763542175,0.08425173163414001,1.0,1.35
14200,0.06340643763542175,0.08425173163414001,1.0,1.35
14300,0.06340643763542175,0.08425173163414001,1.0,1.35
14400,0.06340643763542175,0.08425173163414001,1.0,1.35
14500,0.06340643763542175,0.08425173163414001,1.0,1.35
14600,0.06340643763542175,0.08425173163414001,1.0,1.35
14700,0.06340643763542175,0.08425173163414001,1.0,1.35
14800,0.06340643763542175,0.08425173163414001,1.0,1.35
14900,0.06340643763542175,0.08425173163414001,1.0,1.35
15000,0.06340643763542175,0.08425173163414001,1.0,1.35
15100,0.06340643763542175,0.08425173163414001,1.0,1.35
15200,0.06340643763542175,0.08425173163414001,1.0,1.35
15300,0.06340643763542175,0.08425173163414001,1.0,1.35
15400,0.06340643763542175,0.08425173163414001,1.0,1.35
15500,0.06340643763542175,0.08425173163414001,1.0,1.35
15600,0.06340643763542175,0.08425173163414001,1.0,1.35
15700,0.06340643763542175,0.08425173163414001,1.0,1.35
15800,0.06340643763542175,0.08425173163414001,1.0,1.35
15900,0.06340643763542175,0.08425173163414001,1.0,1.35
16000,0.06340643763542175,0.08425173163414001,1.0,1.35
16100,0.06340643763542175,0.08425173163414001,1.0,1.35
16200,0.06340643763542175,0.08425173163414001,1.0,1.35
16300,0.06340643763542175,0.08425173163414001,1.0,1.35
16400,0.06340643763542175,0.08425173163414001,1.0,1.35
16500,0.06340643763542175,0.08425173163414001,1.0,1.35
16600,0.06340643763542175,0.08425173163414001,1.0,1.35
16700,0.06340643763542175,0.08425173163414001,1.0,1.35
16800,0.06340643763542175,0.08425173163414001,1.0,1.35
16900,0.06340643763542175,0.08425173163414001,1.0,1.35
17000,0.09124559164047241,0.05384036898612976,1.0,1.35
17100,0.09124559164047241,0.05384036898612976,1.0,1.35
17200,0.09124559164047241,0.05384036898612976,1.0,1.35
17300,0.09124559164047241,0.05384036898612976,1.0,1.35
17400,0.09124559164047241,0.05384036898612976,1.0,1.35
17500,0.09124559164047241,0.05384036898612976,1.0,1.35
17600,0.09124559164047241,0.05384036898612976,1.0,1.35
17700,0.09124559164047241,0.05384036898612976,1.0,1.35
17800,0.09124559164047241,0.05384036898612976,1.0,1.35
17900,0.09124559164047241,0.05384036898612976,1.0,1.35
18000,0.09124559164047241,0.05384036898612976,1.0,1.35
18100,0.09124559164047241,0.05384036898612976,1.0,1.35
18200,0.09124559164047241,0.05384036898612976,1.0,1.35
18300,0.09124559164047241,0.05384036898612976,1.0,1.35
18400,0.09124559164047241,0.05384036898612976,1.0,1.35
18500,0.09124559164047241,0.05384036898612976,1.0,1.35
18600,0.09124559164047241,0.05384036898612976,1.0,1.35
18700,0.09124559164047241,0.05384036898612976,1.0,1.35
18800,0.09124559164047241,0.05384036898612976,1.0,1.35
18900,0.09124559164047241,0.05384036898612976,1.0,1.35
19000,0.09124559164047241,0.05384036898612976,1.0,1.35
19100,0.09124559164047241,0.05384036898612976,1.0,1.35
19200,0.09124559164047241,0.05384036898612976,1.0,1.35
19300,0.09124559164047241,0.05384036898612976,1.0,1.35
19400,0.09124559164047241,0.05384036898612976,1.0,1.35
19500,0.09124559164047241,0.05384036898612976,1.0,1.35
19600,0.09124559164047241,0.05384036898612976,1.0,1.35
19700,0.09124559164047241,0.05384036898612976,1.0,1.35
19800,0.09124559164047241,0.05384036898612976,1.0,1.35
19900,0.09124559164047241,0.05384036898612976,1.0,1.35
20000,0.09124559164047241,0.05384036898612976,1.0,1.35
20100,0.09124559164047241,0.05384036898612976,1.0,1.35
20200,0.09124559164047241,0.05384036898612976,1.0,1.35
20300,0.09124559164047241,0.05384036898612976,1.0,1.35
20400,0.09124559164047241,0.05384036898612976,1.0,1.35
20500,0.09124559164047241,0.05384036898612976,1.0,1.35
20600,0.09124559164047241,0.05384036898612976,1.0,1.35
20700,0.09690907597541809,0.0947946310043335,1.0,1.35
20800,0.09690907597541809,0.0947946310043335,1.0,1.35
20900,0.09690907597541809,0.0947946310043335,1.0,1.35
21000,0.09690907597541809,0.0947946310043335,1.0,1.35
21100,0.09690907597541809,0.0947946310043335,1.0,1.35
21200,0.09690907597541809,0.0947946310043335,1.0,1.35
21300,0.09690907597541809,0.0947946310043335,1.0,1.35
21400,0.09690907597541809,0.0947946310043335,1.0,1.35
21500,0.09690907597541809,0.0947946310043335,1.0,1.35
21600,0.09690907597541809,0.0947946310043335,1.0,1.35
21700,0.09690907597541809,0.0947946310043335,1.0,1.35
21800,0.09690907597541809,0.0947946310043335,1.0,1.35
21900,0.09690907597541809,0.0947946310043335,1.0,1.35
22000,0.09690907597541809,0.0947946310043335,1.0,1.35
22100,0.09690907597541809,0.0947946310043335,1.0,1.35
22200,0.09690907597541809,0.0947946310043335,1.0,1.35
22300,0.09690907597541809,0.0947946310043335,1.0,1.35
22400,0.09690907597541809,0.0947946310043335,1.0,1.35
22500,0.09690907597541809,0.0947946310043335,1.0,1.35
22600,0.09690907597541809,0.0947946310043335,1.0,1.35
22700,0.09690907597541809,0.0947946310043335,1.0,1.35
22800,0.09690907597541809,0.0947946310043335,1.0,1.35
22900,0.09690907597541809,0.0947946310043335,1.0,1.35
23000,0.09690907597541809,0.0947946310043335,1.0,1.35
23100,0.09690907597541809,0.0947946310043335,1.0,1.35
23200,0.09690907597541809,0.0947946310043335,1.0,1.35
23300,0.09690907597541809,0.0947946310043335,1.0,1.35
23400,0.09690907597541809,0.0947946310043335,1.0,1.35
23500,0.09690907597541809,0.0947946310043335,1.0,1.35
23600,0.09690907597541809,0.0947946310043335,1.0,1.35
23700,0.09690907597541809,0.0947946310043335,1.0,1.35
23800,0.09690907597541809,0.0947946310043335,1.0,1.35
23900,0.09690907597541809,0.0947946310043335,1.0,1.35
24000,0.09690907597541809,0.0947946310043335,1.0,1.35
24100,0.09690907597541809,0.0947946310043335,1.0,1.35
24200,0.1046002209186554,0.11542844772338867,1.0,1.35
24300,0.1046002209186554,0.11542844772338867,1.0,1.35
24400,0.1046002209186554,0.11542844772338867,1.0,1.35
24500,0.1046002209186554,0.11542844772338867,1.0,1.35
24600,0.1046002209186554,0.11542844772338867,1.0,1.35
24700,0.1046002209186554,0.11542844772338867,1.0,1.35
24800,0.1046002209186554,0.11542844772338867,1.0,1.35
24900,0.1046002209186554,0.11542844772338867,1.0,1.35
25000,0.1046002209186554,0.11542844772338867,1.0,1.35
25100,0.1046002209186554,0.11542844772338867,1.0,1.35
25200,0.1046002209186554,0.11542844772338867,1.0,1.35
25300,0.1046002209186554,0.11542844772338867,1.0,1.35
25400,0.1046002209186554,0.11542844772338867,1.0,1.35
25500,0.1046002209186554,0.11542844772338867,1.0,1.35
25600,0.1046002209186554,0.11542844772338867,1.0,1.35
25700,0.1046002209186554,0.11542844772338867,1.0,1.35
25800,0.1046002209186554,0.11542844772338867,1.0,1.35
25900,0.1046002209186554,0.11542844772338867,1.0,1.35
26000,0.1046002209186554,0.11542844772338867,1.0,1.35
26100,0.1046002209186554,0.11542844772338867,1.0,1.35
26200,0.1046002209186554,0.11542844772338867,1.0,1.35
26300,0.1046002209186554,0.11542844772338867,1.0,1.35
26400,0.1046002209186554,0.11542844772338867,1.0,1.35
26500,0.1046002209186554,0.11542844772338867,1.0,1.35
26600,0.1046002209186554,0.11542844772338867,1.0,1.35
26700,0.1046002209186554,0.11542844772338867,1.0,1.35
26800,0.1046002209186554,0.11542844772338867,1.0,1.35
26900,0.1046002209186554,0.11542844772338867,1.0,1.35
27000,0.1046002209186554,0.11542844772338867,1.0,1.35
27100,0.1046002209186554,0.11542844772338867,1.0,1.35
27200,0.1046002209186554,0.11542844772338867,1.0,1.35
27300,0.1046002209186554,0.11542844772338867,1.0,1.35
27400,0.1046002209186554,0.11542844772338867,1.0,1.35
27500,0.1046002209186554,0.11542844772338867,1.0,1.35
27600,0.1046002209186554,0.11542844772338867,1.0,1.35
27700,0.1046002209186554,0.11542844772338867,1.0,1.35
27800,0.1046002209186554,-7.256499290466309,1.0,1.31
27900,0.1046002209186554,-7.256499290466309,1.0,1.31
28000,0.1046002209186554,-7.256499290466309,1.0,1.31
28100,0.1046002209186554,-7.256499290466309,1.0,1.31
28200,0.1046002209186554,-7.256499290466309,1.0,1.31
28300,0.1046002209186554,-7.256499290466309,1.0,1.31
28400,0.1046002209186554,-7.256499290466309,1.0,1.31
28500,0.1046002209186554,-7.256499290466309,1.0,1.31
28600,0.1046002209186554,-7.256499290466309,1.0,1.31
28700,0.1046002209186554,-7.256499290466309,1.0,1.31
28800,0.1046002209186554,-7.256499290466309,1.0,1.31
28900,0.1046002209186554,-7.256499290466309,1.0,1.31
29000,0.1046002209186554,-7.256499290466309,1.0,1.31
29100,0.1046002209186554,-7.256499290466309,1.0,1.31
29200,0.1046002209186554,-7.256499290466309,1.0,1.31
29300,0.1046002209186554,-7.256499290466309,1.0,1.31
29400,0.1046002209186554,-7.256499290466309,1.0,1.31
29500,0.1046002209186554,-7.256499290466309,1.0,1.31
29600,0.1046002209186554,-7.256499290466309,1.0,1.31
29700,0.1046002209186554,-7.256499290466309,1.0,1.31
29800,0.1046002209186554,-7.256499290466309,1.0,1.31
29900,0.1046002209186554,-7.256499290466309,1.0,1.31
30000,0.1046002209186554,-7.256499290466309,1.0,1.31
30100,0.1046002209186554,-7.256499290466309,1.0,1.31
30200,0.1046002209186554,-7.256499290466309,1.0,1.31
30300,0.1046002209186554,-7.256499290466309,1.0,1.31
30400,0.1046002209186554,-7.256499290466309,1.0,1.31
30500,0.1046002209186554,-7.256499290466309,1.0,1.31
30600,0.1046002209186554,-7.256499290466309,1.0,1.31
30700,0.1046002209186554,-7.256499290466309,1.0,1.31
30800,0.1046002209186554,-7.256499290466309,1.0,1.31
30900,0.1046002209186554,-7.256499290466309,1.0,1.31
31000,0.1046002209186554,-7.256499290466309,1.0,1.31
31100,0.1046002209186554,-7.256499290466309,1.0,1.31
31200,0.1046002209186554,-7.256499290466309,1.0,1.31
31300,0.1046002209186554,-7.256499290466309,1.0,1.31
31400,0.1046002209186554,-7.256499290466309,1.0,1.31
31500,0.1046002209186554,-7.256499290466309,1.0,1.31
31600,0.1046002209186554,-7.256499290466309,1.0,1.31
31700,0.1046002209186554,-7.256499290466309,1.0,1.31
31800,0.1046002209186554,-7.256499290466309,1.0,1.31
31900,0.1046002209186554,-7.256499290466309,1.0,1.31
32000,0.1046002209186554,-7.256499290466309,1.0,1.31
32100,0.1046002209186554,-7.256499290466309,1.0,1.31
32200,0.1046002209186554,-7.256499290466309,1.0,1.31
32300,0.1046002209186554,-7.256499290466309,1.0,1.31
32400,0.1046002209186554,-7.256499290466309,1.0,1.31
32500,0.1046002209186554,-7.256499290466309,1.0,1.31
32600,0.1046002209186554,-7.256499290466309,1.0,1.31
32700,0.1046002209186554,-7.256499290466309,1.0,1.31
32800,0.1046002209186554,-7.256499290466309,1.0,1.31
32900,0.1046002209186554,-7.256499290466309,1.0,1.31
33000,0.1046002209186554,-7.256499290466309,1.0,1.31
33100,0.1046002209186554,-7.256499290466309,1.0,1.31
33200,0.1046002209186554,-7.256499290466309,1.0,1.31
33300,0.1046002209186554,-7.256499290466309,1.0,1.31
33400,0.1046002209186554,-7.256499290466309,1.0,1.31
33500,0.1046002209186554,-7.256499290466309,1.0,1.31
33600,0.1046002209186554,-7.256499290466309,1.0,1.31
33700,0.1046002209186554,-7.256499290466309,1.0,1.31
33800,0.1046002209186554,-7.256499290466309,1.0,1.31
33900,0.1046002209186554,-7.256499290466309,1.0,1.31
34000,0.1046002209186554,-7.256499290466309,1.0,1.31
34100,0.1046002209186554,-7.256499290466309,1.0,1.31
34200,0.1046002209186554,-7.256499290466309,1.0,1.31
34300,0.1046002209186554,-7.256499290466309,1.0,1.31
34400,0.1046002209186554,-7.256499290466309,1.0,1.31
34500,0.1046002209186554,-7.256499290466309,1.0,1.31
34600,0.1046002209186554,-7.256499290466309,1.0,1.31
34700,0.1046002209186554,-7.256499290466309,1.0,1.31
34800,0.1046002209186554,-7.256499290466309,1.0,1.31
34900,0.1046002209186554,-7.256499290466309,1.0,1.31
35000,0.1046002209186554,-7.256499290466309,1.0,1.31
35100,0.1046002209186554,-7.256499290466309,1.0,1.31
35200,0.1046002209186554,-7.256499290466309,1.0,1.31
35300,0.1046002209186554,-7.256499290466309,1.0,1.31
35400,0.1046002209186554,-7.256499290466309,1.0,1.31
35500,0.1046002209186554,-7.256499290466309,1.0,1.31
35600,0.1046002209186554,-7.256499290466309,1.0,1.31
35700,0.1046002209186554,-7.256499290466309,1.0,1.31
35800,0.1046002209186554,-7.256499290466309,1.0,1.31
35900,0.1046002209186554,-7.256499290466309,1.0,1.31
36000,0.1046002209186554,-7.256499290466309,1.0,1.31
36100,0.1046002209186554,-7.256499290466309,1.0,1.31
36200,0.1046002209186554,-7.256499290466309,1.0,1.31
36300,0.1046002209186554,-7.256499290466309,1.0,1.31
36400,0.1046002209186554,-7.256499290466309,1.0,1.31
36500,0.1046002209186554,-7.256499290466309,1.0,1.31
36600,0.1046002209186554,-7.256499290466309,1.0,1.31
36700,0.1046002209186554,-7.256499290466309,1.0,1.31
36800,0.1046002209186554,-7.256499290466309,1.0,1.31
36900,0.1046002209186554,-7.256499290466309,1.0,1.31
37000,0.1046002209186554,-7.256499290466309,1.0,1.31
37100,0.1046002209186554,-7.256499290466309,1.0,1.31
37200,0.1046002209186554,-7.256499290466309,1.0,1.31
37300,0.1046002209186554,-7.256499290466309,1.0,1.31
37400,0.1046002209186554,-7.256499290466309,1.0,1.31
37500,0.1046002209186554,-7.256499290466309,1.0,1.31
37600,0.1046002209186554,-7.256499290466309,1.0,1.31
37700,0.1046002209186554,-7.256499290466309,1.0,1.31
37800,0.1046002209186554,-7.256499290466309,1.0,1.31
37900,0.1046002209186554,-7.256499290466309,1.0,1.31
38000,0.1046002209186554,-7.256499290466309,1.0,1.31
38100,0.1046002209186554,-7.256499290466309,1.0,1.31
38200,0.1046002209186554,-7.256499290466309,1.0,1.31
38300,0.1046002209186554,-7.256499290466309,1.0,1.31
38400,0.1046002209186554,-7.256499290466309,1.0,1.31
38500,0.1046002209186554,-7.256499290466309,1.0,1.31
38600,0.1046002209186554,-7.256499290466309,1.0,1.31
38700,0.1046002209186554,-7.256499290466309,1.0,1.31
38800,0.1046002209186554,-7.256499290466309,1.0,1.31
38900,0.1046002209186554,-7.256499290466309,1.0,1.31
39000,0.1046002209186554,-7.256499290466309,1.0,1.31
39100,0.1046002209186554,-7.256499290466309,1.0,1.31
39200,0.1046002209186554,-7.256499290466309,1.0,1.31
39300,0.1046002209186554,-7.256499290466309,1.0,1.31
39400,0.1046002209186554,-7.256499290466309,1.0,1.31
39500,0.1046002209186554,-7.256499290466309,1.0,1.31
39600,0.1046002209186554,-7.256499290466309,1.0,1.31
39700,0.1046002209186554,-7.256499290466309,1.0,1.31
39800,0.1046002209186554,-7.256499290466309,1.0,1.31
39900,0.1046002209186554,-7.256499290466309,1.0,1.31
40000,0.1046002209186554,-7.256499290466309,1.0,1.31
40100,0.1046002209186554,-7.256499290466309,1.0,1.31
40200,0.1046002209186554,-7.256499290466309,1.0,1.31
40300,0.1046002209186554,-7.256499290466309,1.0,1.31
40400,0.1046002209186554,-7.256499290466309,1.0,1.31
40500,0.1046002209186554,-7.256499290466309,1.0,1.31
40600,0.1046002209186554,-7.256499290466309,1.0,1.31
40700,0.1046002209186554,-7.256499290466309,1.0,1.31
40800,0.1046002209186554,-7.256499290466309,1.0,1.31
40900,0.1046002209186554,-7.256499290466309,1.0,1.31
41000,0.1046002209186554,-7.256499290466309,1.0,1.31
41100,0.1046002209186554,-7.256499290466309,1.0,1.31
41200,0.1046002209186554,-7.256499290466309,1.0,1.31
41300,0.1046002209186554,-7.256499290466309,1.0,1.31
41400,0.1046002209186554,-7.256499290466309,1.0,1.31
41500,0.1046002209186554,-7.256499290466309,1.0,1.31
41600,0.1046002209186554,-7.256499290466309,1.0,1.31
41700,0.1046002209186554,-7.256499290466309,1.0,1.31
41800,0.1046002209186554,-7.256499290466309,1.0,1.31
41900,0.1046002209186554,-7.256499290466309,1.0,1.31
42000,0.1046002209186554,-7.256499290466309,1.0,1.31
42100,0.1046002209186554,-7.256499290466309,1.0,1.31
42200,0.1046002209186554,-7.256499290466309,1.0,1.31
42300,0.1046002209186554,-7.256499290466309,1.0,1.31
42400,0.1046002209186554,-7.256499290466309,1.0,1.31
42500,0.1046002209186554,-7.256499290466309,1.0,1.31
42600,0.1046002209186554,-7.256499290466309,1.0,1.31
42700,0.1046002209186554,-7.256499290466309,1.0,1.31
42800,0.1046002209186554,-7.256499290466309,1.0,1.31
42900,0.1046002209186554,-7.256499290466309,1.0,1.31
43000,0.1046002209186554,-7.256499290466309,1.0,1.31
43100,0.1046002209186554,-7.256499290466309,1.0,1.31
43200,0.1046002209186554,-7.256499290466309,1.0,1.31
43300,0.1046002209186554,-7.256499290466309,1.0,1.31
43400,0.1046002209186554,-7.256499290466309,1.0,1.31
43500,0.1046002209186554,-7.256499290466309,1.0,1.31
43600,0.1046002209186554,-7.256499290466309,1.0,1.31
43700,0.1046002209186554,-7.256499290466309,1.0,1.31
43800,0.1046002209186554,-7.256499290466309,1.0,1.31
43900,0.1046002209186554,-7.256499290466309,1.0,1.31
44000,0.1046002209186554,-7.256499290466309,1.0,1.31
44100,0.1046002209186554,-7.256499290466309,1.0,1.31
44200,0.1046002209186554,-7.256499290466309,1.0,1.31
44300,0.11745813488960266,0.09994465112686157,1.0,1.31
44400,0.11745813488960266,0.09994465112686157,1.0,1.31
44500,0.11745813488960266,0.09994465112686157,1.0,1.31
44600,0.11745813488960266,0.09994465112686157,1.0,1.31
44700,0.11745813488960266,0.09994465112686157,1.0,1.31
44800,0.11745813488960266,0.09994465112686157,1.0,1.31
44900,0.11745813488960266,0.09994465112686157,1.0,1.31
45000,0.11745813488960266,0.09994465112686157,1.0,1.31
45100,0.11745813488960266,0.09994465112686157,1.0,1.31
45200,0.11745813488960266,0.09994465112686157,1.0,1.31
45300,0.11745813488960266,0.09994465112686157,1.0,1.31
45400,0.11745813488960266,0.09994465112686157,1.0,1.31
45500,0.11745813488960266,0.09994465112686157,1.0,1.31
45600,0.11745813488960266,0.09994465112686157,1.0,1.31
45700,0.11745813488960266,0.09994465112686157,1.0,1.31
45800,0.11745813488960266,0.09994465112686157,1.0,1.31
45900,0.11745813488960266,0.09994465112686157,1.0,1.31
46000,0.11745813488960266,0.09994465112686157,1.0,1.31
46100,0.11745813488960266,0.09994465112686157,1.0,1.31
46200,0.11745813488960266,0.09994465112686157,1.0,1.31
46300,0.11745813488960266,0.09994465112686157,1.0,1.31
46400,0.11745813488960266,0.09994465112686157,1.0,1.31
46500,0.11745813488960266,0.09994465112686157,1.0,1.31
46600,0.11745813488960266,0.09994465112686157,1.0,1.31
46700,0.11745813488960266,0.09994465112686157,1.0,1.31
46800,0.11745813488960266,0.09994465112686157,1.0,1.31
46900,0.11745813488960266,0.09994465112686157,1.0,1.31
47000,0.11745813488960266,0.09994465112686157,1.0,1.31
47100,0.11745813488960266,0.09994465112686157,1.0,1.31
47200,0.11745813488960266,0.09994465112686157,1.0,1.31
47300,0.11745813488960266,0.09994465112686157,1.0,1.31
47400,0.11745813488960266,0.09994465112686157,1.0,1.31
47500,0.11745813488960266,0.09994465112686157,1.0,1.31
47600,0.11745813488960266,0.09994465112686157,1.0,1.31
47700,0.11745813488960266,0.09994465112686157,1.0,1.31
47800,0.11745813488960266,0.09994465112686157,1.0,1.31
47900,0.11745813488960266,0.09994465112686157,1.0,1.31
48000,0.11745813488960266,0.09994465112686157,1.0,1.31
48100,0.11745813488960266,0.09994465112686157,1.0,1.31
48200,0.11745813488960266,0.09994465112686157,1.0,1.31
48300,0.11745813488960266,0.09994465112686157,1.0,1.31
48400,0.11745813488960266,0.09994465112686157,1.0,1.31
48500,0.11745813488960266,0.09994465112686157,1.0,1.31
48600,0.11745813488960266,0.09994465112686157,1.0,1.31
48700,0.11745813488960266,0.09994465112686157,1.0,1.31
48800,0.11745813488960266,0.09994465112686157,1.0,1.31
48900,0.11745813488960266,0.09994465112686157,1.0,1.31
49000,0.11745813488960266,0.09994465112686157,1.0,1.31
49100,0.11745813488960266,0.09994465112686157,1.0,1.31
49200,0.11745813488960266,0.09994465112686157,1.0,1.31
49300,0.11745813488960266,0.09994465112686157,1.0,1.31
49400,0.11745813488960266,0.09994465112686157,1.0,1.31
49500,0.11745813488960266,0.09994465112686157,1.0,1.31
49600,0.11745813488960266,0.09994465112686157,1.0,1.31
49700,0.11745813488960266,0.09994465112686157,1.0,1.31
49800,0.11745813488960266,0.09994465112686157,1.0,1.31
49900,0.11745813488960266,0.09994465112686157,1.0,1.31
50000,0.11745813488960266,0.09994465112686157,1.0,1.31
50100,0.11745813488960266,0.09994465112686157,1.0,1.31
50200,0.11745813488960266,0.09994465112686157,1.0,1.31
50300,0.11745813488960266,0.09994465112686157,1.0,1.31
50400,0.11745813488960266,0.09994465112686157,1.0,1.31
50500,0.11745813488960266,0.09994465112686157,1.0,1.31
50600,0.11745813488960266,0.09994465112686157,1.0,1.31
50700,0.11745813488960266,0.09994465112686157,1.0,1.31
50800,0.11745813488960266,0.09994465112686157,1.0,1.31
50900,0.11745813488960266,0.09994465112686157,1.0,1.31
51000,0.11745813488960266,0.09994465112686157,1.0,1.31
51100,0.11745813488960266,0.09994465112686157,1.0,1.31
51200,0.11745813488960266,0.09994465112686157,1.0,1.31
51300,0.11745813488960266,0.09994465112686157,1.0,1.31
51400,0.11745813488960266,0.09994465112686157,1.0,1.31
51500,0.11745813488960266,0.09994465112686157,1.0,1.31
51600,0.11745813488960266,0.09994465112686157,1.0,1.31
51700,0.11745813488960266,0.09994465112686157,1.0,1.31
51800,0.11745813488960266,0.09994465112686157,1.0,1.31
51900,0.11745813488960266,0.09994465112686157,1.0,1.31
52000,0.11745813488960266,0.09994465112686157,1.0,1.31
52100,0.11745813488960266,0.09994465112686157,1.0,1.31
52200,0.11745813488960266,0.09994465112686157,1.0,1.31
52300,0.11745813488960266,0.09994465112686157,1.0,1.31
52400,0.11745813488960266,0.09994465112686157,1.0,1.31
52500,0.11745813488960266,0.09994465112686157,1.0,1.31
52600,0.11745813488960266,0.09994465112686157,1.0,1.31
52700,0.11745813488960266,0.09994465112686157,1.0,1.31
52800,0.11745813488960266,0.09994465112686157,1.0,1.31
52900,0.11745813488960266,0.09994465112686157,1.0,1.31
53000,0.11745813488960266,0.09994465112686157,1.0,1.31
53100,0.11745813488960266,0.09994465112686157,1.0,1.31
53200,0.11745813488960266,0.09994465112686157,1.0,1.31
53300,0.11745813488960266,0.09994465112686157,1.0,1.31
53400,0.11745813488960266,0.09994465112686157,1.0,1.31
53500,0.11745813488960266,0.09994465112686157,1.0,1.31
53600,0.11745813488960266,0.09994465112686157,1.0,1.31
53700,0.11745813488960266,0.09994465112686157,1.0,1.31
53800,0.11745813488960266,0.09994465112686157,1.0,1.31
53900,0.11745813488960266,0.09994465112686157,1.0,1.31
54000,0.11745813488960266,0.09994465112686157,1.0,1.31
54100,0.11745813488960266,0.09994465112686157,1.0,1.31
54200,0.11745813488960266,0.09994465112686157,1.0,1.31
54300,0.11745813488960266,0.09994465112686157,1.0,1.31
54400,0.11745813488960266,0.09994465112686157,1.0,1.31
54500,0.11745813488960266,0.09994465112686157,1.0,1.31
54600,0.11745813488960266,0.09994465112686157,1.0,1.31
54700,0.11745813488960266,0.09994465112686157,1.0,1.31
54800,0.11745813488960266,0.09994465112686157,1.0,1.31
54900,0.11745813488960266,0.09994465112686157,1.0,1.31
55000,0.11745813488960266,0.09994465112686157,1.0,1.31
55100,0.11745813488960266,0.09994465112686157,1.0,1.31
55200,0.11745813488960266,0.09994465112686157,1.0,1.31
55300,0.11745813488960266,0.09994465112686157,1.0,1.31
55400,0.11745813488960266,0.09994465112686157,1.0,1.31
55500,0.11745813488960266,0.09994465112686157,1.0,1.31
76506,0.11745813488960266,0.09994465112686157,0.4,1.44
76606,0.11745813488960266,0.09994465112686157,0.49,1.44
76706,0.11745813488960266,0.09994465112686157,0.54,1.44
76806,0.11745813488960266,0.09994465112686157,0.61,1.44
76906,0.11745813488960266,0.09994465112686157,0.64,1.44
77006,0.11745813488960266,0.09994465112686157,0.68,1.44
77106,0.12397155165672302,0.1104629635810852,0.74,1.44
77206,0.12397155165672302,0.1104629635810852,0.75,1.44
77306,0.12397155165672302,0.1104629635810852,0.77,1.44
77406,0.12397155165672302,0.1104629635810852,0.81,1.44
77506,0.12397155165672302,0.1104629635810852,0.85,1.44
77606,0.12397155165672302,0.1104629635810852,0.88,1.44
77706,0.12397155165672302,0.1104629635810852,0.89,1.44
77806,0.12397155165672302,0.1104629635810852,0.9,1.44
77906,0.12397155165672302,0.1104629635810852,0.9,1.44
78006,0.12397530674934387,0.10937470197677612,0.91,1.44
78106,0.12397530674934387,0.10937470197677612,0.9,1.44
78206,0.12397530674934387,0.10937470197677612,0.91,1.44
78306,0.12397530674934387,0.10937470197677612,0.9,1.44
78406,0.12397530674934387,0.10937470197677612,0.89,1.44
78506,0.12397530674934387,0.10937470197677612,0.92,1.44
78606,0.12397530674934387,0.10937470197677612,0.94,1.44
78706,0.12397530674934387,0.10937470197677612,0.95,1.44
78806,0.12397530674934387,0.10937470197677612,0.95,1.44
78906,0.12397530674934387,0.10937470197677612,0.94,1.44
79006,0.12397530674934387,0.10937470197677612,0.95,1.44
79106,0.12397530674934387,0.10937470197677612,0.95,1.44
79206,0.12397530674934387,0.10937470197677612,0.97,1.44
79306,0.12397530674934387,0.10937470197677612,0.97,1.44
79406,0.12397530674934387,0.10937470197677612,0.96,1.44
79506,0.12397530674934387,0.10937470197677612,0.97,1.44
79606,0.12397530674934387,0.10937470197677612,0.97,1.44
79706,0.12397530674934387,0.10937470197677612,0.96,1.44
79806,0.12397530674934387,0.10937470197677612,0.95,1.44
79906,0.12397530674934387,0.10937470197677612,0.96,1.44
80006,0.12397530674934387,0.10937470197677612,0.95,1.44
80106,0.12397530674934387,0.10937470197677612,0.96,1.44
80206,0.12397530674934387,0.10937470197677612,0.96,1.44
80306,0.12397530674934387,0.10937470197677612,0.97,1.44
80406,0.12397530674934387,0.10937470197677612,0.99,1.44
80506,0.12397530674934387,0.10937470197677612,0.99,1.44
80606,0.12397530674934387,0.10937470197677612,1.0,1.44
80706,0.12397530674934387,0.10937470197677612,1.0,1.44
80806,0.12397530674934387,0.10937470197677612,1.0,1.44
80906,0.12397530674934387,0.10937470197677612,1.0,1.44
81006,0.12397530674934387,0.10937470197677612,1.0,1.44
81106,0.12397530674934387,0.10937470197677612,1.0,1.44
81206,0.12397530674934387,0.10937470197677612,1.0,1.44
81306,0.12397530674934387,0.10937470197677612,1.0,1.44
81406,0.12397530674934387,0.10937470197677612,1.0,1.44
81506,0.12397530674934387,0.10937470197677612,1.0,1.44
81606,0.12397530674934387,0.10937470197677612,1.0,1.44
81706,0.12397530674934387,0.10937470197677612,0.99,1.44
81806,0.12397530674934387,0.10937470197677612,1.0,1.44
81906,0.12397530674934387,0.10937470197677612,1.0,1.44
82006,0.12397530674934387,0.10937470197677612,1.0,1.44
82106,0.12397530674934387,0.10937470197677612,0.99,1.44
82206,0.129378080368042,0.11726263165473938,0.99,1.44
82306,0.129378080368042,0.11726263165473938,0.99,1.44
82406,0.129378080368042,0.11726263165473938,0.99,1.44
82506,0.129378080368042,0.11726263165473938,0.99,1.44
82606,0.129378080368042,0.11726263165473938,0.99,1.44
82706,0.129378080368042,0.11726263165473938,0.99,1.44
82806,0.129378080368042,0.11726263165473938,0.98,1.44
82906,0.129378080368042,0.11726263165473938,0.99,1.44
83006,0.129378080368042,0.11726263165473938,0.99,1.44
83106,0.129378080368042,0.11726263165473938,0.99,1.44
83206,0.129378080368042,0.11726263165473938,0.99,1.44
83306,0.129378080368042,0.11726263165473938,0.98,1.44
83406,0.129378080368042,0.11726263165473938,0.97,1.44
83506,0.129378080368042,0.11726263165473938,0.97,1.44
83606,0.129378080368042,0.11726263165473938,0.98,1.44
83706,0.129378080368042,0.11726263165473938,0.99,1.44
83806,0.129378080368042,0.11726263165473938,0.99,1.44
83906,0.129378080368042,0.11726263165473938,1.0,1.44
84006,0.129378080368042,0.11726263165473938,1.0,1.44
84106,0.129378080368042,0.11726263165473938,1.0,1.44
84206,0.129378080368042,0.11726263165473938,1.0,1.44
84306,0.129378080368042,0.11726263165473938,1.0,1.44
84406,0.129378080368042,0.11726263165473938,1.0,1.44
84506,0.129378080368042,0.11726263165473938,1.0,1.44
84606,0.129378080368042,0.11726263165473938,1.0,1.44
84706,0.129378080368042,0.11726263165473938,1.0,1.44
84806,0.129378080368042,0.11726263165473938,1.0,1.44
84906,0.129378080368042,0.11726263165473938,1.0,1.44
85006,0.129378080368042,0.11726263165473938,1.0,1.44
85106,0.129378080368042,0.11726263165473938,1.0,1.44
85206,0.129378080368042,0.11726263165473938,1.0,1.44
85306,0.129378080368042,0.11726263165473938,1.0,1.44
85406,0.129378080368042,0.11726263165473938,1.0,1.44
85506,0.129378080368042,0.11726263165473938,1.0,1.44
85606,0.129378080368042,0.11726263165473938,1.0,1.44
85706,0.129378080368042,0.11726263165473938,1.0,1.44
85806,0.129378080368042,0.11726263165473938,1.0,1.44
85906,0.129378080368042,0.11726263165473938,1.0,1.44
86006,0.129378080368042,0.11726263165473938,1.0,1.44
86106,0.129378080368042,0.11726263165473938,1.0,1.44
86206,0.129378080368042,0.11726263165473938,1.0,1.44
86306,0.129378080368042,0.11726263165473938,1.0,1.44
86406,0.129378080368042,0.11726263165473938,1.0,1.44
86506,0.129378080368042,0.11726263165473938,1.0,1.44
86606,0.129378080368042,0.11726263165473938,1.0,1.44
86706,0.129378080368042,0.11726263165473938,1.0,1.44
86806,0.129378080368042,0.11726263165473938,1.0,1.44
86906,0.129378080368042,0.11726263165473938,1.0,1.44
87006,0.129378080368042,0.11726263165473938,1.0,1.44
87106,0.129378080368042,0.11726263165473938,1.0,1.44
87206,0.129378080368042,0.11726263165473938,1.0,1.44
87306,0.129378080368042,0.11726263165473938,1.0,1.44
87406,0.129378080368042,0.11726263165473938,1.0,1.44
87506,0.129378080368042,0.11726263165473938,1.0,1.44
87606,0.129378080368042,0.11726263165473938,1.0,1.44
87706,0.129378080368042,0.11726263165473938,1.0,1.44
87806,0.129378080368042,0.11726263165473938,1.0,1.44
87906,0.129378080368042,0.11726263165473938,1.0,1.44
88006,0.129378080368042,0.11726263165473938,0.99,1.44
88106,0.129378080368042,0.11726263165473938,1.0,1.44
88206,0.129378080368042,0.11726263165473938,1.0,1.44
88306,0.129378080368042,0.11726263165473938,1.0,1.44
88406,0.129378080368042,0.11726263165473938,1.0,1.44
88506,0.129378080368042,0.11726263165473938,1.0,1.44
88606,0.129378080368042,0.11726263165473938,1.0,1.44
88706,0.129378080368042,0.11726263165473938,1.0,1.44
88806,0.129378080368042,0.11726263165473938,0.99,1.44
88906,0.129378080368042,0.11726263165473938,0.98,1.44
89006,0.129378080368042,0.11726263165473938,0.98,1.44
89106,0.129378080368042,0.11726263165473938,0.98,1.44
89206,0.129378080368042,0.11726263165473938,0.98,1.44
89306,0.129378080368042,0.11726263165473938,0.99,1.44
89406,0.129378080368042,0.11726263165473938,0.98,1.44
89506,0.129378080368042,0.11726263165473938,0.99,1.44
89606,0.129378080368042,0.11726263165473938,1.0,1.44
89706,0.129378080368042,0.11726263165473938,1.0,1.44
89806,0.129378080368042,0.11726263165473938,1.0,1.44
89906,0.129378080368042,0.11726263165473938,1.0,1.44
90006,0.129378080368042,0.11726263165473938,1.0,1.44
90106,0.129378080368042,0.11726263165473938,1.0,1.44
90206,0.129378080368042,0.11726263165473938,1.0,1.44
90306,0.129378080368042,0.11726263165473938,1.0,1.44
90406,0.129378080368042,0.11726263165473938,1.0,1.44
90506,0.129378080368042,0.11726263165473938,1.0,1.44
90606,0.129378080368042,0.11726263165473938,1.0,1.44
90706,0.129378080368042,0.11726263165473938,1.0,1.44
90806,0.129378080368042,0.11726263165473938,1.0,1.44
90906,0.129378080368042,0.11726263165473938,1.0,1.44
91006,0.129378080368042,0.11726263165473938,0.99,1.44
91106,0.129378080368042,0.11726263165473938,0.99,1.44
91206,0.129378080368042,0.11726263165473938,0.99,1.44
91306,0.129378080368042,0.11726263165473938,1.0,1.44
91406,0.129378080368042,0.11726263165473938,1.0,1.44
91506,0.129378080368042,0.11726263165473938,1.0,1.44
91606,0.129378080368042,0.11726263165473938,1.0,1.44
91706,0.129378080368042,0.11726263165473938,1.0,1.44
91806,0.129378080368042,0.11726263165473938,1.0,1.44
91906,0.129378080368042,0.11726263165473938,1.0,1.44
92006,0.129378080368042,0.11726263165473938,1.0,1.44
92106,0.129378080368042,0.11726263165473938,1.0,1.44
92206,0.129378080368042,0.11726263165473938,1.0,1.44
92306,0.129378080368042,0.11726263165473938,1.0,1.44
92406,0.129378080368042,0.11726263165473938,1.0,1.44
92506,0.129378080368042,0.11726263165473938,1.0,1.44
92606,0.129378080368042,0.11726263165473938,1.0,1.44
92706,0.129378080368042,0.11726263165473938,1.0,1.44
92806,0.129378080368042,0.11726263165473938,1.0,1.44
92906,0.129378080368042,0.11726263165473938,1.0,1.44
93006,0.129378080368042,0.11726263165473938,1.0,1.44
93106,0.129378080368042,0.11726263165473938,1.0,1.44
93206,0.129378080368042,0.11726263165473938,1.0,1.44
93306,0.129378080368042,0.11726263165473938,1.0,1.44
93406,0.129378080368042,0.11726263165473938,1.0,1.44
93506,0.129378080368042,0.11726263165473938,1.0,1.44
93606,0.129378080368042,0.11726263165473938,1.0,1.44
93706,0.129378080368042,0.11726263165473938,1.0,1.44
93806,0.129378080368042,0.11726263165473938,1.0,1.44
93906,0.129378080368042,0.11726263165473938,1.0,1.44
94006,0.129378080368042,0.11726263165473938,1.0,1.44
94106,0.129378080368042,0.11726263165473938,1.0,1.44
94206,0.129378080368042,0.11726263165473938,1.0,1.44
94306,0.129378080368042,0.11726263165473938,1.0,1.44
94406,0.129378080368042,0.11726263165473938,1.0,1.44
94506,0.129378080368042,0.11726263165473938,1.0,1.44
94606,0.129378080368042,0.11726263165473938,1.0,1.44
94706,0.129378080368042,0.11726263165473938,1.0,1.44
94806,0.129378080368042,0.11726263165473938,1.0,1.44
94906,0.129378080368042,0.11726263165473938,1.0,1.44
95006,0.129378080368042,0.11726263165473938,1.0,1.44
95106,0.129378080368042,0.11726263165473938,1.0,1.44
95206,0.129378080368042,0.11726263165473938,1.0,1.44
95306,0.129378080368042,0.11726263165473938,1.0,1.44
95406,0.129378080368042,0.11726263165473938,1.0,1.44
95506,0.129378080368042,0.11726263165473938,1.0,1.44
95606,0.129378080368042,0.11726263165473938,1.0,1.44
95706,0.129378080368042,0.11726263165473938,1.0,1.44
95806,0.129378080368042,0.11726263165473938,1.0,1.44
95906,0.129378080368042,0.11726263165473938,1.0,1.44
96006,0.129378080368042,0.11726263165473938,1.0,1.44
96106,0.129378080368042,0.11726263165473938,1.0,1.44
96206,0.129378080368042,0.11726263165473938,1.0,1.44
96306,0.129378080368042,0.11726263165473938,1.0,1.44
96406,0.129378080368042,0.11726263165473938,1.0,1.44
96506,0.129378080368042,0.11726263165473938,1.0,1.44
96606,0.129378080368042,0.11726263165473938,1.0,1.44
96706,0.129378080368042,0.11726263165473938,1.0,1.44
96806,0.129378080368042,0.11726263165473938,1.0,1.44
96906,0.129378080368042,0.11726263165473938,1.0,1.44
97006,0.129378080368042,0.11726263165473938,1.0,1.44
97106,0.129378080368042,0.11726263165473938,1.0,1.44
97206,0.129378080368042,0.11726263165473938,1.0,1.44
97306,0.129378080368042,0.11726263165473938,1.0,1.44
97406,0.129378080368042,0.11726263165473938,1.0,1.44
97506,0.129378080368042,0.11726263165473938,1.0,1.44
97606,0.129378080368042,0.11726263165473938,1.0,1.44
97706,0.129378080368042,0.11726263165473938,1.0,1.44
97806,0.129378080368042,0.11726263165473938,1.0,1.44
97906,0.129378080368042,0.11726263165473938,1.0,1.44
98006,0.129378080368042,0.11726263165473938,1.0,1.44
98106,0.129378080368042,0.11726263165473938,1.0,1.44
98206,0.129378080368042,0.11726263165473938,1.0,1.44
98306,0.129378080368042,0.11726263165473938,1.0,1.44
98406,0.129378080368042,0.11726263165473938,1.0,1.44
98506,0.129378080368042,0.11726263165473938,1.0,1.44
98606,0.129378080368042,0.11726263165473938,1.0,1.44
98706,0.129378080368042,0.11726263165473938,1.0,1.44
98806,0.129378080368042,0.11726263165473938,1.0,1.44
98906,0.129378080368042,0.11726263165473938,1.0,1.44
99006,0.129378080368042,0.11726263165473938,1.0,1.44
99106,0.129378080368042,0.11726263165473938,1.0,1.44
99206,0.129378080368042,0.11726263165473938,1.0,1.44
99306,0.129378080368042,0.11726263165473938,1.0,1.44
99406,0.129378080368042,0.11726263165473938,1.0,1.44
99506,0.129378080368042,0.11726263165473938,1.0,1.44
99606,0.129378080368042,0.11726263165473938,1.0,1.44
99706,0.129378080368042,0.11726263165473938,1.0,1.44
99806,0.129378080368042,0.11726263165473938,1.0,1.44
99906,0.129378080368042,0.11726263165473938,1.0,1.44
100006,0.129378080368042,0.11726263165473938,1.0,1.44
100106,0.129378080368042,0.11726263165473938,1.0,1.44
100206,0.129378080368042,0.11726263165473938,1.0,1.44
100306,0.129378080368042,0.11726263165473938,1.0,1.44
100406,0.129378080368042,0.11726263165473938,1.0,1.44
100506,0.129378080368042,0.11726263165473938,1.0,1.44
100606,0.129378080368042,0.11726263165473938,1.0,1.44
100706,0.129378080368042,0.11726263165473938,1.0,1.44
100806,0.129378080368042,0.11726263165473938,1.0,1.44
100906,0.129378080368042,0.11726263165473938,1.0,1.44
101006,0.129378080368042,0.11726263165473938,1.0,1.44
101106,0.129378080368042,0.11726263165473938,1.0,1.44
101206,0.129378080368042,0.11726263165473938,1.0,1.44
101306,0.129378080368042,0.11726263165473938,1.0,1.44
101406,0.129378080368042,0.11726263165473938,1.0,1.44
101506,0.129378080368042,0.11726263165473938,1.0,1.44
101606,0.129378080368042,0.11726263165473938,1.0,1.44
101706,0.1931271255016327,0.1679994761943817,1.0,1.44
101806,0.1931271255016327,0.1679994761943817,1.0,1.44
101906,0.1931271255016327,0.1679994761943817,1.0,1.44
102006,0.1931271255016327,0.1679994761943817,1.0,1.44
102106,0.1931271255016327,0.1679994761943817,1.0,1.44
102206,0.1931271255016327,0.1679994761943817,1.0,1.44
102306,0.1931271255016327,0.1679994761943817,0.99,1.44
102406,0.1931271255016327,0.1679994761943817,0.99,1.44
102506,0.1931271255016327,0.1679994761943817,1.0,1.44
102606,0.1931271255016327,0.1679994761943817,1.0,1.44
102706,0.1931271255016327,0.1679994761943817,1.0,1.44
102806,0.1931271255016327,0.1679994761943817,1.0,1.44
102906,0.1931271255016327,0.1679994761943817,1.0,1.44
103006,0.1931271255016327,0.1679994761943817,1.0,1.44
103106,0.1931271255016327,0.1679994761943817,1.0,1.44
103206,0.1931271255016327,0.1679994761943817,1.0,1.44
103306,0.1931271255016327,0.1679994761943817,1.0,1.44
103406,0.1931271255016327,0.1679994761943817,1.0,1.44
103506,0.1931271255016327,0.1679994761943817,1.0,1.44
103606,0.1931271255016327,0.1679994761943817,1.0,1.44
103706,0.1931271255016327,0.1679994761943817,1.0,1.44
103806,0.1931271255016327,0.1679994761943817,1.0,1.44
103906,0.1931271255016327,0.1679994761943817,1.0,1.44
104006,0.1931271255016327,0.1679994761943817,1.0,1.44
104106,0.1931271255016327,0.1679994761943817,1.0,1.44
104206,0.1931271255016327,0.1679994761943817,1.0,1.44
104402,0.1931271255016327,0.1679994761943817,0.99,1.37
104502,0.1931271255016327,0.1679994761943817,0.99,1.37
104602,0.1931271255016327,0.1679994761943817,0.99,1.37
104702,0.1931271255016327,0.1679994761943817,0.99,1.37
104802,0.1931271255016327,0.1679994761943817,1.0,1.37
104902,0.1931271255016327,0.1679994761943817,0.99,1.37
105002,0.1931271255016327,0.1679994761943817,0.99,1.37
105102,0.1931271255016327,0.1679994761943817,0.99,1.37
105202,0.1931271255016327,0.1679994761943817,0.99,1.37
105302,0.1931271255016327,0.1679994761943817,0.99,1.37
105402,0.1931271255016327,0.1679994761943817,1.0,1.37
105502,0.1931271255016327,0.1679994761943817,1.0,1.37
105602,0.1931271255016327,0.1679994761943817,1.0,1.37
105702,0.1931271255016327,0.1679994761943817,1.0,1.37
105802,0.1931271255016327,0.1679994761943817,1.0,1.37
105902,0.1931271255016327,0.1679994761943817,1.0,1.37
106002,0.1931271255016327,0.1679994761943817,1.0,1.37
106102,0.1931271255016327,0.1679994761943817,1.0,1.37
106202,0.1931271255016327,0.1679994761943817,1.0,1.37
106302,0.1931271255016327,0.1679994761943817,1.0,1.37
106402,0.1931271255016327,0.1679994761943817,1.0,1.37
106502,0.1931271255016327,0.1679994761943817,1.0,1.37
106602,0.1931271255016327,0.1679994761943817,1.0,1.37
106702,0.1931271255016327,0.1679994761943817,1.0,1.37
106802,0.1931271255016327,0.1679994761943817,1.0,1.37
106902,0.1931271255016327,0.1679994761943817,1.0,1.37
107002,0.1931271255016327,0.1679994761943817,1.0,1.37
107102,0.1931271255016327,0.1679994761943817,1.0,1.37
107202,0.1931271255016327,0.1679994761943817,1.0,1.37
107302,0.1931271255016327,0.1679994761943817,1.0,1.37
107402,0.1931271255016327,0.1679994761943817,1.0,1.37
107502,0.1931271255016327,0.1679994761943817,1.0,1.37
107602,0.1931271255016327,0.1679994761943817,1.0,1.37
107702,0.1931271255016327,0.1679994761943817,1.0,1.37
107802,0.1931271255016327,0.1679994761943817,1.0,1.37
107902,0.1931271255016327,0.1679994761943817,1.0,1.37
108002,0.1931271255016327,0.1679994761943817,1.0,1.37
108102,0.1931271255016327,0.1679994761943817,1.0,1.37
108202,0.1931271255016327,0.1679994761943817,1.0,1.37
108302,0.1931271255016327,0.1679994761943817,1.0,1.37
108402,0.1931271255016327,0.1679994761943817,1.0,1.37
108502,0.1931271255016327,0.1679994761943817,1.0,1.37
108602,0.1931271255016327,0.1679994761943817,1.0,1.37
108702,0.1931271255016327,0.1679994761943817,1.0,1.37
108802,0.1931271255016327,0.1679994761943817,1.0,1.37
108902,0.1931271255016327,0.1679994761943817,1.0,1.37
109002,0.1931271255016327,0.1679994761943817,1.0,1.37
109102,0.1931271255016327,0.1679994761943817,1.0,1.37
109202,0.1931271255016327,0.1679994761943817,1.0,1.37
109302,0.1931271255016327,0.1679994761943817,1.0,1.37
109402,0.1931271255016327,0.1679994761943817,1.0,1.37
109502,0.1931271255016327,0.1679994761943817,1.0,1.37
109602,0.1931271255016327,0.1679994761943817,1.0,1.37
109702,0.1931271255016327,0.1679994761943817,1.0,1.37
109802,0.1931271255016327,0.1679994761943817,1.0,1.37
109902,0.1931271255016327,0.1679994761943817,1.0,1.37
110002,0.1931271255016327,0.1679994761943817,1.0,1.37
110102,0.1931271255016327,0.1679994761943817,1.0,1.37
110202,0.1931271255016327,0.1679994761943817,1.0,1.37
110302,0.1931271255016327,0.1679994761943817,1.0,1.37
110402,0.1931271255016327,0.1679994761943817,1.0,1.37
110502,0.1931271255016327,0.1679994761943817,1.0,1.37
110602,0.1931271255016327,0.1679994761943817,1.0,1.37
110702,0.1931271255016327,0.1679994761943817,1.0,1.37
110802,0.1931271255016327,0.1679994761943817,1.0,1.37
110902,0.1931271255016327,0.1679994761943817,1.0,1.37
111002,0.1931271255016327,0.1679994761943817,1.0,1.37
111102,0.1931271255016327,0.1679994761943817,1.0,1.37
111202,0.1931271255016327,0.1679994761943817,1.0,1.37
111302,0.1931271255016327,0.1679994761943817,1.0,1.37
111402,0.1931271255016327,0.1679994761943817,1.0,1.37
111502,0.1931271255016327,0.1679994761943817,1.0,1.37
111602,0.1931271255016327,0.1679994761943817,1.0,1.37
111702,0.1931271255016327,0.1679994761943817,1.0,1.37
111802,0.1931271255016327,0.1679994761943817,1.0,1.37
111902,0.1931271255016327,0.1679994761943817,1.0,1.37
112002,0.1931271255016327,0.1679994761943817,1.0,1.37
112102,0.1931271255016327,0.1679994761943817,1.0,1.37
112202,0.1931271255016327,0.1679994761943817,1.0,1.37
112302,0.1931271255016327,0.1679994761943817,1.0,1.37
112402,0.1931271255016327,0.1679994761943817,1.0,1.37
112502,0.1931271255016327,0.1679994761943817,1.0,1.37
112602,0.1931271255016327,0.1679994761943817,1.0,1.37
112702,0.1931271255016327,0.1679994761943817,1.0,1.37
112802,0.1931271255016327,0.1679994761943817,1.0,1.37
112902,0.1931271255016327,0.1679994761943817,1.0,1.37
113002,0.1931271255016327,0.1679994761943817,1.0,1.37
113102,0.1931271255016327,0.1679994761943817,1.0,1.37
113202,0.1931271255016327,0.1679994761943817,1.0,1.37
113302,0.1931271255016327,0.1679994761943817,1.0,1.37
113402,0.1931271255016327,0.1679994761943817,1.0,1.37
113502,0.1931271255016327,0.1679994761943817,1.0,1.37
113602,0.1931271255016327,0.1679994761943817,1.0,1.37
113702,0.1931271255016327,0.1679994761943817,1.0,1.37
113802,0.1931271255016327,0.1679994761943817,1.0,1.37
113902,0.1931271255016327,0.1679994761943817,1.0,1.37
114002,0.1931271255016327,0.1679994761943817,1.0,1.37
114102,0.1931271255016327,0.1679994761943817,1.0,1.37
114202,0.1931271255016327,0.1679994761943817,1.0,1.37
114302,0.1931271255016327,0.1679994761943817,1.0,1.37
114402,0.1931271255016327,0.1679994761943817,1.0,1.37
114502,0.1931271255016327,0.1679994761943817,1.0,1.37
114602,0.1931271255016327,0.1679994761943817,1.0,1.37
114702,0.1931271255016327,0.1679994761943817,1.0,1.37
114802,0.1931271255016327,0.1679994761943817,1.0,1.37
114902,0.1931271255016327,0.1679994761943817,1.0,1.37
115002,0.1931271255016327,0.1679994761943817,1.0,1.37
115102,0.1931271255016327,0.1679994761943817,1.0,1.37
115202,0.1931271255016327,0.1679994761943817,1.0,1.37
115302,0.1931271255016327,0.1679994761943817,1.0,1.37
115402,0.1931271255016327,0.1679994761943817,1.0,1.37
115502,0.1931271255016327,0.1679994761943817,1.0,1.37
115602,0.1931271255016327,0.1679994761943817,1.0,1.37
115702,0.1931271255016327,0.1679994761943817,1.0,1.37
115802,0.1931271255016327,0.1679994761943817,1.0,1.37
115902,0.1931271255016327,0.1679994761943817,1.0,1.37
116002,0.1931271255016327,0.1679994761943817,1.0,1.37
116102,0.1931271255016327,0.1679994761943817,1.0,1.37
116202,0.1931271255016327,0.1679994761943817,1.0,1.37
116302,0.1931271255016327,0.1679994761943817,1.0,1.37
116402,0.1931271255016327,0.1679994761943817,1.0,1.37
116502,0.1931271255016327,0.1679994761943817,1.0,1.37
116602,0.1931271255016327,0.1679994761943817,1.0,1.37
116702,0.1931271255016327,0.1679994761943817,1.0,1.37
116802,0.1931271255016327,0.1679994761943817,1.0,1.37
116902,0.1931271255016327,0.1679994761943817,1.0,1.37
117002,0.1931271255016327,0.1679994761943817,1.0,1.37
117102,0.1931271255016327,0.1679994761943817,1.0,1.37
117202,0.1931271255016327,0.1679994761943817,1.0,1.37
117302,0.1931271255016327,0.1679994761943817,1.0,1.37
117402,0.1931271255016327,0.1679994761943817,1.0,1.37
117502,0.1931271255016327,0.1679994761943817,1.0,1.37
117602,0.1931271255016327,0.1679994761943817,1.0,1.37
117702,0.1931271255016327,0.1679994761943817,1.0,1.37
117802,0.1931271255016327,0.1679994761943817,1.0,1.37
117902,0.1931271255016327,0.1679994761943817,1.0,1.37
118002,0.1931271255016327,0.1679994761943817,1.0,1.37
118102,0.1931271255016327,0.1679994761943817,1.0,1.37
118202,0.1931271255016327,0.1679994761943817,1.0,1.37
118302,0.1931271255016327,0.1679994761943817,1.0,1.37
118402,0.1931271255016327,0.1679994761943817,1.0,1.37
118502,0.1931271255016327,0.1679994761943817,1.0,1.37
118602,0.1931271255016327,0.1679994761943817,1.0,1.37
118702,0.1931271255016327,0.1679994761943817,1.0,1.37
118802,0.1931271255016327,0.1679994761943817,1.0,1.37
118902,0.1931271255016327,0.1679994761943817,1.0,1.37
119002,0.1931271255016327,0.1679994761943817,1.0,1.37
119102,0.1931271255016327,0.1679994761943817,1.0,1.37
119202,0.1931271255016327,0.1679994761943817,1.0,1.37
119302,0.1931271255016327,0.1679994761943817,1.0,1.37
119402,0.1931271255016327,0.1679994761943817,1.0,1.37
119502,0.1931271255016327,0.1679994761943817,1.0,1.37
119602,0.1931271255016327,0.1679994761943817,1.0,1.37
119702,0.1931271255016327,0.1679994761943817,1.0,1.37
119802,0.1931271255016327,0.1679994761943817,1.0,1.37
119902,0.1931271255016327,0.1679994761943817,1.0,1.37
120002,0.1931271255016327,0.1679994761943817,1.0,1.37
120102,0.1931271255016327,0.1679994761943817,1.0,1.37
120202,0.1931271255016327,0.1679994761943817,1.0,1.37
120302,0.1931271255016327,0.1679994761943817,1.0,1.37
120402,0.1931271255016327,0.1679994761943817,1.0,1.37
120502,0.1931271255016327,0.1679994761943817,1.0,1.37
120602,0.1931271255016327,0.1679994761943817,1.0,1.37
120702,0.1931271255016327,0.1679994761943817,1.0,1.37
120802,0.1931271255016327,0.1679994761943817,1.0,1.37
120902,0.1931271255016327,0.1679994761943817,1.0,1.37
121002,0.1931271255016327,0.1679994761943817,1.0,1.37
121102,0.1931271255016327,0.1679994761943817,1.0,1.37
121202,0.1931271255016327,0.1679994761943817,1.0,1.37
121302,0.1931271255016327,0.1679994761943817,1.0,1.37
121402,0.1931271255016327,0.1679994761943817,1.0,1.37
121502,0.1931271255016327,0.1679994761943817,1.0,1.37
121602,0.1931271255016327,0.1679994761943817,1.0,1.37
121702,0.1931271255016327,0.1679994761943817,1.0,1.37
121802,0.1931271255016327,0.1679994761943817,1.0,1.37
121902,0.1931271255016327,0.1679994761943817,1.0,1.37
122002,0.1931271255016327,0.1679994761943817,1.0,1.37
122102,0.1931271255016327,0.1679994761943817,1.0,1.37
122202,0.1931271255016327,0.1679994761943817,1.0,1.37
122302,0.1931271255016327,0.1679994761943817,1.0,1.37
122402,0.1931271255016327,0.1679994761943817,1.0,1.37
122502,0.1931271255016327,0.1679994761943817,1.0,1.37
122602,0.1931271255016327,0.1679994761943817,1.0,1.37
122702,0.1931271255016327,0.1679994761943817,1.0,1.37
122802,0.1931271255016327,0.1679994761943817,1.0,1.37
122902,0.1931271255016327,0.1679994761943817,1.0,1.37
123002,0.1931271255016327,0.1679994761943817,1.0,1.37
123102,0.1931271255016327,0.1679994761943817,1.0,1.37
123202,0.1931271255016327,0.1679994761943817,1.0,1.37
123302,0.1931271255016327,0.1679994761943817,1.0,1.37
123402,0.1931271255016327,0.1679994761943817,1.0,1.37
123502,0.1931271255016327,0.1679994761943817,1.0,1.37
123602,0.1931271255016327,0.1679994761943817,1.0,1.37
123702,0.1931271255016327,0.1679994761943817,1.0,1.37
123802,0.1931271255016327,0.1679994761943817,1.0,1.37
123902,0.1931271255016327,0.1679994761943817,1.0,1.37
124002,0.1931271255016327,0.1679994761943817,1.0,1.37
124102,0.1931271255016327,0.1679994761943817,1.0,1.37
124202,0.1931271255016327,0.1679994761943817,1.0,1.37
124302,0.1931271255016327,0.1679994761943817,1.0,1.37
124402,0.1931271255016327,0.1679994761943817,1.0,1.37
124502,0.1931271255016327,0.1679994761943817,1.0,1.37
124602,0.1931271255016327,0.1679994761943817,1.0,1.37
124702,0.1931271255016327,0.1679994761943817,1.0,1.37
124802,0.1931271255016327,0.1679994761943817,1.0,1.37
124902,0.1931271255016327,0.1679994761943817,1.0,1.37
125002,0.1931271255016327,0.1679994761943817,1.0,1.37
125102,0.1931271255016327,0.1679994761943817,1.0,1.37
125202,0.1931271255016327,0.1679994761943817,1.0,1.37
125302,0.1931271255016327,0.1679994761943817,1.0,1.37
125402,0.1931271255016327,0.1679994761943817,1.0,1.37
125502,0.1931271255016327,0.1679994761943817,1.0,1.37
125602,0.1931271255016327,0.1679994761943817,1.0,1.37
125702,0.1931271255016327,0.1679994761943817,1.0,1.37
125802,0.1931271255016327,0.1679994761943817,1.0,1.37
125902,0.1931271255016327,0.1679994761943817,1.0,1.37
126002,0.1931271255016327,0.1679994761943817,1.0,1.37
126102,0.1931271255016327,0.1679994761943817,1.0,1.37
126202,0.1931271255016327,0.1679994761943817,1.0,1.37
126302,0.1931271255016327,0.1679994761943817,1.0,1.37
126402,0.1931271255016327,0.1679994761943817,1.0,1.37
126502,0.1931271255016327,0.1679994761943817,1.0,1.37
126602,0.1931271255016327,0.1679994761943817,1.0,1.37
126702,0.1931271255016327,0.1679994761943817,1.0,1.37
126802,0.1931271255016327,0.1679994761943817,1.0,1.37
126902,0.1931271255016327,0.1679994761943817,1.0,1.37
127002,0.1931271255016327,0.1679994761943817,1.0,1.37
127102,0.1931271255016327,0.1679994761943817,1.0,1.37
127202,0.1931271255016327,0.1679994761943817,1.0,1.37
127302,0.1931271255016327,0.1679994761943817,1.0,1.37
127402,0.1931271255016327,0.1679994761943817,1.0,1.37
127502,0.1931271255016327,0.1679994761943817,1.0,1.37
127602,0.1931271255016327,0.1679994761943817,1.0,1.37
127702,0.1931271255016327,0.1679994761943817,1.0,1.37
127802,0.1931271255016327,0.1679994761943817,1.0,1.37
127902,0.1931271255016327,0.1679994761943817,1.0,1.37
128002,0.1931271255016327,0.1679994761943817,1.0,1.37
128102,0.1931271255016327,0.1679994761943817,1.0,1.37
128202,0.1931271255016327,0.1679994761943817,1.0,1.37
128302,0.1931271255016327,0.1679994761943817,1.0,1.37
128402,0.1931271255016327,0.1679994761943817,1.0,1.37
128502,0.1931271255016327,0.1679994761943817,1.0,1.37
128602,0.1931271255016327,0.1679994761943817,1.0,1.37
128702,0.1931271255016327,0.1679994761943817,1.0,1.37
128802,0.1931271255016327,0.1679994761943817,1.0,1.37
128902,0.1931271255016327,0.1679994761943817,1.0,1.37
129002,0.1931271255016327,0.1679994761943817,1.0,1.37
129102,0.1931271255016327,0.1679994761943817,1.0,1.37
129202,0.1931271255016327,0.1679994761943817,1.0,1.37
129302,0.1931271255016327,0.1679994761943817,1.0,1.37
129402,0.1931271255016327,0.1679994761943817,1.0,1.37
129502,0.1931271255016327,0.1679994761943817,1.0,1.37
129602,0.1931271255016327,0.1679994761943817,1.0,1.37
129702,0.1931271255016327,0.1679994761943817,1.0,1.37
129802,0.1931271255016327,0.1679994761943817,1.0,1.37
129902,0.1931271255016327,0.1679994761943817,1.0,1.37
130002,0.1931271255016327,0.1679994761943817,1.0,1.37
130102,0.1931271255016327,0.1679994761943817,1.0,1.37
130202,0.1931271255016327,0.1679994761943817,1.0,1.37
130302,0.1931271255016327,0.1679994761943817,1.0,1.37
130402,0.1931271255016327,0.1679994761943817,1.0,1.37
130502,0.1931271255016327,0.1679994761943817,1.0,1.37
130602,0.1931271255016327,0.1679994761943817,1.0,1.37
130702,0.1931271255016327,0.1679994761943817,1.0,1.37
130802,0.1931271255016327,0.1679994761943817,1.0,1.37
130902,0.1931271255016327,0.1679994761943817,1.0,1.37
131002,0.1931271255016327,0.1679994761943817,1.0,1.37
131102,0.1931271255016327,0.1679994761943817,1.0,1.37
131202,0.1931271255016327,0.1679994761943817,1.0,1.37
131302,0.1931271255016327,0.1679994761943817,1.0,1.37
131402,0.1931271255016327,0.1679994761943817,1.0,1.37
131502,0.1931271255016327,0.1679994761943817,1.0,1.37
131602,0.1931271255016327,0.1679994761943817,1.0,1.37
131702,0.1931271255016327,0.1679994761943817,1.0,1.37
131802,0.1931271255016327,0.1679994761943817,1.0,1.37
131902,0.1931271255016327,0.1679994761943817,1.0,1.37
132002,0.1931271255016327,0.1679994761943817,1.0,1.37
132102,0.1931271255016327,0.1679994761943817,1.0,1.37
132202,0.1931271255016327,0.09994465112686157,1.0,1.36
132302,0.1931271255016327,0.09994465112686157,1.0,1.36
132402,0.1931271255016327,0.09994465112686157,1.0,1.36
132502,0.1931271255016327,0.09994465112686157,1.0,1.36
132602,0.1931271255016327,0.09994465112686157,1.0,1.36
132702,0.1931271255016327,0.09994465112686157,1.0,1.36
132802,0.1931271255016327,0.09994465112686157,1.0,1.36
132902,0.1931271255016327,0.09994465112686157,1.0,1.36
133002,0.1931271255016327,0.09994465112686157,1.0,1.36
133102,0.1931271255016327,0.09994465112686157,1.0,1.36
133202,0.1931271255016327,0.09994465112686157,1.0,1.36
133302,0.1931271255016327,0.09994465112686157,1.0,1.36
133402,0.1931271255016327,0.09994465112686157,1.0,1.36
133502,0.1931271255016327,0.09994465112686157,1.0,1.36
133602,0.1931271255016327,0.09994465112686157,1.0,1.36
133702,0.1931271255016327,0.09994465112686157,1.0,1.36
133802,0.1931271255016327,0.09994465112686157,1.0,1.36
133902,0.1931271255016327,0.09994465112686157,1.0,1.36
134002,0.1931271255016327,0.09994465112686157,1.0,1.36
134102,0.1931271255016327,0.09994465112686157,1.0,1.36
134202,0.1931271255016327,0.09994465112686157,1.0,1.36
134302,0.1931271255016327,0.09994465112686157,1.0,1.36
134402,0.1931271255016327,0.09994465112686157,1.0,1.36
134502,0.1931271255016327,0.09994465112686157,1.0,1.36
134602,0.1931271255016327,0.09994465112686157,1.0,1.36
134702,0.1931271255016327,0.09994465112686157,1.0,1.36
134802,0.1931271255016327,0.09994465112686157,1.0,1.36
134902,0.1931271255016327,0.09994465112686157,1.0,1.36
135002,0.1931271255016327,0.09994465112686157,1.0,1.36
135102,0.1931271255016327,0.09994465112686157,1.0,1.36
135202,0.1931271255016327,0.09994465112686157,1.0,1.36
135302,0.1931271255016327,0.09994465112686157,1.0,1.36
135402,0.1931271255016327,0.09994465112686157,1.0,1.36
135502,0.1931271255016327,0.09994465112686157,1.0,1.36
135602,0.1931271255016327,0.09994465112686157,1.0,1.36
135702,0.1931271255016327,0.09994465112686157,1.0,1.36
135802,0.1931271255016327,0.09994465112686157,1.0,1.36
135902,0.1931271255016327,0.09994465112686157,1.0,1.36
136002,0.1931271255016327,0.09994465112686157,1.0,1.36
136102,0.1931271255016327,0.09994465112686157,1.0,1.36
136202,0.1931271255016327,0.09994465112686157,1.0,1.36
136302,0.1931271255016327,0.09994465112686157,1.0,1.36
136402,0.1931271255016327,0.09994465112686157,1.0,1.36
136502,0.1931271255016327,0.09994465112686157,1.0,1.36
136602,0.1931271255016327,0.09994465112686157,1.0,1.36
136702,0.1931271255016327,0.09994465112686157,1.0,1.36
136802,0.1931271255016327,0.09994465112686157,1.0,1.36
136902,0.1931271255016327,0.09994465112686157,1.0,1.36
137002,0.1931271255016327,0.09994465112686157,1.0,1.36
137102,0.1931271255016327,0.09994465112686157,1.0,1.36
137202,0.1931271255016327,0.09994465112686157,1.0,1.36
137302,0.1931271255016327,0.09994465112686157,1.0,1.36
137402,0.1931271255016327,0.09994465112686157,1.0,1.36
137502,0.1931271255016327,0.09994465112686157,1.0,1.36
137602,0.1931271255016327,0.09994465112686157,1.0,1.36
137702,0.1931271255016327,0.09994465112686157,1.0,1.36
137802,0.1931271255016327,0.09994465112686157,1.0,1.36
137902,0.1931271255016327,0.09994465112686157,1.0,1.36
138002,0.1931271255016327,0.09994465112686157,1.0,1.36
138102,0.1931271255016327,0.09994465112686157,1.0,1.36
138202,0.1931271255016327,0.09994465112686157,1.0,1.36
138302,0.1931271255016327,0.09994465112686157,1.0,1.36
138402,0.1931271255016327,0.09994465112686157,1.0,1.36
138502,0.1931271255016327,0.09994465112686157,1.0,1.36
138602,0.1931271255016327,0.09994465112686157,1.0,1.36
138702,0.1931271255016327,0.09994465112686157,1.0,1.36
138802,0.1931271255016327,0.09994465112686157,1.0,1.36
138902,0.1931271255016327,0.09994465112686157,1.0,1.36
139002,0.1931271255016327,0.09994465112686157,1.0,1.36
139102,0.1931271255016327,0.09994465112686157,1.0,1.36
139202,0.1931271255016327,0.09994465112686157,1.0,1.36
139302,0.1931271255016327,0.09994465112686157,1.0,1.36
139402,0.1931271255016327,0.09994465112686157,1.0,1.36
139502,0.1931271255016327,0.09994465112686157,1.0,1.36
139602,0.1931271255016327,0.09994465112686157,1.0,1.36
139702,0.1931271255016327,0.09994465112686157,1.0,1.36
139802,0.1931271255016327,0.09994465112686157,1.0,1.36
139902,0.1931271255016327,0.09994465112686157,1.0,1.36
140002,0.1931271255016327,0.09994465112686157,1.0,1.36
140102,0.1931271255016327,0.09994465112686157,1.0,1.36
140202,0.1931271255016327,0.09994465112686157,1.0,1.36
140302,0.1931271255016327,0.09994465112686157,1.0,1.36
140402,0.1931271255016327,0.09994465112686157,1.0,1.36
140502,0.1931271255016327,0.09994465112686157,1.0,1.36
140602,0.1931271255016327,0.09994465112686157,1.0,1.36
140702,0.1931271255016327,0.09994465112686157,1.0,1.36
140802,0.1931271255016327,0.09994465112686157,1.0,1.36
140902,0.1931271255016327,0.09994465112686157,1.0,1.36
141002,0.1931271255016327,0.09994465112686157,1.0,1.36
141102,0.1931271255016327,0.09994465112686157,1.0,1.36
141202,0.1931271255016327,0.09994465112686157,1.0,1.36
141302,0.1931271255016327,0.09994465112686157,1.0,1.36
141402,0.1931271255016327,0.09994465112686157,1.0,1.36
141502,0.1931271255016327,0.09994465112686157,1.0,1.36
141602,0.1931271255016327,0.09994465112686157,1.0,1.36
141702,0.1931271255016327,0.09994465112686157,1.0,1.36
141802,0.1931271255016327,0.09994465112686157,1.0,1.36
141902,0.1931271255016327,0.09994465112686157,1.0,1.36
142002,0.1931271255016327,0.09994465112686157,1.0,1.36
142102,0.1931271255016327,0.09994465112686157,1.0,1.36
142202,0.1931271255016327,0.09994465112686157,1.0,1.36
142302,0.1931271255016327,0.09994465112686157,1.0,1.36
142402,0.1931271255016327,0.09994465112686157,1.0,1.36
142502,0.1931271255016327,0.09994465112686157,1.0,1.36
142602,0.1931271255016327,0.09994465112686157,1.0,1.36
142702,0.1931271255016327,0.09994465112686157,1.0,1.36
142802,0.1931271255016327,0.09994465112686157,1.0,1.36
142902,0.1931271255016327,0.09994465112686157,1.0,1.36
143002,0.1931271255016327,0.09994465112686157,1.0,1.36
143102,0.1931271255016327,0.09994465112686157,1.0,1.36
143202,0.1931271255016327,0.09994465112686157,1.0,1.36
143302,0.1931271255016327,0.09994465112686157,1.0,1.36
143402,0.1931271255016327,0.09994465112686157,1.0,1.36
143502,0.1931271255016327,0.09994465112686157,1.0,1.36
143602,0.1931271255016327,0.09994465112686157,1.0,1.36
143702,0.1931271255016327,0.09994465112686157,1.0,1.36
143802,0.1931271255016327,0.09994465112686157,1.0,1.36
143902,0.1931271255016327,0.09994465112686157,1.0,1.36
144002,0.1931271255016327,0.09994465112686157,1.0,1.36
144102,0.1931271255016327,0.09994465112686157,1.0,1.36
144202,0.1931271255016327,0.09994465112686157,1.0,1.36
144302,0.1931271255016327,0.09994465112686157,1.0,1.36
144402,0.1931271255016327,0.09994465112686157,1.0,1.36
144502,0.1931271255016327,0.09994465112686157,1.0,1.36
144602,0.1931271255016327,0.09994465112686157,1.0,1.36
144702,0.1931271255016327,0.09994465112686157,1.0,1.36
144802,0.1931271255016327,0.09994465112686157,1.0,1.36
144902,0.1931271255016327,0.09994465112686157,1.0,1.36
145002,0.1931271255016327,0.09994465112686157,1.0,1.36
145102,0.1931271255016327,0.09994465112686157,1.0,1.36
145202,0.1931271255016327,0.09994465112686157,1.0,1.36
145302,0.1931271255016327,0.09994465112686157,1.0,1.36
145402,0.1931271255016327,0.09994465112686157,1.0,1.36
145502,0.1931271255016327,0.09994465112686157,1.0,1.36
145602,0.1931271255016327,0.09994465112686157,1.0,1.36
145702,0.1931271255016327,0.09994465112686157,1.0,1.36
145802,0.1931271255016327,0.09994465112686157,1.0,1.36
145902,0.1931271255016327,0.09994465112686157,1.0,1.36
146002,0.1931271255016327,0.09994465112686157,1.0,1.36
146102,0.1931271255016327,0.09994465112686157,1.0,1.36
146202,0.1931271255016327,0.09994465112686157,1.0,1.36
146302,0.1931271255016327,0.09994465112686157,1.0,1.36
146402,0.1931271255016327,0.09994465112686157,1.0,1.36
146502,0.1931271255016327,0.09994465112686157,1.0,1.36
146602,0.1931271255016327,0.09994465112686157,1.0,1.36
146702,0.1931271255016327,0.09994465112686157,1.0,1.36
146802,0.1931271255016327,0.09994465112686157,1.0,1.36
146902,0.1931271255016327,0.09994465112686157,1.0,1.36
147002,0.1931271255016327,0.09994465112686157,1.0,1.36
147102,0.1931271255016327,0.09994465112686157,1.0,1.36
147202,0.1931271255016327,0.09994465112686157,1.0,1.36
147302,0.1931271255016327,0.09994465112686157,1.0,1.36
147402,0.1931271255016327,0.09994465112686157,1.0,1.36
147502,0.1931271255016327,0.09994465112686157,1.0,1.36
147602,0.1931271255016327,0.09994465112686157,1.0,1.36
147702,0.1931271255016327,0.09994465112686157,1.0,1.36
147802,0.1931271255016327,0.09994465112686157,1.0,1.36
147902,0.1931271255016327,0.09994465112686157,1.0,1.36
148002,0.1931271255016327,0.09994465112686157,1.0,1.36
148102,0.1931271255016327,0.09994465112686157,1.0,1.36
148202,0.1931271255016327,0.09994465112686157,1.0,1.36
148302,0.1931271255016327,0.09994465112686157,1.0,1.36
148402,0.1931271255016327,0.09994465112686157,1.0,1.36
148502,0.1931271255016327,0.09994465112686157,1.0,1.36
148602,0.1931271255016327,0.09994465112686157,1.0,1.36
148702,0.1931271255016327,0.09994465112686157,1.0,1.36
148802,0.1931271255016327,0.09994465112686157,1.0,1.36
148902,0.1931271255016327,0.09994465112686157,1.0,1.36
149002,0.1931271255016327,0.09994465112686157,1.0,1.36
149102,0.1931271255016327,0.09994465112686157,1.0,1.36
149202,0.1931271255016327,0.09994465112686157,1.0,1.36
149302,0.1931271255016327,0.09994465112686157,1.0,1.36
149402,0.1931271255016327,0.09994465112686157,1.0,1.36
149502,0.1931271255016327,0.09994465112686157,1.0,1.36
149602,0.1931271255016327,0.09994465112686157,1.0,1.36
149702,0.1931271255016327,0.09994465112686157,1.0,1.36
149802,0.1931271255016327,0.09994465112686157,1.0,1.36
149902,0.1931271255016327,0.09994465112686157,1.0,1.36
150002,0.1931271255016327,0.09994465112686157,1.0,1.36
150102,0.1931271255016327,0.09994465112686157,1.0,1.36
150202,0.1931271255016327,0.09994465112686157,1.0,1.36
150302,0.1931271255016327,0.09994465112686157,1.0,1.36
150402,0.1931271255016327,0.09994465112686157,1.0,1.36
150502,0.1931271255016327,0.09994465112686157,1.0,1.36
150602,0.1931271255016327,0.09994465112686157,1.0,1.36
150702,0.1931271255016327,0.09994465112686157,1.0,1.36
150802,0.1931271255016327,0.09994465112686157,1.0,1.36
150902,0.1931271255016327,0.09994465112686157,1.0,1.36
151002,0.1931271255016327,0.09994465112686157,1.0,1.36
151102,0.1931271255016327,0.09994465112686157,1.0,1.36
151202,0.1931271255016327,0.09994465112686157,1.0,1.36
151302,0.1931271255016327,0.09994465112686157,1.0,1.36
151402,0.1931271255016327,0.09994465112686157,1.0,1.36
151502,0.1931271255016327,0.09994465112686157,1.0,1.36
151602,0.1931271255016327,0.09994465112686157,1.0,1.36
151702,0.1931271255016327,0.09994465112686157,1.0,1.36
151802,0.1931271255016327,0.09994465112686157,1.0,1.36
151902,0.1931271255016327,0.09994465112686157,1.0,1.36
152002,0.1931271255016327,0.09994465112686157,1.0,1.36
152102,0.1931271255016327,0.09994465112686157,1.0,1.36
152202,0.1931271255016327,0.09994465112686157,1.0,1.36
152302,0.1931271255016327,0.09994465112686157,1.0,1.36
152402,0.1931271255016327,0.09994465112686157,1.0,1.36
152502,0.1931271255016327,0.09994465112686157,1.0,1.36
152602,0.1931271255016327,0.09994465112686157,1.0,1.36
152702,0.1931271255016327,0.09994465112686157,1.0,1.36
152802,0.1931271255016327,0.09994465112686157,1.0,1.36
152902,0.1931271255016327,0.09994465112686157,1.0,1.36
153002,0.1931271255016327,0.09994465112686157,1.0,1.36
153102,0.1931271255016327,0.09994465112686157,1.0,1.36
153202,0.1931271255016327,0.09994465112686157,1.0,1.36
153302,0.1931271255016327,0.09994465112686157,1.0,1.36
153402,0.1931271255016327,0.09994465112686157,1.0,1.36
153502,0.1931271255016327,0.09994465112686157,1.0,1.36
153602,0.1931271255016327,0.09994465112686157,1.0,1.36
153702,0.1931271255016327,0.09994465112686157,1.0,1.36
153802,0.1931271255016327,0.09994465112686157,1.0,1.36
153902,0.1931271255016327,0.09994465112686157,1.0,1.36
154002,0.1931271255016327,0.09994465112686157,1.0,1.36
154102,0.1931271255016327,0.09994465112686157,1.0,1.36
154202,0.1931271255016327,0.09994465112686157,1.0,1.36
154302,0.1931271255016327,0.09994465112686157,1.0,1.36
154402,0.1931271255016327,0.09994465112686157,1.0,1.36
154502,0.1931271255016327,0.09994465112686157,1.0,1.36
154602,0.1931271255016327,0.09994465112686157,1.0,1.36
154702,0.1931271255016327,0.09994465112686157,1.0,1.36
154802,0.1931271255016327,0.09994465112686157,1.0,1.36
154902,0.1931271255016327,0.09994465112686157,1.0,1.36
155002,0.1931271255016327,0.09994465112686157,1.0,1.36
155102,0.1931271255016327,0.09994465112686157,1.0,1.36
155202,0.1931271255016327,0.09994465112686157,1.0,1.36
155302,0.1931271255016327,0.09994465112686157,1.0,1.36
155402,0.1931271255016327,0.09994465112686157,1.0,1.36
155502,0.1931271255016327,0.09994465112686157,1.0,1.36
155602,0.1931271255016327,0.09994465112686157,1.0,1.36
155702,0.1931271255016327,0.09994465112686157,1.0,1.36
155802,0.1931271255016327,0.09994465112686157,1.0,1.36
155902,0.1931271255016327,0.09994465112686157,1.0,1.36
156002,0.1931271255016327,0.09994465112686157,1.0,1.36
156102,0.1931271255016327,0.09994465112686157,1.0,1.36
156202,0.1931271255016327,0.09994465112686157,1.0,1.36
156302,0.1931271255016327,0.09994465112686157,1.0,1.36
156402,0.1931271255016327,0.09994465112686157,1.0,1.36
156502,0.1931271255016327,0.09994465112686157,1.0,1.36
156602,0.1931271255016327,0.09994465112686157,1.0,1.36
156702,0.1931271255016327,0.09994465112686157,1.0,1.36
156802,0.1931271255016327,0.09994465112686157,1.0,1.36
156902,0.1931271255016327,0.09994465112686157,1.0,1.36
157002,0.1931271255016327,0.09994465112686157,1.0,1.36
157102,0.1931271255016327,0.09994465112686157,1.0,1.36
157202,0.1931271255016327,0.09994465112686157,1.0,1.36
157302,0.1931271255016327,0.09994465112686157,1.0,1.36
157402,0.1931271255016327,0.09994465112686157,1.0,1.36
157502,0.1931271255016327,0.09994465112686157,1.0,1.36
157602,0.1931271255016327,0.09994465112686157,1.0,1.36
157702,0.1931271255016327,0.09994465112686157,1.0,1.36
157802,0.1931271255016327,0.09994465112686157,1.0,1.36
157902,0.1931271255016327,0.09994465112686157,1.0,1.36
158002,0.1931271255016327,0.09994465112686157,1.0,1.36
158102,0.1931271255016327,0.09994465112686157,1.0,1.36
158202,0.1931271255016327,0.09994465112686157,1.0,1.36
158302,0.1931271255016327,0.09994465112686157,1.0,1.36
158402,0.1931271255016327,0.09994465112686157,1.0,1.36
158502,0.1931271255016327,0.09994465112686157,1.0,1.36
158602,0.1931271255016327,0.09994465112686157,1.0,1.36
158702,0.1931271255016327,0.09994465112686157,1.0,1.36
158802,0.1931271255016327,0.09994465112686157,1.0,1.36
158902,0.1931271255016327,0.09994465112686157,1.0,1.36
159002,0.1931271255016327,0.09994465112686157,1.0,1.36
159102,0.1931271255016327,0.09994465112686157,1.0,1.36
159202,0.1931271255016327,0.09994465112686157,1.0,1.36
159302,0.1931271255016327,0.09994465112686157,1.0,1.36
159402,0.1931271255016327,0.09994465112686157,1.0,1.36
159502,0.1931271255016327,0.09994465112686157,1.0,1.36
159602,0.1931271255016327,0.09994465112686157,1.0,1.36
159702,0.1931271255016327,0.09994465112686157,1.0,1.36
159802,0.1931271255016327,0.09994465112686157,1.0,1.36
159902,0.1931271255016327,0.09994465112686157,1.0,1.36
173232,0.1931271255016327,0.1679994761943817,0.62,1.40
173332,0.1931271255016327,0.1679994761943817,0.66,1.40
173432,0.1931271255016327,0.1679994761943817,0.7,1.40
173532,0.1931271255016327,0.1679994761943817,0.76,1.40
173632,0.1931271255016327,0.1679994761943817,0.78,1.40
173732,0.1931271255016327,0.1679994761943817,0.79,1.40
173832,0.1931271255016327,0.1679994761943817,0.82,1.40
173932,0.1931271255016327,0.1679994761943817,0.85,1.40
174032,0.1931271255016327,0.1679994761943817,0.86,1.40
174132,0.1931271255016327,0.1679994761943817,0.89,1.40
174232,0.1931271255016327,0.1679994761943817,0.9,1.40
174332,0.1931271255016327,0.1679994761943817,0.9,1.40
174432,0.1931271255016327,0.1679994761943817,0.9,1.40
174532,0.1931271255016327,0.1679994761943817,0.92,1.40
174632,0.1931271255016327,0.1679994761943817,0.94,1.40
174732,0.1931271255016327,0.1679994761943817,0.98,1.40
174832,0.1931271255016327,0.1679994761943817,0.99,1.40
174932,0.1931271255016327,0.1679994761943817,0.98,1.40
175032,0.1931271255016327,0.1679994761943817,0.99,1.40
175132,0.1931271255016327,0.1679994761943817,0.99,1.40
175232,0.1931271255016327,0.1679994761943817,0.99,1.40
175332,0.1931271255016327,0.1679994761943817,1.0,1.40
175432,0.1931271255016327,0.1679994761943817,1.0,1.40
175532,0.1931271255016327,0.1679994761943817,1.0,1.40
175632,0.1931271255016327,0.1679994761943817,1.0,1.40
175732,0.1931271255016327,0.1679994761943817,1.0,1.40
175832,0.1931271255016327,0.1679994761943817,1.0,1.40
175932,0.1931271255016327,0.1679994761943817,1.0,1.40
176032,0.1931271255016327,0.1679994761943817,1.0,1.40
176132,0.1931271255016327,0.1679994761943817,1.0,1.40
176232,0.1931271255016327,0.1679994761943817,0.99,1.40
176332,0.1931271255016327,0.1679994761943817,0.99,1.40
176432,0.1931271255016327,0.1679994761943817,0.99,1.40
176532,0.1931271255016327,0.1679994761943817,0.98,1.40
176632,0.1931271255016327,0.1679994761943817,1.0,1.40
176732,0.21150174736976624,0.21773454546928406,1.0,1.40
176832,0.21150174736976624,0.21773454546928406,1.0,1.40
176932,0.21150174736976624,0.21773454546928406,1.0,1.40
177032,0.21150174736976624,0.21773454546928406,1.0,1.40
177132,0.21150174736976624,0.21773454546928406,1.0,1.40
177232,0.21150174736976624,0.21773454546928406,1.0,1.40
177332,0.21150174736976624,0.21773454546928406,1.0,1.40
177432,0.21150174736976624,0.21773454546928406,0.99,1.40
177532,0.21150174736976624,0.21773454546928406,1.0,1.40
177632,0.21150174736976624,0.21773454546928406,1.0,1.40
177732,0.21150174736976624,0.21773454546928406,1.0,1.40
177832,0.21150174736976624,0.21773454546928406,1.0,1.40
177932,0.21150174736976624,0.21773454546928406,0.99,1.40
178032,0.21150174736976624,0.21773454546928406,1.0,1.40
178132,0.21150174736976624,0.21773454546928406,1.0,1.40
178232,0.21150174736976624,0.21773454546928406,1.0,1.40
178332,0.21150174736976624,0.21773454546928406,1.0,1.40
178432,0.21150174736976624,0.21773454546928406,1.0,1.40
178532,0.21150174736976624,0.21773454546928406,1.0,1.40
178632,0.21150174736976624,0.21773454546928406,1.0,1.40
178732,0.21150174736976624,0.21773454546928406,0.99,1.40
178832,0.21150174736976624,0.21773454546928406,1.0,1.40
178932,0.21150174736976624,0.21773454546928406,1.0,1.40
179032,0.21150174736976624,0.21773454546928406,1.0,1.40
179132,0.21150174736976624,0.21773454546928406,1.0,1.40
179232,0.21150174736976624,0.21773454546928406,1.0,1.40
179332,0.21150174736976624,0.21773454546928406,1.0,1.40
179432,0.21150174736976624,0.21773454546928406,0.99,1.40
179532,0.21150174736976624,0.21773454546928406,0.99,1.40
179632,0.21150174736976624,0.21773454546928406,0.99,1.40
179732,0.21150174736976624,0.21773454546928406,0.99,1.40
179832,0.21150174736976624,0.21773454546928406,0.99,1.40
179932,0.21150174736976624,0.21773454546928406,0.99,1.40
180032,0.21150174736976624,0.21773454546928406,0.99,1.40
180132,0.21150174736976624,0.21773454546928406,1.0,1.40
180232,0.21150174736976624,0.21773454546928406,1.0,1.40
180332,0.21150174736976624,0.21773454546928406,1.0,1.40
180432,0.21150174736976624,0.21773454546928406,1.0,1.40
180532,0.21150174736976624,0.21773454546928406,1.0,1.40
180632,0.21150174736976624,0.21773454546928406,1.0,1.40
180732,0.21150174736976624,0.21773454546928406,1.0,1.40
180832,0.21150174736976624,0.21773454546928406,1.0,1.40
180932,0.21150174736976624,0.21773454546928406,1.0,1.40
181032,0.21150174736976624,0.21773454546928406,1.0,1.40
181132,0.21150174736976624,0.21773454546928406,1.0,1.40
181232,0.21150174736976624,0.21773454546928406,1.0,1.40
181332,0.21150174736976624,0.21773454546928406,1.0,1.40
181432,0.21150174736976624,0.21773454546928406,1.0,1.40
181532,0.21150174736976624,0.21773454546928406,1.0,1.40
181632,0.21150174736976624,0.21773454546928406,1.0,1.40
181732,0.21150174736976624,0.21773454546928406,1.0,1.40
181832,0.21150174736976624,0.21773454546928406,1.0,1.40
181932,0.21150174736976624,0.21773454546928406,1.0,1.40
182032,0.21150174736976624,0.21773454546928406,1.0,1.40
182132,0.21150174736976624,0.21773454546928406,1.0,1.40
182232,0.21150174736976624,0.21773454546928406,1.0,1.40
182332,0.21150174736976624,0.21773454546928406,1.0,1.40
182432,0.21150174736976624,0.21773454546928406,1.0,1.40
182532,0.21150174736976624,0.21773454546928406,1.0,1.40
182632,0.21150174736976624,0.21773454546928406,1.0,1.40
182732,0.21150174736976624,0.21773454546928406,1.0,1.40
182832,0.21150174736976624,0.21773454546928406,1.0,1.40
182932,0.21150174736976624,0.21773454546928406,1.0,1.40
183032,0.21150174736976624,0.21773454546928406,1.0,1.40
183132,0.21150174736976624,0.21773454546928406,1.0,1.40
183232,0.21150174736976624,0.21773454546928406,1.0,1.40
183332,0.21150174736976624,0.21773454546928406,1.0,1.40
183432,0.21150174736976624,0.21773454546928406,1.0,1.40
183532,0.21150174736976624,0.21773454546928406,1.0,1.40
183632,0.21150174736976624,0.21773454546928406,1.0,1.40
183732,0.21150174736976624,0.21773454546928406,1.0,1.40
183832,0.21150174736976624,0.21773454546928406,1.0,1.40
183932,0.21150174736976624,0.21773454546928406,1.0,1.40
184032,0.21150174736976624,0.21773454546928406,1.0,1.40
184132,0.21150174736976624,0.21773454546928406,1.0,1.40
184232,0.21150174736976624,0.21773454546928406,1.0,1.40
184332,0.21150174736976624,0.21773454546928406,1.0,1.40
184432,0.21150174736976624,0.21773454546928406,1.0,1.40
184532,0.21150174736976624,0.21773454546928406,1.0,1.40
184632,0.21150174736976624,0.21773454546928406,1.0,1.40
184732,0.21150174736976624,0.21773454546928406,1.0,1.40
184832,0.21150174736976624,0.21773454546928406,1.0,1.40
184932,0.21150174736976624,0.21773454546928406,1.0,1.40
185032,0.21150174736976624,0.21773454546928406,1.0,1.40
185132,0.21150174736976624,0.21773454546928406,1.0,1.40
185232,0.21150174736976624,0.21773454546928406,1.0,1.40
185332,0.21150174736976624,0.21773454546928406,1.0,1.40
185432,0.21150174736976624,0.21773454546928406,1.0,1.40
185532,0.21150174736976624,0.21773454546928406,1.0,1.40
185632,0.21150174736976624,0.21773454546928406,1.0,1.40
185732,0.21150174736976624,0.21773454546928406,1.0,1.40
185832,0.21150174736976624,0.21773454546928406,1.0,1.40
185932,0.21150174736976624,0.21773454546928406,1.0,1.40
186032,0.21150174736976624,0.21773454546928406,1.0,1.40
186132,0.21150174736976624,0.21773454546928406,1.0,1.40
186232,0.21150174736976624,0.21773454546928406,1.0,1.40
186332,0.21150174736976624,0.21773454546928406,1.0,1.40
186432,0.21150174736976624,0.21773454546928406,1.0,1.40
186532,0.21150174736976624,0.21773454546928406,1.0,1.40
186632,0.21150174736976624,0.21773454546928406,1.0,1.40
186732,0.21150174736976624,0.21773454546928406,1.0,1.40
186832,0.21150174736976624,0.21773454546928406,1.0,1.40
186932,0.21150174736976624,0.21773454546928406,1.0,1.40
187032,0.21150174736976624,0.21773454546928406,1.0,1.40
187132,0.21150174736976624,0.21773454546928406,1.0,1.40
187232,0.21150174736976624,0.21773454546928406,1.0,1.40
187332,0.21150174736976624,0.21773454546928406,1.0,1.40
187432,0.21150174736976624,0.21773454546928406,1.0,1.40
187532,0.21150174736976624,0.21773454546928406,1.0,1.40
187632,0.21150174736976624,0.21773454546928406,1.0,1.40
187732,0.21150174736976624,0.21773454546928406,1.0,1.40
187832,0.21150174736976624,0.21773454546928406,1.0,1.40
187932,0.21150174736976624,0.21773454546928406,1.0,1.40
188032,0.21150174736976624,0.21773454546928406,1.0,1.40
188132,0.21150174736976624,0.21773454546928406,1.0,1.40
188232,0.21150174736976624,0.21773454546928406,0.99,1.40
188332,0.21150174736976624,0.21773454546928406,1.0,1.40
188432,0.21150174736976624,0.21773454546928406,1.0,1.40
188532,0.21150174736976624,0.21773454546928406,1.0,1.40
188632,0.21150174736976624,0.21773454546928406,1.0,1.40
188732,0.21150174736976624,0.21773454546928406,1.0,1.40
188832,0.21150174736976624,0.21773454546928406,1.0,1.40
188932,0.21150174736976624,0.21773454546928406,1.0,1.40
189032,0.21150174736976624,0.21773454546928406,1.0,1.40
189132,0.21150174736976624,0.21773454546928406,1.0,1.40
189232,0.21150174736976624,0.21773454546928406,1.0,1.40
189332,0.21150174736976624,0.21773454546928406,1.0,1.40
189432,0.21150174736976624,0.21773454546928406,1.0,1.40
189532,0.21150174736976624,0.21773454546928406,1.0,1.40
189632,0.21150174736976624,0.21773454546928406,1.0,1.40
189732,0.21150174736976624,0.21773454546928406,1.0,1.40
189832,0.21150174736976624,0.21773454546928406,1.0,1.40
189932,0.21150174736976624,0.21773454546928406,1.0,1.40
190032,0.21150174736976624,0.21773454546928406,1.0,1.40
190132,0.21150174736976624,0.21773454546928406,1.0,1.40
190232,0.21150174736976624,0.21773454546928406,1.0,1.40
190332,0.21150174736976624,0.21773454546928406,1.0,1.40
190432,0.21150174736976624,0.21773454546928406,1.0,1.40
190532,0.21150174736976624,0.21773454546928406,1.0,1.40
190632,0.21150174736976624,0.21773454546928406,1.0,1.40
190732,0.21150174736976624,0.21773454546928406,1.0,1.40
190832,0.21150174736976624,0.21773454546928406,1.0,1.40
190932,0.21150174736976624,0.21773454546928406,1.0,1.40
191032,0.21150174736976624,0.21773454546928406,1.0,1.40
191132,0.21150174736976624,0.21773454546928406,1.0,1.40
191232,0.21150174736976624,0.21773454546928406,1.0,1.40
191332,0.21150174736976624,0.21773454546928406,1.0,1.40
191432,0.21150174736976624,0.21773454546928406,1.0,1.40
191532,0.21150174736976624,0.21773454546928406,1.0,1.40
191632,0.21150174736976624,0.21773454546928406,1.0,1.40
191732,0.21150174736976624,0.21773454546928406,1.0,1.40
191832,0.21150174736976624,0.21773454546928406,1.0,1.40
191932,0.21150174736976624,0.21773454546928406,1.0,1.40
192032,0.21150174736976624,0.21773454546928406,1.0,1.40
192132,0.21150174736976624,0.21773454546928406,1.0,1.40
192232,0.21150174736976624,0.21773454546928406,1.0,1.40
192332,0.21150174736976624,0.21773454546928406,1.0,1.40
192432,0.21150174736976624,0.21773454546928406,1.0,1.40
192532,0.21150174736976624,0.21773454546928406,1.0,1.40
192632,0.21150174736976624,0.21773454546928406,0.99,1.40
192732,0.21150174736976624,0.21773454546928406,0.99,1.40
192832,0.21150174736976624,0.21773454546928406,0.98,1.40
192932,0.21150174736976624,0.21773454546928406,1.0,1.40
193032,0.21150174736976624,0.21773454546928406,0.99,1.40
193132,0.21150174736976624,0.21773454546928406,0.99,1.40
193232,0.21150174736976624,0.21773454546928406,0.99,1.40
193332,0.21150174736976624,0.21773454546928406,0.98,1.40
193432,0.21150174736976624,0.21773454546928406,0.99,1.40
193532,0.21150174736976624,0.21773454546928406,0.99,1.40
193632,0.21150174736976624,0.21773454546928406,0.99,1.40
193732,0.21150174736976624,0.21773454546928406,0.99,1.40
193832,0.21150174736976624,0.21773454546928406,0.98,1.40
193932,0.21150174736976624,0.21773454546928406,0.99,1.40
194032,0.21150174736976624,0.21773454546928406,0.99,1.40
194132,0.21150174736976624,0.21773454546928406,0.99,1.40
194232,0.21150174736976624,0.21773454546928406,1.0,1.40
194332,0.21150174736976624,0.21773454546928406,1.0,1.40
194432,0.21150174736976624,0.21773454546928406,1.0,1.40
194532,0.21150174736976624,0.21773454546928406,1.0,1.40
194632,0.21150174736976624,0.21773454546928406,1.0,1.40
194732,0.21150174736976624,0.21773454546928406,1.0,1.40
194832,0.21150174736976624,0.21773454546928406,1.0,1.40
194932,0.21150174736976624,0.21773454546928406,1.0,1.40
195032,0.21150174736976624,0.21773454546928406,1.0,1.40
195132,0.21150174736976624,0.21773454546928406,1.0,1.40
195232,0.21150174736976624,0.21773454546928406,1.0,1.40
195332,0.21150174736976624,0.21773454546928406,1.0,1.40
195432,0.21150174736976624,0.21773454546928406,1.0,1.40
195532,0.21150174736976624,0.21773454546928406,1.0,1.40
195632,0.21150174736976624,0.21773454546928406,1.0,1.40
195732,0.21150174736976624,0.21773454546928406,1.0,1.40
195832,0.21150174736976624,0.21773454546928406,1.0,1.40
195932,0.21150174736976624,0.21773454546928406,1.0,1.40
196032,0.21150174736976624,0.21773454546928406,1.0,1.40
196132,0.21150174736976624,0.21773454546928406,1.0,1.40
196232,0.21150174736976624,0.21773454546928406,1.0,1.40
196332,0.21150174736976624,0.21773454546928406,1.0,1.40
196432,0.21150174736976624,0.21773454546928406,1.0,1.40
196532,0.21150174736976624,0.21773454546928406,1.0,1.40
196632,0.21150174736976624,0.21773454546928406,1.0,1.40
196732,0.21150174736976624,0.21773454546928406,1.0,1.40
196832,0.21150174736976624,0.21773454546928406,1.0,1.40
196932,0.21150174736976624,0.21773454546928406,1.0,1.40
197032,0.21150174736976624,0.21773454546928406,1.0,1.40
197132,0.21150174736976624,0.21773454546928406,1.0,1.40
197232,0.21150174736976624,0.21773454546928406,1.0,1.40
197332,0.21150174736976624,0.21773454546928406,1.0,1.40
197432,0.21150174736976624,0.21773454546928406,1.0,1.40
197532,0.21150174736976624,0.21773454546928406,1.0,1.40
197632,0.21150174736976624,0.21773454546928406,1.0,1.40
197732,0.21150174736976624,0.21773454546928406,1.0,1.40
197832,0.21150174736976624,0.21773454546928406,1.0,1.40
197932,0.21150174736976624,0.21773454546928406,1.0,1.40
198032,0.21150174736976624,0.21773454546928406,1.0,1.40
198132,0.21150174736976624,0.21773454546928406,1.0,1.40
198232,0.21150174736976624,0.21773454546928406,1.0,1.40
198332,0.21150174736976624,0.21773454546928406,1.0,1.40
198432,0.21150174736976624,0.21773454546928406,1.0,1.40
198532,0.21150174736976624,0.21773454546928406,1.0,1.40
198632,0.21150174736976624,0.21773454546928406,1.0,1.40
198732,0.21150174736976624,0.21773454546928406,1.0,1.40
198832,0.21150174736976624,0.21773454546928406,1.0,1.40
198932,0.21150174736976624,0.21773454546928406,1.0,1.40
199032,0.21150174736976624,0.21773454546928406,1.0,1.40
199132,0.21150174736976624,0.21773454546928406,1.0,1.40
199232,0.21150174736976624,0.21773454546928406,1.0,1.40
199332,0.21150174736976624,0.21773454546928406,1.0,1.40
199432,0.21150174736976624,0.21773454546928406,1.0,1.40
199532,0.21150174736976624,0.21773454546928406,1.0,1.40
199632,0.21150174736976624,0.21773454546928406,1.0,1.40
199732,0.21150174736976624,0.21773454546928406,1.0,1.40
199832,0.21150174736976624,0.21773454546928406,1.0,1.40
199932,0.21150174736976624,0.21773454546928406,1.0,1.40
200032,0.21150174736976624,0.21773454546928406,1.0,1.40
200132,0.21150174736976624,0.21773454546928406,1.0,1.40
200232,0.21150174736976624,0.21773454546928406,1.0,1.40
200332,0.21150174736976624,0.21773454546928406,1.0,1.40
200432,0.21150174736976624,0.21773454546928406,1.0,1.40
200532,0.21150174736976624,0.21773454546928406,1.0,1.40
200632,0.21150174736976624,0.21773454546928406,1.0,1.40
200732,0.21150174736976624,0.21773454546928406,1.0,1.40
200832,0.21150174736976624,0.21773454546928406,1.0,1.40
200932,0.21150174736976624,0.21773454546928406,1.0,1.40
201032,0.21150174736976624,0.10700380802154541,0.57,1.35
201132,0.21150174736976624,0.10700380802154541,0.62,1.35
201232,0.21150174736976624,0.10700380802154541,0.64,1.35
201332,0.21150174736976624,0.10700380802154541,0.69,1.35
201432,0.21150174736976624,0.10700380802154541,0.7,1.35
201532,0.21150174736976624,0.10700380802154541,0.7,1.35
201632,0.21150174736976624,0.10700380802154541,0.75,1.35
201732,0.21150174736976624,0.10700380802154541,0.77,1.35
201832,0.21150174736976624,0.10700380802154541,0.78,1.35
201932,0.21150174736976624,0.10700380802154541,0.81,1.35
202032,0.21150174736976624,0.10700380802154541,0.82,1.35
202132,0.21150174736976624,0.10700380802154541,0.82,1.35
202232,0.21150174736976624,0.10700380802154541,0.87,1.35
202332,0.21150174736976624,0.10700380802154541,0.88,1.35
202432,0.21150174736976624,0.10700380802154541,0.89,1.35
202532,0.21150174736976624,0.10700380802154541,0.89,1.35
202632,0.21150174736976624,0.10700380802154541,0.87,1.35
202732,0.21150174736976624,0.10700380802154541,0.87,1.35
202832,0.21150174736976624,0.10700380802154541,0.89,1.35
202932,0.21150174736976624,0.10700380802154541,0.9,1.35
203032,0.21150174736976624,0.10700380802154541,0.92,1.35
203132,0.21150174736976624,0.10700380802154541,0.93,1.35
203232,0.21150174736976624,0.10700380802154541,0.95,1.35
203332,0.21150174736976624,0.10700380802154541,0.96,1.35
203432,0.21150174736976624,0.10700380802154541,0.96,1.35
203532,0.21150174736976624,0.10700380802154541,0.96,1.35
203632,0.21150174736976624,0.10700380802154541,0.96,1.35
203732,0.21150174736976624,0.10700380802154541,0.94,1.35
203832,0.21150174736976624,0.10700380802154541,0.95,1.35
203932,0.21150174736976624,0.10700380802154541,0.95,1.35
204032,0.21150174736976624,0.10700380802154541,0.95,1.35
204132,0.21150174736976624,0.10700380802154541,0.95,1.35
204232,0.21150174736976624,0.10700380802154541,0.94,1.35
204332,0.21150174736976624,0.10700380802154541,0.95,1.35
204432,0.21150174736976624,0.10700380802154541,0.95,1.35
204532,0.21150174736976624,0.10700380802154541,0.96,1.35
204632,0.21150174736976624,0.10700380802154541,0.96,1.35
204732,0.21150174736976624,0.10700380802154541,0.98,1.35
204832,0.21150174736976624,0.10700380802154541,1.0,1.35
204932,0.21150174736976624,0.10700380802154541,1.0,1.35
205032,0.21150174736976624,0.10700380802154541,1.0,1.35
205132,0.21150174736976624,0.10700380802154541,1.0,1.35
205232,0.21150174736976624,0.10700380802154541,1.0,1.35
205332,0.21150174736976624,0.10700380802154541,1.0,1.35
205432,0.21150174736976624,0.10700380802154541,1.0,1.35
205532,0.21150174736976624,0.10700380802154541,1.0,1.35
205632,0.21150174736976624,0.10700380802154541,1.0,1.35
205732,0.21150174736976624,0.10700380802154541,1.0,1.35
205832,0.21150174736976624,0.10700380802154541,1.0,1.35
205932,0.21150174736976624,0.10700380802154541,1.0,1.35
206032,0.21150174736976624,0.10700380802154541,1.0,1.35
206132,0.21150174736976624,0.10700380802154541,1.0,1.35
206232,0.21150174736976624,0.10700380802154541,1.0,1.35
206332,0.21150174736976624,0.10700380802154541,1.0,1.35
206432,0.21150174736976624,0.10700380802154541,1.0,1.35
206532,0.21150174736976624,0.10700380802154541,1.0,1.35
206632,0.21150174736976624,0.10700380802154541,1.0,1.35
206732,0.21150174736976624,0.10700380802154541,1.0,1.35
206832,0.21150174736976624,0.10700380802154541,1.0,1.35
206932,0.21150174736976624,0.10700380802154541,1.0,1.35
207032,0.21150174736976624,0.10700380802154541,1.0,1.35
207132,0.21150174736976624,0.10700380802154541,1.0,1.35
207232,0.21150174736976624,0.10700380802154541,1.0,1.35
207332,0.21150174736976624,0.10700380802154541,1.0,1.35
207432,0.21150174736976624,0.10700380802154541,1.0,1.35
207532,0.21150174736976624,0.10700380802154541,1.0,1.35
207632,0.21150174736976624,0.10700380802154541,1.0,1.35
207732,0.21150174736976624,0.10700380802154541,1.0,1.35
207832,0.21150174736976624,0.10700380802154541,1.0,1.35
207932,0.21150174736976624,0.10700380802154541,1.0,1.35
208032,0.21150174736976624,0.10700380802154541,1.0,1.35
208132,0.21150174736976624,0.10700380802154541,1.0,1.35
208232,0.21150174736976624,0.10700380802154541,1.0,1.35
208332,0.21150174736976624,0.10700380802154541,1.0,1.35
208432,0.21150174736976624,0.10700380802154541,1.0,1.35
208532,0.21150174736976624,0.10700380802154541,1.0,1.35
208632,0.21150174736976624,0.10700380802154541,1.0,1.35
208732,0.21150174736976624,0.10700380802154541,1.0,1.35
208832,0.21150174736976624,0.10700380802154541,1.0,1.35
208932,0.21150174736976624,0.10700380802154541,1.0,1.35
209032,0.21150174736976624,0.10700380802154541,1.0,1.35
209132,0.21150174736976624,0.10700380802154541,1.0,1.35
209232,0.21150174736976624,0.10700380802154541,1.0,1.35
209332,0.21150174736976624,0.10700380802154541,1.0,1.35
209432,0.21150174736976624,0.10700380802154541,1.0,1.35
209532,0.21150174736976624,0.10700380802154541,1.0,1.35
209632,0.21150174736976624,0.10700380802154541,1.0,1.35
209732,0.21150174736976624,0.10700380802154541,1.0,1.35
209832,0.21150174736976624,0.10700380802154541,1.0,1.35
209932,0.21150174736976624,0.10700380802154541,1.0,1.35
210032,0.21150174736976624,0.10700380802154541,1.0,1.35
210132,0.21150174736976624,0.10700380802154541,1.0,1.35
210232,0.21150174736976624,0.10700380802154541,1.0,1.35
210332,0.21150174736976624,0.10700380802154541,1.0,1.35
210432,0.21150174736976624,0.10700380802154541,1.0,1.35
210532,0.21150174736976624,0.10700380802154541,1.0,1.35
210632,0.21150174736976624,0.10700380802154541,1.0,1.35
210732,0.21150174736976624,0.10700380802154541,1.0,1.35
210832,0.21150174736976624,0.10700380802154541,1.0,1.35
210932,0.21150174736976624,0.10700380802154541,1.0,1.35
211032,0.21150174736976624,0.10700380802154541,1.0,1.35
211132,0.21150174736976624,0.10700380802154541,1.0,1.35
211232,0.21150174736976624,0.10700380802154541,1.0,1.35
211332,0.21150174736976624,0.10700380802154541,1.0,1.35
211432,0.21150174736976624,0.10700380802154541,1.0,1.35
211532,0.21150174736976624,0.10700380802154541,1.0,1.35
211632,0.21150174736976624,0.10700380802154541,1.0,1.35
211732,0.21150174736976624,0.10700380802154541,1.0,1.35
211832,0.21150174736976624,0.10700380802154541,1.0,1.35
211932,0.21150174736976624,0.10700380802154541,1.0,1.35
212032,0.21150174736976624,0.10700380802154541,1.0,1.35
212132,0.21150174736976624,0.10700380802154541,1.0,1.35
212232,0.21150174736976624,0.10700380802154541,1.0,1.35
212332,0.21150174736976624,0.10700380802154541,1.0,1.35
212432,0.21150174736976624,0.10700380802154541,1.0,1.35
212532,0.21150174736976624,0.10700380802154541,1.0,1.35
212632,0.21150174736976624,0.10700380802154541,1.0,1.35
212732,0.21150174736976624,0.10700380802154541,1.0,1.35
212832,0.21150174736976624,0.10700380802154541,1.0,1.35
212932,0.21150174736976624,0.10700380802154541,1.0,1.35
213032,0.21150174736976624,0.10700380802154541,1.0,1.35
213132,0.21150174736976624,0.10700380802154541,1.0,1.35
213232,0.21150174736976624,0.10700380802154541,1.0,1.35
213332,0.21150174736976624,0.10700380802154541,1.0,1.35
213432,0.21150174736976624,0.10700380802154541,1.0,1.35
213532,0.21150174736976624,0.10700380802154541,1.0,1.35
213632,0.21150174736976624,0.10700380802154541,1.0,1.35
213732,0.21150174736976624,0.10700380802154541,1.0,1.35
213832,0.21150174736976624,0.10700380802154541,1.0,1.35
213932,0.21150174736976624,0.10700380802154541,1.0,1.35
214032,0.21150174736976624,0.10700380802154541,1.0,1.35
214132,0.21150174736976624,0.10700380802154541,1.0,1.35
214232,0.21150174736976624,0.10700380802154541,1.0,1.35
214332,0.21150174736976624,0.10700380802154541,1.0,1.35
214432,0.21150174736976624,0.10700380802154541,1.0,1.35
214532,0.21150174736976624,0.10700380802154541,0.99,1.35
214632,0.21150174736976624,0.10700380802154541,0.99,1.35
214732,0.21150174736976624,0.10700380802154541,0.99,1.35
214832,0.21150174736976624,0.10700380802154541,0.99,1.35
214932,0.21150174736976624,0.10700380802154541,1.0,1.35
215032,0.21150174736976624,0.10700380802154541,1.0,1.35
215132,0.21150174736976624,0.10700380802154541,1.0,1.35
215232,0.21150174736976624,0.10700380802154541,1.0,1.35
215332,0.21150174736976624,0.10700380802154541,1.0,1.35
215432,0.21150174736976624,0.10700380802154541,0.99,1.35
215532,0.21150174736976624,0.10700380802154541,0.99,1.35
215632,0.21150174736976624,0.10700380802154541,0.99,1.35
215732,0.21150174736976624,0.10700380802154541,0.99,1.35
215832,0.21150174736976624,0.10700380802154541,0.99,1.35
215932,0.21150174736976624,0.10700380802154541,1.0,1.35
216032,0.21150174736976624,0.10700380802154541,1.0,1.35
216132,0.21150174736976624,0.10700380802154541,1.0,1.35
216232,0.21150174736976624,0.10700380802154541,1.0,1.35
216332,0.21150174736976624,0.10700380802154541,1.0,1.35
216432,0.21150174736976624,0.10700380802154541,1.0,1.35
216532,0.21150174736976624,0.10700380802154541,1.0,1.35
216632,0.21150174736976624,0.10700380802154541,1.0,1.35
216732,0.21150174736976624,0.10700380802154541,1.0,1.35
216832,0.21150174736976624,0.10700380802154541,1.0,1.35
216932,0.21150174736976624,0.10700380802154541,1.0,1.35
217032,0.21150174736976624,0.10700380802154541,1.0,1.35
217132,0.21150174736976624,0.10700380802154541,1.0,1.35
217232,0.21150174736976624,0.10700380802154541,1.0,1.35
217332,0.21150174736976624,0.10700380802154541,1.0,1.35
217432,0.21150174736976624,0.10700380802154541,1.0,1.35
217532,0.21150174736976624,0.10700380802154541,1.0,1.35
217632,0.21150174736976624,0.10700380802154541,1.0,1.35
217732,0.21150174736976624,0.10700380802154541,1.0,1.35
217832,0.21150174736976624,0.10700380802154541,1.0,1.35
217932,0.21150174736976624,0.10700380802154541,1.0,1.35
218032,0.21150174736976624,0.10700380802154541,1.0,1.35
218132,0.21150174736976624,0.10700380802154541,1.0,1.35
218232,0.21150174736976624,0.10700380802154541,1.0,1.35
218332,0.21150174736976624,0.10700380802154541,1.0,1.35
218432,0.21150174736976624,0.10700380802154541,1.0,1.35
218532,0.21150174736976624,0.10700380802154541,1.0,1.35
218632,0.21150174736976624,0.10700380802154541,1.0,1.35
218732,0.21150174736976624,0.10700380802154541,1.0,1.35
218832,0.21150174736976624,0.10700380802154541,1.0,1.35
218932,0.21150174736976624,0.10700380802154541,1.0,1.35
219032,0.21150174736976624,0.10700380802154541,1.0,1.35
219132,0.21150174736976624,0.10700380802154541,1.0,1.35
219232,0.21150174736976624,0.10700380802154541,1.0,1.35
219332,0.21150174736976624,0.10700380802154541,1.0,1.35
219432,0.21150174736976624,0.10700380802154541,1.0,1.35
219532,0.21150174736976624,0.10700380802154541,1.0,1.35
219632,0.21150174736976624,0.10700380802154541,1.0,1.35
219732,0.21150174736976624,0.10700380802154541,1.0,1.35
219832,0.21150174736976624,0.10700380802154541,1.0,1.35
219932,0.21150174736976624,0.10700380802154541,1.0,1.35
220032,0.21150174736976624,0.10700380802154541,1.0,1.35
220132,0.21150174736976624,0.10700380802154541,1.0,1.35
220232,0.21150174736976624,0.10700380802154541,1.0,1.35
220332,0.21150174736976624,0.10700380802154541,1.0,1.35
220432,0.21150174736976624,0.10700380802154541,1.0,1.35
220532,0.21150174736976624,0.10700380802154541,1.0,1.35
220632,0.21150174736976624,0.10700380802154541,1.0,1.35
220732,0.21150174736976624,0.10700380802154541,1.0,1.35
220832,0.21150174736976624,0.10700380802154541,1.0,1.35
220932,0.21150174736976624,0.10700380802154541,1.0,1.35
221032,0.21150174736976624,0.10700380802154541,1.0,1.35
221132,0.21150174736976624,0.10700380802154541,1.0,1.35
221232,0.21150174736976624,0.10700380802154541,1.0,1.35
221332,0.21150174736976624,0.10700380802154541,1.0,1.35
221432,0.21150174736976624,0.10700380802154541,1.0,1.35
221532,0.21150174736976624,0.10700380802154541,1.0,1.35
221632,0.21150174736976624,0.10700380802154541,1.0,1.35
221732,0.21150174736976624,0.10700380802154541,1.0,1.35
221832,0.21150174736976624,0.10700380802154541,1.0,1.35
221932,0.21150174736976624,0.10700380802154541,1.0,1.35
222032,0.21150174736976624,0.10700380802154541,1.0,1.35
222132,0.21150174736976624,0.10700380802154541,1.0,1.35
222232,0.21150174736976624,0.10700380802154541,1.0,1.35
222332,0.21150174736976624,0.10700380802154541,1.0,1.35
222432,0.21150174736976624,0.10700380802154541,1.0,1.35
222532,0.21150174736976624,0.10700380802154541,1.0,1.35
222632,0.21150174736976624,0.10700380802154541,1.0,1.35
222732,0.21150174736976624,0.10700380802154541,1.0,1.35
222832,0.21150174736976624,0.10700380802154541,1.0,1.35
222932,0.21150174736976624,0.10700380802154541,1.0,1.35
223032,0.21150174736976624,0.10700380802154541,1.0,1.35
223132,0.21150174736976624,0.10700380802154541,1.0,1.35
223232,0.21150174736976624,0.10700380802154541,0.99,1.35
223332,0.21150174736976624,0.10700380802154541,0.99,1.35
223432,0.21150174736976624,0.10700380802154541,1.0,1.35
223532,0.21150174736976624,0.10700380802154541,1.0,1.35
223632,0.21150174736976624,0.10700380802154541,1.0,1.35
223732,0.21150174736976624,0.10700380802154541,1.0,1.35
223832,0.21150174736976624,0.10700380802154541,1.0,1.35
223932,0.21150174736976624,0.10700380802154541,1.0,1.35
224032,0.21150174736976624,0.10700380802154541,1.0,1.35
224132,0.21150174736976624,0.10700380802154541,1.0,1.35
224232,0.21150174736976624,0.10700380802154541,1.0,1.35
224332,0.21150174736976624,0.10700380802154541,1.0,1.35
224432,0.21150174736976624,0.10700380802154541,1.0,1.35
224532,0.21150174736976624,0.10700380802154541,1.0,1.35
224632,0.21150174736976624,0.10700380802154541,1.0,1.35
224732,0.21150174736976624,0.10700380802154541,1.0,1.35
224832,0.21150174736976624,0.10700380802154541,1.0,1.35
224932,0.21150174736976624,0.10700380802154541,1.0,1.35
225032,0.21150174736976624,0.10700380802154541,1.0,1.35
225132,0.21150174736976624,0.10700380802154541,0.99,1.35
225232,0.21150174736976624,0.10700380802154541,0.99,1.35
225332,0.21150174736976624,0.10700380802154541,0.99,1.35
225432,0.21150174736976624,0.10700380802154541,1.0,1.35
225532,0.21150174736976624,0.10700380802154541,0.99,1.35
225632,0.21150174736976624,0.10700380802154541,1.0,1.35
225732,0.21150174736976624,0.10700380802154541,1.0,1.35
225832,0.21150174736976624,0.10700380802154541,1.0,1.35
225932,0.21150174736976624,0.10700380802154541,1.0,1.35
226032,0.21150174736976624,0.10700380802154541,1.0,1.35
226132,0.21150174736976624,0.10700380802154541,1.0,1.35
226232,0.21150174736976624,0.10700380802154541,0.99,1.35
226332,0.21150174736976624,0.10700380802154541,0.99,1.35
226432,0.21150174736976624,0.10700380802154541,0.99,1.35
226532,0.21150174736976624,0.10700380802154541,0.99,1.35
226632,0.21150174736976624,0.10700380802154541,0.99,1.35
226732,0.21150174736976624,0.10700380802154541,1.0,1.35
226832,0.21150174736976624,0.10700380802154541,1.0,1.35
226932,0.21150174736976624,0.10700380802154541,1.0,1.35
227032,0.21150174736976624,0.10700380802154541,1.0,1.35
227132,0.21150174736976624,0.10700380802154541,1.0,1.35
227232,0.21150174736976624,0.10700380802154541,0.99,1.35
227332,0.21150174736976624,0.10700380802154541,0.99,1.35
227432,0.21150174736976624,0.10700380802154541,0.99,1.35
227532,0.21150174736976624,0.10700380802154541,0.99,1.35
227632,0.21150174736976624,0.10700380802154541,0.99,1.35
227732,0.21150174736976624,0.10700380802154541,1.0,1.35
227832,0.21150174736976624,0.10700380802154541,1.0,1.35
227932,0.21150174736976624,0.10700380802154541,0.99,1.35
228032,0.21150174736976624,0.10700380802154541,0.99,1.35
228132,0.21150174736976624,0.10700380802154541,0.99,1.35
228232,0.21150174736976624,0.10700380802154541,0.99,1.35
228332,0.21150174736976624,0.10700380802154541,1.0,1.35
228432,0.21150174736976624,0.10700380802154541,1.0,1.35
228532,0.21150174736976624,0.10700380802154541,1.0,1.35
228632,0.21150174736976624,0.10700380802154541,1.0,1.35
228732,0.21150174736976624,0.10700380802154541,1.0,1.35
243490,0.21150174736976624,0.21773454546928406,0.41,1.39
243590,0.21150174736976624,0.21773454546928406,0.4,1.39
243690,0.21150174736976624,0.21773454546928406,0.38,1.39
243790,0.21150174736976624,0.21773454546928406,0.39,1.39
243890,0.21150174736976624,0.21773454546928406,0.37,1.39
243990,0.21150174736976624,0.21773454546928406,0.39,1.39
244090,0.21150174736976624,0.21773454546928406,0.4,1.39
244190,0.21150174736976624,0.21773454546928406,0.4,1.39
244290,0.21150174736976624,0.21773454546928406,0.39,1.39
244390,0.21150174736976624,0.21773454546928406,0.39,1.39
244490,0.21150174736976624,0.21773454546928406,0.39,1.39
244590,0.21150174736976624,0.21773454546928406,0.41,1.39
244690,0.21150174736976624,0.21773454546928406,0.44,1.39
244790,0.21150174736976624,0.21773454546928406,0.42,1.39
244890,0.21150174736976624,0.21773454546928406,0.43,1.39
244990,0.21150174736976624,0.21773454546928406,0.43,1.39
245090,0.21150174736976624,0.21773454546928406,0.44,1.39
245190,0.21150174736976624,0.21773454546928406,0.45,1.39
245290,0.21150174736976624,0.21773454546928406,0.45,1.39
245390,0.21150174736976624,0.21773454546928406,0.48,1.39
245490,0.21150174736976624,0.21773454546928406,0.49,1.39
245590,0.21150174736976624,0.21773454546928406,0.51,1.39
245690,0.21150174736976624,0.21773454546928406,0.51,1.39
245790,0.21150174736976624,0.21773454546928406,0.54,1.39
245890,0.21150174736976624,0.21773454546928406,0.55,1.39
245990,0.21150174736976624,0.21773454546928406,0.56,1.39
246090,0.21150174736976624,0.21773454546928406,0.59,1.39
246190,0.21150174736976624,0.21773454546928406,0.57,1.39
246290,0.21150174736976624,0.21773454546928406,0.55,1.39
246390,0.21150174736976624,0.21773454546928406,0.57,1.39
246490,0.21150174736976624,0.21773454546928406,0.56,1.39
246590,0.21150174736976624,0.21773454546928406,0.54,1.39
246690,0.21150174736976624,0.21773454546928406,0.54,1.39
246790,0.21150174736976624,0.21773454546928406,0.54,1.39
246890,0.21150174736976624,0.21773454546928406,0.54,1.39
246990,0.21150174736976624,0.21773454546928406,0.55,1.39
247090,0.21150174736976624,0.21773454546928406,0.56,1.39
247190,0.21150174736976624,0.21773454546928406,0.58,1.39
247290,0.21150174736976624,0.21773454546928406,0.6,1.39
247390,0.21150174736976624,0.21773454546928406,0.59,1.39
247490,0.21150174736976624,0.21773454546928406,0.6,1.39
247590,0.21150174736976624,0.21773454546928406,0.62,1.39
247690,0.21150174736976624,0.21773454546928406,0.58,1.39
247790,0.21150174736976624,0.21773454546928406,0.56,1.39
247890,0.21150174736976624,0.21773454546928406,0.56,1.39
247990,0.21150174736976624,0.21773454546928406,0.55,1.39
248090,0.21150174736976624,0.21773454546928406,0.52,1.39
248190,0.21150174736976624,0.21773454546928406,0.53,1.39
248290,0.21150174736976624,0.21773454546928406,0.54,1.39
248390,0.21150174736976624,0.21773454546928406,0.57,1.39
248490,0.21150174736976624,0.21773454546928406,0.57,1.39
248590,0.21150174736976624,0.21773454546928406,0.57,1.39
248690,0.21150174736976624,0.21773454546928406,0.61,1.39
248790,0.21150174736976624,0.21773454546928406,0.6,1.39
248890,0.21150174736976624,0.21773454546928406,0.6,1.39
248990,0.21150174736976624,0.21773454546928406,0.58,1.39
249090,0.21150174736976624,0.21773454546928406,0.58,1.39
249190,0.21150174736976624,0.21773454546928406,0.6,1.39
249290,0.21150174736976624,0.21773454546928406,0.59,1.39
249390,0.21150174736976624,0.21773454546928406,0.6,1.39
249490,0.21150174736976624,0.21773454546928406,0.6,1.39
249590,0.21150174736976624,0.21773454546928406,0.61,1.39
249690,0.21150174736976624,0.21773454546928406,0.63,1.39
249790,0.21150174736976624,0.21773454546928406,0.62,1.39
249890,0.21150174736976624,0.21773454546928406,0.6,1.39
249990,0.21150174736976624,0.21773454546928406,0.6,1.39
250090,0.21150174736976624,0.21773454546928406,0.59,1.39
250190,0.21150174736976624,0.21773454546928406,0.59,1.39
250290,0.21150174736976624,0.21773454546928406,0.59,1.39
250390,0.21150174736976624,0.21773454546928406,0.6,1.39
250490,0.21150174736976624,0.21773454546928406,0.59,1.39
250590,0.21150174736976624,0.21773454546928406,0.59,1.39
250690,0.21150174736976624,0.21773454546928406,0.6,1.39
250790,0.21150174736976624,0.21773454546928406,0.61,1.39
250890,0.21150174736976624,0.21773454546928406,0.63,1.39
250990,0.21150174736976624,0.21773454546928406,0.62,1.39
251090,0.21150174736976624,0.21773454546928406,0.63,1.39
251190,0.21150174736976624,0.21773454546928406,0.63,1.39
251290,0.21150174736976624,0.21773454546928406,0.62,1.39
251390,0.21150174736976624,0.21773454546928406,0.64,1.39
251490,0.21150174736976624,0.21773454546928406,0.65,1.39
251590,0.21150174736976624,0.21773454546928406,0.64,1.39
251690,0.21150174736976624,0.21773454546928406,0.64,1.39
251790,0.21150174736976624,0.21773454546928406,0.64,1.39
251890,0.21150174736976624,0.21773454546928406,0.62,1.39
251990,0.21150174736976624,0.21773454546928406,0.6,1.39
252090,0.21150174736976624,0.21773454546928406,0.62,1.39
252190,0.21150174736976624,0.21773454546928406,0.64,1.39
252290,0.21150174736976624,0.21773454546928406,0.64,1.39
252390,0.21150174736976624,0.21773454546928406,0.63,1.39
252490,0.21150174736976624,0.21773454546928406,0.62,1.39
252590,0.21150174736976624,0.21773454546928406,0.62,1.39
252690,0.21150174736976624,0.21773454546928406,0.62,1.39
252790,0.21150174736976624,0.21773454546928406,0.61,1.39
252890,0.21150174736976624,0.21773454546928406,0.61,1.39
252990,0.21150174736976624,0.21773454546928406,0.62,1.39
253090,0.21150174736976624,0.21773454546928406,0.64,1.39
253190,0.21150174736976624,0.21773454546928406,0.63,1.39
253290,0.21150174736976624,0.21773454546928406,0.64,1.39
253390,0.21150174736976624,0.21773454546928406,0.65,1.39
253490,0.21150174736976624,0.21773454546928406,0.65,1.39
253590,0.21150174736976624,0.21773454546928406,0.64,1.39
253690,0.21150174736976624,0.21773454546928406,0.63,1.39
253790,0.21150174736976624,0.21773454546928406,0.63,1.39
253890,0.21150174736976624,0.21773454546928406,0.62,1.39
253990,0.21150174736976624,0.21773454546928406,0.64,1.39
254090,0.21150174736976624,0.21773454546928406,0.63,1.39
254190,0.21150174736976624,0.21773454546928406,0.6,1.39
254290,0.21150174736976624,0.21773454546928406,0.6,1.39
254390,0.21150174736976624,0.21773454546928406,0.6,1.39
254490,0.21150174736976624,0.21773454546928406,0.61,1.39
254590,0.21150174736976624,0.21773454546928406,0.61,1.39
254690,0.21150174736976624,0.21773454546928406,0.61,1.39
254790,0.21150174736976624,0.21773454546928406,0.62,1.39
254890,0.21150174736976624,0.21773454546928406,0.62,1.39
254990,0.21150174736976624,0.21773454546928406,0.63,1.39
255090,0.21150174736976624,0.21773454546928406,0.63,1.39
255190,0.21150174736976624,0.21773454546928406,0.62,1.39
255290,0.21150174736976624,0.21773454546928406,0.61,1.39
255390,0.21150174736976624,0.21773454546928406,0.6,1.39
255490,0.21150174736976624,0.21773454546928406,0.6,1.39
255590,0.21150174736976624,0.21773454546928406,0.61,1.39
255690,0.21150174736976624,0.21773454546928406,0.6,1.39
255790,0.21150174736976624,0.21773454546928406,0.59,1.39
255890,0.21150174736976624,0.21773454546928406,0.59,1.39
255990,0.21150174736976624,0.21773454546928406,0.6,1.39
256090,0.21150174736976624,0.21773454546928406,0.6,1.39
256190,0.21150174736976624,0.21773454546928406,0.62,1.39
256290,0.21150174736976624,0.21773454546928406,0.62,1.39
256390,0.21150174736976624,0.21773454546928406,0.62,1.39
256490,0.21150174736976624,0.21773454546928406,0.64,1.39
256590,0.21150174736976624,0.21773454546928406,0.64,1.39
256690,0.21150174736976624,0.21773454546928406,0.65,1.39
256790,0.21150174736976624,0.21773454546928406,0.64,1.39
256890,0.21150174736976624,0.21773454546928406,0.62,1.39
256990,0.21150174736976624,0.21773454546928406,0.64,1.39
257090,0.21150174736976624,0.21773454546928406,0.62,1.39
257190,0.21150174736976624,0.21773454546928406,0.61,1.39
257290,0.21150174736976624,0.21773454546928406,0.61,1.39
257390,0.21150174736976624,0.21773454546928406,0.59,1.39
257490,0.21150174736976624,0.21773454546928406,0.59,1.39
257590,0.21150174736976624,0.21773454546928406,0.59,1.39
257690,0.21150174736976624,0.21773454546928406,0.59,1.39
257790,0.21150174736976624,0.21773454546928406,0.6,1.39
257890,0.21150174736976624,0.21773454546928406,0.61,1.39
257990,0.21150174736976624,0.21773454546928406,0.61,1.39
258090,0.21150174736976624,0.21773454546928406,0.61,1.39
258190,0.21150174736976624,0.21773454546928406,0.59,1.39
258290,0.21150174736976624,0.21773454546928406,0.58,1.39
258390,0.21150174736976624,0.21773454546928406,0.57,1.39
258490,0.21150174736976624,0.21773454546928406,0.6,1.39
258590,0.21150174736976624,0.21773454546928406,0.6,1.39
258690,0.21150174736976624,0.21773454546928406,0.58,1.39
258790,0.21150174736976624,0.21773454546928406,0.57,1.39
258890,0.21150174736976624,0.21773454546928406,0.58,1.39
258990,0.21150174736976624,0.21773454546928406,0.58,1.39
259090,0.21150174736976624,0.21773454546928406,0.57,1.39
259190,0.21150174736976624,0.21773454546928406,0.57,1.39
259290,0.21150174736976624,0.21773454546928406,0.57,1.39
259390,0.21150174736976624,0.21773454546928406,0.58,1.39
259490,0.21150174736976624,0.21773454546928406,0.56,1.39
259590,0.21150174736976624,0.21773454546928406,0.55,1.39
259690,0.21150174736976624,0.21773454546928406,0.56,1.39
259790,0.21150174736976624,0.21773454546928406,0.55,1.39
259890,0.21150174736976624,0.21773454546928406,0.58,1.39
259990,0.21150174736976624,0.21773454546928406,0.55,1.39
260090,0.21150174736976624,0.21773454546928406,0.53,1.39
260190,0.21150174736976624,0.21773454546928406,0.53,1.39
260290,0.21150174736976624,0.21773454546928406,0.54,1.39
260390,0.21150174736976624,0.21773454546928406,0.53,1.39
260490,0.21150174736976624,0.21773454546928406,0.53,1.39
260590,0.21150174736976624,0.21773454546928406,0.54,1.39
260690,0.21150174736976624,0.21773454546928406,0.51,1.39
260790,0.21150174736976624,0.21773454546928406,0.53,1.39
260890,0.21150174736976624,0.21773454546928406,0.53,1.39
260990,0.21150174736976624,0.21773454546928406,0.51,1.39
261090,0.21150174736976624,0.21773454546928406,0.53,1.39
261190,0.21150174736976624,0.21773454546928406,0.54,1.39
261290,0.21150174736976624,0.21773454546928406,0.55,1.39
261390,0.21150174736976624,0.21773454546928406,0.55,1.39
261490,0.21150174736976624,0.21773454546928406,0.57,1.39
261590,0.21150174736976624,0.21773454546928406,0.59,1.39
261690,0.21150174736976624,0.21773454546928406,0.6,1.39
261790,0.21150174736976624,0.21773454546928406,0.57,1.39
261890,0.21150174736976624,0.21773454546928406,0.55,1.39
261990,0.21150174736976624,0.21773454546928406,0.58,1.39
262090,0.21150174736976624,0.21773454546928406,0.57,1.39
262190,0.21150174736976624,0.21773454546928406,0.56,1.39
262290,0.21150174736976624,0.21773454546928406,0.54,1.39
262390,0.21150174736976624,0.21773454546928406,0.57,1.39
262490,0.21150174736976624,0.21773454546928406,0.57,1.39
262590,0.21150174736976624,0.21773454546928406,0.58,1.39
262690,0.21150174736976624,0.21773454546928406,0.59,1.39
262790,0.21150174736976624,0.21773454546928406,0.58,1.39
262890,0.21150174736976624,0.21773454546928406,0.58,1.39
262990,0.21150174736976624,0.21773454546928406,0.61,1.39
263090,0.21150174736976624,0.21773454546928406,0.64,1.39
263190,0.21150174736976624,0.21773454546928406,0.65,1.39
263290,0.21150174736976624,0.21773454546928406,0.65,1.39
263390,0.21150174736976624,0.21773454546928406,0.64,1.39
263490,0.21150174736976624,0.21773454546928406,0.63,1.39
263590,0.21150174736976624,0.21773454546928406,0.63,1.39
263690,0.21150174736976624,0.21773454546928406,0.6,1.39
263790,0.21150174736976624,0.21773454546928406,0.6,1.39
263890,0.21150174736976624,0.21773454546928406,0.62,1.39
263990,0.21150174736976624,0.21773454546928406,0.61,1.39
264090,0.21150174736976624,0.21773454546928406,0.58,1.39
264190,0.21150174736976624,0.21773454546928406,0.56,1.39
264290,0.21150174736976624,0.21773454546928406,0.56,1.39
264390,0.21150174736976624,0.21773454546928406,0.55,1.39
264490,0.21150174736976624,0.21773454546928406,0.57,1.39
264590,0.21150174736976624,0.21773454546928406,0.6,1.39
264690,0.21150174736976624,0.21773454546928406,0.57,1.39
264790,0.21150174736976624,0.21773454546928406,0.59,1.39
264890,0.21150174736976624,0.21773454546928406,0.58,1.39
264990,0.21150174736976624,0.21773454546928406,0.58,1.39
265090,0.21150174736976624,0.21773454546928406,0.59,1.39
265190,0.21150174736976624,0.21773454546928406,0.61,1.39
265290,0.21150174736976624,0.21773454546928406,0.59,1.39
265390,0.21150174736976624,0.21773454546928406,0.59,1.39
265490,0.21150174736976624,0.21773454546928406,0.6,1.39
265590,0.21150174736976624,0.21773454546928406,0.59,1.39
265690,0.21150174736976624,0.21773454546928406,0.57,1.39
265790,0.21150174736976624,0.21773454546928406,0.58,1.39
265890,0.21150174736976624,0.21773454546928406,0.58,1.39
265990,0.21150174736976624,0.21773454546928406,0.6,1.39
266090,0.21150174736976624,0.21773454546928406,0.59,1.39
266190,0.21150174736976624,0.21773454546928406,0.61,1.39
266290,0.21150174736976624,0.21773454546928406,0.62,1.39
266390,0.21150174736976624,0.21773454546928406,0.61,1.39
266490,0.21150174736976624,0.21773454546928406,0.61,1.39
266590,0.21150174736976624,0.21773454546928406,0.63,1.39
266690,0.21150174736976624,0.21773454546928406,0.62,1.39
266790,0.21150174736976624,0.21773454546928406,0.64,1.39
266890,0.21150174736976624,0.21773454546928406,0.64,1.39
266990,0.21150174736976624,0.21773454546928406,0.63,1.39
267090,0.21150174736976624,0.21773454546928406,0.64,1.39
267190,0.21150174736976624,0.21773454546928406,0.64,1.39
267290,0.21150174736976624,0.21773454546928406,0.64,1.39
267390,0.21150174736976624,0.21773454546928406,0.61,1.39
267490,0.21150174736976624,0.21773454546928406,0.61,1.39
267590,0.21150174736976624,0.21773454546928406,0.6,1.39
267690,0.21150174736976624,0.21773454546928406,0.61,1.39
267790,0.21150174736976624,0.21773454546928406,0.6,1.39
267890,0.21150174736976624,0.21773454546928406,0.6,1.39
267990,0.21150174736976624,0.21773454546928406,0.6,1.39
268090,0.21150174736976624,0.21773454546928406,0.59,1.39
268190,0.21150174736976624,0.21773454546928406,0.58,1.39
268290,0.21150174736976624,0.21773454546928406,0.58,1.39
268390,0.21150174736976624,0.21773454546928406,0.58,1.39
268490,0.21150174736976624,0.21773454546928406,0.58,1.39
268590,0.21150174736976624,0.21773454546928406,0.57,1.39
268690,0.21150174736976624,0.21773454546928406,0.58,1.39
268790,0.21150174736976624,0.21773454546928406,0.59,1.39
268890,0.21150174736976624,0.21773454546928406,0.63,1.39
268990,0.21150174736976624,0.21773454546928406,0.62,1.39
269090,0.21150174736976624,0.21773454546928406,0.62,1.39
269190,0.21150174736976624,0.21773454546928406,0.63,1.39
269290,0.21150174736976624,0.21773454546928406,0.62,1.39
269390,0.21150174736976624,0.21773454546928406,0.62,1.39
269490,0.21150174736976624,0.21773454546928406,0.62,1.39
269590,0.21150174736976624,0.21773454546928406,0.62,1.39
269690,0.21150174736976624,0.21773454546928406,0.62,1.39
269790,0.21150174736976624,0.21773454546928406,0.63,1.39
269890,0.21150174736976624,0.21773454546928406,0.64,1.39
269990,0.21150174736976624,0.21773454546928406,0.67,1.39
270090,0.21150174736976624,0.21773454546928406,0.66,1.39
270190,0.21150174736976624,0.21773454546928406,0.66,1.39
270290,0.21150174736976624,0.21773454546928406,0.67,1.39
270390,0.21150174736976624,0.21773454546928406,0.65,1.39
270490,0.21150174736976624,0.21773454546928406,0.63,1.39
270590,0.21150174736976624,0.21773454546928406,0.63,1.39
270690,0.21150174736976624,0.21773454546928406,0.64,1.39
270790,0.21150174736976624,0.21773454546928406,0.64,1.39
270890,0.21150174736976624,0.21773454546928406,0.64,1.39
270990,0.21150174736976624,0.21773454546928406,0.66,1.39
271090,0.21150174736976624,0.21773454546928406,0.67,1.39
271190,0.21150174736976624,0.21773454546928406,0.64,1.39
299090,0.21150174736976624,0.21773454546928406,0.01,1.35
299190,0.21150174736976624,0.21773454546928406,0.01,1.35
299290,0.21150174736976624,0.21773454546928406,0.01,1.35
299390,0.21150174736976624,0.21773454546928406,0.01,1.35
299490,0.21150174736976624,0.21773454546928406,0.01,1.35
299590,0.21150174736976624,0.21773454546928406,0.01,1.35
299690,0.21150174736976624,0.21773454546928406,0.01,1.35
299790,0.21150174736976624,0.21773454546928406,0.01,1.35
299890,0.21150174736976624,0.21773454546928406,0.01,1.35
299990,0.21150174736976624,0.21773454546928406,0.01,1.35
300090,0.21150174736976624,0.21773454546928406,0.01,1.35
300190,0.21150174736976624,0.21773454546928406,0.01,1.35
300290,0.21150174736976624,0.21773454546928406,0.01,1.35
300390,0.21150174736976624,0.21773454546928406,0.01,1.35
300490,0.21150174736976624,0.21773454546928406,0.01,1.35
300590,0.21150174736976624,0.21773454546928406,0.01,1.35
300690,0.21150174736976624,0.21773454546928406,0.01,1.35
300790,0.21150174736976624,0.21773454546928406,0.01,1.35
300890,0.21150174736976624,0.21773454546928406,0.01,1.35
300990,0.21150174736976624,0.21773454546928406,0.01,1.35
301090,0.21150174736976624,0.21773454546928406,0.01,1.35
301190,0.21150174736976624,0.21773454546928406,0.01,1.35
301290,0.21150174736976624,0.21773454546928406,0.01,1.35
301390,0.21150174736976624,0.21773454546928406,0.01,1.35
301490,0.21150174736976624,0.21773454546928406,0.01,1.35
301590,0.21150174736976624,0.21773454546928406,0.01,1.35
301690,0.21150174736976624,0.21773454546928406,0.01,1.35
301790,0.21150174736976624,0.21773454546928406,0.01,1.35
301890,0.21150174736976624,0.21773454546928406,0.01,1.35
301990,0.21150174736976624,0.21773454546928406,0.01,1.35
302090,0.21150174736976624,0.21773454546928406,0.01,1.35
302190,0.21150174736976624,0.21773454546928406,0.01,1.35
302290,0.21150174736976624,0.21773454546928406,0.01,1.35
302390,0.21150174736976624,0.21773454546928406,0.01,1.35
302490,0.21150174736976624,0.21773454546928406,0.01,1.35
302590,0.21150174736976624,0.21773454546928406,0.01,1.35
302690,0.21150174736976624,0.21773454546928406,0.01,1.35
302790,0.21150174736976624,0.21773454546928406,0.01,1.35
302890,0.21150174736976624,0.21773454546928406,0.01,1.35
302990,0.21150174736976624,0.21773454546928406,0.01,1.35
303090,0.21150174736976624,0.21773454546928406,0.01,1.35
303190,0.21150174736976624,0.21773454546928406,0.01,1.35
303290,0.21150174736976624,0.21773454546928406,0.01,1.35
303390,0.21150174736976624,0.21773454546928406,0.01,1.35
303490,0.21150174736976624,0.21773454546928406,0.01,1.35
303590,0.21150174736976624,0.21773454546928406,0.01,1.35
303690,0.21150174736976624,0.21773454546928406,0.01,1.35
303790,0.21150174736976624,0.21773454546928406,0.01,1.35
303890,0.21150174736976624,0.21773454546928406,0.01,1.35
303990,0.21150174736976624,0.21773454546928406,0.01,1.35
304090,0.21150174736976624,0.21773454546928406,0.01,1.35
304190,0.21150174736976624,0.21773454546928406,0.01,1.35
304290,0.21150174736976624,0.21773454546928406,0.01,1.35
304390,0.21150174736976624,0.21773454546928406,0.01,1.35
304490,0.21150174736976624,0.21773454546928406,0.01,1.35
304590,0.21150174736976624,0.21773454546928406,0.01,1.35
304690,0.21150174736976624,0.21773454546928406,0.01,1.35
304790,0.21150174736976624,0.21773454546928406,0.01,1.35
304890,0.21150174736976624,0.21773454546928406,0.01,1.35
304990,0.21150174736976624,0.21773454546928406,0.01,1.35
305090,0.21150174736976624,0.21773454546928406,0.01,1.35
305190,0.21150174736976624,0.21773454546928406,0.01,1.35
305290,0.21150174736976624,0.21773454546928406,0.01,1.35
305390,0.21150174736976624,0.21773454546928406,0.01,1.35
305490,0.21150174736976624,0.21773454546928406,0.01,1.35
305590,0.21150174736976624,0.21773454546928406,0.01,1.35
305690,0.21150174736976624,0.21773454546928406,0.01,1.35
305790,0.21150174736976624,0.21773454546928406,0.01,1.35
305890,0.21150174736976624,0.21773454546928406,0.01,1.35
305990,0.21150174736976624,0.21773454546928406,0.01,1.35
306090,0.21150174736976624,0.21773454546928406,0.01,1.35
306190,0.21150174736976624,0.21773454546928406,0.01,1.35
306290,0.21150174736976624,0.21773454546928406,0.01,1.35
306390,0.21150174736976624,0.21773454546928406,0.01,1.35
306490,0.21150174736976624,0.21773454546928406,0.01,1.35
306590,0.21150174736976624,0.21773454546928406,0.01,1.35
306690,0.21150174736976624,0.21773454546928406,0.01,1.35
306790,0.21150174736976624,0.21773454546928406,0.01,1.35
306890,0.21150174736976624,0.21773454546928406,0.01,1.35
306990,0.21150174736976624,0.21773454546928406,0.01,1.35
307090,0.21150174736976624,0.21773454546928406,0.01,1.35
307190,0.21150174736976624,0.21773454546928406,0.01,1.35
307290,0.21150174736976624,0.21773454546928406,0.01,1.35
307390,0.21150174736976624,0.21773454546928406,0.01,1.35
307490,0.21150174736976624,0.21773454546928406,0.01,1.35
307590,0.21150174736976624,0.21773454546928406,0.01,1.35
307690,0.21150174736976624,0.21773454546928406,0.01,1.35
307790,0.21150174736976624,0.21773454546928406,0.01,1.35
307890,0.21150174736976624,0.21773454546928406,0.01,1.35
307990,0.21150174736976624,0.21773454546928406,0.01,1.35
308090,0.21150174736976624,0.21773454546928406,0.01,1.35
308190,0.21150174736976624,0.21773454546928406,0.01,1.35
308290,0.21150174736976624,0.21773454546928406,0.01,1.35
308390,0.21150174736976624,0.21773454546928406,0.01,1.35
308490,0.21150174736976624,0.21773454546928406,0.01,1.35
308590,0.21150174736976624,0.21773454546928406,0.01,1.35
308690,0.21150174736976624,0.21773454546928406,0.01,1.35
308790,0.21150174736976624,0.21773454546928406,0.01,1.35
308890,0.21150174736976624,0.21773454546928406,0.01,1.35
308990,0.21150174736976624,0.21773454546928406,0.01,1.35
309090,0.21150174736976624,0.21773454546928406,0.01,1.35
309190,0.21150174736976624,0.21773454546928406,0.01,1.35
309290,0.21150174736976624,0.21773454546928406,0.01,1.35
309390,0.21150174736976624,0.21773454546928406,0.01,1.35
309490,0.21150174736976624,0.21773454546928406,0.01,1.35
309590,0.21150174736976624,0.21773454546928406,0.01,1.35
309690,0.21150174736976624,0.21773454546928406,0.01,1.35
309790,0.21150174736976624,0.21773454546928406,0.01,1.35
309890,0.21150174736976624,0.21773454546928406,0.01,1.35
309990,0.21150174736976624,0.21773454546928406,0.01,1.35
310090,0.21150174736976624,0.21773454546928406,0.01,1.35
310190,0.21150174736976624,0.21773454546928406,0.01,1.35
310290,0.21150174736976624,0.21773454546928406,0.01,1.35
310390,0.21150174736976624,0.21773454546928406,0.01,1.35
310490,0.21150174736976624,0.21773454546928406,0.01,1.35
310590,0.21150174736976624,0.21773454546928406,0.01,1.35
310690,0.21150174736976624,0.21773454546928406,0.01,1.35
310790,0.21150174736976624,0.21773454546928406,0.01,1.35
310890,0.21150174736976624,0.21773454546928406,0.01,1.35
310990,0.21150174736976624,0.21773454546928406,0.01,1.35
311090,0.21150174736976624,0.21773454546928406,0.01,1.35
311190,0.21150174736976624,0.21773454546928406,0.01,1.35
311290,0.21150174736976624,0.21773454546928406,0.01,1.35
311390,0.21150174736976624,0.21773454546928406,0.01,1.35
311490,0.21150174736976624,0.21773454546928406,0.01,1.35
311590,0.21150174736976624,0.21773454546928406,0.01,1.35
311690,0.21150174736976624,0.21773454546928406,0.01,1.35
311790,0.21150174736976624,0.21773454546928406,0.01,1.35
311890,0.21150174736976624,0.21773454546928406,0.01,1.35
311990,0.21150174736976624,0.21773454546928406,0.01,1.35
312090,0.21150174736976624,0.21773454546928406,0.01,1.35
312190,0.21150174736976624,0.21773454546928406,0.01,1.35
312290,0.21150174736976624,0.21773454546928406,0.01,1.35
312390,0.21150174736976624,0.21773454546928406,0.01,1.35
312490,0.21150174736976624,0.21773454546928406,0.01,1.35
312590,0.21150174736976624,0.21773454546928406,0.01,1.35
312690,0.21150174736976624,0.21773454546928406,0.01,1.35
312790,0.21150174736976624,0.21773454546928406,0.01,1.35
312890,0.21150174736976624,0.21773454546928406,0.01,1.35
312990,0.21150174736976624,0.21773454546928406,0.01,1.35
313090,0.21150174736976624,0.21773454546928406,0.01,1.35
313190,0.21150174736976624,0.21773454546928406,0.01,1.35
313290,0.21150174736976624,0.21773454546928406,0.01,1.35
313390,0.21150174736976624,0.21773454546928406,0.01,1.35
313490,0.21150174736976624,0.21773454546928406,0.01,1.35
313590,0.21150174736976624,0.21773454546928406,0.01,1.35
313690,0.21150174736976624,0.21773454546928406,0.01,1.35
313790,0.21150174736976624,0.21773454546928406,0.01,1.35
313890,0.21150174736976624,0.21773454546928406,0.01,1.35
313990,0.21150174736976624,0.21773454546928406,0.01,1.35
314090,0.21150174736976624,0.21773454546928406,0.01,1.35
314190,0.21150174736976624,0.21773454546928406,0.01,1.35
314290,0.21150174736976624,0.21773454546928406,0.01,1.35
314390,0.21150174736976624,0.21773454546928406,0.01,1.35
314490,0.21150174736976624,0.21773454546928406,0.01,1.35
314590,0.21150174736976624,0.21773454546928406,0.01,1.35
314690,0.21150174736976624,0.21773454546928406,0.01,1.35
314790,0.21150174736976624,0.21773454546928406,0.01,1.35
314890,0.21150174736976624,0.21773454546928406,0.01,1.35
314990,0.21150174736976624,0.21773454546928406,0.01,1.35
315090,0.21150174736976624,0.21773454546928406,0.01,1.35
315190,0.21150174736976624,0.21773454546928406,0.01,1.35
315290,0.21150174736976624,0.21773454546928406,0.01,1.35
315390,0.21150174736976624,0.21773454546928406,0.01,1.35
315490,0.21150174736976624,0.21773454546928406,0.01,1.35
315590,0.21150174736976624,0.21773454546928406,0.01,1.35
315690,0.21150174736976624,0.21773454546928406,0.01,1.35
315790,0.21150174736976624,0.21773454546928406,0.01,1.35
315890,0.21150174736976624,0.21773454546928406,0.01,1.35
315990,0.21150174736976624,0.21773454546928406,0.01,1.35
316090,0.21150174736976624,0.21773454546928406,0.01,1.35
316190,0.21150174736976624,0.21773454546928406,0.01,1.35
316290,0.21150174736976624,0.21773454546928406,0.01,1.35
316390,0.21150174736976624,0.21773454546928406,0.01,1.35
316490,0.21150174736976624,0.21773454546928406,0.01,1.35
316590,0.21150174736976624,0.21773454546928406,0.01,1.35
316690,0.21150174736976624,0.21773454546928406,0.01,1.35
316790,0.21150174736976624,0.21773454546928406,0.01,1.35
316890,0.21150174736976624,0.21773454546928406,0.01,1.35
316990,0.21150174736976624,0.21773454546928406,0.01,1.35
317090,0.21150174736976624,0.21773454546928406,0.01,1.35
317190,0.21150174736976624,0.21773454546928406,0.01,1.35
317290,0.21150174736976624,0.21773454546928406,0.01,1.35
317390,0.21150174736976624,0.21773454546928406,0.01,1.35
317490,0.21150174736976624,0.21773454546928406,0.01,1.35
317590,0.21150174736976624,0.21773454546928406,0.01,1.35
317690,0.21150174736976624,0.21773454546928406,0.01,1.35
317790,0.21150174736976624,0.21773454546928406,0.01,1.35
317890,0.21150174736976624,0.21773454546928406,0.01,1.35
317990,0.21150174736976624,0.21773454546928406,0.01,1.35
318090,0.21150174736976624,0.21773454546928406,0.01,1.35
318190,0.21150174736976624,0.21773454546928406,0.01,1.35
318290,0.21150174736976624,0.21773454546928406,0.01,1.35
318390,0.21150174736976624,0.21773454546928406,0.01,1.35
318490,0.21150174736976624,0.21773454546928406,0.01,1.35
318590,0.21150174736976624,0.21773454546928406,0.01,1.35
318690,0.21150174736976624,0.21773454546928406,0.01,1.35
318790,0.21150174736976624,0.21773454546928406,0.01,1.35
318890,0.21150174736976624,0.21773454546928406,0.01,1.35
318990,0.21150174736976624,0.21773454546928406,0.01,1.35
319090,0.21150174736976624,0.21773454546928406,0.01,1.35
319190,0.21150174736976624,0.21773454546928406,0.01,1.35
319290,0.21150174736976624,0.21773454546928406,0.01,1.35
319390,0.21150174736976624,0.21773454546928406,0.01,1.35
319490,0.21150174736976624,0.21773454546928406,0.01,1.35
319590,0.21150174736976624,0.21773454546928406,0.01,1.35
319690,0.21150174736976624,0.21773454546928406,0.01,1.35
319790,0.21150174736976624,0.21773454546928406,0.01,1.35
319890,0.21150174736976624,0.21773454546928406,0.01,1.35
319990,0.21150174736976624,0.21773454546928406,0.01,1.35
320090,0.21150174736976624,0.21773454546928406,0.01,1.35
320190,0.21150174736976624,0.21773454546928406,0.01,1.35
320290,0.21150174736976624,0.21773454546928406,0.01,1.35
320390,0.21150174736976624,0.21773454546928406,0.01,1.35
320490,0.21150174736976624,0.21773454546928406,0.01,1.35
320590,0.21150174736976624,0.21773454546928406,0.01,1.35
320690,0.21150174736976624,0.21773454546928406,0.01,1.35
320790,0.21150174736976624,0.21773454546928406,0.01,1.35
320890,0.21150174736976624,0.21773454546928406,0.01,1.35
320990,0.21150174736976624,0.21773454546928406,0.01,1.35
321090,0.21150174736976624,0.21773454546928406,0.01,1.35
321190,0.21150174736976624,0.21773454546928406,0.01,1.35
321290,0.21150174736976624,0.21773454546928406,0.01,1.35
321390,0.21150174736976624,0.21773454546928406,0.01,1.35
321490,0.21150174736976624,0.21773454546928406,0.01,1.35
321590,0.21150174736976624,0.21773454546928406,0.01,1.35
321690,0.21150174736976624,0.21773454546928406,0.01,1.35
321790,0.21150174736976624,0.21773454546928406,0.01,1.35
321890,0.21150174736976624,0.21773454546928406,0.01,1.35
321990,0.21150174736976624,0.21773454546928406,0.01,1.35
322090,0.21150174736976624,0.21773454546928406,0.01,1.35
322190,0.21150174736976624,0.21773454546928406,0.01,1.35
322290,0.21150174736976624,0.21773454546928406,0.01,1.35
322390,0.21150174736976624,0.21773454546928406,0.01,1.35
322490,0.21150174736976624,0.21773454546928406,0.01,1.35
322590,0.21150174736976624,0.21773454546928406,0.01,1.35
322690,0.21150174736976624,0.21773454546928406,0.01,1.35
322790,0.21150174736976624,0.21773454546928406,0.01,1.35
322890,0.21150174736976624,0.21773454546928406,0.01,1.35
322990,0.21150174736976624,0.21773454546928406,0.01,1.35
323090,0.21150174736976624,0.21773454546928406,0.01,1.35
323190,0.21150174736976624,0.21773454546928406,0.01,1.35
323290,0.21150174736976624,0.21773454546928406,0.01,1.35
323390,0.21150174736976624,0.21773454546928406,0.01,1.35
323490,0.21150174736976624,0.21773454546928406,0.01,1.35
323590,0.21150174736976624,0.21773454546928406,0.01,1.35
323690,0.21150174736976624,0.21773454546928406,0.01,1.35
323790,0.21150174736976624,0.21773454546928406,0.01,1.35
323890,0.21150174736976624,0.21773454546928406,0.01,1.35
323990,0.21150174736976624,0.21773454546928406,0.01,1.35
324090,0.21150174736976624,0.21773454546928406,0.01,1.35
324190,0.21150174736976624,0.21773454546928406,0.01,1.35
324290,0.21150174736976624,0.21773454546928406,0.01,1.35
324390,0.21150174736976624,0.21773454546928406,0.01,1.35
324490,0.21150174736976624,0.21773454546928406,0.01,1.35
324590,0.21150174736976624,0.21773454546928406,0.01,1.35
324690,0.21150174736976624,0.21773454546928406,0.01,1.35
324790,0.21150174736976624,0.21773454546928406,0.01,1.35
324890,0.21150174736976624,0.21773454546928406,0.01,1.35
324990,0.21150174736976624,0.21773454546928406,0.01,1.35
325090,0.21150174736976624,0.21773454546928406,0.01,1.35
325190,0.21150174736976624,0.21773454546928406,0.01,1.35
325290,0.21150174736976624,0.21773454546928406,0.01,1.35
325390,0.21150174736976624,0.21773454546928406,0.01,1.35
325490,0.21150174736976624,0.21773454546928406,0.01,1.35
325590,0.21150174736976624,0.21773454546928406,0.01,1.35
325690,0.21150174736976624,0.21773454546928406,0.01,1.35
325790,0.21150174736976624,0.21773454546928406,0.01,1.35
325890,0.21150174736976624,0.21773454546928406,0.01,1.35
325990,0.21150174736976624,0.21773454546928406,0.01,1.35
326090,0.21150174736976624,0.21773454546928406,0.01,1.35
326190,0.21150174736976624,0.21773454546928406,0.01,1.35
326290,0.21150174736976624,0.21773454546928406,0.01,1.35
326390,0.21150174736976624,0.21773454546928406,0.01,1.35
326490,0.21150174736976624,0.21773454546928406,0.01,1.35
326590,0.21150174736976624,0.21773454546928406,0.01,1.35
326690,0.21150174736976624,0.21773454546928406,0.01,1.35
326790,0.21150174736976624,0.21773454546928406,0.01,1.35
354690,0.21150174736976624,0.21773454546928406,0.01,1.41
354790,0.21150174736976624,0.21773454546928406,0.01,1.41
354890,0.21150174736976624,0.21773454546928406,0.01,1.41
354990,0.21150174736976624,0.21773454546928406,0.01,1.41
355090,0.21150174736976624,0.21773454546928406,0.01,1.41
355190,0.21150174736976624,0.21773454546928406,0.01,1.41
355290,0.21150174736976624,0.21773454546928406,0.01,1.41
355390,0.21150174736976624,0.21773454546928406,0.01,1.41
355490,0.21150174736976624,0.21773454546928406,0.01,1.41
355590,0.21150174736976624,0.21773454546928406,0.01,1.41
355690,0.21150174736976624,0.21773454546928406,0.01,1.41
355790,0.21150174736976624,0.21773454546928406,0.01,1.41
355890,0.21150174736976624,0.21773454546928406,0.01,1.41
355990,0.21150174736976624,0.21773454546928406,0.01,1.41
356090,0.21150174736976624,0.21773454546928406,0.01,1.41
356190,0.21150174736976624,0.21773454546928406,0.01,1.41
356290,0.21150174736976624,0.21773454546928406,0.01,1.41
356390,0.21150174736976624,0.21773454546928406,0.01,1.41
356490,0.21150174736976624,0.21773454546928406,0.01,1.41
356590,0.21150174736976624,0.21773454546928406,0.01,1.41
356690,0.21150174736976624,0.21773454546928406,0.01,1.41
356790,0.21150174736976624,0.21773454546928406,0.01,1.41
356890,0.21150174736976624,0.21773454546928406,0.01,1.41
356990,0.21150174736976624,0.21773454546928406,0.01,1.41
357090,0.21150174736976624,0.21773454546928406,0.01,1.41
357190,0.21150174736976624,0.21773454546928406,0.01,1.41
357290,0.21150174736976624,0.21773454546928406,0.01,1.41
357390,0.21150174736976624,0.21773454546928406,0.01,1.41
357490,0.21150174736976624,0.21773454546928406,0.01,1.41
357590,0.21150174736976624,0.21773454546928406,0.01,1.41
357690,0.21150174736976624,0.21773454546928406,0.01,1.41
357790,0.21150174736976624,0.21773454546928406,0.01,1.41
357890,0.21150174736976624,0.21773454546928406,0.01,1.41
357990,0.21150174736976624,0.21773454546928406,0.01,1.41
358090,0.21150174736976624,0.21773454546928406,0.01,1.41
358190,0.21150174736976624,0.21773454546928406,0.01,1.41
358290,0.21150174736976624,0.21773454546928406,0.01,1.41
358390,0.21150174736976624,0.21773454546928406,0.01,1.41
358490,0.21150174736976624,0.21773454546928406,0.01,1.41
358590,0.21150174736976624,0.21773454546928406,0.01,1.41
358690,0.21150174736976624,0.21773454546928406,0.01,1.41
358790,0.21150174736976624,0.21773454546928406,0.01,1.41
358890,0.21150174736976624,0.21773454546928406,0.01,1.41
358990,0.21150174736976624,0.21773454546928406,0.01,1.41
359090,0.21150174736976624,0.21773454546928406,0.01,1.41
359190,0.21150174736976624,0.21773454546928406,0.01,1.41
359290,0.21150174736976624,0.21773454546928406,0.01,1.41
359390,0.21150174736976624,0.21773454546928406,0.01,1.41
359490,0.21150174736976624,0.21773454546928406,0.01,1.41
359590,0.21150174736976624,0.21773454546928406,0.01,1.41
359690,0.21150174736976624,0.21773454546928406,0.01,1.41
359790,0.21150174736976624,0.21773454546928406,0.01,1.41
359890,0.21150174736976624,0.21773454546928406,0.01,1.41
359990,0.21150174736976624,0.21773454546928406,0.01,1.41
360090,0.21150174736976624,0.21773454546928406,0.01,1.41
360190,0.21150174736976624,0.21773454546928406,0.01,1.41
360290,0.21150174736976624,0.21773454546928406,0.01,1.41
360390,0.21150174736976624,0.21773454546928406,0.01,1.41
360490,0.21150174736976624,0.21773454546928406,0.01,1.41
360590,0.21150174736976624,0.21773454546928406,0.01,1.41
360690,0.21150174736976624,0.21773454546928406,0.01,1.41
360790,0.21150174736976624,0.21773454546928406,0.01,1.41
360890,0.21150174736976624,0.21773454546928406,0.01,1.41
360990,0.21150174736976624,0.21773454546928406,0.01,1.41
361090,0.21150174736976624,0.21773454546928406,0.01,1.41
361190,0.21150174736976624,0.21773454546928406,0.01,1.41
361290,0.21150174736976624,0.21773454546928406,0.01,1.41
361390,0.21150174736976624,0.21773454546928406,0.01,1.41
361490,0.21150174736976624,0.21773454546928406,0.01,1.41
361590,0.21150174736976624,0.21773454546928406,0.01,1.41
361690,0.21150174736976624,0.21773454546928406,0.01,1.41
361790,0.21150174736976624,0.21773454546928406,0.01,1.41
361890,0.21150174736976624,0.21773454546928406,0.01,1.41
361990,0.21150174736976624,0.21773454546928406,0.01,1.41
362090,0.21150174736976624,0.21773454546928406,0.01,1.41
362190,0.21150174736976624,0.21773454546928406,0.01,1.41
362290,0.21150174736976624,0.21773454546928406,0.01,1.41
362390,0.21150174736976624,0.21773454546928406,0.01,1.41
362490,0.21150174736976624,0.21773454546928406,0.01,1.41
362590,0.21150174736976624,0.21773454546928406,0.01,1.41
362690,0.21150174736976624,0.21773454546928406,0.01,1.41
362790,0.21150174736976624,0.21773454546928406,0.01,1.41
362890,0.21150174736976624,0.21773454546928406,0.01,1.41
362990,0.21150174736976624,0.21773454546928406,0.01,1.41
363090,0.21150174736976624,0.21773454546928406,0.01,1.41
363190,0.21150174736976624,0.21773454546928406,0.01,1.41
363290,0.21150174736976624,0.21773454546928406,0.01,1.41
363390,0.21150174736976624,0.21773454546928406,0.01,1.41
363490,0.21150174736976624,0.21773454546928406,0.01,1.41
363590,0.21150174736976624,0.21773454546928406,0.01,1.41
363690,0.21150174736976624,0.21773454546928406,0.01,1.41
363790,0.21150174736976624,0.21773454546928406,0.01,1.41
363890,0.21150174736976624,0.21773454546928406,0.01,1.41
363990,0.21150174736976624,0.21773454546928406,0.01,1.41
364090,0.21150174736976624,0.21773454546928406,0.01,1.41
364190,0.21150174736976624,0.21773454546928406,0.01,1.41
364290,0.21150174736976624,0.21773454546928406,0.01,1.41
364390,0.21150174736976624,0.21773454546928406,0.01,1.41
364490,0.21150174736976624,0.21773454546928406,0.01,1.41
364590,0.21150174736976624,0.21773454546928406,0.01,1.41
364690,0.21150174736976624,0.21773454546928406,0.01,1.41
364790,0.21150174736976624,0.21773454546928406,0.01,1.41
364890,0.21150174736976624,0.21773454546928406,0.01,1.41
364990,0.21150174736976624,0.21773454546928406,0.01,1.41
365090,0.21150174736976624,0.21773454546928406,0.01,1.41
365190,0.21150174736976624,0.21773454546928406,0.01,1.41
365290,0.21150174736976624,0.21773454546928406,0.01,1.41
365390,0.21150174736976624,0.21773454546928406,0.01,1.41
365490,0.21150174736976624,0.21773454546928406,0.01,1.41
365590,0.21150174736976624,0.21773454546928406,0.01,1.41
365690,0.21150174736976624,0.21773454546928406,0.01,1.41
365790,0.21150174736976624,0.21773454546928406,0.01,1.41
365890,0.21150174736976624,0.21773454546928406,0.01,1.41
365990,0.21150174736976624,0.21773454546928406,0.01,1.41
366090,0.21150174736976624,0.21773454546928406,0.01,1.41
366190,0.21150174736976624,0.21773454546928406,0.01,1.41
366290,0.21150174736976624,0.21773454546928406,0.01,1.41
366390,0.21150174736976624,0.21773454546928406,0.01,1.41
366490,0.21150174736976624,0.21773454546928406,0.01,1.41
366590,0.21150174736976624,0.21773454546928406,0.01,1.41
366690,0.21150174736976624,0.21773454546928406,0.01,1.41
366790,0.21150174736976624,0.21773454546928406,0.01,1.41
366890,0.21150174736976624,0.21773454546928406,0.01,1.41
366990,0.21150174736976624,0.21773454546928406,0.01,1.41
367090,0.21150174736976624,0.21773454546928406,0.01,1.41
367190,0.21150174736976624,0.21773454546928406,0.01,1.41
367290,0.21150174736976624,0.21773454546928406,0.01,1.41
367390,0.21150174736976624,0.21773454546928406,0.01,1.41
367490,0.21150174736976624,0.21773454546928406,0.01,1.41
367590,0.21150174736976624,0.21773454546928406,0.01,1.41
367690,0.21150174736976624,0.21773454546928406,0.01,1.41
367790,0.21150174736976624,0.21773454546928406,0.01,1.41
367890,0.21150174736976624,0.21773454546928406,0.01,1.41
367990,0.21150174736976624,0.21773454546928406,0.01,1.41
368090,0.21150174736976624,0.21773454546928406,0.01,1.41
368190,0.21150174736976624,0.21773454546928406,0.01,1.41
368290,0.21150174736976624,0.21773454546928406,0.01,1.41
368390,0.21150174736976624,0.21773454546928406,0.01,1.41
368490,0.21150174736976624,0.21773454546928406,0.01,1.41
368590,0.21150174736976624,0.21773454546928406,0.01,1.41
368690,0.21150174736976624,0.21773454546928406,0.01,1.41
368790,0.21150174736976624,0.21773454546928406,0.01,1.41
368890,0.21150174736976624,0.21773454546928406,0.01,1.41
368990,0.21150174736976624,0.21773454546928406,0.01,1.41
369090,0.21150174736976624,0.21773454546928406,0.01,1.41
369190,0.21150174736976624,0.21773454546928406,0.01,1.41
369290,0.21150174736976624,0.21773454546928406,0.01,1.41
369390,0.21150174736976624,0.21773454546928406,0.01,1.41
369490,0.21150174736976624,0.21773454546928406,0.01,1.41
369590,0.21150174736976624,0.21773454546928406,0.01,1.41
369690,0.21150174736976624,0.21773454546928406,0.01,1.41
369790,0.21150174736976624,0.21773454546928406,0.01,1.41
369890,0.21150174736976624,0.21773454546928406,0.01,1.41
369990,0.21150174736976624,0.21773454546928406,0.01,1.41
370090,0.21150174736976624,0.21773454546928406,0.01,1.41
370190,0.21150174736976624,0.21773454546928406,0.01,1.41
370290,0.21150174736976624,0.21773454546928406,0.01,1.41
370390,0.21150174736976624,0.21773454546928406,0.01,1.41
370490,0.21150174736976624,0.21773454546928406,0.01,1.41
370590,0.21150174736976624,0.21773454546928406,0.01,1.41
370690,0.21150174736976624,0.21773454546928406,0.01,1.41
370790,0.21150174736976624,0.21773454546928406,0.01,1.41
370890,0.21150174736976624,0.21773454546928406,0.01,1.41
370990,0.21150174736976624,0.21773454546928406,0.01,1.41
371090,0.21150174736976624,0.21773454546928406,0.01,1.41
371190,0.21150174736976624,0.21773454546928406,0.01,1.41
371290,0.21150174736976624,0.21773454546928406,0.01,1.41
371390,0.21150174736976624,0.21773454546928406,0.01,1.41
371490,0.21150174736976624,0.21773454546928406,0.01,1.41
371590,0.21150174736976624,0.21773454546928406,0.01,1.41
371690,0.21150174736976624,0.21773454546928406,0.01,1.41
371790,0.21150174736976624,0.21773454546928406,0.01,1.41
371890,0.21150174736976624,0.21773454546928406,0.01,1.41
371990,0.21150174736976624,0.21773454546928406,0.01,1.41
372090,0.21150174736976624,0.21773454546928406,0.01,1.41
372190,0.21150174736976624,0.21773454546928406,0.01,1.41
372290,0.21150174736976624,0.21773454546928406,0.01,1.41
372390,0.21150174736976624,0.21773454546928406,0.01,1.41
372490,0.21150174736976624,0.21773454546928406,0.01,1.41
372590,0.21150174736976624,0.21773454546928406,0.01,1.41
372690,0.21150174736976624,0.21773454546928406,0.01,1.41
372790,0.21150174736976624,0.21773454546928406,0.01,1.41
372890,0.21150174736976624,0.21773454546928406,0.01,1.41
372990,0.21150174736976624,0.21773454546928406,0.01,1.41
373090,0.21150174736976624,0.21773454546928406,0.01,1.41
373190,0.21150174736976624,0.21773454546928406,0.01,1.41
373290,0.21150174736976624,0.21773454546928406,0.01,1.41
373390,0.21150174736976624,0.21773454546928406,0.01,1.41
373490,0.21150174736976624,0.21773454546928406,0.01,1.41
373590,0.21150174736976624,0.21773454546928406,0.01,1.41
373690,0.21150174736976624,0.21773454546928406,0.01,1.41
373790,0.21150174736976624,0.21773454546928406,0.01,1.41
373890,0.21150174736976624,0.21773454546928406,0.01,1.41
373990,0.21150174736976624,0.21773454546928406,0.01,1.41
374090,0.21150174736976624,0.21773454546928406,0.01,1.41
374190,0.21150174736976624,0.21773454546928406,0.01,1.41
374290,0.21150174736976624,0.21773454546928406,0.01,1.41
374390,0.21150174736976624,0.21773454546928406,0.01,1.41
374490,0.21150174736976624,0.21773454546928406,0.01,1.41
374590,0.21150174736976624,0.21773454546928406,0.01,1.41
374690,0.21150174736976624,0.21773454546928406,0.01,1.41
374790,0.21150174736976624,0.21773454546928406,0.01,1.41
374890,0.21150174736976624,0.21773454546928406,0.01,1.41
374990,0.21150174736976624,0.21773454546928406,0.01,1.41
375090,0.21150174736976624,0.21773454546928406,0.01,1.41
375190,0.21150174736976624,0.21773454546928406,0.01,1.41
375290,0.21150174736976624,0.21773454546928406,0.01,1.41
375390,0.21150174736976624,0.21773454546928406,0.01,1.41
375490,0.21150174736976624,0.21773454546928406,0.01,1.41
375590,0.21150174736976624,0.21773454546928406,0.01,1.41
375690,0.21150174736976624,0.21773454546928406,0.01,1.41
375790,0.21150174736976624,0.21773454546928406,0.01,1.41
375890,0.21150174736976624,0.21773454546928406,0.01,1.41
375990,0.21150174736976624,0.21773454546928406,0.01,1.41
376090,0.21150174736976624,0.21773454546928406,0.01,1.41
376190,0.21150174736976624,0.21773454546928406,0.01,1.41
376290,0.21150174736976624,0.21773454546928406,0.01,1.41
376390,0.21150174736976624,0.21773454546928406,0.01,1.41
376490,0.21150174736976624,0.21773454546928406,0.01,1.41
376590,0.21150174736976624,0.21773454546928406,0.01,1.41
376690,0.21150174736976624,0.21773454546928406,0.01,1.41
376790,0.21150174736976624,0.21773454546928406,0.01,1.41
376890,0.21150174736976624,0.21773454546928406,0.01,1.41
376990,0.21150174736976624,0.21773454546928406,0.01,1.41
377090,0.21150174736976624,0.21773454546928406,0.01,1.41
377190,0.21150174736976624,0.21773454546928406,0.01,1.41
377290,0.21150174736976624,0.21773454546928406,0.01,1.41
377390,0.21150174736976624,0.21773454546928406,0.01,1.41
377490,0.21150174736976624,0.21773454546928406,0.01,1.41
377590,0.21150174736976624,0.21773454546928406,0.01,1.41
377690,0.21150174736976624,0.21773454546928406,0.01,1.41
377790,0.21150174736976624,0.21773454546928406,0.01,1.41
377890,0.21150174736976624,0.21773454546928406,0.01,1.41
377990,0.21150174736976624,0.21773454546928406,0.01,1.41
378090,0.21150174736976624,0.21773454546928406,0.01,1.41
378190,0.21150174736976624,0.21773454546928406,0.01,1.41
378290,0.21150174736976624,0.21773454546928406,0.01,1.41
378390,0.21150174736976624,0.21773454546928406,0.01,1.41
378490,0.21150174736976624,0.21773454546928406,0.01,1.41
378590,0.21150174736976624,0.21773454546928406,0.01,1.41
378690,0.21150174736976624,0.21773454546928406,0.01,1.41
378790,0.21150174736976624,0.21773454546928406,0.01,1.41
378890,0.21150174736976624,0.21773454546928406,0.01,1.41
378990,0.21150174736976624,0.21773454546928406,0.01,1.41
379090,0.21150174736976624,0.21773454546928406,0.01,1.41
379190,0.21150174736976624,0.21773454546928406,0.01,1.41
379290,0.21150174736976624,0.21773454546928406,0.01,1.41
379390,0.21150174736976624,0.21773454546928406,0.01,1.41
379490,0.21150174736976624,0.21773454546928406,0.01,1.41
379590,0.21150174736976624,0.21773454546928406,0.01,1.41
379690,0.21150174736976624,0.21773454546928406,0.01,1.41
379790,0.21150174736976624,0.21773454546928406,0.01,1.41
379890,0.21150174736976624,0.21773454546928406,0.01,1.41
379990,0.21150174736976624,0.21773454546928406,0.01,1.41
380090,0.21150174736976624,0.21773454546928406,0.01,1.41
380190,0.21150174736976624,0.21773454546928406,0.01,1.41
380290,0.21150174736976624,0.21773454546928406,0.01,1.41
380390,0.21150174736976624,0.21773454546928406,0.01,1.41
380490,0.21150174736976624,0.21773454546928406,0.01,1.41
380590,0.21150174736976624,0.21773454546928406,0.01,1.41
380690,0.21150174736976624,0.21773454546928406,0.01,1.41
380790,0.21150174736976624,0.21773454546928406,0.01,1.41
380890,0.21150174736976624,0.21773454546928406,0.01,1.41
380990,0.21150174736976624,0.21773454546928406,0.01,1.41
381090,0.21150174736976624,0.21773454546928406,0.01,1.41
381190,0.21150174736976624,0.21773454546928406,0.01,1.41
381290,0.21150174736976624,0.21773454546928406,0.01,1.41
381390,0.21150174736976624,0.21773454546928406,0.01,1.41
381490,0.21150174736976624,0.21773454546928406,0.01,1.41
381590,0.21150174736976624,0.21773454546928406,0.01,1.41
381690,0.21150174736976624,0.21773454546928406,0.01,1.41
381790,0.21150174736976624,0.21773454546928406,0.01,1.41
381890,0.21150174736976624,0.21773454546928406,0.01,1.41
381990,0.21150174736976624,0.21773454546928406,0.01,1.41
382090,0.21150174736976624,0.21773454546928406,0.01,1.41
382190,0.21150174736976624,0.21773454546928406,0.01,1.41
382290,0.21150174736976624,0.21773454546928406,0.01,1.41
382390,0.21150174736976624,0.21773454546928406,0.01,1.41
410290,0.21150174736976624,0.21773454546928406,0.01,1.38
410390,0.21150174736976624,0.21773454546928406,0.01,1.38
410490,0.21150174736976624,0.21773454546928406,0.01,1.38
410590,0.21150174736976624,0.21773454546928406,0.01,1.38
410690,0.21150174736976624,0.21773454546928406,0.01,1.38
410790,0.21150174736976624,0.21773454546928406,0.01,1.38
410890,0.21150174736976624,0.21773454546928406,0.01,1.38
410990,0.21150174736976624,0.21773454546928406,0.01,1.38
411090,0.21150174736976624,0.21773454546928406,0.01,1.38
411190,0.21150174736976624,0.21773454546928406,0.01,1.38
411290,0.21150174736976624,0.21773454546928406,0.01,1.38
411390,0.21150174736976624,0.21773454546928406,0.01,1.38
411490,0.21150174736976624,0.21773454546928406,0.01,1.38
411590,0.21150174736976624,0.21773454546928406,0.01,1.38
411690,0.21150174736976624,0.21773454546928406,0.01,1.38
411790,0.21150174736976624,0.21773454546928406,0.01,1.38
411890,0.21150174736976624,0.21773454546928406,0.01,1.38
411990,0.21150174736976624,0.21773454546928406,0.01,1.38
412090,0.21150174736976624,0.21773454546928406,0.01,1.38
412190,0.21150174736976624,0.21773454546928406,0.01,1.38
412290,0.21150174736976624,0.21773454546928406,0.01,1.38
412390,0.21150174736976624,0.21773454546928406,0.01,1.38
412490,0.21150174736976624,0.21773454546928406,0.01,1.38
412590,0.21150174736976624,0.21773454546928406,0.01,1.38
412690,0.21150174736976624,0.21773454546928406,0.01,1.38
412790,0.21150174736976624,0.21773454546928406,0.01,1.38
412890,0.21150174736976624,0.21773454546928406,0.01,1.38
412990,0.21150174736976624,0.21773454546928406,0.01,1.38
413090,0.21150174736976624,0.21773454546928406,0.01,1.38
413190,0.21150174736976624,0.21773454546928406,0.01,1.38
413290,0.21150174736976624,0.21773454546928406,0.01,1.38
413390,0.21150174736976624,0.21773454546928406,0.01,1.38
413490,0.21150174736976624,0.21773454546928406,0.01,1.38
413590,0.21150174736976624,0.21773454546928406,0.01,1.38
413690,0.21150174736976624,0.21773454546928406,0.01,1.38
413790,0.21150174736976624,0.21773454546928406,0.01,1.38
413890,0.21150174736976624,0.21773454546928406,0.01,1.38
413990,0.21150174736976624,0.21773454546928406,0.01,1.38
414090,0.21150174736976624,0.21773454546928406,0.01,1.38
414190,0.21150174736976624,0.21773454546928406,0.01,1.38
414290,0.21150174736976624,0.21773454546928406,0.01,1.38
414390,0.21150174736976624,0.21773454546928406,0.01,1.38
414490,0.21150174736976624,0.21773454546928406,0.01,1.38
414590,0.21150174736976624,0.21773454546928406,0.01,1.38
414690,0.21150174736976624,0.21773454546928406,0.01,1.38
414790,0.21150174736976624,0.21773454546928406,0.01,1.38
414890,0.21150174736976624,0.21773454546928406,0.01,1.38
414990,0.21150174736976624,0.21773454546928406,0.01,1.38
415090,0.21150174736976624,0.21773454546928406,0.01,1.38
415190,0.21150174736976624,0.21773454546928406,0.01,1.38
415290,0.21150174736976624,0.21773454546928406,0.01,1.38
415390,0.21150174736976624,0.21773454546928406,0.01,1.38
415490,0.21150174736976624,0.21773454546928406,0.01,1.38
415590,0.21150174736976624,0.21773454546928406,0.01,1.38
415690,0.21150174736976624,0.21773454546928406,0.01,1.38
415790,0.21150174736976624,0.21773454546928406,0.01,1.38
415890,0.21150174736976624,0.21773454546928406,0.01,1.38
415990,0.21150174736976624,0.21773454546928406,0.01,1.38
416090,0.21150174736976624,0.21773454546928406,0.01,1.38
416190,0.21150174736976624,0.21773454546928406,0.01,1.38
416290,0.21150174736976624,0.21773454546928406,0.01,1.38
416390,0.21150174736976624,0.21773454546928406,0.01,1.38
416490,0.21150174736976624,0.21773454546928406,0.01,1.38
416590,0.21150174736976624,0.21773454546928406,0.01,1.38
416690,0.21150174736976624,0.21773454546928406,0.01,1.38
416790,0.21150174736976624,0.21773454546928406,0.01,1.38
416890,0.21150174736976624,0.21773454546928406,0.01,1.38
416990,0.21150174736976624,0.21773454546928406,0.01,1.38
417090,0.21150174736976624,0.21773454546928406,0.01,1.38
417190,0.21150174736976624,0.21773454546928406,0.01,1.38
417290,0.21150174736976624,0.21773454546928406,0.01,1.38
417390,0.21150174736976624,0.21773454546928406,0.01,1.38
417490,0.21150174736976624,0.21773454546928406,0.01,1.38
417590,0.21150174736976624,0.21773454546928406,0.01,1.38
417690,0.21150174736976624,0.21773454546928406,0.01,1.38
417790,0.21150174736976624,0.21773454546928406,0.01,1.38
417890,0.21150174736976624,0.21773454546928406,0.01,1.38
417990,0.21150174736976624,0.21773454546928406,0.01,1.38
418090,0.21150174736976624,0.21773454546928406,0.01,1.38
418190,0.21150174736976624,0.21773454546928406,0.01,1.38
418290,0.21150174736976624,0.21773454546928406,0.01,1.38
418390,0.21150174736976624,0.21773454546928406,0.01,1.38
418490,0.21150174736976624,0.21773454546928406,0.01,1.38
418590,0.21150174736976624,0.21773454546928406,0.01,1.38
418690,0.21150174736976624,0.21773454546928406,0.01,1.38
418790,0.21150174736976624,0.21773454546928406,0.01,1.38
418890,0.21150174736976624,0.21773454546928406,0.01,1.38
418990,0.21150174736976624,0.21773454546928406,0.01,1.38
419090,0.21150174736976624,0.21773454546928406,0.01,1.38
419190,0.21150174736976624,0.21773454546928406,0.01,1.38
419290,0.21150174736976624,0.21773454546928406,0.01,1.38
419390,0.21150174736976624,0.21773454546928406,0.01,1.38
419490,0.21150174736976624,0.21773454546928406,0.01,1.38
419590,0.21150174736976624,0.21773454546928406,0.01,1.38
419690,0.21150174736976624,0.21773454546928406,0.01,1.38
419790,0.21150174736976624,0.21773454546928406,0.01,1.38
419890,0.21150174736976624,0.21773454546928406,0.01,1.38
419990,0.21150174736976624,0.21773454546928406,0.01,1.38
420090,0.21150174736976624,0.21773454546928406,0.01,1.38
420190,0.21150174736976624,0.21773454546928406,0.01,1.38
420290,0.21150174736976624,0.21773454546928406,0.01,1.38
420390,0.21150174736976624,0.21773454546928406,0.01,1.38
420490,0.21150174736976624,0.21773454546928406,0.01,1.38
420590,0.21150174736976624,0.21773454546928406,0.01,1.38
420690,0.21150174736976624,0.21773454546928406,0.01,1.38
420790,0.21150174736976624,0.21773454546928406,0.01,1.38
420890,0.21150174736976624,0.21773454546928406,0.01,1.38
420990,0.21150174736976624,0.21773454546928406,0.01,1.38
421090,0.21150174736976624,0.21773454546928406,0.01,1.38
421190,0.21150174736976624,0.21773454546928406,0.01,1.38
421290,0.21150174736976624,0.21773454546928406,0.01,1.38
421390,0.21150174736976624,0.21773454546928406,0.01,1.38
421490,0.21150174736976624,0.21773454546928406,0.01,1.38
421590,0.21150174736976624,0.21773454546928406,0.01,1.38
421690,0.21150174736976624,0.21773454546928406,0.01,1.38
421790,0.21150174736976624,0.21773454546928406,0.01,1.38
421890,0.21150174736976624,0.21773454546928406,0.01,1.38
421990,0.21150174736976624,0.21773454546928406,0.01,1.38
422090,0.21150174736976624,0.21773454546928406,0.01,1.38
422190,0.21150174736976624,0.21773454546928406,0.01,1.38
422290,0.21150174736976624,0.21773454546928406,0.01,1.38
422390,0.21150174736976624,0.21773454546928406,0.01,1.38
422490,0.21150174736976624,0.21773454546928406,0.01,1.38
422590,0.21150174736976624,0.21773454546928406,0.01,1.38
422690,0.21150174736976624,0.21773454546928406,0.01,1.38
422790,0.21150174736976624,0.21773454546928406,0.01,1.38
422890,0.21150174736976624,0.21773454546928406,0.01,1.38
422990,0.21150174736976624,0.21773454546928406,0.01,1.38
423090,0.21150174736976624,0.21773454546928406,0.01,1.38
423190,0.21150174736976624,0.21773454546928406,0.01,1.38
423290,0.21150174736976624,0.21773454546928406,0.01,1.38
423390,0.21150174736976624,0.21773454546928406,0.01,1.38
423490,0.21150174736976624,0.21773454546928406,0.01,1.38
423590,0.21150174736976624,0.21773454546928406,0.01,1.38
423690,0.21150174736976624,0.21773454546928406,0.01,1.38
423790,0.21150174736976624,0.21773454546928406,0.01,1.38
423890,0.21150174736976624,0.21773454546928406,0.01,1.38
423990,0.21150174736976624,0.21773454546928406,0.01,1.38
424090,0.21150174736976624,0.21773454546928406,0.01,1.38
424190,0.21150174736976624,0.21773454546928406,0.01,1.38
424290,0.21150174736976624,0.21773454546928406,0.01,1.38
424390,0.21150174736976624,0.21773454546928406,0.01,1.38
424490,0.21150174736976624,0.21773454546928406,0.01,1.38
424590,0.21150174736976624,0.21773454546928406,0.01,1.38
424690,0.21150174736976624,0.21773454546928406,0.01,1.38
424790,0.21150174736976624,0.21773454546928406,0.01,1.38
424890,0.21150174736976624,0.21773454546928406,0.01,1.38
424990,0.21150174736976624,0.21773454546928406,0.01,1.38
425090,0.21150174736976624,0.21773454546928406,0.01,1.38
425190,0.21150174736976624,0.21773454546928406,0.01,1.38
425290,0.21150174736976624,0.21773454546928406,0.01,1.38
425390,0.21150174736976624,0.21773454546928406,0.01,1.38
425490,0.21150174736976624,0.21773454546928406,0.01,1.38
425590,0.21150174736976624,0.21773454546928406,0.01,1.38
425690,0.21150174736976624,0.21773454546928406,0.01,1.38
425790,0.21150174736976624,0.21773454546928406,0.01,1.38
425890,0.21150174736976624,0.21773454546928406,0.01,1.38
425990,0.21150174736976624,0.21773454546928406,0.01,1.38
426090,0.21150174736976624,0.21773454546928406,0.01,1.38
426190,0.21150174736976624,0.21773454546928406,0.01,1.38
426290,0.21150174736976624,0.21773454546928406,0.01,1.38
426390,0.21150174736976624,0.21773454546928406,0.01,1.38
426490,0.21150174736976624,0.21773454546928406,0.01,1.38
426590,0.21150174736976624,0.21773454546928406,0.01,1.38
426690,0.21150174736976624,0.21773454546928406,0.01,1.38
426790,0.21150174736976624,0.21773454546928406,0.01,1.38
426890,0.21150174736976624,0.21773454546928406,0.01,1.38
426990,0.21150174736976624,0.21773454546928406,0.01,1.38
427090,0.21150174736976624,0.21773454546928406,0.01,1.38
427190,0.21150174736976624,0.21773454546928406,0.01,1.38
427290,0.21150174736976624,0.21773454546928406,0.01,1.38
427390,0.21150174736976624,0.21773454546928406,0.01,1.38
427490,0.21150174736976624,0.21773454546928406,0.01,1.38
427590,0.21150174736976624,0.21773454546928406,0.01,1.38
427690,0.21150174736976624,0.21773454546928406,0.01,1.38
427790,0.21150174736976624,0.21773454546928406,0.01,1.38
427890,0.21150174736976624,0.21773454546928406,0.01,1.38
427990,0.21150174736976624,0.21773454546928406,0.01,1.38
428090,0.21150174736976624,0.21773454546928406,0.01,1.38
428190,0.21150174736976624,0.21773454546928406,0.01,1.38
428290,0.21150174736976624,0.21773454546928406,0.01,1.38
428390,0.21150174736976624,0.21773454546928406,0.01,1.38
428490,0.21150174736976624,0.21773454546928406,0.01,1.38
428590,0.21150174736976624,0.21773454546928406,0.01,1.38
428690,0.21150174736976624,0.21773454546928406,0.01,1.38
428790,0.21150174736976624,0.21773454546928406,0.01,1.38
428890,0.21150174736976624,0.21773454546928406,0.01,1.38
428990,0.21150174736976624,0.21773454546928406,0.01,1.38
429090,0.21150174736976624,0.21773454546928406,0.01,1.38
429190,0.21150174736976624,0.21773454546928406,0.01,1.38
429290,0.21150174736976624,0.21773454546928406,0.01,1.38
429390,0.21150174736976624,0.21773454546928406,0.01,1.38
429490,0.21150174736976624,0.21773454546928406,0.01,1.38
429590,0.21150174736976624,0.21773454546928406,0.01,1.38
429690,0.21150174736976624,0.21773454546928406,0.01,1.38
429790,0.21150174736976624,0.21773454546928406,0.01,1.38
429890,0.21150174736976624,0.21773454546928406,0.01,1.38
429990,0.21150174736976624,0.21773454546928406,0.01,1.38
430090,0.21150174736976624,0.21773454546928406,0.01,1.38
430190,0.21150174736976624,0.21773454546928406,0.01,1.38
430290,0.21150174736976624,0.21773454546928406,0.01,1.38
430390,0.21150174736976624,0.21773454546928406,0.01,1.38
430490,0.21150174736976624,0.21773454546928406,0.01,1.38
430590,0.21150174736976624,0.21773454546928406,0.01,1.38
430690,0.21150174736976624,0.21773454546928406,0.01,1.38
430790,0.21150174736976624,0.21773454546928406,0.01,1.38
430890,0.21150174736976624,0.21773454546928406,0.01,1.38
430990,0.21150174736976624,0.21773454546928406,0.01,1.38
431090,0.21150174736976624,0.21773454546928406,0.01,1.38
431190,0.21150174736976624,0.21773454546928406,0.01,1.38
431290,0.21150174736976624,0.21773454546928406,0.01,1.38
431390,0.21150174736976624,0.21773454546928406,0.01,1.38
431490,0.21150174736976624,0.21773454546928406,0.01,1.38
431590,0.21150174736976624,0.21773454546928406,0.01,1.38
431690,0.21150174736976624,0.21773454546928406,0.01,1.38
431790,0.21150174736976624,0.21773454546928406,0.01,1.38
431890,0.21150174736976624,0.21773454546928406,0.01,1.38
431990,0.21150174736976624,0.21773454546928406,0.01,1.38
432090,0.21150174736976624,0.21773454546928406,0.01,1.38
432190,0.21150174736976624,0.21773454546928406,0.01,1.38
432290,0.21150174736976624,0.21773454546928406,0.01,1.38
432390,0.21150174736976624,0.21773454546928406,0.01,1.38
432490,0.21150174736976624,0.21773454546928406,0.01,1.38
432590,0.21150174736976624,0.21773454546928406,0.01,1.38
432690,0.21150174736976624,0.21773454546928406,0.01,1.38
432790,0.21150174736976624,0.21773454546928406,0.01,1.38
432890,0.21150174736976624,0.21773454546928406,0.01,1.38
432990,0.21150174736976624,0.21773454546928406,0.01,1.38
433090,0.21150174736976624,0.21773454546928406,0.01,1.38
433190,0.21150174736976624,0.21773454546928406,0.01,1.38
433290,0.21150174736976624,0.21773454546928406,0.01,1.38
433390,0.21150174736976624,0.21773454546928406,0.01,1.38
433490,0.21150174736976624,0.21773454546928406,0.01,1.38
433590,0.21150174736976624,0.21773454546928406,0.01,1.38
433690,0.21150174736976624,0.21773454546928406,0.01,1.38
433790,0.21150174736976624,0.21773454546928406,0.01,1.38
433890,0.21150174736976624,0.21773454546928406,0.01,1.38
433990,0.21150174736976624,0.21773454546928406,0.01,1.38
434090,0.21150174736976624,0.21773454546928406,0.01,1.38
434190,0.21150174736976624,0.21773454546928406,0.01,1.38
434290,0.21150174736976624,0.21773454546928406,0.01,1.38
434390,0.21150174736976624,0.21773454546928406,0.01,1.38
434490,0.21150174736976624,0.21773454546928406,0.01,1.38
434590,0.21150174736976624,0.21773454546928406,0.01,1.38
434690,0.21150174736976624,0.21773454546928406,0.01,1.38
434790,0.21150174736976624,0.21773454546928406,0.01,1.38
434890,0.21150174736976624,0.21773454546928406,0.01,1.38
434990,0.21150174736976624,0.21773454546928406,0.01,1.38
435090,0.21150174736976624,0.21773454546928406,0.01,1.38
435190,0.21150174736976624,0.21773454546928406,0.01,1.38
435290,0.21150174736976624,0.21773454546928406,0.01,1.38
435390,0.21150174736976624,0.21773454546928406,0.01,1.38
435490,0.21150174736976624,0.21773454546928406,0.01,1.38
435590,0.21150174736976624,0.21773454546928406,0.01,1.38
435690,0.21150174736976624,0.21773454546928406,0.01,1.38
435790,0.21150174736976624,0.21773454546928406,0.01,1.38
435890,0.21150174736976624,0.21773454546928406,0.01,1.38
435990,0.21150174736976624,0.21773454546928406,0.01,1.38
436090,0.21150174736976624,0.21773454546928406,0.01,1.38
436190,0.21150174736976624,0.21773454546928406,0.01,1.38
436290,0.21150174736976624,0.21773454546928406,0.01,1.38
436390,0.21150174736976624,0.21773454546928406,0.01,1.38
436490,0.21150174736976624,0.21773454546928406,0.01,1.38
436590,0.21150174736976624,0.21773454546928406,0.01,1.38
436690,0.21150174736976624,0.21773454546928406,0.01,1.38
436790,0.21150174736976624,0.21773454546928406,0.01,1.38
436890,0.21150174736976624,0.21773454546928406,0.01,1.38
436990,0.21150174736976624,0.21773454546928406,0.01,1.38
437090,0.21150174736976624,0.21773454546928406,0.01,1.38
437190,0.21150174736976624,0.21773454546928406,0.01,1.38
437290,0.21150174736976624,0.21773454546928406,0.01,1.38
437390,0.21150174736976624,0.21773454546928406,0.01,1.38
437490,0.21150174736976624,0.21773454546928406,0.01,1.38
437590,0.21150174736976624,0.21773454546928406,0.01,1.38
437690,0.21150174736976624,0.21773454546928406,0.01,1.38
437790,0.21150174736976624,0.21773454546928406,0.01,1.38
437890,0.21150174736976624,0.21773454546928406,0.01,1.38
437990,0.21150174736976624,0.21773454546928406,0.01,1.38
465890,0.21150174736976624,0.21773454546928406,0.01,1.35
465990,0.21150174736976624,0.21773454546928406,0.01,1.35
466090,0.21150174736976624,0.21773454546928406,0.01,1.35
466190,0.21150174736976624,0.21773454546928406,0.01,1.35
466290,0.21150174736976624,0.21773454546928406,0.01,1.35
466390,0.21150174736976624,0.21773454546928406,0.01,1.35
466490,0.21150174736976624,0.21773454546928406,0.01,1.35
466590,0.21150174736976624,0.21773454546928406,0.01,1.35
466690,0.21150174736976624,0.21773454546928406,0.01,1.35
466790,0.21150174736976624,0.21773454546928406,0.01,1.35
466890,0.21150174736976624,0.21773454546928406,0.01,1.35
466990,0.21150174736976624,0.21773454546928406,0.01,1.35
467090,0.21150174736976624,0.21773454546928406,0.01,1.35
467190,0.21150174736976624,0.21773454546928406,0.01,1.35
467290,0.21150174736976624,0.21773454546928406,0.01,1.35
467390,0.21150174736976624,0.21773454546928406,0.01,1.35
467490,0.21150174736976624,0.21773454546928406,0.01,1.35
467590,0.21150174736976624,0.21773454546928406,0.01,1.35
467690,0.21150174736976624,0.21773454546928406,0.01,1.35
467790,0.21150174736976624,0.21773454546928406,0.01,1.35
467890,0.21150174736976624,0.21773454546928406,0.01,1.35
467990,0.21150174736976624,0.21773454546928406,0.01,1.35
468090,0.21150174736976624,0.21773454546928406,0.01,1.35
468190,0.21150174736976624,0.21773454546928406,0.01,1.35
468290,0.21150174736976624,0.21773454546928406,0.01,1.35
468390,0.21150174736976624,0.21773454546928406,0.01,1.35
468490,0.21150174736976624,0.21773454546928406,0.01,1.35
468590,0.21150174736976624,0.21773454546928406,0.01,1.35
468690,0.21150174736976624,0.21773454546928406,0.01,1.35
468790,0.21150174736976624,0.21773454546928406,0.01,1.35
468890,0.21150174736976624,0.21773454546928406,0.01,1.35
468990,0.21150174736976624,0.21773454546928406,0.01,1.35
469090,0.21150174736976624,0.21773454546928406,0.01,1.35
469190,0.21150174736976624,0.21773454546928406,0.01,1.35
469290,0.21150174736976624,0.21773454546928406,0.01,1.35
469390,0.21150174736976624,0.21773454546928406,0.01,1.35
469490,0.21150174736976624,0.21773454546928406,0.01,1.35
469590,0.21150174736976624,0.21773454546928406,0.01,1.35
469690,0.21150174736976624,0.21773454546928406,0.01,1.35
469790,0.21150174736976624,0.21773454546928406,0.01,1.35
469890,0.21150174736976624,0.21773454546928406,0.01,1.35
469990,0.21150174736976624,0.21773454546928406,0.01,1.35
470090,0.21150174736976624,0.21773454546928406,0.01,1.35
470190,0.21150174736976624,0.21773454546928406,0.01,1.35
470290,0.21150174736976624,0.21773454546928406,0.01,1.35
470390,0.21150174736976624,0.21773454546928406,0.01,1.35
470490,0.21150174736976624,0.21773454546928406,0.01,1.35
470590,0.21150174736976624,0.21773454546928406,0.01,1.35
470690,0.21150174736976624,0.21773454546928406,0.01,1.35
470790,0.21150174736976624,0.21773454546928406,0.01,1.35
470890,0.21150174736976624,0.21773454546928406,0.01,1.35
470990,0.21150174736976624,0.21773454546928406,0.01,1.35
471090,0.21150174736976624,0.21773454546928406,0.01,1.35
471190,0.21150174736976624,0.21773454546928406,0.01,1.35
471290,0.21150174736976624,0.21773454546928406,0.01,1.35
471390,0.21150174736976624,0.21773454546928406,0.01,1.35
471490,0.21150174736976624,0.21773454546928406,0.01,1.35
471590,0.21150174736976624,0.21773454546928406,0.01,1.35
471690,0.21150174736976624,0.21773454546928406,0.01,1.35
471790,0.21150174736976624,0.21773454546928406,0.01,1.35
471890,0.21150174736976624,0.21773454546928406,0.01,1.35
471990,0.21150174736976624,0.21773454546928406,0.01,1.35
472090,0.21150174736976624,0.21773454546928406,0.01,1.35
472190,0.21150174736976624,0.21773454546928406,0.01,1.35
472290,0.21150174736976624,0.21773454546928406,0.01,1.35
472390,0.21150174736976624,0.21773454546928406,0.01,1.35
472490,0.21150174736976624,0.21773454546928406,0.01,1.35
472590,0.21150174736976624,0.21773454546928406,0.01,1.35
472690,0.21150174736976624,0.21773454546928406,0.01,1.35
472790,0.21150174736976624,0.21773454546928406,0.01,1.35
472890,0.21150174736976624,0.21773454546928406,0.01,1.35
472990,0.21150174736976624,0.21773454546928406,0.01,1.35
473090,0.21150174736976624,0.21773454546928406,0.01,1.35
473190,0.21150174736976624,0.21773454546928406,0.01,1.35
473290,0.21150174736976624,0.21773454546928406,0.01,1.35
473390,0.21150174736976624,0.21773454546928406,0.01,1.35
473490,0.21150174736976624,0.21773454546928406,0.01,1.35
473590,0.21150174736976624,0.21773454546928406,0.01,1.35
473690,0.21150174736976624,0.21773454546928406,0.01,1.35
473790,0.21150174736976624,0.21773454546928406,0.01,1.35
473890,0.21150174736976624,0.21773454546928406,0.01,1.35
473990,0.21150174736976624,0.21773454546928406,0.01,1.35
474090,0.21150174736976624,0.21773454546928406,0.01,1.35
474190,0.21150174736976624,0.21773454546928406,0.01,1.35
474290,0.21150174736976624,0.21773454546928406,0.01,1.35
474390,0.21150174736976624,0.21773454546928406,0.01,1.35
474490,0.21150174736976624,0.21773454546928406,0.01,1.35
474590,0.21150174736976624,0.21773454546928406,0.01,1.35
474690,0.21150174736976624,0.21773454546928406,0.01,1.35
474790,0.21150174736976624,0.21773454546928406,0.01,1.35
474890,0.21150174736976624,0.21773454546928406,0.01,1.35
474990,0.21150174736976624,0.21773454546928406,0.01,1.35
475090,0.21150174736976624,0.21773454546928406,0.01,1.35
475190,0.21150174736976624,0.21773454546928406,0.01,1.35
475290,0.21150174736976624,0.21773454546928406,0.01,1.35
475390,0.21150174736976624,0.21773454546928406,0.01,1.35
475490,0.21150174736976624,0.21773454546928406,0.01,1.35
475590,0.21150174736976624,0.21773454546928406,0.01,1.35
475690,0.21150174736976624,0.21773454546928406,0.01,1.35
475790,0.21150174736976624,0.21773454546928406,0.01,1.35
475890,0.21150174736976624,0.21773454546928406,0.01,1.35
475990,0.21150174736976624,0.21773454546928406,0.01,1.35
476090,0.21150174736976624,0.21773454546928406,0.01,1.35
476190,0.21150174736976624,0.21773454546928406,0.01,1.35
476290,0.21150174736976624,0.21773454546928406,0.01,1.35
476390,0.21150174736976624,0.21773454546928406,0.01,1.35
476490,0.21150174736976624,0.21773454546928406,0.01,1.35
476590,0.21150174736976624,0.21773454546928406,0.01,1.35
476690,0.21150174736976624,0.21773454546928406,0.01,1.35
476790,0.21150174736976624,0.21773454546928406,0.01,1.35
476890,0.21150174736976624,0.21773454546928406,0.01,1.35
476990,0.21150174736976624,0.21773454546928406,0.01,1.35
477090,0.21150174736976624,0.21773454546928406,0.01,1.35
477190,0.21150174736976624,0.21773454546928406,0.01,1.35
477290,0.21150174736976624,0.21773454546928406,0.01,1.35
477390,0.21150174736976624,0.21773454546928406,0.01,1.35
477490,0.21150174736976624,0.21773454546928406,0.01,1.35
477590,0.21150174736976624,0.21773454546928406,0.01,1.35
477690,0.21150174736976624,0.21773454546928406,0.01,1.35
477790,0.21150174736976624,0.21773454546928406,0.01,1.35
477890,0.21150174736976624,0.21773454546928406,0.01,1.35
477990,0.21150174736976624,0.21773454546928406,0.01,1.35
478090,0.21150174736976624,0.21773454546928406,0.01,1.35
478190,0.21150174736976624,0.21773454546928406,0.01,1.35
478290,0.21150174736976624,0.21773454546928406,0.01,1.35
478390,0.21150174736976624,0.21773454546928406,0.01,1.35
478490,0.21150174736976624,0.21773454546928406,0.01,1.35
478590,0.21150174736976624,0.21773454546928406,0.01,1.35
478690,0.21150174736976624,0.21773454546928406,0.01,1.35
478790,0.21150174736976624,0.21773454546928406,0.01,1.35
478890,0.21150174736976624,0.21773454546928406,0.01,1.35
478990,0.21150174736976624,0.21773454546928406,0.01,1.35
479090,0.21150174736976624,0.21773454546928406,0.01,1.35
479190,0.21150174736976624,0.21773454546928406,0.01,1.35
479290,0.21150174736976624,0.21773454546928406,0.01,1.35
479390,0.21150174736976624,0.21773454546928406,0.01,1.35
479490,0.21150174736976624,0.21773454546928406,0.01,1.35
479590,0.21150174736976624,0.21773454546928406,0.01,1.35
479690,0.21150174736976624,0.21773454546928406,0.01,1.35
479790,0.21150174736976624,0.21773454546928406,0.01,1.35
479890,0.21150174736976624,0.21773454546928406,0.01,1.35
479990,0.21150174736976624,0.21773454546928406,0.01,1.35
480090,0.21150174736976624,0.21773454546928406,0.01,1.35
480190,0.21150174736976624,0.21773454546928406,0.01,1.35
480290,0.21150174736976624,0.21773454546928406,0.01,1.35
480390,0.21150174736976624,0.21773454546928406,0.01,1.35
480490,0.21150174736976624,0.21773454546928406,0.01,1.35
480590,0.21150174736976624,0.21773454546928406,0.01,1.35
480690,0.21150174736976624,0.21773454546928406,0.01,1.35
480790,0.21150174736976624,0.21773454546928406,0.01,1.35
480890,0.21150174736976624,0.21773454546928406,0.01,1.35
480990,0.21150174736976624,0.21773454546928406,0.01,1.35
481090,0.21150174736976624,0.21773454546928406,0.01,1.35
481190,0.21150174736976624,0.21773454546928406,0.01,1.35
481290,0.21150174736976624,0.21773454546928406,0.01,1.35
481390,0.21150174736976624,0.21773454546928406,0.01,1.35
481490,0.21150174736976624,0.21773454546928406,0.01,1.35
481590,0.21150174736976624,0.21773454546928406,0.01,1.35
481690,0.21150174736976624,0.21773454546928406,0.01,1.35
481790,0.21150174736976624,0.21773454546928406,0.01,1.35
481890,0.21150174736976624,0.21773454546928406,0.01,1.35
481990,0.21150174736976624,0.21773454546928406,0.01,1.35
482090,0.21150174736976624,0.21773454546928406,0.01,1.35
482190,0.21150174736976624,0.21773454546928406,0.01,1.35
482290,0.21150174736976624,0.21773454546928406,0.01,1.35
482390,0.21150174736976624,0.21773454546928406,0.01,1.35
482490,0.21150174736976624,0.21773454546928406,0.01,1.35
482590,0.21150174736976624,0.21773454546928406,0.01,1.35
482690,0.21150174736976624,0.21773454546928406,0.01,1.35
482790,0.21150174736976624,0.21773454546928406,0.01,1.35
482890,0.21150174736976624,0.21773454546928406,0.01,1.35
482990,0.21150174736976624,0.21773454546928406,0.01,1.35
483090,0.21150174736976624,0.21773454546928406,0.01,1.35
483190,0.21150174736976624,0.21773454546928406,0.01,1.35
483290,0.21150174736976624,0.21773454546928406,0.01,1.35
483390,0.21150174736976624,0.21773454546928406,0.01,1.35
483490,0.21150174736976624,0.21773454546928406,0.01,1.35
483590,0.21150174736976624,0.21773454546928406,0.01,1.35
483690,0.21150174736976624,0.21773454546928406,0.01,1.35
483790,0.21150174736976624,0.21773454546928406,0.01,1.35
483890,0.21150174736976624,0.21773454546928406,0.01,1.35
483990,0.21150174736976624,0.21773454546928406,0.01,1.35
484090,0.21150174736976624,0.21773454546928406,0.01,1.35
484190,0.21150174736976624,0.21773454546928406,0.01,1.35
484290,0.21150174736976624,0.21773454546928406,0.01,1.35
484390,0.21150174736976624,0.21773454546928406,0.01,1.35
484490,0.21150174736976624,0.21773454546928406,0.01,1.35
484590,0.21150174736976624,0.21773454546928406,0.01,1.35
484690,0.21150174736976624,0.21773454546928406,0.01,1.35
484790,0.21150174736976624,0.21773454546928406,0.01,1.35
484890,0.21150174736976624,0.21773454546928406,0.01,1.35
484990,0.21150174736976624,0.21773454546928406,0.01,1.35
485090,0.21150174736976624,0.21773454546928406,0.01,1.35
485190,0.21150174736976624,0.21773454546928406,0.01,1.35
485290,0.21150174736976624,0.21773454546928406,0.01,1.35
485390,0.21150174736976624,0.21773454546928406,0.01,1.35
485490,0.21150174736976624,0.21773454546928406,0.01,1.35
485590,0.21150174736976624,0.21773454546928406,0.01,1.35
485690,0.21150174736976624,0.21773454546928406,0.01,1.35
485790,0.21150174736976624,0.21773454546928406,0.01,1.35
485890,0.21150174736976624,0.21773454546928406,0.01,1.35
485990,0.21150174736976624,0.21773454546928406,0.01,1.35
486090,0.21150174736976624,0.21773454546928406,0.01,1.35
486190,0.21150174736976624,0.21773454546928406,0.01,1.35
486290,0.21150174736976624,0.21773454546928406,0.01,1.35
486390,0.21150174736976624,0.21773454546928406,0.01,1.35
486490,0.21150174736976624,0.21773454546928406,0.01,1.35
486590,0.21150174736976624,0.21773454546928406,0.01,1.35
486690,0.21150174736976624,0.21773454546928406,0.01,1.35
486790,0.21150174736976624,0.21773454546928406,0.01,1.35
486890,0.21150174736976624,0.21773454546928406,0.01,1.35
486990,0.21150174736976624,0.21773454546928406,0.01,1.35
487090,0.21150174736976624,0.21773454546928406,0.01,1.35
487190,0.21150174736976624,0.21773454546928406,0.01,1.35
487290,0.21150174736976624,0.21773454546928406,0.01,1.35
487390,0.21150174736976624,0.21773454546928406,0.01,1.35
487490,0.21150174736976624,0.21773454546928406,0.01,1.35
487590,0.21150174736976624,0.21773454546928406,0.01,1.35
487690,0.21150174736976624,0.21773454546928406,0.01,1.35
487790,0.21150174736976624,0.21773454546928406,0.01,1.35
487890,0.21150174736976624,0.21773454546928406,0.01,1.35
487990,0.21150174736976624,0.21773454546928406,0.01,1.35
488090,0.21150174736976624,0.21773454546928406,0.01,1.35
488190,0.21150174736976624,0.21773454546928406,0.01,1.35
488290,0.21150174736976624,0.21773454546928406,0.01,1.35
488390,0.21150174736976624,0.21773454546928406,0.01,1.35
488490,0.21150174736976624,0.21773454546928406,0.01,1.35
488590,0.21150174736976624,0.21773454546928406,0.01,1.35
488690,0.21150174736976624,0.21773454546928406,0.01,1.35
488790,0.21150174736976624,0.21773454546928406,0.01,1.35
488890,0.21150174736976624,0.21773454546928406,0.01,1.35
488990,0.21150174736976624,0.21773454546928406,0.01,1.35
489090,0.21150174736976624,0.21773454546928406,0.01,1.35
489190,0.21150174736976624,0.21773454546928406,0.01,1.35
489290,0.21150174736976624,0.21773454546928406,0.01,1.35
489390,0.21150174736976624,0.21773454546928406,0.01,1.35
489490,0.21150174736976624,0.21773454546928406,0.01,1.35
489590,0.21150174736976624,0.21773454546928406,0.01,1.35
489690,0.21150174736976624,0.21773454546928406,0.01,1.35
489790,0.21150174736976624,0.21773454546928406,0.01,1.35
489890,0.21150174736976624,0.21773454546928406,0.01,1.35
489990,0.21150174736976624,0.21773454546928406,0.01,1.35
490090,0.21150174736976624,0.21773454546928406,0.01,1.35
490190,0.21150174736976624,0.21773454546928406,0.01,1.35
490290,0.21150174736976624,0.21773454546928406,0.01,1.35
490390,0.21150174736976624,0.21773454546928406,0.01,1.35
490490,0.21150174736976624,0.21773454546928406,0.01,1.35
490590,0.21150174736976624,0.21773454546928406,0.01,1.35
490690,0.21150174736976624,0.21773454546928406,0.01,1.35
490790,0.21150174736976624,0.21773454546928406,0.01,1.35
490890,0.21150174736976624,0.21773454546928406,0.01,1.35
490990,0.21150174736976624,0.21773454546928406,0.01,1.35
491090,0.21150174736976624,0.21773454546928406,0.01,1.35
491190,0.21150174736976624,0.21773454546928406,0.01,1.35
491290,0.21150174736976624,0.21773454546928406,0.01,1.35
491390,0.21150174736976624,0.21773454546928406,0.01,1.35
491490,0.21150174736976624,0.21773454546928406,0.01,1.35
491590,0.21150174736976624,0.21773454546928406,0.01,1.35
491690,0.21150174736976624,0.21773454546928406,0.01,1.35
491790,0.21150174736976624,0.21773454546928406,0.01,1.35
491890,0.21150174736976624,0.21773454546928406,0.01,1.35
491990,0.21150174736976624,0.21773454546928406,0.01,1.35
492090,0.21150174736976624,0.21773454546928406,0.01,1.35
492190,0.21150174736976624,0.21773454546928406,0.01,1.35
492290,0.21150174736976624,0.21773454546928406,0.01,1.35
492390,0.21150174736976624,0.21773454546928406,0.01,1.35
492490,0.21150174736976624,0.21773454546928406,0.01,1.35
492590,0.21150174736976624,0.21773454546928406,0.01,1.35
492690,0.21150174736976624,0.21773454546928406,0.01,1.35
492790,0.21150174736976624,0.21773454546928406,0.01,1.35
492890,0.21150174736976624,0.21773454546928406,0.01,1.35
492990,0.21150174736976624,0.21773454546928406,0.01,1.35
493090,0.21150174736976624,0.21773454546928406,0.01,1.35
493190,0.21150174736976624,0.21773454546928406,0.01,1.35
493290,0.21150174736976624,0.21773454546928406,0.01,1.35
493390,0.21150174736976624,0.21773454546928406,0.01,1.35
493490,0.21150174736976624,0.21773454546928406,0.01,1.35
493590,0.21150174736976624,0.21773454546928406,0.01,1.35
