evaluation,fitness,test_accuracy,uniqueness,time
0,-0.6605606079101562,-0.11795082688331604,1.0,1.51
100,-0.6605606079101562,-0.11795082688331604,1.0,1.51
200,-0.6605606079101562,-0.11795082688331604,1.0,1.51
300,-0.6605606079101562,-0.11795082688331604,1.0,1.51
400,-0.6605606079101562,-0.11795082688331604,1.0,1.51
500,-0.6605606079101562,-0.11795082688331604,1.0,1.51
600,-0.6605606079101562,-0.11795082688331604,1.0,1.51
700,-0.6605606079101562,-0.11795082688331604,1.0,1.51
800,-0.6605606079101562,-0.11795082688331604,1.0,1.51
900,-0.6605606079101562,-0.11795082688331604,1.0,1.51
1000,-0.6605606079101562,-0.11795082688331604,1.0,1.51
1100,-0.6605606079101562,-0.11795082688331604,1.0,1.51
1200,-0.6605606079101562,-0.11795082688331604,1.0,1.51
1300,-0.6605606079101562,-0.11795082688331604,1.0,1.51
1400,-0.6605606079101562,-0.11795082688331604,1.0,1.51
1500,-0.6605606079101562,-0.11795082688331604,1.0,1.51
1600,-0.6605606079101562,-0.11795082688331604,1.0,1.51
1700,-0.6605606079101562,-0.11795082688331604,1.0,1.51
1800,-0.6605606079101562,-0.11795082688331604,1.0,1.51
1900,-0.6605606079101562,-0.11795082688331604,1.0,1.51
2000,-0.6605606079101562,-0.11795082688331604,1.0,1.51
2100,-0.6605606079101562,-0.11795082688331604,1.0,1.51
2200,-0.6605606079101562,-0.11795082688331604,1.0,1.51
2300,-0.6605606079101562,-0.11795082688331604,1.0,1.51
2400,-0.6605606079101562,-0.11795082688331604,1.0,1.51
2500,-0.6605606079101562,-0.11795082688331604,1.0,1.51
2600,-0.6605606079101562,-0.11795082688331604,1.0,1.51
2700,-0.5887227654457092,-0.4899795651435852,1.0,1.51
2800,-0.5887227654457092,-0.4899795651435852,1.0,1.51
2900,-0.5887227654457092,-0.4899795651435852,1.0,1.51
3000,-0.5887227654457092,-0.4899795651435852,1.0,1.51
3100,-0.5887227654457092,-0.4899795651435852,1.0,1.51
3200,-0.5887227654457092,-0.4899795651435852,1.0,1.51
3300,-0.5887227654457092,-0.4899795651435852,1.0,1.51
3400,-0.5887227654457092,-0.4899795651435852,1.0,1.51
3500,-0.36184048652648926,-0.40187227725982666,1.0,1.51
3600,-0.36184048652648926,-0.40187227725982666,1.0,1.51
3700,-0.36184048652648926,-0.40187227725982666,1.0,1.51
3800,-0.36184048652648926,-0.40187227725982666,1.0,1.51
3900,-0.36184048652648926,-0.40187227725982666,1.0,1.51
4000,-0.36184048652648926,-0.40187227725982666,1.0,1.51
4100,-0.36184048652648926,-0.40187227725982666,1.0,1.51
4200,-0.36184048652648926,-0.40187227725982666,1.0,1.51
4300,-0.36184048652648926,-0.40187227725982666,1.0,1.51
4400,-0.36184048652648926,-0.40187227725982666,1.0,1.51
4500,-0.36184048652648926,-0.40187227725982666,1.0,1.51
4600,-0.36184048652648926,-0.40187227725982666,1.0,1.51
4700,-0.36184048652648926,-0.40187227725982666,1.0,1.51
4800,-0.2736133933067322,-0.34525901079177856,1.0,1.51
4900,-0.2736133933067322,-0.34525901079177856,1.0,1.51
5000,-0.2230026125907898,-0.3156532645225525,1.0,1.51
5100,-0.2230026125907898,-0.3156532645225525,1.0,1.51
5200,-0.2230026125907898,-0.3156532645225525,1.0,1.51
5300,-0.2230026125907898,-0.3156532645225525,1.0,1.51
5400,-0.2230026125907898,-0.3156532645225525,1.0,1.51
5500,-0.2230026125907898,-0.3156532645225525,1.0,1.51
5600,-0.2230026125907898,-0.3156532645225525,1.0,1.51
5700,-0.2230026125907898,-0.3156532645225525,1.0,1.51
5800,-0.2230026125907898,-0.3156532645225525,1.0,1.51
5900,-0.2230026125907898,-0.3156532645225525,1.0,1.51
6000,-0.2230026125907898,-0.3156532645225525,1.0,1.51
6100,-0.2230026125907898,-0.3156532645225525,1.0,1.51
6200,-0.2230026125907898,-0.3156532645225525,1.0,1.51
6300,-0.2230026125907898,-0.3156532645225525,1.0,1.51
6400,-0.2230026125907898,-0.3156532645225525,1.0,1.51
6500,-0.2230026125907898,-0.3156532645225525,1.0,1.51
6600,-0.2230026125907898,-0.3156532645225525,1.0,1.51
6700,-0.2230026125907898,-0.3156532645225525,1.0,1.51
6800,-0.2230026125907898,-0.3156532645225525,1.0,1.51
6900,-0.2230026125907898,-0.3156532645225525,1.0,1.51
7000,-0.2230026125907898,-0.3156532645225525,1.0,1.51
7100,-0.2230026125907898,-0.3156532645225525,1.0,1.51
7200,-0.2230026125907898,-0.3156532645225525,1.0,1.51
7300,-0.2230026125907898,-0.3156532645225525,1.0,1.51
7400,-0.2230026125907898,-0.3156532645225525,1.0,1.51
7500,-0.2230026125907898,-0.3156532645225525,1.0,1.51
7600,-0.2230026125907898,-0.3156532645225525,1.0,1.51
7700,-0.2230026125907898,-0.3156532645225525,1.0,1.51
7800,-0.2230026125907898,-0.3156532645225525,1.0,1.51
7900,-0.2230026125907898,-0.3156532645225525,1.0,1.51
8000,-0.2230026125907898,-0.3156532645225525,1.0,1.51
8100,-0.18576836585998535,-0.3350745439529419,1.0,1.51
8200,-0.18576836585998535,-0.3350745439529419,1.0,1.51
8300,-0.18576836585998535,-0.3350745439529419,1.0,1.51
8400,-0.18576836585998535,-0.3350745439529419,1.0,1.51
8500,-0.18576836585998535,-0.3350745439529419,1.0,1.51
8600,-0.18576836585998535,-0.3350745439529419,1.0,1.51
8700,-0.18576836585998535,-0.3350745439529419,1.0,1.51
8800,-0.18576836585998535,-0.3350745439529419,1.0,1.51
8900,-0.18576836585998535,-0.3350745439529419,1.0,1.51
9000,-0.18576836585998535,-0.3350745439529419,1.0,1.51
9100,-0.17634081840515137,-0.3657689690589905,1.0,1.51
9200,-0.17634081840515137,-0.3657689690589905,1.0,1.51
9300,-0.17634081840515137,-0.3657689690589905,1.0,1.51
9400,-0.17634081840515137,-0.3657689690589905,1.0,1.51
9500,-0.17634081840515137,-0.3657689690589905,1.0,1.51
9600,-0.17634081840515137,-0.3657689690589905,1.0,1.51
9700,-0.17634081840515137,-0.3657689690589905,1.0,1.51
9800,-0.17634081840515137,-0.3657689690589905,1.0,1.51
9900,-0.17634081840515137,-0.3657689690589905,1.0,1.51
10000,-0.17634081840515137,-0.3657689690589905,1.0,1.51
10100,-0.17634081840515137,-0.3657689690589905,1.0,1.51
10200,-0.17634081840515137,-0.3657689690589905,1.0,1.51
10300,-0.17634081840515137,-0.3657689690589905,1.0,1.51
10400,-0.17634081840515137,-0.3657689690589905,1.0,1.51
10500,-0.17634081840515137,-0.3657689690589905,1.0,1.51
10600,-0.17634081840515137,-0.3657689690589905,1.0,1.51
10700,-0.17634081840515137,-0.3657689690589905,1.0,1.51
10800,-0.17634081840515137,-0.3657689690589905,1.0,1.51
10900,-0.17634081840515137,-0.3657689690589905,1.0,1.51
11000,-0.005513489246368408,-0.07160180807113647,1.0,1.51
11100,-0.005513489246368408,-0.07160180807113647,1.0,1.51
11200,-0.005513489246368408,-0.07160180807113647,1.0,1.51
11300,-0.005513489246368408,-0.07160180807113647,1.0,1.51
11400,-0.005513489246368408,-0.07160180807113647,1.0,1.51
11500,-0.005513489246368408,-0.07160180807113647,1.0,1.51
11600,-0.005513489246368408,-0.07160180807113647,1.0,1.51
11700,-0.005513489246368408,-0.07160180807113647,1.0,1.51
11800,-0.005513489246368408,-0.07160180807113647,1.0,1.51
11900,-0.005513489246368408,-0.07160180807113647,1.0,1.51
12000,-0.005513489246368408,-0.07160180807113647,1.0,1.51
12100,-0.005513489246368408,-0.07160180807113647,1.0,1.51
12200,-0.005513489246368408,-0.07160180807113647,1.0,1.51
12300,-0.005513489246368408,-0.07160180807113647,1.0,1.51
12400,-0.005513489246368408,-0.07160180807113647,1.0,1.51
12500,-0.005513489246368408,-0.07160180807113647,1.0,1.51
12600,-0.005513489246368408,-0.07160180807113647,1.0,1.51
12700,-0.005513489246368408,-0.07160180807113647,1.0,1.51
12800,-0.005513489246368408,-0.07160180807113647,1.0,1.51
12900,-0.005513489246368408,-0.07160180807113647,1.0,1.51
13000,-0.005513489246368408,-0.07160180807113647,1.0,1.51
13100,-0.005513489246368408,-0.07160180807113647,1.0,1.51
13200,-0.005513489246368408,-0.07160180807113647,1.0,1.51
13300,-0.005513489246368408,-0.07160180807113647,1.0,1.51
13400,-0.005513489246368408,-0.07160180807113647,1.0,1.51
13500,-0.005513489246368408,-0.07160180807113647,1.0,1.51
13600,-0.005513489246368408,-0.07160180807113647,1.0,1.51
13700,-0.005513489246368408,-0.07160180807113647,1.0,1.51
13800,-0.005513489246368408,-0.07160180807113647,1.0,1.51
13900,-0.005513489246368408,-0.07160180807113647,1.0,1.51
14000,-0.005513489246368408,-0.07160180807113647,1.0,1.51
14100,-0.005513489246368408,-0.07160180807113647,1.0,1.51
14200,0.2852730453014374,0.24905544519424438,1.0,1.51
14300,0.2852730453014374,0.24905544519424438,1.0,1.51
14400,0.2852730453014374,0.24905544519424438,1.0,1.51
14500,0.2852730453014374,0.24905544519424438,1.0,1.51
14600,0.2852730453014374,0.24905544519424438,1.0,1.51
14700,0.30658018589019775,0.25875145196914673,1.0,1.51
14800,0.30658018589019775,0.25875145196914673,1.0,1.51
14900,0.30658018589019775,0.25875145196914673,1.0,1.51
15000,0.30658018589019775,0.25875145196914673,1.0,1.51
15100,0.30658018589019775,0.25875145196914673,1.0,1.51
15200,0.30658018589019775,0.25875145196914673,1.0,1.51
15300,0.30658018589019775,0.25875145196914673,1.0,1.51
15400,0.30658018589019775,0.25875145196914673,1.0,1.51
15500,0.30658018589019775,0.25875145196914673,1.0,1.51
15600,0.30658018589019775,0.25875145196914673,1.0,1.51
15700,0.30658018589019775,0.25875145196914673,1.0,1.51
15800,0.30658018589019775,0.25875145196914673,1.0,1.51
15900,0.30658018589019775,0.25875145196914673,1.0,1.51
16000,0.30658018589019775,0.25875145196914673,1.0,1.51
16100,0.30658018589019775,0.25875145196914673,1.0,1.51
16200,0.30658018589019775,0.25875145196914673,1.0,1.51
16300,0.30658018589019775,0.25875145196914673,1.0,1.51
16400,0.30658018589019775,0.25875145196914673,1.0,1.51
16500,0.30658018589019775,0.25875145196914673,1.0,1.51
16600,0.30658018589019775,0.25875145196914673,1.0,1.51
16700,0.30658018589019775,0.25875145196914673,1.0,1.51
16800,0.30658018589019775,0.25875145196914673,1.0,1.51
16900,0.4977490305900574,0.5475366711616516,1.0,1.51
17000,0.4977490305900574,0.5475366711616516,1.0,1.51
17100,0.4977490305900574,0.5475366711616516,1.0,1.51
17200,0.4977490305900574,0.5475366711616516,1.0,1.51
17300,0.4977490305900574,0.5475366711616516,1.0,1.51
17400,0.4977490305900574,0.5475366711616516,1.0,1.51
17500,0.4977490305900574,0.5475366711616516,1.0,1.51
17600,0.4977490305900574,0.5475366711616516,1.0,1.51
17700,0.4977490305900574,0.5475366711616516,1.0,1.51
17800,0.4977490305900574,0.5475366711616516,1.0,1.51
17900,0.4977490305900574,0.5475366711616516,1.0,1.51
18000,0.4977490305900574,0.5475366711616516,1.0,1.51
18100,0.4977490305900574,0.5475366711616516,1.0,1.51
18200,0.4977490305900574,0.5475366711616516,1.0,1.51
18300,0.4977490305900574,0.5475366711616516,1.0,1.51
18400,0.4977490305900574,0.5475366711616516,1.0,1.51
18500,0.4977490305900574,0.5475366711616516,1.0,1.51
18600,0.4977490305900574,0.5475366711616516,1.0,1.51
18700,0.4977490305900574,0.5475366711616516,1.0,1.51
18800,0.4977490305900574,0.5475366711616516,1.0,1.51
18900,0.4977490305900574,0.5475366711616516,1.0,1.51
19000,0.4977490305900574,0.5475366711616516,1.0,1.51
19100,0.4977490305900574,0.5475366711616516,1.0,1.51
19200,0.4977490305900574,0.5475366711616516,1.0,1.51
19300,0.4977490305900574,0.5475366711616516,1.0,1.51
19400,0.4977490305900574,0.5475366711616516,1.0,1.51
19500,0.4977490305900574,0.5475366711616516,1.0,1.51
19600,0.4977490305900574,0.5475366711616516,1.0,1.51
19700,0.4977490305900574,0.5475366711616516,1.0,1.51
19800,0.4977490305900574,0.5475366711616516,1.0,1.51
19900,0.4977490305900574,0.5475366711616516,1.0,1.51
20000,0.4977490305900574,0.5475366711616516,1.0,1.51
20100,0.4977490305900574,0.5475366711616516,1.0,1.51
20200,0.4977490305900574,0.5475366711616516,1.0,1.51
20300,0.4977490305900574,0.5475366711616516,1.0,1.51
20400,0.4977490305900574,0.5475366711616516,1.0,1.51
20500,0.4977490305900574,0.5475366711616516,1.0,1.51
20600,0.4977490305900574,0.5475366711616516,1.0,1.51
20700,0.4977490305900574,0.5475366711616516,1.0,1.51
20800,0.4977490305900574,0.5475366711616516,1.0,1.51
20900,0.4977490305900574,0.5475366711616516,1.0,1.51
21000,0.4977490305900574,0.5475366711616516,1.0,1.51
21100,0.4977490305900574,0.5475366711616516,1.0,1.51
21200,0.4977490305900574,0.5475366711616516,1.0,1.51
21300,0.4977490305900574,0.5475366711616516,1.0,1.51
21400,0.4977490305900574,0.5475366711616516,1.0,1.51
21500,0.4977490305900574,0.5475366711616516,1.0,1.51
21600,0.4977490305900574,0.5475366711616516,1.0,1.51
21700,0.4977490305900574,0.5475366711616516,1.0,1.51
21800,0.4977490305900574,0.5475366711616516,1.0,1.51
21900,0.4977490305900574,0.5475366711616516,1.0,1.51
22000,0.4977490305900574,0.5475366711616516,1.0,1.51
22100,0.4977490305900574,0.5475366711616516,1.0,1.51
22200,0.4977490305900574,0.5475366711616516,1.0,1.51
22300,0.4977490305900574,0.5475366711616516,1.0,1.51
22400,0.4977490305900574,0.5475366711616516,1.0,1.51
22500,0.4977490305900574,0.5475366711616516,1.0,1.51
22600,0.4977490305900574,0.5475366711616516,1.0,1.51
22700,0.4977490305900574,0.5475366711616516,1.0,1.51
22800,0.4977490305900574,0.5475366711616516,1.0,1.51
22900,0.4977490305900574,0.5475366711616516,1.0,1.51
23000,0.4977490305900574,0.5475366711616516,1.0,1.51
23100,0.4977490305900574,0.5475366711616516,1.0,1.51
23200,0.4977490305900574,0.5475366711616516,1.0,1.51
23300,0.4977490305900574,0.5475366711616516,1.0,1.51
23400,0.4977490305900574,0.5475366711616516,1.0,1.51
23500,0.4977490305900574,0.5475366711616516,1.0,1.51
23600,0.4977490305900574,0.5475366711616516,1.0,1.51
23700,0.4977490305900574,0.5475366711616516,1.0,1.51
23800,0.4977490305900574,0.5475366711616516,1.0,1.51
23900,0.4977490305900574,0.5475366711616516,1.0,1.51
24000,0.4977490305900574,0.5475366711616516,1.0,1.51
24100,0.4977490305900574,0.5475366711616516,1.0,1.51
24200,0.4977490305900574,0.5475366711616516,1.0,1.51
24300,0.4977490305900574,0.5475366711616516,1.0,1.51
24400,0.4977490305900574,0.5475366711616516,1.0,1.51
24500,0.4977490305900574,0.5475366711616516,1.0,1.51
24600,0.4977490305900574,0.5475366711616516,1.0,1.51
24700,0.4977490305900574,0.5475366711616516,1.0,1.51
24800,0.4977490305900574,0.5475366711616516,1.0,1.51
24900,0.4977490305900574,0.5475366711616516,1.0,1.51
25000,0.4977490305900574,0.5475366711616516,1.0,1.51
25100,0.4977490305900574,0.5475366711616516,1.0,1.51
25200,0.4977490305900574,0.5475366711616516,1.0,1.51
25300,0.4977490305900574,0.5475366711616516,1.0,1.51
25400,0.4977490305900574,0.5475366711616516,1.0,1.51
25500,0.4977490305900574,0.5475366711616516,1.0,1.51
25600,0.4977490305900574,0.5475366711616516,1.0,1.51
25700,0.4977490305900574,0.5475366711616516,1.0,1.51
25800,0.4977490305900574,0.5475366711616516,1.0,1.51
25900,0.4977490305900574,0.5475366711616516,1.0,1.51
26000,0.4977490305900574,0.5475366711616516,1.0,1.51
26100,0.4977490305900574,0.5475366711616516,1.0,1.51
26200,0.4977490305900574,0.5475366711616516,1.0,1.51
26300,0.4977490305900574,0.5475366711616516,1.0,1.51
26400,0.4977490305900574,0.5475366711616516,1.0,1.51
26500,0.4977490305900574,0.5475366711616516,1.0,1.51
26600,0.4977490305900574,0.5475366711616516,1.0,1.51
26700,0.4977490305900574,0.5475366711616516,1.0,1.51
26800,0.4977490305900574,0.5475366711616516,1.0,1.51
26900,0.4977490305900574,0.5475366711616516,1.0,1.51
27000,0.4977490305900574,0.5475366711616516,1.0,1.51
27100,0.4977490305900574,0.5475366711616516,1.0,1.51
27200,0.4977490305900574,0.5475366711616516,1.0,1.51
27300,0.4977490305900574,0.5475366711616516,1.0,1.51
27400,0.4977490305900574,0.5475366711616516,1.0,1.51
27500,0.4977490305900574,0.5475366711616516,1.0,1.51
27600,0.4977490305900574,0.5475366711616516,1.0,1.51
27700,0.4977490305900574,0.5475366711616516,1.0,1.51
27800,0.4977490305900574,0.5475366711616516,1.0,1.51
27900,0.4977490305900574,0.5475366711616516,1.0,1.51
28000,0.4977490305900574,0.5475366711616516,1.0,1.51
28100,0.4977490305900574,0.5475366711616516,1.0,1.51
28200,0.4977490305900574,0.5475366711616516,1.0,1.51
28300,0.4977490305900574,0.5475366711616516,1.0,1.51
28400,0.4977490305900574,0.5475366711616516,1.0,1.51
28500,0.4977490305900574,0.5475366711616516,1.0,1.51
28600,0.4977490305900574,0.5475366711616516,1.0,1.51
28700,0.4977490305900574,0.5475366711616516,1.0,1.51
28800,0.4977490305900574,0.5475366711616516,1.0,1.51
28900,0.4977490305900574,0.5475366711616516,1.0,1.51
29000,0.4977490305900574,0.5475366711616516,1.0,1.51
29100,0.4977490305900574,0.5475366711616516,1.0,1.51
29200,0.4977490305900574,0.5475366711616516,1.0,1.51
29300,0.4977490305900574,0.5475366711616516,1.0,1.51
29400,0.4977490305900574,0.5475366711616516,1.0,1.51
29500,0.4977490305900574,0.5475366711616516,1.0,1.51
29600,0.4977490305900574,0.5475366711616516,1.0,1.51
29700,0.4977490305900574,0.5475366711616516,1.0,1.51
29800,0.4977490305900574,0.5475366711616516,1.0,1.51
29900,0.4977490305900574,0.5475366711616516,1.0,1.51
30000,0.4977490305900574,0.5475366711616516,1.0,1.51
30100,0.4977490305900574,0.5475366711616516,1.0,1.51
30200,0.4977490305900574,-91.41285705566406,1.0,1.38
30300,0.4977490305900574,-91.41285705566406,1.0,1.38
30400,0.4977490305900574,-91.41285705566406,1.0,1.38
30500,0.4977490305900574,-91.41285705566406,1.0,1.38
30600,0.4977490305900574,-91.41285705566406,1.0,1.38
30700,0.4977490305900574,-91.41285705566406,1.0,1.38
30800,0.4977490305900574,-91.41285705566406,1.0,1.38
30900,0.4977490305900574,-91.41285705566406,1.0,1.38
31000,0.4977490305900574,-91.41285705566406,1.0,1.38
31100,0.4977490305900574,-91.41285705566406,1.0,1.38
31200,0.4977490305900574,-91.41285705566406,1.0,1.38
31300,0.4977490305900574,-91.41285705566406,1.0,1.38
31400,0.4977490305900574,-91.41285705566406,1.0,1.38
31500,0.4977490305900574,-91.41285705566406,1.0,1.38
31600,0.4977490305900574,-91.41285705566406,1.0,1.38
31700,0.4977490305900574,-91.41285705566406,1.0,1.38
31800,0.4977490305900574,-91.41285705566406,1.0,1.38
31900,0.4977490305900574,-91.41285705566406,1.0,1.38
32000,0.4977490305900574,-91.41285705566406,1.0,1.38
32100,0.4977490305900574,-91.41285705566406,1.0,1.38
32200,0.4977490305900574,-91.41285705566406,1.0,1.38
32300,0.4977490305900574,-91.41285705566406,1.0,1.38
32400,0.4977490305900574,-91.41285705566406,1.0,1.38
32500,0.4977490305900574,-91.41285705566406,1.0,1.38
32600,0.4977490305900574,-91.41285705566406,1.0,1.38
32700,0.4977490305900574,-91.41285705566406,1.0,1.38
32800,0.4977490305900574,-91.41285705566406,1.0,1.38
32900,0.4977490305900574,-91.41285705566406,1.0,1.38
33000,0.4977490305900574,-91.41285705566406,1.0,1.38
33100,0.4977490305900574,-91.41285705566406,1.0,1.38
33200,0.4977490305900574,-91.41285705566406,1.0,1.38
33300,0.4977490305900574,-91.41285705566406,1.0,1.38
33400,0.4977490305900574,-91.41285705566406,1.0,1.38
33500,0.4977490305900574,-91.41285705566406,1.0,1.38
33600,0.4977490305900574,-91.41285705566406,1.0,1.38
33700,0.4977490305900574,-91.41285705566406,1.0,1.38
33800,0.4977490305900574,-91.41285705566406,1.0,1.38
33900,0.4977490305900574,-91.41285705566406,1.0,1.38
34000,0.4977490305900574,-91.41285705566406,1.0,1.38
34100,0.4977490305900574,-91.41285705566406,1.0,1.38
34200,0.4977490305900574,-91.41285705566406,1.0,1.38
34300,0.4977490305900574,-91.41285705566406,1.0,1.38
34400,0.4977490305900574,-91.41285705566406,1.0,1.38
34500,0.4977490305900574,-91.41285705566406,1.0,1.38
34600,0.4977490305900574,-91.41285705566406,1.0,1.38
34700,0.4977490305900574,-91.41285705566406,1.0,1.38
34800,0.4977490305900574,-91.41285705566406,1.0,1.38
34900,0.4977490305900574,-91.41285705566406,1.0,1.38
35000,0.4977490305900574,-91.41285705566406,1.0,1.38
35100,0.4977490305900574,-91.41285705566406,1.0,1.38
35200,0.4977490305900574,-91.41285705566406,1.0,1.38
35300,0.4977490305900574,-91.41285705566406,1.0,1.38
35400,0.4977490305900574,-91.41285705566406,1.0,1.38
35500,0.4977490305900574,-91.41285705566406,1.0,1.38
35600,0.4977490305900574,-91.41285705566406,1.0,1.38
35700,0.4977490305900574,-91.41285705566406,1.0,1.38
35800,0.4977490305900574,-91.41285705566406,1.0,1.38
35900,0.4977490305900574,-91.41285705566406,1.0,1.38
36000,0.4977490305900574,-91.41285705566406,1.0,1.38
36100,0.4977490305900574,-91.41285705566406,1.0,1.38
36200,0.4977490305900574,-91.41285705566406,1.0,1.38
36300,0.4977490305900574,-91.41285705566406,1.0,1.38
36400,0.4977490305900574,-91.41285705566406,1.0,1.38
36500,0.4977490305900574,-91.41285705566406,1.0,1.38
36600,0.4977490305900574,-91.41285705566406,1.0,1.38
36700,0.4977490305900574,-91.41285705566406,1.0,1.38
36800,0.4977490305900574,-91.41285705566406,1.0,1.38
36900,0.4977490305900574,-91.41285705566406,1.0,1.38
37000,0.4977490305900574,-91.41285705566406,1.0,1.38
37100,0.4977490305900574,-91.41285705566406,1.0,1.38
37200,0.4977490305900574,-91.41285705566406,1.0,1.38
37300,0.4977490305900574,-91.41285705566406,1.0,1.38
37400,0.4977490305900574,-91.41285705566406,1.0,1.38
37500,0.4977490305900574,-91.41285705566406,1.0,1.38
37600,0.4977490305900574,-91.41285705566406,1.0,1.38
37700,0.4977490305900574,-91.41285705566406,1.0,1.38
37800,0.4977490305900574,-91.41285705566406,1.0,1.38
37900,0.4977490305900574,-91.41285705566406,1.0,1.38
38000,0.4977490305900574,-91.41285705566406,1.0,1.38
38100,0.4977490305900574,-91.41285705566406,1.0,1.38
38200,0.4977490305900574,-91.41285705566406,1.0,1.38
38300,0.4977490305900574,-91.41285705566406,1.0,1.38
38400,0.4977490305900574,-91.41285705566406,1.0,1.38
38500,0.4977490305900574,-91.41285705566406,1.0,1.38
38600,0.4977490305900574,-91.41285705566406,1.0,1.38
38700,0.4977490305900574,-91.41285705566406,1.0,1.38
38800,0.4977490305900574,-91.41285705566406,1.0,1.38
38900,0.4977490305900574,-91.41285705566406,1.0,1.38
39000,0.4977490305900574,-91.41285705566406,1.0,1.38
39100,0.4977490305900574,-91.41285705566406,1.0,1.38
39200,0.4977490305900574,-91.41285705566406,1.0,1.38
39300,0.4977490305900574,-91.41285705566406,1.0,1.38
39400,0.4977490305900574,-91.41285705566406,1.0,1.38
39500,0.4977490305900574,-91.41285705566406,1.0,1.38
39600,0.4977490305900574,-91.41285705566406,1.0,1.38
39700,0.4977490305900574,-91.41285705566406,1.0,1.38
39800,0.4977490305900574,-91.41285705566406,1.0,1.38
39900,0.4977490305900574,-91.41285705566406,1.0,1.38
40000,0.4977490305900574,-91.41285705566406,1.0,1.38
40100,0.4977490305900574,-91.41285705566406,1.0,1.38
40200,0.4977490305900574,-91.41285705566406,1.0,1.38
40300,0.4977490305900574,-91.41285705566406,1.0,1.38
40400,0.4977490305900574,-91.41285705566406,1.0,1.38
40500,0.4977490305900574,-91.41285705566406,1.0,1.38
40600,0.4977490305900574,-91.41285705566406,1.0,1.38
40700,0.4977490305900574,-91.41285705566406,1.0,1.38
40800,0.4977490305900574,-91.41285705566406,1.0,1.38
40900,0.4977490305900574,-91.41285705566406,1.0,1.38
41000,0.4977490305900574,-91.41285705566406,1.0,1.38
41100,0.4977490305900574,-91.41285705566406,1.0,1.38
41200,0.4977490305900574,-91.41285705566406,1.0,1.38
41300,0.4977490305900574,-91.41285705566406,1.0,1.38
41400,0.4977490305900574,-91.41285705566406,1.0,1.38
41500,0.4977490305900574,-91.41285705566406,1.0,1.38
41600,0.4977490305900574,-91.41285705566406,1.0,1.38
41700,0.4977490305900574,-91.41285705566406,1.0,1.38
41800,0.4977490305900574,-91.41285705566406,1.0,1.38
41900,0.4977490305900574,-91.41285705566406,1.0,1.38
42000,0.4977490305900574,-91.41285705566406,1.0,1.38
42100,0.4977490305900574,-91.41285705566406,1.0,1.38
42200,0.4977490305900574,-91.41285705566406,1.0,1.38
42300,0.4977490305900574,-91.41285705566406,1.0,1.38
42400,0.4977490305900574,-91.41285705566406,1.0,1.38
42500,0.4977490305900574,-91.41285705566406,1.0,1.38
42600,0.4977490305900574,-91.41285705566406,1.0,1.38
42700,0.4977490305900574,-91.41285705566406,1.0,1.38
42800,0.4977490305900574,-91.41285705566406,1.0,1.38
42900,0.4977490305900574,-91.41285705566406,1.0,1.38
43000,0.4977490305900574,-91.41285705566406,1.0,1.38
43100,0.4977490305900574,-91.41285705566406,1.0,1.38
43200,0.4977490305900574,-91.41285705566406,1.0,1.38
43300,0.4977490305900574,-91.41285705566406,1.0,1.38
43400,0.4977490305900574,-91.41285705566406,1.0,1.38
43500,0.4977490305900574,-91.41285705566406,1.0,1.38
43600,0.4977490305900574,-91.41285705566406,1.0,1.38
43700,0.4977490305900574,-91.41285705566406,1.0,1.38
43800,0.4977490305900574,-91.41285705566406,1.0,1.38
43900,0.4977490305900574,-91.41285705566406,1.0,1.38
44000,0.4977490305900574,-91.41285705566406,1.0,1.38
44100,0.4977490305900574,-91.41285705566406,1.0,1.38
44200,0.4977490305900574,-91.41285705566406,1.0,1.38
44300,0.4977490305900574,-91.41285705566406,1.0,1.38
44400,0.4977490305900574,-91.41285705566406,1.0,1.38
44500,0.4977490305900574,-91.41285705566406,1.0,1.38
44600,0.4977490305900574,-91.41285705566406,1.0,1.38
44700,0.4977490305900574,-91.41285705566406,1.0,1.38
44800,0.4977490305900574,-91.41285705566406,1.0,1.38
44900,0.4977490305900574,-91.41285705566406,1.0,1.38
45000,0.4977490305900574,-91.41285705566406,1.0,1.38
45100,0.4977490305900574,-91.41285705566406,1.0,1.38
45200,0.4977490305900574,-91.41285705566406,1.0,1.38
45300,0.4977490305900574,-91.41285705566406,1.0,1.38
45400,0.4977490305900574,-91.41285705566406,1.0,1.38
45500,0.4977490305900574,-91.41285705566406,1.0,1.38
45600,0.4977490305900574,-91.41285705566406,1.0,1.38
45700,0.4977490305900574,-91.41285705566406,1.0,1.38
45800,0.4977490305900574,-91.41285705566406,1.0,1.38
45900,0.4977490305900574,-91.41285705566406,1.0,1.38
46000,0.4977490305900574,-91.41285705566406,1.0,1.38
46100,0.4977490305900574,-91.41285705566406,1.0,1.38
46200,0.4977490305900574,-91.41285705566406,1.0,1.38
46300,0.4977490305900574,-91.41285705566406,1.0,1.38
46400,0.4977490305900574,-91.41285705566406,1.0,1.38
46500,0.4977490305900574,-91.41285705566406,1.0,1.38
46600,0.4977490305900574,-91.41285705566406,1.0,1.38
46700,0.4977490305900574,-91.41285705566406,1.0,1.38
46800,0.4977490305900574,-91.41285705566406,1.0,1.38
46900,0.4977490305900574,-91.41285705566406,1.0,1.38
47000,0.4977490305900574,-91.41285705566406,1.0,1.38
47100,0.4977490305900574,-91.41285705566406,1.0,1.38
47200,0.4977490305900574,-91.41285705566406,1.0,1.38
47300,0.4977490305900574,-91.41285705566406,1.0,1.38
47400,0.4977490305900574,-91.41285705566406,1.0,1.38
47500,0.4977490305900574,-91.41285705566406,1.0,1.38
47600,0.4977490305900574,-91.41285705566406,1.0,1.38
47700,0.4977490305900574,-91.41285705566406,1.0,1.38
47800,0.4977490305900574,-91.41285705566406,1.0,1.38
47900,0.4977490305900574,-91.41285705566406,1.0,1.38
48000,0.4977490305900574,-91.41285705566406,1.0,1.38
48100,0.4977490305900574,-91.41285705566406,1.0,1.38
48200,0.4977490305900574,-91.41285705566406,1.0,1.38
48300,0.4977490305900574,-91.41285705566406,1.0,1.38
48400,0.4977490305900574,-91.41285705566406,1.0,1.38
48500,0.4977490305900574,-91.41285705566406,1.0,1.38
48600,0.4977490305900574,-91.41285705566406,1.0,1.38
48700,0.4977490305900574,-91.41285705566406,1.0,1.38
48800,0.4977490305900574,-91.41285705566406,1.0,1.38
48900,0.4977490305900574,-91.41285705566406,1.0,1.38
49000,0.4977490305900574,-91.41285705566406,1.0,1.38
49100,0.4977490305900574,-91.41285705566406,1.0,1.38
49200,0.4977490305900574,-91.41285705566406,1.0,1.38
49300,0.4977490305900574,-91.41285705566406,1.0,1.38
49400,0.4977490305900574,-91.41285705566406,1.0,1.38
49500,0.4977490305900574,-91.41285705566406,1.0,1.38
49600,0.4977490305900574,-91.41285705566406,1.0,1.38
49700,0.4977490305900574,-91.41285705566406,1.0,1.38
49800,0.4977490305900574,-91.41285705566406,1.0,1.38
49900,0.4977490305900574,-91.41285705566406,1.0,1.38
50000,0.4977490305900574,-91.41285705566406,1.0,1.38
50100,0.5407702922821045,0.6681996583938599,1.0,1.38
50200,0.5407702922821045,0.6681996583938599,1.0,1.38
50300,0.5407702922821045,0.6681996583938599,1.0,1.38
50400,0.5407702922821045,0.6681996583938599,1.0,1.38
50500,0.5407702922821045,0.6681996583938599,1.0,1.38
50600,0.5407702922821045,0.6681996583938599,1.0,1.38
50700,0.5407702922821045,0.6681996583938599,1.0,1.38
50800,0.5407702922821045,0.6681996583938599,1.0,1.38
50900,0.5407702922821045,0.6681996583938599,1.0,1.38
51000,0.5407702922821045,0.6681996583938599,1.0,1.38
51100,0.5407702922821045,0.6681996583938599,1.0,1.38
51200,0.5407702922821045,0.6681996583938599,1.0,1.38
51300,0.5407702922821045,0.6681996583938599,1.0,1.38
51400,0.5407702922821045,0.6681996583938599,1.0,1.38
51500,0.5407702922821045,0.6681996583938599,1.0,1.38
51600,0.5407702922821045,0.6681996583938599,1.0,1.38
51700,0.5407702922821045,0.6681996583938599,1.0,1.38
51800,0.5407702922821045,0.6681996583938599,1.0,1.38
51900,0.5407702922821045,0.6681996583938599,1.0,1.38
52000,0.5407702922821045,0.6681996583938599,1.0,1.38
52100,0.5407702922821045,0.6681996583938599,1.0,1.38
52200,0.5407702922821045,0.6681996583938599,1.0,1.38
52300,0.5407702922821045,0.6681996583938599,1.0,1.38
52400,0.5407702922821045,0.6681996583938599,1.0,1.38
52500,0.5407702922821045,0.6681996583938599,1.0,1.38
52600,0.5407702922821045,0.6681996583938599,1.0,1.38
52700,0.5407702922821045,0.6681996583938599,1.0,1.38
52800,0.5407702922821045,0.6681996583938599,1.0,1.38
52900,0.5407702922821045,0.6681996583938599,1.0,1.38
53000,0.5407702922821045,0.6681996583938599,1.0,1.38
53100,0.5407702922821045,0.6681996583938599,1.0,1.38
53200,0.5407702922821045,0.6681996583938599,1.0,1.38
53300,0.5407702922821045,0.6681996583938599,1.0,1.38
53400,0.5407702922821045,0.6681996583938599,1.0,1.38
53500,0.5407702922821045,0.6681996583938599,1.0,1.38
53600,0.5407702922821045,0.6681996583938599,1.0,1.38
53700,0.5407702922821045,0.6681996583938599,1.0,1.38
53800,0.5407702922821045,0.6681996583938599,1.0,1.38
53900,0.5407702922821045,0.6681996583938599,1.0,1.38
54000,0.5407702922821045,0.6681996583938599,1.0,1.38
54100,0.5407702922821045,0.6681996583938599,1.0,1.38
54200,0.5407702922821045,0.6681996583938599,1.0,1.38
54300,0.5407702922821045,0.6681996583938599,1.0,1.38
54400,0.5407702922821045,0.6681996583938599,1.0,1.38
54500,0.5407702922821045,0.6681996583938599,1.0,1.38
54600,0.5407702922821045,0.6681996583938599,1.0,1.38
54700,0.5407702922821045,0.6681996583938599,1.0,1.38
54800,0.5407702922821045,0.6681996583938599,1.0,1.38
54900,0.5407702922821045,0.6681996583938599,1.0,1.38
55000,0.5407702922821045,0.6681996583938599,1.0,1.38
55100,0.5407702922821045,0.6681996583938599,1.0,1.38
55200,0.5407702922821045,0.6681996583938599,1.0,1.38
55300,0.5407702922821045,0.6681996583938599,1.0,1.38
55400,0.5407702922821045,0.6681996583938599,1.0,1.38
55500,0.5407702922821045,0.6681996583938599,1.0,1.38
55600,0.5407702922821045,0.6681996583938599,1.0,1.38
55700,0.5407702922821045,0.6681996583938599,1.0,1.38
55800,0.5407702922821045,0.6681996583938599,1.0,1.38
55900,0.5407702922821045,0.6681996583938599,1.0,1.38
56000,0.5407702922821045,0.6681996583938599,1.0,1.38
56100,0.5407702922821045,0.6681996583938599,1.0,1.38
56200,0.5407702922821045,0.6681996583938599,1.0,1.38
56300,0.5407702922821045,0.6681996583938599,1.0,1.38
56400,0.5407702922821045,0.6681996583938599,1.0,1.38
56500,0.5407702922821045,0.6681996583938599,1.0,1.38
56600,0.5407702922821045,0.6681996583938599,1.0,1.38
56700,0.5407702922821045,0.6681996583938599,1.0,1.38
56800,0.5407702922821045,0.6681996583938599,1.0,1.38
56900,0.5407702922821045,0.6681996583938599,1.0,1.38
57000,0.5407702922821045,0.6681996583938599,1.0,1.38
57100,0.5407702922821045,0.6681996583938599,1.0,1.38
57200,0.5407702922821045,0.6681996583938599,1.0,1.38
57300,0.5407702922821045,0.6681996583938599,1.0,1.38
57400,0.5407702922821045,0.6681996583938599,1.0,1.38
57500,0.5407702922821045,0.6681996583938599,1.0,1.38
57600,0.5407702922821045,0.6681996583938599,1.0,1.38
57700,0.5407702922821045,0.6681996583938599,1.0,1.38
57800,0.5407702922821045,0.6681996583938599,1.0,1.38
57900,0.5407702922821045,0.6681996583938599,1.0,1.38
58000,0.5407702922821045,0.6681996583938599,1.0,1.38
58100,0.5407702922821045,0.6681996583938599,1.0,1.38
58200,0.5407702922821045,0.6681996583938599,1.0,1.38
58300,0.5407702922821045,0.6681996583938599,1.0,1.38
58400,0.5407702922821045,0.6681996583938599,1.0,1.38
58500,0.5407702922821045,0.6681996583938599,1.0,1.38
58600,0.5407702922821045,0.6681996583938599,1.0,1.38
58700,0.5407702922821045,0.6681996583938599,1.0,1.38
58800,0.5407702922821045,0.6681996583938599,1.0,1.38
58900,0.5407702922821045,0.6681996583938599,1.0,1.38
59000,0.5407702922821045,0.6681996583938599,1.0,1.38
59100,0.5407702922821045,0.6681996583938599,1.0,1.38
59200,0.5407702922821045,0.6681996583938599,1.0,1.38
59300,0.5407702922821045,0.6681996583938599,1.0,1.38
59400,0.5407702922821045,0.6681996583938599,1.0,1.38
59500,0.5407702922821045,0.6681996583938599,1.0,1.38
59600,0.5407702922821045,0.6681996583938599,1.0,1.38
59700,0.5407702922821045,0.6681996583938599,1.0,1.38
59800,0.5407702922821045,0.6681996583938599,1.0,1.38
59900,0.5407702922821045,0.6681996583938599,1.0,1.38
60000,0.5407702922821045,0.6681996583938599,1.0,1.38
60100,0.5407702922821045,0.6681996583938599,1.0,1.38
60200,0.5407702922821045,0.6681996583938599,1.0,1.38
60300,0.5407702922821045,0.6681996583938599,1.0,1.38
79561,0.5407702922821045,0.6681996583938599,0.57,1.43
79661,0.5407702922821045,0.6681996583938599,0.69,1.43
79761,0.5407702922821045,0.6681996583938599,0.77,1.43
79861,0.5407702922821045,0.6681996583938599,0.84,1.43
79961,0.5407702922821045,0.6681996583938599,0.91,1.43
80061,0.5407702922821045,0.6681996583938599,0.93,1.43
80161,0.5407702922821045,0.6681996583938599,0.93,1.43
80261,0.5407702922821045,0.6681996583938599,0.94,1.43
80361,0.5407702922821045,0.6681996583938599,0.92,1.43
80461,0.5407702922821045,0.6681996583938599,0.93,1.43
80561,0.5407702922821045,0.6681996583938599,0.93,1.43
80661,0.5407702922821045,0.6681996583938599,0.97,1.43
80761,0.5407702922821045,0.6681996583938599,0.97,1.43
80861,0.5407702922821045,0.6681996583938599,0.97,1.43
80961,0.5407702922821045,0.6681996583938599,0.95,1.43
81061,0.5407702922821045,0.6681996583938599,0.97,1.43
81161,0.5407702922821045,0.6681996583938599,0.96,1.43
81261,0.5407702922821045,0.6681996583938599,0.98,1.43
81361,0.5407702922821045,0.6681996583938599,0.98,1.43
81461,0.5407702922821045,0.6681996583938599,0.99,1.43
81561,0.5407702922821045,0.6681996583938599,0.98,1.43
81661,0.5407702922821045,0.6681996583938599,0.99,1.43
81761,0.5407702922821045,0.6681996583938599,0.99,1.43
81861,0.5407702922821045,0.6681996583938599,0.99,1.43
81961,0.5407702922821045,0.6681996583938599,0.99,1.43
82061,0.5407702922821045,0.6681996583938599,0.99,1.43
82161,0.5407702922821045,0.6681996583938599,0.99,1.43
82261,0.5407702922821045,0.6681996583938599,0.99,1.43
82361,0.5407702922821045,0.6681996583938599,1.0,1.43
82461,0.6281647682189941,0.7174532413482666,1.0,1.43
82561,0.6281647682189941,0.7174532413482666,1.0,1.43
82661,0.6281647682189941,0.7174532413482666,1.0,1.43
82761,0.6281647682189941,0.7174532413482666,1.0,1.43
82861,0.6281647682189941,0.7174532413482666,1.0,1.43
82961,0.6281647682189941,0.7174532413482666,1.0,1.43
83061,0.6281647682189941,0.7174532413482666,1.0,1.43
83161,0.6281647682189941,0.7174532413482666,1.0,1.43
83261,0.6281647682189941,0.7174532413482666,1.0,1.43
83361,0.6281647682189941,0.7174532413482666,1.0,1.43
83461,0.6281647682189941,0.7174532413482666,0.99,1.43
83561,0.6281647682189941,0.7174532413482666,0.99,1.43
83661,0.6281647682189941,0.7174532413482666,0.99,1.43
83761,0.6281647682189941,0.7174532413482666,0.99,1.43
83861,0.6281647682189941,0.7174532413482666,0.99,1.43
83961,0.6281647682189941,0.7174532413482666,1.0,1.43
84061,0.6281647682189941,0.7174532413482666,1.0,1.43
84161,0.6281647682189941,0.7174532413482666,1.0,1.43
84261,0.6281647682189941,0.7174532413482666,1.0,1.43
84361,0.6281647682189941,0.7174532413482666,1.0,1.43
84461,0.6281647682189941,0.7174532413482666,1.0,1.43
84561,0.6281647682189941,0.7174532413482666,1.0,1.43
84661,0.6281647682189941,0.7174532413482666,1.0,1.43
84761,0.6281647682189941,0.7174532413482666,1.0,1.43
84861,0.6281647682189941,0.7174532413482666,1.0,1.43
84961,0.6281647682189941,0.7174532413482666,1.0,1.43
85061,0.6281647682189941,0.7174532413482666,1.0,1.43
85161,0.6281647682189941,0.7174532413482666,1.0,1.43
85261,0.6281647682189941,0.7174532413482666,1.0,1.43
85361,0.6281647682189941,0.7174532413482666,1.0,1.43
85461,0.6281647682189941,0.7174532413482666,1.0,1.43
85561,0.6281647682189941,0.7174532413482666,1.0,1.43
85661,0.6281647682189941,0.7174532413482666,1.0,1.43
85761,0.6281647682189941,0.7174532413482666,1.0,1.43
85861,0.6281647682189941,0.7174532413482666,1.0,1.43
85961,0.6281647682189941,0.7174532413482666,1.0,1.43
86061,0.6281647682189941,0.7174532413482666,1.0,1.43
86161,0.6281647682189941,0.7174532413482666,1.0,1.43
86261,0.6281647682189941,0.7174532413482666,1.0,1.43
86361,0.6281647682189941,0.7174532413482666,1.0,1.43
86461,0.6281647682189941,0.7174532413482666,1.0,1.43
86561,0.6281647682189941,0.7174532413482666,1.0,1.43
86661,0.6281647682189941,0.7174532413482666,1.0,1.43
86761,0.6281647682189941,0.7174532413482666,1.0,1.43
86861,0.6281647682189941,0.7174532413482666,1.0,1.43
86961,0.6281647682189941,0.7174532413482666,1.0,1.43
87061,0.6281647682189941,0.7174532413482666,1.0,1.43
87161,0.6281647682189941,0.7174532413482666,1.0,1.43
87261,0.6281647682189941,0.7174532413482666,1.0,1.43
87361,0.6281647682189941,0.7174532413482666,1.0,1.43
87461,0.6281647682189941,0.7174532413482666,1.0,1.43
87561,0.6281647682189941,0.7174532413482666,1.0,1.43
87661,0.6281647682189941,0.7174532413482666,1.0,1.43
87761,0.6281647682189941,0.7174532413482666,1.0,1.43
87861,0.6281647682189941,0.7174532413482666,1.0,1.43
87961,0.6281647682189941,0.7174532413482666,1.0,1.43
88061,0.6281647682189941,0.7174532413482666,1.0,1.43
88161,0.6281647682189941,0.7174532413482666,1.0,1.43
88261,0.6281647682189941,0.7174532413482666,1.0,1.43
88361,0.6281647682189941,0.7174532413482666,1.0,1.43
88461,0.6281647682189941,0.7174532413482666,1.0,1.43
88561,0.6281647682189941,0.7174532413482666,1.0,1.43
88661,0.6625644564628601,0.7076849937438965,1.0,1.43
88761,0.6625644564628601,0.7076849937438965,1.0,1.43
88861,0.6625644564628601,0.7076849937438965,1.0,1.43
88961,0.6625644564628601,0.7076849937438965,1.0,1.43
89061,0.6625644564628601,0.7076849937438965,1.0,1.43
89161,0.6625644564628601,0.7076849937438965,1.0,1.43
89261,0.6625644564628601,0.7076849937438965,1.0,1.43
89361,0.6625644564628601,0.7076849937438965,1.0,1.43
89461,0.6625644564628601,0.7076849937438965,1.0,1.43
89561,0.6625644564628601,0.7076849937438965,1.0,1.43
89661,0.6625644564628601,0.7076849937438965,1.0,1.43
89761,0.6625644564628601,0.7076849937438965,1.0,1.43
89861,0.6625644564628601,0.7076849937438965,1.0,1.43
89961,0.6625644564628601,0.7076849937438965,1.0,1.43
90061,0.6625644564628601,0.7076849937438965,1.0,1.43
90161,0.6625644564628601,0.7076849937438965,1.0,1.43
90261,0.6625644564628601,0.7076849937438965,1.0,1.43
90361,0.6625644564628601,0.7076849937438965,1.0,1.43
90461,0.6625644564628601,0.7076849937438965,1.0,1.43
90561,0.6625644564628601,0.7076849937438965,1.0,1.43
90661,0.6625644564628601,0.7076849937438965,1.0,1.43
90761,0.6625644564628601,0.7076849937438965,1.0,1.43
90861,0.6625644564628601,0.7076849937438965,1.0,1.43
90961,0.6625644564628601,0.7076849937438965,0.99,1.43
91061,0.6625644564628601,0.7076849937438965,0.99,1.43
91161,0.6625644564628601,0.7076849937438965,0.99,1.43
91261,0.6625644564628601,0.7076849937438965,0.99,1.43
91361,0.6625644564628601,0.7076849937438965,0.99,1.43
91461,0.6625644564628601,0.7076849937438965,1.0,1.43
91561,0.6625644564628601,0.7076849937438965,1.0,1.43
91661,0.6625644564628601,0.7076849937438965,1.0,1.43
91761,0.6625644564628601,0.7076849937438965,1.0,1.43
91861,0.6625644564628601,0.7076849937438965,1.0,1.43
91961,0.6625644564628601,0.7076849937438965,1.0,1.43
92061,0.6625644564628601,0.7076849937438965,1.0,1.43
92161,0.6625644564628601,0.7076849937438965,1.0,1.43
92261,0.6625644564628601,0.7076849937438965,1.0,1.43
92361,0.6625644564628601,0.7076849937438965,1.0,1.43
92461,0.6625644564628601,0.7076849937438965,1.0,1.43
92561,0.6625644564628601,0.7076849937438965,1.0,1.43
92661,0.6625644564628601,0.7076849937438965,1.0,1.43
92761,0.6625644564628601,0.7076849937438965,1.0,1.43
92861,0.6625644564628601,0.7076849937438965,1.0,1.43
92961,0.6625644564628601,0.7076849937438965,1.0,1.43
93061,0.6625644564628601,0.7076849937438965,1.0,1.43
93161,0.6625644564628601,0.7076849937438965,1.0,1.43
93261,0.6625644564628601,0.7076849937438965,1.0,1.43
93361,0.6625644564628601,0.7076849937438965,1.0,1.43
93461,0.6625644564628601,0.7076849937438965,1.0,1.43
93561,0.6625644564628601,0.7076849937438965,1.0,1.43
93661,0.6625644564628601,0.7076849937438965,1.0,1.43
93761,0.6625644564628601,0.7076849937438965,1.0,1.43
93861,0.6625644564628601,0.7076849937438965,1.0,1.43
93961,0.6625644564628601,0.7076849937438965,1.0,1.43
94061,0.6625644564628601,0.7076849937438965,1.0,1.43
94161,0.6625644564628601,0.7076849937438965,1.0,1.43
94261,0.6625644564628601,0.7076849937438965,1.0,1.43
94361,0.6625644564628601,0.7076849937438965,1.0,1.43
94461,0.6625644564628601,0.7076849937438965,1.0,1.43
94561,0.6625644564628601,0.7076849937438965,1.0,1.43
94661,0.6625644564628601,0.7076849937438965,1.0,1.43
94761,0.6625644564628601,0.7076849937438965,1.0,1.43
94861,0.6625644564628601,0.7076849937438965,1.0,1.43
94961,0.6625644564628601,0.7076849937438965,1.0,1.43
95061,0.6625644564628601,0.7076849937438965,1.0,1.43
95161,0.6625644564628601,0.7076849937438965,1.0,1.43
95261,0.6625644564628601,0.7076849937438965,1.0,1.43
95361,0.6625644564628601,0.7076849937438965,1.0,1.43
95461,0.6625644564628601,0.7076849937438965,1.0,1.43
95561,0.6625644564628601,0.7076849937438965,1.0,1.43
95661,0.6625644564628601,0.7076849937438965,1.0,1.43
95761,0.6625644564628601,0.7076849937438965,1.0,1.43
95861,0.6625644564628601,0.7076849937438965,1.0,1.43
95961,0.6625644564628601,0.7076849937438965,1.0,1.43
96061,0.6625644564628601,0.7076849937438965,1.0,1.43
96161,0.6625644564628601,0.7076849937438965,1.0,1.43
96261,0.6625644564628601,0.7076849937438965,1.0,1.43
96361,0.6625644564628601,0.7076849937438965,1.0,1.43
96461,0.6625644564628601,0.7076849937438965,1.0,1.43
96561,0.6625644564628601,0.7076849937438965,1.0,1.43
96661,0.6625644564628601,0.7076849937438965,1.0,1.43
96761,0.6625644564628601,0.7076849937438965,1.0,1.43
96861,0.6625644564628601,0.7076849937438965,1.0,1.43
96961,0.6625644564628601,0.7076849937438965,1.0,1.43
97061,0.6625644564628601,0.7076849937438965,1.0,1.43
97161,0.6625644564628601,0.7076849937438965,1.0,1.43
97261,0.6625644564628601,0.7076849937438965,1.0,1.43
97361,0.6625644564628601,0.7076849937438965,1.0,1.43
97461,0.6625644564628601,0.7076849937438965,1.0,1.43
97561,0.6625644564628601,0.7076849937438965,1.0,1.43
97661,0.6625644564628601,0.7076849937438965,1.0,1.43
97761,0.6625644564628601,0.7076849937438965,1.0,1.43
97861,0.6625644564628601,0.7076849937438965,1.0,1.43
97961,0.6625644564628601,0.7076849937438965,1.0,1.43
98061,0.6625644564628601,0.7076849937438965,1.0,1.43
98161,0.6625644564628601,0.7076849937438965,1.0,1.43
98261,0.6625644564628601,0.7076849937438965,1.0,1.43
98361,0.6625644564628601,0.7076849937438965,1.0,1.43
98461,0.6625644564628601,0.7076849937438965,1.0,1.43
98561,0.6625644564628601,0.7076849937438965,1.0,1.43
98661,0.6625644564628601,0.7076849937438965,1.0,1.43
98761,0.6625644564628601,0.7076849937438965,1.0,1.43
98861,0.6625644564628601,0.7076849937438965,1.0,1.43
98961,0.6625644564628601,0.7076849937438965,1.0,1.43
99061,0.6625644564628601,0.7076849937438965,1.0,1.43
99161,0.6625644564628601,0.7076849937438965,1.0,1.43
99261,0.6625644564628601,0.7076849937438965,1.0,1.43
99361,0.6625644564628601,0.7076849937438965,1.0,1.43
99461,0.6625644564628601,0.7076849937438965,1.0,1.43
99561,0.6625644564628601,0.7076849937438965,1.0,1.43
99661,0.6625644564628601,0.7076849937438965,1.0,1.43
99761,0.6625644564628601,0.7076849937438965,1.0,1.43
99861,0.6625644564628601,0.7076849937438965,1.0,1.43
99961,0.6625644564628601,0.7076849937438965,1.0,1.43
100061,0.6625644564628601,0.7076849937438965,1.0,1.43
100161,0.6625644564628601,0.7076849937438965,1.0,1.43
100261,0.6625644564628601,0.7076849937438965,1.0,1.43
100361,0.6625644564628601,0.7076849937438965,1.0,1.43
100461,0.6625644564628601,0.7076849937438965,1.0,1.43
100561,0.6625644564628601,0.7076849937438965,1.0,1.43
100661,0.6625644564628601,0.7076849937438965,1.0,1.43
100761,0.6625644564628601,0.7076849937438965,1.0,1.43
100861,0.6625644564628601,0.7076849937438965,1.0,1.43
100961,0.6625644564628601,0.7076849937438965,1.0,1.43
101061,0.6625644564628601,0.7076849937438965,1.0,1.43
101161,0.6625644564628601,0.7076849937438965,1.0,1.43
101261,0.6625644564628601,0.7076849937438965,1.0,1.43
101361,0.6625644564628601,0.7076849937438965,1.0,1.43
101461,0.6625644564628601,0.7076849937438965,1.0,1.43
101561,0.6625644564628601,0.7076849937438965,1.0,1.43
101661,0.6625644564628601,0.7076849937438965,1.0,1.43
101761,0.6625644564628601,0.7076849937438965,1.0,1.43
101861,0.6625644564628601,0.7076849937438965,1.0,1.43
101961,0.6625644564628601,0.7076849937438965,1.0,1.43
102061,0.6625644564628601,0.7076849937438965,1.0,1.43
102161,0.6625644564628601,0.7076849937438965,1.0,1.43
102261,0.6625644564628601,0.7076849937438965,1.0,1.43
102361,0.6625644564628601,0.7076849937438965,1.0,1.43
102461,0.6625644564628601,0.7076849937438965,1.0,1.43
102561,0.6625644564628601,0.7076849937438965,1.0,1.43
102661,0.6625644564628601,0.7076849937438965,1.0,1.43
102761,0.6625644564628601,0.7076849937438965,1.0,1.43
102861,0.6625644564628601,0.7076849937438965,1.0,1.43
102961,0.6625644564628601,0.7076849937438965,1.0,1.43
103061,0.6625644564628601,0.7076849937438965,1.0,1.43
103161,0.6625644564628601,0.7076849937438965,1.0,1.43
103261,0.6625644564628601,0.7076849937438965,1.0,1.43
103361,0.6625644564628601,0.7076849937438965,1.0,1.43
103461,0.6625644564628601,0.7076849937438965,1.0,1.43
103561,0.6625644564628601,0.7076849937438965,1.0,1.43
103661,0.6625644564628601,0.7076849937438965,1.0,1.43
103761,0.6625644564628601,0.7076849937438965,1.0,1.43
103861,0.6625644564628601,0.7076849937438965,1.0,1.43
103961,0.6625644564628601,0.7076849937438965,1.0,1.43
104061,0.6625644564628601,0.7076849937438965,1.0,1.43
104161,0.6625644564628601,0.7076849937438965,1.0,1.43
104261,0.6625644564628601,0.7076849937438965,1.0,1.43
104361,0.6625644564628601,0.7076849937438965,1.0,1.43
104461,0.6625644564628601,0.7076849937438965,1.0,1.43
104561,0.6625644564628601,0.7076849937438965,1.0,1.43
104661,0.6625644564628601,0.7076849937438965,1.0,1.43
104761,0.6625644564628601,0.7076849937438965,1.0,1.43
104861,0.6625644564628601,0.7076849937438965,1.0,1.43
104961,0.6625644564628601,0.7076849937438965,1.0,1.43
105061,0.6625644564628601,0.7076849937438965,1.0,1.43
105161,0.6625644564628601,0.7076849937438965,1.0,1.43
105261,0.6625644564628601,0.7076849937438965,1.0,1.43
105361,0.6625644564628601,0.7076849937438965,1.0,1.43
105461,0.6625644564628601,0.7076849937438965,1.0,1.43
105561,0.6625644564628601,0.7076849937438965,1.0,1.43
105661,0.6625644564628601,0.7076849937438965,1.0,1.43
105761,0.6625644564628601,0.7076849937438965,1.0,1.43
105861,0.6625644564628601,0.7076849937438965,1.0,1.43
105961,0.6625644564628601,0.7076849937438965,1.0,1.43
106061,0.6625644564628601,0.7076849937438965,1.0,1.43
106161,0.6625644564628601,0.7076849937438965,1.0,1.43
106261,0.6625644564628601,0.7076849937438965,1.0,1.43
106361,0.6625644564628601,0.7076849937438965,1.0,1.43
106461,0.6625644564628601,0.7076849937438965,1.0,1.43
106561,0.6625644564628601,0.7076849937438965,1.0,1.43
106661,0.6625644564628601,0.7076849937438965,1.0,1.43
106761,0.6625644564628601,0.7076849937438965,1.0,1.43
106861,0.6625644564628601,0.7076849937438965,1.0,1.43
106961,0.6625644564628601,0.7076849937438965,1.0,1.43
107061,0.6625644564628601,0.7076849937438965,1.0,1.43
107161,0.6625644564628601,0.7076849937438965,1.0,1.43
107261,0.6625644564628601,0.7076849937438965,1.0,1.43
107361,0.6625644564628601,0.7076849937438965,1.0,1.43
107461,0.6625644564628601,0.7076849937438965,1.0,1.43
107561,0.6625644564628601,0.7076849937438965,1.0,1.43
107661,0.6625644564628601,0.7076849937438965,1.0,1.43
107761,0.6625644564628601,0.7076849937438965,1.0,1.43
107861,0.6625644564628601,0.7076849937438965,1.0,1.43
107961,0.6625644564628601,0.7076849937438965,1.0,1.43
108061,0.6625644564628601,0.7076849937438965,1.0,1.43
108161,0.6625644564628601,0.7076849937438965,1.0,1.43
108261,0.6625644564628601,0.7076849937438965,1.0,1.43
108361,0.6625644564628601,0.7076849937438965,1.0,1.43
108461,0.6625644564628601,0.7076849937438965,1.0,1.43
108561,0.6625644564628601,0.7076849937438965,1.0,1.43
108661,0.6625644564628601,0.7076849937438965,1.0,1.43
108761,0.6625644564628601,0.7076849937438965,1.0,1.43
108861,0.6625644564628601,0.7076849937438965,1.0,1.43
108961,0.6625644564628601,0.7076849937438965,1.0,1.43
109061,0.6625644564628601,0.7076849937438965,1.0,1.43
109161,0.6625644564628601,0.7076849937438965,1.0,1.43
109261,0.6625644564628601,0.7076849937438965,1.0,1.43
109361,0.6625644564628601,0.7076849937438965,1.0,1.43
109461,0.6625644564628601,0.7076849937438965,1.0,1.43
109561,0.6625644564628601,0.7076849937438965,1.0,1.43
109661,0.6625644564628601,0.7076849937438965,1.0,1.43
109761,0.6625644564628601,0.6681996583938599,0.55,1.40
109861,0.6625644564628601,0.6681996583938599,0.59,1.40
109961,0.6625644564628601,0.6681996583938599,0.65,1.40
110061,0.6625644564628601,0.6681996583938599,0.72,1.40
110161,0.6625644564628601,0.6681996583938599,0.77,1.40
110261,0.6625644564628601,0.6681996583938599,0.79,1.40
110361,0.6625644564628601,0.6681996583938599,0.8,1.40
110461,0.6625644564628601,0.6681996583938599,0.83,1.40
110561,0.6625644564628601,0.6681996583938599,0.82,1.40
110661,0.6625644564628601,0.6681996583938599,0.82,1.40
110761,0.6625644564628601,0.6681996583938599,0.84,1.40
110861,0.6625644564628601,0.6681996583938599,0.85,1.40
110961,0.6625644564628601,0.6681996583938599,0.85,1.40
111061,0.6625644564628601,0.6681996583938599,0.86,1.40
111161,0.6625644564628601,0.6681996583938599,0.86,1.40
111261,0.6625644564628601,0.6681996583938599,0.86,1.40
111361,0.6625644564628601,0.6681996583938599,0.86,1.40
111461,0.6625644564628601,0.6681996583938599,0.86,1.40
111561,0.6625644564628601,0.6681996583938599,0.87,1.40
111661,0.6625644564628601,0.6681996583938599,0.87,1.40
111761,0.6625644564628601,0.6681996583938599,0.87,1.40
111861,0.6625644564628601,0.6681996583938599,0.86,1.40
111961,0.6625644564628601,0.6681996583938599,0.86,1.40
112061,0.6625644564628601,0.6681996583938599,0.86,1.40
112161,0.6625644564628601,0.6681996583938599,0.86,1.40
112261,0.6625644564628601,0.6681996583938599,0.86,1.40
112361,0.6625644564628601,0.6681996583938599,0.86,1.40
112461,0.6625644564628601,0.6681996583938599,0.86,1.40
112561,0.6625644564628601,0.6681996583938599,0.88,1.40
112661,0.6625644564628601,0.6681996583938599,0.88,1.40
112761,0.6625644564628601,0.6681996583938599,0.88,1.40
112861,0.6625644564628601,0.6681996583938599,0.89,1.40
112961,0.6625644564628601,0.6681996583938599,0.89,1.40
113061,0.6625644564628601,0.6681996583938599,0.89,1.40
113161,0.6625644564628601,0.6681996583938599,0.89,1.40
113261,0.6625644564628601,0.6681996583938599,0.89,1.40
113361,0.6625644564628601,0.6681996583938599,0.89,1.40
113461,0.6625644564628601,0.6681996583938599,0.89,1.40
113561,0.6625644564628601,0.6681996583938599,0.89,1.40
113661,0.6625644564628601,0.6681996583938599,0.89,1.40
113761,0.6625644564628601,0.6681996583938599,0.89,1.40
113861,0.6625644564628601,0.6681996583938599,0.89,1.40
113961,0.6625644564628601,0.6681996583938599,0.89,1.40
114061,0.6625644564628601,0.6681996583938599,0.89,1.40
114161,0.6625644564628601,0.6681996583938599,0.89,1.40
114261,0.6625644564628601,0.6681996583938599,0.89,1.40
114361,0.6625644564628601,0.6681996583938599,0.89,1.40
114461,0.6625644564628601,0.6681996583938599,0.89,1.40
114561,0.6625644564628601,0.6681996583938599,0.89,1.40
114661,0.6625644564628601,0.6681996583938599,0.89,1.40
114761,0.6625644564628601,0.6681996583938599,0.89,1.40
114861,0.6625644564628601,0.6681996583938599,0.89,1.40
114961,0.6625644564628601,0.6681996583938599,0.89,1.40
115061,0.6625644564628601,0.6681996583938599,0.89,1.40
115161,0.6625644564628601,0.6681996583938599,0.89,1.40
115261,0.6625644564628601,0.6681996583938599,0.89,1.40
115361,0.6625644564628601,0.6681996583938599,0.89,1.40
115461,0.6625644564628601,0.6681996583938599,0.89,1.40
115561,0.6625644564628601,0.6681996583938599,0.89,1.40
115661,0.6625644564628601,0.6681996583938599,0.89,1.40
115761,0.6625644564628601,0.6681996583938599,0.89,1.40
115861,0.6625644564628601,0.6681996583938599,0.89,1.40
115961,0.6625644564628601,0.6681996583938599,0.89,1.40
116061,0.6625644564628601,0.6681996583938599,0.89,1.40
116161,0.6625644564628601,0.6681996583938599,0.89,1.40
116261,0.6625644564628601,0.6681996583938599,0.89,1.40
116361,0.6625644564628601,0.6681996583938599,0.89,1.40
116461,0.6625644564628601,0.6681996583938599,0.89,1.40
116561,0.6625644564628601,0.6681996583938599,0.89,1.40
116661,0.6625644564628601,0.6681996583938599,0.89,1.40
116761,0.6625644564628601,0.6681996583938599,0.89,1.40
116861,0.6625644564628601,0.6681996583938599,0.89,1.40
116961,0.6625644564628601,0.6681996583938599,0.89,1.40
117061,0.6625644564628601,0.6681996583938599,0.89,1.40
117161,0.6625644564628601,0.6681996583938599,0.89,1.40
117261,0.6625644564628601,0.6681996583938599,0.89,1.40
117361,0.6625644564628601,0.6681996583938599,0.89,1.40
117461,0.6625644564628601,0.6681996583938599,0.89,1.40
117561,0.6625644564628601,0.6681996583938599,0.89,1.40
117661,0.6625644564628601,0.6681996583938599,0.89,1.40
117761,0.6625644564628601,0.6681996583938599,0.89,1.40
117861,0.6625644564628601,0.6681996583938599,0.89,1.40
117961,0.6625644564628601,0.6681996583938599,0.89,1.40
118061,0.6625644564628601,0.6681996583938599,0.89,1.40
118161,0.6625644564628601,0.6681996583938599,0.89,1.40
118261,0.6625644564628601,0.6681996583938599,0.89,1.40
118361,0.6625644564628601,0.6681996583938599,0.89,1.40
118461,0.6625644564628601,0.6681996583938599,0.89,1.40
118561,0.6625644564628601,0.6681996583938599,0.89,1.40
118661,0.6625644564628601,0.6681996583938599,0.89,1.40
118761,0.6625644564628601,0.6681996583938599,0.89,1.40
118861,0.6625644564628601,0.6681996583938599,0.89,1.40
118961,0.6625644564628601,0.6681996583938599,0.89,1.40
119061,0.6625644564628601,0.6681996583938599,0.89,1.40
119161,0.6625644564628601,0.6681996583938599,0.89,1.40
119261,0.6625644564628601,0.6681996583938599,0.89,1.40
119361,0.6625644564628601,0.6681996583938599,0.89,1.40
119461,0.6625644564628601,0.6681996583938599,0.89,1.40
119561,0.6625644564628601,0.6681996583938599,0.89,1.40
119661,0.6625644564628601,0.6681996583938599,0.89,1.40
119761,0.6625644564628601,0.6681996583938599,0.89,1.40
119861,0.6625644564628601,0.6681996583938599,0.89,1.40
119961,0.6625644564628601,0.6681996583938599,0.89,1.40
120061,0.6625644564628601,0.6681996583938599,0.89,1.40
120161,0.6625644564628601,0.6681996583938599,0.89,1.40
120261,0.6625644564628601,0.6681996583938599,0.89,1.40
120361,0.6625644564628601,0.6681996583938599,0.89,1.40
120461,0.6625644564628601,0.6681996583938599,0.89,1.40
120561,0.6625644564628601,0.6681996583938599,0.89,1.40
120661,0.6625644564628601,0.6681996583938599,0.89,1.40
120761,0.6625644564628601,0.6681996583938599,0.89,1.40
120861,0.6625644564628601,0.6681996583938599,0.89,1.40
120961,0.6625644564628601,0.6681996583938599,0.89,1.40
121061,0.6625644564628601,0.6681996583938599,0.89,1.40
121161,0.6625644564628601,0.6681996583938599,0.89,1.40
121261,0.6625644564628601,0.6681996583938599,0.89,1.40
121361,0.6625644564628601,0.6681996583938599,0.89,1.40
121461,0.6625644564628601,0.6681996583938599,0.89,1.40
121561,0.6625644564628601,0.6681996583938599,0.89,1.40
121661,0.6625644564628601,0.6681996583938599,0.89,1.40
121761,0.6625644564628601,0.6681996583938599,0.89,1.40
121861,0.6625644564628601,0.6681996583938599,0.89,1.40
121961,0.6625644564628601,0.6681996583938599,0.89,1.40
122061,0.6625644564628601,0.6681996583938599,0.89,1.40
122161,0.6625644564628601,0.6681996583938599,0.89,1.40
122261,0.6625644564628601,0.6681996583938599,0.89,1.40
122361,0.6625644564628601,0.6681996583938599,0.89,1.40
122461,0.6625644564628601,0.6681996583938599,0.89,1.40
122561,0.6625644564628601,0.6681996583938599,0.89,1.40
122661,0.6625644564628601,0.6681996583938599,0.89,1.40
122761,0.6625644564628601,0.6681996583938599,0.89,1.40
122861,0.6625644564628601,0.6681996583938599,0.89,1.40
122961,0.6625644564628601,0.6681996583938599,0.89,1.40
123061,0.6625644564628601,0.6681996583938599,0.89,1.40
123161,0.6625644564628601,0.6681996583938599,0.89,1.40
123261,0.6625644564628601,0.6681996583938599,0.89,1.40
123361,0.6625644564628601,0.6681996583938599,0.89,1.40
123461,0.6625644564628601,0.6681996583938599,0.89,1.40
123561,0.6625644564628601,0.6681996583938599,0.89,1.40
123661,0.6625644564628601,0.6681996583938599,0.89,1.40
123761,0.6625644564628601,0.6681996583938599,0.89,1.40
123861,0.6625644564628601,0.6681996583938599,0.89,1.40
123961,0.6625644564628601,0.6681996583938599,0.89,1.40
124061,0.6625644564628601,0.6681996583938599,0.89,1.40
124161,0.6625644564628601,0.6681996583938599,0.89,1.40
124261,0.6625644564628601,0.6681996583938599,0.89,1.40
124361,0.6625644564628601,0.6681996583938599,0.89,1.40
124461,0.6625644564628601,0.6681996583938599,0.89,1.40
124561,0.6625644564628601,0.6681996583938599,0.89,1.40
124661,0.6625644564628601,0.6681996583938599,0.89,1.40
124761,0.6625644564628601,0.6681996583938599,0.89,1.40
124861,0.6625644564628601,0.6681996583938599,0.89,1.40
124961,0.6625644564628601,0.6681996583938599,0.89,1.40
125061,0.6625644564628601,0.6681996583938599,0.89,1.40
125161,0.6625644564628601,0.6681996583938599,0.89,1.40
125261,0.6625644564628601,0.6681996583938599,0.89,1.40
125361,0.6625644564628601,0.6681996583938599,0.89,1.40
125461,0.6625644564628601,0.6681996583938599,0.89,1.40
125561,0.6625644564628601,0.6681996583938599,0.89,1.40
125661,0.6625644564628601,0.6681996583938599,0.89,1.40
125761,0.6625644564628601,0.6681996583938599,0.89,1.40
125861,0.6625644564628601,0.6681996583938599,0.89,1.40
125961,0.6625644564628601,0.6681996583938599,0.88,1.40
126061,0.6625644564628601,0.6681996583938599,0.88,1.40
126161,0.6625644564628601,0.6681996583938599,0.88,1.40
126261,0.6625644564628601,0.6681996583938599,0.89,1.40
126361,0.6625644564628601,0.6681996583938599,0.89,1.40
126461,0.6625644564628601,0.6681996583938599,0.89,1.40
126561,0.6625644564628601,0.6681996583938599,0.89,1.40
126661,0.6625644564628601,0.6681996583938599,0.89,1.40
126761,0.6625644564628601,0.6681996583938599,0.89,1.40
126861,0.6625644564628601,0.6681996583938599,0.89,1.40
126961,0.6625644564628601,0.6681996583938599,0.89,1.40
127061,0.6625644564628601,0.6681996583938599,0.89,1.40
127161,0.6625644564628601,0.6681996583938599,0.89,1.40
127261,0.6625644564628601,0.6681996583938599,0.89,1.40
127361,0.6625644564628601,0.6681996583938599,0.89,1.40
127461,0.6625644564628601,0.6681996583938599,0.89,1.40
127561,0.6625644564628601,0.6681996583938599,0.89,1.40
127661,0.6625644564628601,0.6681996583938599,0.89,1.40
127761,0.6625644564628601,0.6681996583938599,0.89,1.40
127861,0.6625644564628601,0.6681996583938599,0.89,1.40
127961,0.6625644564628601,0.6681996583938599,0.89,1.40
128061,0.6625644564628601,0.6681996583938599,0.89,1.40
128161,0.6625644564628601,0.6681996583938599,0.89,1.40
128261,0.6625644564628601,0.6681996583938599,0.89,1.40
128361,0.6625644564628601,0.6681996583938599,0.89,1.40
128461,0.6625644564628601,0.6681996583938599,0.89,1.40
128561,0.6625644564628601,0.6681996583938599,0.89,1.40
128661,0.6625644564628601,0.6681996583938599,0.89,1.40
128761,0.6625644564628601,0.6681996583938599,0.89,1.40
128861,0.6625644564628601,0.6681996583938599,0.89,1.40
128961,0.6625644564628601,0.6681996583938599,0.89,1.40
129061,0.6625644564628601,0.6681996583938599,0.89,1.40
129161,0.6625644564628601,0.6681996583938599,0.89,1.40
129261,0.6625644564628601,0.6681996583938599,0.89,1.40
129361,0.6625644564628601,0.6681996583938599,0.89,1.40
129461,0.6625644564628601,0.6681996583938599,0.89,1.40
129561,0.6625644564628601,0.6681996583938599,0.89,1.40
129661,0.6625644564628601,0.6681996583938599,0.89,1.40
129761,0.6625644564628601,0.6681996583938599,0.89,1.40
129861,0.6625644564628601,0.6681996583938599,0.89,1.40
129961,0.6625644564628601,0.6681996583938599,0.89,1.40
130061,0.6625644564628601,0.6681996583938599,0.88,1.40
130161,0.6625644564628601,0.6681996583938599,0.88,1.40
130261,0.6625644564628601,0.6681996583938599,0.89,1.40
130361,0.6625644564628601,0.6681996583938599,0.89,1.40
130461,0.6625644564628601,0.6681996583938599,0.89,1.40
130561,0.6625644564628601,0.6681996583938599,0.89,1.40
130661,0.6625644564628601,0.6681996583938599,0.89,1.40
130761,0.6625644564628601,0.6681996583938599,0.89,1.40
130861,0.6625644564628601,0.6681996583938599,0.89,1.40
130961,0.6625644564628601,0.6681996583938599,0.89,1.40
131061,0.6625644564628601,0.6681996583938599,0.89,1.40
131161,0.6625644564628601,0.6681996583938599,0.89,1.40
131261,0.6625644564628601,0.6681996583938599,0.89,1.40
131361,0.6625644564628601,0.6681996583938599,0.89,1.40
131461,0.6625644564628601,0.6681996583938599,0.89,1.40
131561,0.6625644564628601,0.6681996583938599,0.89,1.40
131661,0.6625644564628601,0.6681996583938599,0.89,1.40
131761,0.6625644564628601,0.6681996583938599,0.89,1.40
131861,0.6625644564628601,0.6681996583938599,0.89,1.40
131961,0.6625644564628601,0.6681996583938599,0.89,1.40
132061,0.6625644564628601,0.6681996583938599,0.89,1.40
132161,0.6625644564628601,0.6681996583938599,0.89,1.40
132261,0.6625644564628601,0.6681996583938599,0.89,1.40
132361,0.6625644564628601,0.6681996583938599,0.89,1.40
132461,0.6625644564628601,0.6681996583938599,0.89,1.40
132561,0.6625644564628601,0.6681996583938599,0.89,1.40
132661,0.6625644564628601,0.6681996583938599,0.89,1.40
132761,0.6625644564628601,0.6681996583938599,0.89,1.40
132861,0.6625644564628601,0.6681996583938599,0.89,1.40
132961,0.6625644564628601,0.6681996583938599,0.89,1.40
133061,0.6625644564628601,0.6681996583938599,0.89,1.40
133161,0.6625644564628601,0.6681996583938599,0.89,1.40
133261,0.6625644564628601,0.6681996583938599,0.89,1.40
133361,0.6625644564628601,0.6681996583938599,0.89,1.40
133461,0.6625644564628601,0.6681996583938599,0.89,1.40
133561,0.6625644564628601,0.6681996583938599,0.89,1.40
133661,0.6625644564628601,0.6681996583938599,0.89,1.40
133761,0.6625644564628601,0.6681996583938599,0.89,1.40
133861,0.6625644564628601,0.6681996583938599,0.89,1.40
133961,0.6625644564628601,0.6681996583938599,0.89,1.40
134061,0.6625644564628601,0.6681996583938599,0.89,1.40
134161,0.6625644564628601,0.6681996583938599,0.89,1.40
134261,0.6625644564628601,0.6681996583938599,0.89,1.40
134361,0.6625644564628601,0.6681996583938599,0.89,1.40
134461,0.6625644564628601,0.6681996583938599,0.89,1.40
134561,0.6625644564628601,0.6681996583938599,0.89,1.40
134661,0.6625644564628601,0.6681996583938599,0.89,1.40
134761,0.6625644564628601,0.6681996583938599,0.89,1.40
134861,0.6625644564628601,0.6681996583938599,0.89,1.40
134961,0.6625644564628601,0.6681996583938599,0.89,1.40
135061,0.6625644564628601,0.6681996583938599,0.89,1.40
135161,0.6625644564628601,0.6681996583938599,0.89,1.40
135261,0.6625644564628601,0.6681996583938599,0.89,1.40
135361,0.6625644564628601,0.6681996583938599,0.89,1.40
135461,0.6625644564628601,0.6681996583938599,0.89,1.40
135561,0.6625644564628601,0.6681996583938599,0.89,1.40
135661,0.6625644564628601,0.6681996583938599,0.89,1.40
135761,0.6625644564628601,0.6681996583938599,0.89,1.40
135861,0.6625644564628601,0.6681996583938599,0.89,1.40
135961,0.6625644564628601,0.6681996583938599,0.89,1.40
136061,0.6625644564628601,0.6681996583938599,0.89,1.40
136161,0.6625644564628601,0.6681996583938599,0.89,1.40
136261,0.6625644564628601,0.6681996583938599,0.89,1.40
136361,0.6625644564628601,0.6681996583938599,0.89,1.40
136461,0.6625644564628601,0.6681996583938599,0.89,1.40
136561,0.6625644564628601,0.6681996583938599,0.89,1.40
136661,0.6625644564628601,0.6681996583938599,0.89,1.40
136761,0.6625644564628601,0.6681996583938599,0.89,1.40
136861,0.6625644564628601,0.6681996583938599,0.89,1.40
136961,0.6625644564628601,0.6681996583938599,0.89,1.40
137061,0.6625644564628601,0.6681996583938599,0.89,1.40
137161,0.6625644564628601,0.6681996583938599,0.89,1.40
137261,0.6625644564628601,0.6681996583938599,0.89,1.40
137361,0.6625644564628601,0.6681996583938599,0.89,1.40
137461,0.6625644564628601,0.6681996583938599,0.89,1.40
137561,0.6625644564628601,0.6681996583938599,0.89,1.40
137661,0.6625644564628601,0.6681996583938599,0.89,1.40
137761,0.6625644564628601,0.6681996583938599,0.89,1.40
137861,0.6625644564628601,0.6681996583938599,0.89,1.40
137961,0.6625644564628601,0.6681996583938599,0.89,1.40
138061,0.6625644564628601,0.6681996583938599,0.89,1.40
138161,0.6625644564628601,0.6681996583938599,0.89,1.40
138261,0.6625644564628601,0.6681996583938599,0.89,1.40
138361,0.6625644564628601,0.6681996583938599,0.89,1.40
138461,0.6625644564628601,0.6681996583938599,0.89,1.40
138561,0.6625644564628601,0.6681996583938599,0.89,1.40
138661,0.6625644564628601,0.6681996583938599,0.89,1.40
138761,0.6625644564628601,0.6681996583938599,0.89,1.40
138861,0.6625644564628601,0.6681996583938599,0.89,1.40
138961,0.6625644564628601,0.6681996583938599,0.89,1.40
139061,0.6625644564628601,0.6681996583938599,0.89,1.40
139161,0.6625644564628601,0.6681996583938599,0.89,1.40
139261,0.6625644564628601,0.6681996583938599,0.89,1.40
139361,0.6625644564628601,0.6681996583938599,0.89,1.40
139461,0.6625644564628601,0.6681996583938599,0.89,1.40
139561,0.6625644564628601,0.6681996583938599,0.89,1.40
139661,0.6625644564628601,0.6681996583938599,0.89,1.40
139761,0.6625644564628601,0.6681996583938599,0.89,1.40
139861,0.6625644564628601,0.6681996583938599,0.89,1.40
147907,0.6992237567901611,0.752712607383728,0.8,1.38
148007,0.6992237567901611,0.752712607383728,0.85,1.38
148107,0.6992237567901611,0.752712607383728,0.87,1.38
148207,0.6992237567901611,0.752712607383728,0.91,1.38
148307,0.6992237567901611,0.752712607383728,0.92,1.38
148407,0.6992237567901611,0.752712607383728,0.94,1.38
148507,0.6992237567901611,0.752712607383728,0.97,1.38
148607,0.6992237567901611,0.752712607383728,0.96,1.38
148707,0.6992237567901611,0.752712607383728,0.97,1.38
148807,0.6992237567901611,0.752712607383728,0.98,1.38
148907,0.6992237567901611,0.752712607383728,0.99,1.38
149007,0.6992237567901611,0.752712607383728,0.99,1.38
149107,0.6992237567901611,0.752712607383728,1.0,1.38
149207,0.6992237567901611,0.752712607383728,1.0,1.38
149307,0.6992237567901611,0.752712607383728,1.0,1.38
149407,0.6992237567901611,0.752712607383728,1.0,1.38
149507,0.6992237567901611,0.752712607383728,1.0,1.38
149607,0.6992237567901611,0.752712607383728,1.0,1.38
149707,0.6992237567901611,0.752712607383728,1.0,1.38
149807,0.6992237567901611,0.752712607383728,1.0,1.38
149907,0.6992237567901611,0.752712607383728,1.0,1.38
150007,0.6992237567901611,0.752712607383728,1.0,1.38
150107,0.6992237567901611,0.752712607383728,1.0,1.38
150207,0.6992237567901611,0.752712607383728,1.0,1.38
150307,0.6992237567901611,0.752712607383728,1.0,1.38
150407,0.6992237567901611,0.752712607383728,1.0,1.38
150507,0.6992237567901611,0.752712607383728,1.0,1.38
150607,0.6992237567901611,0.752712607383728,1.0,1.38
150707,0.6992237567901611,0.752712607383728,1.0,1.38
150807,0.6992237567901611,0.752712607383728,1.0,1.38
150907,0.6992237567901611,0.752712607383728,1.0,1.38
151007,0.6992237567901611,0.752712607383728,1.0,1.38
151107,0.6992237567901611,0.752712607383728,1.0,1.38
151207,0.6992237567901611,0.752712607383728,1.0,1.38
151307,0.6992237567901611,0.752712607383728,1.0,1.38
151407,0.6992237567901611,0.752712607383728,1.0,1.38
151507,0.6992237567901611,0.752712607383728,1.0,1.38
151607,0.6992237567901611,0.752712607383728,1.0,1.38
151707,0.6992237567901611,0.752712607383728,1.0,1.38
151807,0.6992237567901611,0.752712607383728,1.0,1.38
151907,0.6992237567901611,0.752712607383728,1.0,1.38
152007,0.6992237567901611,0.752712607383728,1.0,1.38
152107,0.6992237567901611,0.752712607383728,1.0,1.38
152207,0.6992237567901611,0.752712607383728,1.0,1.38
152307,0.6992237567901611,0.752712607383728,1.0,1.38
152407,0.6992237567901611,0.752712607383728,1.0,1.38
152507,0.6992237567901611,0.752712607383728,1.0,1.38
152607,0.6992237567901611,0.752712607383728,1.0,1.38
152707,0.6992237567901611,0.752712607383728,1.0,1.38
152807,0.6992237567901611,0.752712607383728,1.0,1.38
152907,0.6992237567901611,0.752712607383728,1.0,1.38
153007,0.6992237567901611,0.752712607383728,1.0,1.38
153107,0.6992237567901611,0.752712607383728,1.0,1.38
153207,0.6992237567901611,0.752712607383728,1.0,1.38
153307,0.6992237567901611,0.752712607383728,1.0,1.38
153407,0.6992237567901611,0.752712607383728,1.0,1.38
153507,0.6992237567901611,0.752712607383728,1.0,1.38
153607,0.6992237567901611,0.752712607383728,1.0,1.38
153707,0.6992237567901611,0.752712607383728,1.0,1.38
153807,0.6992237567901611,0.752712607383728,1.0,1.38
153907,0.6992237567901611,0.752712607383728,1.0,1.38
154007,0.6992237567901611,0.752712607383728,1.0,1.38
154107,0.6992237567901611,0.752712607383728,1.0,1.38
154207,0.6992237567901611,0.752712607383728,1.0,1.38
154307,0.6992237567901611,0.752712607383728,1.0,1.38
154407,0.6992237567901611,0.752712607383728,1.0,1.38
154507,0.6992237567901611,0.752712607383728,1.0,1.38
154607,0.6992237567901611,0.752712607383728,1.0,1.38
154707,0.6992237567901611,0.752712607383728,1.0,1.38
154807,0.6992237567901611,0.752712607383728,1.0,1.38
154907,0.6992237567901611,0.752712607383728,1.0,1.38
155007,0.6992237567901611,0.752712607383728,1.0,1.38
155107,0.6992237567901611,0.752712607383728,1.0,1.38
155207,0.6992237567901611,0.752712607383728,1.0,1.38
155307,0.6992237567901611,0.752712607383728,1.0,1.38
155407,0.6992237567901611,0.752712607383728,1.0,1.38
155507,0.6992237567901611,0.752712607383728,1.0,1.38
155607,0.6992237567901611,0.752712607383728,1.0,1.38
155707,0.6992237567901611,0.752712607383728,1.0,1.38
155807,0.6992237567901611,0.752712607383728,1.0,1.38
155907,0.6992237567901611,0.752712607383728,1.0,1.38
156007,0.6992237567901611,0.752712607383728,1.0,1.38
156107,0.6992237567901611,0.752712607383728,1.0,1.38
156207,0.6992237567901611,0.752712607383728,1.0,1.38
156307,0.6992237567901611,0.752712607383728,1.0,1.38
156407,0.6992237567901611,0.752712607383728,1.0,1.38
156507,0.6992237567901611,0.752712607383728,1.0,1.38
156607,0.6992237567901611,0.752712607383728,1.0,1.38
156707,0.6992237567901611,0.752712607383728,1.0,1.38
156807,0.6992237567901611,0.752712607383728,1.0,1.38
156907,0.6992237567901611,0.752712607383728,1.0,1.38
157007,0.6992237567901611,0.752712607383728,1.0,1.38
157107,0.6992237567901611,0.752712607383728,1.0,1.38
157207,0.6992237567901611,0.752712607383728,1.0,1.38
157307,0.6992237567901611,0.752712607383728,1.0,1.38
157407,0.6992237567901611,0.752712607383728,1.0,1.38
157507,0.6992237567901611,0.752712607383728,1.0,1.38
157607,0.6992237567901611,0.752712607383728,1.0,1.38
157707,0.6992237567901611,0.752712607383728,1.0,1.38
157807,0.6992237567901611,0.752712607383728,1.0,1.38
157907,0.6992237567901611,0.752712607383728,1.0,1.38
158007,0.6992237567901611,0.752712607383728,1.0,1.38
158107,0.6992237567901611,0.752712607383728,1.0,1.38
158207,0.6992237567901611,0.752712607383728,1.0,1.38
158307,0.6992237567901611,0.752712607383728,1.0,1.38
158407,0.6992237567901611,0.752712607383728,1.0,1.38
158507,0.6992237567901611,0.752712607383728,1.0,1.38
158607,0.6992237567901611,0.752712607383728,1.0,1.38
158707,0.6992237567901611,0.752712607383728,1.0,1.38
158807,0.6992237567901611,0.752712607383728,1.0,1.38
158907,0.6992237567901611,0.752712607383728,1.0,1.38
159007,0.6992237567901611,0.752712607383728,1.0,1.38
159107,0.6992237567901611,0.752712607383728,1.0,1.38
159207,0.6992237567901611,0.752712607383728,1.0,1.38
159307,0.6992237567901611,0.752712607383728,1.0,1.38
159407,0.6992237567901611,0.752712607383728,1.0,1.38
159507,0.6992237567901611,0.752712607383728,1.0,1.38
159607,0.6992237567901611,0.752712607383728,1.0,1.38
159707,0.6992237567901611,0.752712607383728,1.0,1.38
159807,0.6992237567901611,0.752712607383728,1.0,1.38
159907,0.6992237567901611,0.752712607383728,1.0,1.38
160007,0.6992237567901611,0.752712607383728,1.0,1.38
160107,0.6992237567901611,0.752712607383728,1.0,1.38
160207,0.6992237567901611,0.752712607383728,1.0,1.38
160307,0.6992237567901611,0.752712607383728,1.0,1.38
160407,0.6992237567901611,0.752712607383728,1.0,1.38
160507,0.6992237567901611,0.752712607383728,1.0,1.38
160607,0.6992237567901611,0.752712607383728,1.0,1.38
160707,0.6992237567901611,0.752712607383728,1.0,1.38
160807,0.6992237567901611,0.752712607383728,1.0,1.38
160907,0.6992237567901611,0.752712607383728,1.0,1.38
161007,0.6992237567901611,0.752712607383728,1.0,1.38
161107,0.6992237567901611,0.752712607383728,1.0,1.38
161207,0.6992237567901611,0.752712607383728,1.0,1.38
161307,0.6992237567901611,0.752712607383728,1.0,1.38
161407,0.6992237567901611,0.752712607383728,1.0,1.38
161507,0.6992237567901611,0.752712607383728,1.0,1.38
161607,0.6992237567901611,0.752712607383728,1.0,1.38
161707,0.6992237567901611,0.752712607383728,1.0,1.38
161807,0.6992237567901611,0.752712607383728,1.0,1.38
161907,0.6992237567901611,0.752712607383728,1.0,1.38
162007,0.6992237567901611,0.752712607383728,1.0,1.38
162107,0.6992237567901611,0.752712607383728,1.0,1.38
162207,0.6992237567901611,0.752712607383728,1.0,1.38
162307,0.6992237567901611,0.752712607383728,1.0,1.38
162407,0.6992237567901611,0.752712607383728,1.0,1.38
162507,0.6992237567901611,0.752712607383728,1.0,1.38
162607,0.6992237567901611,0.752712607383728,1.0,1.38
162707,0.6992237567901611,0.752712607383728,1.0,1.38
162807,0.6992237567901611,0.752712607383728,1.0,1.38
162907,0.6992237567901611,0.752712607383728,1.0,1.38
163007,0.6992237567901611,0.752712607383728,1.0,1.38
163107,0.6992237567901611,0.752712607383728,1.0,1.38
163207,0.6992237567901611,0.752712607383728,1.0,1.38
163307,0.6992237567901611,0.752712607383728,1.0,1.38
163407,0.6992237567901611,0.752712607383728,1.0,1.38
163507,0.6992237567901611,0.752712607383728,1.0,1.38
163607,0.6992237567901611,0.752712607383728,1.0,1.38
163707,0.6992237567901611,0.752712607383728,1.0,1.38
163807,0.6992237567901611,0.752712607383728,1.0,1.38
163907,0.6992237567901611,0.752712607383728,1.0,1.38
164007,0.6992237567901611,0.752712607383728,1.0,1.38
164107,0.6992237567901611,0.752712607383728,1.0,1.38
164207,0.6992237567901611,0.752712607383728,1.0,1.38
164307,0.6992237567901611,0.752712607383728,1.0,1.38
164407,0.6992237567901611,0.752712607383728,1.0,1.38
164507,0.6992237567901611,0.752712607383728,1.0,1.38
164607,0.6992237567901611,0.752712607383728,1.0,1.38
164707,0.6992237567901611,0.752712607383728,1.0,1.38
164807,0.6992237567901611,0.752712607383728,1.0,1.38
164907,0.6992237567901611,0.752712607383728,1.0,1.38
165007,0.6992237567901611,0.752712607383728,1.0,1.38
165107,0.6992237567901611,0.752712607383728,1.0,1.38
165207,0.6992237567901611,0.752712607383728,1.0,1.38
165307,0.6992237567901611,0.752712607383728,1.0,1.38
165407,0.6992237567901611,0.752712607383728,1.0,1.38
165507,0.6992237567901611,0.752712607383728,1.0,1.38
165607,0.6992237567901611,0.752712607383728,1.0,1.38
165707,0.6992237567901611,0.752712607383728,1.0,1.38
165807,0.6992237567901611,0.752712607383728,1.0,1.38
165907,0.6992237567901611,0.752712607383728,1.0,1.38
166007,0.6992237567901611,0.752712607383728,1.0,1.38
166107,0.6992237567901611,0.752712607383728,1.0,1.38
166207,0.6992237567901611,0.752712607383728,1.0,1.38
166307,0.6992237567901611,0.752712607383728,1.0,1.38
166407,0.6992237567901611,0.752712607383728,1.0,1.38
166507,0.6992237567901611,0.752712607383728,1.0,1.38
166607,0.6992237567901611,0.752712607383728,1.0,1.38
166707,0.6992237567901611,0.752712607383728,1.0,1.38
166807,0.6992237567901611,0.752712607383728,1.0,1.38
166907,0.6992237567901611,0.752712607383728,1.0,1.38
167007,0.6992237567901611,0.752712607383728,1.0,1.38
167107,0.6992237567901611,0.752712607383728,1.0,1.38
167207,0.6992237567901611,0.752712607383728,1.0,1.38
167307,0.6992237567901611,0.752712607383728,1.0,1.38
167407,0.6992237567901611,0.752712607383728,1.0,1.38
167507,0.6992237567901611,0.752712607383728,1.0,1.38
167607,0.6992237567901611,0.752712607383728,1.0,1.38
167707,0.6992237567901611,0.752712607383728,1.0,1.38
167807,0.6992237567901611,0.752712607383728,1.0,1.38
167907,0.6992237567901611,0.752712607383728,1.0,1.38
168007,0.6992237567901611,0.752712607383728,1.0,1.38
168107,0.6992237567901611,0.752712607383728,1.0,1.38
168207,0.6992237567901611,0.752712607383728,1.0,1.38
168307,0.6992237567901611,0.752712607383728,1.0,1.38
168407,0.6992237567901611,0.752712607383728,1.0,1.38
168507,0.6992237567901611,0.752712607383728,1.0,1.38
168607,0.6992237567901611,0.752712607383728,1.0,1.38
168707,0.6992237567901611,0.752712607383728,1.0,1.38
168807,0.6992237567901611,0.752712607383728,1.0,1.38
168907,0.6992237567901611,0.752712607383728,1.0,1.38
169007,0.6992237567901611,0.752712607383728,1.0,1.38
169107,0.6992237567901611,0.752712607383728,1.0,1.38
169207,0.6992237567901611,0.752712607383728,1.0,1.38
169307,0.6992237567901611,0.752712607383728,1.0,1.38
169407,0.6992237567901611,0.752712607383728,1.0,1.38
169507,0.6992237567901611,0.752712607383728,1.0,1.38
169607,0.6992237567901611,0.752712607383728,1.0,1.38
169707,0.6992237567901611,0.752712607383728,1.0,1.38
169807,0.6992237567901611,0.752712607383728,1.0,1.38
169907,0.6992237567901611,0.752712607383728,1.0,1.38
170007,0.6992237567901611,0.752712607383728,1.0,1.38
170107,0.6992237567901611,0.752712607383728,1.0,1.38
170207,0.6992237567901611,0.752712607383728,1.0,1.38
170307,0.6992237567901611,0.752712607383728,1.0,1.38
170407,0.6992237567901611,0.752712607383728,1.0,1.38
170507,0.6992237567901611,0.752712607383728,1.0,1.38
170607,0.6992237567901611,0.752712607383728,1.0,1.38
170707,0.6992237567901611,0.752712607383728,1.0,1.38
170807,0.6992237567901611,0.752712607383728,1.0,1.38
170907,0.6992237567901611,0.752712607383728,1.0,1.38
171007,0.6992237567901611,0.752712607383728,1.0,1.38
171107,0.6992237567901611,0.752712607383728,1.0,1.38
171207,0.6992237567901611,0.752712607383728,1.0,1.38
171307,0.6992237567901611,0.752712607383728,1.0,1.38
171407,0.6992237567901611,0.752712607383728,1.0,1.38
171507,0.6992237567901611,0.752712607383728,1.0,1.38
171607,0.6992237567901611,0.752712607383728,1.0,1.38
171707,0.6992237567901611,0.752712607383728,1.0,1.38
171807,0.6992237567901611,0.752712607383728,1.0,1.38
171907,0.6992237567901611,0.752712607383728,1.0,1.38
172007,0.6992237567901611,0.752712607383728,1.0,1.38
172107,0.6992237567901611,0.752712607383728,1.0,1.38
172207,0.6992237567901611,0.752712607383728,1.0,1.38
172307,0.6992237567901611,0.752712607383728,1.0,1.38
172407,0.6992237567901611,0.752712607383728,1.0,1.38
172507,0.6992237567901611,0.752712607383728,1.0,1.38
172607,0.6992237567901611,0.752712607383728,1.0,1.38
172707,0.6992237567901611,0.752712607383728,1.0,1.38
172807,0.6992237567901611,0.752712607383728,1.0,1.38
172907,0.6992237567901611,0.752712607383728,1.0,1.38
173007,0.6992237567901611,0.752712607383728,1.0,1.38
173107,0.6992237567901611,0.752712607383728,1.0,1.38
173207,0.6992237567901611,0.752712607383728,1.0,1.38
173307,0.6992237567901611,0.752712607383728,1.0,1.38
173407,0.6992237567901611,0.752712607383728,1.0,1.38
173507,0.6992237567901611,0.752712607383728,1.0,1.38
173607,0.6992237567901611,0.752712607383728,1.0,1.38
173707,0.6992237567901611,0.752712607383728,1.0,1.38
173807,0.6992237567901611,0.752712607383728,1.0,1.38
173907,0.6992237567901611,0.752712607383728,1.0,1.38
174007,0.6992237567901611,0.752712607383728,1.0,1.38
174107,0.6992237567901611,0.752712607383728,1.0,1.38
174207,0.6992237567901611,0.752712607383728,1.0,1.38
174307,0.6992237567901611,0.752712607383728,1.0,1.38
174407,0.6992237567901611,0.752712607383728,1.0,1.38
174507,0.6992237567901611,0.752712607383728,1.0,1.38
174607,0.6992237567901611,0.752712607383728,1.0,1.38
174707,0.6992237567901611,0.752712607383728,1.0,1.38
174807,0.6992237567901611,0.752712607383728,1.0,1.38
174907,0.6992237567901611,0.752712607383728,1.0,1.38
175007,0.6992237567901611,0.752712607383728,1.0,1.38
175107,0.6992237567901611,0.752712607383728,1.0,1.38
175207,0.6992237567901611,0.752712607383728,1.0,1.38
175307,0.6992237567901611,0.752712607383728,1.0,1.38
175407,0.6992237567901611,0.752712607383728,1.0,1.38
175507,0.6992237567901611,0.752712607383728,1.0,1.38
175607,0.6992237567901611,0.752712607383728,1.0,1.38
175707,0.6992237567901611,0.752712607383728,1.0,1.38
175807,0.6992237567901611,0.752712607383728,1.0,1.38
175907,0.6992237567901611,0.752712607383728,1.0,1.38
176007,0.6992237567901611,0.752712607383728,1.0,1.38
176107,0.6992237567901611,0.752712607383728,1.0,1.38
176207,0.6992237567901611,0.752712607383728,1.0,1.38
176307,0.6992237567901611,0.752712607383728,1.0,1.38
176407,0.6992237567901611,0.752712607383728,1.0,1.38
176507,0.6992237567901611,0.752712607383728,1.0,1.38
176607,0.6992237567901611,0.752712607383728,1.0,1.38
176707,0.6992237567901611,0.752712607383728,1.0,1.38
176807,0.6992237567901611,0.752712607383728,1.0,1.38
176907,0.6992237567901611,0.752712607383728,1.0,1.38
177007,0.6992237567901611,0.752712607383728,1.0,1.38
177107,0.6992237567901611,0.752712607383728,1.0,1.38
177207,0.6992237567901611,0.752712607383728,1.0,1.38
177307,0.6992237567901611,0.752712607383728,1.0,1.38
177407,0.6992237567901611,0.752712607383728,1.0,1.38
177507,0.6992237567901611,0.752712607383728,1.0,1.38
177607,0.6992237567901611,0.752712607383728,1.0,1.38
177707,0.6992237567901611,0.752712607383728,1.0,1.38
177807,0.6992237567901611,0.752712607383728,1.0,1.38
177907,0.6992237567901611,0.752712607383728,1.0,1.38
178007,0.6992237567901611,0.752712607383728,1.0,1.38
178107,0.6992237567901611,0.7076849937438965,0.78,1.40
178207,0.6992237567901611,0.7076849937438965,0.81,1.40
178307,0.6992237567901611,0.7076849937438965,0.83,1.40
178407,0.6992237567901611,0.7076849937438965,0.89,1.40
178507,0.6992237567901611,0.7076849937438965,0.9,1.40
178607,0.6992237567901611,0.7076849937438965,0.92,1.40
178707,0.6992237567901611,0.7076849937438965,0.93,1.40
178807,0.6992237567901611,0.7076849937438965,0.93,1.40
178907,0.6992237567901611,0.7076849937438965,0.93,1.40
179007,0.6992237567901611,0.7076849937438965,0.94,1.40
179107,0.6992237567901611,0.7076849937438965,0.94,1.40
179207,0.6992237567901611,0.7076849937438965,0.95,1.40
179307,0.6992237567901611,0.7076849937438965,0.95,1.40
179407,0.6992237567901611,0.7076849937438965,0.95,1.40
179507,0.6992237567901611,0.7076849937438965,0.95,1.40
179607,0.6992237567901611,0.7076849937438965,0.95,1.40
179707,0.6992237567901611,0.7076849937438965,0.95,1.40
179807,0.6992237567901611,0.7076849937438965,0.95,1.40
179907,0.6992237567901611,0.7076849937438965,0.95,1.40
180007,0.6992237567901611,0.7076849937438965,0.95,1.40
180107,0.6992237567901611,0.7076849937438965,0.95,1.40
180207,0.6992237567901611,0.7076849937438965,0.95,1.40
180307,0.6992237567901611,0.7076849937438965,0.95,1.40
180407,0.6992237567901611,0.7076849937438965,0.95,1.40
180507,0.6992237567901611,0.7076849937438965,0.95,1.40
180607,0.6992237567901611,0.7076849937438965,0.95,1.40
180707,0.6992237567901611,0.7076849937438965,0.95,1.40
180807,0.6992237567901611,0.7076849937438965,0.95,1.40
180907,0.6992237567901611,0.7076849937438965,0.95,1.40
181007,0.6992237567901611,0.7076849937438965,0.95,1.40
181107,0.6992237567901611,0.7076849937438965,0.95,1.40
181207,0.6992237567901611,0.7076849937438965,0.95,1.40
181307,0.6992237567901611,0.7076849937438965,0.95,1.40
181407,0.6992237567901611,0.7076849937438965,0.95,1.40
181507,0.6992237567901611,0.7076849937438965,0.95,1.40
181607,0.6992237567901611,0.7076849937438965,0.95,1.40
181707,0.6992237567901611,0.7076849937438965,0.95,1.40
181807,0.6992237567901611,0.7076849937438965,0.95,1.40
181907,0.6992237567901611,0.7076849937438965,0.95,1.40
182007,0.6992237567901611,0.7076849937438965,0.95,1.40
182107,0.6992237567901611,0.7076849937438965,0.95,1.40
182207,0.6992237567901611,0.7076849937438965,0.95,1.40
182307,0.6992237567901611,0.7076849937438965,0.95,1.40
182407,0.6992237567901611,0.7076849937438965,0.95,1.40
182507,0.6992237567901611,0.7076849937438965,0.95,1.40
182607,0.6992237567901611,0.7076849937438965,0.95,1.40
182707,0.6992237567901611,0.7076849937438965,0.95,1.40
182807,0.6992237567901611,0.7076849937438965,0.95,1.40
182907,0.6992237567901611,0.7076849937438965,0.95,1.40
183007,0.6992237567901611,0.7076849937438965,0.95,1.40
183107,0.6992237567901611,0.7076849937438965,0.95,1.40
183207,0.6992237567901611,0.7076849937438965,0.95,1.40
183307,0.6992237567901611,0.7076849937438965,0.95,1.40
183407,0.6992237567901611,0.7076849937438965,0.95,1.40
183507,0.6992237567901611,0.7076849937438965,0.95,1.40
183607,0.6992237567901611,0.7076849937438965,0.95,1.40
183707,0.6992237567901611,0.7076849937438965,0.95,1.40
183807,0.6992237567901611,0.7076849937438965,0.95,1.40
183907,0.6992237567901611,0.7076849937438965,0.95,1.40
184007,0.6992237567901611,0.7076849937438965,0.95,1.40
184107,0.6992237567901611,0.7076849937438965,0.95,1.40
184207,0.6992237567901611,0.7076849937438965,0.95,1.40
184307,0.6992237567901611,0.7076849937438965,0.95,1.40
184407,0.6992237567901611,0.7076849937438965,0.95,1.40
184507,0.6992237567901611,0.7076849937438965,0.95,1.40
184607,0.6992237567901611,0.7076849937438965,0.95,1.40
184707,0.6992237567901611,0.7076849937438965,0.95,1.40
184807,0.6992237567901611,0.7076849937438965,0.95,1.40
184907,0.6992237567901611,0.7076849937438965,0.95,1.40
185007,0.6992237567901611,0.7076849937438965,0.95,1.40
185107,0.6992237567901611,0.7076849937438965,0.95,1.40
185207,0.6992237567901611,0.7076849937438965,0.95,1.40
185307,0.6992237567901611,0.7076849937438965,0.95,1.40
185407,0.6992237567901611,0.7076849937438965,0.95,1.40
185507,0.6992237567901611,0.7076849937438965,0.95,1.40
185607,0.6992237567901611,0.7076849937438965,0.95,1.40
185707,0.6992237567901611,0.7076849937438965,0.95,1.40
185807,0.6992237567901611,0.7076849937438965,0.95,1.40
185907,0.6992237567901611,0.7076849937438965,0.95,1.40
186007,0.6992237567901611,0.7076849937438965,0.95,1.40
186107,0.6992237567901611,0.7076849937438965,0.95,1.40
186207,0.6992237567901611,0.7076849937438965,0.95,1.40
186307,0.6992237567901611,0.7076849937438965,0.95,1.40
186407,0.6992237567901611,0.7076849937438965,0.95,1.40
186507,0.6992237567901611,0.7076849937438965,0.95,1.40
186607,0.6992237567901611,0.7076849937438965,0.95,1.40
186707,0.6992237567901611,0.7076849937438965,0.95,1.40
186807,0.6992237567901611,0.7076849937438965,0.95,1.40
186907,0.6992237567901611,0.7076849937438965,0.95,1.40
187007,0.6992237567901611,0.7076849937438965,0.95,1.40
187107,0.6992237567901611,0.7076849937438965,0.95,1.40
187207,0.6992237567901611,0.7076849937438965,0.95,1.40
187307,0.6992237567901611,0.7076849937438965,0.95,1.40
187407,0.6992237567901611,0.7076849937438965,0.95,1.40
187507,0.6992237567901611,0.7076849937438965,0.95,1.40
187607,0.6992237567901611,0.7076849937438965,0.95,1.40
187707,0.6992237567901611,0.7076849937438965,0.95,1.40
187807,0.6992237567901611,0.7076849937438965,0.95,1.40
187907,0.6992237567901611,0.7076849937438965,0.95,1.40
188007,0.6992237567901611,0.7076849937438965,0.95,1.40
188107,0.6992237567901611,0.7076849937438965,0.95,1.40
188207,0.6992237567901611,0.7076849937438965,0.95,1.40
188307,0.6992237567901611,0.7076849937438965,0.95,1.40
188407,0.6992237567901611,0.7076849937438965,0.95,1.40
188507,0.6992237567901611,0.7076849937438965,0.95,1.40
188607,0.6992237567901611,0.7076849937438965,0.95,1.40
188707,0.6992237567901611,0.7076849937438965,0.95,1.40
188807,0.6992237567901611,0.7076849937438965,0.95,1.40
188907,0.6992237567901611,0.7076849937438965,0.95,1.40
189007,0.6992237567901611,0.7076849937438965,0.95,1.40
189107,0.6992237567901611,0.7076849937438965,0.95,1.40
189207,0.6992237567901611,0.7076849937438965,0.95,1.40
189307,0.6992237567901611,0.7076849937438965,0.95,1.40
189407,0.6992237567901611,0.7076849937438965,0.95,1.40
189507,0.6992237567901611,0.7076849937438965,0.95,1.40
189607,0.6992237567901611,0.7076849937438965,0.95,1.40
189707,0.6992237567901611,0.7076849937438965,0.95,1.40
189807,0.6992237567901611,0.7076849937438965,0.95,1.40
189907,0.6992237567901611,0.7076849937438965,0.95,1.40
190007,0.6992237567901611,0.7076849937438965,0.95,1.40
190107,0.6992237567901611,0.7076849937438965,0.95,1.40
190207,0.6992237567901611,0.7076849937438965,0.95,1.40
190307,0.6992237567901611,0.7076849937438965,0.95,1.40
190407,0.6992237567901611,0.7076849937438965,0.95,1.40
190507,0.6992237567901611,0.7076849937438965,0.95,1.40
190607,0.6992237567901611,0.7076849937438965,0.95,1.40
190707,0.6992237567901611,0.7076849937438965,0.95,1.40
190807,0.6992237567901611,0.7076849937438965,0.95,1.40
190907,0.6992237567901611,0.7076849937438965,0.95,1.40
191007,0.6992237567901611,0.7076849937438965,0.95,1.40
191107,0.6992237567901611,0.7076849937438965,0.95,1.40
191207,0.6992237567901611,0.7076849937438965,0.95,1.40
191307,0.6992237567901611,0.7076849937438965,0.95,1.40
191407,0.6992237567901611,0.7076849937438965,0.95,1.40
191507,0.6992237567901611,0.7076849937438965,0.95,1.40
191607,0.6992237567901611,0.7076849937438965,0.95,1.40
191707,0.6992237567901611,0.7076849937438965,0.95,1.40
191807,0.6992237567901611,0.7076849937438965,0.95,1.40
191907,0.6992237567901611,0.7076849937438965,0.95,1.40
192007,0.6992237567901611,0.7076849937438965,0.95,1.40
192107,0.6992237567901611,0.7076849937438965,0.95,1.40
192207,0.6992237567901611,0.7076849937438965,0.95,1.40
192307,0.6992237567901611,0.7076849937438965,0.95,1.40
192407,0.6992237567901611,0.7076849937438965,0.95,1.40
192507,0.6992237567901611,0.7076849937438965,0.95,1.40
192607,0.6992237567901611,0.7076849937438965,0.95,1.40
192707,0.6992237567901611,0.7076849937438965,0.95,1.40
192807,0.6992237567901611,0.7076849937438965,0.95,1.40
192907,0.6992237567901611,0.7076849937438965,0.95,1.40
193007,0.6992237567901611,0.7076849937438965,0.95,1.40
193107,0.6992237567901611,0.7076849937438965,0.95,1.40
193207,0.6992237567901611,0.7076849937438965,0.95,1.40
193307,0.6992237567901611,0.7076849937438965,0.95,1.40
193407,0.6992237567901611,0.7076849937438965,0.95,1.40
193507,0.6992237567901611,0.7076849937438965,0.95,1.40
193607,0.6992237567901611,0.7076849937438965,0.95,1.40
193707,0.6992237567901611,0.7076849937438965,0.95,1.40
193807,0.6992237567901611,0.7076849937438965,0.95,1.40
193907,0.6992237567901611,0.7076849937438965,0.95,1.40
194007,0.6992237567901611,0.7076849937438965,0.95,1.40
194107,0.6992237567901611,0.7076849937438965,0.95,1.40
194207,0.6992237567901611,0.7076849937438965,0.95,1.40
194307,0.6992237567901611,0.7076849937438965,0.95,1.40
194407,0.6992237567901611,0.7076849937438965,0.95,1.40
194507,0.6992237567901611,0.7076849937438965,0.95,1.40
194607,0.6992237567901611,0.7076849937438965,0.95,1.40
194707,0.6992237567901611,0.7076849937438965,0.95,1.40
194807,0.6992237567901611,0.7076849937438965,0.95,1.40
194907,0.6992237567901611,0.7076849937438965,0.95,1.40
195007,0.6992237567901611,0.7076849937438965,0.95,1.40
195107,0.6992237567901611,0.7076849937438965,0.95,1.40
195207,0.6992237567901611,0.7076849937438965,0.95,1.40
195307,0.6992237567901611,0.7076849937438965,0.95,1.40
195407,0.6992237567901611,0.7076849937438965,0.95,1.40
195507,0.6992237567901611,0.7076849937438965,0.95,1.40
195607,0.6992237567901611,0.7076849937438965,0.95,1.40
195707,0.6992237567901611,0.7076849937438965,0.95,1.40
195807,0.6992237567901611,0.7076849937438965,0.95,1.40
195907,0.6992237567901611,0.7076849937438965,0.95,1.40
196007,0.6992237567901611,0.7076849937438965,0.95,1.40
196107,0.6992237567901611,0.7076849937438965,0.95,1.40
196207,0.6992237567901611,0.7076849937438965,0.95,1.40
196307,0.6992237567901611,0.7076849937438965,0.95,1.40
196407,0.6992237567901611,0.7076849937438965,0.95,1.40
196507,0.6992237567901611,0.7076849937438965,0.95,1.40
196607,0.6992237567901611,0.7076849937438965,0.95,1.40
196707,0.6992237567901611,0.7076849937438965,0.95,1.40
196807,0.6992237567901611,0.7076849937438965,0.95,1.40
196907,0.6992237567901611,0.7076849937438965,0.95,1.40
197007,0.6992237567901611,0.7076849937438965,0.95,1.40
197107,0.6992237567901611,0.7076849937438965,0.95,1.40
197207,0.6992237567901611,0.7076849937438965,0.95,1.40
197307,0.6992237567901611,0.7076849937438965,0.95,1.40
197407,0.6992237567901611,0.7076849937438965,0.95,1.40
197507,0.6992237567901611,0.7076849937438965,0.95,1.40
197607,0.6992237567901611,0.7076849937438965,0.96,1.40
197707,0.6992237567901611,0.7076849937438965,0.96,1.40
197807,0.6992237567901611,0.7076849937438965,0.96,1.40
197907,0.6992237567901611,0.7076849937438965,0.96,1.40
198007,0.6992237567901611,0.7076849937438965,0.96,1.40
198107,0.6992237567901611,0.7076849937438965,0.96,1.40
198207,0.6992237567901611,0.7076849937438965,0.96,1.40
198307,0.6992237567901611,0.7076849937438965,0.96,1.40
198407,0.6992237567901611,0.7076849937438965,0.96,1.40
198507,0.6992237567901611,0.7076849937438965,0.96,1.40
198607,0.6992237567901611,0.7076849937438965,0.96,1.40
198707,0.6992237567901611,0.7076849937438965,0.96,1.40
198807,0.6992237567901611,0.7076849937438965,0.96,1.40
198907,0.6992237567901611,0.7076849937438965,0.96,1.40
199007,0.6992237567901611,0.7076849937438965,0.96,1.40
199107,0.6992237567901611,0.7076849937438965,0.96,1.40
199207,0.6992237567901611,0.7076849937438965,0.96,1.40
199307,0.6992237567901611,0.7076849937438965,0.96,1.40
199407,0.6992237567901611,0.7076849937438965,0.96,1.40
199507,0.6992237567901611,0.7076849937438965,0.96,1.40
199607,0.6992237567901611,0.7076849937438965,0.96,1.40
199707,0.6992237567901611,0.7076849937438965,0.96,1.40
199807,0.6992237567901611,0.7076849937438965,0.96,1.40
199907,0.6992237567901611,0.7076849937438965,0.96,1.40
200007,0.6992237567901611,0.7076849937438965,0.96,1.40
200107,0.6992237567901611,0.7076849937438965,0.96,1.40
200207,0.6992237567901611,0.7076849937438965,0.96,1.40
200307,0.6992237567901611,0.7076849937438965,0.96,1.40
200407,0.6992237567901611,0.7076849937438965,0.96,1.40
200507,0.6992237567901611,0.7076849937438965,0.96,1.40
200607,0.6992237567901611,0.7076849937438965,0.96,1.40
200707,0.6992237567901611,0.7076849937438965,0.96,1.40
200807,0.6992237567901611,0.7076849937438965,0.96,1.40
200907,0.6992237567901611,0.7076849937438965,0.96,1.40
201007,0.6992237567901611,0.7076849937438965,0.96,1.40
201107,0.6992237567901611,0.7076849937438965,0.96,1.40
201207,0.6992237567901611,0.7076849937438965,0.96,1.40
201307,0.6992237567901611,0.7076849937438965,0.96,1.40
201407,0.6992237567901611,0.7076849937438965,0.96,1.40
201507,0.6992237567901611,0.7076849937438965,0.96,1.40
201607,0.6992237567901611,0.7076849937438965,0.96,1.40
201707,0.6992237567901611,0.7076849937438965,0.96,1.40
201807,0.6992237567901611,0.7076849937438965,0.96,1.40
201907,0.6992237567901611,0.7076849937438965,0.96,1.40
202007,0.6992237567901611,0.7076849937438965,0.96,1.40
202107,0.6992237567901611,0.7076849937438965,0.96,1.40
202207,0.6992237567901611,0.7076849937438965,0.96,1.40
202307,0.6992237567901611,0.7076849937438965,0.96,1.40
202407,0.6992237567901611,0.7076849937438965,0.96,1.40
202507,0.6992237567901611,0.7076849937438965,0.96,1.40
202607,0.6992237567901611,0.7076849937438965,0.96,1.40
202707,0.6992237567901611,0.7076849937438965,0.96,1.40
202807,0.6992237567901611,0.7076849937438965,0.96,1.40
202907,0.6992237567901611,0.7076849937438965,0.96,1.40
203007,0.6992237567901611,0.7076849937438965,0.96,1.40
203107,0.6992237567901611,0.7076849937438965,0.96,1.40
203207,0.6992237567901611,0.7076849937438965,0.96,1.40
203307,0.6992237567901611,0.7076849937438965,0.96,1.40
203407,0.6992237567901611,0.7076849937438965,0.96,1.40
203507,0.6992237567901611,0.7076849937438965,0.96,1.40
203607,0.6992237567901611,0.7076849937438965,0.96,1.40
203707,0.6992237567901611,0.7076849937438965,0.96,1.40
203807,0.6992237567901611,0.7076849937438965,0.96,1.40
203907,0.6992237567901611,0.7076849937438965,0.96,1.40
204007,0.6992237567901611,0.7076849937438965,0.96,1.40
204107,0.6992237567901611,0.7076849937438965,0.96,1.40
204207,0.6992237567901611,0.7076849937438965,0.96,1.40
204307,0.6992237567901611,0.7076849937438965,0.96,1.40
204407,0.6992237567901611,0.7076849937438965,0.96,1.40
204507,0.6992237567901611,0.7076849937438965,0.96,1.40
204607,0.6992237567901611,0.7076849937438965,0.96,1.40
204707,0.6992237567901611,0.7076849937438965,0.96,1.40
204807,0.6992237567901611,0.7076849937438965,0.96,1.40
204907,0.6992237567901611,0.7076849937438965,0.96,1.40
205007,0.6992237567901611,0.7076849937438965,0.96,1.40
205107,0.6992237567901611,0.7076849937438965,0.96,1.40
205207,0.6992237567901611,0.7076849937438965,0.96,1.40
205307,0.6992237567901611,0.7076849937438965,0.96,1.40
205407,0.6992237567901611,0.7076849937438965,0.96,1.40
205507,0.6992237567901611,0.7076849937438965,0.96,1.40
205607,0.6992237567901611,0.7076849937438965,0.96,1.40
205707,0.6992237567901611,0.7076849937438965,0.96,1.40
205807,0.6992237567901611,0.7076849937438965,0.96,1.40
205907,0.6992237567901611,0.7076849937438965,0.96,1.40
206007,0.6992237567901611,0.7076849937438965,0.96,1.40
206107,0.6992237567901611,0.7076849937438965,0.96,1.40
206207,0.6992237567901611,0.7076849937438965,0.96,1.40
206307,0.6992237567901611,0.7076849937438965,0.96,1.40
206407,0.6992237567901611,0.7076849937438965,0.96,1.40
206507,0.6992237567901611,0.7076849937438965,0.96,1.40
206607,0.6992237567901611,0.7076849937438965,0.96,1.40
206707,0.6992237567901611,0.7076849937438965,0.96,1.40
206807,0.6992237567901611,0.7076849937438965,0.96,1.40
206907,0.6992237567901611,0.7076849937438965,0.96,1.40
207007,0.6992237567901611,0.7076849937438965,0.96,1.40
207107,0.6992237567901611,0.7076849937438965,0.96,1.40
207207,0.6992237567901611,0.7076849937438965,0.96,1.40
207307,0.6992237567901611,0.7076849937438965,0.96,1.40
207407,0.6992237567901611,0.7076849937438965,0.96,1.40
207507,0.6992237567901611,0.7076849937438965,0.96,1.40
207607,0.6992237567901611,0.7076849937438965,0.96,1.40
207707,0.6992237567901611,0.7076849937438965,0.96,1.40
207807,0.6992237567901611,0.7076849937438965,0.96,1.40
207907,0.6992237567901611,0.7076849937438965,0.96,1.40
208007,0.6992237567901611,0.7076849937438965,0.96,1.40
208107,0.6992237567901611,0.7076849937438965,0.96,1.40
208207,0.6992237567901611,0.7076849937438965,0.96,1.40
221415,0.6992237567901611,0.752712607383728,0.68,1.39
221515,0.6992237567901611,0.752712607383728,0.75,1.39
221615,0.6992237567901611,0.752712607383728,0.8,1.39
221715,0.6992237567901611,0.752712607383728,0.83,1.39
221815,0.6992237567901611,0.752712607383728,0.85,1.39
221915,0.6992237567901611,0.752712607383728,0.87,1.39
222015,0.6992237567901611,0.752712607383728,0.89,1.39
222115,0.6992237567901611,0.752712607383728,0.92,1.39
222215,0.6992237567901611,0.752712607383728,0.91,1.39
222315,0.6992237567901611,0.752712607383728,0.94,1.39
222415,0.6992237567901611,0.752712607383728,0.92,1.39
222515,0.6992237567901611,0.752712607383728,0.93,1.39
222615,0.6992237567901611,0.752712607383728,0.92,1.39
222715,0.6992237567901611,0.752712607383728,0.94,1.39
222815,0.6992237567901611,0.752712607383728,0.96,1.39
222915,0.6992237567901611,0.752712607383728,0.96,1.39
223015,0.6992237567901611,0.752712607383728,0.96,1.39
223115,0.6992237567901611,0.752712607383728,0.97,1.39
223215,0.6992237567901611,0.752712607383728,0.97,1.39
223315,0.6992237567901611,0.752712607383728,0.98,1.39
223415,0.6992237567901611,0.752712607383728,0.98,1.39
223515,0.6992237567901611,0.752712607383728,0.97,1.39
223615,0.6992237567901611,0.752712607383728,0.97,1.39
223715,0.6992237567901611,0.752712607383728,0.97,1.39
223815,0.6992237567901611,0.752712607383728,0.97,1.39
223915,0.6992237567901611,0.752712607383728,0.97,1.39
224015,0.6992237567901611,0.752712607383728,0.97,1.39
224115,0.6992237567901611,0.752712607383728,0.97,1.39
224215,0.6992237567901611,0.752712607383728,0.98,1.39
224315,0.6992237567901611,0.752712607383728,0.98,1.39
224415,0.6992237567901611,0.752712607383728,0.98,1.39
224515,0.6992237567901611,0.752712607383728,0.99,1.39
224615,0.6992237567901611,0.752712607383728,0.99,1.39
224715,0.6992237567901611,0.752712607383728,0.99,1.39
224815,0.6992237567901611,0.752712607383728,0.99,1.39
224915,0.6992237567901611,0.752712607383728,0.99,1.39
225015,0.6992237567901611,0.752712607383728,0.99,1.39
225115,0.6992237567901611,0.752712607383728,1.0,1.39
225215,0.6992237567901611,0.752712607383728,0.99,1.39
225315,0.6992237567901611,0.752712607383728,0.99,1.39
225415,0.6992237567901611,0.752712607383728,0.99,1.39
225515,0.6992237567901611,0.752712607383728,1.0,1.39
225615,0.6992237567901611,0.752712607383728,1.0,1.39
225715,0.6992237567901611,0.752712607383728,1.0,1.39
225815,0.6992237567901611,0.752712607383728,1.0,1.39
225915,0.6992237567901611,0.752712607383728,1.0,1.39
226015,0.6992237567901611,0.752712607383728,1.0,1.39
226115,0.6992237567901611,0.752712607383728,1.0,1.39
226215,0.6992237567901611,0.752712607383728,1.0,1.39
226315,0.6992237567901611,0.752712607383728,1.0,1.39
226415,0.6992237567901611,0.752712607383728,0.99,1.39
226515,0.6992237567901611,0.752712607383728,0.98,1.39
226615,0.6992237567901611,0.752712607383728,0.99,1.39
226715,0.6992237567901611,0.752712607383728,1.0,1.39
226815,0.6992237567901611,0.752712607383728,1.0,1.39
226915,0.6992237567901611,0.752712607383728,1.0,1.39
227015,0.6992237567901611,0.752712607383728,1.0,1.39
227115,0.6992237567901611,0.752712607383728,1.0,1.39
227215,0.6992237567901611,0.752712607383728,1.0,1.39
227315,0.6992237567901611,0.752712607383728,1.0,1.39
227415,0.6992237567901611,0.752712607383728,1.0,1.39
227515,0.6992237567901611,0.752712607383728,1.0,1.39
227615,0.6992237567901611,0.752712607383728,1.0,1.39
227715,0.6992237567901611,0.752712607383728,1.0,1.39
227815,0.6992237567901611,0.752712607383728,1.0,1.39
227915,0.6992237567901611,0.752712607383728,1.0,1.39
228015,0.6992237567901611,0.752712607383728,1.0,1.39
228115,0.6992237567901611,0.752712607383728,1.0,1.39
228215,0.6992237567901611,0.752712607383728,1.0,1.39
228315,0.6992237567901611,0.752712607383728,1.0,1.39
228415,0.6992237567901611,0.752712607383728,1.0,1.39
228515,0.6992237567901611,0.752712607383728,1.0,1.39
228615,0.6992237567901611,0.752712607383728,1.0,1.39
228715,0.6992237567901611,0.752712607383728,1.0,1.39
228815,0.6992237567901611,0.752712607383728,1.0,1.39
228915,0.6992237567901611,0.752712607383728,1.0,1.39
229015,0.6992237567901611,0.752712607383728,1.0,1.39
229115,0.6992237567901611,0.752712607383728,1.0,1.39
229215,0.6992237567901611,0.752712607383728,1.0,1.39
229315,0.6992237567901611,0.752712607383728,1.0,1.39
229415,0.6992237567901611,0.752712607383728,1.0,1.39
229515,0.6992237567901611,0.752712607383728,1.0,1.39
229615,0.6992237567901611,0.752712607383728,0.99,1.39
229715,0.6992237567901611,0.752712607383728,0.99,1.39
229815,0.6992237567901611,0.752712607383728,1.0,1.39
229915,0.6992237567901611,0.752712607383728,1.0,1.39
230015,0.6992237567901611,0.752712607383728,1.0,1.39
230115,0.6992237567901611,0.752712607383728,1.0,1.39
230215,0.6992237567901611,0.752712607383728,1.0,1.39
230315,0.6992237567901611,0.752712607383728,1.0,1.39
230415,0.6992237567901611,0.752712607383728,1.0,1.39
230515,0.6992237567901611,0.752712607383728,1.0,1.39
230615,0.6992237567901611,0.752712607383728,1.0,1.39
230715,0.6992237567901611,0.752712607383728,1.0,1.39
230815,0.6992237567901611,0.752712607383728,1.0,1.39
230915,0.6992237567901611,0.752712607383728,1.0,1.39
231015,0.6992237567901611,0.752712607383728,1.0,1.39
231115,0.6992237567901611,0.752712607383728,1.0,1.39
231215,0.6992237567901611,0.752712607383728,1.0,1.39
231315,0.6992237567901611,0.752712607383728,1.0,1.39
231415,0.6992237567901611,0.752712607383728,1.0,1.39
231515,0.6992237567901611,0.752712607383728,1.0,1.39
231615,0.6992237567901611,0.752712607383728,1.0,1.39
231715,0.6992237567901611,0.752712607383728,1.0,1.39
231815,0.6992237567901611,0.752712607383728,1.0,1.39
231915,0.6992237567901611,0.752712607383728,1.0,1.39
232015,0.6992237567901611,0.752712607383728,1.0,1.39
232115,0.6992237567901611,0.752712607383728,1.0,1.39
232215,0.6992237567901611,0.752712607383728,1.0,1.39
232315,0.6992237567901611,0.752712607383728,1.0,1.39
232415,0.6992237567901611,0.752712607383728,1.0,1.39
232515,0.6992237567901611,0.752712607383728,1.0,1.39
232615,0.6992237567901611,0.752712607383728,1.0,1.39
232715,0.6992237567901611,0.752712607383728,1.0,1.39
232815,0.6992237567901611,0.752712607383728,1.0,1.39
232915,0.6992237567901611,0.752712607383728,1.0,1.39
233015,0.6992237567901611,0.752712607383728,1.0,1.39
233115,0.6992237567901611,0.752712607383728,1.0,1.39
233215,0.6992237567901611,0.752712607383728,1.0,1.39
233315,0.6992237567901611,0.752712607383728,1.0,1.39
233415,0.6992237567901611,0.752712607383728,1.0,1.39
233515,0.6992237567901611,0.752712607383728,1.0,1.39
233615,0.6992237567901611,0.752712607383728,1.0,1.39
233715,0.6992237567901611,0.752712607383728,1.0,1.39
233815,0.6992237567901611,0.752712607383728,1.0,1.39
233915,0.6992237567901611,0.752712607383728,1.0,1.39
234015,0.6992237567901611,0.752712607383728,1.0,1.39
234115,0.6992237567901611,0.752712607383728,1.0,1.39
234215,0.6992237567901611,0.752712607383728,1.0,1.39
234315,0.6992237567901611,0.752712607383728,1.0,1.39
234415,0.6992237567901611,0.752712607383728,1.0,1.39
234515,0.6992237567901611,0.752712607383728,0.99,1.39
234615,0.6992237567901611,0.752712607383728,0.99,1.39
234715,0.6992237567901611,0.752712607383728,0.97,1.39
234815,0.6992237567901611,0.752712607383728,0.98,1.39
234915,0.6992237567901611,0.752712607383728,0.99,1.39
235015,0.6992237567901611,0.752712607383728,1.0,1.39
235115,0.6992237567901611,0.752712607383728,1.0,1.39
235215,0.6992237567901611,0.752712607383728,0.99,1.39
235315,0.6992237567901611,0.752712607383728,0.99,1.39
235415,0.6992237567901611,0.752712607383728,0.98,1.39
235515,0.6992237567901611,0.752712607383728,0.99,1.39
235615,0.6992237567901611,0.752712607383728,1.0,1.39
235715,0.6992237567901611,0.752712607383728,0.98,1.39
235815,0.6992237567901611,0.752712607383728,0.98,1.39
235915,0.6992237567901611,0.752712607383728,0.99,1.39
236015,0.6992237567901611,0.752712607383728,0.99,1.39
236115,0.6992237567901611,0.752712607383728,0.99,1.39
236215,0.6992237567901611,0.752712607383728,0.99,1.39
236315,0.6992237567901611,0.752712607383728,0.99,1.39
236415,0.6992237567901611,0.752712607383728,0.99,1.39
236515,0.6992237567901611,0.752712607383728,0.98,1.39
236615,0.6992237567901611,0.752712607383728,0.98,1.39
236715,0.6992237567901611,0.752712607383728,0.98,1.39
236815,0.6992237567901611,0.752712607383728,0.98,1.39
236915,0.6992237567901611,0.752712607383728,0.98,1.39
237015,0.6992237567901611,0.752712607383728,0.98,1.39
237115,0.6992237567901611,0.752712607383728,0.99,1.39
237215,0.6992237567901611,0.752712607383728,0.99,1.39
237315,0.6992237567901611,0.752712607383728,0.99,1.39
237415,0.6992237567901611,0.752712607383728,0.99,1.39
237515,0.6992237567901611,0.752712607383728,0.99,1.39
237615,0.6992237567901611,0.752712607383728,0.99,1.39
237715,0.6992237567901611,0.752712607383728,0.97,1.39
237815,0.6992237567901611,0.752712607383728,0.96,1.39
237915,0.6992237567901611,0.752712607383728,0.96,1.39
238015,0.6992237567901611,0.752712607383728,0.98,1.39
238115,0.6992237567901611,0.752712607383728,0.98,1.39
238215,0.6992237567901611,0.752712607383728,0.98,1.39
238315,0.6992237567901611,0.752712607383728,0.98,1.39
238415,0.6992237567901611,0.752712607383728,0.99,1.39
238515,0.6992237567901611,0.752712607383728,0.99,1.39
238615,0.6992237567901611,0.752712607383728,0.99,1.39
238715,0.6992237567901611,0.752712607383728,1.0,1.39
238815,0.6992237567901611,0.752712607383728,0.99,1.39
238915,0.6992237567901611,0.752712607383728,0.99,1.39
239015,0.6992237567901611,0.752712607383728,0.98,1.39
239115,0.6992237567901611,0.752712607383728,0.98,1.39
239215,0.6992237567901611,0.752712607383728,0.97,1.39
239315,0.6992237567901611,0.752712607383728,0.98,1.39
239415,0.6992237567901611,0.752712607383728,0.98,1.39
239515,0.6992237567901611,0.752712607383728,0.98,1.39
239615,0.6992237567901611,0.752712607383728,0.98,1.39
239715,0.6992237567901611,0.752712607383728,0.98,1.39
239815,0.6992237567901611,0.752712607383728,0.98,1.39
239915,0.6992237567901611,0.752712607383728,0.99,1.39
240015,0.6992237567901611,0.752712607383728,0.99,1.39
240115,0.6992237567901611,0.752712607383728,0.99,1.39
240215,0.6992237567901611,0.752712607383728,1.0,1.39
240315,0.6992237567901611,0.752712607383728,1.0,1.39
240415,0.6992237567901611,0.752712607383728,1.0,1.39
240515,0.6992237567901611,0.752712607383728,1.0,1.39
240615,0.6992237567901611,0.752712607383728,1.0,1.39
240715,0.6992237567901611,0.752712607383728,1.0,1.39
240815,0.6992237567901611,0.752712607383728,1.0,1.39
240915,0.6992237567901611,0.752712607383728,1.0,1.39
241015,0.6992237567901611,0.752712607383728,1.0,1.39
241115,0.6992237567901611,0.752712607383728,1.0,1.39
241215,0.6992237567901611,0.752712607383728,1.0,1.39
241315,0.6992237567901611,0.752712607383728,1.0,1.39
241415,0.6992237567901611,0.752712607383728,1.0,1.39
241515,0.6992237567901611,0.752712607383728,1.0,1.39
241615,0.6992237567901611,0.752712607383728,1.0,1.39
241715,0.6992237567901611,0.752712607383728,1.0,1.39
241815,0.6992237567901611,0.752712607383728,1.0,1.39
241915,0.6992237567901611,0.752712607383728,1.0,1.39
242015,0.6992237567901611,0.752712607383728,1.0,1.39
242115,0.6992237567901611,0.752712607383728,1.0,1.39
242215,0.6992237567901611,0.752712607383728,1.0,1.39
242315,0.6992237567901611,0.752712607383728,1.0,1.39
242415,0.6992237567901611,0.752712607383728,1.0,1.39
242515,0.6992237567901611,0.752712607383728,1.0,1.39
242615,0.6992237567901611,0.752712607383728,1.0,1.39
242715,0.6992237567901611,0.752712607383728,1.0,1.39
242815,0.6992237567901611,0.752712607383728,1.0,1.39
242915,0.6992237567901611,0.752712607383728,1.0,1.39
243015,0.6992237567901611,0.752712607383728,1.0,1.39
243115,0.6992237567901611,0.752712607383728,1.0,1.39
243215,0.6992237567901611,0.752712607383728,1.0,1.39
243315,0.6992237567901611,0.752712607383728,1.0,1.39
243415,0.6992237567901611,0.752712607383728,1.0,1.39
243515,0.6992237567901611,0.752712607383728,1.0,1.39
243615,0.6992237567901611,0.752712607383728,1.0,1.39
243715,0.6992237567901611,0.752712607383728,1.0,1.39
243815,0.6992237567901611,0.752712607383728,1.0,1.39
243915,0.6992237567901611,0.752712607383728,1.0,1.39
244015,0.6992237567901611,0.752712607383728,1.0,1.39
244115,0.6992237567901611,0.752712607383728,1.0,1.39
244215,0.6992237567901611,0.752712607383728,1.0,1.39
244315,0.6992237567901611,0.752712607383728,1.0,1.39
244415,0.6992237567901611,0.752712607383728,0.99,1.39
244515,0.6992237567901611,0.752712607383728,0.99,1.39
244615,0.6992237567901611,0.752712607383728,1.0,1.39
244715,0.6992237567901611,0.752712607383728,1.0,1.39
244815,0.6992237567901611,0.752712607383728,1.0,1.39
244915,0.6992237567901611,0.752712607383728,1.0,1.39
245015,0.6992237567901611,0.752712607383728,1.0,1.39
245115,0.6992237567901611,0.752712607383728,1.0,1.39
245215,0.6992237567901611,0.752712607383728,1.0,1.39
245315,0.6992237567901611,0.752712607383728,1.0,1.39
245415,0.6992237567901611,0.752712607383728,1.0,1.39
245515,0.6992237567901611,0.752712607383728,1.0,1.39
245615,0.6992237567901611,0.752712607383728,1.0,1.39
245715,0.6992237567901611,0.752712607383728,1.0,1.39
245815,0.6992237567901611,0.752712607383728,1.0,1.39
245915,0.6992237567901611,0.752712607383728,0.99,1.39
246015,0.6992237567901611,0.752712607383728,1.0,1.39
246115,0.6992237567901611,0.752712607383728,1.0,1.39
246215,0.6992237567901611,0.752712607383728,1.0,1.39
246315,0.6992237567901611,0.752712607383728,0.99,1.39
246415,0.6992237567901611,0.752712607383728,1.0,1.39
246515,0.6992237567901611,0.752712607383728,1.0,1.39
246615,0.6992237567901611,0.752712607383728,1.0,1.39
246715,0.6992237567901611,0.752712607383728,1.0,1.39
246815,0.6992237567901611,0.752712607383728,1.0,1.39
246915,0.6992237567901611,0.752712607383728,1.0,1.39
247015,0.6992237567901611,0.752712607383728,1.0,1.39
247115,0.6992237567901611,0.752712607383728,1.0,1.39
247215,0.6992237567901611,0.752712607383728,1.0,1.39
247315,0.6992237567901611,0.752712607383728,1.0,1.39
247415,0.6992237567901611,0.752712607383728,1.0,1.39
247515,0.6992237567901611,0.752712607383728,1.0,1.39
247615,0.6992237567901611,0.752712607383728,1.0,1.39
247715,0.6992237567901611,0.752712607383728,1.0,1.39
247815,0.6992237567901611,0.752712607383728,1.0,1.39
247915,0.6992237567901611,0.752712607383728,1.0,1.39
248015,0.6992237567901611,0.752712607383728,1.0,1.39
248115,0.6992237567901611,0.752712607383728,1.0,1.39
248215,0.6992237567901611,0.752712607383728,1.0,1.39
248315,0.6992237567901611,0.752712607383728,1.0,1.39
248415,0.6992237567901611,0.752712607383728,1.0,1.39
248515,0.6992237567901611,0.752712607383728,1.0,1.39
248615,0.6992237567901611,0.752712607383728,1.0,1.39
248715,0.6992237567901611,0.752712607383728,1.0,1.39
248815,0.6992237567901611,0.752712607383728,1.0,1.39
248915,0.6992237567901611,0.752712607383728,1.0,1.39
249015,0.6992237567901611,0.752712607383728,1.0,1.39
249115,0.6992237567901611,0.752712607383728,1.0,1.39
249215,0.6992237567901611,0.752712607383728,1.0,1.39
249315,0.6992237567901611,0.752712607383728,1.0,1.39
249415,0.6992237567901611,0.752712607383728,1.0,1.39
249515,0.6992237567901611,0.752712607383728,0.99,1.39
249615,0.6992237567901611,0.752712607383728,0.99,1.39
249715,0.6992237567901611,0.752712607383728,1.0,1.39
249815,0.6992237567901611,0.752712607383728,1.0,1.39
249915,0.6992237567901611,0.752712607383728,1.0,1.39
250015,0.6992237567901611,0.752712607383728,1.0,1.39
250115,0.6992237567901611,0.752712607383728,1.0,1.39
250215,0.6992237567901611,0.752712607383728,1.0,1.39
250315,0.6992237567901611,0.752712607383728,1.0,1.39
250415,0.6992237567901611,0.752712607383728,1.0,1.39
250515,0.6992237567901611,0.752712607383728,1.0,1.39
250615,0.6992237567901611,0.752712607383728,1.0,1.39
250715,0.6992237567901611,0.752712607383728,1.0,1.39
250815,0.6992237567901611,0.752712607383728,0.99,1.39
250915,0.6992237567901611,0.752712607383728,0.99,1.39
251015,0.6992237567901611,0.752712607383728,0.99,1.39
251115,0.6992237567901611,0.752712607383728,0.99,1.39
251215,0.6992237567901611,0.752712607383728,1.0,1.39
251315,0.6992237567901611,0.752712607383728,1.0,1.39
251415,0.6992237567901611,0.752712607383728,0.99,1.39
251515,0.6992237567901611,0.752712607383728,0.99,1.39
281527,0.6992237567901611,0.752712607383728,0.02,1.40
281627,0.6992237567901611,0.752712607383728,0.02,1.40
281727,0.6992237567901611,0.752712607383728,0.03,1.40
281827,0.6992237567901611,0.752712607383728,0.03,1.40
281927,0.6992237567901611,0.752712607383728,0.03,1.40
282027,0.6992237567901611,0.752712607383728,0.03,1.40
282127,0.6992237567901611,0.752712607383728,0.04,1.40
282227,0.6992237567901611,0.752712607383728,0.04,1.40
282327,0.6992237567901611,0.752712607383728,0.04,1.40
282427,0.6992237567901611,0.752712607383728,0.04,1.40
282527,0.6992237567901611,0.752712607383728,0.04,1.40
282627,0.6992237567901611,0.752712607383728,0.05,1.40
282727,0.6992237567901611,0.752712607383728,0.05,1.40
282827,0.6992237567901611,0.752712607383728,0.05,1.40
282927,0.6992237567901611,0.752712607383728,0.05,1.40
283027,0.6992237567901611,0.752712607383728,0.05,1.40
283127,0.6992237567901611,0.752712607383728,0.05,1.40
283227,0.6992237567901611,0.752712607383728,0.05,1.40
283327,0.6992237567901611,0.752712607383728,0.05,1.40
283427,0.6992237567901611,0.752712607383728,0.05,1.40
283527,0.6992237567901611,0.752712607383728,0.05,1.40
283627,0.6992237567901611,0.752712607383728,0.05,1.40
283727,0.6992237567901611,0.752712607383728,0.05,1.40
283827,0.6992237567901611,0.752712607383728,0.05,1.40
283927,0.6992237567901611,0.752712607383728,0.05,1.40
284027,0.6992237567901611,0.752712607383728,0.05,1.40
284127,0.6992237567901611,0.752712607383728,0.05,1.40
284227,0.6992237567901611,0.752712607383728,0.06,1.40
284327,0.6992237567901611,0.752712607383728,0.07,1.40
284427,0.6992237567901611,0.752712607383728,0.07,1.40
284527,0.6992237567901611,0.752712607383728,0.07,1.40
284627,0.6992237567901611,0.752712607383728,0.07,1.40
284727,0.6992237567901611,0.752712607383728,0.07,1.40
284827,0.6992237567901611,0.752712607383728,0.07,1.40
284927,0.6992237567901611,0.752712607383728,0.07,1.40
285027,0.6992237567901611,0.752712607383728,0.07,1.40
285127,0.6992237567901611,0.752712607383728,0.07,1.40
285227,0.6992237567901611,0.752712607383728,0.07,1.40
285327,0.6992237567901611,0.752712607383728,0.06,1.40
285427,0.6992237567901611,0.752712607383728,0.07,1.40
285527,0.6992237567901611,0.752712607383728,0.07,1.40
285627,0.6992237567901611,0.752712607383728,0.07,1.40
285727,0.6992237567901611,0.752712607383728,0.06,1.40
285827,0.6992237567901611,0.752712607383728,0.06,1.40
285927,0.6992237567901611,0.752712607383728,0.06,1.40
286027,0.6992237567901611,0.752712607383728,0.07,1.40
286127,0.6992237567901611,0.752712607383728,0.07,1.40
286227,0.6992237567901611,0.752712607383728,0.07,1.40
286327,0.6992237567901611,0.752712607383728,0.07,1.40
286427,0.6992237567901611,0.752712607383728,0.07,1.40
286527,0.6992237567901611,0.752712607383728,0.07,1.40
286627,0.6992237567901611,0.752712607383728,0.07,1.40
286727,0.6992237567901611,0.752712607383728,0.07,1.40
286827,0.6992237567901611,0.752712607383728,0.07,1.40
286927,0.6992237567901611,0.752712607383728,0.08,1.40
287027,0.6992237567901611,0.752712607383728,0.08,1.40
287127,0.6992237567901611,0.752712607383728,0.08,1.40
287227,0.6992237567901611,0.752712607383728,0.08,1.40
287327,0.6992237567901611,0.752712607383728,0.08,1.40
287427,0.6992237567901611,0.752712607383728,0.08,1.40
287527,0.6992237567901611,0.752712607383728,0.08,1.40
287627,0.6992237567901611,0.752712607383728,0.08,1.40
287727,0.6992237567901611,0.752712607383728,0.08,1.40
287827,0.6992237567901611,0.752712607383728,0.09,1.40
287927,0.6992237567901611,0.752712607383728,0.08,1.40
288027,0.6992237567901611,0.752712607383728,0.08,1.40
288127,0.6992237567901611,0.752712607383728,0.08,1.40
288227,0.6992237567901611,0.752712607383728,0.08,1.40
288327,0.6992237567901611,0.752712607383728,0.08,1.40
288427,0.6992237567901611,0.752712607383728,0.08,1.40
288527,0.6992237567901611,0.752712607383728,0.07,1.40
288627,0.6992237567901611,0.752712607383728,0.07,1.40
288727,0.6992237567901611,0.752712607383728,0.07,1.40
288827,0.6992237567901611,0.752712607383728,0.08,1.40
288927,0.6992237567901611,0.752712607383728,0.08,1.40
289027,0.6992237567901611,0.752712607383728,0.08,1.40
289127,0.6992237567901611,0.752712607383728,0.07,1.40
289227,0.6992237567901611,0.752712607383728,0.07,1.40
289327,0.6992237567901611,0.752712607383728,0.07,1.40
289427,0.6992237567901611,0.752712607383728,0.07,1.40
289527,0.6992237567901611,0.752712607383728,0.07,1.40
289627,0.6992237567901611,0.752712607383728,0.07,1.40
289727,0.6992237567901611,0.752712607383728,0.07,1.40
289827,0.6992237567901611,0.752712607383728,0.07,1.40
289927,0.6992237567901611,0.752712607383728,0.07,1.40
290027,0.6992237567901611,0.752712607383728,0.07,1.40
290127,0.6992237567901611,0.752712607383728,0.08,1.40
290227,0.6992237567901611,0.752712607383728,0.08,1.40
290327,0.6992237567901611,0.752712607383728,0.08,1.40
290427,0.6992237567901611,0.752712607383728,0.08,1.40
290527,0.6992237567901611,0.752712607383728,0.08,1.40
290627,0.6992237567901611,0.752712607383728,0.08,1.40
290727,0.6992237567901611,0.752712607383728,0.08,1.40
290827,0.6992237567901611,0.752712607383728,0.08,1.40
290927,0.6992237567901611,0.752712607383728,0.08,1.40
291027,0.6992237567901611,0.752712607383728,0.08,1.40
291127,0.6992237567901611,0.752712607383728,0.09,1.40
291227,0.6992237567901611,0.752712607383728,0.09,1.40
291327,0.6992237567901611,0.752712607383728,0.08,1.40
291427,0.6992237567901611,0.752712607383728,0.08,1.40
291527,0.6992237567901611,0.752712607383728,0.09,1.40
291627,0.6992237567901611,0.752712607383728,0.09,1.40
291727,0.6992237567901611,0.752712607383728,0.09,1.40
291827,0.6992237567901611,0.752712607383728,0.09,1.40
291927,0.6992237567901611,0.752712607383728,0.09,1.40
292027,0.6992237567901611,0.752712607383728,0.09,1.40
292127,0.6992237567901611,0.752712607383728,0.09,1.40
292227,0.6992237567901611,0.752712607383728,0.09,1.40
292327,0.6992237567901611,0.752712607383728,0.09,1.40
292427,0.6992237567901611,0.752712607383728,0.09,1.40
292527,0.6992237567901611,0.752712607383728,0.1,1.40
292627,0.6992237567901611,0.752712607383728,0.1,1.40
292727,0.6992237567901611,0.752712607383728,0.11,1.40
292827,0.6992237567901611,0.752712607383728,0.1,1.40
292927,0.6992237567901611,0.752712607383728,0.09,1.40
293027,0.6992237567901611,0.752712607383728,0.1,1.40
293127,0.6992237567901611,0.752712607383728,0.1,1.40
293227,0.6992237567901611,0.752712607383728,0.1,1.40
293327,0.6992237567901611,0.752712607383728,0.1,1.40
293427,0.6992237567901611,0.752712607383728,0.1,1.40
293527,0.6992237567901611,0.752712607383728,0.1,1.40
293627,0.6992237567901611,0.752712607383728,0.11,1.40
293727,0.6992237567901611,0.752712607383728,0.1,1.40
293827,0.6992237567901611,0.752712607383728,0.1,1.40
293927,0.6992237567901611,0.752712607383728,0.1,1.40
294027,0.6992237567901611,0.752712607383728,0.1,1.40
294127,0.6992237567901611,0.752712607383728,0.1,1.40
294227,0.6992237567901611,0.752712607383728,0.1,1.40
294327,0.6992237567901611,0.752712607383728,0.1,1.40
294427,0.6992237567901611,0.752712607383728,0.1,1.40
294527,0.6992237567901611,0.752712607383728,0.1,1.40
294627,0.6992237567901611,0.752712607383728,0.1,1.40
294727,0.6992237567901611,0.752712607383728,0.1,1.40
294827,0.6992237567901611,0.752712607383728,0.1,1.40
294927,0.6992237567901611,0.752712607383728,0.1,1.40
295027,0.6992237567901611,0.752712607383728,0.09,1.40
295127,0.6992237567901611,0.752712607383728,0.09,1.40
295227,0.6992237567901611,0.752712607383728,0.09,1.40
295327,0.6992237567901611,0.752712607383728,0.1,1.40
295427,0.6992237567901611,0.752712607383728,0.1,1.40
295527,0.6992237567901611,0.752712607383728,0.1,1.40
295627,0.6992237567901611,0.752712607383728,0.1,1.40
295727,0.6992237567901611,0.752712607383728,0.1,1.40
295827,0.6992237567901611,0.752712607383728,0.1,1.40
295927,0.6992237567901611,0.752712607383728,0.11,1.40
296027,0.6992237567901611,0.752712607383728,0.11,1.40
296127,0.6992237567901611,0.752712607383728,0.11,1.40
296227,0.6992237567901611,0.752712607383728,0.11,1.40
296327,0.6992237567901611,0.752712607383728,0.11,1.40
296427,0.6992237567901611,0.752712607383728,0.11,1.40
296527,0.6992237567901611,0.752712607383728,0.1,1.40
296627,0.6992237567901611,0.752712607383728,0.1,1.40
296727,0.6992237567901611,0.752712607383728,0.1,1.40
296827,0.6992237567901611,0.752712607383728,0.09,1.40
296927,0.6992237567901611,0.752712607383728,0.09,1.40
297027,0.6992237567901611,0.752712607383728,0.1,1.40
297127,0.6992237567901611,0.752712607383728,0.1,1.40
297227,0.6992237567901611,0.752712607383728,0.1,1.40
297327,0.6992237567901611,0.752712607383728,0.09,1.40
297427,0.6992237567901611,0.752712607383728,0.09,1.40
297527,0.6992237567901611,0.752712607383728,0.07,1.40
297627,0.6992237567901611,0.752712607383728,0.07,1.40
297727,0.6992237567901611,0.752712607383728,0.06,1.40
297827,0.6992237567901611,0.752712607383728,0.06,1.40
297927,0.6992237567901611,0.752712607383728,0.07,1.40
298027,0.6992237567901611,0.752712607383728,0.06,1.40
298127,0.6992237567901611,0.752712607383728,0.06,1.40
298227,0.6992237567901611,0.752712607383728,0.06,1.40
298327,0.6992237567901611,0.752712607383728,0.06,1.40
298427,0.6992237567901611,0.752712607383728,0.06,1.40
298527,0.6992237567901611,0.752712607383728,0.06,1.40
298627,0.6992237567901611,0.752712607383728,0.06,1.40
298727,0.6992237567901611,0.752712607383728,0.06,1.40
298827,0.6992237567901611,0.752712607383728,0.06,1.40
298927,0.6992237567901611,0.752712607383728,0.07,1.40
299027,0.6992237567901611,0.752712607383728,0.07,1.40
299127,0.6992237567901611,0.752712607383728,0.07,1.40
299227,0.6992237567901611,0.752712607383728,0.06,1.40
299327,0.6992237567901611,0.752712607383728,0.06,1.40
299427,0.6992237567901611,0.752712607383728,0.05,1.40
299527,0.6992237567901611,0.752712607383728,0.05,1.40
299627,0.6992237567901611,0.752712607383728,0.05,1.40
299727,0.6992237567901611,0.752712607383728,0.06,1.40
299827,0.6992237567901611,0.752712607383728,0.06,1.40
299927,0.6992237567901611,0.752712607383728,0.06,1.40
300027,0.6992237567901611,0.752712607383728,0.06,1.40
300127,0.6992237567901611,0.752712607383728,0.06,1.40
300227,0.6992237567901611,0.752712607383728,0.06,1.40
300327,0.6992237567901611,0.752712607383728,0.06,1.40
300427,0.6992237567901611,0.752712607383728,0.07,1.40
300527,0.6992237567901611,0.752712607383728,0.06,1.40
300627,0.6992237567901611,0.752712607383728,0.06,1.40
300727,0.6992237567901611,0.752712607383728,0.06,1.40
300827,0.6992237567901611,0.752712607383728,0.06,1.40
300927,0.6992237567901611,0.752712607383728,0.06,1.40
301027,0.6992237567901611,0.752712607383728,0.07,1.40
301127,0.6992237567901611,0.752712607383728,0.07,1.40
301227,0.6992237567901611,0.752712607383728,0.07,1.40
301327,0.6992237567901611,0.752712607383728,0.08,1.40
301427,0.6992237567901611,0.752712607383728,0.08,1.40
301527,0.6992237567901611,0.752712607383728,0.08,1.40
301627,0.6992237567901611,0.752712607383728,0.08,1.40
301727,0.6992237567901611,0.752712607383728,0.09,1.40
301827,0.6992237567901611,0.752712607383728,0.09,1.40
301927,0.6992237567901611,0.752712607383728,0.08,1.40
302027,0.6992237567901611,0.752712607383728,0.08,1.40
302127,0.6992237567901611,0.752712607383728,0.08,1.40
302227,0.6992237567901611,0.752712607383728,0.08,1.40
302327,0.6992237567901611,0.752712607383728,0.08,1.40
302427,0.6992237567901611,0.752712607383728,0.08,1.40
302527,0.6992237567901611,0.752712607383728,0.08,1.40
302627,0.6992237567901611,0.752712607383728,0.08,1.40
302727,0.6992237567901611,0.752712607383728,0.08,1.40
302827,0.6992237567901611,0.752712607383728,0.08,1.40
302927,0.6992237567901611,0.752712607383728,0.09,1.40
303027,0.6992237567901611,0.752712607383728,0.09,1.40
303127,0.6992237567901611,0.752712607383728,0.09,1.40
303227,0.6992237567901611,0.752712607383728,0.08,1.40
303327,0.6992237567901611,0.752712607383728,0.08,1.40
303427,0.6992237567901611,0.752712607383728,0.08,1.40
303527,0.6992237567901611,0.752712607383728,0.08,1.40
303627,0.6992237567901611,0.752712607383728,0.08,1.40
303727,0.6992237567901611,0.752712607383728,0.08,1.40
303827,0.6992237567901611,0.752712607383728,0.08,1.40
303927,0.6992237567901611,0.752712607383728,0.08,1.40
304027,0.6992237567901611,0.752712607383728,0.09,1.40
304127,0.6992237567901611,0.752712607383728,0.09,1.40
304227,0.6992237567901611,0.752712607383728,0.1,1.40
304327,0.6992237567901611,0.752712607383728,0.1,1.40
304427,0.6992237567901611,0.752712607383728,0.1,1.40
304527,0.6992237567901611,0.752712607383728,0.1,1.40
304627,0.6992237567901611,0.752712607383728,0.09,1.40
304727,0.6992237567901611,0.752712607383728,0.1,1.40
304827,0.6992237567901611,0.752712607383728,0.1,1.40
304927,0.6992237567901611,0.752712607383728,0.1,1.40
305027,0.6992237567901611,0.752712607383728,0.09,1.40
305127,0.6992237567901611,0.752712607383728,0.09,1.40
305227,0.6992237567901611,0.752712607383728,0.09,1.40
305327,0.6992237567901611,0.752712607383728,0.09,1.40
305427,0.6992237567901611,0.752712607383728,0.1,1.40
305527,0.6992237567901611,0.752712607383728,0.11,1.40
305627,0.6992237567901611,0.752712607383728,0.11,1.40
305727,0.6992237567901611,0.752712607383728,0.11,1.40
305827,0.6992237567901611,0.752712607383728,0.12,1.40
305927,0.6992237567901611,0.752712607383728,0.11,1.40
306027,0.6992237567901611,0.752712607383728,0.11,1.40
306127,0.6992237567901611,0.752712607383728,0.11,1.40
306227,0.6992237567901611,0.752712607383728,0.11,1.40
306327,0.6992237567901611,0.752712607383728,0.11,1.40
306427,0.6992237567901611,0.752712607383728,0.11,1.40
306527,0.6992237567901611,0.752712607383728,0.1,1.40
306627,0.6992237567901611,0.752712607383728,0.1,1.40
306727,0.6992237567901611,0.752712607383728,0.1,1.40
306827,0.6992237567901611,0.752712607383728,0.1,1.40
306927,0.6992237567901611,0.752712607383728,0.1,1.40
307027,0.6992237567901611,0.752712607383728,0.11,1.40
307127,0.6992237567901611,0.752712607383728,0.11,1.40
307227,0.6992237567901611,0.752712607383728,0.11,1.40
307327,0.6992237567901611,0.752712607383728,0.1,1.40
307427,0.6992237567901611,0.752712607383728,0.1,1.40
307527,0.6992237567901611,0.752712607383728,0.1,1.40
307627,0.6992237567901611,0.752712607383728,0.1,1.40
307727,0.6992237567901611,0.752712607383728,0.09,1.40
307827,0.6992237567901611,0.752712607383728,0.08,1.40
307927,0.6992237567901611,0.752712607383728,0.08,1.40
308027,0.6992237567901611,0.752712607383728,0.08,1.40
308127,0.6992237567901611,0.752712607383728,0.08,1.40
308227,0.6992237567901611,0.752712607383728,0.08,1.40
308327,0.6992237567901611,0.752712607383728,0.08,1.40
308427,0.6992237567901611,0.752712607383728,0.08,1.40
308527,0.6992237567901611,0.752712607383728,0.06,1.40
308627,0.6992237567901611,0.752712607383728,0.06,1.40
308727,0.6992237567901611,0.752712607383728,0.06,1.40
308827,0.6992237567901611,0.752712607383728,0.06,1.40
308927,0.6992237567901611,0.752712607383728,0.07,1.40
309027,0.6992237567901611,0.752712607383728,0.07,1.40
309127,0.6992237567901611,0.752712607383728,0.08,1.40
309227,0.6992237567901611,0.752712607383728,0.08,1.40
309327,0.6992237567901611,0.752712607383728,0.08,1.40
309427,0.6992237567901611,0.752712607383728,0.1,1.40
309527,0.6992237567901611,0.752712607383728,0.1,1.40
309627,0.6992237567901611,0.752712607383728,0.1,1.40
309727,0.6992237567901611,0.752712607383728,0.1,1.40
309827,0.6992237567901611,0.752712607383728,0.1,1.40
309927,0.6992237567901611,0.752712607383728,0.1,1.40
310027,0.6992237567901611,0.752712607383728,0.1,1.40
310127,0.6992237567901611,0.752712607383728,0.1,1.40
310227,0.6992237567901611,0.752712607383728,0.1,1.40
310327,0.6992237567901611,0.752712607383728,0.1,1.40
310427,0.6992237567901611,0.752712607383728,0.1,1.40
310527,0.6992237567901611,0.752712607383728,0.1,1.40
310627,0.6992237567901611,0.752712607383728,0.1,1.40
310727,0.6992237567901611,0.752712607383728,0.1,1.40
310827,0.6992237567901611,0.752712607383728,0.1,1.40
310927,0.6992237567901611,0.752712607383728,0.1,1.40
311027,0.6992237567901611,0.752712607383728,0.1,1.40
311127,0.6992237567901611,0.752712607383728,0.1,1.40
311227,0.6992237567901611,0.752712607383728,0.1,1.40
311327,0.6992237567901611,0.752712607383728,0.1,1.40
311427,0.6992237567901611,0.752712607383728,0.1,1.40
311527,0.6992237567901611,0.752712607383728,0.1,1.40
311627,0.6992237567901611,0.752712607383728,0.1,1.40
341927,0.6992237567901611,0.752712607383728,0.01,1.38
342027,0.6992237567901611,0.752712607383728,0.01,1.38
342127,0.6992237567901611,0.752712607383728,0.01,1.38
342227,0.6992237567901611,0.752712607383728,0.01,1.38
342327,0.6992237567901611,0.752712607383728,0.01,1.38
342427,0.6992237567901611,0.752712607383728,0.01,1.38
342527,0.6992237567901611,0.752712607383728,0.01,1.38
342627,0.6992237567901611,0.752712607383728,0.01,1.38
342727,0.6992237567901611,0.752712607383728,0.01,1.38
342827,0.6992237567901611,0.752712607383728,0.01,1.38
342927,0.6992237567901611,0.752712607383728,0.01,1.38
343027,0.6992237567901611,0.752712607383728,0.01,1.38
343127,0.6992237567901611,0.752712607383728,0.01,1.38
343227,0.6992237567901611,0.752712607383728,0.01,1.38
343327,0.6992237567901611,0.752712607383728,0.01,1.38
343427,0.6992237567901611,0.752712607383728,0.01,1.38
343527,0.6992237567901611,0.752712607383728,0.01,1.38
343627,0.6992237567901611,0.752712607383728,0.01,1.38
343727,0.6992237567901611,0.752712607383728,0.01,1.38
343827,0.6992237567901611,0.752712607383728,0.01,1.38
343927,0.6992237567901611,0.752712607383728,0.01,1.38
344027,0.6992237567901611,0.752712607383728,0.01,1.38
344127,0.6992237567901611,0.752712607383728,0.01,1.38
344227,0.6992237567901611,0.752712607383728,0.01,1.38
344327,0.6992237567901611,0.752712607383728,0.01,1.38
344427,0.6992237567901611,0.752712607383728,0.01,1.38
344527,0.6992237567901611,0.752712607383728,0.01,1.38
344627,0.6992237567901611,0.752712607383728,0.01,1.38
344727,0.6992237567901611,0.752712607383728,0.01,1.38
344827,0.6992237567901611,0.752712607383728,0.01,1.38
344927,0.6992237567901611,0.752712607383728,0.01,1.38
345027,0.6992237567901611,0.752712607383728,0.01,1.38
345127,0.6992237567901611,0.752712607383728,0.01,1.38
345227,0.6992237567901611,0.752712607383728,0.01,1.38
345327,0.6992237567901611,0.752712607383728,0.01,1.38
345427,0.6992237567901611,0.752712607383728,0.01,1.38
345527,0.6992237567901611,0.752712607383728,0.01,1.38
345627,0.6992237567901611,0.752712607383728,0.01,1.38
345727,0.6992237567901611,0.752712607383728,0.01,1.38
345827,0.6992237567901611,0.752712607383728,0.01,1.38
345927,0.6992237567901611,0.752712607383728,0.01,1.38
346027,0.6992237567901611,0.752712607383728,0.01,1.38
346127,0.6992237567901611,0.752712607383728,0.01,1.38
346227,0.6992237567901611,0.752712607383728,0.01,1.38
346327,0.6992237567901611,0.752712607383728,0.01,1.38
346427,0.6992237567901611,0.752712607383728,0.01,1.38
346527,0.6992237567901611,0.752712607383728,0.01,1.38
346627,0.6992237567901611,0.752712607383728,0.01,1.38
346727,0.6992237567901611,0.752712607383728,0.01,1.38
346827,0.6992237567901611,0.752712607383728,0.01,1.38
346927,0.6992237567901611,0.752712607383728,0.01,1.38
347027,0.6992237567901611,0.752712607383728,0.01,1.38
347127,0.6992237567901611,0.752712607383728,0.01,1.38
347227,0.6992237567901611,0.752712607383728,0.01,1.38
347327,0.6992237567901611,0.752712607383728,0.01,1.38
347427,0.6992237567901611,0.752712607383728,0.01,1.38
347527,0.6992237567901611,0.752712607383728,0.01,1.38
347627,0.6992237567901611,0.752712607383728,0.01,1.38
347727,0.6992237567901611,0.752712607383728,0.01,1.38
347827,0.6992237567901611,0.752712607383728,0.01,1.38
347927,0.6992237567901611,0.752712607383728,0.01,1.38
348027,0.6992237567901611,0.752712607383728,0.01,1.38
348127,0.6992237567901611,0.752712607383728,0.01,1.38
348227,0.6992237567901611,0.752712607383728,0.01,1.38
348327,0.6992237567901611,0.752712607383728,0.01,1.38
348427,0.6992237567901611,0.752712607383728,0.01,1.38
348527,0.6992237567901611,0.752712607383728,0.01,1.38
348627,0.6992237567901611,0.752712607383728,0.01,1.38
348727,0.6992237567901611,0.752712607383728,0.01,1.38
348827,0.6992237567901611,0.752712607383728,0.01,1.38
348927,0.6992237567901611,0.752712607383728,0.01,1.38
349027,0.6992237567901611,0.752712607383728,0.01,1.38
349127,0.6992237567901611,0.752712607383728,0.01,1.38
349227,0.6992237567901611,0.752712607383728,0.01,1.38
349327,0.6992237567901611,0.752712607383728,0.01,1.38
349427,0.6992237567901611,0.752712607383728,0.01,1.38
349527,0.6992237567901611,0.752712607383728,0.01,1.38
349627,0.6992237567901611,0.752712607383728,0.01,1.38
349727,0.6992237567901611,0.752712607383728,0.01,1.38
349827,0.6992237567901611,0.752712607383728,0.01,1.38
349927,0.6992237567901611,0.752712607383728,0.01,1.38
350027,0.6992237567901611,0.752712607383728,0.01,1.38
350127,0.6992237567901611,0.752712607383728,0.01,1.38
350227,0.6992237567901611,0.752712607383728,0.01,1.38
350327,0.6992237567901611,0.752712607383728,0.01,1.38
350427,0.6992237567901611,0.752712607383728,0.01,1.38
350527,0.6992237567901611,0.752712607383728,0.01,1.38
350627,0.6992237567901611,0.752712607383728,0.01,1.38
350727,0.6992237567901611,0.752712607383728,0.01,1.38
350827,0.6992237567901611,0.752712607383728,0.01,1.38
350927,0.6992237567901611,0.752712607383728,0.01,1.38
351027,0.6992237567901611,0.752712607383728,0.01,1.38
351127,0.6992237567901611,0.752712607383728,0.01,1.38
351227,0.6992237567901611,0.752712607383728,0.01,1.38
351327,0.6992237567901611,0.752712607383728,0.01,1.38
351427,0.6992237567901611,0.752712607383728,0.01,1.38
351527,0.6992237567901611,0.752712607383728,0.01,1.38
351627,0.6992237567901611,0.752712607383728,0.01,1.38
351727,0.6992237567901611,0.752712607383728,0.01,1.38
351827,0.6992237567901611,0.752712607383728,0.01,1.38
351927,0.6992237567901611,0.752712607383728,0.01,1.38
352027,0.6992237567901611,0.752712607383728,0.01,1.38
352127,0.6992237567901611,0.752712607383728,0.01,1.38
352227,0.6992237567901611,0.752712607383728,0.01,1.38
352327,0.6992237567901611,0.752712607383728,0.01,1.38
352427,0.6992237567901611,0.752712607383728,0.01,1.38
352527,0.6992237567901611,0.752712607383728,0.01,1.38
352627,0.6992237567901611,0.752712607383728,0.01,1.38
352727,0.6992237567901611,0.752712607383728,0.01,1.38
352827,0.6992237567901611,0.752712607383728,0.01,1.38
352927,0.6992237567901611,0.752712607383728,0.01,1.38
353027,0.6992237567901611,0.752712607383728,0.01,1.38
353127,0.6992237567901611,0.752712607383728,0.01,1.38
353227,0.6992237567901611,0.752712607383728,0.01,1.38
353327,0.6992237567901611,0.752712607383728,0.01,1.38
353427,0.6992237567901611,0.752712607383728,0.01,1.38
353527,0.6992237567901611,0.752712607383728,0.01,1.38
353627,0.6992237567901611,0.752712607383728,0.01,1.38
353727,0.6992237567901611,0.752712607383728,0.01,1.38
353827,0.6992237567901611,0.752712607383728,0.01,1.38
353927,0.6992237567901611,0.752712607383728,0.01,1.38
354027,0.6992237567901611,0.752712607383728,0.01,1.38
354127,0.6992237567901611,0.752712607383728,0.01,1.38
354227,0.6992237567901611,0.752712607383728,0.01,1.38
354327,0.6992237567901611,0.752712607383728,0.01,1.38
354427,0.6992237567901611,0.752712607383728,0.01,1.38
354527,0.6992237567901611,0.752712607383728,0.01,1.38
354627,0.6992237567901611,0.752712607383728,0.01,1.38
354727,0.6992237567901611,0.752712607383728,0.01,1.38
354827,0.6992237567901611,0.752712607383728,0.01,1.38
354927,0.6992237567901611,0.752712607383728,0.01,1.38
355027,0.6992237567901611,0.752712607383728,0.01,1.38
355127,0.6992237567901611,0.752712607383728,0.01,1.38
355227,0.6992237567901611,0.752712607383728,0.01,1.38
355327,0.6992237567901611,0.752712607383728,0.01,1.38
355427,0.6992237567901611,0.752712607383728,0.01,1.38
355527,0.6992237567901611,0.752712607383728,0.01,1.38
355627,0.6992237567901611,0.752712607383728,0.01,1.38
355727,0.6992237567901611,0.752712607383728,0.01,1.38
355827,0.6992237567901611,0.752712607383728,0.01,1.38
355927,0.6992237567901611,0.752712607383728,0.01,1.38
356027,0.6992237567901611,0.752712607383728,0.01,1.38
356127,0.6992237567901611,0.752712607383728,0.01,1.38
356227,0.6992237567901611,0.752712607383728,0.01,1.38
356327,0.6992237567901611,0.752712607383728,0.01,1.38
356427,0.6992237567901611,0.752712607383728,0.01,1.38
356527,0.6992237567901611,0.752712607383728,0.01,1.38
356627,0.6992237567901611,0.752712607383728,0.01,1.38
356727,0.6992237567901611,0.752712607383728,0.01,1.38
356827,0.6992237567901611,0.752712607383728,0.01,1.38
356927,0.6992237567901611,0.752712607383728,0.01,1.38
357027,0.6992237567901611,0.752712607383728,0.01,1.38
357127,0.6992237567901611,0.752712607383728,0.01,1.38
357227,0.6992237567901611,0.752712607383728,0.01,1.38
357327,0.6992237567901611,0.752712607383728,0.01,1.38
357427,0.6992237567901611,0.752712607383728,0.01,1.38
357527,0.6992237567901611,0.752712607383728,0.01,1.38
357627,0.6992237567901611,0.752712607383728,0.01,1.38
357727,0.6992237567901611,0.752712607383728,0.01,1.38
357827,0.6992237567901611,0.752712607383728,0.01,1.38
357927,0.6992237567901611,0.752712607383728,0.01,1.38
358027,0.6992237567901611,0.752712607383728,0.01,1.38
358127,0.6992237567901611,0.752712607383728,0.01,1.38
358227,0.6992237567901611,0.752712607383728,0.01,1.38
358327,0.6992237567901611,0.752712607383728,0.01,1.38
358427,0.6992237567901611,0.752712607383728,0.01,1.38
358527,0.6992237567901611,0.752712607383728,0.01,1.38
358627,0.6992237567901611,0.752712607383728,0.01,1.38
358727,0.6992237567901611,0.752712607383728,0.01,1.38
358827,0.6992237567901611,0.752712607383728,0.01,1.38
358927,0.6992237567901611,0.752712607383728,0.01,1.38
359027,0.6992237567901611,0.752712607383728,0.01,1.38
359127,0.6992237567901611,0.752712607383728,0.01,1.38
359227,0.6992237567901611,0.752712607383728,0.01,1.38
359327,0.6992237567901611,0.752712607383728,0.01,1.38
359427,0.6992237567901611,0.752712607383728,0.01,1.38
359527,0.6992237567901611,0.752712607383728,0.01,1.38
359627,0.6992237567901611,0.752712607383728,0.01,1.38
359727,0.6992237567901611,0.752712607383728,0.01,1.38
359827,0.6992237567901611,0.752712607383728,0.01,1.38
359927,0.6992237567901611,0.752712607383728,0.01,1.38
360027,0.6992237567901611,0.752712607383728,0.01,1.38
360127,0.6992237567901611,0.752712607383728,0.01,1.38
360227,0.6992237567901611,0.752712607383728,0.01,1.38
360327,0.6992237567901611,0.752712607383728,0.01,1.38
360427,0.6992237567901611,0.752712607383728,0.01,1.38
360527,0.6992237567901611,0.752712607383728,0.01,1.38
360627,0.6992237567901611,0.752712607383728,0.01,1.38
360727,0.6992237567901611,0.752712607383728,0.01,1.38
360827,0.6992237567901611,0.752712607383728,0.01,1.38
360927,0.6992237567901611,0.752712607383728,0.01,1.38
361027,0.6992237567901611,0.752712607383728,0.01,1.38
361127,0.6992237567901611,0.752712607383728,0.01,1.38
361227,0.6992237567901611,0.752712607383728,0.01,1.38
361327,0.6992237567901611,0.752712607383728,0.01,1.38
361427,0.6992237567901611,0.752712607383728,0.01,1.38
361527,0.6992237567901611,0.752712607383728,0.01,1.38
361627,0.6992237567901611,0.752712607383728,0.01,1.38
361727,0.6992237567901611,0.752712607383728,0.01,1.38
361827,0.6992237567901611,0.752712607383728,0.01,1.38
361927,0.6992237567901611,0.752712607383728,0.01,1.38
362027,0.6992237567901611,0.752712607383728,0.01,1.38
362127,0.6992237567901611,0.752712607383728,0.01,1.38
362227,0.6992237567901611,0.752712607383728,0.01,1.38
362327,0.6992237567901611,0.752712607383728,0.01,1.38
362427,0.6992237567901611,0.752712607383728,0.01,1.38
362527,0.6992237567901611,0.752712607383728,0.01,1.38
362627,0.6992237567901611,0.752712607383728,0.01,1.38
362727,0.6992237567901611,0.752712607383728,0.01,1.38
362827,0.6992237567901611,0.752712607383728,0.01,1.38
362927,0.6992237567901611,0.752712607383728,0.01,1.38
363027,0.6992237567901611,0.752712607383728,0.01,1.38
363127,0.6992237567901611,0.752712607383728,0.01,1.38
363227,0.6992237567901611,0.752712607383728,0.01,1.38
363327,0.6992237567901611,0.752712607383728,0.01,1.38
363427,0.6992237567901611,0.752712607383728,0.01,1.38
363527,0.6992237567901611,0.752712607383728,0.01,1.38
363627,0.6992237567901611,0.752712607383728,0.01,1.38
363727,0.6992237567901611,0.752712607383728,0.01,1.38
363827,0.6992237567901611,0.752712607383728,0.01,1.38
363927,0.6992237567901611,0.752712607383728,0.01,1.38
364027,0.6992237567901611,0.752712607383728,0.01,1.38
364127,0.6992237567901611,0.752712607383728,0.01,1.38
364227,0.6992237567901611,0.752712607383728,0.01,1.38
364327,0.6992237567901611,0.752712607383728,0.01,1.38
364427,0.6992237567901611,0.752712607383728,0.01,1.38
364527,0.6992237567901611,0.752712607383728,0.01,1.38
364627,0.6992237567901611,0.752712607383728,0.01,1.38
364727,0.6992237567901611,0.752712607383728,0.01,1.38
364827,0.6992237567901611,0.752712607383728,0.01,1.38
364927,0.6992237567901611,0.752712607383728,0.01,1.38
365027,0.6992237567901611,0.752712607383728,0.01,1.38
365127,0.6992237567901611,0.752712607383728,0.01,1.38
365227,0.6992237567901611,0.752712607383728,0.01,1.38
365327,0.6992237567901611,0.752712607383728,0.01,1.38
365427,0.6992237567901611,0.752712607383728,0.01,1.38
365527,0.6992237567901611,0.752712607383728,0.01,1.38
365627,0.6992237567901611,0.752712607383728,0.01,1.38
365727,0.6992237567901611,0.752712607383728,0.01,1.38
365827,0.6992237567901611,0.752712607383728,0.01,1.38
365927,0.6992237567901611,0.752712607383728,0.01,1.38
366027,0.6992237567901611,0.752712607383728,0.01,1.38
366127,0.6992237567901611,0.752712607383728,0.01,1.38
366227,0.6992237567901611,0.752712607383728,0.01,1.38
366327,0.6992237567901611,0.752712607383728,0.01,1.38
366427,0.6992237567901611,0.752712607383728,0.01,1.38
366527,0.6992237567901611,0.752712607383728,0.01,1.38
366627,0.6992237567901611,0.752712607383728,0.01,1.38
366727,0.6992237567901611,0.752712607383728,0.01,1.38
366827,0.6992237567901611,0.752712607383728,0.01,1.38
366927,0.6992237567901611,0.752712607383728,0.01,1.38
367027,0.6992237567901611,0.752712607383728,0.01,1.38
367127,0.6992237567901611,0.752712607383728,0.01,1.38
367227,0.6992237567901611,0.752712607383728,0.01,1.38
367327,0.6992237567901611,0.752712607383728,0.01,1.38
367427,0.6992237567901611,0.752712607383728,0.01,1.38
367527,0.6992237567901611,0.752712607383728,0.01,1.38
367627,0.6992237567901611,0.752712607383728,0.01,1.38
367727,0.6992237567901611,0.752712607383728,0.01,1.38
367827,0.6992237567901611,0.752712607383728,0.01,1.38
367927,0.6992237567901611,0.752712607383728,0.01,1.38
368027,0.6992237567901611,0.752712607383728,0.01,1.38
368127,0.6992237567901611,0.752712607383728,0.01,1.38
368227,0.6992237567901611,0.752712607383728,0.01,1.38
368327,0.6992237567901611,0.752712607383728,0.01,1.38
368427,0.6992237567901611,0.752712607383728,0.01,1.38
368527,0.6992237567901611,0.752712607383728,0.01,1.38
368627,0.6992237567901611,0.752712607383728,0.01,1.38
368727,0.6992237567901611,0.752712607383728,0.01,1.38
368827,0.6992237567901611,0.752712607383728,0.01,1.38
368927,0.6992237567901611,0.752712607383728,0.01,1.38
369027,0.6992237567901611,0.752712607383728,0.01,1.38
369127,0.6992237567901611,0.752712607383728,0.01,1.38
369227,0.6992237567901611,0.752712607383728,0.01,1.38
369327,0.6992237567901611,0.752712607383728,0.01,1.38
369427,0.6992237567901611,0.752712607383728,0.01,1.38
369527,0.6992237567901611,0.752712607383728,0.01,1.38
369627,0.6992237567901611,0.752712607383728,0.01,1.38
369727,0.6992237567901611,0.752712607383728,0.01,1.38
369827,0.6992237567901611,0.752712607383728,0.01,1.38
369927,0.6992237567901611,0.752712607383728,0.01,1.38
370027,0.6992237567901611,0.752712607383728,0.01,1.38
370127,0.6992237567901611,0.752712607383728,0.01,1.38
370227,0.6992237567901611,0.752712607383728,0.01,1.38
370327,0.6992237567901611,0.752712607383728,0.01,1.38
370427,0.6992237567901611,0.752712607383728,0.01,1.38
370527,0.6992237567901611,0.752712607383728,0.01,1.38
370627,0.6992237567901611,0.752712607383728,0.01,1.38
370727,0.6992237567901611,0.752712607383728,0.01,1.38
370827,0.6992237567901611,0.752712607383728,0.01,1.38
370927,0.6992237567901611,0.752712607383728,0.01,1.38
371027,0.6992237567901611,0.752712607383728,0.01,1.38
371127,0.6992237567901611,0.752712607383728,0.01,1.38
371227,0.6992237567901611,0.752712607383728,0.01,1.38
371327,0.6992237567901611,0.752712607383728,0.01,1.38
371427,0.6992237567901611,0.752712607383728,0.01,1.38
371527,0.6992237567901611,0.752712607383728,0.01,1.38
371627,0.6992237567901611,0.752712607383728,0.01,1.38
371727,0.6992237567901611,0.752712607383728,0.01,1.38
371827,0.6992237567901611,0.752712607383728,0.01,1.38
371927,0.6992237567901611,0.752712607383728,0.01,1.38
372027,0.6992237567901611,0.752712607383728,0.01,1.38
402327,0.6992237567901611,0.752712607383728,0.01,1.36
402427,0.6992237567901611,0.752712607383728,0.01,1.36
402527,0.6992237567901611,0.752712607383728,0.01,1.36
402627,0.6992237567901611,0.752712607383728,0.01,1.36
402727,0.6992237567901611,0.752712607383728,0.01,1.36
402827,0.6992237567901611,0.752712607383728,0.01,1.36
402927,0.6992237567901611,0.752712607383728,0.01,1.36
403027,0.6992237567901611,0.752712607383728,0.01,1.36
403127,0.6992237567901611,0.752712607383728,0.01,1.36
403227,0.6992237567901611,0.752712607383728,0.01,1.36
403327,0.6992237567901611,0.752712607383728,0.01,1.36
403427,0.6992237567901611,0.752712607383728,0.01,1.36
403527,0.6992237567901611,0.752712607383728,0.01,1.36
403627,0.6992237567901611,0.752712607383728,0.01,1.36
403727,0.6992237567901611,0.752712607383728,0.01,1.36
403827,0.6992237567901611,0.752712607383728,0.01,1.36
403927,0.6992237567901611,0.752712607383728,0.01,1.36
404027,0.6992237567901611,0.752712607383728,0.01,1.36
404127,0.6992237567901611,0.752712607383728,0.01,1.36
404227,0.6992237567901611,0.752712607383728,0.01,1.36
404327,0.6992237567901611,0.752712607383728,0.01,1.36
404427,0.6992237567901611,0.752712607383728,0.01,1.36
404527,0.6992237567901611,0.752712607383728,0.01,1.36
404627,0.6992237567901611,0.752712607383728,0.01,1.36
404727,0.6992237567901611,0.752712607383728,0.01,1.36
404827,0.6992237567901611,0.752712607383728,0.01,1.36
404927,0.6992237567901611,0.752712607383728,0.01,1.36
405027,0.6992237567901611,0.752712607383728,0.01,1.36
405127,0.6992237567901611,0.752712607383728,0.01,1.36
405227,0.6992237567901611,0.752712607383728,0.01,1.36
405327,0.6992237567901611,0.752712607383728,0.01,1.36
405427,0.6992237567901611,0.752712607383728,0.01,1.36
405527,0.6992237567901611,0.752712607383728,0.01,1.36
405627,0.6992237567901611,0.752712607383728,0.01,1.36
405727,0.6992237567901611,0.752712607383728,0.01,1.36
405827,0.6992237567901611,0.752712607383728,0.01,1.36
405927,0.6992237567901611,0.752712607383728,0.01,1.36
406027,0.6992237567901611,0.752712607383728,0.01,1.36
406127,0.6992237567901611,0.752712607383728,0.01,1.36
406227,0.6992237567901611,0.752712607383728,0.01,1.36
406327,0.6992237567901611,0.752712607383728,0.01,1.36
406427,0.6992237567901611,0.752712607383728,0.01,1.36
406527,0.6992237567901611,0.752712607383728,0.01,1.36
406627,0.6992237567901611,0.752712607383728,0.01,1.36
406727,0.6992237567901611,0.752712607383728,0.01,1.36
406827,0.6992237567901611,0.752712607383728,0.01,1.36
406927,0.6992237567901611,0.752712607383728,0.01,1.36
407027,0.6992237567901611,0.752712607383728,0.01,1.36
407127,0.6992237567901611,0.752712607383728,0.01,1.36
407227,0.6992237567901611,0.752712607383728,0.01,1.36
407327,0.6992237567901611,0.752712607383728,0.01,1.36
407427,0.6992237567901611,0.752712607383728,0.01,1.36
407527,0.6992237567901611,0.752712607383728,0.01,1.36
407627,0.6992237567901611,0.752712607383728,0.01,1.36
407727,0.6992237567901611,0.752712607383728,0.01,1.36
407827,0.6992237567901611,0.752712607383728,0.01,1.36
407927,0.6992237567901611,0.752712607383728,0.01,1.36
408027,0.6992237567901611,0.752712607383728,0.01,1.36
408127,0.6992237567901611,0.752712607383728,0.01,1.36
408227,0.6992237567901611,0.752712607383728,0.01,1.36
408327,0.6992237567901611,0.752712607383728,0.01,1.36
408427,0.6992237567901611,0.752712607383728,0.01,1.36
408527,0.6992237567901611,0.752712607383728,0.01,1.36
408627,0.6992237567901611,0.752712607383728,0.01,1.36
408727,0.6992237567901611,0.752712607383728,0.01,1.36
408827,0.6992237567901611,0.752712607383728,0.01,1.36
408927,0.6992237567901611,0.752712607383728,0.01,1.36
409027,0.6992237567901611,0.752712607383728,0.01,1.36
409127,0.6992237567901611,0.752712607383728,0.01,1.36
409227,0.6992237567901611,0.752712607383728,0.01,1.36
409327,0.6992237567901611,0.752712607383728,0.01,1.36
409427,0.6992237567901611,0.752712607383728,0.01,1.36
409527,0.6992237567901611,0.752712607383728,0.01,1.36
409627,0.6992237567901611,0.752712607383728,0.01,1.36
409727,0.6992237567901611,0.752712607383728,0.01,1.36
409827,0.6992237567901611,0.752712607383728,0.01,1.36
409927,0.6992237567901611,0.752712607383728,0.01,1.36
410027,0.6992237567901611,0.752712607383728,0.01,1.36
410127,0.6992237567901611,0.752712607383728,0.01,1.36
410227,0.6992237567901611,0.752712607383728,0.01,1.36
410327,0.6992237567901611,0.752712607383728,0.01,1.36
410427,0.6992237567901611,0.752712607383728,0.01,1.36
410527,0.6992237567901611,0.752712607383728,0.01,1.36
410627,0.6992237567901611,0.752712607383728,0.01,1.36
410727,0.6992237567901611,0.752712607383728,0.01,1.36
410827,0.6992237567901611,0.752712607383728,0.01,1.36
410927,0.6992237567901611,0.752712607383728,0.01,1.36
411027,0.6992237567901611,0.752712607383728,0.01,1.36
411127,0.6992237567901611,0.752712607383728,0.01,1.36
411227,0.6992237567901611,0.752712607383728,0.01,1.36
411327,0.6992237567901611,0.752712607383728,0.01,1.36
411427,0.6992237567901611,0.752712607383728,0.01,1.36
411527,0.6992237567901611,0.752712607383728,0.01,1.36
411627,0.6992237567901611,0.752712607383728,0.01,1.36
411727,0.6992237567901611,0.752712607383728,0.01,1.36
411827,0.6992237567901611,0.752712607383728,0.01,1.36
411927,0.6992237567901611,0.752712607383728,0.01,1.36
412027,0.6992237567901611,0.752712607383728,0.01,1.36
412127,0.6992237567901611,0.752712607383728,0.01,1.36
412227,0.6992237567901611,0.752712607383728,0.01,1.36
412327,0.6992237567901611,0.752712607383728,0.01,1.36
412427,0.6992237567901611,0.752712607383728,0.01,1.36
412527,0.6992237567901611,0.752712607383728,0.01,1.36
412627,0.6992237567901611,0.752712607383728,0.01,1.36
412727,0.6992237567901611,0.752712607383728,0.01,1.36
412827,0.6992237567901611,0.752712607383728,0.01,1.36
412927,0.6992237567901611,0.752712607383728,0.01,1.36
413027,0.6992237567901611,0.752712607383728,0.01,1.36
413127,0.6992237567901611,0.752712607383728,0.01,1.36
413227,0.6992237567901611,0.752712607383728,0.01,1.36
413327,0.6992237567901611,0.752712607383728,0.01,1.36
413427,0.6992237567901611,0.752712607383728,0.01,1.36
413527,0.6992237567901611,0.752712607383728,0.01,1.36
413627,0.6992237567901611,0.752712607383728,0.01,1.36
413727,0.6992237567901611,0.752712607383728,0.01,1.36
413827,0.6992237567901611,0.752712607383728,0.01,1.36
413927,0.6992237567901611,0.752712607383728,0.01,1.36
414027,0.6992237567901611,0.752712607383728,0.01,1.36
414127,0.6992237567901611,0.752712607383728,0.01,1.36
414227,0.6992237567901611,0.752712607383728,0.01,1.36
414327,0.6992237567901611,0.752712607383728,0.01,1.36
414427,0.6992237567901611,0.752712607383728,0.01,1.36
414527,0.6992237567901611,0.752712607383728,0.01,1.36
414627,0.6992237567901611,0.752712607383728,0.01,1.36
414727,0.6992237567901611,0.752712607383728,0.01,1.36
414827,0.6992237567901611,0.752712607383728,0.01,1.36
414927,0.6992237567901611,0.752712607383728,0.01,1.36
415027,0.6992237567901611,0.752712607383728,0.01,1.36
415127,0.6992237567901611,0.752712607383728,0.01,1.36
415227,0.6992237567901611,0.752712607383728,0.01,1.36
415327,0.6992237567901611,0.752712607383728,0.01,1.36
415427,0.6992237567901611,0.752712607383728,0.01,1.36
415527,0.6992237567901611,0.752712607383728,0.01,1.36
415627,0.6992237567901611,0.752712607383728,0.01,1.36
415727,0.6992237567901611,0.752712607383728,0.01,1.36
415827,0.6992237567901611,0.752712607383728,0.01,1.36
415927,0.6992237567901611,0.752712607383728,0.01,1.36
416027,0.6992237567901611,0.752712607383728,0.01,1.36
416127,0.6992237567901611,0.752712607383728,0.01,1.36
416227,0.6992237567901611,0.752712607383728,0.01,1.36
416327,0.6992237567901611,0.752712607383728,0.01,1.36
416427,0.6992237567901611,0.752712607383728,0.01,1.36
416527,0.6992237567901611,0.752712607383728,0.01,1.36
416627,0.6992237567901611,0.752712607383728,0.01,1.36
416727,0.6992237567901611,0.752712607383728,0.01,1.36
416827,0.6992237567901611,0.752712607383728,0.01,1.36
416927,0.6992237567901611,0.752712607383728,0.01,1.36
417027,0.6992237567901611,0.752712607383728,0.01,1.36
417127,0.6992237567901611,0.752712607383728,0.01,1.36
417227,0.6992237567901611,0.752712607383728,0.01,1.36
417327,0.6992237567901611,0.752712607383728,0.01,1.36
417427,0.6992237567901611,0.752712607383728,0.01,1.36
417527,0.6992237567901611,0.752712607383728,0.01,1.36
417627,0.6992237567901611,0.752712607383728,0.01,1.36
417727,0.6992237567901611,0.752712607383728,0.01,1.36
417827,0.6992237567901611,0.752712607383728,0.01,1.36
417927,0.6992237567901611,0.752712607383728,0.01,1.36
418027,0.6992237567901611,0.752712607383728,0.01,1.36
418127,0.6992237567901611,0.752712607383728,0.01,1.36
418227,0.6992237567901611,0.752712607383728,0.01,1.36
418327,0.6992237567901611,0.752712607383728,0.01,1.36
418427,0.6992237567901611,0.752712607383728,0.01,1.36
418527,0.6992237567901611,0.752712607383728,0.01,1.36
418627,0.6992237567901611,0.752712607383728,0.01,1.36
418727,0.6992237567901611,0.752712607383728,0.01,1.36
418827,0.6992237567901611,0.752712607383728,0.01,1.36
418927,0.6992237567901611,0.752712607383728,0.01,1.36
419027,0.6992237567901611,0.752712607383728,0.01,1.36
419127,0.6992237567901611,0.752712607383728,0.01,1.36
419227,0.6992237567901611,0.752712607383728,0.01,1.36
419327,0.6992237567901611,0.752712607383728,0.01,1.36
419427,0.6992237567901611,0.752712607383728,0.01,1.36
419527,0.6992237567901611,0.752712607383728,0.01,1.36
419627,0.6992237567901611,0.752712607383728,0.01,1.36
419727,0.6992237567901611,0.752712607383728,0.01,1.36
419827,0.6992237567901611,0.752712607383728,0.01,1.36
419927,0.6992237567901611,0.752712607383728,0.01,1.36
420027,0.6992237567901611,0.752712607383728,0.01,1.36
420127,0.6992237567901611,0.752712607383728,0.01,1.36
420227,0.6992237567901611,0.752712607383728,0.01,1.36
420327,0.6992237567901611,0.752712607383728,0.01,1.36
420427,0.6992237567901611,0.752712607383728,0.01,1.36
420527,0.6992237567901611,0.752712607383728,0.01,1.36
420627,0.6992237567901611,0.752712607383728,0.01,1.36
420727,0.6992237567901611,0.752712607383728,0.01,1.36
420827,0.6992237567901611,0.752712607383728,0.01,1.36
420927,0.6992237567901611,0.752712607383728,0.01,1.36
421027,0.6992237567901611,0.752712607383728,0.01,1.36
421127,0.6992237567901611,0.752712607383728,0.01,1.36
421227,0.6992237567901611,0.752712607383728,0.01,1.36
421327,0.6992237567901611,0.752712607383728,0.01,1.36
421427,0.6992237567901611,0.752712607383728,0.01,1.36
421527,0.6992237567901611,0.752712607383728,0.01,1.36
421627,0.6992237567901611,0.752712607383728,0.01,1.36
421727,0.6992237567901611,0.752712607383728,0.01,1.36
421827,0.6992237567901611,0.752712607383728,0.01,1.36
421927,0.6992237567901611,0.752712607383728,0.01,1.36
422027,0.6992237567901611,0.752712607383728,0.01,1.36
422127,0.6992237567901611,0.752712607383728,0.01,1.36
422227,0.6992237567901611,0.752712607383728,0.01,1.36
422327,0.6992237567901611,0.752712607383728,0.01,1.36
422427,0.6992237567901611,0.752712607383728,0.01,1.36
422527,0.6992237567901611,0.752712607383728,0.01,1.36
422627,0.6992237567901611,0.752712607383728,0.01,1.36
422727,0.6992237567901611,0.752712607383728,0.01,1.36
422827,0.6992237567901611,0.752712607383728,0.01,1.36
422927,0.6992237567901611,0.752712607383728,0.01,1.36
423027,0.6992237567901611,0.752712607383728,0.01,1.36
423127,0.6992237567901611,0.752712607383728,0.01,1.36
423227,0.6992237567901611,0.752712607383728,0.01,1.36
423327,0.6992237567901611,0.752712607383728,0.01,1.36
423427,0.6992237567901611,0.752712607383728,0.01,1.36
423527,0.6992237567901611,0.752712607383728,0.01,1.36
423627,0.6992237567901611,0.752712607383728,0.01,1.36
423727,0.6992237567901611,0.752712607383728,0.01,1.36
423827,0.6992237567901611,0.752712607383728,0.01,1.36
423927,0.6992237567901611,0.752712607383728,0.01,1.36
424027,0.6992237567901611,0.752712607383728,0.01,1.36
424127,0.6992237567901611,0.752712607383728,0.01,1.36
424227,0.6992237567901611,0.752712607383728,0.01,1.36
424327,0.6992237567901611,0.752712607383728,0.01,1.36
424427,0.6992237567901611,0.752712607383728,0.01,1.36
424527,0.6992237567901611,0.752712607383728,0.01,1.36
424627,0.6992237567901611,0.752712607383728,0.01,1.36
424727,0.6992237567901611,0.752712607383728,0.01,1.36
424827,0.6992237567901611,0.752712607383728,0.01,1.36
424927,0.6992237567901611,0.752712607383728,0.01,1.36
425027,0.6992237567901611,0.752712607383728,0.01,1.36
425127,0.6992237567901611,0.752712607383728,0.01,1.36
425227,0.6992237567901611,0.752712607383728,0.01,1.36
425327,0.6992237567901611,0.752712607383728,0.01,1.36
425427,0.6992237567901611,0.752712607383728,0.01,1.36
425527,0.6992237567901611,0.752712607383728,0.01,1.36
425627,0.6992237567901611,0.752712607383728,0.01,1.36
425727,0.6992237567901611,0.752712607383728,0.01,1.36
425827,0.6992237567901611,0.752712607383728,0.01,1.36
425927,0.6992237567901611,0.752712607383728,0.01,1.36
426027,0.6992237567901611,0.752712607383728,0.01,1.36
426127,0.6992237567901611,0.752712607383728,0.01,1.36
426227,0.6992237567901611,0.752712607383728,0.01,1.36
426327,0.6992237567901611,0.752712607383728,0.01,1.36
426427,0.6992237567901611,0.752712607383728,0.01,1.36
426527,0.6992237567901611,0.752712607383728,0.01,1.36
426627,0.6992237567901611,0.752712607383728,0.01,1.36
426727,0.6992237567901611,0.752712607383728,0.01,1.36
426827,0.6992237567901611,0.752712607383728,0.01,1.36
426927,0.6992237567901611,0.752712607383728,0.01,1.36
427027,0.6992237567901611,0.752712607383728,0.01,1.36
427127,0.6992237567901611,0.752712607383728,0.01,1.36
427227,0.6992237567901611,0.752712607383728,0.01,1.36
427327,0.6992237567901611,0.752712607383728,0.01,1.36
427427,0.6992237567901611,0.752712607383728,0.01,1.36
427527,0.6992237567901611,0.752712607383728,0.01,1.36
427627,0.6992237567901611,0.752712607383728,0.01,1.36
427727,0.6992237567901611,0.752712607383728,0.01,1.36
427827,0.6992237567901611,0.752712607383728,0.01,1.36
427927,0.6992237567901611,0.752712607383728,0.01,1.36
428027,0.6992237567901611,0.752712607383728,0.01,1.36
428127,0.6992237567901611,0.752712607383728,0.01,1.36
428227,0.6992237567901611,0.752712607383728,0.01,1.36
428327,0.6992237567901611,0.752712607383728,0.01,1.36
428427,0.6992237567901611,0.752712607383728,0.01,1.36
428527,0.6992237567901611,0.752712607383728,0.01,1.36
428627,0.6992237567901611,0.752712607383728,0.01,1.36
428727,0.6992237567901611,0.752712607383728,0.01,1.36
428827,0.6992237567901611,0.752712607383728,0.01,1.36
428927,0.6992237567901611,0.752712607383728,0.01,1.36
429027,0.6992237567901611,0.752712607383728,0.01,1.36
429127,0.6992237567901611,0.752712607383728,0.01,1.36
429227,0.6992237567901611,0.752712607383728,0.01,1.36
429327,0.6992237567901611,0.752712607383728,0.01,1.36
429427,0.6992237567901611,0.752712607383728,0.01,1.36
429527,0.6992237567901611,0.752712607383728,0.01,1.36
429627,0.6992237567901611,0.752712607383728,0.01,1.36
429727,0.6992237567901611,0.752712607383728,0.01,1.36
429827,0.6992237567901611,0.752712607383728,0.01,1.36
429927,0.6992237567901611,0.752712607383728,0.01,1.36
430027,0.6992237567901611,0.752712607383728,0.01,1.36
430127,0.6992237567901611,0.752712607383728,0.01,1.36
430227,0.6992237567901611,0.752712607383728,0.01,1.36
430327,0.6992237567901611,0.752712607383728,0.01,1.36
430427,0.6992237567901611,0.752712607383728,0.01,1.36
430527,0.6992237567901611,0.752712607383728,0.01,1.36
430627,0.6992237567901611,0.752712607383728,0.01,1.36
430727,0.6992237567901611,0.752712607383728,0.01,1.36
430827,0.6992237567901611,0.752712607383728,0.01,1.36
430927,0.6992237567901611,0.752712607383728,0.01,1.36
431027,0.6992237567901611,0.752712607383728,0.01,1.36
431127,0.6992237567901611,0.752712607383728,0.01,1.36
431227,0.6992237567901611,0.752712607383728,0.01,1.36
431327,0.6992237567901611,0.752712607383728,0.01,1.36
431427,0.6992237567901611,0.752712607383728,0.01,1.36
431527,0.6992237567901611,0.752712607383728,0.01,1.36
431627,0.6992237567901611,0.752712607383728,0.01,1.36
431727,0.6992237567901611,0.752712607383728,0.01,1.36
431827,0.6992237567901611,0.752712607383728,0.01,1.36
431927,0.6992237567901611,0.752712607383728,0.01,1.36
432027,0.6992237567901611,0.752712607383728,0.01,1.36
432127,0.6992237567901611,0.752712607383728,0.01,1.36
432227,0.6992237567901611,0.752712607383728,0.01,1.36
432327,0.6992237567901611,0.752712607383728,0.01,1.36
432427,0.6992237567901611,0.752712607383728,0.01,1.36
462727,0.6992237567901611,0.752712607383728,0.01,1.32
462827,0.6992237567901611,0.752712607383728,0.01,1.32
462927,0.6992237567901611,0.752712607383728,0.01,1.32
463027,0.6992237567901611,0.752712607383728,0.01,1.32
463127,0.6992237567901611,0.752712607383728,0.01,1.32
463227,0.6992237567901611,0.752712607383728,0.01,1.32
463327,0.6992237567901611,0.752712607383728,0.01,1.32
463427,0.6992237567901611,0.752712607383728,0.01,1.32
463527,0.6992237567901611,0.752712607383728,0.01,1.32
463627,0.6992237567901611,0.752712607383728,0.01,1.32
463727,0.6992237567901611,0.752712607383728,0.01,1.32
463827,0.6992237567901611,0.752712607383728,0.01,1.32
463927,0.6992237567901611,0.752712607383728,0.01,1.32
464027,0.6992237567901611,0.752712607383728,0.01,1.32
464127,0.6992237567901611,0.752712607383728,0.01,1.32
464227,0.6992237567901611,0.752712607383728,0.01,1.32
464327,0.6992237567901611,0.752712607383728,0.01,1.32
464427,0.6992237567901611,0.752712607383728,0.01,1.32
464527,0.6992237567901611,0.752712607383728,0.01,1.32
464627,0.6992237567901611,0.752712607383728,0.01,1.32
464727,0.6992237567901611,0.752712607383728,0.01,1.32
464827,0.6992237567901611,0.752712607383728,0.01,1.32
464927,0.6992237567901611,0.752712607383728,0.01,1.32
465027,0.6992237567901611,0.752712607383728,0.01,1.32
465127,0.6992237567901611,0.752712607383728,0.01,1.32
465227,0.6992237567901611,0.752712607383728,0.01,1.32
465327,0.6992237567901611,0.752712607383728,0.01,1.32
465427,0.6992237567901611,0.752712607383728,0.01,1.32
465527,0.6992237567901611,0.752712607383728,0.01,1.32
465627,0.6992237567901611,0.752712607383728,0.01,1.32
465727,0.6992237567901611,0.752712607383728,0.01,1.32
465827,0.6992237567901611,0.752712607383728,0.01,1.32
465927,0.6992237567901611,0.752712607383728,0.01,1.32
466027,0.6992237567901611,0.752712607383728,0.01,1.32
466127,0.6992237567901611,0.752712607383728,0.01,1.32
466227,0.6992237567901611,0.752712607383728,0.01,1.32
466327,0.6992237567901611,0.752712607383728,0.01,1.32
466427,0.6992237567901611,0.752712607383728,0.01,1.32
466527,0.6992237567901611,0.752712607383728,0.01,1.32
466627,0.6992237567901611,0.752712607383728,0.01,1.32
466727,0.6992237567901611,0.752712607383728,0.01,1.32
466827,0.6992237567901611,0.752712607383728,0.01,1.32
466927,0.6992237567901611,0.752712607383728,0.01,1.32
467027,0.6992237567901611,0.752712607383728,0.01,1.32
467127,0.6992237567901611,0.752712607383728,0.01,1.32
467227,0.6992237567901611,0.752712607383728,0.01,1.32
467327,0.6992237567901611,0.752712607383728,0.01,1.32
467427,0.6992237567901611,0.752712607383728,0.01,1.32
467527,0.6992237567901611,0.752712607383728,0.01,1.32
467627,0.6992237567901611,0.752712607383728,0.01,1.32
467727,0.6992237567901611,0.752712607383728,0.01,1.32
467827,0.6992237567901611,0.752712607383728,0.01,1.32
467927,0.6992237567901611,0.752712607383728,0.01,1.32
468027,0.6992237567901611,0.752712607383728,0.01,1.32
468127,0.6992237567901611,0.752712607383728,0.01,1.32
468227,0.6992237567901611,0.752712607383728,0.01,1.32
468327,0.6992237567901611,0.752712607383728,0.01,1.32
468427,0.6992237567901611,0.752712607383728,0.01,1.32
468527,0.6992237567901611,0.752712607383728,0.01,1.32
468627,0.6992237567901611,0.752712607383728,0.01,1.32
468727,0.6992237567901611,0.752712607383728,0.01,1.32
468827,0.6992237567901611,0.752712607383728,0.01,1.32
468927,0.6992237567901611,0.752712607383728,0.01,1.32
469027,0.6992237567901611,0.752712607383728,0.01,1.32
469127,0.6992237567901611,0.752712607383728,0.01,1.32
469227,0.6992237567901611,0.752712607383728,0.01,1.32
469327,0.6992237567901611,0.752712607383728,0.01,1.32
469427,0.6992237567901611,0.752712607383728,0.01,1.32
469527,0.6992237567901611,0.752712607383728,0.01,1.32
469627,0.6992237567901611,0.752712607383728,0.01,1.32
469727,0.6992237567901611,0.752712607383728,0.01,1.32
469827,0.6992237567901611,0.752712607383728,0.01,1.32
469927,0.6992237567901611,0.752712607383728,0.01,1.32
470027,0.6992237567901611,0.752712607383728,0.01,1.32
470127,0.6992237567901611,0.752712607383728,0.01,1.32
470227,0.6992237567901611,0.752712607383728,0.01,1.32
470327,0.6992237567901611,0.752712607383728,0.01,1.32
470427,0.6992237567901611,0.752712607383728,0.01,1.32
470527,0.6992237567901611,0.752712607383728,0.01,1.32
470627,0.6992237567901611,0.752712607383728,0.01,1.32
470727,0.6992237567901611,0.752712607383728,0.01,1.32
470827,0.6992237567901611,0.752712607383728,0.01,1.32
470927,0.6992237567901611,0.752712607383728,0.01,1.32
471027,0.6992237567901611,0.752712607383728,0.01,1.32
471127,0.6992237567901611,0.752712607383728,0.01,1.32
471227,0.6992237567901611,0.752712607383728,0.01,1.32
471327,0.6992237567901611,0.752712607383728,0.01,1.32
471427,0.6992237567901611,0.752712607383728,0.01,1.32
471527,0.6992237567901611,0.752712607383728,0.01,1.32
471627,0.6992237567901611,0.752712607383728,0.01,1.32
471727,0.6992237567901611,0.752712607383728,0.01,1.32
471827,0.6992237567901611,0.752712607383728,0.01,1.32
471927,0.6992237567901611,0.752712607383728,0.01,1.32
472027,0.6992237567901611,0.752712607383728,0.01,1.32
472127,0.6992237567901611,0.752712607383728,0.01,1.32
472227,0.6992237567901611,0.752712607383728,0.01,1.32
472327,0.6992237567901611,0.752712607383728,0.01,1.32
472427,0.6992237567901611,0.752712607383728,0.01,1.32
472527,0.6992237567901611,0.752712607383728,0.01,1.32
472627,0.6992237567901611,0.752712607383728,0.01,1.32
472727,0.6992237567901611,0.752712607383728,0.01,1.32
472827,0.6992237567901611,0.752712607383728,0.01,1.32
472927,0.6992237567901611,0.752712607383728,0.01,1.32
473027,0.6992237567901611,0.752712607383728,0.01,1.32
473127,0.6992237567901611,0.752712607383728,0.01,1.32
473227,0.6992237567901611,0.752712607383728,0.01,1.32
473327,0.6992237567901611,0.752712607383728,0.01,1.32
473427,0.6992237567901611,0.752712607383728,0.01,1.32
473527,0.6992237567901611,0.752712607383728,0.01,1.32
473627,0.6992237567901611,0.752712607383728,0.01,1.32
473727,0.6992237567901611,0.752712607383728,0.01,1.32
473827,0.6992237567901611,0.752712607383728,0.01,1.32
473927,0.6992237567901611,0.752712607383728,0.01,1.32
474027,0.6992237567901611,0.752712607383728,0.01,1.32
474127,0.6992237567901611,0.752712607383728,0.01,1.32
474227,0.6992237567901611,0.752712607383728,0.01,1.32
474327,0.6992237567901611,0.752712607383728,0.01,1.32
474427,0.6992237567901611,0.752712607383728,0.01,1.32
474527,0.6992237567901611,0.752712607383728,0.01,1.32
474627,0.6992237567901611,0.752712607383728,0.01,1.32
474727,0.6992237567901611,0.752712607383728,0.01,1.32
474827,0.6992237567901611,0.752712607383728,0.01,1.32
474927,0.6992237567901611,0.752712607383728,0.01,1.32
475027,0.6992237567901611,0.752712607383728,0.01,1.32
475127,0.6992237567901611,0.752712607383728,0.01,1.32
475227,0.6992237567901611,0.752712607383728,0.01,1.32
475327,0.6992237567901611,0.752712607383728,0.01,1.32
475427,0.6992237567901611,0.752712607383728,0.01,1.32
475527,0.6992237567901611,0.752712607383728,0.01,1.32
475627,0.6992237567901611,0.752712607383728,0.01,1.32
475727,0.6992237567901611,0.752712607383728,0.01,1.32
475827,0.6992237567901611,0.752712607383728,0.01,1.32
475927,0.6992237567901611,0.752712607383728,0.01,1.32
476027,0.6992237567901611,0.752712607383728,0.01,1.32
476127,0.6992237567901611,0.752712607383728,0.01,1.32
476227,0.6992237567901611,0.752712607383728,0.01,1.32
476327,0.6992237567901611,0.752712607383728,0.01,1.32
476427,0.6992237567901611,0.752712607383728,0.01,1.32
476527,0.6992237567901611,0.752712607383728,0.01,1.32
476627,0.6992237567901611,0.752712607383728,0.01,1.32
476727,0.6992237567901611,0.752712607383728,0.01,1.32
476827,0.6992237567901611,0.752712607383728,0.01,1.32
476927,0.6992237567901611,0.752712607383728,0.01,1.32
477027,0.6992237567901611,0.752712607383728,0.01,1.32
477127,0.6992237567901611,0.752712607383728,0.01,1.32
477227,0.6992237567901611,0.752712607383728,0.01,1.32
477327,0.6992237567901611,0.752712607383728,0.01,1.32
477427,0.6992237567901611,0.752712607383728,0.01,1.32
477527,0.6992237567901611,0.752712607383728,0.01,1.32
477627,0.6992237567901611,0.752712607383728,0.01,1.32
477727,0.6992237567901611,0.752712607383728,0.01,1.32
477827,0.6992237567901611,0.752712607383728,0.01,1.32
477927,0.6992237567901611,0.752712607383728,0.01,1.32
478027,0.6992237567901611,0.752712607383728,0.01,1.32
478127,0.6992237567901611,0.752712607383728,0.01,1.32
478227,0.6992237567901611,0.752712607383728,0.01,1.32
478327,0.6992237567901611,0.752712607383728,0.01,1.32
478427,0.6992237567901611,0.752712607383728,0.01,1.32
478527,0.6992237567901611,0.752712607383728,0.01,1.32
478627,0.6992237567901611,0.752712607383728,0.01,1.32
478727,0.6992237567901611,0.752712607383728,0.01,1.32
478827,0.6992237567901611,0.752712607383728,0.01,1.32
478927,0.6992237567901611,0.752712607383728,0.01,1.32
479027,0.6992237567901611,0.752712607383728,0.01,1.32
479127,0.6992237567901611,0.752712607383728,0.01,1.32
479227,0.6992237567901611,0.752712607383728,0.01,1.32
479327,0.6992237567901611,0.752712607383728,0.01,1.32
479427,0.6992237567901611,0.752712607383728,0.01,1.32
479527,0.6992237567901611,0.752712607383728,0.01,1.32
479627,0.6992237567901611,0.752712607383728,0.01,1.32
479727,0.6992237567901611,0.752712607383728,0.01,1.32
479827,0.6992237567901611,0.752712607383728,0.01,1.32
479927,0.6992237567901611,0.752712607383728,0.01,1.32
480027,0.6992237567901611,0.752712607383728,0.01,1.32
480127,0.6992237567901611,0.752712607383728,0.01,1.32
480227,0.6992237567901611,0.752712607383728,0.01,1.32
480327,0.6992237567901611,0.752712607383728,0.01,1.32
480427,0.6992237567901611,0.752712607383728,0.01,1.32
480527,0.6992237567901611,0.752712607383728,0.01,1.32
480627,0.6992237567901611,0.752712607383728,0.01,1.32
480727,0.6992237567901611,0.752712607383728,0.01,1.32
480827,0.6992237567901611,0.752712607383728,0.01,1.32
480927,0.6992237567901611,0.752712607383728,0.01,1.32
481027,0.6992237567901611,0.752712607383728,0.01,1.32
481127,0.6992237567901611,0.752712607383728,0.01,1.32
481227,0.6992237567901611,0.752712607383728,0.01,1.32
481327,0.6992237567901611,0.752712607383728,0.01,1.32
481427,0.6992237567901611,0.752712607383728,0.01,1.32
481527,0.6992237567901611,0.752712607383728,0.01,1.32
481627,0.6992237567901611,0.752712607383728,0.01,1.32
481727,0.6992237567901611,0.752712607383728,0.01,1.32
481827,0.6992237567901611,0.752712607383728,0.01,1.32
481927,0.6992237567901611,0.752712607383728,0.01,1.32
482027,0.6992237567901611,0.752712607383728,0.01,1.32
482127,0.6992237567901611,0.752712607383728,0.01,1.32
482227,0.6992237567901611,0.752712607383728,0.01,1.32
482327,0.6992237567901611,0.752712607383728,0.01,1.32
482427,0.6992237567901611,0.752712607383728,0.01,1.32
482527,0.6992237567901611,0.752712607383728,0.01,1.32
482627,0.6992237567901611,0.752712607383728,0.01,1.32
482727,0.6992237567901611,0.752712607383728,0.01,1.32
482827,0.6992237567901611,0.752712607383728,0.01,1.32
482927,0.6992237567901611,0.752712607383728,0.01,1.32
483027,0.6992237567901611,0.752712607383728,0.01,1.32
483127,0.6992237567901611,0.752712607383728,0.01,1.32
483227,0.6992237567901611,0.752712607383728,0.01,1.32
483327,0.6992237567901611,0.752712607383728,0.01,1.32
483427,0.6992237567901611,0.752712607383728,0.01,1.32
483527,0.6992237567901611,0.752712607383728,0.01,1.32
483627,0.6992237567901611,0.752712607383728,0.01,1.32
483727,0.6992237567901611,0.752712607383728,0.01,1.32
483827,0.6992237567901611,0.752712607383728,0.01,1.32
483927,0.6992237567901611,0.752712607383728,0.01,1.32
484027,0.6992237567901611,0.752712607383728,0.01,1.32
484127,0.6992237567901611,0.752712607383728,0.01,1.32
484227,0.6992237567901611,0.752712607383728,0.01,1.32
484327,0.6992237567901611,0.752712607383728,0.01,1.32
484427,0.6992237567901611,0.752712607383728,0.01,1.32
484527,0.6992237567901611,0.752712607383728,0.01,1.32
484627,0.6992237567901611,0.752712607383728,0.01,1.32
484727,0.6992237567901611,0.752712607383728,0.01,1.32
484827,0.6992237567901611,0.752712607383728,0.01,1.32
484927,0.6992237567901611,0.752712607383728,0.01,1.32
485027,0.6992237567901611,0.752712607383728,0.01,1.32
485127,0.6992237567901611,0.752712607383728,0.01,1.32
485227,0.6992237567901611,0.752712607383728,0.01,1.32
485327,0.6992237567901611,0.752712607383728,0.01,1.32
485427,0.6992237567901611,0.752712607383728,0.01,1.32
485527,0.6992237567901611,0.752712607383728,0.01,1.32
485627,0.6992237567901611,0.752712607383728,0.01,1.32
485727,0.6992237567901611,0.752712607383728,0.01,1.32
485827,0.6992237567901611,0.752712607383728,0.01,1.32
485927,0.6992237567901611,0.752712607383728,0.01,1.32
486027,0.6992237567901611,0.752712607383728,0.01,1.32
486127,0.6992237567901611,0.752712607383728,0.01,1.32
486227,0.6992237567901611,0.752712607383728,0.01,1.32
486327,0.6992237567901611,0.752712607383728,0.01,1.32
486427,0.6992237567901611,0.752712607383728,0.01,1.32
486527,0.6992237567901611,0.752712607383728,0.01,1.32
486627,0.6992237567901611,0.752712607383728,0.01,1.32
486727,0.6992237567901611,0.752712607383728,0.01,1.32
486827,0.6992237567901611,0.752712607383728,0.01,1.32
486927,0.6992237567901611,0.752712607383728,0.01,1.32
487027,0.6992237567901611,0.752712607383728,0.01,1.32
487127,0.6992237567901611,0.752712607383728,0.01,1.32
487227,0.6992237567901611,0.752712607383728,0.01,1.32
487327,0.6992237567901611,0.752712607383728,0.01,1.32
487427,0.6992237567901611,0.752712607383728,0.01,1.32
487527,0.6992237567901611,0.752712607383728,0.01,1.32
487627,0.6992237567901611,0.752712607383728,0.01,1.32
487727,0.6992237567901611,0.752712607383728,0.01,1.32
487827,0.6992237567901611,0.752712607383728,0.01,1.32
487927,0.6992237567901611,0.752712607383728,0.01,1.32
488027,0.6992237567901611,0.752712607383728,0.01,1.32
488127,0.6992237567901611,0.752712607383728,0.01,1.32
488227,0.6992237567901611,0.752712607383728,0.01,1.32
488327,0.6992237567901611,0.752712607383728,0.01,1.32
488427,0.6992237567901611,0.752712607383728,0.01,1.32
488527,0.6992237567901611,0.752712607383728,0.01,1.32
488627,0.6992237567901611,0.752712607383728,0.01,1.32
488727,0.6992237567901611,0.752712607383728,0.01,1.32
488827,0.6992237567901611,0.752712607383728,0.01,1.32
488927,0.6992237567901611,0.752712607383728,0.01,1.32
489027,0.6992237567901611,0.752712607383728,0.01,1.32
489127,0.6992237567901611,0.752712607383728,0.01,1.32
489227,0.6992237567901611,0.752712607383728,0.01,1.32
489327,0.6992237567901611,0.752712607383728,0.01,1.32
489427,0.6992237567901611,0.752712607383728,0.01,1.32
489527,0.6992237567901611,0.752712607383728,0.01,1.32
489627,0.6992237567901611,0.752712607383728,0.01,1.32
489727,0.6992237567901611,0.752712607383728,0.01,1.32
489827,0.6992237567901611,0.752712607383728,0.01,1.32
489927,0.6992237567901611,0.752712607383728,0.01,1.32
490027,0.6992237567901611,0.752712607383728,0.01,1.32
490127,0.6992237567901611,0.752712607383728,0.01,1.32
490227,0.6992237567901611,0.752712607383728,0.01,1.32
490327,0.6992237567901611,0.752712607383728,0.01,1.32
490427,0.6992237567901611,0.752712607383728,0.01,1.32
490527,0.6992237567901611,0.752712607383728,0.01,1.32
490627,0.6992237567901611,0.752712607383728,0.01,1.32
490727,0.6992237567901611,0.752712607383728,0.01,1.32
490827,0.6992237567901611,0.752712607383728,0.01,1.32
490927,0.6992237567901611,0.752712607383728,0.01,1.32
491027,0.6992237567901611,0.752712607383728,0.01,1.32
491127,0.6992237567901611,0.752712607383728,0.01,1.32
491227,0.6992237567901611,0.752712607383728,0.01,1.32
491327,0.6992237567901611,0.752712607383728,0.01,1.32
491427,0.6992237567901611,0.752712607383728,0.01,1.32
491527,0.6992237567901611,0.752712607383728,0.01,1.32
491627,0.6992237567901611,0.752712607383728,0.01,1.32
491727,0.6992237567901611,0.752712607383728,0.01,1.32
491827,0.6992237567901611,0.752712607383728,0.01,1.32
491927,0.6992237567901611,0.752712607383728,0.01,1.32
492027,0.6992237567901611,0.752712607383728,0.01,1.32
492127,0.6992237567901611,0.752712607383728,0.01,1.32
492227,0.6992237567901611,0.752712607383728,0.01,1.32
492327,0.6992237567901611,0.752712607383728,0.01,1.32
492427,0.6992237567901611,0.752712607383728,0.01,1.32
492527,0.6992237567901611,0.752712607383728,0.01,1.32
492627,0.6992237567901611,0.752712607383728,0.01,1.32
492727,0.6992237567901611,0.752712607383728,0.01,1.32
492827,0.6992237567901611,0.752712607383728,0.01,1.32
