evaluation,fitness,test_accuracy,uniqueness,time
0,-0.22287756204605103,-0.3571562170982361,1.0,1.46
100,-0.22287756204605103,-0.3571562170982361,1.0,1.46
200,-0.22287756204605103,-0.3571562170982361,1.0,1.46
300,-0.2225150465965271,-0.35656076669692993,1.0,1.46
400,-0.2225150465965271,-0.35656076669692993,1.0,1.46
500,-0.2225150465965271,-0.35656076669692993,1.0,1.46
600,-0.2225150465965271,-0.35656076669692993,1.0,1.46
700,-0.2225150465965271,-0.35656076669692993,1.0,1.46
800,-0.2225150465965271,-0.35656076669692993,1.0,1.46
900,-0.2225150465965271,-0.35656076669692993,1.0,1.46
1000,-0.2225150465965271,-0.35656076669692993,1.0,1.46
1100,-0.2225150465965271,-0.35656076669692993,1.0,1.46
1200,-0.2225150465965271,-0.35656076669692993,1.0,1.46
1300,-0.2225150465965271,-0.35656076669692993,1.0,1.46
1400,-0.2225150465965271,-0.35656076669692993,1.0,1.46
1500,-0.2225150465965271,-0.35656076669692993,1.0,1.46
1600,-0.21849238872528076,-0.3500050902366638,1.0,1.46
1700,-0.21849238872528076,-0.3500050902366638,1.0,1.46
1800,-0.21849238872528076,-0.3500050902366638,1.0,1.46
1900,-0.21849238872528076,-0.3500050902366638,1.0,1.46
2000,-0.21849238872528076,-0.3500050902366638,1.0,1.46
2100,0.05786556005477905,-0.060191571712493896,1.0,1.46
2200,0.05786556005477905,-0.060191571712493896,1.0,1.46
2300,0.05786556005477905,-0.060191571712493896,1.0,1.46
2400,0.05786556005477905,-0.060191571712493896,1.0,1.46
2500,0.05786556005477905,-0.060191571712493896,1.0,1.46
2600,0.05786556005477905,-0.060191571712493896,1.0,1.46
2700,0.05786556005477905,-0.060191571712493896,1.0,1.46
2800,0.05786556005477905,-0.060191571712493896,1.0,1.46
2900,0.05786556005477905,-0.060191571712493896,1.0,1.46
3000,0.05786556005477905,-0.060191571712493896,1.0,1.46
3100,0.05786556005477905,-0.060191571712493896,1.0,1.46
3200,0.05786556005477905,-0.060191571712493896,1.0,1.46
3300,0.05786556005477905,-0.060191571712493896,1.0,1.46
3400,0.05786556005477905,-0.060191571712493896,1.0,1.46
3500,0.05786556005477905,-0.060191571712493896,1.0,1.46
3600,0.05786556005477905,-0.060191571712493896,1.0,1.46
3700,0.05786556005477905,-0.060191571712493896,1.0,1.46
3800,0.05786556005477905,-0.060191571712493896,1.0,1.46
3900,0.05786556005477905,-0.060191571712493896,1.0,1.46
4000,0.05786556005477905,-0.060191571712493896,1.0,1.46
4100,0.05786556005477905,-0.060191571712493896,1.0,1.46
4200,0.08248251676559448,-0.042341649532318115,1.0,1.46
4300,0.08248251676559448,-0.042341649532318115,1.0,1.46
4400,0.08248251676559448,-0.042341649532318115,1.0,1.46
4500,0.08248251676559448,-0.042341649532318115,1.0,1.46
4600,0.08248251676559448,-0.042341649532318115,1.0,1.46
4700,0.08248251676559448,-0.042341649532318115,1.0,1.46
4800,0.08248251676559448,-0.042341649532318115,1.0,1.46
4900,0.08248251676559448,-0.042341649532318115,1.0,1.46
5000,0.08248251676559448,-0.042341649532318115,1.0,1.46
5100,0.08248251676559448,-0.042341649532318115,1.0,1.46
5200,0.08248251676559448,-0.042341649532318115,1.0,1.46
5300,0.08248251676559448,-0.042341649532318115,1.0,1.46
5400,0.08248251676559448,-0.042341649532318115,1.0,1.46
5500,0.08248251676559448,-0.042341649532318115,1.0,1.46
5600,0.08248251676559448,-0.042341649532318115,1.0,1.46
5700,0.08248251676559448,-0.042341649532318115,1.0,1.46
5800,0.08248251676559448,-0.042341649532318115,1.0,1.46
5900,0.08248251676559448,-0.042341649532318115,1.0,1.46
6000,0.08248251676559448,-0.042341649532318115,1.0,1.46
6100,0.08248251676559448,-0.042341649532318115,1.0,1.46
6200,0.08248251676559448,-0.042341649532318115,1.0,1.46
6300,0.08248251676559448,-0.042341649532318115,1.0,1.46
6400,0.08248251676559448,-0.042341649532318115,1.0,1.46
6500,0.08248251676559448,-0.042341649532318115,1.0,1.46
6600,0.08248251676559448,-0.042341649532318115,1.0,1.46
6700,0.08248251676559448,-0.042341649532318115,1.0,1.46
6800,0.08248251676559448,-0.042341649532318115,1.0,1.46
6900,0.08248251676559448,-0.042341649532318115,1.0,1.46
7000,0.08248251676559448,-0.042341649532318115,1.0,1.46
7100,0.08248251676559448,-0.042341649532318115,1.0,1.46
7200,0.08248251676559448,-0.042341649532318115,1.0,1.46
7300,0.08248251676559448,-0.042341649532318115,1.0,1.46
7400,0.08248251676559448,-0.042341649532318115,1.0,1.46
7500,0.08248251676559448,-0.042341649532318115,1.0,1.46
7600,0.08248251676559448,-0.042341649532318115,1.0,1.46
7700,0.08248251676559448,-0.042341649532318115,1.0,1.46
7800,0.08248251676559448,-0.042341649532318115,1.0,1.46
7900,0.08248251676559448,-0.042341649532318115,1.0,1.46
8000,0.08248251676559448,-0.042341649532318115,1.0,1.46
8100,0.08248251676559448,-0.042341649532318115,1.0,1.46
8200,0.08248251676559448,-0.042341649532318115,1.0,1.46
8300,0.08248251676559448,-0.042341649532318115,1.0,1.46
8400,0.08248251676559448,-0.042341649532318115,1.0,1.46
8500,0.08248251676559448,-0.042341649532318115,1.0,1.46
8600,0.08248251676559448,-0.042341649532318115,1.0,1.46
8700,0.08248251676559448,-0.042341649532318115,1.0,1.46
8800,0.08248251676559448,-0.042341649532318115,1.0,1.46
8900,0.08248251676559448,-0.042341649532318115,1.0,1.46
9000,0.08248251676559448,-0.042341649532318115,1.0,1.46
9100,0.08248251676559448,-0.042341649532318115,1.0,1.46
9200,0.08248251676559448,-0.042341649532318115,1.0,1.46
9300,0.08248251676559448,-0.042341649532318115,1.0,1.46
9400,0.08248251676559448,-0.042341649532318115,1.0,1.46
9500,0.08248251676559448,-0.042341649532318115,1.0,1.46
9600,0.08248251676559448,-0.042341649532318115,1.0,1.46
9700,0.08248251676559448,-0.042341649532318115,1.0,1.46
9800,0.08248251676559448,-0.042341649532318115,1.0,1.46
9900,0.08248251676559448,-0.042341649532318115,1.0,1.46
10000,0.08248251676559448,-0.042341649532318115,1.0,1.46
10100,0.08248251676559448,-0.042341649532318115,1.0,1.46
10200,0.08248251676559448,-0.042341649532318115,1.0,1.46
10300,0.08248251676559448,-0.042341649532318115,1.0,1.46
10400,0.08248251676559448,-0.042341649532318115,1.0,1.46
10500,0.08248251676559448,-0.042341649532318115,1.0,1.46
10600,0.08248251676559448,-0.042341649532318115,1.0,1.46
10700,0.08248251676559448,-0.042341649532318115,1.0,1.46
10800,0.08248251676559448,-0.042341649532318115,1.0,1.46
10900,0.08248251676559448,-0.042341649532318115,1.0,1.46
11000,0.08248251676559448,-0.042341649532318115,1.0,1.46
11100,0.08248251676559448,-0.042341649532318115,1.0,1.46
11200,0.08248251676559448,-0.042341649532318115,1.0,1.46
11300,0.08248251676559448,-0.042341649532318115,1.0,1.46
11400,0.08248251676559448,-0.042341649532318115,1.0,1.46
11500,0.08248251676559448,-0.042341649532318115,1.0,1.46
11600,0.08248251676559448,-0.042341649532318115,1.0,1.46
11700,0.08248251676559448,-0.042341649532318115,1.0,1.46
11800,0.08248251676559448,-0.042341649532318115,1.0,1.46
11900,0.08248251676559448,-0.042341649532318115,1.0,1.46
12000,0.08248251676559448,-0.042341649532318115,1.0,1.46
12100,0.08248251676559448,-0.042341649532318115,1.0,1.46
12200,0.08248251676559448,-0.042341649532318115,1.0,1.46
12300,0.08822095394134521,-0.03889015316963196,1.0,1.46
12400,0.08822095394134521,-0.03889015316963196,1.0,1.46
12500,0.08822095394134521,-0.03889015316963196,1.0,1.46
12600,0.08822095394134521,-0.03889015316963196,1.0,1.46
12700,0.08822095394134521,-0.03889015316963196,1.0,1.46
12800,0.08822095394134521,-0.03889015316963196,1.0,1.46
12900,0.08822095394134521,-0.03889015316963196,1.0,1.46
13000,0.08934587240219116,-0.03668990731239319,1.0,1.46
13100,0.08934587240219116,-0.03668990731239319,1.0,1.46
13200,0.08934587240219116,-0.03668990731239319,1.0,1.46
13300,0.08934587240219116,-0.03668990731239319,1.0,1.46
13400,0.08934587240219116,-0.03668990731239319,1.0,1.46
13500,0.08934587240219116,-0.03668990731239319,1.0,1.46
13600,0.08934587240219116,-0.03668990731239319,1.0,1.46
13700,0.08934587240219116,-0.03668990731239319,1.0,1.46
13800,0.08934587240219116,-0.03668990731239319,1.0,1.46
13900,0.08934587240219116,-0.03668990731239319,1.0,1.46
14000,0.08934587240219116,-0.03668990731239319,1.0,1.46
14100,0.08934587240219116,-0.03668990731239319,1.0,1.46
14200,0.08934587240219116,-0.03668990731239319,1.0,1.46
14300,0.08934587240219116,-0.03668990731239319,1.0,1.46
14400,0.08934587240219116,-0.03668990731239319,1.0,1.46
14500,0.08934587240219116,-0.03668990731239319,1.0,1.46
14600,0.08934587240219116,-0.03668990731239319,1.0,1.46
14700,0.08934587240219116,-0.03668990731239319,1.0,1.46
14800,0.08934587240219116,-0.03668990731239319,1.0,1.46
14900,0.08934587240219116,-0.03668990731239319,1.0,1.46
15000,0.08934587240219116,-0.03668990731239319,1.0,1.46
15100,0.08934587240219116,-0.03668990731239319,1.0,1.46
15200,0.08934587240219116,-0.03668990731239319,1.0,1.46
15300,0.08934587240219116,-0.03668990731239319,1.0,1.46
15400,0.08934587240219116,-0.03668990731239319,1.0,1.46
15500,0.08934587240219116,-0.03668990731239319,1.0,1.46
15600,0.08934587240219116,-0.03668990731239319,1.0,1.46
15700,0.08934587240219116,-0.03668990731239319,1.0,1.46
15800,0.08934587240219116,-0.03668990731239319,1.0,1.46
15900,0.08934587240219116,-0.03668990731239319,1.0,1.46
16000,0.08934587240219116,-0.03668990731239319,1.0,1.46
16100,0.08934587240219116,-0.03668990731239319,1.0,1.46
16200,0.08934587240219116,-0.03668990731239319,1.0,1.46
16300,0.08934587240219116,-0.03668990731239319,1.0,1.46
16400,0.08934587240219116,-0.03668990731239319,1.0,1.46
16500,0.08934587240219116,-0.03668990731239319,1.0,1.46
16600,0.08934587240219116,-0.03668990731239319,1.0,1.46
16700,0.08934587240219116,-0.03668990731239319,1.0,1.46
16800,0.08934587240219116,-0.03668990731239319,1.0,1.46
16900,0.08934587240219116,-0.03668990731239319,1.0,1.46
17000,0.08934587240219116,-0.03668990731239319,1.0,1.46
17100,0.08934587240219116,-0.03668990731239319,1.0,1.46
17200,0.08934587240219116,-0.03668990731239319,1.0,1.46
17300,0.08934587240219116,-0.03668990731239319,1.0,1.46
17400,0.08934587240219116,-0.03668990731239319,1.0,1.46
17500,0.08934587240219116,-0.03668990731239319,1.0,1.46
17600,0.08934587240219116,-0.03668990731239319,1.0,1.46
17700,0.08934587240219116,-0.03668990731239319,1.0,1.46
17800,0.08934587240219116,-0.03668990731239319,1.0,1.46
17900,0.08934587240219116,-0.03668990731239319,1.0,1.46
18000,0.08934587240219116,-0.03668990731239319,1.0,1.46
18100,0.08934587240219116,-0.03668990731239319,1.0,1.46
18200,0.08934587240219116,-0.03668990731239319,1.0,1.46
18300,0.08934587240219116,-0.03668990731239319,1.0,1.46
18400,0.08934587240219116,-0.03668990731239319,1.0,1.46
18500,0.08934587240219116,-0.03668990731239319,1.0,1.46
18600,0.08934587240219116,-0.03668990731239319,1.0,1.46
18700,0.08934587240219116,-0.03668990731239319,1.0,1.46
18800,0.08934587240219116,-0.03668990731239319,1.0,1.46
18900,0.08934587240219116,-0.03668990731239319,1.0,1.46
19000,0.08934587240219116,-0.03668990731239319,1.0,1.46
19100,0.08934587240219116,-0.03668990731239319,1.0,1.46
19200,0.08934587240219116,-0.03668990731239319,1.0,1.46
19300,0.08934587240219116,-0.03668990731239319,1.0,1.46
19400,0.08934587240219116,-0.03668990731239319,1.0,1.46
19500,0.08934587240219116,-0.03668990731239319,1.0,1.46
19600,0.08934587240219116,-0.03668990731239319,1.0,1.46
19700,0.08934587240219116,-0.03668990731239319,1.0,1.46
19800,0.08934587240219116,-0.03668990731239319,1.0,1.46
19900,0.08934587240219116,-0.03668990731239319,1.0,1.46
20000,0.08934587240219116,-0.03668990731239319,1.0,1.46
20100,0.08934587240219116,-0.03668990731239319,1.0,1.46
20200,0.08934587240219116,-0.03668990731239319,1.0,1.46
20300,0.08934587240219116,-0.03668990731239319,1.0,1.46
20400,0.08934587240219116,-0.03668990731239319,1.0,1.46
20500,0.08934587240219116,-0.03668990731239319,1.0,1.46
20600,0.08934587240219116,-0.03668990731239319,1.0,1.46
20700,0.08934587240219116,-0.03668990731239319,1.0,1.46
20800,0.08934587240219116,-0.03668990731239319,1.0,1.46
20900,0.08934587240219116,-0.03668990731239319,1.0,1.46
21000,0.08934587240219116,-0.03668990731239319,1.0,1.46
21100,0.08934587240219116,-0.03668990731239319,1.0,1.46
21200,0.08934587240219116,-0.03668990731239319,1.0,1.46
21300,0.08934587240219116,-0.03668990731239319,1.0,1.46
21400,0.08934587240219116,-0.03668990731239319,1.0,1.46
21500,0.08934587240219116,-0.03668990731239319,1.0,1.46
21600,0.08934587240219116,-0.03668990731239319,1.0,1.46
21700,0.08934587240219116,-0.03668990731239319,1.0,1.46
21800,0.08934587240219116,-0.03668990731239319,1.0,1.46
21900,0.08934587240219116,-0.03668990731239319,1.0,1.46
22000,0.08934587240219116,-0.03668990731239319,1.0,1.46
22100,0.08934587240219116,-0.03668990731239319,1.0,1.46
22200,0.08934587240219116,-0.03668990731239319,1.0,1.46
22300,0.08934587240219116,-0.03668990731239319,1.0,1.46
22400,0.08934587240219116,-0.03668990731239319,1.0,1.46
22500,0.08934587240219116,-0.03668990731239319,1.0,1.46
22600,0.08934587240219116,-0.03668990731239319,1.0,1.46
22700,0.08934587240219116,-0.03668990731239319,1.0,1.46
22800,0.08934587240219116,-0.03668990731239319,1.0,1.46
22900,0.08934587240219116,-0.03668990731239319,1.0,1.46
23000,0.09907317161560059,0.02161005139350891,1.0,1.46
23100,0.09907317161560059,0.02161005139350891,1.0,1.46
23200,0.09907317161560059,0.02161005139350891,1.0,1.46
23300,0.09907317161560059,0.02161005139350891,1.0,1.46
23400,0.09907317161560059,0.02161005139350891,1.0,1.46
23500,0.09907317161560059,0.02161005139350891,1.0,1.46
23600,0.09907317161560059,0.02161005139350891,1.0,1.46
23700,0.09907317161560059,0.02161005139350891,1.0,1.46
23800,0.09907317161560059,0.02161005139350891,1.0,1.46
23900,0.09907317161560059,0.02161005139350891,1.0,1.46
24000,0.09907317161560059,0.02161005139350891,1.0,1.46
24100,0.09907317161560059,0.02161005139350891,1.0,1.46
24200,0.09907317161560059,0.02161005139350891,1.0,1.46
24300,0.09907317161560059,0.02161005139350891,1.0,1.46
24400,0.09907317161560059,0.02161005139350891,1.0,1.46
24500,0.09907317161560059,0.02161005139350891,1.0,1.46
24600,0.09907317161560059,0.02161005139350891,1.0,1.46
24700,0.09907317161560059,0.02161005139350891,1.0,1.46
24800,0.09907317161560059,0.02161005139350891,1.0,1.46
24900,0.09907317161560059,0.02161005139350891,1.0,1.46
25000,0.09907317161560059,0.02161005139350891,1.0,1.46
25100,0.09907317161560059,0.02161005139350891,1.0,1.46
25200,0.09907317161560059,0.02161005139350891,1.0,1.46
25300,0.09907317161560059,0.02161005139350891,1.0,1.46
25400,0.09907317161560059,0.02161005139350891,1.0,1.46
25500,0.09907317161560059,0.02161005139350891,1.0,1.46
25600,0.09907317161560059,0.02161005139350891,1.0,1.46
25700,0.09907317161560059,0.02161005139350891,1.0,1.46
25800,0.09907317161560059,0.02161005139350891,1.0,1.46
25900,0.09907317161560059,0.02161005139350891,1.0,1.46
26000,0.09907317161560059,0.02161005139350891,1.0,1.46
26100,0.09907317161560059,0.02161005139350891,1.0,1.46
26200,0.09907317161560059,0.02161005139350891,1.0,1.46
26300,0.09907317161560059,0.02161005139350891,1.0,1.46
26400,0.09907317161560059,0.02161005139350891,1.0,1.46
26500,0.09907317161560059,0.02161005139350891,1.0,1.46
26600,0.09907317161560059,0.02161005139350891,1.0,1.46
26700,0.09907317161560059,0.02161005139350891,1.0,1.46
26800,0.09907317161560059,0.02161005139350891,1.0,1.46
26900,0.09907317161560059,0.02161005139350891,1.0,1.46
27000,0.09907317161560059,0.02161005139350891,1.0,1.46
27100,0.09907317161560059,0.02161005139350891,1.0,1.46
27200,0.09907317161560059,0.02161005139350891,1.0,1.46
27300,0.09907317161560059,0.02161005139350891,1.0,1.46
27400,0.09907317161560059,0.02161005139350891,1.0,1.46
27500,0.09907317161560059,0.02161005139350891,1.0,1.46
27600,0.09907317161560059,0.02161005139350891,1.0,1.46
27700,0.09907317161560059,0.02161005139350891,1.0,1.46
27800,0.09907317161560059,-41.73540496826172,1.0,1.37
27900,0.09907317161560059,-41.73540496826172,1.0,1.37
28000,0.09907317161560059,-41.73540496826172,1.0,1.37
28100,0.09907317161560059,-41.73540496826172,1.0,1.37
28200,0.09907317161560059,-41.73540496826172,1.0,1.37
28300,0.09907317161560059,-41.73540496826172,1.0,1.37
28400,0.09907317161560059,-41.73540496826172,1.0,1.37
28500,0.09907317161560059,-41.73540496826172,1.0,1.37
28600,0.09907317161560059,-41.73540496826172,1.0,1.37
28700,0.09907317161560059,-41.73540496826172,1.0,1.37
28800,0.09907317161560059,-41.73540496826172,1.0,1.37
28900,0.09907317161560059,-41.73540496826172,1.0,1.37
29000,0.09907317161560059,-41.73540496826172,1.0,1.37
29100,0.09907317161560059,-41.73540496826172,1.0,1.37
29200,0.09907317161560059,-41.73540496826172,1.0,1.37
29300,0.09907317161560059,-41.73540496826172,1.0,1.37
29400,0.09907317161560059,-41.73540496826172,1.0,1.37
29500,0.09907317161560059,-41.73540496826172,1.0,1.37
29600,0.09907317161560059,-41.73540496826172,1.0,1.37
29700,0.09907317161560059,-41.73540496826172,1.0,1.37
29800,0.09907317161560059,-41.73540496826172,1.0,1.37
29900,0.09907317161560059,-41.73540496826172,1.0,1.37
30000,0.09907317161560059,-41.73540496826172,1.0,1.37
30100,0.09907317161560059,-41.73540496826172,1.0,1.37
30200,0.09907317161560059,-41.73540496826172,1.0,1.37
30300,0.09907317161560059,-41.73540496826172,1.0,1.37
30400,0.09907317161560059,-41.73540496826172,1.0,1.37
30500,0.09907317161560059,-41.73540496826172,1.0,1.37
30600,0.09907317161560059,-41.73540496826172,1.0,1.37
30700,0.09907317161560059,-41.73540496826172,1.0,1.37
30800,0.09907317161560059,-41.73540496826172,1.0,1.37
30900,0.09907317161560059,-41.73540496826172,1.0,1.37
31000,0.09907317161560059,-41.73540496826172,1.0,1.37
31100,0.09907317161560059,-41.73540496826172,1.0,1.37
31200,0.09907317161560059,-41.73540496826172,1.0,1.37
31300,0.09907317161560059,-41.73540496826172,1.0,1.37
31400,0.09907317161560059,-41.73540496826172,1.0,1.37
31500,0.09907317161560059,-41.73540496826172,1.0,1.37
31600,0.09907317161560059,-41.73540496826172,1.0,1.37
31700,0.09907317161560059,-41.73540496826172,1.0,1.37
31800,0.09907317161560059,-41.73540496826172,1.0,1.37
31900,0.10429668426513672,0.01411062479019165,1.0,1.37
32000,0.10429668426513672,0.01411062479019165,1.0,1.37
32100,0.10429668426513672,0.01411062479019165,1.0,1.37
32200,0.10429668426513672,0.01411062479019165,1.0,1.37
32300,0.10429668426513672,0.01411062479019165,1.0,1.37
32400,0.10429668426513672,0.01411062479019165,1.0,1.37
32500,0.10429668426513672,0.01411062479019165,1.0,1.37
32600,0.10429668426513672,0.01411062479019165,1.0,1.37
32700,0.10429668426513672,0.01411062479019165,1.0,1.37
32800,0.10429668426513672,0.01411062479019165,1.0,1.37
32900,0.10429668426513672,0.01411062479019165,1.0,1.37
33000,0.10429668426513672,0.01411062479019165,1.0,1.37
33100,0.10429668426513672,0.01411062479019165,1.0,1.37
33200,0.10429668426513672,0.01411062479019165,1.0,1.37
33300,0.10429668426513672,0.01411062479019165,1.0,1.37
33400,0.10429668426513672,0.01411062479019165,1.0,1.37
33500,0.10429668426513672,0.01411062479019165,1.0,1.37
33600,0.10429668426513672,0.01411062479019165,1.0,1.37
33700,0.10429668426513672,0.01411062479019165,1.0,1.37
33800,0.10429668426513672,0.01411062479019165,1.0,1.37
33900,0.10429668426513672,0.01411062479019165,1.0,1.37
34000,0.10429668426513672,0.01411062479019165,1.0,1.37
34100,0.10429668426513672,0.01411062479019165,1.0,1.37
34200,0.10429668426513672,0.01411062479019165,1.0,1.37
34300,0.10429668426513672,0.01411062479019165,1.0,1.37
34400,0.10429668426513672,0.01411062479019165,1.0,1.37
34500,0.10429668426513672,0.01411062479019165,1.0,1.37
34600,0.10429668426513672,0.01411062479019165,1.0,1.37
34700,0.10429668426513672,0.01411062479019165,1.0,1.37
34800,0.10429668426513672,0.01411062479019165,1.0,1.37
34900,0.10429668426513672,0.01411062479019165,1.0,1.37
35000,0.10429668426513672,0.01411062479019165,1.0,1.37
35100,0.10429668426513672,0.01411062479019165,1.0,1.37
35200,0.10429668426513672,0.01411062479019165,1.0,1.37
35300,0.10429668426513672,0.01411062479019165,1.0,1.37
35400,0.10429668426513672,0.01411062479019165,1.0,1.37
35500,0.10429668426513672,0.01411062479019165,1.0,1.37
35600,0.10429668426513672,0.01411062479019165,1.0,1.37
35700,0.10429668426513672,0.01411062479019165,1.0,1.37
35800,0.10429668426513672,0.01411062479019165,1.0,1.37
35900,0.10429668426513672,0.01411062479019165,1.0,1.37
36000,0.10429668426513672,0.01411062479019165,1.0,1.37
36100,0.10429668426513672,0.01411062479019165,1.0,1.37
36200,0.10429668426513672,0.01411062479019165,1.0,1.37
36300,0.10429668426513672,0.01411062479019165,1.0,1.37
36400,0.10429668426513672,0.01411062479019165,1.0,1.37
36500,0.10429668426513672,0.01411062479019165,1.0,1.37
36600,0.10429668426513672,0.01411062479019165,1.0,1.37
36700,0.10429668426513672,0.01411062479019165,1.0,1.37
36800,0.10429668426513672,0.01411062479019165,1.0,1.37
36900,0.10429668426513672,0.01411062479019165,1.0,1.37
37000,0.10429668426513672,0.01411062479019165,1.0,1.37
37100,0.10429668426513672,0.01411062479019165,1.0,1.37
37200,0.10429668426513672,0.01411062479019165,1.0,1.37
37300,0.10429668426513672,0.01411062479019165,1.0,1.37
37400,0.10429668426513672,0.01411062479019165,1.0,1.37
37500,0.10429668426513672,0.01411062479019165,1.0,1.37
37600,0.10429668426513672,0.01411062479019165,1.0,1.37
37700,0.10429668426513672,0.01411062479019165,1.0,1.37
37800,0.10429668426513672,0.01411062479019165,1.0,1.37
37900,0.10429668426513672,0.01411062479019165,1.0,1.37
38000,0.10429668426513672,0.01411062479019165,1.0,1.37
38100,0.10429668426513672,0.01411062479019165,1.0,1.37
38200,0.10429668426513672,0.01411062479019165,1.0,1.37
38300,0.10429668426513672,0.01411062479019165,1.0,1.37
38400,0.10429668426513672,0.01411062479019165,1.0,1.37
38500,0.10429668426513672,0.01411062479019165,1.0,1.37
38600,0.10429668426513672,0.01411062479019165,1.0,1.37
38700,0.10429668426513672,0.01411062479019165,1.0,1.37
38800,0.10429668426513672,0.01411062479019165,1.0,1.37
38900,0.10429668426513672,0.01411062479019165,1.0,1.37
39000,0.10429668426513672,0.01411062479019165,1.0,1.37
39100,0.10429668426513672,0.01411062479019165,1.0,1.37
39200,0.10429668426513672,0.01411062479019165,1.0,1.37
39300,0.10429668426513672,0.01411062479019165,1.0,1.37
39400,0.10429668426513672,0.01411062479019165,1.0,1.37
39500,0.10429668426513672,0.01411062479019165,1.0,1.37
39600,0.10429668426513672,0.01411062479019165,1.0,1.37
39700,0.10429668426513672,0.01411062479019165,1.0,1.37
39800,0.10429668426513672,0.01411062479019165,1.0,1.37
39900,0.10429668426513672,0.01411062479019165,1.0,1.37
40000,0.10429668426513672,0.01411062479019165,1.0,1.37
40100,0.10429668426513672,0.01411062479019165,1.0,1.37
40200,0.10429668426513672,0.01411062479019165,1.0,1.37
40300,0.10429668426513672,0.01411062479019165,1.0,1.37
40400,0.10429668426513672,0.01411062479019165,1.0,1.37
40500,0.10429668426513672,0.01411062479019165,1.0,1.37
40600,0.10429668426513672,0.01411062479019165,1.0,1.37
40700,0.10429668426513672,0.01411062479019165,1.0,1.37
40800,0.10429668426513672,0.01411062479019165,1.0,1.37
40900,0.10429668426513672,0.01411062479019165,1.0,1.37
41000,0.10429668426513672,0.01411062479019165,1.0,1.37
41100,0.10429668426513672,0.01411062479019165,1.0,1.37
41200,0.10429668426513672,0.01411062479019165,1.0,1.37
41300,0.10429668426513672,0.01411062479019165,1.0,1.37
41400,0.10429668426513672,0.01411062479019165,1.0,1.37
41500,0.10429668426513672,0.01411062479019165,1.0,1.37
41600,0.10429668426513672,0.01411062479019165,1.0,1.37
41700,0.10429668426513672,0.01411062479019165,1.0,1.37
41800,0.10429668426513672,0.01411062479019165,1.0,1.37
41900,0.10429668426513672,0.01411062479019165,1.0,1.37
42000,0.10429668426513672,0.01411062479019165,1.0,1.37
42100,0.10429668426513672,0.01411062479019165,1.0,1.37
42200,0.10429668426513672,0.01411062479019165,1.0,1.37
42300,0.10429668426513672,0.01411062479019165,1.0,1.37
42400,0.10429668426513672,0.01411062479019165,1.0,1.37
42500,0.10429668426513672,0.01411062479019165,1.0,1.37
42600,0.10429668426513672,0.01411062479019165,1.0,1.37
42700,0.10429668426513672,0.01411062479019165,1.0,1.37
42800,0.10429668426513672,0.01411062479019165,1.0,1.37
42900,0.10429668426513672,0.01411062479019165,1.0,1.37
43000,0.10429668426513672,0.01411062479019165,1.0,1.37
43100,0.10429668426513672,0.01411062479019165,1.0,1.37
43200,0.10429668426513672,0.01411062479019165,1.0,1.37
43300,0.10429668426513672,0.01411062479019165,1.0,1.37
43400,0.10429668426513672,0.01411062479019165,1.0,1.37
43500,0.10429668426513672,0.01411062479019165,1.0,1.37
43600,0.10429668426513672,0.01411062479019165,1.0,1.37
43700,0.10429668426513672,0.01411062479019165,1.0,1.37
43800,0.10429668426513672,0.01411062479019165,1.0,1.37
43900,0.10429668426513672,0.01411062479019165,1.0,1.37
44000,0.10429668426513672,0.01411062479019165,1.0,1.37
44100,0.10429668426513672,0.01411062479019165,1.0,1.37
44200,0.10429668426513672,0.01411062479019165,1.0,1.37
44300,0.10429668426513672,0.01411062479019165,1.0,1.37
44400,0.10429668426513672,0.01411062479019165,1.0,1.37
44500,0.10429668426513672,0.01411062479019165,1.0,1.37
44600,0.10429668426513672,0.01411062479019165,1.0,1.37
44700,0.10429668426513672,0.01411062479019165,1.0,1.37
44800,0.10429668426513672,0.01411062479019165,1.0,1.37
44900,0.10429668426513672,0.01411062479019165,1.0,1.37
45000,0.10429668426513672,0.01411062479019165,1.0,1.37
45100,0.10429668426513672,0.01411062479019165,1.0,1.37
45200,0.10429668426513672,0.01411062479019165,1.0,1.37
45300,0.10429668426513672,0.01411062479019165,1.0,1.37
45400,0.10429668426513672,0.01411062479019165,1.0,1.37
45500,0.10429668426513672,0.01411062479019165,1.0,1.37
45600,0.10429668426513672,0.01411062479019165,1.0,1.37
45700,0.10429668426513672,0.01411062479019165,1.0,1.37
45800,0.10429668426513672,0.01411062479019165,1.0,1.37
45900,0.10429668426513672,0.01411062479019165,1.0,1.37
46000,0.12446713447570801,0.028506755828857422,1.0,1.37
46100,0.12446713447570801,0.028506755828857422,1.0,1.37
46200,0.12446713447570801,0.028506755828857422,1.0,1.37
46300,0.12446713447570801,0.028506755828857422,1.0,1.37
46400,0.12446713447570801,0.028506755828857422,1.0,1.37
46500,0.12446713447570801,0.028506755828857422,1.0,1.37
46600,0.12446713447570801,0.028506755828857422,1.0,1.37
46700,0.12446713447570801,0.028506755828857422,1.0,1.37
46800,0.12446713447570801,0.028506755828857422,1.0,1.37
46900,0.12446713447570801,0.028506755828857422,1.0,1.37
47000,0.12446713447570801,0.028506755828857422,1.0,1.37
47100,0.12446713447570801,0.028506755828857422,1.0,1.37
47200,0.12446713447570801,0.028506755828857422,1.0,1.37
47300,0.12446713447570801,0.028506755828857422,1.0,1.37
47400,0.12446713447570801,0.028506755828857422,1.0,1.37
47500,0.12446713447570801,0.028506755828857422,1.0,1.37
47600,0.12446713447570801,0.028506755828857422,1.0,1.37
47700,0.12446713447570801,0.028506755828857422,1.0,1.37
47800,0.12446713447570801,0.028506755828857422,1.0,1.37
47900,0.12446713447570801,0.028506755828857422,1.0,1.37
48000,0.12446713447570801,0.028506755828857422,1.0,1.37
48100,0.12446713447570801,0.028506755828857422,1.0,1.37
48200,0.12446713447570801,0.028506755828857422,1.0,1.37
48300,0.12446713447570801,0.028506755828857422,1.0,1.37
48400,0.12446713447570801,0.028506755828857422,1.0,1.37
48500,0.12446713447570801,0.028506755828857422,1.0,1.37
48600,0.12446713447570801,0.028506755828857422,1.0,1.37
48700,0.12446713447570801,0.028506755828857422,1.0,1.37
48800,0.12446713447570801,0.028506755828857422,1.0,1.37
48900,0.12446713447570801,0.028506755828857422,1.0,1.37
49000,0.12446713447570801,0.028506755828857422,1.0,1.37
49100,0.12446713447570801,0.028506755828857422,1.0,1.37
49200,0.12446713447570801,0.028506755828857422,1.0,1.37
49300,0.12446713447570801,0.028506755828857422,1.0,1.37
49400,0.12446713447570801,0.028506755828857422,1.0,1.37
49500,0.12446713447570801,0.028506755828857422,1.0,1.37
49600,0.12446713447570801,0.028506755828857422,1.0,1.37
49700,0.12446713447570801,0.028506755828857422,1.0,1.37
49800,0.12446713447570801,0.028506755828857422,1.0,1.37
49900,0.12446713447570801,0.028506755828857422,1.0,1.37
50000,0.12446713447570801,0.028506755828857422,1.0,1.37
50100,0.12446713447570801,0.028506755828857422,1.0,1.37
50200,0.12446713447570801,0.028506755828857422,1.0,1.37
50300,0.12446713447570801,0.028506755828857422,1.0,1.37
50400,0.12446713447570801,0.028506755828857422,1.0,1.37
50500,0.12446713447570801,0.028506755828857422,1.0,1.37
50600,0.12446713447570801,0.028506755828857422,1.0,1.37
50700,0.12446713447570801,0.028506755828857422,1.0,1.37
50800,0.12446713447570801,0.028506755828857422,1.0,1.37
50900,0.12446713447570801,0.028506755828857422,1.0,1.37
51000,0.12446713447570801,0.028506755828857422,1.0,1.37
51100,0.12446713447570801,0.028506755828857422,1.0,1.37
51200,0.12446713447570801,0.028506755828857422,1.0,1.37
51300,0.12446713447570801,0.028506755828857422,1.0,1.37
51400,0.12446713447570801,0.028506755828857422,1.0,1.37
51500,0.12446713447570801,0.028506755828857422,1.0,1.37
51600,0.12446713447570801,0.028506755828857422,1.0,1.37
51700,0.12446713447570801,0.028506755828857422,1.0,1.37
51800,0.12446713447570801,0.028506755828857422,1.0,1.37
51900,0.12446713447570801,0.028506755828857422,1.0,1.37
52000,0.12446713447570801,0.028506755828857422,1.0,1.37
52100,0.12446713447570801,0.028506755828857422,1.0,1.37
52200,0.12446713447570801,0.028506755828857422,1.0,1.37
52300,0.12446713447570801,0.028506755828857422,1.0,1.37
52400,0.12446713447570801,0.028506755828857422,1.0,1.37
52500,0.12446713447570801,0.028506755828857422,1.0,1.37
52600,0.12446713447570801,0.028506755828857422,1.0,1.37
52700,0.12446713447570801,0.028506755828857422,1.0,1.37
52800,0.12446713447570801,0.028506755828857422,1.0,1.37
52900,0.12446713447570801,0.028506755828857422,1.0,1.37
53000,0.12446713447570801,0.028506755828857422,1.0,1.37
53100,0.12446713447570801,0.028506755828857422,1.0,1.37
53200,0.12446713447570801,0.028506755828857422,1.0,1.37
53300,0.12446713447570801,0.028506755828857422,1.0,1.37
53400,0.12446713447570801,0.028506755828857422,1.0,1.37
53500,0.12446713447570801,0.028506755828857422,1.0,1.37
53600,0.12446713447570801,0.028506755828857422,1.0,1.37
53700,0.12446713447570801,0.028506755828857422,1.0,1.37
53800,0.12446713447570801,0.028506755828857422,1.0,1.37
53900,0.12446713447570801,0.028506755828857422,1.0,1.37
54000,0.12446713447570801,0.028506755828857422,1.0,1.37
54100,0.12446713447570801,0.028506755828857422,1.0,1.37
54200,0.12446713447570801,0.028506755828857422,1.0,1.37
54300,0.12446713447570801,0.028506755828857422,1.0,1.37
54400,0.12446713447570801,0.028506755828857422,1.0,1.37
54500,0.12446713447570801,0.028506755828857422,1.0,1.37
54600,0.12446713447570801,0.028506755828857422,1.0,1.37
54700,0.12446713447570801,0.028506755828857422,1.0,1.37
54800,0.12446713447570801,0.028506755828857422,1.0,1.37
54900,0.12446713447570801,0.028506755828857422,1.0,1.37
55000,0.12446713447570801,0.028506755828857422,1.0,1.37
55100,0.12446713447570801,0.028506755828857422,1.0,1.37
55200,0.12446713447570801,0.028506755828857422,1.0,1.37
55300,0.12446713447570801,0.028506755828857422,1.0,1.37
55400,0.12446713447570801,0.028506755828857422,1.0,1.37
55500,0.12446713447570801,0.028506755828857422,1.0,1.37
67127,0.12446713447570801,0.028506755828857422,0.91,1.47
67227,0.12446713447570801,0.028506755828857422,0.92,1.47
67327,0.12446713447570801,0.028506755828857422,0.93,1.47
67427,0.12446713447570801,0.028506755828857422,0.96,1.47
67527,0.12446713447570801,0.028506755828857422,0.96,1.47
67627,0.12446713447570801,0.028506755828857422,0.94,1.47
67727,0.12446713447570801,0.028506755828857422,0.93,1.47
67827,0.12446713447570801,0.028506755828857422,0.96,1.47
67927,0.12446713447570801,0.028506755828857422,0.97,1.47
68027,0.12446713447570801,0.028506755828857422,0.98,1.47
68127,0.12446713447570801,0.028506755828857422,0.98,1.47
68227,0.12446713447570801,0.028506755828857422,0.98,1.47
68327,0.12446713447570801,0.028506755828857422,0.98,1.47
68427,0.12446713447570801,0.028506755828857422,0.97,1.47
68527,0.12446713447570801,0.028506755828857422,0.97,1.47
68627,0.12446713447570801,0.028506755828857422,0.98,1.47
68727,0.12446713447570801,0.028506755828857422,0.96,1.47
68827,0.12446713447570801,0.028506755828857422,0.96,1.47
68927,0.12446713447570801,0.028506755828857422,0.97,1.47
69027,0.12446713447570801,0.028506755828857422,1.0,1.47
69127,0.12446713447570801,0.028506755828857422,0.99,1.47
69227,0.12446713447570801,0.028506755828857422,0.97,1.47
69327,0.12446713447570801,0.028506755828857422,0.97,1.47
69427,0.13942581415176392,0.052524060010910034,0.98,1.47
69527,0.13942581415176392,0.052524060010910034,1.0,1.47
69627,0.13942581415176392,0.052524060010910034,0.99,1.47
69727,0.13942581415176392,0.052524060010910034,1.0,1.47
69827,0.13942581415176392,0.052524060010910034,0.99,1.47
69927,0.13942581415176392,0.052524060010910034,0.99,1.47
70027,0.13942581415176392,0.052524060010910034,0.98,1.47
70127,0.13942581415176392,0.052524060010910034,0.95,1.47
70227,0.13942581415176392,0.052524060010910034,0.96,1.47
70327,0.13942581415176392,0.052524060010910034,0.96,1.47
70427,0.13942581415176392,0.052524060010910034,0.96,1.47
70527,0.13942581415176392,0.052524060010910034,0.96,1.47
70627,0.13942581415176392,0.052524060010910034,0.96,1.47
70727,0.13942581415176392,0.052524060010910034,0.97,1.47
70827,0.13942581415176392,0.052524060010910034,1.0,1.47
70927,0.13942581415176392,0.052524060010910034,1.0,1.47
71027,0.13942581415176392,0.052524060010910034,0.99,1.47
71127,0.13942581415176392,0.052524060010910034,0.98,1.47
71227,0.13942581415176392,0.052524060010910034,1.0,1.47
71327,0.13942581415176392,0.052524060010910034,0.99,1.47
71427,0.13942581415176392,0.052524060010910034,0.99,1.47
71527,0.13942581415176392,0.052524060010910034,1.0,1.47
71627,0.13942581415176392,0.052524060010910034,1.0,1.47
71727,0.13942581415176392,0.052524060010910034,0.99,1.47
71827,0.13942581415176392,0.052524060010910034,0.99,1.47
71927,0.13942581415176392,0.052524060010910034,0.99,1.47
72027,0.13942581415176392,0.052524060010910034,0.99,1.47
72127,0.13942581415176392,0.052524060010910034,1.0,1.47
72227,0.13942581415176392,0.052524060010910034,1.0,1.47
72327,0.13942581415176392,0.052524060010910034,1.0,1.47
72427,0.13942581415176392,0.052524060010910034,0.99,1.47
72527,0.13942581415176392,0.052524060010910034,1.0,1.47
72627,0.13942581415176392,0.052524060010910034,1.0,1.47
72727,0.13942581415176392,0.052524060010910034,1.0,1.47
72827,0.13942581415176392,0.052524060010910034,1.0,1.47
72927,0.13942581415176392,0.052524060010910034,0.99,1.47
73027,0.13942581415176392,0.052524060010910034,0.98,1.47
73127,0.14150971174240112,0.10090738534927368,0.98,1.47
73227,0.14150971174240112,0.10090738534927368,0.98,1.47
73327,0.14150971174240112,0.10090738534927368,0.98,1.47
73427,0.14150971174240112,0.10090738534927368,0.99,1.47
73527,0.14150971174240112,0.10090738534927368,0.99,1.47
73627,0.14150971174240112,0.10090738534927368,0.99,1.47
73727,0.14150971174240112,0.10090738534927368,0.98,1.47
73827,0.14150971174240112,0.10090738534927368,0.99,1.47
73927,0.14150971174240112,0.10090738534927368,0.98,1.47
74027,0.14150971174240112,0.10090738534927368,0.98,1.47
74127,0.14150971174240112,0.10090738534927368,0.98,1.47
74227,0.14150971174240112,0.10090738534927368,0.98,1.47
74327,0.14150971174240112,0.10090738534927368,0.98,1.47
74427,0.14150971174240112,0.10090738534927368,0.99,1.47
74527,0.14150971174240112,0.10090738534927368,0.99,1.47
74627,0.14150971174240112,0.10090738534927368,0.99,1.47
74727,0.14150971174240112,0.10090738534927368,1.0,1.47
74827,0.14150971174240112,0.10090738534927368,1.0,1.47
74927,0.14150971174240112,0.10090738534927368,1.0,1.47
75027,0.14150971174240112,0.10090738534927368,0.99,1.47
75127,0.14150971174240112,0.10090738534927368,0.99,1.47
75227,0.14150971174240112,0.10090738534927368,0.99,1.47
75327,0.14150971174240112,0.10090738534927368,0.99,1.47
75427,0.14150971174240112,0.10090738534927368,0.99,1.47
75527,0.14150971174240112,0.10090738534927368,0.99,1.47
75627,0.14150971174240112,0.10090738534927368,0.99,1.47
75727,0.14150971174240112,0.10090738534927368,0.99,1.47
75827,0.14150971174240112,0.10090738534927368,0.99,1.47
75927,0.14150971174240112,0.10090738534927368,0.99,1.47
76027,0.14150971174240112,0.10090738534927368,0.99,1.47
76127,0.14150971174240112,0.10090738534927368,0.99,1.47
76227,0.14150971174240112,0.10090738534927368,0.99,1.47
76327,0.14150971174240112,0.10090738534927368,0.99,1.47
76427,0.14150971174240112,0.10090738534927368,1.0,1.47
76527,0.14150971174240112,0.10090738534927368,1.0,1.47
76627,0.14150971174240112,0.10090738534927368,1.0,1.47
76727,0.14150971174240112,0.10090738534927368,1.0,1.47
76827,0.14150971174240112,0.10090738534927368,0.99,1.47
76927,0.14150971174240112,0.10090738534927368,0.99,1.47
77027,0.14150971174240112,0.10090738534927368,0.99,1.47
77127,0.14150971174240112,0.10090738534927368,0.99,1.47
77227,0.14150971174240112,0.10090738534927368,1.0,1.47
77327,0.14150971174240112,0.10090738534927368,1.0,1.47
77427,0.14150971174240112,0.10090738534927368,1.0,1.47
77527,0.14150971174240112,0.10090738534927368,1.0,1.47
77627,0.14150971174240112,0.10090738534927368,0.99,1.47
77727,0.14150971174240112,0.10090738534927368,0.99,1.47
77827,0.14150971174240112,0.10090738534927368,0.99,1.47
77927,0.14150971174240112,0.10090738534927368,0.99,1.47
78027,0.14150971174240112,0.10090738534927368,0.99,1.47
78127,0.14150971174240112,0.10090738534927368,0.99,1.47
78227,0.14150971174240112,0.10090738534927368,0.99,1.47
78327,0.14150971174240112,0.10090738534927368,0.99,1.47
78427,0.14150971174240112,0.10090738534927368,0.99,1.47
78527,0.14150971174240112,0.10090738534927368,0.99,1.47
78627,0.14150971174240112,0.10090738534927368,0.98,1.47
78727,0.14150971174240112,0.10090738534927368,1.0,1.47
78827,0.14150971174240112,0.10090738534927368,1.0,1.47
78927,0.14150971174240112,0.10090738534927368,1.0,1.47
79027,0.14150971174240112,0.10090738534927368,1.0,1.47
79127,0.14150971174240112,0.10090738534927368,1.0,1.47
79227,0.14150971174240112,0.10090738534927368,1.0,1.47
79327,0.14150971174240112,0.10090738534927368,1.0,1.47
79427,0.14150971174240112,0.10090738534927368,1.0,1.47
79527,0.14150971174240112,0.10090738534927368,1.0,1.47
79627,0.14150971174240112,0.10090738534927368,1.0,1.47
79727,0.14150971174240112,0.10090738534927368,1.0,1.47
79827,0.14150971174240112,0.10090738534927368,1.0,1.47
79927,0.14150971174240112,0.10090738534927368,1.0,1.47
80027,0.14150971174240112,0.10090738534927368,1.0,1.47
80127,0.14150971174240112,0.10090738534927368,1.0,1.47
80227,0.14150971174240112,0.10090738534927368,1.0,1.47
80327,0.14150971174240112,0.10090738534927368,1.0,1.47
80427,0.14150971174240112,0.10090738534927368,1.0,1.47
80527,0.14150971174240112,0.10090738534927368,1.0,1.47
80627,0.14150971174240112,0.10090738534927368,1.0,1.47
80727,0.14150971174240112,0.10090738534927368,1.0,1.47
80827,0.14150971174240112,0.10090738534927368,1.0,1.47
80927,0.14150971174240112,0.10090738534927368,1.0,1.47
81027,0.14150971174240112,0.10090738534927368,1.0,1.47
81127,0.14150971174240112,0.10090738534927368,1.0,1.47
81227,0.14150971174240112,0.10090738534927368,1.0,1.47
81327,0.14150971174240112,0.10090738534927368,1.0,1.47
81427,0.14150971174240112,0.10090738534927368,1.0,1.47
81527,0.14150971174240112,0.10090738534927368,1.0,1.47
81627,0.14150971174240112,0.10090738534927368,1.0,1.47
81727,0.14150971174240112,0.10090738534927368,1.0,1.47
81827,0.14150971174240112,0.10090738534927368,1.0,1.47
81927,0.14150971174240112,0.10090738534927368,1.0,1.47
82027,0.14150971174240112,0.10090738534927368,1.0,1.47
82127,0.14150971174240112,0.10090738534927368,1.0,1.47
82227,0.14150971174240112,0.10090738534927368,1.0,1.47
82327,0.14150971174240112,0.10090738534927368,1.0,1.47
82427,0.14150971174240112,0.10090738534927368,1.0,1.47
82527,0.14150971174240112,0.10090738534927368,1.0,1.47
82627,0.14150971174240112,0.10090738534927368,1.0,1.47
82727,0.14150971174240112,0.10090738534927368,1.0,1.47
82827,0.14150971174240112,0.10090738534927368,1.0,1.47
82927,0.14150971174240112,0.10090738534927368,1.0,1.47
83027,0.14150971174240112,0.10090738534927368,1.0,1.47
83127,0.14150971174240112,0.10090738534927368,1.0,1.47
83227,0.14150971174240112,0.10090738534927368,1.0,1.47
83327,0.14150971174240112,0.10090738534927368,1.0,1.47
83427,0.14150971174240112,0.10090738534927368,1.0,1.47
83527,0.14150971174240112,0.10090738534927368,1.0,1.47
83627,0.14150971174240112,0.10090738534927368,1.0,1.47
83727,0.14150971174240112,0.10090738534927368,1.0,1.47
83827,0.14150971174240112,0.10090738534927368,1.0,1.47
83927,0.14150971174240112,0.10090738534927368,1.0,1.47
84027,0.14150971174240112,0.10090738534927368,1.0,1.47
84127,0.14150971174240112,0.10090738534927368,1.0,1.47
84227,0.14150971174240112,0.10090738534927368,1.0,1.47
84327,0.14150971174240112,0.10090738534927368,1.0,1.47
84427,0.14150971174240112,0.10090738534927368,1.0,1.47
84527,0.14150971174240112,0.10090738534927368,1.0,1.47
84627,0.14150971174240112,0.10090738534927368,1.0,1.47
84727,0.14150971174240112,0.10090738534927368,1.0,1.47
84827,0.14150971174240112,0.10090738534927368,1.0,1.47
84927,0.14150971174240112,0.10090738534927368,1.0,1.47
85027,0.14150971174240112,0.10090738534927368,1.0,1.47
85127,0.14150971174240112,0.10090738534927368,1.0,1.47
85227,0.14150971174240112,0.10090738534927368,1.0,1.47
85327,0.14150971174240112,0.10090738534927368,1.0,1.47
85427,0.14150971174240112,0.10090738534927368,1.0,1.47
85527,0.14150971174240112,0.10090738534927368,1.0,1.47
85627,0.14150971174240112,0.10090738534927368,1.0,1.47
85727,0.14150971174240112,0.10090738534927368,1.0,1.47
85827,0.14150971174240112,0.10090738534927368,1.0,1.47
85927,0.14150971174240112,0.10090738534927368,1.0,1.47
86027,0.14150971174240112,0.10090738534927368,1.0,1.47
86127,0.14150971174240112,0.10090738534927368,1.0,1.47
86227,0.14150971174240112,0.10090738534927368,1.0,1.47
86327,0.14150971174240112,0.10090738534927368,1.0,1.47
86427,0.14150971174240112,0.10090738534927368,1.0,1.47
86527,0.14150971174240112,0.10090738534927368,1.0,1.47
86627,0.14150971174240112,0.10090738534927368,1.0,1.47
86727,0.14150971174240112,0.10090738534927368,1.0,1.47
86827,0.14150971174240112,0.10090738534927368,1.0,1.47
86927,0.14150971174240112,0.10090738534927368,1.0,1.47
87027,0.14150971174240112,0.10090738534927368,1.0,1.47
87127,0.14150971174240112,0.10090738534927368,1.0,1.47
87227,0.14150971174240112,0.10090738534927368,1.0,1.47
87327,0.14150971174240112,0.10090738534927368,0.99,1.47
87427,0.14150971174240112,0.10090738534927368,0.99,1.47
87527,0.14150971174240112,0.10090738534927368,1.0,1.47
87627,0.14150971174240112,0.10090738534927368,1.0,1.47
87727,0.14150971174240112,0.10090738534927368,1.0,1.47
87827,0.14150971174240112,0.10090738534927368,1.0,1.47
87927,0.14150971174240112,0.10090738534927368,1.0,1.47
88027,0.14150971174240112,0.10090738534927368,1.0,1.47
88127,0.14150971174240112,0.10090738534927368,1.0,1.47
88227,0.14150971174240112,0.10090738534927368,0.99,1.47
88327,0.14150971174240112,0.10090738534927368,0.99,1.47
88427,0.14150971174240112,0.10090738534927368,0.99,1.47
88527,0.14150971174240112,0.10090738534927368,0.99,1.47
88627,0.14150971174240112,0.10090738534927368,0.99,1.47
88727,0.14150971174240112,0.10090738534927368,1.0,1.47
88827,0.14150971174240112,0.10090738534927368,1.0,1.47
88927,0.14150971174240112,0.10090738534927368,1.0,1.47
89027,0.14150971174240112,0.10090738534927368,1.0,1.47
89127,0.14502564072608948,0.055358678102493286,1.0,1.47
89227,0.14502564072608948,0.055358678102493286,1.0,1.47
89327,0.14502564072608948,0.055358678102493286,1.0,1.47
89427,0.14502564072608948,0.055358678102493286,0.99,1.47
89527,0.14502564072608948,0.055358678102493286,0.99,1.47
89627,0.14502564072608948,0.055358678102493286,0.99,1.47
89727,0.14502564072608948,0.055358678102493286,0.99,1.47
89827,0.14502564072608948,0.055358678102493286,0.99,1.47
89927,0.14502564072608948,0.055358678102493286,0.99,1.47
90027,0.14502564072608948,0.055358678102493286,1.0,1.47
90127,0.14502564072608948,0.055358678102493286,1.0,1.47
90227,0.14502564072608948,0.055358678102493286,1.0,1.47
90327,0.14502564072608948,0.055358678102493286,1.0,1.47
90427,0.14502564072608948,0.055358678102493286,1.0,1.47
90527,0.14502564072608948,0.055358678102493286,1.0,1.47
90627,0.14502564072608948,0.055358678102493286,1.0,1.47
90727,0.14502564072608948,0.055358678102493286,1.0,1.47
90827,0.14502564072608948,0.055358678102493286,1.0,1.47
90927,0.14502564072608948,0.055358678102493286,1.0,1.47
91027,0.14502564072608948,0.055358678102493286,1.0,1.47
91127,0.14502564072608948,0.055358678102493286,1.0,1.47
91227,0.14502564072608948,0.055358678102493286,1.0,1.47
91327,0.14502564072608948,0.055358678102493286,1.0,1.47
91427,0.14502564072608948,0.055358678102493286,1.0,1.47
91527,0.14502564072608948,0.055358678102493286,1.0,1.47
91627,0.14502564072608948,0.055358678102493286,1.0,1.47
91727,0.14502564072608948,0.055358678102493286,1.0,1.47
91827,0.14502564072608948,0.055358678102493286,1.0,1.47
91927,0.14502564072608948,0.055358678102493286,1.0,1.47
92027,0.14502564072608948,0.055358678102493286,1.0,1.47
92127,0.14502564072608948,0.055358678102493286,1.0,1.47
92227,0.14502564072608948,0.055358678102493286,0.99,1.47
92327,0.14502564072608948,0.055358678102493286,1.0,1.47
92427,0.14502564072608948,0.055358678102493286,1.0,1.47
92527,0.14502564072608948,0.055358678102493286,1.0,1.47
92627,0.14502564072608948,0.055358678102493286,1.0,1.47
92727,0.14502564072608948,0.055358678102493286,1.0,1.47
92827,0.14502564072608948,0.055358678102493286,1.0,1.47
92927,0.14502564072608948,0.055358678102493286,1.0,1.47
93027,0.14502564072608948,0.055358678102493286,1.0,1.47
93127,0.14502564072608948,0.055358678102493286,1.0,1.47
93227,0.14502564072608948,0.055358678102493286,1.0,1.47
93327,0.14502564072608948,0.055358678102493286,1.0,1.47
93427,0.14502564072608948,0.055358678102493286,1.0,1.47
93527,0.14502564072608948,0.055358678102493286,1.0,1.47
93627,0.14502564072608948,0.055358678102493286,1.0,1.47
93727,0.14502564072608948,0.055358678102493286,1.0,1.47
93827,0.14502564072608948,0.055358678102493286,1.0,1.47
93927,0.14502564072608948,0.055358678102493286,1.0,1.47
94027,0.14502564072608948,0.055358678102493286,1.0,1.47
94127,0.14502564072608948,0.055358678102493286,1.0,1.47
94227,0.14502564072608948,0.055358678102493286,1.0,1.47
94327,0.14502564072608948,0.055358678102493286,1.0,1.47
94427,0.14502564072608948,0.055358678102493286,1.0,1.47
94527,0.14502564072608948,0.055358678102493286,1.0,1.47
94627,0.14502564072608948,0.055358678102493286,1.0,1.47
94727,0.14502564072608948,0.055358678102493286,1.0,1.47
94827,0.14502564072608948,0.055358678102493286,1.0,1.47
94927,0.14502564072608948,-1.7495840787887573,0.91,1.39
95027,0.14502564072608948,-1.7495840787887573,0.93,1.39
95127,0.14502564072608948,-1.7495840787887573,0.93,1.39
95227,0.14502564072608948,-1.7495840787887573,0.93,1.39
95327,0.14502564072608948,-1.7495840787887573,0.94,1.39
95427,0.14502564072608948,-1.7495840787887573,0.93,1.39
95527,0.14502564072608948,-1.7495840787887573,0.94,1.39
95627,0.14502564072608948,-1.7495840787887573,0.95,1.39
95727,0.14502564072608948,-1.7495840787887573,0.97,1.39
95827,0.14502564072608948,-1.7495840787887573,0.96,1.39
95927,0.14502564072608948,-1.7495840787887573,0.97,1.39
96027,0.14502564072608948,-1.7495840787887573,0.96,1.39
96127,0.14502564072608948,-1.7495840787887573,0.95,1.39
96227,0.14502564072608948,-1.7495840787887573,0.97,1.39
96327,0.14502564072608948,-1.7495840787887573,0.97,1.39
96427,0.14502564072608948,-1.7495840787887573,0.96,1.39
96527,0.14502564072608948,-1.7495840787887573,0.98,1.39
96627,0.14502564072608948,-1.7495840787887573,0.99,1.39
96727,0.14502564072608948,-1.7495840787887573,0.99,1.39
96827,0.14502564072608948,-1.7495840787887573,0.99,1.39
96927,0.14502564072608948,-1.7495840787887573,0.99,1.39
97027,0.14502564072608948,-1.7495840787887573,0.99,1.39
97127,0.14502564072608948,-1.7495840787887573,0.99,1.39
97227,0.14502564072608948,-1.7495840787887573,0.98,1.39
97327,0.14502564072608948,-1.7495840787887573,0.98,1.39
97427,0.14502564072608948,-1.7495840787887573,0.98,1.39
97527,0.14502564072608948,-1.7495840787887573,0.98,1.39
97627,0.14502564072608948,-1.7495840787887573,0.98,1.39
97727,0.14502564072608948,-1.7495840787887573,0.98,1.39
97827,0.14502564072608948,-1.7495840787887573,0.98,1.39
97927,0.14502564072608948,-1.7495840787887573,0.98,1.39
98027,0.14502564072608948,-1.7495840787887573,0.98,1.39
98127,0.14502564072608948,-1.7495840787887573,0.99,1.39
98227,0.14502564072608948,-1.7495840787887573,0.99,1.39
98327,0.14502564072608948,-1.7495840787887573,0.99,1.39
98427,0.14502564072608948,-1.7495840787887573,0.99,1.39
98527,0.14502564072608948,-1.7495840787887573,0.99,1.39
98627,0.14502564072608948,-1.7495840787887573,0.99,1.39
98727,0.14502564072608948,-1.7495840787887573,0.98,1.39
98827,0.14502564072608948,-1.7495840787887573,0.98,1.39
98927,0.14502564072608948,-1.7495840787887573,0.99,1.39
99027,0.14502564072608948,-1.7495840787887573,0.99,1.39
99127,0.14502564072608948,-1.7495840787887573,0.99,1.39
99227,0.14502564072608948,-1.7495840787887573,0.99,1.39
99327,0.14502564072608948,-1.7495840787887573,0.98,1.39
99427,0.14502564072608948,-1.7495840787887573,0.98,1.39
99527,0.14502564072608948,-1.7495840787887573,0.98,1.39
99627,0.14502564072608948,-1.7495840787887573,0.98,1.39
99727,0.14502564072608948,-1.7495840787887573,0.98,1.39
99827,0.14502564072608948,-1.7495840787887573,0.99,1.39
99927,0.14502564072608948,-1.7495840787887573,0.99,1.39
100027,0.14502564072608948,-1.7495840787887573,0.99,1.39
100127,0.14502564072608948,-1.7495840787887573,0.99,1.39
100227,0.14502564072608948,-1.7495840787887573,0.98,1.39
100327,0.14502564072608948,-1.7495840787887573,0.98,1.39
100427,0.14502564072608948,-1.7495840787887573,0.98,1.39
100527,0.14502564072608948,-1.7495840787887573,0.98,1.39
100627,0.14502564072608948,-1.7495840787887573,0.98,1.39
100727,0.14502564072608948,-1.7495840787887573,0.97,1.39
100827,0.14502564072608948,-1.7495840787887573,0.97,1.39
100927,0.14502564072608948,-1.7495840787887573,0.97,1.39
101027,0.14502564072608948,-1.7495840787887573,0.98,1.39
101127,0.14502564072608948,-1.7495840787887573,0.98,1.39
101227,0.14502564072608948,-1.7495840787887573,0.98,1.39
101327,0.14502564072608948,-1.7495840787887573,0.98,1.39
101427,0.14502564072608948,-1.7495840787887573,0.98,1.39
101527,0.14502564072608948,-1.7495840787887573,0.98,1.39
101627,0.14502564072608948,-1.7495840787887573,0.99,1.39
101727,0.14502564072608948,-1.7495840787887573,0.99,1.39
101827,0.14502564072608948,-1.7495840787887573,0.99,1.39
101927,0.14502564072608948,-1.7495840787887573,0.98,1.39
102027,0.14502564072608948,-1.7495840787887573,0.98,1.39
102127,0.14502564072608948,-1.7495840787887573,0.98,1.39
102227,0.14502564072608948,-1.7495840787887573,0.99,1.39
102327,0.14502564072608948,-1.7495840787887573,0.99,1.39
102427,0.14502564072608948,-1.7495840787887573,0.99,1.39
102527,0.14502564072608948,-1.7495840787887573,0.99,1.39
102627,0.14502564072608948,-1.7495840787887573,0.99,1.39
102727,0.14502564072608948,-1.7495840787887573,0.99,1.39
102827,0.14502564072608948,-1.7495840787887573,0.99,1.39
102927,0.14502564072608948,-1.7495840787887573,0.98,1.39
103027,0.14502564072608948,-1.7495840787887573,0.98,1.39
103127,0.14502564072608948,-1.7495840787887573,0.98,1.39
103227,0.14502564072608948,-1.7495840787887573,0.98,1.39
103327,0.14502564072608948,-1.7495840787887573,0.98,1.39
103427,0.14502564072608948,-1.7495840787887573,0.98,1.39
103527,0.14502564072608948,-1.7495840787887573,0.98,1.39
103627,0.14502564072608948,-1.7495840787887573,0.98,1.39
103727,0.14502564072608948,-1.7495840787887573,0.98,1.39
103827,0.14502564072608948,-1.7495840787887573,0.98,1.39
103927,0.14502564072608948,-1.7495840787887573,0.98,1.39
104027,0.14502564072608948,-1.7495840787887573,0.98,1.39
104127,0.14502564072608948,-1.7495840787887573,0.99,1.39
104227,0.14502564072608948,-1.7495840787887573,0.99,1.39
104327,0.14502564072608948,-1.7495840787887573,0.99,1.39
104427,0.14502564072608948,-1.7495840787887573,0.98,1.39
104527,0.14502564072608948,-1.7495840787887573,0.98,1.39
104627,0.14502564072608948,-1.7495840787887573,0.98,1.39
104727,0.14502564072608948,-1.7495840787887573,0.97,1.39
104827,0.14502564072608948,-1.7495840787887573,0.97,1.39
104927,0.14502564072608948,-1.7495840787887573,0.97,1.39
105027,0.14502564072608948,-1.7495840787887573,0.97,1.39
105127,0.14502564072608948,-1.7495840787887573,0.97,1.39
105227,0.14502564072608948,-1.7495840787887573,0.97,1.39
105327,0.14502564072608948,-1.7495840787887573,0.96,1.39
105427,0.14502564072608948,-1.7495840787887573,0.96,1.39
105527,0.14502564072608948,-1.7495840787887573,0.96,1.39
105627,0.14502564072608948,-1.7495840787887573,0.97,1.39
105727,0.14502564072608948,-1.7495840787887573,0.98,1.39
105827,0.14502564072608948,-1.7495840787887573,0.98,1.39
105927,0.14502564072608948,-1.7495840787887573,0.97,1.39
106027,0.14502564072608948,-1.7495840787887573,0.96,1.39
106127,0.14502564072608948,-1.7495840787887573,0.96,1.39
106227,0.14502564072608948,-1.7495840787887573,0.96,1.39
106327,0.14502564072608948,-1.7495840787887573,0.96,1.39
106427,0.14502564072608948,-1.7495840787887573,0.96,1.39
106527,0.14502564072608948,-1.7495840787887573,0.96,1.39
106627,0.14502564072608948,-1.7495840787887573,0.96,1.39
106727,0.14502564072608948,-1.7495840787887573,0.96,1.39
106827,0.14502564072608948,-1.7495840787887573,0.96,1.39
106927,0.14502564072608948,-1.7495840787887573,0.96,1.39
107027,0.14502564072608948,-1.7495840787887573,0.96,1.39
107127,0.14502564072608948,-1.7495840787887573,0.97,1.39
107227,0.14502564072608948,-1.7495840787887573,0.98,1.39
107327,0.14502564072608948,-1.7495840787887573,0.98,1.39
107427,0.14502564072608948,-1.7495840787887573,0.98,1.39
107527,0.14502564072608948,-1.7495840787887573,0.97,1.39
107627,0.14502564072608948,-1.7495840787887573,0.97,1.39
107727,0.14502564072608948,-1.7495840787887573,0.98,1.39
107827,0.14502564072608948,-1.7495840787887573,0.98,1.39
107927,0.14502564072608948,-1.7495840787887573,0.98,1.39
108027,0.14502564072608948,-1.7495840787887573,0.99,1.39
108127,0.14502564072608948,-1.7495840787887573,0.99,1.39
108227,0.14502564072608948,-1.7495840787887573,0.99,1.39
108327,0.14502564072608948,-1.7495840787887573,0.99,1.39
108427,0.14502564072608948,-1.7495840787887573,0.99,1.39
108527,0.14502564072608948,-1.7495840787887573,0.99,1.39
108627,0.14502564072608948,-1.7495840787887573,0.98,1.39
108727,0.14502564072608948,-1.7495840787887573,0.98,1.39
108827,0.14502564072608948,-1.7495840787887573,0.98,1.39
108927,0.14502564072608948,-1.7495840787887573,0.97,1.39
109027,0.14502564072608948,-1.7495840787887573,0.97,1.39
109127,0.14502564072608948,-1.7495840787887573,0.99,1.39
109227,0.14502564072608948,-1.7495840787887573,0.99,1.39
109327,0.14502564072608948,-1.7495840787887573,0.98,1.39
109427,0.14502564072608948,-1.7495840787887573,0.97,1.39
109527,0.14502564072608948,-1.7495840787887573,0.97,1.39
109627,0.14502564072608948,-1.7495840787887573,0.96,1.39
109727,0.14502564072608948,-1.7495840787887573,0.96,1.39
109827,0.14502564072608948,-1.7495840787887573,0.96,1.39
109927,0.14502564072608948,-1.7495840787887573,0.96,1.39
110027,0.14502564072608948,-1.7495840787887573,0.96,1.39
110127,0.14502564072608948,-1.7495840787887573,0.95,1.39
110227,0.14502564072608948,-1.7495840787887573,0.95,1.39
110327,0.14502564072608948,-1.7495840787887573,0.95,1.39
110427,0.14502564072608948,-1.7495840787887573,0.95,1.39
110527,0.14502564072608948,-1.7495840787887573,0.96,1.39
110627,0.14502564072608948,-1.7495840787887573,0.96,1.39
110727,0.14502564072608948,-1.7495840787887573,0.96,1.39
110827,0.15318644046783447,0.04607716202735901,0.98,1.39
110927,0.15318644046783447,0.04607716202735901,0.98,1.39
111027,0.15318644046783447,0.04607716202735901,0.98,1.39
111127,0.15318644046783447,0.04607716202735901,0.98,1.39
111227,0.15318644046783447,0.04607716202735901,0.96,1.39
111327,0.15318644046783447,0.04607716202735901,0.96,1.39
111427,0.15318644046783447,0.04607716202735901,0.96,1.39
111527,0.15318644046783447,0.04607716202735901,0.97,1.39
111627,0.15318644046783447,0.04607716202735901,0.98,1.39
111727,0.15318644046783447,0.04607716202735901,0.99,1.39
111827,0.15318644046783447,0.04607716202735901,0.99,1.39
111927,0.15318644046783447,0.04607716202735901,0.99,1.39
112027,0.15318644046783447,0.04607716202735901,0.99,1.39
112127,0.15318644046783447,0.04607716202735901,0.99,1.39
112227,0.15318644046783447,0.04607716202735901,0.99,1.39
112327,0.15318644046783447,0.04607716202735901,0.98,1.39
112427,0.15318644046783447,0.04607716202735901,0.97,1.39
112527,0.15318644046783447,0.04607716202735901,0.97,1.39
112627,0.15318644046783447,0.04607716202735901,0.96,1.39
112727,0.15318644046783447,0.04607716202735901,0.95,1.39
112827,0.15318644046783447,0.04607716202735901,0.96,1.39
112927,0.15318644046783447,0.04607716202735901,0.97,1.39
113027,0.15318644046783447,0.04607716202735901,0.97,1.39
113127,0.15318644046783447,0.04607716202735901,0.96,1.39
113227,0.15318644046783447,0.04607716202735901,0.96,1.39
113327,0.15318644046783447,0.04607716202735901,0.96,1.39
113427,0.15318644046783447,0.04607716202735901,0.96,1.39
113527,0.15318644046783447,0.04607716202735901,0.98,1.39
113627,0.15318644046783447,0.04607716202735901,0.98,1.39
113727,0.15318644046783447,0.04607716202735901,0.99,1.39
113827,0.15318644046783447,0.04607716202735901,0.98,1.39
113927,0.15318644046783447,0.04607716202735901,0.98,1.39
114027,0.15318644046783447,0.04607716202735901,0.98,1.39
114127,0.15318644046783447,0.04607716202735901,0.98,1.39
114227,0.15318644046783447,0.04607716202735901,0.98,1.39
114327,0.15318644046783447,0.04607716202735901,0.97,1.39
114427,0.15318644046783447,0.04607716202735901,0.98,1.39
114527,0.15318644046783447,0.04607716202735901,0.98,1.39
114627,0.15318644046783447,0.04607716202735901,0.97,1.39
114727,0.15318644046783447,0.04607716202735901,0.97,1.39
114827,0.15318644046783447,0.04607716202735901,0.97,1.39
114927,0.15318644046783447,0.04607716202735901,0.97,1.39
115027,0.15318644046783447,0.04607716202735901,0.96,1.39
115127,0.15318644046783447,0.04607716202735901,0.98,1.39
115227,0.15318644046783447,0.04607716202735901,0.98,1.39
115327,0.15318644046783447,0.04607716202735901,0.98,1.39
115427,0.15318644046783447,0.04607716202735901,0.98,1.39
115527,0.15318644046783447,0.04607716202735901,0.98,1.39
115627,0.15318644046783447,0.04607716202735901,0.99,1.39
115727,0.15318644046783447,0.04607716202735901,0.99,1.39
115827,0.15318644046783447,0.04607716202735901,0.99,1.39
115927,0.15318644046783447,0.04607716202735901,0.99,1.39
116027,0.15318644046783447,0.04607716202735901,0.99,1.39
116127,0.15318644046783447,0.04607716202735901,0.99,1.39
116227,0.15318644046783447,0.04607716202735901,0.99,1.39
116327,0.15318644046783447,0.04607716202735901,0.99,1.39
116427,0.15318644046783447,0.04607716202735901,0.99,1.39
116527,0.15318644046783447,0.04607716202735901,0.99,1.39
116627,0.15318644046783447,0.04607716202735901,0.99,1.39
116727,0.15318644046783447,0.04607716202735901,0.99,1.39
116827,0.15318644046783447,0.04607716202735901,0.99,1.39
116927,0.15318644046783447,0.04607716202735901,0.99,1.39
117027,0.16439229249954224,0.04370713233947754,0.99,1.39
117127,0.16439229249954224,0.04370713233947754,0.99,1.39
117227,0.16439229249954224,0.04370713233947754,0.99,1.39
117327,0.16439229249954224,0.04370713233947754,0.99,1.39
117427,0.16439229249954224,0.04370713233947754,0.99,1.39
117527,0.16439229249954224,0.04370713233947754,0.99,1.39
117627,0.16439229249954224,0.04370713233947754,0.99,1.39
117727,0.16439229249954224,0.04370713233947754,0.99,1.39
117827,0.16439229249954224,0.04370713233947754,0.99,1.39
117927,0.16439229249954224,0.04370713233947754,0.99,1.39
118027,0.16439229249954224,0.04370713233947754,0.99,1.39
118127,0.16439229249954224,0.04370713233947754,0.99,1.39
118227,0.16439229249954224,0.04370713233947754,0.99,1.39
118327,0.169427752494812,0.04405286908149719,0.99,1.39
118427,0.169427752494812,0.04405286908149719,0.99,1.39
118527,0.169427752494812,0.04405286908149719,0.99,1.39
118627,0.169427752494812,0.04405286908149719,0.99,1.39
118727,0.169427752494812,0.04405286908149719,0.99,1.39
118827,0.169427752494812,0.04405286908149719,0.99,1.39
118927,0.169427752494812,0.04405286908149719,0.99,1.39
119027,0.169427752494812,0.04405286908149719,0.99,1.39
119127,0.169427752494812,0.04405286908149719,0.99,1.39
119227,0.169427752494812,0.04405286908149719,0.99,1.39
119327,0.169427752494812,0.04405286908149719,0.99,1.39
119427,0.169427752494812,0.04405286908149719,0.99,1.39
119527,0.169427752494812,0.04405286908149719,0.99,1.39
119627,0.169427752494812,0.04405286908149719,0.98,1.39
119727,0.169427752494812,0.04405286908149719,0.99,1.39
119827,0.169427752494812,0.04405286908149719,0.99,1.39
119927,0.169427752494812,0.04405286908149719,0.99,1.39
120027,0.169427752494812,0.04405286908149719,0.99,1.39
120127,0.169427752494812,0.04405286908149719,0.99,1.39
120227,0.169427752494812,0.04405286908149719,0.99,1.39
120327,0.169427752494812,0.04405286908149719,0.99,1.39
120427,0.169427752494812,0.04405286908149719,0.99,1.39
120527,0.169427752494812,0.04405286908149719,0.99,1.39
120627,0.169427752494812,0.04405286908149719,0.99,1.39
120727,0.169427752494812,0.04405286908149719,0.99,1.39
120827,0.169427752494812,0.04405286908149719,0.99,1.39
120927,0.169427752494812,0.04405286908149719,0.99,1.39
121027,0.169427752494812,0.04405286908149719,0.99,1.39
121127,0.169427752494812,0.04405286908149719,0.99,1.39
121227,0.169427752494812,0.04405286908149719,0.99,1.39
121327,0.169427752494812,0.04405286908149719,0.99,1.39
121427,0.169427752494812,0.04405286908149719,0.99,1.39
121527,0.169427752494812,0.04405286908149719,0.99,1.39
121627,0.169427752494812,0.04405286908149719,0.99,1.39
121727,0.169427752494812,0.04405286908149719,0.99,1.39
121827,0.169427752494812,0.04405286908149719,0.99,1.39
121927,0.169427752494812,0.04405286908149719,0.99,1.39
122027,0.169427752494812,0.04405286908149719,0.99,1.39
122127,0.169427752494812,0.04405286908149719,0.99,1.39
122227,0.169427752494812,0.04405286908149719,0.99,1.39
122327,0.18554481863975525,0.06594827771186829,0.99,1.39
122427,0.18554481863975525,0.06594827771186829,0.99,1.39
122527,0.18554481863975525,0.06594827771186829,0.99,1.39
122627,0.18554481863975525,0.06594827771186829,0.99,1.39
133925,0.20432719588279724,0.07797440886497498,0.64,1.38
134025,0.20432719588279724,0.07797440886497498,0.71,1.38
134125,0.20432719588279724,0.07797440886497498,0.74,1.38
134225,0.20432719588279724,0.07797440886497498,0.82,1.38
134325,0.20432719588279724,0.07797440886497498,0.84,1.38
134425,0.20432719588279724,0.07797440886497498,0.85,1.38
134525,0.2046719491481781,0.07797271013259888,0.88,1.38
134625,0.2046719491481781,0.07797271013259888,0.9,1.38
134725,0.2046719491481781,0.07797271013259888,0.91,1.38
134825,0.2046719491481781,0.07797271013259888,0.92,1.38
134925,0.2046719491481781,0.07797271013259888,0.92,1.38
135025,0.2046719491481781,0.07797271013259888,0.91,1.38
135125,0.2046719491481781,0.07797271013259888,0.93,1.38
135225,0.2046719491481781,0.07797271013259888,0.94,1.38
135325,0.2046719491481781,0.07797271013259888,0.96,1.38
135425,0.2046719491481781,0.07797271013259888,0.95,1.38
135525,0.2046719491481781,0.07797271013259888,0.97,1.38
135625,0.2046719491481781,0.07797271013259888,0.97,1.38
135725,0.2046719491481781,0.07797271013259888,0.98,1.38
135825,0.2046719491481781,0.07797271013259888,0.99,1.38
135925,0.2046719491481781,0.07797271013259888,0.99,1.38
136025,0.2046719491481781,0.07797271013259888,1.0,1.38
136125,0.2046719491481781,0.07797271013259888,0.99,1.38
136225,0.2046719491481781,0.07797271013259888,0.99,1.38
136325,0.2046719491481781,0.07797271013259888,0.98,1.38
136425,0.2046719491481781,0.07797271013259888,0.97,1.38
136525,0.2046719491481781,0.07797271013259888,0.96,1.38
136625,0.2046719491481781,0.07797271013259888,0.96,1.38
136725,0.2046719491481781,0.07797271013259888,0.96,1.38
136825,0.2046719491481781,0.07797271013259888,0.96,1.38
136925,0.2046719491481781,0.07797271013259888,0.96,1.38
137025,0.2046719491481781,0.07797271013259888,0.97,1.38
137125,0.2046719491481781,0.07797271013259888,0.98,1.38
137225,0.2046719491481781,0.07797271013259888,0.99,1.38
137325,0.2046719491481781,0.07797271013259888,0.99,1.38
137425,0.2046719491481781,0.07797271013259888,0.99,1.38
137525,0.2046719491481781,0.07797271013259888,1.0,1.38
137625,0.2046719491481781,0.07797271013259888,1.0,1.38
137725,0.2046719491481781,0.07797271013259888,1.0,1.38
137825,0.2046719491481781,0.07797271013259888,1.0,1.38
137925,0.2046719491481781,0.07797271013259888,1.0,1.38
138025,0.2046719491481781,0.07797271013259888,1.0,1.38
138125,0.2046719491481781,0.07797271013259888,1.0,1.38
138225,0.2046719491481781,0.07797271013259888,1.0,1.38
138325,0.2046719491481781,0.07797271013259888,1.0,1.38
138425,0.2046719491481781,0.07797271013259888,1.0,1.38
138525,0.2046719491481781,0.07797271013259888,1.0,1.38
138625,0.2046719491481781,0.07797271013259888,1.0,1.38
138725,0.2046719491481781,0.07797271013259888,1.0,1.38
138825,0.21217060089111328,0.08003175258636475,0.99,1.38
138925,0.21217060089111328,0.08003175258636475,0.99,1.38
139025,0.21217060089111328,0.08003175258636475,1.0,1.38
139125,0.21217060089111328,0.08003175258636475,1.0,1.38
139225,0.21217060089111328,0.08003175258636475,1.0,1.38
139325,0.21217060089111328,0.08003175258636475,1.0,1.38
139425,0.21217060089111328,0.08003175258636475,1.0,1.38
139525,0.21217060089111328,0.08003175258636475,1.0,1.38
139625,0.21217060089111328,0.08003175258636475,0.99,1.38
139725,0.21217060089111328,0.08003175258636475,0.98,1.38
139825,0.21217060089111328,0.08003175258636475,0.99,1.38
139925,0.21217060089111328,0.08003175258636475,0.99,1.38
140025,0.21217060089111328,0.08003175258636475,0.99,1.38
140125,0.21217060089111328,0.08003175258636475,0.99,1.38
140225,0.21217060089111328,0.08003175258636475,1.0,1.38
140325,0.21217060089111328,0.08003175258636475,1.0,1.38
140425,0.21217060089111328,0.08003175258636475,0.99,1.38
140525,0.21217060089111328,0.08003175258636475,0.99,1.38
140625,0.21217060089111328,0.08003175258636475,1.0,1.38
140725,0.21217060089111328,0.08003175258636475,1.0,1.38
140825,0.21217060089111328,0.08003175258636475,0.99,1.38
140925,0.21217060089111328,0.08003175258636475,1.0,1.38
141025,0.21217060089111328,0.08003175258636475,1.0,1.38
141125,0.21217060089111328,0.08003175258636475,1.0,1.38
141225,0.21217060089111328,0.08003175258636475,1.0,1.38
141325,0.21217060089111328,0.08003175258636475,1.0,1.38
141425,0.21217060089111328,0.08003175258636475,1.0,1.38
141525,0.21217060089111328,0.08003175258636475,0.99,1.38
141625,0.21217060089111328,0.08003175258636475,0.99,1.38
141725,0.21217060089111328,0.08003175258636475,0.99,1.38
141825,0.21217060089111328,0.08003175258636475,0.99,1.38
141925,0.21217060089111328,0.08003175258636475,0.99,1.38
142025,0.21217060089111328,0.08003175258636475,0.99,1.38
142125,0.21217060089111328,0.08003175258636475,1.0,1.38
142225,0.21217060089111328,0.08003175258636475,1.0,1.38
142325,0.21217060089111328,0.08003175258636475,1.0,1.38
142425,0.21217060089111328,0.08003175258636475,1.0,1.38
142525,0.21217060089111328,0.08003175258636475,1.0,1.38
142625,0.21217060089111328,0.08003175258636475,1.0,1.38
142725,0.21217060089111328,0.08003175258636475,1.0,1.38
142825,0.21217060089111328,0.08003175258636475,1.0,1.38
142925,0.21217060089111328,0.08003175258636475,1.0,1.38
143025,0.2152663767337799,0.08180728554725647,1.0,1.38
143125,0.2152663767337799,0.08180728554725647,1.0,1.38
143225,0.2152663767337799,0.08180728554725647,1.0,1.38
143325,0.2152663767337799,0.08180728554725647,1.0,1.38
143425,0.2152663767337799,0.08180728554725647,1.0,1.38
143525,0.2152663767337799,0.08180728554725647,1.0,1.38
143625,0.2152663767337799,0.08180728554725647,1.0,1.38
143725,0.2152663767337799,0.08180728554725647,1.0,1.38
143825,0.2152663767337799,0.08180728554725647,1.0,1.38
143925,0.2152663767337799,0.08180728554725647,1.0,1.38
144025,0.2152663767337799,0.08180728554725647,1.0,1.38
144125,0.2152663767337799,0.08180728554725647,1.0,1.38
144225,0.2152663767337799,0.08180728554725647,1.0,1.38
144325,0.2152663767337799,0.08180728554725647,1.0,1.38
144425,0.2152663767337799,0.08180728554725647,1.0,1.38
144525,0.2152663767337799,0.08180728554725647,1.0,1.38
144625,0.2152663767337799,0.08180728554725647,1.0,1.38
144725,0.2152663767337799,0.08180728554725647,1.0,1.38
144825,0.2152663767337799,0.08180728554725647,1.0,1.38
144925,0.2152663767337799,0.08180728554725647,1.0,1.38
145025,0.2152663767337799,0.08180728554725647,1.0,1.38
145125,0.2152663767337799,0.08180728554725647,1.0,1.38
145225,0.2152663767337799,0.08180728554725647,1.0,1.38
145325,0.22639119625091553,0.0970318615436554,1.0,1.38
145425,0.22639119625091553,0.0970318615436554,1.0,1.38
145525,0.22639119625091553,0.0970318615436554,1.0,1.38
145625,0.22639119625091553,0.0970318615436554,1.0,1.38
145725,0.22639119625091553,0.0970318615436554,1.0,1.38
145825,0.22639119625091553,0.0970318615436554,1.0,1.38
145925,0.22639119625091553,0.0970318615436554,1.0,1.38
146025,0.22639119625091553,0.0970318615436554,1.0,1.38
146125,0.22639119625091553,0.0970318615436554,1.0,1.38
146225,0.22639119625091553,0.0970318615436554,1.0,1.38
146325,0.22639119625091553,0.0970318615436554,1.0,1.38
146425,0.22639119625091553,0.0970318615436554,1.0,1.38
146525,0.22639119625091553,0.0970318615436554,1.0,1.38
146625,0.22639119625091553,0.0970318615436554,1.0,1.38
146725,0.22639119625091553,0.0970318615436554,1.0,1.38
146825,0.22639119625091553,0.0970318615436554,1.0,1.38
146925,0.22639119625091553,0.0970318615436554,1.0,1.38
147025,0.22639119625091553,0.0970318615436554,1.0,1.38
147125,0.22639119625091553,0.0970318615436554,1.0,1.38
147225,0.22639119625091553,0.0970318615436554,1.0,1.38
147325,0.22639119625091553,0.0970318615436554,1.0,1.38
147425,0.22639119625091553,0.0970318615436554,1.0,1.38
147525,0.22639119625091553,0.0970318615436554,1.0,1.38
147625,0.22639119625091553,0.0970318615436554,1.0,1.38
147725,0.22639119625091553,0.0970318615436554,1.0,1.38
147825,0.22639119625091553,0.0970318615436554,1.0,1.38
147925,0.22639119625091553,0.0970318615436554,1.0,1.38
148025,0.22639119625091553,0.0970318615436554,1.0,1.38
148125,0.22639119625091553,0.0970318615436554,1.0,1.38
148225,0.22639119625091553,0.0970318615436554,1.0,1.38
148325,0.22639119625091553,0.0970318615436554,1.0,1.38
148425,0.22639119625091553,0.0970318615436554,1.0,1.38
148525,0.22639119625091553,0.0970318615436554,1.0,1.38
148625,0.22639119625091553,0.0970318615436554,1.0,1.38
148725,0.22639119625091553,0.0970318615436554,1.0,1.38
148825,0.22639119625091553,0.0970318615436554,1.0,1.38
148925,0.22639119625091553,0.0970318615436554,1.0,1.38
149025,0.22639119625091553,0.0970318615436554,1.0,1.38
149125,0.22639119625091553,0.0970318615436554,1.0,1.38
149225,0.22639119625091553,0.0970318615436554,1.0,1.38
149325,0.22639119625091553,0.0970318615436554,1.0,1.38
149425,0.22639119625091553,0.0970318615436554,1.0,1.38
149525,0.22639119625091553,0.0970318615436554,1.0,1.38
149625,0.22639119625091553,0.0970318615436554,1.0,1.38
149725,0.22639119625091553,0.0970318615436554,1.0,1.38
149825,0.22948697209358215,0.09880739450454712,1.0,1.38
149925,0.22948697209358215,0.09880739450454712,1.0,1.38
150025,0.22948697209358215,0.09880739450454712,1.0,1.38
150125,0.22948697209358215,0.09880739450454712,1.0,1.38
150225,0.22948697209358215,0.09880739450454712,1.0,1.38
150325,0.22948697209358215,0.09880739450454712,1.0,1.38
150425,0.22948697209358215,0.09880739450454712,1.0,1.38
150525,0.22948697209358215,0.09880739450454712,1.0,1.38
150625,0.22948697209358215,0.09880739450454712,1.0,1.38
150725,0.22948697209358215,0.09880739450454712,1.0,1.38
150825,0.22948697209358215,0.09880739450454712,1.0,1.38
150925,0.22948697209358215,0.09880739450454712,1.0,1.38
151025,0.22948697209358215,0.09880739450454712,1.0,1.38
151125,0.22948697209358215,0.09880739450454712,1.0,1.38
151225,0.22948697209358215,0.09880739450454712,1.0,1.38
151325,0.22948697209358215,0.09880739450454712,1.0,1.38
151425,0.22948697209358215,0.09880739450454712,1.0,1.38
151525,0.22948697209358215,0.09880739450454712,1.0,1.38
151625,0.22948697209358215,0.09880739450454712,1.0,1.38
151725,0.22948697209358215,0.09880739450454712,1.0,1.38
151825,0.22948697209358215,0.09880739450454712,1.0,1.38
151925,0.22948697209358215,0.09880739450454712,1.0,1.38
152025,0.22948697209358215,0.09880739450454712,1.0,1.38
152125,0.22948697209358215,0.09880739450454712,1.0,1.38
152225,0.22948697209358215,0.09880739450454712,1.0,1.38
152325,0.22948697209358215,0.09880739450454712,1.0,1.38
152425,0.22948697209358215,0.09880739450454712,1.0,1.38
152525,0.22948697209358215,0.09880739450454712,1.0,1.38
152625,0.22948697209358215,0.09880739450454712,1.0,1.38
152725,0.22948697209358215,0.09880739450454712,1.0,1.38
152825,0.22948697209358215,0.09880739450454712,1.0,1.38
152925,0.22948697209358215,0.09880739450454712,1.0,1.38
153025,0.22948697209358215,0.09880739450454712,1.0,1.38
153125,0.22948697209358215,0.09880739450454712,1.0,1.38
153225,0.22948697209358215,0.09880739450454712,1.0,1.38
153325,0.22948697209358215,0.09880739450454712,1.0,1.38
153425,0.22948697209358215,0.09880739450454712,1.0,1.38
153525,0.22948697209358215,0.09880739450454712,1.0,1.38
153625,0.22948697209358215,0.09880739450454712,1.0,1.38
153725,0.22948697209358215,0.09880739450454712,1.0,1.38
153825,0.22948697209358215,0.09880739450454712,1.0,1.38
153925,0.22948697209358215,0.09880739450454712,1.0,1.38
154025,0.22948697209358215,0.09880739450454712,1.0,1.38
154125,0.22948697209358215,0.09880739450454712,1.0,1.38
154225,0.22948697209358215,0.09880739450454712,1.0,1.38
154325,0.23222213983535767,0.10348430275917053,1.0,1.38
154425,0.23222213983535767,0.10348430275917053,1.0,1.38
154525,0.23222213983535767,0.10348430275917053,1.0,1.38
154625,0.23222213983535767,0.10348430275917053,1.0,1.38
154725,0.23222213983535767,0.10348430275917053,1.0,1.38
154825,0.23222213983535767,0.10348430275917053,1.0,1.38
154925,0.23222213983535767,0.10348430275917053,1.0,1.38
155025,0.23222213983535767,0.10348430275917053,1.0,1.38
155125,0.23222213983535767,0.10348430275917053,1.0,1.38
155225,0.23222213983535767,0.10348430275917053,1.0,1.38
155325,0.23222213983535767,0.10348430275917053,1.0,1.38
155425,0.23222213983535767,0.10348430275917053,1.0,1.38
155525,0.23222213983535767,0.10348430275917053,1.0,1.38
155625,0.23222213983535767,0.10348430275917053,1.0,1.38
155725,0.23222213983535767,0.10348430275917053,1.0,1.38
155825,0.23222213983535767,0.10348430275917053,1.0,1.38
155925,0.23222213983535767,0.10348430275917053,1.0,1.38
156025,0.23222213983535767,0.10348430275917053,1.0,1.38
156125,0.23222213983535767,0.10348430275917053,1.0,1.38
156225,0.23222213983535767,0.10348430275917053,1.0,1.38
156325,0.23222213983535767,0.10348430275917053,1.0,1.38
156425,0.23222213983535767,0.10348430275917053,1.0,1.38
156525,0.23222213983535767,0.10348430275917053,1.0,1.38
156625,0.23222213983535767,0.10348430275917053,1.0,1.38
156725,0.23222213983535767,0.10348430275917053,1.0,1.38
156825,0.23222213983535767,0.10348430275917053,1.0,1.38
156925,0.23222213983535767,0.10348430275917053,1.0,1.38
157025,0.23222213983535767,0.10348430275917053,1.0,1.38
157125,0.23222213983535767,0.10348430275917053,1.0,1.38
157225,0.23222213983535767,0.10348430275917053,1.0,1.38
157325,0.23222213983535767,0.10348430275917053,1.0,1.38
157425,0.23222213983535767,0.10348430275917053,1.0,1.38
157525,0.23222213983535767,0.10348430275917053,1.0,1.38
157625,0.23222213983535767,0.10348430275917053,1.0,1.38
157725,0.23222213983535767,0.10348430275917053,1.0,1.38
157825,0.23222213983535767,0.10348430275917053,1.0,1.38
157925,0.23222213983535767,0.10348430275917053,1.0,1.38
158025,0.23222213983535767,0.10348430275917053,1.0,1.38
158125,0.23222213983535767,0.10348430275917053,1.0,1.38
158225,0.23222213983535767,0.10348430275917053,1.0,1.38
158325,0.23222213983535767,0.10348430275917053,1.0,1.38
158425,0.23222213983535767,0.10348430275917053,1.0,1.38
158525,0.23222213983535767,0.10348430275917053,1.0,1.38
158625,0.23222213983535767,0.10348430275917053,1.0,1.38
158725,0.23222213983535767,0.10348430275917053,1.0,1.38
158825,0.23222213983535767,0.10348430275917053,1.0,1.38
158925,0.23222213983535767,0.10348430275917053,1.0,1.38
159025,0.23222213983535767,0.10348430275917053,1.0,1.38
159125,0.23222213983535767,0.10348430275917053,1.0,1.38
159225,0.23222213983535767,0.10348430275917053,1.0,1.38
159325,0.23222213983535767,0.10348430275917053,1.0,1.38
159425,0.23222213983535767,0.10348430275917053,1.0,1.38
159525,0.23222213983535767,0.10348430275917053,1.0,1.38
159625,0.23222213983535767,0.10348430275917053,1.0,1.38
159725,0.23222213983535767,0.10348430275917053,1.0,1.38
159825,0.23222213983535767,0.10348430275917053,1.0,1.38
159925,0.23222213983535767,0.10348430275917053,1.0,1.38
160025,0.23222213983535767,0.10348430275917053,1.0,1.38
160125,0.23222213983535767,0.10348430275917053,1.0,1.38
160225,0.23222213983535767,0.10348430275917053,1.0,1.38
160325,0.23222213983535767,0.10348430275917053,1.0,1.38
160425,0.23222213983535767,0.10348430275917053,1.0,1.38
160525,0.23222213983535767,0.10348430275917053,1.0,1.38
160625,0.23222213983535767,0.10348430275917053,1.0,1.38
160725,0.23222213983535767,0.10348430275917053,1.0,1.38
160825,0.23222213983535767,0.10348430275917053,1.0,1.38
160925,0.23222213983535767,0.10348430275917053,1.0,1.38
161025,0.23222213983535767,0.10348430275917053,1.0,1.38
161125,0.23222213983535767,0.10348430275917053,1.0,1.38
161225,0.23222213983535767,0.10348430275917053,1.0,1.38
161325,0.23222213983535767,0.10348430275917053,1.0,1.38
161425,0.23222213983535767,0.10348430275917053,1.0,1.38
161525,0.23222213983535767,0.10348430275917053,1.0,1.38
161625,0.23222213983535767,0.10348430275917053,1.0,1.38
161725,0.23222213983535767,0.06594827771186829,0.6,1.40
161825,0.23222213983535767,0.06594827771186829,0.6,1.40
161925,0.23222213983535767,0.06594827771186829,0.6,1.40
162025,0.23222213983535767,0.06594827771186829,0.61,1.40
162125,0.23222213983535767,0.06594827771186829,0.61,1.40
162225,0.23222213983535767,0.06594827771186829,0.61,1.40
162325,0.23222213983535767,0.06594827771186829,0.61,1.40
162425,0.23222213983535767,0.06594827771186829,0.61,1.40
162525,0.23222213983535767,0.06594827771186829,0.61,1.40
162625,0.23222213983535767,0.06594827771186829,0.61,1.40
162725,0.23222213983535767,0.06594827771186829,0.61,1.40
162825,0.23222213983535767,0.06594827771186829,0.61,1.40
162925,0.23222213983535767,0.06594827771186829,0.61,1.40
163025,0.23222213983535767,0.06594827771186829,0.61,1.40
163125,0.23222213983535767,0.06594827771186829,0.61,1.40
163225,0.23222213983535767,0.06594827771186829,0.61,1.40
163325,0.23222213983535767,0.06594827771186829,0.61,1.40
163425,0.23222213983535767,0.06594827771186829,0.61,1.40
163525,0.23222213983535767,0.06594827771186829,0.61,1.40
163625,0.23222213983535767,0.06594827771186829,0.61,1.40
163725,0.23222213983535767,0.06594827771186829,0.62,1.40
163825,0.23222213983535767,0.06594827771186829,0.62,1.40
163925,0.23222213983535767,0.06594827771186829,0.62,1.40
164025,0.23222213983535767,0.06594827771186829,0.62,1.40
164125,0.23222213983535767,0.06594827771186829,0.63,1.40
164225,0.23222213983535767,0.06594827771186829,0.63,1.40
164325,0.23222213983535767,0.06594827771186829,0.63,1.40
164425,0.23222213983535767,0.06594827771186829,0.64,1.40
164525,0.23222213983535767,0.06594827771186829,0.64,1.40
164625,0.23222213983535767,0.06594827771186829,0.64,1.40
164725,0.23222213983535767,0.06594827771186829,0.64,1.40
164825,0.23222213983535767,0.06594827771186829,0.64,1.40
164925,0.23222213983535767,0.06594827771186829,0.64,1.40
165025,0.23222213983535767,0.06594827771186829,0.64,1.40
165125,0.23222213983535767,0.06594827771186829,0.64,1.40
165225,0.23222213983535767,0.06594827771186829,0.64,1.40
165325,0.23222213983535767,0.06594827771186829,0.64,1.40
165425,0.23222213983535767,0.06594827771186829,0.64,1.40
165525,0.23222213983535767,0.06594827771186829,0.64,1.40
165625,0.23222213983535767,0.06594827771186829,0.64,1.40
165725,0.23222213983535767,0.06594827771186829,0.64,1.40
165825,0.23222213983535767,0.06594827771186829,0.64,1.40
165925,0.23222213983535767,0.06594827771186829,0.64,1.40
166025,0.23222213983535767,0.06594827771186829,0.64,1.40
166125,0.23222213983535767,0.06594827771186829,0.64,1.40
166225,0.23222213983535767,0.06594827771186829,0.64,1.40
166325,0.23222213983535767,0.06594827771186829,0.64,1.40
166425,0.23222213983535767,0.06594827771186829,0.64,1.40
166525,0.23222213983535767,0.06594827771186829,0.65,1.40
166625,0.23222213983535767,0.06594827771186829,0.65,1.40
166725,0.23222213983535767,0.06594827771186829,0.65,1.40
166825,0.23222213983535767,0.06594827771186829,0.65,1.40
166925,0.23222213983535767,0.06594827771186829,0.65,1.40
167025,0.23222213983535767,0.06594827771186829,0.65,1.40
167125,0.23222213983535767,0.06594827771186829,0.65,1.40
167225,0.23222213983535767,0.06594827771186829,0.65,1.40
167325,0.23222213983535767,0.06594827771186829,0.65,1.40
167425,0.23222213983535767,0.06594827771186829,0.66,1.40
167525,0.23222213983535767,0.06594827771186829,0.66,1.40
167625,0.23222213983535767,0.06594827771186829,0.66,1.40
167725,0.23222213983535767,0.06594827771186829,0.66,1.40
167825,0.23222213983535767,0.06594827771186829,0.66,1.40
167925,0.23222213983535767,0.06594827771186829,0.66,1.40
168025,0.23222213983535767,0.06594827771186829,0.66,1.40
168125,0.23222213983535767,0.06594827771186829,0.66,1.40
168225,0.23222213983535767,0.06594827771186829,0.66,1.40
168325,0.23222213983535767,0.06594827771186829,0.66,1.40
168425,0.23222213983535767,0.06594827771186829,0.66,1.40
168525,0.23222213983535767,0.06594827771186829,0.66,1.40
168625,0.23222213983535767,0.06594827771186829,0.66,1.40
168725,0.23222213983535767,0.06594827771186829,0.66,1.40
168825,0.23222213983535767,0.06594827771186829,0.66,1.40
168925,0.23222213983535767,0.06594827771186829,0.66,1.40
169025,0.23222213983535767,0.06594827771186829,0.66,1.40
169125,0.23222213983535767,0.06594827771186829,0.66,1.40
169225,0.23222213983535767,0.06594827771186829,0.66,1.40
169325,0.23222213983535767,0.06594827771186829,0.66,1.40
169425,0.23222213983535767,0.06594827771186829,0.66,1.40
169525,0.23222213983535767,0.06594827771186829,0.66,1.40
169625,0.23222213983535767,0.06594827771186829,0.65,1.40
169725,0.23222213983535767,0.06594827771186829,0.65,1.40
169825,0.23222213983535767,0.06594827771186829,0.66,1.40
169925,0.23222213983535767,0.06594827771186829,0.67,1.40
170025,0.23222213983535767,0.06594827771186829,0.68,1.40
170125,0.23222213983535767,0.06594827771186829,0.68,1.40
170225,0.23222213983535767,0.06594827771186829,0.68,1.40
170325,0.23222213983535767,0.06594827771186829,0.68,1.40
170425,0.23222213983535767,0.06594827771186829,0.68,1.40
170525,0.23222213983535767,0.06594827771186829,0.68,1.40
170625,0.23222213983535767,0.06594827771186829,0.68,1.40
170725,0.23222213983535767,0.06594827771186829,0.68,1.40
170825,0.23222213983535767,0.06594827771186829,0.68,1.40
170925,0.23222213983535767,0.06594827771186829,0.68,1.40
171025,0.23222213983535767,0.06594827771186829,0.68,1.40
171125,0.23222213983535767,0.06594827771186829,0.68,1.40
171225,0.23222213983535767,0.06594827771186829,0.68,1.40
171325,0.23222213983535767,0.06594827771186829,0.68,1.40
171425,0.23222213983535767,0.06594827771186829,0.67,1.40
171525,0.23222213983535767,0.06594827771186829,0.68,1.40
171625,0.23222213983535767,0.06594827771186829,0.68,1.40
171725,0.23222213983535767,0.06594827771186829,0.69,1.40
171825,0.23222213983535767,0.06594827771186829,0.69,1.40
171925,0.23222213983535767,0.06594827771186829,0.69,1.40
172025,0.23222213983535767,0.06594827771186829,0.69,1.40
172125,0.23222213983535767,0.06594827771186829,0.69,1.40
172225,0.23222213983535767,0.06594827771186829,0.69,1.40
172325,0.23222213983535767,0.06594827771186829,0.7,1.40
172425,0.23222213983535767,0.06594827771186829,0.7,1.40
172525,0.23222213983535767,0.06594827771186829,0.7,1.40
172625,0.23222213983535767,0.06594827771186829,0.7,1.40
172725,0.23222213983535767,0.06594827771186829,0.7,1.40
172825,0.23222213983535767,0.06594827771186829,0.7,1.40
172925,0.23222213983535767,0.06594827771186829,0.7,1.40
173025,0.23222213983535767,0.06594827771186829,0.7,1.40
173125,0.23222213983535767,0.06594827771186829,0.7,1.40
173225,0.23222213983535767,0.06594827771186829,0.7,1.40
173325,0.23222213983535767,0.06594827771186829,0.7,1.40
173425,0.23222213983535767,0.06594827771186829,0.7,1.40
173525,0.23222213983535767,0.06594827771186829,0.7,1.40
173625,0.23222213983535767,0.06594827771186829,0.7,1.40
173725,0.23222213983535767,0.06594827771186829,0.7,1.40
173825,0.23222213983535767,0.06594827771186829,0.7,1.40
173925,0.23222213983535767,0.06594827771186829,0.7,1.40
174025,0.23222213983535767,0.06594827771186829,0.7,1.40
174125,0.23222213983535767,0.06594827771186829,0.7,1.40
174225,0.23222213983535767,0.06594827771186829,0.7,1.40
174325,0.23222213983535767,0.06594827771186829,0.7,1.40
174425,0.23222213983535767,0.06594827771186829,0.71,1.40
174525,0.23222213983535767,0.06594827771186829,0.71,1.40
174625,0.23222213983535767,0.06594827771186829,0.71,1.40
174725,0.23222213983535767,0.06594827771186829,0.72,1.40
174825,0.23222213983535767,0.06594827771186829,0.72,1.40
174925,0.23222213983535767,0.06594827771186829,0.72,1.40
175025,0.23222213983535767,0.06594827771186829,0.72,1.40
175125,0.23222213983535767,0.06594827771186829,0.72,1.40
175225,0.23222213983535767,0.06594827771186829,0.72,1.40
175325,0.23222213983535767,0.06594827771186829,0.72,1.40
175425,0.23222213983535767,0.06594827771186829,0.72,1.40
175525,0.23222213983535767,0.06594827771186829,0.72,1.40
175625,0.23222213983535767,0.06594827771186829,0.72,1.40
175725,0.23222213983535767,0.06594827771186829,0.72,1.40
175825,0.23222213983535767,0.06594827771186829,0.72,1.40
175925,0.23222213983535767,0.06594827771186829,0.72,1.40
176025,0.23222213983535767,0.06594827771186829,0.72,1.40
176125,0.23222213983535767,0.06594827771186829,0.72,1.40
176225,0.23222213983535767,0.06594827771186829,0.72,1.40
176325,0.23222213983535767,0.06594827771186829,0.72,1.40
176425,0.23222213983535767,0.06594827771186829,0.72,1.40
176525,0.23222213983535767,0.06594827771186829,0.72,1.40
176625,0.23222213983535767,0.06594827771186829,0.72,1.40
176725,0.23222213983535767,0.06594827771186829,0.72,1.40
176825,0.23222213983535767,0.06594827771186829,0.72,1.40
176925,0.23222213983535767,0.06594827771186829,0.72,1.40
177025,0.23222213983535767,0.06594827771186829,0.72,1.40
177125,0.23222213983535767,0.06594827771186829,0.72,1.40
177225,0.23222213983535767,0.06594827771186829,0.72,1.40
177325,0.23222213983535767,0.06594827771186829,0.72,1.40
177425,0.23222213983535767,0.06594827771186829,0.72,1.40
177525,0.23222213983535767,0.06594827771186829,0.72,1.40
177625,0.23222213983535767,0.06594827771186829,0.72,1.40
177725,0.23222213983535767,0.06594827771186829,0.72,1.40
177825,0.23222213983535767,0.06594827771186829,0.72,1.40
177925,0.23222213983535767,0.06594827771186829,0.72,1.40
178025,0.23222213983535767,0.06594827771186829,0.73,1.40
178125,0.23222213983535767,0.06594827771186829,0.73,1.40
178225,0.23222213983535767,0.06594827771186829,0.73,1.40
178325,0.23222213983535767,0.06594827771186829,0.73,1.40
178425,0.23222213983535767,0.06594827771186829,0.74,1.40
178525,0.23222213983535767,0.06594827771186829,0.74,1.40
178625,0.23222213983535767,0.06594827771186829,0.74,1.40
178725,0.23222213983535767,0.06594827771186829,0.74,1.40
178825,0.23222213983535767,0.06594827771186829,0.74,1.40
178925,0.23222213983535767,0.06594827771186829,0.74,1.40
179025,0.23222213983535767,0.06594827771186829,0.74,1.40
179125,0.23222213983535767,0.06594827771186829,0.74,1.40
179225,0.23222213983535767,0.06594827771186829,0.74,1.40
179325,0.23222213983535767,0.06594827771186829,0.75,1.40
179425,0.23222213983535767,0.06594827771186829,0.75,1.40
179525,0.23222213983535767,0.06594827771186829,0.75,1.40
179625,0.23222213983535767,0.06594827771186829,0.75,1.40
179725,0.23222213983535767,0.06594827771186829,0.75,1.40
179825,0.23222213983535767,0.06594827771186829,0.75,1.40
179925,0.23222213983535767,0.06594827771186829,0.75,1.40
180025,0.23222213983535767,0.06594827771186829,0.75,1.40
180125,0.23222213983535767,0.06594827771186829,0.75,1.40
180225,0.23222213983535767,0.06594827771186829,0.75,1.40
180325,0.23222213983535767,0.06594827771186829,0.75,1.40
180425,0.23222213983535767,0.06594827771186829,0.75,1.40
180525,0.23222213983535767,0.06594827771186829,0.75,1.40
180625,0.23222213983535767,0.06594827771186829,0.75,1.40
180725,0.23222213983535767,0.06594827771186829,0.75,1.40
180825,0.23222213983535767,0.06594827771186829,0.75,1.40
180925,0.23222213983535767,0.06594827771186829,0.75,1.40
181025,0.23222213983535767,0.06594827771186829,0.75,1.40
181125,0.23222213983535767,0.06594827771186829,0.75,1.40
181225,0.23222213983535767,0.06594827771186829,0.75,1.40
181325,0.23222213983535767,0.06594827771186829,0.75,1.40
181425,0.23222213983535767,0.06594827771186829,0.75,1.40
181525,0.23222213983535767,0.06594827771186829,0.75,1.40
181625,0.23222213983535767,0.06594827771186829,0.75,1.40
181725,0.23222213983535767,0.06594827771186829,0.75,1.40
181825,0.23222213983535767,0.06594827771186829,0.75,1.40
181925,0.23222213983535767,0.06594827771186829,0.75,1.40
182025,0.23222213983535767,0.06594827771186829,0.75,1.40
182125,0.23222213983535767,0.06594827771186829,0.75,1.40
182225,0.23222213983535767,0.06594827771186829,0.75,1.40
182325,0.23222213983535767,0.06594827771186829,0.75,1.40
182425,0.23222213983535767,0.06594827771186829,0.75,1.40
182525,0.23222213983535767,0.06594827771186829,0.75,1.40
182625,0.23222213983535767,0.06594827771186829,0.75,1.40
182725,0.23222213983535767,0.06594827771186829,0.75,1.40
182825,0.23222213983535767,0.06594827771186829,0.76,1.40
182925,0.23222213983535767,0.06594827771186829,0.76,1.40
183025,0.23222213983535767,0.06594827771186829,0.76,1.40
183125,0.23222213983535767,0.06594827771186829,0.76,1.40
183225,0.23222213983535767,0.06594827771186829,0.76,1.40
183325,0.23222213983535767,0.06594827771186829,0.76,1.40
183425,0.23222213983535767,0.06594827771186829,0.76,1.40
183525,0.23222213983535767,0.06594827771186829,0.76,1.40
183625,0.23222213983535767,0.06594827771186829,0.76,1.40
183725,0.23222213983535767,0.06594827771186829,0.76,1.40
183825,0.23222213983535767,0.06594827771186829,0.76,1.40
183925,0.23222213983535767,0.06594827771186829,0.76,1.40
184025,0.23222213983535767,0.06594827771186829,0.76,1.40
184125,0.23222213983535767,0.06594827771186829,0.76,1.40
184225,0.23222213983535767,0.06594827771186829,0.76,1.40
184325,0.23222213983535767,0.10348430275917053,0.76,1.40
184425,0.23222213983535767,0.10348430275917053,0.75,1.40
184525,0.23222213983535767,0.10348430275917053,0.75,1.40
184625,0.23222213983535767,0.10348430275917053,0.75,1.40
184725,0.23222213983535767,0.10348430275917053,0.75,1.40
184825,0.23222213983535767,0.10348430275917053,0.75,1.40
184925,0.23222213983535767,0.10348430275917053,0.75,1.40
185025,0.23222213983535767,0.10348430275917053,0.75,1.40
185125,0.23579445481300354,0.1098724901676178,0.75,1.40
185225,0.23579445481300354,0.1098724901676178,0.75,1.40
185325,0.23579445481300354,0.1098724901676178,0.75,1.40
185425,0.23579445481300354,0.1098724901676178,0.76,1.40
185525,0.23579445481300354,0.1098724901676178,0.76,1.40
185625,0.23579445481300354,0.1098724901676178,0.76,1.40
185725,0.23579445481300354,0.1098724901676178,0.76,1.40
185825,0.23579445481300354,0.1098724901676178,0.76,1.40
185925,0.23579445481300354,0.1098724901676178,0.76,1.40
186025,0.23579445481300354,0.1098724901676178,0.75,1.40
186125,0.23579445481300354,0.1098724901676178,0.76,1.40
186225,0.23579445481300354,0.1098724901676178,0.76,1.40
186325,0.23579445481300354,0.1098724901676178,0.76,1.40
186425,0.23579445481300354,0.1098724901676178,0.76,1.40
186525,0.23579445481300354,0.1098724901676178,0.76,1.40
186625,0.23579445481300354,0.1098724901676178,0.76,1.40
186725,0.23579445481300354,0.1098724901676178,0.76,1.40
186825,0.23579445481300354,0.1098724901676178,0.76,1.40
186925,0.23579445481300354,0.1098724901676178,0.76,1.40
187025,0.23579445481300354,0.1098724901676178,0.76,1.40
187125,0.23579445481300354,0.1098724901676178,0.76,1.40
187225,0.23579445481300354,0.1098724901676178,0.76,1.40
187325,0.23819616436958313,0.11103364825248718,0.76,1.40
187425,0.23819616436958313,0.11103364825248718,0.76,1.40
187525,0.23819616436958313,0.11103364825248718,0.76,1.40
187625,0.23819616436958313,0.11103364825248718,0.76,1.40
187725,0.23819616436958313,0.11103364825248718,0.76,1.40
187825,0.23819616436958313,0.11103364825248718,0.76,1.40
187925,0.23819616436958313,0.11103364825248718,0.76,1.40
188025,0.23819616436958313,0.11103364825248718,0.76,1.40
188125,0.23819616436958313,0.11103364825248718,0.76,1.40
188225,0.23819616436958313,0.11103364825248718,0.76,1.40
188325,0.23819616436958313,0.11103364825248718,0.76,1.40
188425,0.23819616436958313,0.11103364825248718,0.76,1.40
188525,0.23819616436958313,0.11103364825248718,0.76,1.40
188625,0.23819616436958313,0.11103364825248718,0.76,1.40
188725,0.23819616436958313,0.11103364825248718,0.76,1.40
188825,0.23819616436958313,0.11103364825248718,0.76,1.40
188925,0.23819616436958313,0.11103364825248718,0.75,1.40
189025,0.23819616436958313,0.11103364825248718,0.75,1.40
189125,0.23819616436958313,0.11103364825248718,0.75,1.40
189225,0.23819616436958313,0.11103364825248718,0.75,1.40
189325,0.23819616436958313,0.11103364825248718,0.75,1.40
189425,0.23819616436958313,0.11103364825248718,0.75,1.40
205649,0.23819616436958313,0.11103364825248718,0.46,1.46
205749,0.36412513256073,0.22922760248184204,0.55,1.46
205849,0.36412513256073,0.22922760248184204,0.59,1.46
205949,0.36412513256073,0.22922760248184204,0.64,1.46
206049,0.36412513256073,0.22922760248184204,0.65,1.46
206149,0.36412513256073,0.22922760248184204,0.65,1.46
206249,0.36412513256073,0.22922760248184204,0.71,1.46
206349,0.36412513256073,0.22922760248184204,0.73,1.46
206449,0.36412513256073,0.22922760248184204,0.75,1.46
206549,0.36412513256073,0.22922760248184204,0.77,1.46
206649,0.36412513256073,0.22922760248184204,0.76,1.46
206749,0.36412513256073,0.22922760248184204,0.74,1.46
206849,0.36412513256073,0.22922760248184204,0.76,1.46
206949,0.36412513256073,0.22922760248184204,0.78,1.46
207049,0.36412513256073,0.22922760248184204,0.78,1.46
207149,0.36412513256073,0.22922760248184204,0.79,1.46
207249,0.36412513256073,0.22922760248184204,0.82,1.46
207349,0.36412513256073,0.22922760248184204,0.83,1.46
207449,0.36412513256073,0.22922760248184204,0.83,1.46
207549,0.36412513256073,0.22922760248184204,0.87,1.46
207649,0.36412513256073,0.22922760248184204,0.88,1.46
207749,0.36412513256073,0.22922760248184204,0.88,1.46
207849,0.36412513256073,0.22922760248184204,0.85,1.46
207949,0.36412513256073,0.22922760248184204,0.83,1.46
208049,0.36412513256073,0.22922760248184204,0.82,1.46
208149,0.36412513256073,0.22922760248184204,0.83,1.46
208249,0.36412513256073,0.22922760248184204,0.82,1.46
208349,0.36412513256073,0.22922760248184204,0.81,1.46
208449,0.36412513256073,0.22922760248184204,0.82,1.46
208549,0.36412513256073,0.22922760248184204,0.85,1.46
208649,0.36412513256073,0.22922760248184204,0.85,1.46
208749,0.36412513256073,0.22922760248184204,0.86,1.46
208849,0.36412513256073,0.22922760248184204,0.85,1.46
208949,0.36412513256073,0.22922760248184204,0.84,1.46
209049,0.36412513256073,0.22922760248184204,0.83,1.46
209149,0.36412513256073,0.22922760248184204,0.86,1.46
209249,0.36412513256073,0.22922760248184204,0.88,1.46
209349,0.36412513256073,0.22922760248184204,0.86,1.46
209449,0.36412513256073,0.22922760248184204,0.86,1.46
209549,0.36412513256073,0.22922760248184204,0.86,1.46
209649,0.36412513256073,0.22922760248184204,0.84,1.46
209749,0.36412513256073,0.22922760248184204,0.82,1.46
209849,0.36412513256073,0.22922760248184204,0.82,1.46
209949,0.36412513256073,0.22922760248184204,0.84,1.46
210049,0.36412513256073,0.22922760248184204,0.84,1.46
210149,0.36412513256073,0.22922760248184204,0.84,1.46
210249,0.36412513256073,0.22922760248184204,0.86,1.46
210349,0.36412513256073,0.22922760248184204,0.87,1.46
210449,0.36412513256073,0.22922760248184204,0.89,1.46
210549,0.36412513256073,0.22922760248184204,0.88,1.46
210649,0.36412513256073,0.22922760248184204,0.89,1.46
210749,0.36412513256073,0.22922760248184204,0.87,1.46
210849,0.36412513256073,0.22922760248184204,0.87,1.46
210949,0.36412513256073,0.22922760248184204,0.9,1.46
211049,0.36412513256073,0.22922760248184204,0.92,1.46
211149,0.36412513256073,0.22922760248184204,0.93,1.46
211249,0.36412513256073,0.22922760248184204,0.92,1.46
211349,0.36412513256073,0.22922760248184204,0.91,1.46
211449,0.36412513256073,0.22922760248184204,0.89,1.46
211549,0.36412513256073,0.22922760248184204,0.88,1.46
211649,0.36412513256073,0.22922760248184204,0.88,1.46
211749,0.36412513256073,0.22922760248184204,0.89,1.46
211849,0.36412513256073,0.22922760248184204,0.89,1.46
211949,0.36412513256073,0.22922760248184204,0.88,1.46
212049,0.36412513256073,0.22922760248184204,0.87,1.46
212149,0.36412513256073,0.22922760248184204,0.87,1.46
212249,0.36412513256073,0.22922760248184204,0.88,1.46
212349,0.36412513256073,0.22922760248184204,0.91,1.46
212449,0.36412513256073,0.22922760248184204,0.91,1.46
212549,0.36412513256073,0.22922760248184204,0.89,1.46
212649,0.36412513256073,0.22922760248184204,0.89,1.46
212749,0.36412513256073,0.22922760248184204,0.86,1.46
212849,0.36412513256073,0.22922760248184204,0.88,1.46
212949,0.36412513256073,0.22922760248184204,0.91,1.46
213049,0.36412513256073,0.22922760248184204,0.9,1.46
213149,0.36412513256073,0.22922760248184204,0.89,1.46
213249,0.36412513256073,0.22922760248184204,0.92,1.46
213349,0.36412513256073,0.22922760248184204,0.94,1.46
213449,0.36412513256073,0.22922760248184204,0.92,1.46
213549,0.36412513256073,0.22922760248184204,0.94,1.46
213649,0.36412513256073,0.22922760248184204,0.95,1.46
213749,0.36412513256073,0.22922760248184204,0.95,1.46
213849,0.36412513256073,0.22922760248184204,0.95,1.46
213949,0.36412513256073,0.22922760248184204,0.93,1.46
214049,0.36412513256073,0.22922760248184204,0.93,1.46
214149,0.36412513256073,0.22922760248184204,0.91,1.46
214249,0.36412513256073,0.22922760248184204,0.91,1.46
214349,0.36412513256073,0.22922760248184204,0.9,1.46
214449,0.36412513256073,0.22922760248184204,0.89,1.46
214549,0.36412513256073,0.22922760248184204,0.91,1.46
214649,0.36412513256073,0.22922760248184204,0.93,1.46
214749,0.36412513256073,0.22922760248184204,0.92,1.46
214849,0.36412513256073,0.22922760248184204,0.93,1.46
214949,0.36412513256073,0.22922760248184204,0.94,1.46
215049,0.36412513256073,0.22922760248184204,0.94,1.46
215149,0.36412513256073,0.22922760248184204,0.91,1.46
215249,0.36412513256073,0.22922760248184204,0.9,1.46
215349,0.36412513256073,0.22922760248184204,0.91,1.46
215449,0.36412513256073,0.22922760248184204,0.91,1.46
215549,0.36412513256073,0.22922760248184204,0.91,1.46
215649,0.36412513256073,0.22922760248184204,0.91,1.46
215749,0.36412513256073,0.22922760248184204,0.91,1.46
215849,0.36412513256073,0.22922760248184204,0.9,1.46
215949,0.36412513256073,0.22922760248184204,0.89,1.46
216049,0.36412513256073,0.22922760248184204,0.91,1.46
216149,0.36412513256073,0.22922760248184204,0.9,1.46
216249,0.36412513256073,0.22922760248184204,0.92,1.46
216349,0.36412513256073,0.22922760248184204,0.93,1.46
216449,0.36412513256073,0.22922760248184204,0.94,1.46
216549,0.36412513256073,0.22922760248184204,0.95,1.46
216649,0.36412513256073,0.22922760248184204,0.96,1.46
216749,0.36412513256073,0.22922760248184204,0.96,1.46
216849,0.36412513256073,0.22922760248184204,0.96,1.46
216949,0.36412513256073,0.22922760248184204,0.95,1.46
217049,0.36412513256073,0.22922760248184204,0.94,1.46
217149,0.36412513256073,0.22922760248184204,0.94,1.46
217249,0.36412513256073,0.22922760248184204,0.95,1.46
217349,0.36412513256073,0.22922760248184204,0.95,1.46
217449,0.36412513256073,0.22922760248184204,0.95,1.46
217549,0.36412513256073,0.22922760248184204,0.96,1.46
217649,0.36412513256073,0.22922760248184204,0.94,1.46
217749,0.36412513256073,0.22922760248184204,0.94,1.46
217849,0.36412513256073,0.22922760248184204,0.95,1.46
217949,0.36412513256073,0.22922760248184204,0.96,1.46
218049,0.36412513256073,0.22922760248184204,0.96,1.46
218149,0.36412513256073,0.22922760248184204,0.94,1.46
218249,0.36412513256073,0.22922760248184204,0.93,1.46
218349,0.36412513256073,0.22922760248184204,0.93,1.46
218449,0.36412513256073,0.22922760248184204,0.92,1.46
218549,0.36412513256073,0.22922760248184204,0.93,1.46
218649,0.36412513256073,0.22922760248184204,0.95,1.46
218749,0.36412513256073,0.22922760248184204,0.96,1.46
218849,0.36412513256073,0.22922760248184204,0.97,1.46
218949,0.36412513256073,0.22922760248184204,0.95,1.46
219049,0.36412513256073,0.22922760248184204,0.95,1.46
219149,0.36412513256073,0.22922760248184204,0.97,1.46
219249,0.36412513256073,0.22922760248184204,0.97,1.46
219349,0.36412513256073,0.22922760248184204,0.96,1.46
219449,0.36412513256073,0.22922760248184204,0.96,1.46
219549,0.36412513256073,0.22922760248184204,0.96,1.46
219649,0.36412513256073,0.22922760248184204,0.96,1.46
219749,0.36412513256073,0.22922760248184204,0.98,1.46
219849,0.36412513256073,0.22922760248184204,0.98,1.46
219949,0.36412513256073,0.22922760248184204,0.96,1.46
220049,0.36412513256073,0.22922760248184204,0.97,1.46
220149,0.36412513256073,0.22922760248184204,0.98,1.46
220249,0.36412513256073,0.22922760248184204,0.97,1.46
220349,0.36412513256073,0.22922760248184204,0.96,1.46
220449,0.36412513256073,0.22922760248184204,0.96,1.46
220549,0.36412513256073,0.22922760248184204,0.96,1.46
220649,0.36412513256073,0.22922760248184204,0.95,1.46
220749,0.36412513256073,0.22922760248184204,0.96,1.46
220849,0.36412513256073,0.22922760248184204,0.97,1.46
220949,0.36412513256073,0.22922760248184204,0.95,1.46
221049,0.36412513256073,0.22922760248184204,0.95,1.46
221149,0.36412513256073,0.22922760248184204,0.96,1.46
221249,0.36412513256073,0.22922760248184204,0.95,1.46
221349,0.36412513256073,0.22922760248184204,0.96,1.46
221449,0.36412513256073,0.22922760248184204,0.96,1.46
221549,0.36412513256073,0.22922760248184204,0.96,1.46
221649,0.36412513256073,0.22922760248184204,0.94,1.46
221749,0.36412513256073,0.22922760248184204,0.94,1.46
221849,0.36412513256073,0.22922760248184204,0.95,1.46
221949,0.36412513256073,0.22922760248184204,0.96,1.46
222049,0.36412513256073,0.22922760248184204,0.96,1.46
222149,0.36412513256073,0.22922760248184204,0.96,1.46
222249,0.36412513256073,0.22922760248184204,0.95,1.46
222349,0.36412513256073,0.22922760248184204,0.96,1.46
222449,0.36412513256073,0.22922760248184204,0.95,1.46
222549,0.36412513256073,0.22922760248184204,0.96,1.46
222649,0.36412513256073,0.22922760248184204,0.95,1.46
222749,0.36412513256073,0.22922760248184204,0.96,1.46
222849,0.36412513256073,0.22922760248184204,0.96,1.46
222949,0.36412513256073,0.22922760248184204,0.96,1.46
223049,0.36412513256073,0.22922760248184204,0.96,1.46
223149,0.36412513256073,0.22922760248184204,0.94,1.46
223249,0.36412513256073,0.22922760248184204,0.95,1.46
223349,0.36412513256073,0.22922760248184204,0.96,1.46
223449,0.36412513256073,0.22922760248184204,0.95,1.46
223549,0.36412513256073,0.22922760248184204,0.96,1.46
223649,0.36412513256073,0.22922760248184204,0.95,1.46
223749,0.36412513256073,0.22922760248184204,0.94,1.46
223849,0.36412513256073,0.22922760248184204,0.92,1.46
223949,0.36412513256073,0.22922760248184204,0.91,1.46
224049,0.36412513256073,0.22922760248184204,0.92,1.46
224149,0.36412513256073,0.22922760248184204,0.94,1.46
224249,0.36412513256073,0.22922760248184204,0.96,1.46
224349,0.36412513256073,0.22922760248184204,0.96,1.46
224449,0.36412513256073,0.22922760248184204,0.96,1.46
224549,0.36412513256073,0.22922760248184204,0.96,1.46
224649,0.36412513256073,0.22922760248184204,0.96,1.46
224749,0.36412513256073,0.22922760248184204,0.96,1.46
224849,0.36412513256073,0.22922760248184204,0.96,1.46
224949,0.36412513256073,0.22922760248184204,0.96,1.46
225049,0.36412513256073,0.22922760248184204,0.95,1.46
225149,0.36412513256073,0.22922760248184204,0.95,1.46
225249,0.36412513256073,0.22922760248184204,0.95,1.46
225349,0.36412513256073,0.22922760248184204,0.95,1.46
225449,0.36412513256073,0.22922760248184204,0.94,1.46
225549,0.36412513256073,0.22922760248184204,0.94,1.46
225649,0.36412513256073,0.22922760248184204,0.96,1.46
225749,0.36412513256073,0.22922760248184204,0.96,1.46
225849,0.36412513256073,0.22922760248184204,0.95,1.46
225949,0.36412513256073,0.22922760248184204,0.95,1.46
226049,0.36412513256073,0.22922760248184204,0.94,1.46
226149,0.36412513256073,0.22922760248184204,0.94,1.46
226249,0.36412513256073,0.22922760248184204,0.94,1.46
226349,0.36412513256073,0.22922760248184204,0.95,1.46
226449,0.36412513256073,0.22922760248184204,0.95,1.46
226549,0.36412513256073,0.22922760248184204,0.94,1.46
226649,0.36412513256073,0.22922760248184204,0.95,1.46
226749,0.36412513256073,0.22922760248184204,0.95,1.46
226849,0.36412513256073,0.22922760248184204,0.95,1.46
226949,0.36412513256073,0.22922760248184204,0.95,1.46
227049,0.36412513256073,0.22922760248184204,0.95,1.46
227149,0.36412513256073,0.22922760248184204,0.93,1.46
227249,0.36412513256073,0.22922760248184204,0.94,1.46
227349,0.36412513256073,0.22922760248184204,0.93,1.46
227449,0.36412513256073,0.22922760248184204,0.92,1.46
227549,0.36412513256073,0.22922760248184204,0.9,1.46
227649,0.36412513256073,0.22922760248184204,0.9,1.46
227749,0.36412513256073,0.22922760248184204,0.92,1.46
227849,0.36412513256073,0.22922760248184204,0.94,1.46
227949,0.36412513256073,0.22922760248184204,0.95,1.46
228049,0.36412513256073,0.22922760248184204,0.93,1.46
228149,0.36412513256073,0.22922760248184204,0.94,1.46
228249,0.36412513256073,0.22922760248184204,0.96,1.46
228349,0.36412513256073,0.22922760248184204,0.96,1.46
228449,0.36412513256073,0.22922760248184204,0.95,1.46
228549,0.36412513256073,0.22922760248184204,0.97,1.46
228649,0.36412513256073,0.22922760248184204,0.97,1.46
228749,0.36412513256073,0.22922760248184204,0.96,1.46
228849,0.36412513256073,0.22922760248184204,0.95,1.46
228949,0.36412513256073,0.22922760248184204,0.94,1.46
229049,0.36412513256073,0.22922760248184204,0.94,1.46
229149,0.36412513256073,0.22922760248184204,0.94,1.46
229249,0.36412513256073,0.22922760248184204,0.93,1.46
229349,0.36412513256073,0.22922760248184204,0.93,1.46
229449,0.36412513256073,0.22922760248184204,0.93,1.46
229549,0.36412513256073,0.22922760248184204,0.94,1.46
229649,0.36412513256073,0.22922760248184204,0.93,1.46
229749,0.36412513256073,0.22922760248184204,0.93,1.46
229849,0.36412513256073,0.22922760248184204,0.93,1.46
229949,0.36412513256073,0.22922760248184204,0.95,1.46
230049,0.36412513256073,0.22922760248184204,0.96,1.46
230149,0.36412513256073,0.22922760248184204,0.97,1.46
230249,0.36412513256073,0.22922760248184204,0.96,1.46
230349,0.36412513256073,0.22922760248184204,0.97,1.46
230449,0.36412513256073,0.22922760248184204,0.97,1.46
230549,0.36412513256073,0.22922760248184204,0.97,1.46
230649,0.36412513256073,0.22922760248184204,0.96,1.46
230749,0.36412513256073,0.22922760248184204,0.96,1.46
230849,0.36412513256073,0.22922760248184204,0.97,1.46
230949,0.36412513256073,0.22922760248184204,0.96,1.46
231049,0.36412513256073,0.22922760248184204,0.97,1.46
231149,0.36412513256073,0.22922760248184204,0.98,1.46
231249,0.36412513256073,0.22922760248184204,0.97,1.46
231349,0.36412513256073,0.22922760248184204,0.97,1.46
231449,0.36412513256073,0.22922760248184204,0.98,1.46
231549,0.36412513256073,0.22922760248184204,0.98,1.46
231649,0.36412513256073,0.22922760248184204,0.98,1.46
231749,0.36412513256073,0.22922760248184204,0.99,1.46
231849,0.36412513256073,0.22922760248184204,0.99,1.46
231949,0.36412513256073,0.22922760248184204,0.98,1.46
232049,0.36412513256073,0.22922760248184204,0.98,1.46
232149,0.36412513256073,0.22922760248184204,0.98,1.46
232249,0.36412513256073,0.22922760248184204,0.96,1.46
232349,0.36412513256073,0.22922760248184204,0.97,1.46
232449,0.36412513256073,0.22922760248184204,0.97,1.46
232549,0.36412513256073,0.22922760248184204,0.95,1.46
232649,0.36412513256073,0.22922760248184204,0.95,1.46
232749,0.36412513256073,0.22922760248184204,0.96,1.46
232849,0.36412513256073,0.22922760248184204,0.95,1.46
232949,0.36412513256073,0.22922760248184204,0.95,1.46
233049,0.36412513256073,0.22922760248184204,0.95,1.46
233149,0.36412513256073,0.22922760248184204,0.95,1.46
233249,0.36412513256073,0.22922760248184204,0.95,1.46
233349,0.36412513256073,0.22922760248184204,0.94,1.46
233449,0.36412513256073,0.11103364825248718,0.43,1.50
233549,0.36412513256073,0.11103364825248718,0.43,1.50
233649,0.36412513256073,0.11103364825248718,0.45,1.50
233749,0.36412513256073,0.11103364825248718,0.46,1.50
233849,0.36412513256073,0.11103364825248718,0.49,1.50
233949,0.36412513256073,0.11103364825248718,0.49,1.50
234049,0.36412513256073,0.11103364825248718,0.5,1.50
234149,0.36412513256073,0.11103364825248718,0.5,1.50
234249,0.36412513256073,0.11103364825248718,0.51,1.50
234349,0.36412513256073,0.11103364825248718,0.51,1.50
234449,0.36412513256073,0.11103364825248718,0.52,1.50
234549,0.36412513256073,0.11103364825248718,0.52,1.50
234649,0.36412513256073,0.11103364825248718,0.53,1.50
234749,0.36412513256073,0.11103364825248718,0.55,1.50
234849,0.36412513256073,0.11103364825248718,0.55,1.50
234949,0.36412513256073,0.11103364825248718,0.55,1.50
235049,0.36412513256073,0.11103364825248718,0.55,1.50
235149,0.36412513256073,0.11103364825248718,0.57,1.50
235249,0.36412513256073,0.11103364825248718,0.59,1.50
235349,0.36412513256073,0.11103364825248718,0.58,1.50
235449,0.36412513256073,0.11103364825248718,0.57,1.50
235549,0.36412513256073,0.11103364825248718,0.57,1.50
235649,0.36412513256073,0.11103364825248718,0.57,1.50
235749,0.36412513256073,0.11103364825248718,0.56,1.50
235849,0.36412513256073,0.11103364825248718,0.57,1.50
235949,0.36412513256073,0.11103364825248718,0.59,1.50
236049,0.36412513256073,0.11103364825248718,0.61,1.50
236149,0.36412513256073,0.11103364825248718,0.6,1.50
236249,0.36412513256073,0.11103364825248718,0.58,1.50
236349,0.36412513256073,0.11103364825248718,0.57,1.50
236449,0.36412513256073,0.11103364825248718,0.58,1.50
236549,0.36412513256073,0.11103364825248718,0.58,1.50
236649,0.36412513256073,0.11103364825248718,0.59,1.50
236749,0.36412513256073,0.11103364825248718,0.58,1.50
236849,0.36412513256073,0.11103364825248718,0.58,1.50
236949,0.36412513256073,0.11103364825248718,0.58,1.50
237049,0.36412513256073,0.11103364825248718,0.59,1.50
237149,0.36412513256073,0.11103364825248718,0.59,1.50
237249,0.36412513256073,0.11103364825248718,0.59,1.50
237349,0.36412513256073,0.11103364825248718,0.59,1.50
237449,0.36412513256073,0.11103364825248718,0.59,1.50
237549,0.36412513256073,0.11103364825248718,0.59,1.50
237649,0.36412513256073,0.11103364825248718,0.59,1.50
237749,0.36412513256073,0.11103364825248718,0.59,1.50
237849,0.36412513256073,0.11103364825248718,0.59,1.50
237949,0.36412513256073,0.11103364825248718,0.59,1.50
238049,0.36412513256073,0.11103364825248718,0.59,1.50
238149,0.36412513256073,0.11103364825248718,0.61,1.50
238249,0.36412513256073,0.11103364825248718,0.61,1.50
238349,0.36412513256073,0.11103364825248718,0.62,1.50
238449,0.36412513256073,0.11103364825248718,0.6,1.50
238549,0.36412513256073,0.11103364825248718,0.61,1.50
238649,0.36412513256073,0.11103364825248718,0.62,1.50
238749,0.36412513256073,0.11103364825248718,0.64,1.50
238849,0.36412513256073,0.11103364825248718,0.64,1.50
238949,0.36412513256073,0.11103364825248718,0.64,1.50
239049,0.36412513256073,0.11103364825248718,0.64,1.50
239149,0.36412513256073,0.11103364825248718,0.64,1.50
239249,0.36412513256073,0.11103364825248718,0.64,1.50
239349,0.36412513256073,0.11103364825248718,0.63,1.50
239449,0.36412513256073,0.11103364825248718,0.64,1.50
239549,0.36412513256073,0.11103364825248718,0.64,1.50
239649,0.36412513256073,0.11103364825248718,0.64,1.50
239749,0.36412513256073,0.11103364825248718,0.64,1.50
239849,0.36412513256073,0.11103364825248718,0.63,1.50
239949,0.36412513256073,0.11103364825248718,0.63,1.50
240049,0.36412513256073,0.11103364825248718,0.63,1.50
240149,0.36412513256073,0.11103364825248718,0.62,1.50
240249,0.36412513256073,0.11103364825248718,0.62,1.50
240349,0.36412513256073,0.11103364825248718,0.62,1.50
240449,0.36412513256073,0.11103364825248718,0.63,1.50
240549,0.36412513256073,0.11103364825248718,0.63,1.50
240649,0.36412513256073,0.11103364825248718,0.63,1.50
240749,0.36412513256073,0.11103364825248718,0.63,1.50
240849,0.36412513256073,0.11103364825248718,0.63,1.50
240949,0.36412513256073,0.11103364825248718,0.64,1.50
241049,0.36412513256073,0.11103364825248718,0.64,1.50
241149,0.36412513256073,0.11103364825248718,0.64,1.50
241249,0.36412513256073,0.11103364825248718,0.65,1.50
241349,0.36412513256073,0.11103364825248718,0.66,1.50
241449,0.36412513256073,0.11103364825248718,0.66,1.50
241549,0.36412513256073,0.11103364825248718,0.67,1.50
241649,0.36412513256073,0.11103364825248718,0.67,1.50
241749,0.36412513256073,0.11103364825248718,0.67,1.50
241849,0.36412513256073,0.11103364825248718,0.67,1.50
241949,0.36412513256073,0.11103364825248718,0.67,1.50
242049,0.36412513256073,0.11103364825248718,0.67,1.50
242149,0.36412513256073,0.11103364825248718,0.67,1.50
242249,0.36412513256073,0.11103364825248718,0.67,1.50
242349,0.36412513256073,0.11103364825248718,0.67,1.50
242449,0.36412513256073,0.11103364825248718,0.66,1.50
242549,0.36412513256073,0.11103364825248718,0.66,1.50
242649,0.36412513256073,0.11103364825248718,0.66,1.50
242749,0.36412513256073,0.11103364825248718,0.66,1.50
242849,0.36412513256073,0.11103364825248718,0.65,1.50
242949,0.36412513256073,0.11103364825248718,0.66,1.50
243049,0.36412513256073,0.11103364825248718,0.66,1.50
243149,0.36412513256073,0.11103364825248718,0.68,1.50
243249,0.36412513256073,0.11103364825248718,0.68,1.50
243349,0.36412513256073,0.11103364825248718,0.67,1.50
243449,0.36412513256073,0.11103364825248718,0.67,1.50
243549,0.36412513256073,0.11103364825248718,0.67,1.50
243649,0.36412513256073,0.11103364825248718,0.67,1.50
243749,0.36412513256073,0.11103364825248718,0.67,1.50
243849,0.36412513256073,0.11103364825248718,0.67,1.50
243949,0.36412513256073,0.11103364825248718,0.67,1.50
244049,0.36412513256073,0.11103364825248718,0.67,1.50
244149,0.36412513256073,0.11103364825248718,0.67,1.50
244249,0.36412513256073,0.11103364825248718,0.67,1.50
244349,0.36412513256073,0.11103364825248718,0.67,1.50
244449,0.36412513256073,0.11103364825248718,0.68,1.50
244549,0.36412513256073,0.11103364825248718,0.68,1.50
244649,0.36412513256073,0.11103364825248718,0.68,1.50
244749,0.36412513256073,0.11103364825248718,0.68,1.50
244849,0.36412513256073,0.11103364825248718,0.68,1.50
244949,0.36412513256073,0.11103364825248718,0.68,1.50
245049,0.36412513256073,0.11103364825248718,0.69,1.50
245149,0.36412513256073,0.11103364825248718,0.69,1.50
245249,0.36412513256073,0.11103364825248718,0.69,1.50
245349,0.36412513256073,0.11103364825248718,0.7,1.50
245449,0.36412513256073,0.11103364825248718,0.7,1.50
245549,0.36412513256073,0.11103364825248718,0.7,1.50
245649,0.36412513256073,0.11103364825248718,0.7,1.50
245749,0.36412513256073,0.11103364825248718,0.7,1.50
245849,0.36412513256073,0.11103364825248718,0.69,1.50
245949,0.36412513256073,0.11103364825248718,0.69,1.50
246049,0.36412513256073,0.11103364825248718,0.69,1.50
246149,0.36412513256073,0.11103364825248718,0.69,1.50
246249,0.36412513256073,0.11103364825248718,0.7,1.50
246349,0.36412513256073,0.11103364825248718,0.69,1.50
246449,0.36412513256073,0.11103364825248718,0.68,1.50
246549,0.36412513256073,0.11103364825248718,0.69,1.50
246649,0.36412513256073,0.11103364825248718,0.68,1.50
246749,0.36412513256073,0.11103364825248718,0.68,1.50
246849,0.36412513256073,0.11103364825248718,0.68,1.50
246949,0.36412513256073,0.11103364825248718,0.69,1.50
247049,0.36412513256073,0.11103364825248718,0.69,1.50
247149,0.36412513256073,0.11103364825248718,0.69,1.50
247249,0.36412513256073,0.11103364825248718,0.69,1.50
247349,0.36412513256073,0.11103364825248718,0.69,1.50
247449,0.36412513256073,0.11103364825248718,0.68,1.50
247549,0.36412513256073,0.11103364825248718,0.68,1.50
247649,0.36412513256073,0.11103364825248718,0.68,1.50
247749,0.36412513256073,0.11103364825248718,0.68,1.50
247849,0.36412513256073,0.11103364825248718,0.69,1.50
247949,0.36412513256073,0.11103364825248718,0.69,1.50
248049,0.36412513256073,0.11103364825248718,0.7,1.50
248149,0.36412513256073,0.11103364825248718,0.71,1.50
248249,0.36412513256073,0.11103364825248718,0.71,1.50
248349,0.36412513256073,0.11103364825248718,0.71,1.50
248449,0.36412513256073,0.11103364825248718,0.71,1.50
248549,0.36412513256073,0.11103364825248718,0.7,1.50
248649,0.36412513256073,0.11103364825248718,0.7,1.50
248749,0.36412513256073,0.11103364825248718,0.7,1.50
248849,0.36412513256073,0.11103364825248718,0.7,1.50
248949,0.36412513256073,0.11103364825248718,0.7,1.50
249049,0.36412513256073,0.11103364825248718,0.7,1.50
249149,0.36412513256073,0.11103364825248718,0.69,1.50
249249,0.36412513256073,0.11103364825248718,0.69,1.50
249349,0.36412513256073,0.11103364825248718,0.69,1.50
249449,0.36412513256073,0.11103364825248718,0.7,1.50
249549,0.36412513256073,0.11103364825248718,0.7,1.50
249649,0.36412513256073,0.11103364825248718,0.7,1.50
249749,0.36412513256073,0.11103364825248718,0.7,1.50
249849,0.36412513256073,0.11103364825248718,0.7,1.50
249949,0.36412513256073,0.11103364825248718,0.69,1.50
250049,0.36412513256073,0.11103364825248718,0.68,1.50
250149,0.36412513256073,0.11103364825248718,0.68,1.50
250249,0.36412513256073,0.11103364825248718,0.69,1.50
250349,0.36412513256073,0.11103364825248718,0.69,1.50
250449,0.36412513256073,0.11103364825248718,0.7,1.50
250549,0.36412513256073,0.11103364825248718,0.7,1.50
250649,0.36412513256073,0.11103364825248718,0.71,1.50
250749,0.36412513256073,0.11103364825248718,0.71,1.50
250849,0.36412513256073,0.11103364825248718,0.71,1.50
250949,0.36412513256073,0.11103364825248718,0.7,1.50
251049,0.36412513256073,0.11103364825248718,0.7,1.50
251149,0.36412513256073,0.11103364825248718,0.7,1.50
251249,0.36412513256073,0.11103364825248718,0.69,1.50
251349,0.36412513256073,0.11103364825248718,0.68,1.50
251449,0.36412513256073,0.11103364825248718,0.67,1.50
251549,0.36412513256073,0.11103364825248718,0.69,1.50
251649,0.36412513256073,0.11103364825248718,0.69,1.50
251749,0.36412513256073,0.11103364825248718,0.69,1.50
251849,0.36412513256073,0.11103364825248718,0.7,1.50
251949,0.36412513256073,0.11103364825248718,0.7,1.50
252049,0.36412513256073,0.11103364825248718,0.69,1.50
252149,0.36412513256073,0.11103364825248718,0.69,1.50
252249,0.36412513256073,0.11103364825248718,0.69,1.50
252349,0.36412513256073,0.11103364825248718,0.69,1.50
252449,0.36412513256073,0.11103364825248718,0.69,1.50
252549,0.36412513256073,0.11103364825248718,0.69,1.50
252649,0.36412513256073,0.11103364825248718,0.7,1.50
252749,0.36412513256073,0.11103364825248718,0.71,1.50
252849,0.36412513256073,0.11103364825248718,0.71,1.50
252949,0.36412513256073,0.11103364825248718,0.7,1.50
253049,0.36412513256073,0.11103364825248718,0.71,1.50
253149,0.36412513256073,0.11103364825248718,0.72,1.50
253249,0.36412513256073,0.11103364825248718,0.73,1.50
253349,0.36412513256073,0.11103364825248718,0.73,1.50
253449,0.36412513256073,0.11103364825248718,0.73,1.50
253549,0.36412513256073,0.11103364825248718,0.73,1.50
253649,0.36412513256073,0.11103364825248718,0.73,1.50
253749,0.36412513256073,0.11103364825248718,0.73,1.50
253849,0.36412513256073,0.11103364825248718,0.73,1.50
253949,0.36412513256073,0.11103364825248718,0.73,1.50
254049,0.36412513256073,0.11103364825248718,0.73,1.50
254149,0.36412513256073,0.11103364825248718,0.73,1.50
254249,0.36412513256073,0.11103364825248718,0.73,1.50
254349,0.36412513256073,0.11103364825248718,0.73,1.50
254449,0.36412513256073,0.11103364825248718,0.72,1.50
254549,0.36412513256073,0.11103364825248718,0.73,1.50
254649,0.36412513256073,0.11103364825248718,0.71,1.50
254749,0.36412513256073,0.11103364825248718,0.71,1.50
254849,0.36412513256073,0.11103364825248718,0.72,1.50
254949,0.36412513256073,0.11103364825248718,0.72,1.50
255049,0.36412513256073,0.11103364825248718,0.72,1.50
255149,0.36412513256073,0.11103364825248718,0.72,1.50
255249,0.36412513256073,0.11103364825248718,0.72,1.50
255349,0.36412513256073,0.11103364825248718,0.72,1.50
255449,0.36412513256073,0.11103364825248718,0.75,1.50
255549,0.36412513256073,0.11103364825248718,0.75,1.50
255649,0.36412513256073,0.11103364825248718,0.76,1.50
255749,0.36412513256073,0.11103364825248718,0.75,1.50
255849,0.36412513256073,0.11103364825248718,0.75,1.50
255949,0.36412513256073,0.11103364825248718,0.75,1.50
256049,0.36412513256073,0.11103364825248718,0.75,1.50
256149,0.36412513256073,0.11103364825248718,0.74,1.50
256249,0.36412513256073,0.11103364825248718,0.74,1.50
256349,0.36412513256073,0.11103364825248718,0.75,1.50
256449,0.36412513256073,0.11103364825248718,0.76,1.50
256549,0.36412513256073,0.11103364825248718,0.76,1.50
256649,0.36412513256073,0.11103364825248718,0.76,1.50
256749,0.36412513256073,0.11103364825248718,0.76,1.50
256849,0.36412513256073,0.11103364825248718,0.76,1.50
256949,0.36412513256073,0.11103364825248718,0.75,1.50
257049,0.36412513256073,0.11103364825248718,0.75,1.50
257149,0.36412513256073,0.11103364825248718,0.75,1.50
257249,0.36412513256073,0.11103364825248718,0.75,1.50
257349,0.36412513256073,0.11103364825248718,0.75,1.50
257449,0.36412513256073,0.11103364825248718,0.75,1.50
257549,0.36412513256073,0.11103364825248718,0.75,1.50
257649,0.36412513256073,0.11103364825248718,0.75,1.50
257749,0.36412513256073,0.11103364825248718,0.75,1.50
257849,0.36412513256073,0.11103364825248718,0.73,1.50
257949,0.36412513256073,0.11103364825248718,0.73,1.50
258049,0.36412513256073,0.11103364825248718,0.73,1.50
258149,0.36412513256073,0.11103364825248718,0.74,1.50
258249,0.36412513256073,0.11103364825248718,0.74,1.50
258349,0.36412513256073,0.11103364825248718,0.75,1.50
258449,0.36412513256073,0.11103364825248718,0.75,1.50
258549,0.36412513256073,0.11103364825248718,0.75,1.50
258649,0.36412513256073,0.11103364825248718,0.75,1.50
258749,0.36412513256073,0.11103364825248718,0.76,1.50
258849,0.36412513256073,0.11103364825248718,0.76,1.50
258949,0.36412513256073,0.11103364825248718,0.75,1.50
259049,0.36412513256073,0.11103364825248718,0.75,1.50
259149,0.36412513256073,0.11103364825248718,0.75,1.50
259249,0.36412513256073,0.11103364825248718,0.75,1.50
259349,0.36412513256073,0.11103364825248718,0.75,1.50
259449,0.36412513256073,0.11103364825248718,0.75,1.50
259549,0.36412513256073,0.11103364825248718,0.73,1.50
259649,0.36412513256073,0.11103364825248718,0.73,1.50
259749,0.36412513256073,0.11103364825248718,0.73,1.50
259849,0.36412513256073,0.11103364825248718,0.73,1.50
259949,0.36412513256073,0.11103364825248718,0.73,1.50
260049,0.36412513256073,0.11103364825248718,0.73,1.50
260149,0.36412513256073,0.11103364825248718,0.73,1.50
260249,0.36412513256073,0.11103364825248718,0.73,1.50
260349,0.36412513256073,0.11103364825248718,0.72,1.50
260449,0.36412513256073,0.11103364825248718,0.72,1.50
260549,0.36412513256073,0.11103364825248718,0.72,1.50
260649,0.36412513256073,0.11103364825248718,0.73,1.50
260749,0.36412513256073,0.11103364825248718,0.74,1.50
260849,0.36412513256073,0.11103364825248718,0.74,1.50
260949,0.36412513256073,0.11103364825248718,0.75,1.50
261049,0.36412513256073,0.11103364825248718,0.76,1.50
261149,0.36412513256073,0.11103364825248718,0.75,1.50
267774,0.36412513256073,0.22922760248184204,0.67,1.38
267874,0.36412513256073,0.22922760248184204,0.66,1.38
267974,0.36412513256073,0.22922760248184204,0.7,1.38
268074,0.36412513256073,0.22922760248184204,0.7,1.38
268174,0.36412513256073,0.22922760248184204,0.69,1.38
268274,0.36412513256073,0.22922760248184204,0.73,1.38
268374,0.36412513256073,0.22922760248184204,0.76,1.38
268474,0.36412513256073,0.22922760248184204,0.79,1.38
268574,0.36412513256073,0.22922760248184204,0.8,1.38
268674,0.36412513256073,0.22922760248184204,0.81,1.38
268774,0.36412513256073,0.22922760248184204,0.82,1.38
268874,0.36412513256073,0.22922760248184204,0.84,1.38
268974,0.36412513256073,0.22922760248184204,0.85,1.38
269074,0.36412513256073,0.22922760248184204,0.86,1.38
269174,0.36412513256073,0.22922760248184204,0.85,1.38
269274,0.36412513256073,0.22922760248184204,0.86,1.38
269374,0.36412513256073,0.22922760248184204,0.88,1.38
269474,0.36412513256073,0.22922760248184204,0.88,1.38
269574,0.36412513256073,0.22922760248184204,0.89,1.38
269674,0.36412513256073,0.22922760248184204,0.89,1.38
269774,0.36412513256073,0.22922760248184204,0.87,1.38
269874,0.36412513256073,0.22922760248184204,0.89,1.38
269974,0.36412513256073,0.22922760248184204,0.89,1.38
270074,0.36412513256073,0.22922760248184204,0.9,1.38
270174,0.36412513256073,0.22922760248184204,0.89,1.38
270274,0.36412513256073,0.22922760248184204,0.9,1.38
270374,0.36412513256073,0.22922760248184204,0.91,1.38
270474,0.36412513256073,0.22922760248184204,0.92,1.38
270574,0.36412513256073,0.22922760248184204,0.92,1.38
270674,0.36412513256073,0.22922760248184204,0.92,1.38
270774,0.36412513256073,0.22922760248184204,0.91,1.38
270874,0.36412513256073,0.22922760248184204,0.92,1.38
270974,0.36412513256073,0.22922760248184204,0.91,1.38
271074,0.36412513256073,0.22922760248184204,0.93,1.38
271174,0.36412513256073,0.22922760248184204,0.92,1.38
271274,0.36412513256073,0.22922760248184204,0.92,1.38
271374,0.36412513256073,0.22922760248184204,0.94,1.38
271474,0.36412513256073,0.22922760248184204,0.91,1.38
271574,0.36412513256073,0.22922760248184204,0.9,1.38
271674,0.36412513256073,0.22922760248184204,0.91,1.38
271774,0.36412513256073,0.22922760248184204,0.9,1.38
271874,0.36412513256073,0.22922760248184204,0.89,1.38
271974,0.36412513256073,0.22922760248184204,0.91,1.38
272074,0.36412513256073,0.22922760248184204,0.92,1.38
272174,0.36412513256073,0.22922760248184204,0.9,1.38
272274,0.36412513256073,0.22922760248184204,0.91,1.38
272374,0.36412513256073,0.22922760248184204,0.91,1.38
272474,0.36412513256073,0.22922760248184204,0.91,1.38
272574,0.36412513256073,0.22922760248184204,0.91,1.38
272674,0.36412513256073,0.22922760248184204,0.91,1.38
272774,0.36412513256073,0.22922760248184204,0.92,1.38
272874,0.36412513256073,0.22922760248184204,0.92,1.38
272974,0.36412513256073,0.22922760248184204,0.91,1.38
273074,0.36412513256073,0.22922760248184204,0.91,1.38
273174,0.36412513256073,0.22922760248184204,0.91,1.38
273274,0.36412513256073,0.22922760248184204,0.92,1.38
273374,0.36412513256073,0.22922760248184204,0.92,1.38
273474,0.36412513256073,0.22922760248184204,0.92,1.38
273574,0.36412513256073,0.22922760248184204,0.93,1.38
273674,0.36412513256073,0.22922760248184204,0.95,1.38
273774,0.36412513256073,0.22922760248184204,0.94,1.38
273874,0.36412513256073,0.22922760248184204,0.94,1.38
273974,0.36412513256073,0.22922760248184204,0.94,1.38
274074,0.36412513256073,0.22922760248184204,0.93,1.38
274174,0.36412513256073,0.22922760248184204,0.93,1.38
274274,0.36412513256073,0.22922760248184204,0.93,1.38
274374,0.36412513256073,0.22922760248184204,0.92,1.38
274474,0.36412513256073,0.22922760248184204,0.92,1.38
274574,0.36412513256073,0.22922760248184204,0.92,1.38
274674,0.36412513256073,0.22922760248184204,0.9,1.38
274774,0.36412513256073,0.22922760248184204,0.91,1.38
274874,0.36412513256073,0.22922760248184204,0.9,1.38
274974,0.36412513256073,0.22922760248184204,0.92,1.38
275074,0.36412513256073,0.22922760248184204,0.92,1.38
275174,0.36412513256073,0.22922760248184204,0.94,1.38
275274,0.36412513256073,0.22922760248184204,0.95,1.38
275374,0.36412513256073,0.22922760248184204,0.95,1.38
275474,0.36412513256073,0.22922760248184204,0.94,1.38
275574,0.36412513256073,0.22922760248184204,0.95,1.38
275674,0.36412513256073,0.22922760248184204,0.97,1.38
275774,0.36412513256073,0.22922760248184204,0.97,1.38
275874,0.36412513256073,0.22922760248184204,0.97,1.38
275974,0.36412513256073,0.22922760248184204,0.96,1.38
276074,0.36412513256073,0.22922760248184204,0.97,1.38
276174,0.36412513256073,0.22922760248184204,0.96,1.38
276274,0.36412513256073,0.22922760248184204,0.95,1.38
276374,0.36412513256073,0.22922760248184204,0.94,1.38
276474,0.36412513256073,0.22922760248184204,0.94,1.38
276574,0.36412513256073,0.22922760248184204,0.95,1.38
276674,0.36412513256073,0.22922760248184204,0.95,1.38
276774,0.36412513256073,0.22922760248184204,0.96,1.38
276874,0.36412513256073,0.22922760248184204,0.96,1.38
276974,0.36412513256073,0.22922760248184204,0.96,1.38
277074,0.36412513256073,0.22922760248184204,0.94,1.38
277174,0.36412513256073,0.22922760248184204,0.94,1.38
277274,0.36412513256073,0.22922760248184204,0.95,1.38
277374,0.36412513256073,0.22922760248184204,0.95,1.38
277474,0.36412513256073,0.22922760248184204,0.93,1.38
277574,0.36412513256073,0.22922760248184204,0.93,1.38
277674,0.36412513256073,0.22922760248184204,0.92,1.38
277774,0.36412513256073,0.22922760248184204,0.92,1.38
277874,0.36412513256073,0.22922760248184204,0.93,1.38
277974,0.36412513256073,0.22922760248184204,0.93,1.38
278074,0.36412513256073,0.22922760248184204,0.93,1.38
278174,0.36412513256073,0.22922760248184204,0.92,1.38
278274,0.36412513256073,0.22922760248184204,0.91,1.38
278374,0.36412513256073,0.22922760248184204,0.91,1.38
278474,0.36412513256073,0.22922760248184204,0.93,1.38
278574,0.36412513256073,0.22922760248184204,0.93,1.38
278674,0.36412513256073,0.22922760248184204,0.93,1.38
278774,0.36412513256073,0.22922760248184204,0.93,1.38
278874,0.36412513256073,0.22922760248184204,0.92,1.38
278974,0.36412513256073,0.22922760248184204,0.94,1.38
279074,0.36412513256073,0.22922760248184204,0.92,1.38
279174,0.36412513256073,0.22922760248184204,0.91,1.38
279274,0.36412513256073,0.22922760248184204,0.91,1.38
279374,0.36412513256073,0.22922760248184204,0.93,1.38
279474,0.36412513256073,0.22922760248184204,0.92,1.38
279574,0.36412513256073,0.22922760248184204,0.92,1.38
279674,0.36412513256073,0.22922760248184204,0.92,1.38
279774,0.36412513256073,0.22922760248184204,0.9,1.38
279874,0.36412513256073,0.22922760248184204,0.9,1.38
279974,0.36412513256073,0.22922760248184204,0.92,1.38
280074,0.36412513256073,0.22922760248184204,0.91,1.38
280174,0.36412513256073,0.22922760248184204,0.91,1.38
280274,0.36412513256073,0.22922760248184204,0.94,1.38
280374,0.36412513256073,0.22922760248184204,0.92,1.38
280474,0.36412513256073,0.22922760248184204,0.92,1.38
280574,0.36412513256073,0.22922760248184204,0.94,1.38
280674,0.36412513256073,0.22922760248184204,0.93,1.38
280774,0.36412513256073,0.22922760248184204,0.94,1.38
280874,0.36412513256073,0.22922760248184204,0.94,1.38
280974,0.36412513256073,0.22922760248184204,0.93,1.38
281074,0.36412513256073,0.22922760248184204,0.93,1.38
281174,0.36412513256073,0.22922760248184204,0.93,1.38
281274,0.36412513256073,0.22922760248184204,0.93,1.38
281374,0.36412513256073,0.22922760248184204,0.92,1.38
281474,0.36412513256073,0.22922760248184204,0.92,1.38
281574,0.36412513256073,0.22922760248184204,0.93,1.38
281674,0.36412513256073,0.22922760248184204,0.95,1.38
281774,0.36412513256073,0.22922760248184204,0.93,1.38
281874,0.36412513256073,0.22922760248184204,0.94,1.38
281974,0.36412513256073,0.22922760248184204,0.96,1.38
282074,0.36412513256073,0.22922760248184204,0.92,1.38
282174,0.36412513256073,0.22922760248184204,0.92,1.38
282274,0.36412513256073,0.22922760248184204,0.92,1.38
282374,0.36412513256073,0.22922760248184204,0.91,1.38
282474,0.36412513256073,0.22922760248184204,0.92,1.38
282574,0.36412513256073,0.22922760248184204,0.93,1.38
282674,0.36412513256073,0.22922760248184204,0.93,1.38
282774,0.36412513256073,0.22922760248184204,0.94,1.38
282874,0.36412513256073,0.22922760248184204,0.94,1.38
282974,0.36412513256073,0.22922760248184204,0.94,1.38
283074,0.36412513256073,0.22922760248184204,0.95,1.38
283174,0.36412513256073,0.22922760248184204,0.95,1.38
283274,0.36412513256073,0.22922760248184204,0.95,1.38
283374,0.36412513256073,0.22922760248184204,0.95,1.38
283474,0.36412513256073,0.22922760248184204,0.96,1.38
283574,0.36412513256073,0.22922760248184204,0.93,1.38
283674,0.36412513256073,0.22922760248184204,0.92,1.38
283774,0.36412513256073,0.22922760248184204,0.92,1.38
283874,0.36412513256073,0.22922760248184204,0.91,1.38
283974,0.36412513256073,0.22922760248184204,0.93,1.38
284074,0.36412513256073,0.22922760248184204,0.94,1.38
284174,0.36412513256073,0.22922760248184204,0.94,1.38
284274,0.36412513256073,0.22922760248184204,0.93,1.38
284374,0.36412513256073,0.22922760248184204,0.93,1.38
284474,0.36412513256073,0.22922760248184204,0.94,1.38
284574,0.36412513256073,0.22922760248184204,0.94,1.38
284674,0.36412513256073,0.22922760248184204,0.96,1.38
284774,0.36412513256073,0.22922760248184204,0.95,1.38
284874,0.36412513256073,0.22922760248184204,0.94,1.38
284974,0.36412513256073,0.22922760248184204,0.92,1.38
285074,0.36412513256073,0.22922760248184204,0.9,1.38
285174,0.36412513256073,0.22922760248184204,0.89,1.38
285274,0.36412513256073,0.22922760248184204,0.89,1.38
285374,0.36412513256073,0.22922760248184204,0.88,1.38
285474,0.36412513256073,0.22922760248184204,0.88,1.38
285574,0.36412513256073,0.22922760248184204,0.88,1.38
285674,0.36412513256073,0.22922760248184204,0.89,1.38
285774,0.36412513256073,0.22922760248184204,0.9,1.38
285874,0.36412513256073,0.22922760248184204,0.89,1.38
285974,0.36412513256073,0.22922760248184204,0.89,1.38
286074,0.36412513256073,0.22922760248184204,0.9,1.38
286174,0.36412513256073,0.22922760248184204,0.94,1.38
286274,0.36412513256073,0.22922760248184204,0.94,1.38
286374,0.36412513256073,0.22922760248184204,0.94,1.38
286474,0.36412513256073,0.22922760248184204,0.94,1.38
286574,0.36412513256073,0.22922760248184204,0.92,1.38
286674,0.36412513256073,0.22922760248184204,0.91,1.38
286774,0.36412513256073,0.22922760248184204,0.9,1.38
286874,0.36412513256073,0.22922760248184204,0.87,1.38
286974,0.36412513256073,0.22922760248184204,0.86,1.38
287074,0.36412513256073,0.22922760248184204,0.87,1.38
287174,0.36412513256073,0.22922760248184204,0.88,1.38
287274,0.36412513256073,0.22922760248184204,0.89,1.38
287374,0.36412513256073,0.22922760248184204,0.88,1.38
287474,0.36412513256073,0.22922760248184204,0.89,1.38
287574,0.36412513256073,0.22922760248184204,0.9,1.38
287674,0.36412513256073,0.22922760248184204,0.91,1.38
287774,0.36412513256073,0.22922760248184204,0.91,1.38
287874,0.36412513256073,0.22922760248184204,0.92,1.38
287974,0.36412513256073,0.22922760248184204,0.91,1.38
288074,0.36412513256073,0.22922760248184204,0.92,1.38
288174,0.36412513256073,0.22922760248184204,0.94,1.38
288274,0.36412513256073,0.22922760248184204,0.94,1.38
288374,0.36412513256073,0.22922760248184204,0.94,1.38
288474,0.36412513256073,0.22922760248184204,0.95,1.38
288574,0.36412513256073,0.22922760248184204,0.93,1.38
288674,0.36412513256073,0.22922760248184204,0.91,1.38
288774,0.36412513256073,0.22922760248184204,0.93,1.38
288874,0.36412513256073,0.22922760248184204,0.96,1.38
288974,0.36412513256073,0.22922760248184204,0.93,1.38
289074,0.36412513256073,0.22922760248184204,0.94,1.38
289174,0.36412513256073,0.22922760248184204,0.93,1.38
289274,0.36412513256073,0.22922760248184204,0.92,1.38
289374,0.36412513256073,0.22922760248184204,0.94,1.38
289474,0.36412513256073,0.22922760248184204,0.93,1.38
289574,0.36412513256073,0.22922760248184204,0.93,1.38
289674,0.36412513256073,0.22922760248184204,0.93,1.38
289774,0.36412513256073,0.22922760248184204,0.93,1.38
289874,0.36412513256073,0.22922760248184204,0.93,1.38
289974,0.36412513256073,0.22922760248184204,0.93,1.38
290074,0.36412513256073,0.22922760248184204,0.93,1.38
290174,0.36412513256073,0.22922760248184204,0.95,1.38
290274,0.36412513256073,0.22922760248184204,0.95,1.38
290374,0.36412513256073,0.22922760248184204,0.94,1.38
290474,0.36412513256073,0.22922760248184204,0.94,1.38
290574,0.36412513256073,0.22922760248184204,0.96,1.38
290674,0.36412513256073,0.22922760248184204,0.96,1.38
290774,0.36412513256073,0.22922760248184204,0.95,1.38
290874,0.36412513256073,0.22922760248184204,0.95,1.38
290974,0.36412513256073,0.22922760248184204,0.93,1.38
291074,0.36412513256073,0.22922760248184204,0.93,1.38
291174,0.36412513256073,0.22922760248184204,0.93,1.38
291274,0.36412513256073,0.22922760248184204,0.95,1.38
291374,0.36412513256073,0.22922760248184204,0.96,1.38
291474,0.36412513256073,0.22922760248184204,0.96,1.38
291574,0.36412513256073,0.22922760248184204,0.96,1.38
291674,0.36412513256073,0.22922760248184204,0.96,1.38
291774,0.36412513256073,0.22922760248184204,0.95,1.38
291874,0.36412513256073,0.22922760248184204,0.95,1.38
291974,0.36412513256073,0.22922760248184204,0.95,1.38
292074,0.36412513256073,0.22922760248184204,0.97,1.38
292174,0.36412513256073,0.22922760248184204,0.98,1.38
292274,0.36412513256073,0.22922760248184204,0.98,1.38
292374,0.36412513256073,0.22922760248184204,0.96,1.38
292474,0.36412513256073,0.22922760248184204,0.95,1.38
292574,0.36412513256073,0.22922760248184204,0.94,1.38
292674,0.36412513256073,0.22922760248184204,0.93,1.38
292774,0.36412513256073,0.22922760248184204,0.92,1.38
292874,0.36412513256073,0.22922760248184204,0.92,1.38
292974,0.36412513256073,0.22922760248184204,0.92,1.38
293074,0.36412513256073,0.22922760248184204,0.94,1.38
293174,0.36412513256073,0.22922760248184204,0.94,1.38
293274,0.36412513256073,0.22922760248184204,0.95,1.38
293374,0.36412513256073,0.22922760248184204,0.95,1.38
293474,0.36412513256073,0.22922760248184204,0.96,1.38
293574,0.36412513256073,0.22922760248184204,0.94,1.38
293674,0.36412513256073,0.22922760248184204,0.94,1.38
293774,0.36412513256073,0.22922760248184204,0.94,1.38
293874,0.36412513256073,0.22922760248184204,0.93,1.38
293974,0.36412513256073,0.22922760248184204,0.94,1.38
294074,0.36412513256073,0.22922760248184204,0.93,1.38
294174,0.36412513256073,0.22922760248184204,0.93,1.38
294274,0.36412513256073,0.22922760248184204,0.92,1.38
294374,0.36412513256073,0.22922760248184204,0.89,1.38
294474,0.36412513256073,0.22922760248184204,0.9,1.38
294574,0.36412513256073,0.22922760248184204,0.91,1.38
294674,0.36412513256073,0.22922760248184204,0.91,1.38
294774,0.36412513256073,0.22922760248184204,0.91,1.38
294874,0.36412513256073,0.22922760248184204,0.92,1.38
294974,0.36412513256073,0.22922760248184204,0.93,1.38
295074,0.36412513256073,0.22922760248184204,0.93,1.38
295174,0.36412513256073,0.22922760248184204,0.94,1.38
295274,0.36412513256073,0.22922760248184204,0.94,1.38
295374,0.36412513256073,0.22922760248184204,0.94,1.38
295474,0.36412513256073,0.22922760248184204,0.94,1.38
295574,0.36412513256073,0.22922760248184204,0.68,1.39
295674,0.36412513256073,0.22922760248184204,0.69,1.39
295774,0.36412513256073,0.22922760248184204,0.72,1.39
295874,0.36412513256073,0.22922760248184204,0.74,1.39
295974,0.36412513256073,0.22922760248184204,0.77,1.39
296074,0.36412513256073,0.22922760248184204,0.78,1.39
296174,0.36412513256073,0.22922760248184204,0.78,1.39
296274,0.36412513256073,0.22922760248184204,0.79,1.39
296374,0.36412513256073,0.22922760248184204,0.79,1.39
296474,0.36412513256073,0.22922760248184204,0.81,1.39
296574,0.36412513256073,0.22922760248184204,0.8,1.39
296674,0.36412513256073,0.22922760248184204,0.83,1.39
296774,0.36412513256073,0.22922760248184204,0.82,1.39
296874,0.36412513256073,0.22922760248184204,0.82,1.39
296974,0.36412513256073,0.22922760248184204,0.82,1.39
297074,0.36412513256073,0.22922760248184204,0.8,1.39
297174,0.36412513256073,0.22922760248184204,0.81,1.39
297274,0.36412513256073,0.22922760248184204,0.81,1.39
297374,0.36412513256073,0.22922760248184204,0.82,1.39
297474,0.36412513256073,0.22922760248184204,0.83,1.39
297574,0.36412513256073,0.22922760248184204,0.84,1.39
297674,0.36412513256073,0.22922760248184204,0.85,1.39
297774,0.36412513256073,0.22922760248184204,0.85,1.39
297874,0.36412513256073,0.22922760248184204,0.87,1.39
297974,0.36412513256073,0.22922760248184204,0.88,1.39
298074,0.36412513256073,0.22922760248184204,0.86,1.39
298174,0.36412513256073,0.22922760248184204,0.86,1.39
298274,0.36412513256073,0.22922760248184204,0.86,1.39
298374,0.36412513256073,0.22922760248184204,0.87,1.39
298474,0.36412513256073,0.22922760248184204,0.88,1.39
298574,0.36412513256073,0.22922760248184204,0.88,1.39
298674,0.36412513256073,0.22922760248184204,0.87,1.39
298774,0.36412513256073,0.22922760248184204,0.87,1.39
298874,0.36412513256073,0.22922760248184204,0.89,1.39
298974,0.36412513256073,0.22922760248184204,0.9,1.39
299074,0.36412513256073,0.22922760248184204,0.9,1.39
299174,0.36412513256073,0.22922760248184204,0.91,1.39
299274,0.36412513256073,0.22922760248184204,0.91,1.39
299374,0.36412513256073,0.22922760248184204,0.91,1.39
299474,0.36412513256073,0.22922760248184204,0.93,1.39
299574,0.36412513256073,0.22922760248184204,0.93,1.39
299674,0.36412513256073,0.22922760248184204,0.92,1.39
299774,0.36412513256073,0.22922760248184204,0.94,1.39
299874,0.36412513256073,0.22922760248184204,0.95,1.39
299974,0.36412513256073,0.22922760248184204,0.93,1.39
300074,0.36412513256073,0.22922760248184204,0.91,1.39
300174,0.36412513256073,0.22922760248184204,0.91,1.39
300274,0.36412513256073,0.22922760248184204,0.89,1.39
300374,0.36412513256073,0.22922760248184204,0.91,1.39
300474,0.36412513256073,0.22922760248184204,0.91,1.39
300574,0.36412513256073,0.22922760248184204,0.91,1.39
300674,0.36412513256073,0.22922760248184204,0.91,1.39
300774,0.36412513256073,0.22922760248184204,0.89,1.39
300874,0.36412513256073,0.22922760248184204,0.89,1.39
300974,0.36412513256073,0.22922760248184204,0.89,1.39
301074,0.36412513256073,0.22922760248184204,0.91,1.39
301174,0.36412513256073,0.22922760248184204,0.93,1.39
301274,0.36412513256073,0.22922760248184204,0.93,1.39
301374,0.36412513256073,0.22922760248184204,0.93,1.39
301474,0.36412513256073,0.22922760248184204,0.94,1.39
301574,0.36412513256073,0.22922760248184204,0.94,1.39
301674,0.36412513256073,0.22922760248184204,0.94,1.39
301774,0.36412513256073,0.22922760248184204,0.94,1.39
301874,0.36412513256073,0.22922760248184204,0.93,1.39
301974,0.36412513256073,0.22922760248184204,0.92,1.39
302074,0.36412513256073,0.22922760248184204,0.93,1.39
302174,0.36412513256073,0.22922760248184204,0.93,1.39
302274,0.36412513256073,0.22922760248184204,0.94,1.39
302374,0.36412513256073,0.22922760248184204,0.94,1.39
302474,0.36412513256073,0.22922760248184204,0.94,1.39
302574,0.36412513256073,0.22922760248184204,0.94,1.39
302674,0.36412513256073,0.22922760248184204,0.96,1.39
302774,0.36412513256073,0.22922760248184204,0.95,1.39
302874,0.36412513256073,0.22922760248184204,0.96,1.39
302974,0.36412513256073,0.22922760248184204,0.96,1.39
303074,0.36412513256073,0.22922760248184204,0.96,1.39
303174,0.36412513256073,0.22922760248184204,0.95,1.39
303274,0.36412513256073,0.22922760248184204,0.97,1.39
303374,0.36412513256073,0.22922760248184204,0.96,1.39
303474,0.36412513256073,0.22922760248184204,0.98,1.39
303574,0.36412513256073,0.22922760248184204,0.98,1.39
303674,0.36412513256073,0.22922760248184204,0.98,1.39
303774,0.36412513256073,0.22922760248184204,0.96,1.39
303874,0.36412513256073,0.22922760248184204,0.95,1.39
303974,0.36412513256073,0.22922760248184204,0.96,1.39
304074,0.36412513256073,0.22922760248184204,0.97,1.39
304174,0.36412513256073,0.22922760248184204,0.97,1.39
304274,0.36412513256073,0.22922760248184204,0.97,1.39
304374,0.36412513256073,0.22922760248184204,0.95,1.39
304474,0.36412513256073,0.22922760248184204,0.95,1.39
304574,0.36412513256073,0.22922760248184204,0.95,1.39
304674,0.36412513256073,0.22922760248184204,0.95,1.39
304774,0.36412513256073,0.22922760248184204,0.95,1.39
304874,0.36412513256073,0.22922760248184204,0.93,1.39
304974,0.36412513256073,0.22922760248184204,0.93,1.39
305074,0.36412513256073,0.22922760248184204,0.91,1.39
305174,0.36412513256073,0.22922760248184204,0.92,1.39
305274,0.36412513256073,0.22922760248184204,0.91,1.39
305374,0.36412513256073,0.22922760248184204,0.91,1.39
305474,0.36412513256073,0.22922760248184204,0.92,1.39
305574,0.36412513256073,0.22922760248184204,0.91,1.39
305674,0.36412513256073,0.22922760248184204,0.91,1.39
305774,0.36412513256073,0.22922760248184204,0.92,1.39
305874,0.36412513256073,0.22922760248184204,0.92,1.39
305974,0.36412513256073,0.22922760248184204,0.92,1.39
306074,0.36412513256073,0.22922760248184204,0.92,1.39
306174,0.36412513256073,0.22922760248184204,0.92,1.39
306274,0.36412513256073,0.22922760248184204,0.93,1.39
306374,0.36412513256073,0.22922760248184204,0.93,1.39
306474,0.36412513256073,0.22922760248184204,0.94,1.39
306574,0.36412513256073,0.22922760248184204,0.94,1.39
306674,0.36412513256073,0.22922760248184204,0.95,1.39
306774,0.36412513256073,0.22922760248184204,0.96,1.39
306874,0.36412513256073,0.22922760248184204,0.96,1.39
306974,0.36412513256073,0.22922760248184204,0.97,1.39
307074,0.36412513256073,0.22922760248184204,0.97,1.39
307174,0.36412513256073,0.22922760248184204,0.96,1.39
307274,0.36412513256073,0.22922760248184204,0.96,1.39
307374,0.36412513256073,0.22922760248184204,0.96,1.39
307474,0.36412513256073,0.22922760248184204,0.96,1.39
307574,0.36412513256073,0.22922760248184204,0.96,1.39
307674,0.36412513256073,0.22922760248184204,0.96,1.39
307774,0.36412513256073,0.22922760248184204,0.97,1.39
307874,0.36412513256073,0.22922760248184204,0.98,1.39
307974,0.36412513256073,0.22922760248184204,0.98,1.39
308074,0.36412513256073,0.22922760248184204,0.97,1.39
308174,0.36412513256073,0.22922760248184204,0.97,1.39
308274,0.36412513256073,0.22922760248184204,0.97,1.39
308374,0.36412513256073,0.22922760248184204,0.99,1.39
308474,0.36412513256073,0.22922760248184204,0.99,1.39
308574,0.36412513256073,0.22922760248184204,0.99,1.39
308674,0.36412513256073,0.22922760248184204,0.97,1.39
308774,0.36412513256073,0.22922760248184204,0.98,1.39
308874,0.36412513256073,0.22922760248184204,0.97,1.39
308974,0.36412513256073,0.22922760248184204,0.96,1.39
309074,0.36412513256073,0.22922760248184204,0.96,1.39
309174,0.36412513256073,0.22922760248184204,0.97,1.39
309274,0.36412513256073,0.22922760248184204,0.97,1.39
309374,0.36412513256073,0.22922760248184204,0.96,1.39
309474,0.36412513256073,0.22922760248184204,0.96,1.39
309574,0.36412513256073,0.22922760248184204,0.96,1.39
309674,0.36412513256073,0.22922760248184204,0.96,1.39
309774,0.36412513256073,0.22922760248184204,0.94,1.39
309874,0.36412513256073,0.22922760248184204,0.93,1.39
309974,0.36412513256073,0.22922760248184204,0.92,1.39
310074,0.36412513256073,0.22922760248184204,0.93,1.39
310174,0.36412513256073,0.22922760248184204,0.92,1.39
310274,0.36412513256073,0.22922760248184204,0.94,1.39
310374,0.36412513256073,0.22922760248184204,0.94,1.39
310474,0.36412513256073,0.22922760248184204,0.92,1.39
310574,0.36412513256073,0.22922760248184204,0.91,1.39
310674,0.36412513256073,0.22922760248184204,0.91,1.39
310774,0.36412513256073,0.22922760248184204,0.92,1.39
310874,0.36412513256073,0.22922760248184204,0.95,1.39
310974,0.36412513256073,0.22922760248184204,0.96,1.39
311074,0.36412513256073,0.22922760248184204,0.97,1.39
311174,0.36412513256073,0.22922760248184204,0.96,1.39
311274,0.36412513256073,0.22922760248184204,0.94,1.39
311374,0.36412513256073,0.22922760248184204,0.93,1.39
311474,0.36412513256073,0.22922760248184204,0.91,1.39
311574,0.36412513256073,0.22922760248184204,0.9,1.39
311674,0.36412513256073,0.22922760248184204,0.89,1.39
311774,0.36412513256073,0.22922760248184204,0.88,1.39
311874,0.36412513256073,0.22922760248184204,0.87,1.39
311974,0.36412513256073,0.22922760248184204,0.87,1.39
312074,0.36412513256073,0.22922760248184204,0.88,1.39
312174,0.36412513256073,0.22922760248184204,0.88,1.39
312274,0.36412513256073,0.22922760248184204,0.87,1.39
312374,0.36412513256073,0.22922760248184204,0.87,1.39
312474,0.36412513256073,0.22922760248184204,0.88,1.39
312574,0.36412513256073,0.22922760248184204,0.9,1.39
312674,0.36412513256073,0.22922760248184204,0.9,1.39
312774,0.36412513256073,0.22922760248184204,0.9,1.39
312874,0.36412513256073,0.22922760248184204,0.89,1.39
312974,0.36412513256073,0.22922760248184204,0.89,1.39
313074,0.36412513256073,0.22922760248184204,0.91,1.39
313174,0.36412513256073,0.22922760248184204,0.92,1.39
313274,0.36412513256073,0.22922760248184204,0.92,1.39
313374,0.36412513256073,0.22922760248184204,0.92,1.39
313474,0.36412513256073,0.22922760248184204,0.92,1.39
313574,0.36412513256073,0.22922760248184204,0.91,1.39
313674,0.36412513256073,0.22922760248184204,0.91,1.39
313774,0.36412513256073,0.22922760248184204,0.92,1.39
313874,0.36412513256073,0.22922760248184204,0.91,1.39
313974,0.36412513256073,0.22922760248184204,0.9,1.39
314074,0.36412513256073,0.22922760248184204,0.92,1.39
314174,0.36412513256073,0.22922760248184204,0.92,1.39
314274,0.36412513256073,0.22922760248184204,0.92,1.39
314374,0.36412513256073,0.22922760248184204,0.92,1.39
314474,0.36412513256073,0.22922760248184204,0.93,1.39
314574,0.36412513256073,0.22922760248184204,0.95,1.39
314674,0.36412513256073,0.22922760248184204,0.95,1.39
314774,0.36412513256073,0.22922760248184204,0.95,1.39
314874,0.36412513256073,0.22922760248184204,0.94,1.39
314974,0.36412513256073,0.22922760248184204,0.94,1.39
315074,0.36412513256073,0.22922760248184204,0.94,1.39
315174,0.36412513256073,0.22922760248184204,0.94,1.39
315274,0.36412513256073,0.22922760248184204,0.95,1.39
315374,0.36412513256073,0.22922760248184204,0.95,1.39
315474,0.36412513256073,0.22922760248184204,0.95,1.39
315574,0.36412513256073,0.22922760248184204,0.94,1.39
315674,0.36412513256073,0.22922760248184204,0.95,1.39
315774,0.36412513256073,0.22922760248184204,0.94,1.39
315874,0.36412513256073,0.22922760248184204,0.94,1.39
315974,0.36412513256073,0.22922760248184204,0.94,1.39
316074,0.36412513256073,0.22922760248184204,0.93,1.39
316174,0.36412513256073,0.22922760248184204,0.92,1.39
316274,0.36412513256073,0.22922760248184204,0.92,1.39
316374,0.36412513256073,0.22922760248184204,0.94,1.39
316474,0.36412513256073,0.22922760248184204,0.93,1.39
316574,0.36412513256073,0.22922760248184204,0.93,1.39
316674,0.36412513256073,0.22922760248184204,0.93,1.39
316774,0.36412513256073,0.22922760248184204,0.96,1.39
316874,0.36412513256073,0.22922760248184204,0.96,1.39
316974,0.36412513256073,0.22922760248184204,0.96,1.39
317074,0.36412513256073,0.22922760248184204,0.96,1.39
317174,0.36412513256073,0.22922760248184204,0.96,1.39
317274,0.36412513256073,0.22922760248184204,0.97,1.39
317374,0.36412513256073,0.22922760248184204,0.98,1.39
317474,0.36412513256073,0.22922760248184204,0.99,1.39
317574,0.36412513256073,0.22922760248184204,0.99,1.39
317674,0.36412513256073,0.22922760248184204,0.98,1.39
317774,0.36412513256073,0.22922760248184204,0.96,1.39
317874,0.36412513256073,0.22922760248184204,0.98,1.39
317974,0.36412513256073,0.22922760248184204,0.97,1.39
318074,0.36412513256073,0.22922760248184204,0.98,1.39
318174,0.36412513256073,0.22922760248184204,0.98,1.39
318274,0.36412513256073,0.22922760248184204,0.98,1.39
318374,0.36412513256073,0.22922760248184204,0.97,1.39
318474,0.36412513256073,0.22922760248184204,0.97,1.39
318574,0.36412513256073,0.22922760248184204,0.96,1.39
318674,0.36412513256073,0.22922760248184204,0.97,1.39
318774,0.36412513256073,0.22922760248184204,0.97,1.39
318874,0.36412513256073,0.22922760248184204,0.96,1.39
318974,0.36412513256073,0.22922760248184204,0.96,1.39
319074,0.36412513256073,0.22922760248184204,0.97,1.39
319174,0.36412513256073,0.22922760248184204,0.98,1.39
319274,0.36412513256073,0.22922760248184204,0.98,1.39
319374,0.36412513256073,0.22922760248184204,0.98,1.39
319474,0.36412513256073,0.22922760248184204,0.97,1.39
319574,0.36412513256073,0.22922760248184204,0.96,1.39
319674,0.36412513256073,0.22922760248184204,0.96,1.39
319774,0.36412513256073,0.22922760248184204,0.95,1.39
319874,0.36412513256073,0.22922760248184204,0.94,1.39
319974,0.36412513256073,0.22922760248184204,0.94,1.39
320074,0.36412513256073,0.22922760248184204,0.95,1.39
320174,0.36412513256073,0.22922760248184204,0.95,1.39
320274,0.36412513256073,0.22922760248184204,0.93,1.39
320374,0.36412513256073,0.22922760248184204,0.94,1.39
320474,0.36412513256073,0.22922760248184204,0.95,1.39
320574,0.36412513256073,0.22922760248184204,0.95,1.39
320674,0.36412513256073,0.22922760248184204,0.95,1.39
320774,0.36412513256073,0.22922760248184204,0.93,1.39
320874,0.36412513256073,0.22922760248184204,0.94,1.39
320974,0.36412513256073,0.22922760248184204,0.92,1.39
321074,0.36412513256073,0.22922760248184204,0.93,1.39
321174,0.36412513256073,0.22922760248184204,0.93,1.39
321274,0.36412513256073,0.22922760248184204,0.93,1.39
321374,0.36412513256073,0.22922760248184204,0.92,1.39
321474,0.36412513256073,0.22922760248184204,0.93,1.39
321574,0.36412513256073,0.22922760248184204,0.94,1.39
321674,0.36412513256073,0.22922760248184204,0.94,1.39
321774,0.36412513256073,0.22922760248184204,0.93,1.39
321874,0.36412513256073,0.22922760248184204,0.94,1.39
321974,0.36412513256073,0.22922760248184204,0.93,1.39
322074,0.36412513256073,0.22922760248184204,0.95,1.39
322174,0.36412513256073,0.22922760248184204,0.94,1.39
322274,0.36412513256073,0.22922760248184204,0.94,1.39
322374,0.36412513256073,0.22922760248184204,0.94,1.39
322474,0.36412513256073,0.22922760248184204,0.93,1.39
322574,0.36412513256073,0.22922760248184204,0.92,1.39
322674,0.36412513256073,0.22922760248184204,0.94,1.39
322774,0.36412513256073,0.22922760248184204,0.94,1.39
322874,0.36412513256073,0.22922760248184204,0.94,1.39
322974,0.36412513256073,0.22922760248184204,0.92,1.39
323074,0.36412513256073,0.22922760248184204,0.91,1.39
323174,0.36412513256073,0.22922760248184204,0.91,1.39
323274,0.36412513256073,0.22922760248184204,0.91,1.39
351174,0.36412513256073,0.22922760248184204,0.01,1.46
351274,0.36412513256073,0.22922760248184204,0.01,1.46
351374,0.36412513256073,0.22922760248184204,0.01,1.46
351474,0.36412513256073,0.22922760248184204,0.01,1.46
351574,0.36412513256073,0.22922760248184204,0.01,1.46
351674,0.36412513256073,0.22922760248184204,0.01,1.46
351774,0.36412513256073,0.22922760248184204,0.01,1.46
351874,0.36412513256073,0.22922760248184204,0.01,1.46
351974,0.36412513256073,0.22922760248184204,0.01,1.46
352074,0.36412513256073,0.22922760248184204,0.01,1.46
352174,0.36412513256073,0.22922760248184204,0.01,1.46
352274,0.36412513256073,0.22922760248184204,0.01,1.46
352374,0.36412513256073,0.22922760248184204,0.01,1.46
352474,0.36412513256073,0.22922760248184204,0.01,1.46
352574,0.36412513256073,0.22922760248184204,0.01,1.46
352674,0.36412513256073,0.22922760248184204,0.01,1.46
352774,0.36412513256073,0.22922760248184204,0.01,1.46
352874,0.36412513256073,0.22922760248184204,0.01,1.46
352974,0.36412513256073,0.22922760248184204,0.01,1.46
353074,0.36412513256073,0.22922760248184204,0.01,1.46
353174,0.36412513256073,0.22922760248184204,0.01,1.46
353274,0.36412513256073,0.22922760248184204,0.01,1.46
353374,0.36412513256073,0.22922760248184204,0.01,1.46
353474,0.36412513256073,0.22922760248184204,0.01,1.46
353574,0.36412513256073,0.22922760248184204,0.01,1.46
353674,0.36412513256073,0.22922760248184204,0.01,1.46
353774,0.36412513256073,0.22922760248184204,0.01,1.46
353874,0.36412513256073,0.22922760248184204,0.01,1.46
353974,0.36412513256073,0.22922760248184204,0.01,1.46
354074,0.36412513256073,0.22922760248184204,0.01,1.46
354174,0.36412513256073,0.22922760248184204,0.01,1.46
354274,0.36412513256073,0.22922760248184204,0.01,1.46
354374,0.36412513256073,0.22922760248184204,0.01,1.46
354474,0.36412513256073,0.22922760248184204,0.01,1.46
354574,0.36412513256073,0.22922760248184204,0.01,1.46
354674,0.36412513256073,0.22922760248184204,0.01,1.46
354774,0.36412513256073,0.22922760248184204,0.01,1.46
354874,0.36412513256073,0.22922760248184204,0.01,1.46
354974,0.36412513256073,0.22922760248184204,0.01,1.46
355074,0.36412513256073,0.22922760248184204,0.01,1.46
355174,0.36412513256073,0.22922760248184204,0.01,1.46
355274,0.36412513256073,0.22922760248184204,0.01,1.46
355374,0.36412513256073,0.22922760248184204,0.01,1.46
355474,0.36412513256073,0.22922760248184204,0.01,1.46
355574,0.36412513256073,0.22922760248184204,0.01,1.46
355674,0.36412513256073,0.22922760248184204,0.01,1.46
355774,0.36412513256073,0.22922760248184204,0.01,1.46
355874,0.36412513256073,0.22922760248184204,0.01,1.46
355974,0.36412513256073,0.22922760248184204,0.01,1.46
356074,0.36412513256073,0.22922760248184204,0.01,1.46
356174,0.36412513256073,0.22922760248184204,0.01,1.46
356274,0.36412513256073,0.22922760248184204,0.01,1.46
356374,0.36412513256073,0.22922760248184204,0.01,1.46
356474,0.36412513256073,0.22922760248184204,0.01,1.46
356574,0.36412513256073,0.22922760248184204,0.01,1.46
356674,0.36412513256073,0.22922760248184204,0.01,1.46
356774,0.36412513256073,0.22922760248184204,0.01,1.46
356874,0.36412513256073,0.22922760248184204,0.01,1.46
356974,0.36412513256073,0.22922760248184204,0.01,1.46
357074,0.36412513256073,0.22922760248184204,0.01,1.46
357174,0.36412513256073,0.22922760248184204,0.01,1.46
357274,0.36412513256073,0.22922760248184204,0.01,1.46
357374,0.36412513256073,0.22922760248184204,0.01,1.46
357474,0.36412513256073,0.22922760248184204,0.01,1.46
357574,0.36412513256073,0.22922760248184204,0.01,1.46
357674,0.36412513256073,0.22922760248184204,0.01,1.46
357774,0.36412513256073,0.22922760248184204,0.01,1.46
357874,0.36412513256073,0.22922760248184204,0.01,1.46
357974,0.36412513256073,0.22922760248184204,0.01,1.46
358074,0.36412513256073,0.22922760248184204,0.01,1.46
358174,0.36412513256073,0.22922760248184204,0.01,1.46
358274,0.36412513256073,0.22922760248184204,0.01,1.46
358374,0.36412513256073,0.22922760248184204,0.01,1.46
358474,0.36412513256073,0.22922760248184204,0.01,1.46
358574,0.36412513256073,0.22922760248184204,0.01,1.46
358674,0.36412513256073,0.22922760248184204,0.01,1.46
358774,0.36412513256073,0.22922760248184204,0.01,1.46
358874,0.36412513256073,0.22922760248184204,0.01,1.46
358974,0.36412513256073,0.22922760248184204,0.01,1.46
359074,0.36412513256073,0.22922760248184204,0.01,1.46
359174,0.36412513256073,0.22922760248184204,0.01,1.46
359274,0.36412513256073,0.22922760248184204,0.01,1.46
359374,0.36412513256073,0.22922760248184204,0.01,1.46
359474,0.36412513256073,0.22922760248184204,0.01,1.46
359574,0.36412513256073,0.22922760248184204,0.01,1.46
359674,0.36412513256073,0.22922760248184204,0.01,1.46
359774,0.36412513256073,0.22922760248184204,0.01,1.46
359874,0.36412513256073,0.22922760248184204,0.01,1.46
359974,0.36412513256073,0.22922760248184204,0.01,1.46
360074,0.36412513256073,0.22922760248184204,0.01,1.46
360174,0.36412513256073,0.22922760248184204,0.01,1.46
360274,0.36412513256073,0.22922760248184204,0.01,1.46
360374,0.36412513256073,0.22922760248184204,0.01,1.46
360474,0.36412513256073,0.22922760248184204,0.01,1.46
360574,0.36412513256073,0.22922760248184204,0.01,1.46
360674,0.36412513256073,0.22922760248184204,0.01,1.46
360774,0.36412513256073,0.22922760248184204,0.01,1.46
360874,0.36412513256073,0.22922760248184204,0.01,1.46
360974,0.36412513256073,0.22922760248184204,0.01,1.46
361074,0.36412513256073,0.22922760248184204,0.01,1.46
361174,0.36412513256073,0.22922760248184204,0.01,1.46
361274,0.36412513256073,0.22922760248184204,0.01,1.46
361374,0.36412513256073,0.22922760248184204,0.01,1.46
361474,0.36412513256073,0.22922760248184204,0.01,1.46
361574,0.36412513256073,0.22922760248184204,0.01,1.46
361674,0.36412513256073,0.22922760248184204,0.01,1.46
361774,0.36412513256073,0.22922760248184204,0.01,1.46
361874,0.36412513256073,0.22922760248184204,0.01,1.46
361974,0.36412513256073,0.22922760248184204,0.01,1.46
362074,0.36412513256073,0.22922760248184204,0.01,1.46
362174,0.36412513256073,0.22922760248184204,0.01,1.46
362274,0.36412513256073,0.22922760248184204,0.01,1.46
362374,0.36412513256073,0.22922760248184204,0.01,1.46
362474,0.36412513256073,0.22922760248184204,0.01,1.46
362574,0.36412513256073,0.22922760248184204,0.01,1.46
362674,0.36412513256073,0.22922760248184204,0.01,1.46
362774,0.36412513256073,0.22922760248184204,0.01,1.46
362874,0.36412513256073,0.22922760248184204,0.01,1.46
362974,0.36412513256073,0.22922760248184204,0.01,1.46
363074,0.36412513256073,0.22922760248184204,0.01,1.46
363174,0.36412513256073,0.22922760248184204,0.01,1.46
363274,0.36412513256073,0.22922760248184204,0.01,1.46
363374,0.36412513256073,0.22922760248184204,0.01,1.46
363474,0.36412513256073,0.22922760248184204,0.01,1.46
363574,0.36412513256073,0.22922760248184204,0.01,1.46
363674,0.36412513256073,0.22922760248184204,0.01,1.46
363774,0.36412513256073,0.22922760248184204,0.01,1.46
363874,0.36412513256073,0.22922760248184204,0.01,1.46
363974,0.36412513256073,0.22922760248184204,0.01,1.46
364074,0.36412513256073,0.22922760248184204,0.01,1.46
364174,0.36412513256073,0.22922760248184204,0.01,1.46
364274,0.36412513256073,0.22922760248184204,0.01,1.46
364374,0.36412513256073,0.22922760248184204,0.01,1.46
364474,0.36412513256073,0.22922760248184204,0.01,1.46
364574,0.36412513256073,0.22922760248184204,0.01,1.46
364674,0.36412513256073,0.22922760248184204,0.01,1.46
364774,0.36412513256073,0.22922760248184204,0.01,1.46
364874,0.36412513256073,0.22922760248184204,0.01,1.46
364974,0.36412513256073,0.22922760248184204,0.01,1.46
365074,0.36412513256073,0.22922760248184204,0.01,1.46
365174,0.36412513256073,0.22922760248184204,0.01,1.46
365274,0.36412513256073,0.22922760248184204,0.01,1.46
365374,0.36412513256073,0.22922760248184204,0.01,1.46
365474,0.36412513256073,0.22922760248184204,0.01,1.46
365574,0.36412513256073,0.22922760248184204,0.01,1.46
365674,0.36412513256073,0.22922760248184204,0.01,1.46
365774,0.36412513256073,0.22922760248184204,0.01,1.46
365874,0.36412513256073,0.22922760248184204,0.01,1.46
365974,0.36412513256073,0.22922760248184204,0.01,1.46
366074,0.36412513256073,0.22922760248184204,0.01,1.46
366174,0.36412513256073,0.22922760248184204,0.01,1.46
366274,0.36412513256073,0.22922760248184204,0.01,1.46
366374,0.36412513256073,0.22922760248184204,0.01,1.46
366474,0.36412513256073,0.22922760248184204,0.01,1.46
366574,0.36412513256073,0.22922760248184204,0.01,1.46
366674,0.36412513256073,0.22922760248184204,0.01,1.46
366774,0.36412513256073,0.22922760248184204,0.01,1.46
366874,0.36412513256073,0.22922760248184204,0.01,1.46
366974,0.36412513256073,0.22922760248184204,0.01,1.46
367074,0.36412513256073,0.22922760248184204,0.01,1.46
367174,0.36412513256073,0.22922760248184204,0.01,1.46
367274,0.36412513256073,0.22922760248184204,0.01,1.46
367374,0.36412513256073,0.22922760248184204,0.01,1.46
367474,0.36412513256073,0.22922760248184204,0.01,1.46
367574,0.36412513256073,0.22922760248184204,0.01,1.46
367674,0.36412513256073,0.22922760248184204,0.01,1.46
367774,0.36412513256073,0.22922760248184204,0.01,1.46
367874,0.36412513256073,0.22922760248184204,0.01,1.46
367974,0.36412513256073,0.22922760248184204,0.01,1.46
368074,0.36412513256073,0.22922760248184204,0.01,1.46
368174,0.36412513256073,0.22922760248184204,0.01,1.46
368274,0.36412513256073,0.22922760248184204,0.01,1.46
368374,0.36412513256073,0.22922760248184204,0.01,1.46
368474,0.36412513256073,0.22922760248184204,0.01,1.46
368574,0.36412513256073,0.22922760248184204,0.01,1.46
368674,0.36412513256073,0.22922760248184204,0.01,1.46
368774,0.36412513256073,0.22922760248184204,0.01,1.46
368874,0.36412513256073,0.22922760248184204,0.01,1.46
368974,0.36412513256073,0.22922760248184204,0.01,1.46
369074,0.36412513256073,0.22922760248184204,0.01,1.46
369174,0.36412513256073,0.22922760248184204,0.01,1.46
369274,0.36412513256073,0.22922760248184204,0.01,1.46
369374,0.36412513256073,0.22922760248184204,0.01,1.46
369474,0.36412513256073,0.22922760248184204,0.01,1.46
369574,0.36412513256073,0.22922760248184204,0.01,1.46
369674,0.36412513256073,0.22922760248184204,0.01,1.46
369774,0.36412513256073,0.22922760248184204,0.01,1.46
369874,0.36412513256073,0.22922760248184204,0.01,1.46
369974,0.36412513256073,0.22922760248184204,0.01,1.46
370074,0.36412513256073,0.22922760248184204,0.01,1.46
370174,0.36412513256073,0.22922760248184204,0.01,1.46
370274,0.36412513256073,0.22922760248184204,0.01,1.46
370374,0.36412513256073,0.22922760248184204,0.01,1.46
370474,0.36412513256073,0.22922760248184204,0.01,1.46
370574,0.36412513256073,0.22922760248184204,0.01,1.46
370674,0.36412513256073,0.22922760248184204,0.01,1.46
370774,0.36412513256073,0.22922760248184204,0.01,1.46
370874,0.36412513256073,0.22922760248184204,0.01,1.46
370974,0.36412513256073,0.22922760248184204,0.01,1.46
371074,0.36412513256073,0.22922760248184204,0.01,1.46
371174,0.36412513256073,0.22922760248184204,0.01,1.46
371274,0.36412513256073,0.22922760248184204,0.01,1.46
371374,0.36412513256073,0.22922760248184204,0.01,1.46
371474,0.36412513256073,0.22922760248184204,0.01,1.46
371574,0.36412513256073,0.22922760248184204,0.01,1.46
371674,0.36412513256073,0.22922760248184204,0.01,1.46
371774,0.36412513256073,0.22922760248184204,0.01,1.46
371874,0.36412513256073,0.22922760248184204,0.01,1.46
371974,0.36412513256073,0.22922760248184204,0.01,1.46
372074,0.36412513256073,0.22922760248184204,0.01,1.46
372174,0.36412513256073,0.22922760248184204,0.01,1.46
372274,0.36412513256073,0.22922760248184204,0.01,1.46
372374,0.36412513256073,0.22922760248184204,0.01,1.46
372474,0.36412513256073,0.22922760248184204,0.01,1.46
372574,0.36412513256073,0.22922760248184204,0.01,1.46
372674,0.36412513256073,0.22922760248184204,0.01,1.46
372774,0.36412513256073,0.22922760248184204,0.01,1.46
372874,0.36412513256073,0.22922760248184204,0.01,1.46
372974,0.36412513256073,0.22922760248184204,0.01,1.46
373074,0.36412513256073,0.22922760248184204,0.01,1.46
373174,0.36412513256073,0.22922760248184204,0.01,1.46
373274,0.36412513256073,0.22922760248184204,0.01,1.46
373374,0.36412513256073,0.22922760248184204,0.01,1.46
373474,0.36412513256073,0.22922760248184204,0.01,1.46
373574,0.36412513256073,0.22922760248184204,0.01,1.46
373674,0.36412513256073,0.22922760248184204,0.01,1.46
373774,0.36412513256073,0.22922760248184204,0.01,1.46
373874,0.36412513256073,0.22922760248184204,0.01,1.46
373974,0.36412513256073,0.22922760248184204,0.01,1.46
374074,0.36412513256073,0.22922760248184204,0.01,1.46
374174,0.36412513256073,0.22922760248184204,0.01,1.46
374274,0.36412513256073,0.22922760248184204,0.01,1.46
374374,0.36412513256073,0.22922760248184204,0.01,1.46
374474,0.36412513256073,0.22922760248184204,0.01,1.46
374574,0.36412513256073,0.22922760248184204,0.01,1.46
374674,0.36412513256073,0.22922760248184204,0.01,1.46
374774,0.36412513256073,0.22922760248184204,0.01,1.46
374874,0.36412513256073,0.22922760248184204,0.01,1.46
374974,0.36412513256073,0.22922760248184204,0.01,1.46
375074,0.36412513256073,0.22922760248184204,0.01,1.46
375174,0.36412513256073,0.22922760248184204,0.01,1.46
375274,0.36412513256073,0.22922760248184204,0.01,1.46
375374,0.36412513256073,0.22922760248184204,0.01,1.46
375474,0.36412513256073,0.22922760248184204,0.01,1.46
375574,0.36412513256073,0.22922760248184204,0.01,1.46
375674,0.36412513256073,0.22922760248184204,0.01,1.46
375774,0.36412513256073,0.22922760248184204,0.01,1.46
375874,0.36412513256073,0.22922760248184204,0.01,1.46
375974,0.36412513256073,0.22922760248184204,0.01,1.46
376074,0.36412513256073,0.22922760248184204,0.01,1.46
376174,0.36412513256073,0.22922760248184204,0.01,1.46
376274,0.36412513256073,0.22922760248184204,0.01,1.46
376374,0.36412513256073,0.22922760248184204,0.01,1.46
376474,0.36412513256073,0.22922760248184204,0.01,1.46
376574,0.36412513256073,0.22922760248184204,0.01,1.46
376674,0.36412513256073,0.22922760248184204,0.01,1.46
376774,0.36412513256073,0.22922760248184204,0.01,1.46
376874,0.36412513256073,0.22922760248184204,0.01,1.46
376974,0.36412513256073,0.22922760248184204,0.01,1.46
377074,0.36412513256073,0.22922760248184204,0.01,1.46
377174,0.36412513256073,0.22922760248184204,0.01,1.46
377274,0.36412513256073,0.22922760248184204,0.01,1.46
377374,0.36412513256073,0.22922760248184204,0.01,1.46
377474,0.36412513256073,0.22922760248184204,0.01,1.46
377574,0.36412513256073,0.22922760248184204,0.01,1.46
377674,0.36412513256073,0.22922760248184204,0.01,1.46
377774,0.36412513256073,0.22922760248184204,0.01,1.46
377874,0.36412513256073,0.22922760248184204,0.01,1.46
377974,0.36412513256073,0.22922760248184204,0.01,1.46
378074,0.36412513256073,0.22922760248184204,0.01,1.46
378174,0.36412513256073,0.22922760248184204,0.01,1.46
378274,0.36412513256073,0.22922760248184204,0.01,1.46
378374,0.36412513256073,0.22922760248184204,0.01,1.46
378474,0.36412513256073,0.22922760248184204,0.01,1.46
378574,0.36412513256073,0.22922760248184204,0.01,1.46
378674,0.36412513256073,0.22922760248184204,0.01,1.46
378774,0.36412513256073,0.22922760248184204,0.01,1.46
378874,0.36412513256073,0.22922760248184204,0.01,1.46
406774,0.36412513256073,0.22922760248184204,0.01,1.53
406874,0.36412513256073,0.22922760248184204,0.01,1.53
406974,0.36412513256073,0.22922760248184204,0.01,1.53
407074,0.36412513256073,0.22922760248184204,0.01,1.53
407174,0.36412513256073,0.22922760248184204,0.01,1.53
407274,0.36412513256073,0.22922760248184204,0.01,1.53
407374,0.36412513256073,0.22922760248184204,0.01,1.53
407474,0.36412513256073,0.22922760248184204,0.01,1.53
407574,0.36412513256073,0.22922760248184204,0.01,1.53
407674,0.36412513256073,0.22922760248184204,0.01,1.53
407774,0.36412513256073,0.22922760248184204,0.01,1.53
407874,0.36412513256073,0.22922760248184204,0.01,1.53
407974,0.36412513256073,0.22922760248184204,0.01,1.53
408074,0.36412513256073,0.22922760248184204,0.01,1.53
408174,0.36412513256073,0.22922760248184204,0.01,1.53
408274,0.36412513256073,0.22922760248184204,0.01,1.53
408374,0.36412513256073,0.22922760248184204,0.01,1.53
408474,0.36412513256073,0.22922760248184204,0.01,1.53
408574,0.36412513256073,0.22922760248184204,0.01,1.53
408674,0.36412513256073,0.22922760248184204,0.01,1.53
408774,0.36412513256073,0.22922760248184204,0.01,1.53
408874,0.36412513256073,0.22922760248184204,0.01,1.53
408974,0.36412513256073,0.22922760248184204,0.01,1.53
409074,0.36412513256073,0.22922760248184204,0.01,1.53
409174,0.36412513256073,0.22922760248184204,0.01,1.53
409274,0.36412513256073,0.22922760248184204,0.01,1.53
409374,0.36412513256073,0.22922760248184204,0.01,1.53
409474,0.36412513256073,0.22922760248184204,0.01,1.53
409574,0.36412513256073,0.22922760248184204,0.01,1.53
409674,0.36412513256073,0.22922760248184204,0.01,1.53
409774,0.36412513256073,0.22922760248184204,0.01,1.53
409874,0.36412513256073,0.22922760248184204,0.01,1.53
409974,0.36412513256073,0.22922760248184204,0.01,1.53
410074,0.36412513256073,0.22922760248184204,0.01,1.53
410174,0.36412513256073,0.22922760248184204,0.01,1.53
410274,0.36412513256073,0.22922760248184204,0.01,1.53
410374,0.36412513256073,0.22922760248184204,0.01,1.53
410474,0.36412513256073,0.22922760248184204,0.01,1.53
410574,0.36412513256073,0.22922760248184204,0.01,1.53
410674,0.36412513256073,0.22922760248184204,0.01,1.53
410774,0.36412513256073,0.22922760248184204,0.01,1.53
410874,0.36412513256073,0.22922760248184204,0.01,1.53
410974,0.36412513256073,0.22922760248184204,0.01,1.53
411074,0.36412513256073,0.22922760248184204,0.01,1.53
411174,0.36412513256073,0.22922760248184204,0.01,1.53
411274,0.36412513256073,0.22922760248184204,0.01,1.53
411374,0.36412513256073,0.22922760248184204,0.01,1.53
411474,0.36412513256073,0.22922760248184204,0.01,1.53
411574,0.36412513256073,0.22922760248184204,0.01,1.53
411674,0.36412513256073,0.22922760248184204,0.01,1.53
411774,0.36412513256073,0.22922760248184204,0.01,1.53
411874,0.36412513256073,0.22922760248184204,0.01,1.53
411974,0.36412513256073,0.22922760248184204,0.01,1.53
412074,0.36412513256073,0.22922760248184204,0.01,1.53
412174,0.36412513256073,0.22922760248184204,0.01,1.53
412274,0.36412513256073,0.22922760248184204,0.01,1.53
412374,0.36412513256073,0.22922760248184204,0.01,1.53
412474,0.36412513256073,0.22922760248184204,0.01,1.53
412574,0.36412513256073,0.22922760248184204,0.01,1.53
412674,0.36412513256073,0.22922760248184204,0.01,1.53
412774,0.36412513256073,0.22922760248184204,0.01,1.53
412874,0.36412513256073,0.22922760248184204,0.01,1.53
412974,0.36412513256073,0.22922760248184204,0.01,1.53
413074,0.36412513256073,0.22922760248184204,0.01,1.53
413174,0.36412513256073,0.22922760248184204,0.01,1.53
413274,0.36412513256073,0.22922760248184204,0.01,1.53
413374,0.36412513256073,0.22922760248184204,0.01,1.53
413474,0.36412513256073,0.22922760248184204,0.01,1.53
413574,0.36412513256073,0.22922760248184204,0.01,1.53
413674,0.36412513256073,0.22922760248184204,0.01,1.53
413774,0.36412513256073,0.22922760248184204,0.01,1.53
413874,0.36412513256073,0.22922760248184204,0.01,1.53
413974,0.36412513256073,0.22922760248184204,0.01,1.53
414074,0.36412513256073,0.22922760248184204,0.01,1.53
414174,0.36412513256073,0.22922760248184204,0.01,1.53
414274,0.36412513256073,0.22922760248184204,0.01,1.53
414374,0.36412513256073,0.22922760248184204,0.01,1.53
414474,0.36412513256073,0.22922760248184204,0.01,1.53
414574,0.36412513256073,0.22922760248184204,0.01,1.53
414674,0.36412513256073,0.22922760248184204,0.01,1.53
414774,0.36412513256073,0.22922760248184204,0.01,1.53
414874,0.36412513256073,0.22922760248184204,0.01,1.53
414974,0.36412513256073,0.22922760248184204,0.01,1.53
415074,0.36412513256073,0.22922760248184204,0.01,1.53
415174,0.36412513256073,0.22922760248184204,0.01,1.53
415274,0.36412513256073,0.22922760248184204,0.01,1.53
415374,0.36412513256073,0.22922760248184204,0.01,1.53
415474,0.36412513256073,0.22922760248184204,0.01,1.53
415574,0.36412513256073,0.22922760248184204,0.01,1.53
415674,0.36412513256073,0.22922760248184204,0.01,1.53
415774,0.36412513256073,0.22922760248184204,0.01,1.53
415874,0.36412513256073,0.22922760248184204,0.01,1.53
415974,0.36412513256073,0.22922760248184204,0.01,1.53
416074,0.36412513256073,0.22922760248184204,0.01,1.53
416174,0.36412513256073,0.22922760248184204,0.01,1.53
416274,0.36412513256073,0.22922760248184204,0.01,1.53
416374,0.36412513256073,0.22922760248184204,0.01,1.53
416474,0.36412513256073,0.22922760248184204,0.01,1.53
416574,0.36412513256073,0.22922760248184204,0.01,1.53
416674,0.36412513256073,0.22922760248184204,0.01,1.53
416774,0.36412513256073,0.22922760248184204,0.01,1.53
416874,0.36412513256073,0.22922760248184204,0.01,1.53
416974,0.36412513256073,0.22922760248184204,0.01,1.53
417074,0.36412513256073,0.22922760248184204,0.01,1.53
417174,0.36412513256073,0.22922760248184204,0.01,1.53
417274,0.36412513256073,0.22922760248184204,0.01,1.53
417374,0.36412513256073,0.22922760248184204,0.01,1.53
417474,0.36412513256073,0.22922760248184204,0.01,1.53
417574,0.36412513256073,0.22922760248184204,0.01,1.53
417674,0.36412513256073,0.22922760248184204,0.01,1.53
417774,0.36412513256073,0.22922760248184204,0.01,1.53
417874,0.36412513256073,0.22922760248184204,0.01,1.53
417974,0.36412513256073,0.22922760248184204,0.01,1.53
418074,0.36412513256073,0.22922760248184204,0.01,1.53
418174,0.36412513256073,0.22922760248184204,0.01,1.53
418274,0.36412513256073,0.22922760248184204,0.01,1.53
418374,0.36412513256073,0.22922760248184204,0.01,1.53
418474,0.36412513256073,0.22922760248184204,0.01,1.53
418574,0.36412513256073,0.22922760248184204,0.01,1.53
418674,0.36412513256073,0.22922760248184204,0.01,1.53
418774,0.36412513256073,0.22922760248184204,0.01,1.53
418874,0.36412513256073,0.22922760248184204,0.01,1.53
418974,0.36412513256073,0.22922760248184204,0.01,1.53
419074,0.36412513256073,0.22922760248184204,0.01,1.53
419174,0.36412513256073,0.22922760248184204,0.01,1.53
419274,0.36412513256073,0.22922760248184204,0.01,1.53
419374,0.36412513256073,0.22922760248184204,0.01,1.53
419474,0.36412513256073,0.22922760248184204,0.01,1.53
419574,0.36412513256073,0.22922760248184204,0.01,1.53
419674,0.36412513256073,0.22922760248184204,0.01,1.53
419774,0.36412513256073,0.22922760248184204,0.01,1.53
419874,0.36412513256073,0.22922760248184204,0.01,1.53
419974,0.36412513256073,0.22922760248184204,0.01,1.53
420074,0.36412513256073,0.22922760248184204,0.01,1.53
420174,0.36412513256073,0.22922760248184204,0.01,1.53
420274,0.36412513256073,0.22922760248184204,0.01,1.53
420374,0.36412513256073,0.22922760248184204,0.01,1.53
420474,0.36412513256073,0.22922760248184204,0.01,1.53
420574,0.36412513256073,0.22922760248184204,0.01,1.53
420674,0.36412513256073,0.22922760248184204,0.01,1.53
420774,0.36412513256073,0.22922760248184204,0.01,1.53
420874,0.36412513256073,0.22922760248184204,0.01,1.53
420974,0.36412513256073,0.22922760248184204,0.01,1.53
421074,0.36412513256073,0.22922760248184204,0.01,1.53
421174,0.36412513256073,0.22922760248184204,0.01,1.53
421274,0.36412513256073,0.22922760248184204,0.01,1.53
421374,0.36412513256073,0.22922760248184204,0.01,1.53
421474,0.36412513256073,0.22922760248184204,0.01,1.53
421574,0.36412513256073,0.22922760248184204,0.01,1.53
421674,0.36412513256073,0.22922760248184204,0.01,1.53
421774,0.36412513256073,0.22922760248184204,0.01,1.53
421874,0.36412513256073,0.22922760248184204,0.01,1.53
421974,0.36412513256073,0.22922760248184204,0.01,1.53
422074,0.36412513256073,0.22922760248184204,0.01,1.53
422174,0.36412513256073,0.22922760248184204,0.01,1.53
422274,0.36412513256073,0.22922760248184204,0.01,1.53
422374,0.36412513256073,0.22922760248184204,0.01,1.53
422474,0.36412513256073,0.22922760248184204,0.01,1.53
422574,0.36412513256073,0.22922760248184204,0.01,1.53
422674,0.36412513256073,0.22922760248184204,0.01,1.53
422774,0.36412513256073,0.22922760248184204,0.01,1.53
422874,0.36412513256073,0.22922760248184204,0.01,1.53
422974,0.36412513256073,0.22922760248184204,0.01,1.53
423074,0.36412513256073,0.22922760248184204,0.01,1.53
423174,0.36412513256073,0.22922760248184204,0.01,1.53
423274,0.36412513256073,0.22922760248184204,0.01,1.53
423374,0.36412513256073,0.22922760248184204,0.01,1.53
423474,0.36412513256073,0.22922760248184204,0.01,1.53
423574,0.36412513256073,0.22922760248184204,0.01,1.53
423674,0.36412513256073,0.22922760248184204,0.01,1.53
423774,0.36412513256073,0.22922760248184204,0.01,1.53
423874,0.36412513256073,0.22922760248184204,0.01,1.53
423974,0.36412513256073,0.22922760248184204,0.01,1.53
424074,0.36412513256073,0.22922760248184204,0.01,1.53
424174,0.36412513256073,0.22922760248184204,0.01,1.53
424274,0.36412513256073,0.22922760248184204,0.01,1.53
424374,0.36412513256073,0.22922760248184204,0.01,1.53
424474,0.36412513256073,0.22922760248184204,0.01,1.53
424574,0.36412513256073,0.22922760248184204,0.01,1.53
424674,0.36412513256073,0.22922760248184204,0.01,1.53
424774,0.36412513256073,0.22922760248184204,0.01,1.53
424874,0.36412513256073,0.22922760248184204,0.01,1.53
424974,0.36412513256073,0.22922760248184204,0.01,1.53
425074,0.36412513256073,0.22922760248184204,0.01,1.53
425174,0.36412513256073,0.22922760248184204,0.01,1.53
425274,0.36412513256073,0.22922760248184204,0.01,1.53
425374,0.36412513256073,0.22922760248184204,0.01,1.53
425474,0.36412513256073,0.22922760248184204,0.01,1.53
425574,0.36412513256073,0.22922760248184204,0.01,1.53
425674,0.36412513256073,0.22922760248184204,0.01,1.53
425774,0.36412513256073,0.22922760248184204,0.01,1.53
425874,0.36412513256073,0.22922760248184204,0.01,1.53
425974,0.36412513256073,0.22922760248184204,0.01,1.53
426074,0.36412513256073,0.22922760248184204,0.01,1.53
426174,0.36412513256073,0.22922760248184204,0.01,1.53
426274,0.36412513256073,0.22922760248184204,0.01,1.53
426374,0.36412513256073,0.22922760248184204,0.01,1.53
426474,0.36412513256073,0.22922760248184204,0.01,1.53
426574,0.36412513256073,0.22922760248184204,0.01,1.53
426674,0.36412513256073,0.22922760248184204,0.01,1.53
426774,0.36412513256073,0.22922760248184204,0.01,1.53
426874,0.36412513256073,0.22922760248184204,0.01,1.53
426974,0.36412513256073,0.22922760248184204,0.01,1.53
427074,0.36412513256073,0.22922760248184204,0.01,1.53
427174,0.36412513256073,0.22922760248184204,0.01,1.53
427274,0.36412513256073,0.22922760248184204,0.01,1.53
427374,0.36412513256073,0.22922760248184204,0.01,1.53
427474,0.36412513256073,0.22922760248184204,0.01,1.53
427574,0.36412513256073,0.22922760248184204,0.01,1.53
427674,0.36412513256073,0.22922760248184204,0.01,1.53
427774,0.36412513256073,0.22922760248184204,0.01,1.53
427874,0.36412513256073,0.22922760248184204,0.01,1.53
427974,0.36412513256073,0.22922760248184204,0.01,1.53
428074,0.36412513256073,0.22922760248184204,0.01,1.53
428174,0.36412513256073,0.22922760248184204,0.01,1.53
428274,0.36412513256073,0.22922760248184204,0.01,1.53
428374,0.36412513256073,0.22922760248184204,0.01,1.53
428474,0.36412513256073,0.22922760248184204,0.01,1.53
428574,0.36412513256073,0.22922760248184204,0.01,1.53
428674,0.36412513256073,0.22922760248184204,0.01,1.53
428774,0.36412513256073,0.22922760248184204,0.01,1.53
428874,0.36412513256073,0.22922760248184204,0.01,1.53
428974,0.36412513256073,0.22922760248184204,0.01,1.53
429074,0.36412513256073,0.22922760248184204,0.01,1.53
429174,0.36412513256073,0.22922760248184204,0.01,1.53
429274,0.36412513256073,0.22922760248184204,0.01,1.53
429374,0.36412513256073,0.22922760248184204,0.01,1.53
429474,0.36412513256073,0.22922760248184204,0.01,1.53
429574,0.36412513256073,0.22922760248184204,0.01,1.53
429674,0.36412513256073,0.22922760248184204,0.01,1.53
429774,0.36412513256073,0.22922760248184204,0.01,1.53
429874,0.36412513256073,0.22922760248184204,0.01,1.53
429974,0.36412513256073,0.22922760248184204,0.01,1.53
430074,0.36412513256073,0.22922760248184204,0.01,1.53
430174,0.36412513256073,0.22922760248184204,0.01,1.53
430274,0.36412513256073,0.22922760248184204,0.01,1.53
430374,0.36412513256073,0.22922760248184204,0.01,1.53
430474,0.36412513256073,0.22922760248184204,0.01,1.53
430574,0.36412513256073,0.22922760248184204,0.01,1.53
430674,0.36412513256073,0.22922760248184204,0.01,1.53
430774,0.36412513256073,0.22922760248184204,0.01,1.53
430874,0.36412513256073,0.22922760248184204,0.01,1.53
430974,0.36412513256073,0.22922760248184204,0.01,1.53
431074,0.36412513256073,0.22922760248184204,0.01,1.53
431174,0.36412513256073,0.22922760248184204,0.01,1.53
431274,0.36412513256073,0.22922760248184204,0.01,1.53
431374,0.36412513256073,0.22922760248184204,0.01,1.53
431474,0.36412513256073,0.22922760248184204,0.01,1.53
431574,0.36412513256073,0.22922760248184204,0.01,1.53
431674,0.36412513256073,0.22922760248184204,0.01,1.53
431774,0.36412513256073,0.22922760248184204,0.01,1.53
431874,0.36412513256073,0.22922760248184204,0.01,1.53
431974,0.36412513256073,0.22922760248184204,0.01,1.53
432074,0.36412513256073,0.22922760248184204,0.01,1.53
432174,0.36412513256073,0.22922760248184204,0.01,1.53
432274,0.36412513256073,0.22922760248184204,0.01,1.53
432374,0.36412513256073,0.22922760248184204,0.01,1.53
432474,0.36412513256073,0.22922760248184204,0.01,1.53
432574,0.36412513256073,0.22922760248184204,0.01,1.53
432674,0.36412513256073,0.22922760248184204,0.01,1.53
432774,0.36412513256073,0.22922760248184204,0.01,1.53
432874,0.36412513256073,0.22922760248184204,0.01,1.53
432974,0.36412513256073,0.22922760248184204,0.01,1.53
433074,0.36412513256073,0.22922760248184204,0.01,1.53
433174,0.36412513256073,0.22922760248184204,0.01,1.53
433274,0.36412513256073,0.22922760248184204,0.01,1.53
433374,0.36412513256073,0.22922760248184204,0.01,1.53
433474,0.36412513256073,0.22922760248184204,0.01,1.53
433574,0.36412513256073,0.22922760248184204,0.01,1.53
433674,0.36412513256073,0.22922760248184204,0.01,1.53
433774,0.36412513256073,0.22922760248184204,0.01,1.53
433874,0.36412513256073,0.22922760248184204,0.01,1.53
433974,0.36412513256073,0.22922760248184204,0.01,1.53
434074,0.36412513256073,0.22922760248184204,0.01,1.53
434174,0.36412513256073,0.22922760248184204,0.01,1.53
434274,0.36412513256073,0.22922760248184204,0.01,1.53
434374,0.36412513256073,0.22922760248184204,0.01,1.53
434474,0.36412513256073,0.22922760248184204,0.01,1.53
462374,0.36412513256073,0.22922760248184204,0.01,1.46
462474,0.36412513256073,0.22922760248184204,0.01,1.46
462574,0.36412513256073,0.22922760248184204,0.01,1.46
462674,0.36412513256073,0.22922760248184204,0.01,1.46
462774,0.36412513256073,0.22922760248184204,0.01,1.46
462874,0.36412513256073,0.22922760248184204,0.01,1.46
462974,0.36412513256073,0.22922760248184204,0.01,1.46
463074,0.36412513256073,0.22922760248184204,0.01,1.46
463174,0.36412513256073,0.22922760248184204,0.01,1.46
463274,0.36412513256073,0.22922760248184204,0.01,1.46
463374,0.36412513256073,0.22922760248184204,0.01,1.46
463474,0.36412513256073,0.22922760248184204,0.01,1.46
463574,0.36412513256073,0.22922760248184204,0.01,1.46
463674,0.36412513256073,0.22922760248184204,0.01,1.46
463774,0.36412513256073,0.22922760248184204,0.01,1.46
463874,0.36412513256073,0.22922760248184204,0.01,1.46
463974,0.36412513256073,0.22922760248184204,0.01,1.46
464074,0.36412513256073,0.22922760248184204,0.01,1.46
464174,0.36412513256073,0.22922760248184204,0.01,1.46
464274,0.36412513256073,0.22922760248184204,0.01,1.46
464374,0.36412513256073,0.22922760248184204,0.01,1.46
464474,0.36412513256073,0.22922760248184204,0.01,1.46
464574,0.36412513256073,0.22922760248184204,0.01,1.46
464674,0.36412513256073,0.22922760248184204,0.01,1.46
464774,0.36412513256073,0.22922760248184204,0.01,1.46
464874,0.36412513256073,0.22922760248184204,0.01,1.46
464974,0.36412513256073,0.22922760248184204,0.01,1.46
465074,0.36412513256073,0.22922760248184204,0.01,1.46
465174,0.36412513256073,0.22922760248184204,0.01,1.46
465274,0.36412513256073,0.22922760248184204,0.01,1.46
465374,0.36412513256073,0.22922760248184204,0.01,1.46
465474,0.36412513256073,0.22922760248184204,0.01,1.46
465574,0.36412513256073,0.22922760248184204,0.01,1.46
465674,0.36412513256073,0.22922760248184204,0.01,1.46
465774,0.36412513256073,0.22922760248184204,0.01,1.46
465874,0.36412513256073,0.22922760248184204,0.01,1.46
465974,0.36412513256073,0.22922760248184204,0.01,1.46
466074,0.36412513256073,0.22922760248184204,0.01,1.46
466174,0.36412513256073,0.22922760248184204,0.01,1.46
466274,0.36412513256073,0.22922760248184204,0.01,1.46
466374,0.36412513256073,0.22922760248184204,0.01,1.46
466474,0.36412513256073,0.22922760248184204,0.01,1.46
466574,0.36412513256073,0.22922760248184204,0.01,1.46
466674,0.36412513256073,0.22922760248184204,0.01,1.46
466774,0.36412513256073,0.22922760248184204,0.01,1.46
466874,0.36412513256073,0.22922760248184204,0.01,1.46
466974,0.36412513256073,0.22922760248184204,0.01,1.46
467074,0.36412513256073,0.22922760248184204,0.01,1.46
467174,0.36412513256073,0.22922760248184204,0.01,1.46
467274,0.36412513256073,0.22922760248184204,0.01,1.46
467374,0.36412513256073,0.22922760248184204,0.01,1.46
467474,0.36412513256073,0.22922760248184204,0.01,1.46
467574,0.36412513256073,0.22922760248184204,0.01,1.46
467674,0.36412513256073,0.22922760248184204,0.01,1.46
467774,0.36412513256073,0.22922760248184204,0.01,1.46
467874,0.36412513256073,0.22922760248184204,0.01,1.46
467974,0.36412513256073,0.22922760248184204,0.01,1.46
468074,0.36412513256073,0.22922760248184204,0.01,1.46
468174,0.36412513256073,0.22922760248184204,0.01,1.46
468274,0.36412513256073,0.22922760248184204,0.01,1.46
468374,0.36412513256073,0.22922760248184204,0.01,1.46
468474,0.36412513256073,0.22922760248184204,0.01,1.46
468574,0.36412513256073,0.22922760248184204,0.01,1.46
468674,0.36412513256073,0.22922760248184204,0.01,1.46
468774,0.36412513256073,0.22922760248184204,0.01,1.46
468874,0.36412513256073,0.22922760248184204,0.01,1.46
468974,0.36412513256073,0.22922760248184204,0.01,1.46
469074,0.36412513256073,0.22922760248184204,0.01,1.46
469174,0.36412513256073,0.22922760248184204,0.01,1.46
469274,0.36412513256073,0.22922760248184204,0.01,1.46
469374,0.36412513256073,0.22922760248184204,0.01,1.46
469474,0.36412513256073,0.22922760248184204,0.01,1.46
469574,0.36412513256073,0.22922760248184204,0.01,1.46
469674,0.36412513256073,0.22922760248184204,0.01,1.46
469774,0.36412513256073,0.22922760248184204,0.01,1.46
469874,0.36412513256073,0.22922760248184204,0.01,1.46
469974,0.36412513256073,0.22922760248184204,0.01,1.46
470074,0.36412513256073,0.22922760248184204,0.01,1.46
470174,0.36412513256073,0.22922760248184204,0.01,1.46
470274,0.36412513256073,0.22922760248184204,0.01,1.46
470374,0.36412513256073,0.22922760248184204,0.01,1.46
470474,0.36412513256073,0.22922760248184204,0.01,1.46
470574,0.36412513256073,0.22922760248184204,0.01,1.46
470674,0.36412513256073,0.22922760248184204,0.01,1.46
470774,0.36412513256073,0.22922760248184204,0.01,1.46
470874,0.36412513256073,0.22922760248184204,0.01,1.46
470974,0.36412513256073,0.22922760248184204,0.01,1.46
471074,0.36412513256073,0.22922760248184204,0.01,1.46
471174,0.36412513256073,0.22922760248184204,0.01,1.46
471274,0.36412513256073,0.22922760248184204,0.01,1.46
471374,0.36412513256073,0.22922760248184204,0.01,1.46
471474,0.36412513256073,0.22922760248184204,0.01,1.46
471574,0.36412513256073,0.22922760248184204,0.01,1.46
471674,0.36412513256073,0.22922760248184204,0.01,1.46
471774,0.36412513256073,0.22922760248184204,0.01,1.46
471874,0.36412513256073,0.22922760248184204,0.01,1.46
471974,0.36412513256073,0.22922760248184204,0.01,1.46
472074,0.36412513256073,0.22922760248184204,0.01,1.46
472174,0.36412513256073,0.22922760248184204,0.01,1.46
472274,0.36412513256073,0.22922760248184204,0.01,1.46
472374,0.36412513256073,0.22922760248184204,0.01,1.46
472474,0.36412513256073,0.22922760248184204,0.01,1.46
472574,0.36412513256073,0.22922760248184204,0.01,1.46
472674,0.36412513256073,0.22922760248184204,0.01,1.46
472774,0.36412513256073,0.22922760248184204,0.01,1.46
472874,0.36412513256073,0.22922760248184204,0.01,1.46
472974,0.36412513256073,0.22922760248184204,0.01,1.46
473074,0.36412513256073,0.22922760248184204,0.01,1.46
473174,0.36412513256073,0.22922760248184204,0.01,1.46
473274,0.36412513256073,0.22922760248184204,0.01,1.46
473374,0.36412513256073,0.22922760248184204,0.01,1.46
473474,0.36412513256073,0.22922760248184204,0.01,1.46
473574,0.36412513256073,0.22922760248184204,0.01,1.46
473674,0.36412513256073,0.22922760248184204,0.01,1.46
473774,0.36412513256073,0.22922760248184204,0.01,1.46
473874,0.36412513256073,0.22922760248184204,0.01,1.46
473974,0.36412513256073,0.22922760248184204,0.01,1.46
474074,0.36412513256073,0.22922760248184204,0.01,1.46
474174,0.36412513256073,0.22922760248184204,0.01,1.46
474274,0.36412513256073,0.22922760248184204,0.01,1.46
474374,0.36412513256073,0.22922760248184204,0.01,1.46
474474,0.36412513256073,0.22922760248184204,0.01,1.46
474574,0.36412513256073,0.22922760248184204,0.01,1.46
474674,0.36412513256073,0.22922760248184204,0.01,1.46
474774,0.36412513256073,0.22922760248184204,0.01,1.46
474874,0.36412513256073,0.22922760248184204,0.01,1.46
474974,0.36412513256073,0.22922760248184204,0.01,1.46
475074,0.36412513256073,0.22922760248184204,0.01,1.46
475174,0.36412513256073,0.22922760248184204,0.01,1.46
475274,0.36412513256073,0.22922760248184204,0.01,1.46
475374,0.36412513256073,0.22922760248184204,0.01,1.46
475474,0.36412513256073,0.22922760248184204,0.01,1.46
475574,0.36412513256073,0.22922760248184204,0.01,1.46
475674,0.36412513256073,0.22922760248184204,0.01,1.46
475774,0.36412513256073,0.22922760248184204,0.01,1.46
475874,0.36412513256073,0.22922760248184204,0.01,1.46
475974,0.36412513256073,0.22922760248184204,0.01,1.46
476074,0.36412513256073,0.22922760248184204,0.01,1.46
476174,0.36412513256073,0.22922760248184204,0.01,1.46
476274,0.36412513256073,0.22922760248184204,0.01,1.46
476374,0.36412513256073,0.22922760248184204,0.01,1.46
476474,0.36412513256073,0.22922760248184204,0.01,1.46
476574,0.36412513256073,0.22922760248184204,0.01,1.46
476674,0.36412513256073,0.22922760248184204,0.01,1.46
476774,0.36412513256073,0.22922760248184204,0.01,1.46
476874,0.36412513256073,0.22922760248184204,0.01,1.46
476974,0.36412513256073,0.22922760248184204,0.01,1.46
477074,0.36412513256073,0.22922760248184204,0.01,1.46
477174,0.36412513256073,0.22922760248184204,0.01,1.46
477274,0.36412513256073,0.22922760248184204,0.01,1.46
477374,0.36412513256073,0.22922760248184204,0.01,1.46
477474,0.36412513256073,0.22922760248184204,0.01,1.46
477574,0.36412513256073,0.22922760248184204,0.01,1.46
477674,0.36412513256073,0.22922760248184204,0.01,1.46
477774,0.36412513256073,0.22922760248184204,0.01,1.46
477874,0.36412513256073,0.22922760248184204,0.01,1.46
477974,0.36412513256073,0.22922760248184204,0.01,1.46
478074,0.36412513256073,0.22922760248184204,0.01,1.46
478174,0.36412513256073,0.22922760248184204,0.01,1.46
478274,0.36412513256073,0.22922760248184204,0.01,1.46
478374,0.36412513256073,0.22922760248184204,0.01,1.46
478474,0.36412513256073,0.22922760248184204,0.01,1.46
478574,0.36412513256073,0.22922760248184204,0.01,1.46
478674,0.36412513256073,0.22922760248184204,0.01,1.46
478774,0.36412513256073,0.22922760248184204,0.01,1.46
478874,0.36412513256073,0.22922760248184204,0.01,1.46
478974,0.36412513256073,0.22922760248184204,0.01,1.46
479074,0.36412513256073,0.22922760248184204,0.01,1.46
479174,0.36412513256073,0.22922760248184204,0.01,1.46
479274,0.36412513256073,0.22922760248184204,0.01,1.46
479374,0.36412513256073,0.22922760248184204,0.01,1.46
479474,0.36412513256073,0.22922760248184204,0.01,1.46
479574,0.36412513256073,0.22922760248184204,0.01,1.46
479674,0.36412513256073,0.22922760248184204,0.01,1.46
479774,0.36412513256073,0.22922760248184204,0.01,1.46
479874,0.36412513256073,0.22922760248184204,0.01,1.46
479974,0.36412513256073,0.22922760248184204,0.01,1.46
480074,0.36412513256073,0.22922760248184204,0.01,1.46
480174,0.36412513256073,0.22922760248184204,0.01,1.46
480274,0.36412513256073,0.22922760248184204,0.01,1.46
480374,0.36412513256073,0.22922760248184204,0.01,1.46
480474,0.36412513256073,0.22922760248184204,0.01,1.46
480574,0.36412513256073,0.22922760248184204,0.01,1.46
480674,0.36412513256073,0.22922760248184204,0.01,1.46
480774,0.36412513256073,0.22922760248184204,0.01,1.46
480874,0.36412513256073,0.22922760248184204,0.01,1.46
480974,0.36412513256073,0.22922760248184204,0.01,1.46
481074,0.36412513256073,0.22922760248184204,0.01,1.46
481174,0.36412513256073,0.22922760248184204,0.01,1.46
481274,0.36412513256073,0.22922760248184204,0.01,1.46
481374,0.36412513256073,0.22922760248184204,0.01,1.46
481474,0.36412513256073,0.22922760248184204,0.01,1.46
481574,0.36412513256073,0.22922760248184204,0.01,1.46
481674,0.36412513256073,0.22922760248184204,0.01,1.46
481774,0.36412513256073,0.22922760248184204,0.01,1.46
481874,0.36412513256073,0.22922760248184204,0.01,1.46
481974,0.36412513256073,0.22922760248184204,0.01,1.46
482074,0.36412513256073,0.22922760248184204,0.01,1.46
482174,0.36412513256073,0.22922760248184204,0.01,1.46
482274,0.36412513256073,0.22922760248184204,0.01,1.46
482374,0.36412513256073,0.22922760248184204,0.01,1.46
482474,0.36412513256073,0.22922760248184204,0.01,1.46
482574,0.36412513256073,0.22922760248184204,0.01,1.46
482674,0.36412513256073,0.22922760248184204,0.01,1.46
482774,0.36412513256073,0.22922760248184204,0.01,1.46
482874,0.36412513256073,0.22922760248184204,0.01,1.46
482974,0.36412513256073,0.22922760248184204,0.01,1.46
483074,0.36412513256073,0.22922760248184204,0.01,1.46
483174,0.36412513256073,0.22922760248184204,0.01,1.46
483274,0.36412513256073,0.22922760248184204,0.01,1.46
483374,0.36412513256073,0.22922760248184204,0.01,1.46
483474,0.36412513256073,0.22922760248184204,0.01,1.46
483574,0.36412513256073,0.22922760248184204,0.01,1.46
483674,0.36412513256073,0.22922760248184204,0.01,1.46
483774,0.36412513256073,0.22922760248184204,0.01,1.46
483874,0.36412513256073,0.22922760248184204,0.01,1.46
483974,0.36412513256073,0.22922760248184204,0.01,1.46
484074,0.36412513256073,0.22922760248184204,0.01,1.46
484174,0.36412513256073,0.22922760248184204,0.01,1.46
484274,0.36412513256073,0.22922760248184204,0.01,1.46
484374,0.36412513256073,0.22922760248184204,0.01,1.46
484474,0.36412513256073,0.22922760248184204,0.01,1.46
484574,0.36412513256073,0.22922760248184204,0.01,1.46
484674,0.36412513256073,0.22922760248184204,0.01,1.46
484774,0.36412513256073,0.22922760248184204,0.01,1.46
484874,0.36412513256073,0.22922760248184204,0.01,1.46
484974,0.36412513256073,0.22922760248184204,0.01,1.46
485074,0.36412513256073,0.22922760248184204,0.01,1.46
485174,0.36412513256073,0.22922760248184204,0.01,1.46
485274,0.36412513256073,0.22922760248184204,0.01,1.46
485374,0.36412513256073,0.22922760248184204,0.01,1.46
485474,0.36412513256073,0.22922760248184204,0.01,1.46
485574,0.36412513256073,0.22922760248184204,0.01,1.46
485674,0.36412513256073,0.22922760248184204,0.01,1.46
485774,0.36412513256073,0.22922760248184204,0.01,1.46
485874,0.36412513256073,0.22922760248184204,0.01,1.46
485974,0.36412513256073,0.22922760248184204,0.01,1.46
486074,0.36412513256073,0.22922760248184204,0.01,1.46
486174,0.36412513256073,0.22922760248184204,0.01,1.46
486274,0.36412513256073,0.22922760248184204,0.01,1.46
486374,0.36412513256073,0.22922760248184204,0.01,1.46
486474,0.36412513256073,0.22922760248184204,0.01,1.46
486574,0.36412513256073,0.22922760248184204,0.01,1.46
486674,0.36412513256073,0.22922760248184204,0.01,1.46
486774,0.36412513256073,0.22922760248184204,0.01,1.46
486874,0.36412513256073,0.22922760248184204,0.01,1.46
486974,0.36412513256073,0.22922760248184204,0.01,1.46
487074,0.36412513256073,0.22922760248184204,0.01,1.46
487174,0.36412513256073,0.22922760248184204,0.01,1.46
487274,0.36412513256073,0.22922760248184204,0.01,1.46
487374,0.36412513256073,0.22922760248184204,0.01,1.46
487474,0.36412513256073,0.22922760248184204,0.01,1.46
487574,0.36412513256073,0.22922760248184204,0.01,1.46
487674,0.36412513256073,0.22922760248184204,0.01,1.46
487774,0.36412513256073,0.22922760248184204,0.01,1.46
487874,0.36412513256073,0.22922760248184204,0.01,1.46
487974,0.36412513256073,0.22922760248184204,0.01,1.46
488074,0.36412513256073,0.22922760248184204,0.01,1.46
488174,0.36412513256073,0.22922760248184204,0.01,1.46
488274,0.36412513256073,0.22922760248184204,0.01,1.46
488374,0.36412513256073,0.22922760248184204,0.01,1.46
488474,0.36412513256073,0.22922760248184204,0.01,1.46
488574,0.36412513256073,0.22922760248184204,0.01,1.46
488674,0.36412513256073,0.22922760248184204,0.01,1.46
488774,0.36412513256073,0.22922760248184204,0.01,1.46
488874,0.36412513256073,0.22922760248184204,0.01,1.46
488974,0.36412513256073,0.22922760248184204,0.01,1.46
489074,0.36412513256073,0.22922760248184204,0.01,1.46
489174,0.36412513256073,0.22922760248184204,0.01,1.46
489274,0.36412513256073,0.22922760248184204,0.01,1.46
489374,0.36412513256073,0.22922760248184204,0.01,1.46
489474,0.36412513256073,0.22922760248184204,0.01,1.46
489574,0.36412513256073,0.22922760248184204,0.01,1.46
489674,0.36412513256073,0.22922760248184204,0.01,1.46
489774,0.36412513256073,0.22922760248184204,0.01,1.46
489874,0.36412513256073,0.22922760248184204,0.01,1.46
489974,0.36412513256073,0.22922760248184204,0.01,1.46
490074,0.36412513256073,0.22922760248184204,0.01,1.46
