evaluation,fitness,test_accuracy,uniqueness,time
100,0.49103862047195435,0.460543155670166,1.0,0.28
190,0.49103862047195435,0.460543155670166,1.0,0.27
280,0.6960896253585815,0.6507852673530579,1.0,0.24
370,0.6960896253585815,0.6507852673530579,1.0,0.25
460,0.6960896253585815,0.6507852673530579,1.0,0.26
550,0.6960896253585815,0.6507852673530579,1.0,0.23
640,0.6960896253585815,0.6507852673530579,1.0,0.24
730,0.6960896253585815,0.6507852673530579,1.0,0.27
820,0.6960896253585815,0.6507852673530579,1.0,0.23
910,0.6960896253585815,0.6507852673530579,1.0,0.24
1000,0.6960896253585815,0.6507852673530579,1.0,0.24
1090,0.6960896253585815,0.6507852673530579,1.0,0.25
1180,0.6960896253585815,0.6507852673530579,1.0,0.23
1270,0.6960896253585815,0.6507852673530579,1.0,0.23
1360,0.6960896253585815,0.6507852673530579,1.0,0.23
1450,0.7072992324829102,0.7007215619087219,1.0,0.25
1540,0.7072992324829102,0.7007215619087219,1.0,0.23
1630,0.7072992324829102,0.7007215619087219,1.0,0.25
1720,0.7072992324829102,0.7007215619087219,1.0,0.33
1810,0.7072992324829102,0.7007215619087219,1.0,0.23
1900,0.7072992324829102,0.7007215619087219,1.0,0.27
1990,0.7072992324829102,0.7007215619087219,1.0,0.23
2080,0.7072992324829102,0.7007215619087219,1.0,0.23
2170,0.7072992324829102,0.7007215619087219,1.0,0.24
2260,0.7072992324829102,0.7007215619087219,1.0,0.23
2350,0.7072992324829102,0.7007215619087219,1.0,0.24
2440,0.7072992324829102,0.7007215619087219,1.0,0.31
2530,0.7072992324829102,0.7007215619087219,1.0,0.23
2620,0.7072992324829102,0.7007215619087219,1.0,0.23
2710,0.7072992324829102,0.7007215619087219,1.0,0.23
2800,0.7072992324829102,0.7007215619087219,1.0,0.25
2890,0.7072992324829102,0.7007215619087219,1.0,0.24
2980,0.7072992324829102,0.7007215619087219,1.0,0.23
3070,0.7072992324829102,0.7007215619087219,1.0,0.23
3160,0.7072992324829102,0.7007215619087219,1.0,0.23
3250,0.729041337966919,0.6984590888023376,1.0,0.23
3340,0.729041337966919,0.6984590888023376,1.0,0.23
3430,0.729041337966919,0.6984590888023376,1.0,0.27
3520,0.7967906594276428,0.7789299488067627,1.0,0.25
3610,0.7967906594276428,0.7789299488067627,1.0,0.25
3700,0.7967906594276428,0.7789299488067627,1.0,0.24
3790,0.7967906594276428,0.7789299488067627,1.0,0.24
3880,0.7967906594276428,0.7789299488067627,1.0,0.24
3970,0.7967906594276428,0.7789299488067627,1.0,0.27
4060,0.8604991436004639,0.8767491579055786,1.0,0.23
4150,0.8604991436004639,0.8767491579055786,1.0,0.36
4240,0.8604991436004639,0.8767491579055786,1.0,0.23
4330,0.8604991436004639,0.8767491579055786,1.0,0.25
4420,0.8604991436004639,0.8767491579055786,1.0,0.25
4510,0.8604991436004639,0.8767491579055786,1.0,0.23
4600,0.8604991436004639,0.8767491579055786,1.0,0.27
4690,0.8604991436004639,0.8767491579055786,1.0,0.23
4780,0.8604991436004639,0.8767491579055786,1.0,0.23
4870,0.8604991436004639,0.8767491579055786,1.0,0.24
4960,0.8604991436004639,0.8767491579055786,1.0,0.23
5050,0.8604991436004639,0.8767491579055786,1.0,0.24
5140,0.8604991436004639,0.8767491579055786,1.0,0.27
5230,0.8604991436004639,0.8767491579055786,1.0,0.24
5320,0.8604991436004639,0.8767491579055786,1.0,0.24
5410,0.8604991436004639,0.8767491579055786,1.0,0.25
5500,0.8604991436004639,0.8767491579055786,1.0,0.24
5590,0.8604991436004639,0.8767491579055786,1.0,0.23
5680,0.8604991436004639,0.8767491579055786,1.0,0.24
5770,0.8604991436004639,0.8767491579055786,1.0,0.28
5860,0.8604991436004639,0.8767491579055786,1.0,0.25
5950,0.8604991436004639,0.8767491579055786,1.0,0.25
6040,0.8604991436004639,0.8767491579055786,1.0,0.26
6130,0.8604991436004639,0.8767491579055786,1.0,0.27
6220,0.8604991436004639,0.8767491579055786,1.0,0.25
6310,0.8604991436004639,0.8767491579055786,1.0,0.29
6400,0.8604991436004639,0.8767491579055786,1.0,0.33
6490,0.8604991436004639,0.8767491579055786,1.0,0.24
6580,0.961647093296051,0.9694947600364685,1.0,0.24
6670,0.961647093296051,0.9694947600364685,1.0,0.24
6760,0.961647093296051,0.9694947600364685,1.0,0.24
6850,0.961647093296051,0.9694947600364685,1.0,0.25
6940,0.961647093296051,0.9694947600364685,1.0,0.24
7030,0.961647093296051,0.9694947600364685,1.0,0.24
7120,0.961647093296051,0.9694947600364685,1.0,0.24
7210,0.961647093296051,0.9694947600364685,1.0,0.28
7300,0.961647093296051,0.9694947600364685,1.0,0.25
7390,0.961647093296051,0.9694947600364685,1.0,0.23
7480,0.961647093296051,0.9694947600364685,1.0,0.23
7570,0.961647093296051,0.9694947600364685,1.0,0.25
7660,0.961647093296051,0.9694947600364685,1.0,0.24
7750,0.961647093296051,0.9694947600364685,1.0,0.24
7840,0.961647093296051,0.9694947600364685,1.0,0.25
7930,0.961647093296051,0.9694947600364685,1.0,0.26
8020,0.961647093296051,0.9694947600364685,1.0,0.24
8110,0.961647093296051,0.9694947600364685,1.0,0.26
8200,0.961647093296051,0.9694947600364685,1.0,0.29
8290,0.961647093296051,0.9694947600364685,1.0,0.23
8380,0.961647093296051,0.9694947600364685,1.0,0.24
8470,0.961647093296051,0.9694947600364685,1.0,0.25
8560,0.961647093296051,0.9694947600364685,1.0,0.23
8650,0.961647093296051,0.9694947600364685,1.0,0.23
8740,0.961647093296051,0.9694947600364685,1.0,0.24
8830,0.961647093296051,0.9694947600364685,1.0,0.34
8920,0.961647093296051,0.9694947600364685,1.0,0.24
9010,0.961647093296051,0.9694947600364685,1.0,0.26
9100,0.961647093296051,0.9694947600364685,1.0,0.23
9190,0.961647093296051,0.9694947600364685,1.0,0.23
9280,0.961647093296051,0.9694947600364685,1.0,0.23
9370,0.961647093296051,0.9694947600364685,1.0,0.23
9460,0.961647093296051,0.9694947600364685,1.0,0.25
9550,0.961647093296051,0.9694947600364685,1.0,0.31
9640,0.961647093296051,0.9694947600364685,1.0,0.26
9730,0.961647093296051,0.9694947600364685,1.0,0.24
9820,0.961647093296051,0.9694947600364685,1.0,0.23
9910,0.961647093296051,0.9694947600364685,1.0,0.27
10000,0.961647093296051,0.9694947600364685,1.0,0.24
10090,0.961647093296051,0.9694947600364685,1.0,0.25
10180,0.961647093296051,0.9694947600364685,1.0,0.24
10270,0.961647093296051,0.9694947600364685,1.0,0.25
10360,0.961647093296051,0.9694947600364685,1.0,0.23
10450,0.961647093296051,0.9694947600364685,1.0,0.23
10540,0.961647093296051,0.9694947600364685,1.0,0.26
10630,0.961647093296051,0.9694947600364685,1.0,0.25
10720,0.961647093296051,0.9694947600364685,1.0,0.23
10810,0.961647093296051,0.9694947600364685,1.0,0.24
10900,0.961647093296051,0.9694947600364685,1.0,0.24
10990,0.961647093296051,0.9694947600364685,1.0,0.23
11080,0.961647093296051,0.9694947600364685,1.0,0.33
11170,0.961647093296051,0.9694947600364685,1.0,0.24
11260,0.961647093296051,0.9694947600364685,1.0,0.24
11350,0.961647093296051,0.9694947600364685,1.0,0.24
11440,0.961647093296051,0.9694947600364685,1.0,0.23
11530,0.961647093296051,0.9694947600364685,1.0,0.24
11620,0.961647093296051,0.9694947600364685,1.0,0.24
11710,0.961647093296051,0.9694947600364685,1.0,0.27
11800,0.961647093296051,0.9694947600364685,1.0,0.23
11890,0.961647093296051,0.9694947600364685,1.0,0.23
11980,0.961647093296051,0.9694947600364685,1.0,0.24
12070,0.961647093296051,0.9694947600364685,1.0,0.25
12160,0.961647093296051,0.9694947600364685,1.0,0.24
12250,0.961647093296051,0.9694947600364685,1.0,0.24
12340,0.961647093296051,0.9694947600364685,1.0,0.24
12430,0.961647093296051,0.9694947600364685,1.0,0.26
12520,0.961647093296051,0.9694947600364685,1.0,0.27
12610,0.961647093296051,0.9694947600364685,1.0,0.23
12700,0.961647093296051,0.9694947600364685,1.0,0.25
12790,0.961647093296051,0.9694947600364685,1.0,0.25
12880,0.961647093296051,0.9694947600364685,1.0,0.24
12970,0.961647093296051,0.9694947600364685,1.0,0.24
13060,0.961647093296051,0.9694947600364685,1.0,0.25
13150,0.961647093296051,0.9694947600364685,1.0,0.23
13240,0.961647093296051,0.9694947600364685,1.0,0.23
13330,0.961647093296051,0.9694947600364685,1.0,0.26
13420,0.961647093296051,0.9694947600364685,1.0,0.25
13510,0.961647093296051,0.9694947600364685,1.0,0.36
13600,0.961647093296051,0.9694947600364685,1.0,0.25
13690,0.961647093296051,0.9694947600364685,1.0,0.24
13780,0.961647093296051,0.9694947600364685,1.0,0.24
13870,0.961647093296051,0.9694947600364685,1.0,0.24
13960,0.961647093296051,0.9694947600364685,1.0,0.23
14050,0.961647093296051,0.9694947600364685,1.0,0.23
14140,0.961647093296051,0.9694947600364685,1.0,0.23
14230,0.961647093296051,0.9694947600364685,1.0,0.24
14320,0.961647093296051,0.9694947600364685,1.0,0.23
14410,0.961647093296051,0.9694947600364685,1.0,0.24
14500,0.961647093296051,0.9694947600364685,1.0,0.26
14590,0.961647093296051,0.9694947600364685,1.0,0.27
14680,0.961647093296051,0.9694947600364685,1.0,0.23
14770,0.961647093296051,0.9694947600364685,1.0,0.26
14860,0.961647093296051,0.9694947600364685,1.0,0.23
14950,0.961647093296051,0.9694947600364685,1.0,0.24
15040,0.961647093296051,0.9694947600364685,1.0,0.23
15130,0.961647093296051,0.9694947600364685,1.0,0.24
15220,0.961647093296051,0.9694947600364685,1.0,0.24
15310,0.961647093296051,0.9694947600364685,1.0,0.23
15400,0.961647093296051,0.9694947600364685,1.0,0.24
15490,0.961647093296051,0.9694947600364685,1.0,0.24
15580,0.961647093296051,0.9694947600364685,1.0,0.25
15670,0.961647093296051,0.9694947600364685,1.0,0.26
15760,0.961647093296051,0.9694947600364685,1.0,0.37
15850,0.961647093296051,0.9694947600364685,1.0,0.24
15940,0.961647093296051,0.9694947600364685,1.0,0.26
16030,0.961647093296051,0.9694947600364685,1.0,0.26
16120,0.961647093296051,0.9694947600364685,1.0,0.26
16210,0.961647093296051,0.9694947600364685,1.0,0.23
16300,0.961647093296051,0.9694947600364685,1.0,0.23
16390,0.961647093296051,0.9694947600364685,1.0,0.25
16480,0.961647093296051,0.9694947600364685,1.0,0.25
16570,0.961647093296051,0.9694947600364685,1.0,0.26
16660,0.961647093296051,0.9694947600364685,1.0,0.25
16750,0.961647093296051,0.9694947600364685,1.0,0.25
16840,0.961647093296051,0.9694947600364685,1.0,0.24
16930,0.961647093296051,0.9694947600364685,1.0,0.24
17020,0.961647093296051,0.9694947600364685,1.0,0.23
17110,0.961647093296051,0.9694947600364685,1.0,0.24
17200,0.961647093296051,0.9694947600364685,1.0,0.24
17290,0.961647093296051,0.9694947600364685,1.0,0.29
17380,0.961647093296051,0.9694947600364685,1.0,0.24
17470,0.961647093296051,0.9694947600364685,1.0,0.24
17560,0.961647093296051,0.9694947600364685,1.0,0.26
17650,0.9816666841506958,0.9886271953582764,1.0,0.25
17740,0.9816666841506958,0.9886271953582764,1.0,0.26
17830,0.9816666841506958,0.9886271953582764,1.0,0.24
17920,0.9816666841506958,0.9886271953582764,1.0,0.25
18010,0.9816666841506958,0.9886271953582764,1.0,0.25
18100,0.9816666841506958,0.9886271953582764,1.0,0.25
18190,0.9816666841506958,0.9886271953582764,1.0,0.35
18280,0.9816666841506958,0.9886271953582764,1.0,0.26
18370,0.9816666841506958,0.9886271953582764,1.0,0.23
18460,0.9816666841506958,0.9886271953582764,1.0,0.23
18550,0.9816666841506958,0.9886271953582764,1.0,0.26
18640,0.9816666841506958,0.9886271953582764,1.0,0.24
18730,0.9816666841506958,0.9886271953582764,1.0,0.25
18820,0.9816666841506958,0.9886271953582764,1.0,0.24
18910,0.9816666841506958,0.9886271953582764,1.0,0.24
19000,0.9816666841506958,0.9886271953582764,1.0,0.23
19090,0.9816666841506958,0.9886271953582764,1.0,0.26
19180,0.9816666841506958,0.9886271953582764,1.0,0.28
19270,0.9816666841506958,0.9886271953582764,1.0,0.24
19360,0.9816666841506958,0.9886271953582764,1.0,0.23
19450,0.9816666841506958,0.9886271953582764,1.0,0.27
19540,0.9816666841506958,0.9886271953582764,1.0,0.25
19630,0.9816666841506958,0.9886271953582764,1.0,0.26
19720,0.9816666841506958,0.9886271953582764,1.0,0.25
19810,0.9816666841506958,0.9886271953582764,1.0,0.24
19900,0.9816666841506958,0.9886271953582764,1.0,0.23
19990,0.9816666841506958,0.9886271953582764,1.0,0.23
20080,0.9816666841506958,0.9886271953582764,1.0,0.23
20170,0.9816666841506958,0.9886271953582764,1.0,0.24
20260,0.9816666841506958,0.9886271953582764,1.0,0.23
20350,0.9816666841506958,0.9886271953582764,1.0,0.23
20440,0.9816666841506958,0.9886271953582764,1.0,0.33
20530,0.9816666841506958,0.9886271953582764,1.0,0.24
20620,0.9816666841506958,0.9886271953582764,1.0,0.32
20710,0.9816666841506958,0.9886271953582764,1.0,0.24
20800,0.9816666841506958,0.9886271953582764,1.0,0.23
20890,0.9816666841506958,0.9886271953582764,1.0,0.24
20980,0.9816666841506958,0.9886271953582764,1.0,0.24
21070,0.9816666841506958,0.9886271953582764,1.0,0.23
21160,0.9816666841506958,0.9886271953582764,1.0,0.25
21250,0.9816666841506958,0.9886271953582764,1.0,0.23
21340,0.9816666841506958,0.9886271953582764,1.0,0.25
21430,0.9816666841506958,0.9886271953582764,1.0,0.24
21520,0.9816666841506958,0.9886271953582764,1.0,0.23
21610,0.9816666841506958,0.9886271953582764,1.0,0.23
21700,0.9816666841506958,0.9886271953582764,1.0,0.29
21790,0.9816666841506958,0.9886271953582764,1.0,0.25
21880,0.9816666841506958,0.9886271953582764,1.0,0.26
21970,0.9816666841506958,0.9886271953582764,1.0,0.23
22060,0.9816666841506958,0.9886271953582764,1.0,0.24
22150,0.9816666841506958,0.9886271953582764,1.0,0.23
22240,0.9816666841506958,0.9886271953582764,1.0,0.25
22330,0.9816666841506958,0.9886271953582764,1.0,0.23
22420,0.9816666841506958,0.9886271953582764,1.0,0.25
22510,0.9816666841506958,0.9886271953582764,1.0,0.24
22600,0.9816666841506958,0.9886271953582764,1.0,0.25
22690,0.9816666841506958,0.9886271953582764,1.0,0.23
22780,0.9816666841506958,0.9886271953582764,1.0,0.23
22870,0.9816666841506958,0.9886271953582764,1.0,0.38
22960,0.9816666841506958,0.9886271953582764,1.0,0.26
23050,0.9816666841506958,0.9886271953582764,1.0,0.26
23140,0.9816666841506958,0.9886271953582764,1.0,0.24
23230,0.9816666841506958,0.9886271953582764,1.0,0.25
23320,0.9816666841506958,0.9886271953582764,1.0,0.24
23410,0.9816666841506958,0.9886271953582764,1.0,0.27
23500,0.9816666841506958,0.9886271953582764,1.0,0.24
23590,0.9816666841506958,0.9886271953582764,1.0,0.23
23680,0.9816666841506958,0.9886271953582764,1.0,0.23
23770,0.9816666841506958,0.9886271953582764,1.0,0.24
23860,0.9816666841506958,0.9886271953582764,1.0,0.24
23950,0.9816666841506958,0.9886271953582764,1.0,0.27
24040,0.9816666841506958,0.9886271953582764,1.0,0.23
24130,0.9816666841506958,0.9886271953582764,1.0,0.23
24220,0.9816666841506958,0.9886271953582764,1.0,0.23
24310,0.9816666841506958,0.9886271953582764,1.0,0.25
24400,0.9816666841506958,0.9886271953582764,1.0,0.24
24490,0.9816666841506958,0.9886271953582764,1.0,0.27
24580,0.9816666841506958,0.9886271953582764,1.0,0.28
24670,0.9816666841506958,0.9886271953582764,1.0,0.24
24760,0.9816666841506958,0.9886271953582764,1.0,0.23
24850,0.9816666841506958,0.9886271953582764,1.0,0.26
24940,0.9816666841506958,0.9886271953582764,1.0,0.24
25030,0.9816666841506958,0.9886271953582764,1.0,0.28
25120,0.9816666841506958,0.9886271953582764,1.0,0.34
25210,0.9816666841506958,0.9886271953582764,1.0,0.24
25300,0.9816666841506958,0.9886271953582764,1.0,0.24
25390,0.9816666841506958,0.9886271953582764,1.0,0.25
25480,0.9816666841506958,0.9886271953582764,1.0,0.25
25570,0.9816666841506958,0.9886271953582764,1.0,0.25
25660,0.9816666841506958,0.9886271953582764,1.0,0.24
25750,0.9816666841506958,0.9886271953582764,1.0,0.27
25840,0.9816666841506958,0.9886271953582764,1.0,0.25
25930,0.9816666841506958,0.9886271953582764,1.0,0.23
26020,0.9816666841506958,0.9886271953582764,1.0,0.24
26110,0.9816666841506958,0.9886271953582764,1.0,0.25
26200,0.9816666841506958,0.9886271953582764,1.0,0.23
26290,0.9816666841506958,0.9886271953582764,1.0,0.23
26380,0.9816666841506958,0.9886271953582764,1.0,0.24
26470,0.9816666841506958,0.9886271953582764,1.0,0.23
26560,0.9816666841506958,0.9886271953582764,1.0,0.23
26650,0.9816666841506958,0.9886271953582764,1.0,0.24
26740,0.9816666841506958,0.9886271953582764,1.0,0.23
26830,0.9816666841506958,0.9886271953582764,1.0,0.23
26920,0.9816666841506958,0.9886271953582764,1.0,0.23
27010,0.9816666841506958,0.9886271953582764,1.0,0.24
27100,0.9816666841506958,0.9886271953582764,1.0,0.24
27190,0.9816666841506958,0.9886271953582764,1.0,0.23
27280,0.9816666841506958,0.9886271953582764,1.0,0.25
27370,0.9816666841506958,0.9886271953582764,1.0,0.24
27460,0.9816666841506958,0.9886271953582764,1.0,0.23
27550,0.9816666841506958,0.9886271953582764,1.0,0.33
27640,0.9816666841506958,0.9886271953582764,1.0,0.26
27730,0.9816666841506958,0.9886271953582764,1.0,0.26
27820,0.9816666841506958,0.9886271953582764,1.0,0.26
27910,0.9816666841506958,0.9886271953582764,1.0,0.24
28000,0.9816666841506958,0.9886271953582764,1.0,0.23
28090,0.9816666841506958,0.9886271953582764,1.0,0.23
28180,0.9816666841506958,0.9886271953582764,1.0,0.23
28270,0.9816666841506958,0.9886271953582764,1.0,0.23
28360,0.9816666841506958,0.9886271953582764,1.0,0.24
28450,0.9816666841506958,0.9886271953582764,1.0,0.24
28540,0.9816666841506958,0.9886271953582764,1.0,0.28
28630,0.9816666841506958,0.9886271953582764,1.0,0.24
28720,0.9816666841506958,0.9886271953582764,1.0,0.27
28810,0.9816666841506958,0.9886271953582764,1.0,0.24
28900,0.9816666841506958,0.9886271953582764,1.0,0.24
28990,0.9816666841506958,0.9886271953582764,1.0,0.23
29080,0.9816666841506958,0.9886271953582764,1.0,0.24
29170,0.9816666841506958,0.9886271953582764,1.0,0.26
29260,0.9816666841506958,0.9886271953582764,1.0,0.28
29350,0.9816666841506958,0.9886271953582764,1.0,0.24
29440,0.9816666841506958,0.9886271953582764,1.0,0.24
29530,0.9816666841506958,0.9886271953582764,1.0,0.24
29620,0.9816666841506958,0.9886271953582764,1.0,0.23
29710,0.9816666841506958,0.9886271953582764,1.0,0.24
29800,0.9816666841506958,0.9886271953582764,1.0,0.34
29890,0.9816666841506958,0.9886271953582764,1.0,0.27
29980,0.9816666841506958,0.9886271953582764,1.0,0.29
30070,0.9816666841506958,0.9886271953582764,1.0,0.24
30160,0.9816666841506958,0.9886271953582764,1.0,0.24
30250,0.9816666841506958,0.9886271953582764,1.0,0.23
30340,0.9816666841506958,0.9886271953582764,1.0,0.26
30430,0.9816666841506958,0.9886271953582764,1.0,0.24
30520,0.9816666841506958,0.9886271953582764,1.0,0.24
30610,0.9816666841506958,0.9886271953582764,1.0,0.24
30700,0.9816666841506958,0.9886271953582764,1.0,0.26
30790,0.9816666841506958,0.9886271953582764,1.0,0.24
30880,0.9816666841506958,0.9886271953582764,1.0,0.26
30970,0.9816666841506958,0.9886271953582764,1.0,0.23
31060,0.9816666841506958,0.9886271953582764,1.0,0.26
31150,0.9816666841506958,0.9886271953582764,1.0,0.23
31240,0.9816666841506958,0.9886271953582764,1.0,0.23
31330,0.9816666841506958,0.9886271953582764,1.0,0.25
31420,0.9816666841506958,0.9886271953582764,1.0,0.27
31510,0.9816666841506958,0.9886271953582764,1.0,0.23
31600,0.9816666841506958,0.9886271953582764,1.0,0.23
31690,0.9816666841506958,0.9886271953582764,1.0,0.24
31780,0.9816666841506958,0.9886271953582764,1.0,0.23
31870,0.9816666841506958,0.9886271953582764,1.0,0.23
31960,0.9816666841506958,0.9886271953582764,1.0,0.24
32050,0.9816666841506958,0.9886271953582764,1.0,0.26
32140,0.9816666841506958,0.9886271953582764,1.0,0.24
32230,0.9816666841506958,0.9886271953582764,1.0,0.33
32320,0.9816666841506958,0.9886271953582764,1.0,0.24
32410,0.9816666841506958,0.9886271953582764,1.0,0.26
32500,0.9816666841506958,0.9886271953582764,1.0,0.23
32590,0.9816666841506958,0.9886271953582764,1.0,0.23
32680,0.9816666841506958,0.9886271953582764,1.0,0.23
32770,0.9816666841506958,0.9886271953582764,1.0,0.23
32860,0.9816666841506958,0.9886271953582764,1.0,0.26
32950,0.9816666841506958,0.9886271953582764,1.0,0.23
33040,0.9816666841506958,0.9886271953582764,1.0,0.25
33130,0.9816666841506958,0.9886271953582764,1.0,0.23
33220,0.9816666841506958,0.9886271953582764,1.0,0.26
33310,0.9816666841506958,0.9886271953582764,1.0,0.23
33400,0.9816666841506958,0.9886271953582764,1.0,0.24
33490,0.9816666841506958,0.9886271953582764,1.0,0.26
33580,0.9816666841506958,0.9886271953582764,1.0,0.24
33670,0.9816666841506958,0.9886271953582764,1.0,0.24
33760,0.9816666841506958,0.9886271953582764,1.0,0.23
33850,0.9816666841506958,0.9886271953582764,1.0,0.25
33940,0.9816666841506958,0.9886271953582764,1.0,0.27
34030,0.9816666841506958,0.9886271953582764,1.0,0.25
34120,0.9816666841506958,0.9886271953582764,1.0,0.23
34210,0.9816666841506958,0.9886271953582764,1.0,0.27
34300,0.9816666841506958,0.9886271953582764,1.0,0.24
34390,0.9816666841506958,0.9886271953582764,1.0,0.24
34480,0.9816666841506958,0.9886271953582764,1.0,0.33
34570,0.9816666841506958,0.9886271953582764,1.0,0.25
34660,0.9816666841506958,0.9886271953582764,1.0,0.23
34750,0.9816666841506958,0.9886271953582764,1.0,0.23
34840,0.9816666841506958,0.9886271953582764,1.0,0.25
34930,0.9816666841506958,0.9886271953582764,1.0,0.23
35020,0.9816666841506958,0.9886271953582764,1.0,0.26
35110,0.9816666841506958,0.9886271953582764,1.0,0.25
35200,0.9816666841506958,0.9886271953582764,1.0,0.23
35290,0.9816666841506958,0.9886271953582764,1.0,0.25
35380,0.9816666841506958,0.9886271953582764,1.0,0.23
35470,0.9816666841506958,0.9886271953582764,1.0,0.23
35560,0.9816666841506958,0.9886271953582764,1.0,0.25
35650,0.9816666841506958,0.9886271953582764,1.0,0.27
35740,0.9816666841506958,0.9886271953582764,1.0,0.23
35830,0.9816666841506958,0.9886271953582764,1.0,0.24
35920,0.9816666841506958,0.9886271953582764,1.0,0.23
36010,0.9816666841506958,0.9886271953582764,1.0,0.24
36100,0.9816666841506958,0.9886271953582764,1.0,0.24
36190,0.9816666841506958,0.9886271953582764,1.0,0.23
36280,0.9816666841506958,0.9886271953582764,1.0,0.23
36370,0.9816666841506958,0.9886271953582764,1.0,0.26
36460,0.9816666841506958,0.9886271953582764,1.0,0.23
36550,0.9816666841506958,0.9886271953582764,1.0,0.23
36640,0.9816666841506958,0.9886271953582764,1.0,0.24
36730,0.9816666841506958,0.9886271953582764,1.0,0.28
36820,0.9816666841506958,0.9886271953582764,1.0,0.26
36910,0.9816666841506958,0.9886271953582764,1.0,0.33
37000,0.9816666841506958,0.9886271953582764,1.0,0.24
37090,0.9816666841506958,0.9886271953582764,1.0,0.23
37180,0.9816666841506958,0.9886271953582764,1.0,0.23
37270,0.9816666841506958,0.9886271953582764,1.0,0.26
37360,0.9816666841506958,0.9886271953582764,1.0,0.27
37450,0.9816666841506958,0.9886271953582764,1.0,0.25
37540,0.9816666841506958,0.9886271953582764,1.0,0.24
37630,0.9816666841506958,0.9886271953582764,1.0,0.24
37720,0.9816666841506958,0.9886271953582764,1.0,0.25
37810,0.9816666841506958,0.9886271953582764,1.0,0.24
37900,0.9816666841506958,0.9886271953582764,1.0,0.25
37990,0.9816666841506958,0.9886271953582764,1.0,0.24
38080,0.9816666841506958,0.9886271953582764,1.0,0.23
38170,0.9816666841506958,0.9886271953582764,1.0,0.25
38260,0.9816666841506958,0.9886271953582764,1.0,0.29
38350,0.9816666841506958,0.9886271953582764,1.0,0.26
38440,0.9816666841506958,0.9886271953582764,1.0,0.24
38530,0.9816666841506958,0.9886271953582764,1.0,0.23
38620,0.9816666841506958,0.9886271953582764,1.0,0.24
38710,0.9816666841506958,0.9886271953582764,1.0,0.24
38800,0.9816666841506958,0.9886271953582764,1.0,0.23
38890,0.9816666841506958,0.9886271953582764,1.0,0.23
38980,0.9816666841506958,0.9886271953582764,1.0,0.25
39070,0.9816666841506958,0.9886271953582764,1.0,0.23
39160,0.9816666841506958,0.9886271953582764,1.0,0.33
39250,0.9816666841506958,0.9886271953582764,1.0,0.23
39340,0.9816666841506958,0.9886271953582764,1.0,0.23
39430,0.9816666841506958,0.9886271953582764,1.0,0.24
39520,0.9816666841506958,0.9886271953582764,1.0,0.23
39610,0.9816666841506958,0.9886271953582764,1.0,0.27
39700,0.9816666841506958,0.9886271953582764,1.0,0.25
39790,0.9816666841506958,0.9886271953582764,1.0,0.23
39880,0.9816666841506958,0.9886271953582764,1.0,0.24
39970,0.9816666841506958,0.9886271953582764,1.0,0.26
40060,0.9816666841506958,0.9886271953582764,1.0,0.26
40150,0.9816666841506958,0.9886271953582764,1.0,0.23
40240,0.9816666841506958,0.9886271953582764,1.0,0.25
40330,0.9816666841506958,0.9886271953582764,1.0,0.23
40420,0.9816666841506958,0.9886271953582764,1.0,0.23
40510,0.9816666841506958,0.9886271953582764,1.0,0.23
40600,0.9816666841506958,0.9886271953582764,1.0,0.24
40690,0.9816666841506958,0.9886271953582764,1.0,0.23
40780,0.9816666841506958,0.9886271953582764,1.0,0.25
40870,0.9816666841506958,0.9886271953582764,1.0,0.23
40960,0.9816666841506958,0.9886271953582764,1.0,0.24
41050,0.9816666841506958,0.9886271953582764,1.0,0.23
41140,0.9816666841506958,0.9886271953582764,1.0,0.24
41230,0.9816666841506958,0.9886271953582764,1.0,0.26
41320,0.9816666841506958,0.9886271953582764,1.0,0.23
41410,0.9816666841506958,0.9886271953582764,1.0,0.26
41500,0.9816666841506958,0.9886271953582764,1.0,0.25
41590,0.9816666841506958,0.9886271953582764,1.0,0.35
41680,0.9816666841506958,0.9886271953582764,1.0,0.25
41770,0.9816666841506958,0.9886271953582764,1.0,0.23
41860,0.9816666841506958,0.9886271953582764,1.0,0.24
41950,0.9816666841506958,0.9886271953582764,1.0,0.24
42040,0.9816666841506958,0.9886271953582764,1.0,0.25
42130,0.9816666841506958,0.9886271953582764,1.0,0.25
42220,0.9816666841506958,0.9886271953582764,1.0,0.26
42310,0.9816666841506958,0.9886271953582764,1.0,0.28
42400,0.9816666841506958,0.9886271953582764,1.0,0.24
42490,0.9816666841506958,0.9886271953582764,1.0,0.24
42580,0.9816666841506958,0.9886271953582764,1.0,0.25
42670,0.9816666841506958,0.9886271953582764,1.0,0.28
42760,0.9816666841506958,0.9886271953582764,1.0,0.23
42850,0.9816666841506958,0.9886271953582764,1.0,0.24
42940,0.9816666841506958,0.9886271953582764,1.0,0.25
43030,0.9816666841506958,0.9886271953582764,1.0,0.24
43120,0.9816666841506958,0.9886271953582764,1.0,0.23
43210,0.9816666841506958,0.9886271953582764,1.0,0.24
43300,0.9816666841506958,0.9886271953582764,1.0,0.25
43390,0.9816666841506958,0.9886271953582764,1.0,0.24
43480,0.9816666841506958,0.9886271953582764,1.0,0.24
43570,0.9816666841506958,0.9886271953582764,1.0,0.23
43660,0.9816666841506958,0.9886271953582764,1.0,0.25
43750,0.9816666841506958,0.9886271953582764,1.0,0.24
43840,0.9816666841506958,0.9886271953582764,1.0,0.35
43930,0.9816666841506958,0.9886271953582764,1.0,0.25
44020,0.9816666841506958,0.9886271953582764,1.0,0.23
44110,0.9816666841506958,0.9886271953582764,1.0,0.24
44200,0.9816666841506958,0.9886271953582764,1.0,0.24
44290,0.9816666841506958,0.9886271953582764,1.0,0.23
44380,0.9816666841506958,0.9886271953582764,1.0,0.23
44470,0.9816666841506958,0.9886271953582764,1.0,0.23
44560,0.9816666841506958,0.9886271953582764,1.0,0.25
44650,0.9816666841506958,0.9886271953582764,1.0,0.23
44740,0.9816666841506958,0.9886271953582764,1.0,0.23
44830,0.9816666841506958,0.9886271953582764,1.0,0.23
44920,0.9816666841506958,0.9886271953582764,1.0,0.23
45010,0.9816666841506958,0.9886271953582764,1.0,0.26
45100,0.9816666841506958,0.9886271953582764,1.0,0.24
45190,0.9816666841506958,0.9886271953582764,1.0,0.23
45280,0.9816666841506958,0.9886271953582764,1.0,0.23
45370,0.9816666841506958,0.9886271953582764,1.0,0.25
45460,0.9816666841506958,0.9886271953582764,1.0,0.23
45550,0.9816666841506958,0.9886271953582764,1.0,0.23
45640,0.9816666841506958,0.9886271953582764,1.0,0.24
45730,0.9816666841506958,0.9886271953582764,1.0,0.26
45820,0.9816666841506958,0.9886271953582764,1.0,0.26
45910,0.9816666841506958,0.9886271953582764,1.0,0.26
46000,0.9816666841506958,0.9886271953582764,1.0,0.24
46090,0.9816666841506958,0.9886271953582764,1.0,0.25
46180,0.9816666841506958,0.9886271953582764,1.0,0.23
46270,0.9816666841506958,0.9886271953582764,1.0,0.38
46360,0.9816666841506958,0.9886271953582764,1.0,0.23
46450,0.9816666841506958,0.9886271953582764,1.0,0.23
46540,0.9816666841506958,0.9886271953582764,1.0,0.24
46630,0.9816666841506958,0.9886271953582764,1.0,0.27
46720,0.9816666841506958,0.9886271953582764,1.0,0.27
46810,0.9816666841506958,0.9886271953582764,1.0,0.24
46900,0.9816666841506958,0.9886271953582764,1.0,0.24
46990,0.9816666841506958,0.9886271953582764,1.0,0.25
47080,0.9816666841506958,0.9886271953582764,1.0,0.23
47170,0.9816666841506958,0.9886271953582764,1.0,0.27
47260,0.9816666841506958,0.9886271953582764,1.0,0.23
47350,0.9816666841506958,0.9886271953582764,1.0,0.24
47440,0.9816666841506958,0.9886271953582764,1.0,0.24
47530,0.9816666841506958,0.9886271953582764,1.0,0.24
47620,0.9816666841506958,0.9886271953582764,1.0,0.23
47710,0.9816666841506958,0.9886271953582764,1.0,0.23
47800,0.9816666841506958,0.9886271953582764,1.0,0.23
47890,0.9884703755378723,0.9867948889732361,1.0,0.23
47980,0.9884703755378723,0.9867948889732361,1.0,0.23
48070,0.9884703755378723,0.9867948889732361,1.0,0.24
48160,0.9884703755378723,0.9867948889732361,1.0,0.25
48250,0.9884703755378723,0.9867948889732361,1.0,0.25
48340,0.9884703755378723,0.9867948889732361,1.0,0.24
48430,0.9884703755378723,0.9867948889732361,1.0,0.23
48520,0.9884703755378723,0.9867948889732361,1.0,0.34
48610,0.9884703755378723,0.9867948889732361,1.0,0.24
48700,0.9884703755378723,0.9867948889732361,1.0,0.24
48790,0.9884703755378723,0.9867948889732361,1.0,0.23
48880,0.9884703755378723,0.9867948889732361,1.0,0.24
48970,0.9884703755378723,0.9867948889732361,1.0,0.24
49060,0.9884703755378723,0.9867948889732361,1.0,0.25
49150,0.9884703755378723,0.9867948889732361,1.0,0.24
49240,0.9884703755378723,0.9867948889732361,1.0,0.25
49330,0.9884703755378723,0.9867948889732361,1.0,0.23
49420,0.9884703755378723,0.9867948889732361,1.0,0.25
49510,0.9884703755378723,0.9867948889732361,1.0,0.24
49600,0.9884703755378723,0.9867948889732361,1.0,0.24
49690,0.9884703755378723,0.9867948889732361,1.0,0.23
49780,0.9884703755378723,0.9867948889732361,1.0,0.25
49870,0.9884703755378723,0.9867948889732361,1.0,0.23
49960,0.9884703755378723,0.9867948889732361,1.0,0.28
50050,0.9884703755378723,0.9867948889732361,1.0,0.23
50140,0.9884703755378723,0.9867948889732361,1.0,0.23
50230,0.9884703755378723,0.9867948889732361,1.0,0.24
50320,0.9884703755378723,0.9867948889732361,1.0,0.24
50410,0.9884703755378723,0.9867948889732361,1.0,0.24
50500,0.9884703755378723,0.9867948889732361,1.0,0.26
50590,0.9884703755378723,0.9867948889732361,1.0,0.24
50680,0.9884703755378723,0.9867948889732361,1.0,0.23
50770,0.9884703755378723,0.9867948889732361,1.0,0.26
50860,0.9884703755378723,0.9867948889732361,1.0,0.23
50950,0.9884703755378723,0.9867948889732361,1.0,0.33
51040,0.9884703755378723,0.9867948889732361,1.0,0.24
51130,0.9884703755378723,0.9867948889732361,1.0,0.32
51220,0.9884703755378723,0.9867948889732361,1.0,0.24
51310,0.9884703755378723,0.9867948889732361,1.0,0.24
51400,0.9884703755378723,0.9867948889732361,1.0,0.24
51490,0.9884703755378723,0.9867948889732361,1.0,0.23
51580,0.9884703755378723,0.9867948889732361,1.0,0.26
51670,0.9884703755378723,0.9867948889732361,1.0,0.23
51760,0.9884703755378723,0.9867948889732361,1.0,0.23
51850,0.9884703755378723,0.9867948889732361,1.0,0.23
51940,0.9884703755378723,0.9867948889732361,1.0,0.24
52030,0.9884703755378723,0.9867948889732361,1.0,0.23
52120,0.9884703755378723,0.9867948889732361,1.0,0.26
52210,0.9884703755378723,0.9867948889732361,1.0,0.23
52300,0.9884703755378723,0.9867948889732361,1.0,0.25
52390,0.9884703755378723,0.9867948889732361,1.0,0.24
52480,0.9884703755378723,0.9867948889732361,1.0,0.24
52570,0.9884703755378723,0.9867948889732361,1.0,0.25
52660,0.9884703755378723,0.9867948889732361,1.0,0.23
52750,0.9884703755378723,0.9867948889732361,1.0,0.24
52840,0.9884703755378723,0.9867948889732361,1.0,0.23
52930,0.9884703755378723,0.9867948889732361,1.0,0.24
53020,0.9884703755378723,0.9867948889732361,1.0,0.24
53110,0.9884703755378723,0.9867948889732361,1.0,0.23
53200,0.9884703755378723,0.9867948889732361,1.0,0.34
53290,0.9884703755378723,0.9867948889732361,1.0,0.23
53380,0.9884703755378723,0.9867948889732361,1.0,0.23
53470,0.9884703755378723,0.9867948889732361,1.0,0.29
53560,0.9884703755378723,0.9867948889732361,1.0,0.24
53650,0.9884703755378723,0.9867948889732361,1.0,0.25
53740,0.9884703755378723,0.9867948889732361,1.0,0.24
53830,0.9884703755378723,0.9867948889732361,1.0,0.23
53920,0.9884703755378723,0.9867948889732361,1.0,0.25
54010,0.9884703755378723,0.9867948889732361,1.0,0.24
54100,0.9884703755378723,0.9867948889732361,1.0,0.28
54190,0.9884703755378723,0.9867948889732361,1.0,0.24
54280,0.9884703755378723,0.9867948889732361,1.0,0.26
54370,0.9884703755378723,0.9867948889732361,1.0,0.24
54460,0.9884703755378723,0.9867948889732361,1.0,0.25
54550,0.9884703755378723,0.9867948889732361,1.0,0.24
54640,0.9884703755378723,0.9867948889732361,1.0,0.23
54730,0.9884703755378723,0.9867948889732361,1.0,0.25
54820,0.9884703755378723,0.9867948889732361,1.0,0.24
54910,0.9884703755378723,0.9867948889732361,1.0,0.25
55000,0.9884703755378723,0.9867948889732361,1.0,0.24
55090,0.9884703755378723,0.9867948889732361,1.0,0.24
55180,0.9884703755378723,0.9867948889732361,1.0,0.24
55270,0.9884703755378723,0.9867948889732361,1.0,0.24
55360,0.9884703755378723,0.9867948889732361,1.0,0.23
55450,0.9884703755378723,0.9867948889732361,1.0,0.25
55540,0.9884703755378723,0.9867948889732361,1.0,0.24
55630,0.9884703755378723,0.9867948889732361,1.0,0.35
55720,0.9884703755378723,0.9867948889732361,1.0,0.24
55810,0.9884703755378723,0.9867948889732361,1.0,0.25
55900,0.9884703755378723,0.9867948889732361,1.0,0.24
55990,0.9884703755378723,0.9867948889732361,1.0,0.24
56080,0.9884703755378723,0.9867948889732361,1.0,0.26
56170,0.9884703755378723,0.9867948889732361,1.0,0.25
56260,0.9884703755378723,0.9867948889732361,1.0,0.28
56350,0.9884703755378723,0.9867948889732361,1.0,0.24
56440,0.9884703755378723,0.9867948889732361,1.0,0.24
56530,0.9884703755378723,0.9867948889732361,1.0,0.23
56620,0.9884703755378723,0.9867948889732361,1.0,0.23
56710,0.9884703755378723,0.9867948889732361,1.0,0.25
56800,0.9884703755378723,0.9867948889732361,1.0,0.24
56890,0.9884703755378723,0.9867948889732361,1.0,0.25
56980,0.9884703755378723,0.9867948889732361,1.0,0.24
57070,0.9884703755378723,0.9867948889732361,1.0,0.24
57160,0.9884703755378723,0.9867948889732361,1.0,0.29
57250,0.9884703755378723,0.9867948889732361,1.0,0.23
57340,0.9884703755378723,0.9867948889732361,1.0,0.24
57430,0.9884703755378723,0.9867948889732361,1.0,0.26
57520,0.9884703755378723,0.9867948889732361,1.0,0.23
57610,0.9884703755378723,0.9867948889732361,1.0,0.24
57700,0.9884703755378723,0.9867948889732361,1.0,0.24
57790,0.9884703755378723,0.9867948889732361,1.0,0.24
57880,0.9884703755378723,0.9867948889732361,1.0,0.32
57970,0.9884703755378723,0.9867948889732361,1.0,0.23
58060,0.9884703755378723,0.9867948889732361,1.0,0.24
58150,0.9884703755378723,0.9867948889732361,1.0,0.23
58240,0.9884703755378723,0.9867948889732361,1.0,0.24
58330,0.9884703755378723,0.9867948889732361,1.0,0.24
58420,0.9884703755378723,0.9867948889732361,1.0,0.24
58510,0.9884703755378723,0.9867948889732361,1.0,0.24
58600,0.9884703755378723,0.9867948889732361,1.0,0.24
58690,0.9884703755378723,0.9867948889732361,1.0,0.25
58780,0.9884703755378723,0.9867948889732361,1.0,0.24
58870,0.9884703755378723,0.9867948889732361,1.0,0.28
58960,0.9884703755378723,0.9867948889732361,1.0,0.24
59050,0.9884703755378723,0.9867948889732361,1.0,0.25
59140,0.9884703755378723,0.9867948889732361,1.0,0.24
59230,0.9884703755378723,0.9867948889732361,1.0,0.23
59320,0.9884703755378723,0.9867948889732361,1.0,0.25
59410,0.9884703755378723,0.9867948889732361,1.0,0.23
59500,0.9884703755378723,0.9867948889732361,1.0,0.23
59590,0.9884703755378723,0.9867948889732361,1.0,0.25
59680,0.9884703755378723,0.9867948889732361,1.0,0.23
59770,0.9884703755378723,0.9867948889732361,1.0,0.25
59860,0.9884703755378723,0.9867948889732361,1.0,0.25
59950,0.9884703755378723,0.9867948889732361,1.0,0.26
60040,0.9884703755378723,0.9867948889732361,1.0,0.25
60130,0.9884703755378723,0.9867948889732361,1.0,0.25
60220,0.9884703755378723,0.9867948889732361,1.0,0.25
60310,0.9884703755378723,0.9867948889732361,1.0,0.34
60400,0.9884703755378723,0.9867948889732361,1.0,0.24
60490,0.9884703755378723,0.9867948889732361,1.0,0.24
60580,0.9884703755378723,0.9867948889732361,1.0,0.24
60670,0.9884703755378723,0.9867948889732361,1.0,0.24
60760,0.9884703755378723,0.9867948889732361,1.0,0.24
60850,0.9884703755378723,0.9867948889732361,1.0,0.24
60940,0.9884703755378723,0.9867948889732361,1.0,0.25
61030,0.9884703755378723,0.9867948889732361,1.0,0.25
61120,0.9884703755378723,0.9867948889732361,1.0,0.23
61210,0.9884703755378723,0.9867948889732361,1.0,0.25
61300,0.9884703755378723,0.9867948889732361,1.0,0.23
61390,0.9884703755378723,0.9867948889732361,1.0,0.23
61480,0.9884703755378723,0.9867948889732361,1.0,0.23
61570,0.9884703755378723,0.9867948889732361,1.0,0.24
61660,0.9884703755378723,0.9867948889732361,1.0,0.24
61750,0.9884703755378723,0.9867948889732361,1.0,0.27
61840,0.9884703755378723,0.9867948889732361,1.0,0.23
61930,0.9884703755378723,0.9867948889732361,1.0,0.28
62020,0.9884703755378723,0.9867948889732361,1.0,0.25
62110,0.9884703755378723,0.9867948889732361,1.0,0.25
62200,0.9884703755378723,0.9867948889732361,1.0,0.26
62290,0.9884703755378723,0.9867948889732361,1.0,0.23
62380,0.9884703755378723,0.9867948889732361,1.0,0.25
62470,0.9884703755378723,0.9867948889732361,1.0,0.25
62560,0.9884703755378723,0.9867948889732361,1.0,0.33
62650,0.9884703755378723,0.9867948889732361,1.0,0.23
62740,0.9884703755378723,0.9867948889732361,1.0,0.24
62830,0.9884703755378723,0.9867948889732361,1.0,0.26
62920,0.9884703755378723,0.9867948889732361,1.0,0.24
63010,0.9884703755378723,0.9867948889732361,1.0,0.29
63100,0.9884703755378723,0.9867948889732361,1.0,0.24
63190,0.9884703755378723,0.9867948889732361,1.0,0.25
63280,0.9884703755378723,0.9867948889732361,1.0,0.24
63370,0.9884703755378723,0.9867948889732361,1.0,0.24
63460,0.9884703755378723,0.9867948889732361,1.0,0.25
63550,0.9884703755378723,0.9867948889732361,1.0,0.23
63640,0.9884703755378723,0.9867948889732361,1.0,0.24
63730,0.9884703755378723,0.9867948889732361,1.0,0.25
63820,0.9884703755378723,0.9867948889732361,1.0,0.25
63910,0.9884703755378723,0.9867948889732361,1.0,0.27
64000,0.9884703755378723,0.9867948889732361,1.0,0.24
64090,0.9884703755378723,0.9867948889732361,1.0,0.26
64180,0.9884703755378723,0.9867948889732361,1.0,0.24
64270,0.9884703755378723,0.9867948889732361,1.0,0.25
64360,0.9884703755378723,0.9867948889732361,1.0,0.25
64450,0.9884703755378723,0.9867948889732361,1.0,0.26
64540,0.9884703755378723,0.9867948889732361,1.0,0.27
64630,0.9884703755378723,0.9867948889732361,1.0,0.23
64720,0.9884703755378723,0.9867948889732361,1.0,0.23
64810,0.9884703755378723,0.9867948889732361,1.0,0.26
64900,0.9884703755378723,0.9867948889732361,1.0,0.24
64990,0.9884703755378723,0.9867948889732361,1.0,0.33
65080,0.9884703755378723,0.9867948889732361,1.0,0.23
65170,0.9884703755378723,0.9867948889732361,1.0,0.24
65260,0.9884703755378723,0.9867948889732361,1.0,0.24
65350,0.9884703755378723,0.9867948889732361,1.0,0.24
65440,0.9884703755378723,0.9867948889732361,1.0,0.28
65530,0.9884703755378723,0.9867948889732361,1.0,0.23
65620,0.9884703755378723,0.9867948889732361,1.0,0.25
65710,0.9884703755378723,0.9867948889732361,1.0,0.24
65800,0.9884703755378723,0.9867948889732361,1.0,0.25
65890,0.9884703755378723,0.9867948889732361,1.0,0.23
65980,0.9884703755378723,0.9867948889732361,1.0,0.25
66070,0.9884703755378723,0.9867948889732361,1.0,0.23
66160,0.9884703755378723,0.9867948889732361,1.0,0.25
66250,0.9884703755378723,0.9867948889732361,1.0,0.25
66340,0.9884703755378723,0.9867948889732361,1.0,0.23
66430,0.9884703755378723,0.9867948889732361,1.0,0.25
66520,0.9884703755378723,0.9867948889732361,1.0,0.24
66610,0.9884703755378723,0.9867948889732361,1.0,0.24
66700,0.9884703755378723,0.9867948889732361,1.0,0.24
66790,0.9884703755378723,0.9867948889732361,1.0,0.23
66880,0.9884703755378723,0.9867948889732361,1.0,0.23
66970,0.9884703755378723,0.9867948889732361,1.0,0.23
67060,0.9884703755378723,0.9867948889732361,1.0,0.23
67150,0.9884703755378723,0.9867948889732361,1.0,0.24
67240,0.9884703755378723,0.9867948889732361,1.0,0.35
67330,0.9884703755378723,0.9867948889732361,1.0,0.24
67420,0.9884703755378723,0.9867948889732361,1.0,0.23
67510,0.9884703755378723,0.9867948889732361,1.0,0.24
67600,0.9884703755378723,0.9867948889732361,1.0,0.25
67690,0.9884703755378723,0.9867948889732361,1.0,0.25
67780,0.9884703755378723,0.9867948889732361,1.0,0.23
67870,0.9884703755378723,0.9867948889732361,1.0,0.23
67960,0.9884703755378723,0.9867948889732361,1.0,0.31
68050,0.9884703755378723,0.9867948889732361,1.0,0.25
68140,0.9884703755378723,0.9867948889732361,1.0,0.23
68230,0.9884703755378723,0.9867948889732361,1.0,0.23
68320,0.9884703755378723,0.9867948889732361,1.0,0.25
68410,0.9884703755378723,0.9867948889732361,1.0,0.26
68500,0.9884703755378723,0.9867948889732361,1.0,0.24
68590,0.9884703755378723,0.9867948889732361,1.0,0.23
68680,0.9884703755378723,0.9867948889732361,1.0,0.24
68770,0.9884703755378723,0.9867948889732361,1.0,0.25
68860,0.9884703755378723,0.9867948889732361,1.0,0.23
68950,0.9884703755378723,0.9867948889732361,1.0,0.24
69040,0.9884703755378723,0.9867948889732361,1.0,0.25
69130,0.9884703755378723,0.9867948889732361,1.0,0.24
69220,0.9884703755378723,0.9867948889732361,1.0,0.24
69310,0.9884703755378723,0.9867948889732361,1.0,0.23
69400,0.9884703755378723,0.9867948889732361,1.0,0.25
69490,0.9884703755378723,0.9867948889732361,1.0,0.24
69580,0.9884703755378723,0.9867948889732361,1.0,0.24
69670,0.9884703755378723,0.9867948889732361,1.0,0.33
69760,0.9884703755378723,0.9867948889732361,1.0,0.26
69850,0.9884703755378723,0.9867948889732361,1.0,0.23
69940,0.9884703755378723,0.9867948889732361,1.0,0.26
70030,0.9884703755378723,0.9867948889732361,1.0,0.23
70120,0.9884703755378723,0.9867948889732361,1.0,0.23
70210,0.9884703755378723,0.9867948889732361,1.0,0.23
70300,0.9884703755378723,0.9867948889732361,1.0,0.23
70390,0.9884703755378723,0.9867948889732361,1.0,0.23
70480,0.9884703755378723,0.9867948889732361,1.0,0.24
70570,0.9884703755378723,0.9867948889732361,1.0,0.23
70660,0.9884703755378723,0.9867948889732361,1.0,0.23
70750,0.9884703755378723,0.9867948889732361,1.0,0.23
70840,0.9884703755378723,0.9867948889732361,1.0,0.25
70930,0.9884703755378723,0.9867948889732361,1.0,0.24
71020,0.9884703755378723,0.9867948889732361,1.0,0.25
71110,0.9884703755378723,0.9867948889732361,1.0,0.24
71200,0.9884703755378723,0.9867948889732361,1.0,0.25
71290,0.9884703755378723,0.9867948889732361,1.0,0.24
71380,0.9884703755378723,0.9867948889732361,1.0,0.24
71470,0.9884703755378723,0.9867948889732361,1.0,0.23
71560,0.9884703755378723,0.9867948889732361,1.0,0.25
71650,0.9884703755378723,0.9867948889732361,1.0,0.24
71740,0.9884703755378723,0.9867948889732361,1.0,0.24
71830,0.9884703755378723,0.9867948889732361,1.0,0.25
71920,0.9884703755378723,0.9867948889732361,1.0,0.36
72010,0.9884703755378723,0.9867948889732361,1.0,0.26
72100,0.9884703755378723,0.9867948889732361,1.0,0.25
72190,0.9884703755378723,0.9867948889732361,1.0,0.25
72280,0.9884703755378723,0.9867948889732361,1.0,0.27
72370,0.9884703755378723,0.9867948889732361,1.0,0.32
72460,0.9884703755378723,0.9867948889732361,1.0,0.25
72550,0.9884703755378723,0.9867948889732361,1.0,0.23
72640,0.9884703755378723,0.9867948889732361,1.0,0.23
72730,0.9884703755378723,0.9867948889732361,1.0,0.23
72820,0.9884703755378723,0.9867948889732361,1.0,0.24
72910,0.9884703755378723,0.9867948889732361,1.0,0.23
73000,0.9884703755378723,0.9867948889732361,1.0,0.23
73090,0.9884703755378723,0.9867948889732361,1.0,0.26
73180,0.9884703755378723,0.9867948889732361,1.0,0.24
73270,0.9884703755378723,0.9867948889732361,1.0,0.25
73360,0.9884703755378723,0.9867948889732361,1.0,0.24
73450,0.9884703755378723,0.9867948889732361,1.0,0.23
73540,0.9884703755378723,0.9867948889732361,1.0,0.23
73630,0.9884703755378723,0.9867948889732361,1.0,0.23
73720,0.9884703755378723,0.9867948889732361,1.0,0.23
73810,0.9884703755378723,0.9867948889732361,1.0,0.25
73900,0.9884703755378723,0.9867948889732361,1.0,0.25
73990,0.9884703755378723,0.9867948889732361,1.0,0.23
74080,0.9884703755378723,0.9867948889732361,1.0,0.24
74170,0.9884703755378723,0.9867948889732361,1.0,0.28
74260,0.9884703755378723,0.9867948889732361,1.0,0.23
74350,0.9884703755378723,0.9867948889732361,1.0,0.38
74440,0.9884703755378723,0.9867948889732361,1.0,0.24
74530,0.9884703755378723,0.9867948889732361,1.0,0.24
74620,0.9884703755378723,0.9867948889732361,1.0,0.24
74710,0.9884703755378723,0.9867948889732361,1.0,0.24
74800,0.9884703755378723,0.9867948889732361,1.0,0.23
74890,0.9884703755378723,0.9867948889732361,1.0,0.26
74980,0.9884703755378723,0.9867948889732361,1.0,0.24
75070,0.9884703755378723,0.9867948889732361,1.0,0.25
75160,0.9884703755378723,0.9867948889732361,1.0,0.24
75250,0.9884703755378723,0.9867948889732361,1.0,0.24
75340,0.9884703755378723,0.9867948889732361,1.0,0.24
75430,0.9884703755378723,0.9867948889732361,1.0,0.24
75520,0.9884703755378723,0.9867948889732361,1.0,0.24
75610,0.9884703755378723,0.9867948889732361,1.0,0.24
75700,0.9884703755378723,0.9867948889732361,1.0,0.25
75790,0.9884703755378723,0.9867948889732361,1.0,0.25
75880,0.9884703755378723,0.9867948889732361,1.0,0.28
75970,0.9884703755378723,0.9867948889732361,1.0,0.25
76060,0.9884703755378723,0.9867948889732361,1.0,0.23
76150,0.9884703755378723,0.9867948889732361,1.0,0.24
76240,0.9884703755378723,0.9867948889732361,1.0,0.24
76330,0.9884703755378723,0.9867948889732361,1.0,0.24
76420,0.9884703755378723,0.9867948889732361,1.0,0.23
76510,0.9884703755378723,0.9867948889732361,1.0,0.23
76600,0.9884703755378723,0.9867948889732361,1.0,0.36
76690,0.9884703755378723,0.9867948889732361,1.0,0.23
76780,0.9884703755378723,0.9867948889732361,1.0,0.27
76870,0.9884703755378723,0.9867948889732361,1.0,0.25
76960,0.9884703755378723,0.9867948889732361,1.0,0.24
77050,0.9884703755378723,0.9867948889732361,1.0,0.24
77140,0.9884703755378723,0.9867948889732361,1.0,0.26
77230,0.9884703755378723,0.9867948889732361,1.0,0.24
77320,0.9884703755378723,0.9867948889732361,1.0,0.25
77410,0.9884703755378723,0.9867948889732361,1.0,0.24
77500,0.9884703755378723,0.9867948889732361,1.0,0.23
77590,0.9884703755378723,0.9867948889732361,1.0,0.24
77680,0.9884703755378723,0.9867948889732361,1.0,0.23
77770,0.9884703755378723,0.9867948889732361,1.0,0.25
77860,0.9884703755378723,0.9867948889732361,1.0,0.25
77950,0.9884703755378723,0.9867948889732361,1.0,0.23
78040,0.9884703755378723,0.9867948889732361,1.0,0.24
78130,0.9884703755378723,0.9867948889732361,1.0,0.25
78220,0.9884703755378723,0.9867948889732361,1.0,0.25
78310,0.9884703755378723,0.9867948889732361,1.0,0.23
78400,0.9884703755378723,0.9867948889732361,1.0,0.23
78490,0.9884703755378723,0.9867948889732361,1.0,0.23
78580,0.9884703755378723,0.9867948889732361,1.0,0.24
78670,0.9884703755378723,0.9867948889732361,1.0,0.24
78760,0.9884703755378723,0.9867948889732361,1.0,0.23
78850,0.9884703755378723,0.9867948889732361,1.0,0.25
78940,0.9884703755378723,0.9867948889732361,1.0,0.29
79030,0.9884703755378723,0.9867948889732361,1.0,0.33
79120,0.9884703755378723,0.9867948889732361,1.0,0.24
79210,0.9884703755378723,0.9867948889732361,1.0,0.25
79300,0.9884703755378723,0.9867948889732361,1.0,0.28
79390,0.9884703755378723,0.9867948889732361,1.0,0.25
79480,0.9884703755378723,0.9867948889732361,1.0,0.24
79570,0.9884703755378723,0.9867948889732361,1.0,0.25
79660,0.9884703755378723,0.9867948889732361,1.0,0.24
79750,0.9884703755378723,0.9867948889732361,1.0,0.23
79840,0.9884703755378723,0.9867948889732361,1.0,0.24
79930,0.9884703755378723,0.9867948889732361,1.0,0.24
80020,0.9884703755378723,0.9867948889732361,1.0,0.27
80110,0.9884703755378723,0.9867948889732361,1.0,0.25
80200,0.9884703755378723,0.9867948889732361,1.0,0.24
80290,0.9884703755378723,0.9867948889732361,1.0,0.24
80380,0.9884703755378723,0.9867948889732361,1.0,0.25
80470,0.9884703755378723,0.9867948889732361,1.0,0.23
80560,0.9884703755378723,0.9867948889732361,1.0,0.27
80650,0.9884703755378723,0.9867948889732361,1.0,0.24
80740,0.9884703755378723,0.9867948889732361,1.0,0.23
80830,0.9884703755378723,0.9867948889732361,1.0,0.23
80920,0.9884703755378723,0.9867948889732361,1.0,0.25
81010,0.9884703755378723,0.9867948889732361,1.0,0.26
81100,0.9884703755378723,0.9867948889732361,1.0,0.26
81190,0.9884703755378723,0.9867948889732361,1.0,0.25
81280,0.9884703755378723,0.9867948889732361,1.0,0.36
81370,0.9884703755378723,0.9867948889732361,1.0,0.24
81460,0.9884703755378723,0.9867948889732361,1.0,0.24
81550,0.9884703755378723,0.9867948889732361,1.0,0.24
81640,0.9884703755378723,0.9867948889732361,1.0,0.29
81730,0.9884703755378723,0.9867948889732361,1.0,0.25
81820,0.9884703755378723,0.9867948889732361,1.0,0.26
81910,0.9884703755378723,0.9867948889732361,1.0,0.24
82000,0.9884703755378723,0.9867948889732361,1.0,0.24
82090,0.9884703755378723,0.9867948889732361,1.0,0.24
82180,0.9884703755378723,0.9867948889732361,1.0,0.26
82270,0.9884703755378723,0.9867948889732361,1.0,0.24
82360,0.9884703755378723,0.9867948889732361,1.0,0.25
82450,0.9884703755378723,0.9867948889732361,1.0,0.25
82540,0.9884703755378723,0.9867948889732361,1.0,0.24
82630,0.9884703755378723,0.9867948889732361,1.0,0.24
82720,0.9884703755378723,0.9867948889732361,1.0,0.24
82810,0.9884703755378723,0.9867948889732361,1.0,0.29
82900,0.9884703755378723,0.9867948889732361,1.0,0.24
82990,0.9884703755378723,0.9867948889732361,1.0,0.23
83080,0.9884703755378723,0.9867948889732361,1.0,0.24
83170,0.9884703755378723,0.9867948889732361,1.0,0.23
83260,0.9884703755378723,0.9867948889732361,1.0,0.23
83350,0.9884703755378723,0.9867948889732361,1.0,0.23
83440,0.9884703755378723,0.9867948889732361,1.0,0.23
83530,0.9884703755378723,0.9867948889732361,1.0,0.30
83620,0.9884703755378723,0.9867948889732361,1.0,0.25
83710,0.9884703755378723,0.9867948889732361,1.0,0.35
83800,0.9884703755378723,0.9867948889732361,1.0,0.25
83890,0.9884703755378723,0.9867948889732361,1.0,0.28
83980,0.9884703755378723,0.9867948889732361,1.0,0.25
84070,0.9884703755378723,0.9867948889732361,1.0,0.25
84160,0.9884703755378723,0.9867948889732361,1.0,0.25
84250,0.9884703755378723,0.9867948889732361,1.0,0.25
84340,0.9884703755378723,0.9867948889732361,1.0,0.25
84430,0.9884703755378723,0.9867948889732361,1.0,0.23
84520,0.9884703755378723,0.9867948889732361,1.0,0.24
84610,0.9884703755378723,0.9867948889732361,1.0,0.23
84700,0.9884703755378723,0.9867948889732361,1.0,0.25
84790,0.9884703755378723,0.9867948889732361,1.0,0.24
84880,0.9884703755378723,0.9867948889732361,1.0,0.24
84970,0.9884703755378723,0.9867948889732361,1.0,0.26
85060,0.9884703755378723,0.9867948889732361,1.0,0.24
85150,0.9884703755378723,0.9867948889732361,1.0,0.25
85240,0.9884703755378723,0.9867948889732361,1.0,0.26
85330,0.9884703755378723,0.9867948889732361,1.0,0.23
85420,0.9884703755378723,0.9867948889732361,1.0,0.24
85510,0.9884703755378723,0.9867948889732361,1.0,0.23
85600,0.9884703755378723,0.9867948889732361,1.0,0.25
85690,0.9884703755378723,0.9867948889732361,1.0,0.24
85780,0.9884703755378723,0.9867948889732361,1.0,0.24
85870,0.9884703755378723,0.9867948889732361,1.0,0.25
85960,0.9884703755378723,0.9867948889732361,1.0,0.34
86050,0.9884703755378723,0.9867948889732361,1.0,0.25
86140,0.9884703755378723,0.9867948889732361,1.0,0.23
86230,0.9884703755378723,0.9867948889732361,1.0,0.24
86320,0.9884703755378723,0.9867948889732361,1.0,0.24
86410,0.9884703755378723,0.9867948889732361,1.0,0.24
86500,0.9884703755378723,0.9867948889732361,1.0,0.25
86590,0.9884703755378723,0.9867948889732361,1.0,0.23
86680,0.9884703755378723,0.9867948889732361,1.0,0.24
86770,0.9884703755378723,0.9867948889732361,1.0,0.23
86860,0.9884703755378723,0.9867948889732361,1.0,0.25
86950,0.9884703755378723,0.9867948889732361,1.0,0.23
87040,0.9884703755378723,0.9867948889732361,1.0,0.24
87130,0.9884703755378723,0.9867948889732361,1.0,0.25
87220,0.9884703755378723,0.9867948889732361,1.0,0.24
87310,0.9884703755378723,0.9867948889732361,1.0,0.23
87400,0.9884703755378723,0.9867948889732361,1.0,0.24
87490,0.9884703755378723,0.9867948889732361,1.0,0.24
87580,0.9884703755378723,0.9867948889732361,1.0,0.24
87670,0.9884703755378723,0.9867948889732361,1.0,0.24
87760,0.9884703755378723,0.9867948889732361,1.0,0.23
87850,0.9884703755378723,0.9867948889732361,1.0,0.27
87940,0.9884703755378723,0.9867948889732361,1.0,0.23
88030,0.9884703755378723,0.9867948889732361,1.0,0.24
88120,0.9884703755378723,0.9867948889732361,1.0,0.23
88210,0.9884703755378723,0.9867948889732361,1.0,0.24
88300,0.9884703755378723,0.9867948889732361,1.0,0.24
88390,0.9884703755378723,0.9867948889732361,1.0,0.33
88480,0.9884703755378723,0.9867948889732361,1.0,0.25
88570,0.9884703755378723,0.9867948889732361,1.0,0.24
88660,0.9884703755378723,0.9867948889732361,1.0,0.24
88750,0.9884703755378723,0.9867948889732361,1.0,0.26
88840,0.9884703755378723,0.9867948889732361,1.0,0.24
88930,0.9884703755378723,0.9867948889732361,1.0,0.23
89020,0.9884703755378723,0.9867948889732361,1.0,0.24
89110,0.9884703755378723,0.9867948889732361,1.0,0.24
89200,0.9884703755378723,0.9867948889732361,1.0,0.23
89290,0.9884703755378723,0.9867948889732361,1.0,0.24
89380,0.9884703755378723,0.9867948889732361,1.0,0.24
89470,0.9884703755378723,0.9867948889732361,1.0,0.24
89560,0.9884703755378723,0.9867948889732361,1.0,0.25
89650,0.9884703755378723,0.9867948889732361,1.0,0.24
89740,0.9884703755378723,0.9867948889732361,1.0,0.27
89830,0.9884703755378723,0.9867948889732361,1.0,0.24
89920,0.9884703755378723,0.9867948889732361,1.0,0.23
90010,0.9884703755378723,0.9867948889732361,1.0,0.25
90100,0.9884703755378723,0.9867948889732361,1.0,0.23
90190,0.9884703755378723,0.9867948889732361,1.0,0.23
90280,0.9884703755378723,0.9867948889732361,1.0,0.26
90370,0.9884703755378723,0.9867948889732361,1.0,0.25
90460,0.9884703755378723,0.9867948889732361,1.0,0.25
90550,0.9884703755378723,0.9867948889732361,1.0,0.24
90640,0.9884703755378723,0.9867948889732361,1.0,0.35
90730,0.9884703755378723,0.9867948889732361,1.0,0.24
90820,0.9884703755378723,0.9867948889732361,1.0,0.31
90910,0.9884703755378723,0.9867948889732361,1.0,0.24
91000,0.9884703755378723,0.9867948889732361,1.0,0.24
91090,0.9884703755378723,0.9867948889732361,1.0,0.24
91180,0.9884703755378723,0.9867948889732361,1.0,0.24
91270,0.9884703755378723,0.9867948889732361,1.0,0.24
91360,0.9884703755378723,0.9867948889732361,1.0,0.23
91450,0.9884703755378723,0.9867948889732361,1.0,0.25
91540,0.9884703755378723,0.9867948889732361,1.0,0.24
91630,0.9884703755378723,0.9867948889732361,1.0,0.23
91720,0.9884703755378723,0.9867948889732361,1.0,0.23
91810,0.9884703755378723,0.9867948889732361,1.0,0.24
91900,0.9884703755378723,0.9867948889732361,1.0,0.24
91990,0.9884703755378723,0.9867948889732361,1.0,0.30
92080,0.9884703755378723,0.9867948889732361,1.0,0.23
92170,0.9884703755378723,0.9867948889732361,1.0,0.25
92260,0.9884703755378723,0.9867948889732361,1.0,0.24
92350,0.9884703755378723,0.9867948889732361,1.0,0.26
92440,0.9884703755378723,0.9867948889732361,1.0,0.25
92530,0.9884703755378723,0.9867948889732361,1.0,0.24
92620,0.9884703755378723,0.9867948889732361,1.0,0.27
92710,0.9884703755378723,0.9867948889732361,1.0,0.25
92800,0.9884703755378723,0.9867948889732361,1.0,0.23
92890,0.9884703755378723,0.9867948889732361,1.0,0.25
92980,0.9884703755378723,0.9867948889732361,1.0,0.24
93070,0.9884703755378723,0.9867948889732361,1.0,0.33
93160,0.9884703755378723,0.9867948889732361,1.0,0.28
93250,0.9884703755378723,0.9867948889732361,1.0,0.23
93340,0.9884703755378723,0.9867948889732361,1.0,0.25
93430,0.9884703755378723,0.9867948889732361,1.0,0.24
93520,0.9884703755378723,0.9867948889732361,1.0,0.25
93610,0.9884703755378723,0.9867948889732361,1.0,0.23
93700,0.9884703755378723,0.9867948889732361,1.0,0.23
93790,0.9884703755378723,0.9867948889732361,1.0,0.28
93880,0.9884703755378723,0.9867948889732361,1.0,0.24
93970,0.9884703755378723,0.9867948889732361,1.0,0.24
94060,0.9884703755378723,0.9867948889732361,1.0,0.25
94150,0.9884703755378723,0.9867948889732361,1.0,0.23
94240,0.9884703755378723,0.9867948889732361,1.0,0.24
94330,0.9884703755378723,0.9867948889732361,1.0,0.26
94420,0.9884703755378723,0.9867948889732361,1.0,0.25
94510,0.9884703755378723,0.9867948889732361,1.0,0.27
94600,0.9884703755378723,0.9867948889732361,1.0,0.25
94690,0.9884703755378723,0.9867948889732361,1.0,0.25
94780,0.9884703755378723,0.9867948889732361,1.0,0.24
94870,0.9884703755378723,0.9867948889732361,1.0,0.24
94960,0.9884703755378723,0.9867948889732361,1.0,0.23
95050,0.9884703755378723,0.9867948889732361,1.0,0.24
95140,0.9884703755378723,0.9867948889732361,1.0,0.25
95230,0.9884703755378723,0.9867948889732361,1.0,0.25
95320,0.9884703755378723,0.9867948889732361,1.0,0.33
95410,0.9884703755378723,0.9867948889732361,1.0,0.25
95500,0.9884703755378723,0.9867948889732361,1.0,0.25
95590,0.9884703755378723,0.9867948889732361,1.0,0.26
95680,0.9884703755378723,0.9867948889732361,1.0,0.25
95770,0.9884703755378723,0.9867948889732361,1.0,0.26
95860,0.9884703755378723,0.9867948889732361,1.0,0.25
95950,0.9884703755378723,0.9867948889732361,1.0,0.25
96040,0.9884703755378723,0.9867948889732361,1.0,0.25
96130,0.9884703755378723,0.9867948889732361,1.0,0.24
96220,0.9884703755378723,0.9867948889732361,1.0,0.23
96310,0.9884703755378723,0.9867948889732361,1.0,0.26
96400,0.9884703755378723,0.9867948889732361,1.0,0.26
96490,0.9884703755378723,0.9867948889732361,1.0,0.24
96580,0.9884703755378723,0.9867948889732361,1.0,0.25
96670,0.9884703755378723,0.9867948889732361,1.0,0.23
96760,0.9884703755378723,0.9867948889732361,1.0,0.27
96850,0.9884703755378723,0.9867948889732361,1.0,0.25
96940,0.9884703755378723,0.9867948889732361,1.0,0.25
97030,0.9884703755378723,0.9867948889732361,1.0,0.29
97120,0.9884703755378723,0.9867948889732361,1.0,0.26
97210,0.9884703755378723,0.9867948889732361,1.0,0.25
97300,0.9884703755378723,0.9867948889732361,1.0,0.23
97390,0.9884703755378723,0.9867948889732361,1.0,0.23
97480,0.9884703755378723,0.9867948889732361,1.0,0.26
97570,0.9884703755378723,0.9867948889732361,1.0,0.23
97660,0.9884703755378723,0.9867948889732361,1.0,0.23
97750,0.9884703755378723,0.9867948889732361,1.0,0.33
97840,0.9884703755378723,0.9867948889732361,1.0,0.25
97930,0.9884703755378723,0.9867948889732361,1.0,0.24
98020,0.9884703755378723,0.9867948889732361,1.0,0.23
98110,0.9884703755378723,0.9867948889732361,1.0,0.24
98200,0.9884703755378723,0.9867948889732361,1.0,0.23
98290,0.9884703755378723,0.9867948889732361,1.0,0.24
98380,0.9884703755378723,0.9867948889732361,1.0,0.25
98470,0.9884703755378723,0.9867948889732361,1.0,0.24
98560,0.9884703755378723,0.9867948889732361,1.0,0.25
98650,0.9884703755378723,0.9867948889732361,1.0,0.23
98740,0.9884703755378723,0.9867948889732361,1.0,0.29
98830,0.9884703755378723,0.9867948889732361,1.0,0.23
98920,0.9884703755378723,0.9867948889732361,1.0,0.26
99010,0.9884703755378723,0.9867948889732361,1.0,0.25
99100,0.9884703755378723,0.9867948889732361,1.0,0.31
99190,0.9884703755378723,0.9867948889732361,1.0,0.25
99280,0.9884703755378723,0.9867948889732361,1.0,0.27
99370,0.9884703755378723,0.9867948889732361,1.0,0.24
99460,0.9884703755378723,0.9867948889732361,1.0,0.23
99550,0.9884703755378723,0.9867948889732361,1.0,0.24
99640,0.9884703755378723,0.9867948889732361,1.0,0.28
99730,0.9884703755378723,0.9867948889732361,1.0,0.25
99820,0.9884703755378723,0.9867948889732361,1.0,0.24
99910,0.9884703755378723,0.9867948889732361,1.0,0.28
100000,0.9884703755378723,0.9867948889732361,1.0,0.37
100090,0.9884703755378723,0.9867948889732361,1.0,0.23
100180,0.9884703755378723,0.9867948889732361,1.0,0.25
100270,0.9884703755378723,0.9867948889732361,1.0,0.25
100360,0.9884703755378723,0.9867948889732361,1.0,0.25
100450,0.9884703755378723,0.9867948889732361,1.0,0.23
100540,0.9884703755378723,0.9867948889732361,1.0,0.25
100630,0.9884703755378723,0.9867948889732361,1.0,0.24
100720,0.9884703755378723,0.9867948889732361,1.0,0.24
100810,0.9884703755378723,0.9867948889732361,1.0,0.25
100900,0.9884703755378723,0.9867948889732361,1.0,0.25
100990,0.9884703755378723,0.9867948889732361,1.0,0.25
101080,0.9884703755378723,0.9867948889732361,1.0,0.25
101170,0.9884703755378723,0.9867948889732361,1.0,0.24
101260,0.9884703755378723,0.9867948889732361,1.0,0.26
101350,0.9884703755378723,0.9867948889732361,1.0,0.25
101440,0.9884703755378723,0.9867948889732361,1.0,0.23
101530,0.9884703755378723,0.9867948889732361,1.0,0.24
101620,0.9884703755378723,0.9867948889732361,1.0,0.24
101710,0.9884703755378723,0.9867948889732361,1.0,0.24
101800,0.9884703755378723,0.9867948889732361,1.0,0.26
101890,0.9884703755378723,0.9867948889732361,1.0,0.27
101980,0.9884703755378723,0.9867948889732361,1.0,0.24
102070,0.9884703755378723,0.9867948889732361,1.0,0.25
102160,0.9884703755378723,0.9867948889732361,1.0,0.27
102250,0.9884703755378723,0.9867948889732361,1.0,0.26
102340,0.9884703755378723,0.9867948889732361,1.0,0.24
102430,0.9884703755378723,0.9867948889732361,1.0,0.33
102520,0.9884703755378723,0.9867948889732361,1.0,0.29
102610,0.9884703755378723,0.9867948889732361,1.0,0.25
102700,0.9884703755378723,0.9867948889732361,1.0,0.24
102790,0.9884703755378723,0.9867948889732361,1.0,0.23
102880,0.9884703755378723,0.9867948889732361,1.0,0.28
102970,0.9884703755378723,0.9867948889732361,1.0,0.23
103060,0.9884703755378723,0.9867948889732361,1.0,0.26
103150,0.9884703755378723,0.9867948889732361,1.0,0.24
103240,0.9884703755378723,0.9867948889732361,1.0,0.24
103330,0.9884703755378723,0.9867948889732361,1.0,0.23
103420,0.9884703755378723,0.9867948889732361,1.0,0.23
103510,0.9884703755378723,0.9867948889732361,1.0,0.25
103600,0.9884703755378723,0.9867948889732361,1.0,0.29
103690,0.9884703755378723,0.9867948889732361,1.0,0.23
103780,0.9884703755378723,0.9867948889732361,1.0,0.23
103870,0.9884703755378723,0.9867948889732361,1.0,0.24
103960,0.9884703755378723,0.9867948889732361,1.0,0.25
104050,0.9884703755378723,0.9867948889732361,1.0,0.23
104140,0.9884703755378723,0.9867948889732361,1.0,0.24
104230,0.9884703755378723,0.9867948889732361,1.0,0.24
104320,0.9884703755378723,0.9867948889732361,1.0,0.28
104410,0.9884703755378723,0.9867948889732361,1.0,0.24
104500,0.9884703755378723,0.9867948889732361,1.0,0.23
104590,0.9884703755378723,0.9867948889732361,1.0,0.24
104680,0.9884703755378723,0.9867948889732361,1.0,0.34
104770,0.9884703755378723,0.9867948889732361,1.0,0.24
104860,0.9884703755378723,0.9867948889732361,1.0,0.25
104950,0.9884703755378723,0.9867948889732361,1.0,0.25
105040,0.9884703755378723,0.9867948889732361,1.0,0.27
105130,0.9884703755378723,0.9867948889732361,1.0,0.25
105220,0.9884703755378723,0.9867948889732361,1.0,0.24
105310,0.9884703755378723,0.9867948889732361,1.0,0.24
105400,0.9884703755378723,0.9867948889732361,1.0,0.31
105490,0.9884703755378723,0.9867948889732361,1.0,0.25
105580,0.9884703755378723,0.9867948889732361,1.0,0.23
105670,0.9884703755378723,0.9867948889732361,1.0,0.23
105760,0.9884703755378723,0.9867948889732361,1.0,0.24
105850,0.9884703755378723,0.9867948889732361,1.0,0.24
105940,0.9884703755378723,0.9867948889732361,1.0,0.24
106030,0.9884703755378723,0.9867948889732361,1.0,0.23
106120,0.9884703755378723,0.9867948889732361,1.0,0.23
106210,0.9884703755378723,0.9867948889732361,1.0,0.23
106300,0.9884703755378723,0.9867948889732361,1.0,0.24
106390,0.9884703755378723,0.9867948889732361,1.0,0.23
106480,0.9884703755378723,0.9867948889732361,1.0,0.24
106570,0.9884703755378723,0.9867948889732361,1.0,0.23
106660,0.9884703755378723,0.9867948889732361,1.0,0.25
106750,0.9884703755378723,0.9867948889732361,1.0,0.25
106840,0.9884703755378723,0.9867948889732361,1.0,0.25
106930,0.9884703755378723,0.9867948889732361,1.0,0.24
107020,0.9884703755378723,0.9867948889732361,1.0,0.23
107110,0.9884703755378723,0.9867948889732361,1.0,0.36
107200,0.9884703755378723,0.9867948889732361,1.0,0.24
107290,0.9884703755378723,0.9867948889732361,1.0,0.28
107380,0.9884703755378723,0.9867948889732361,1.0,0.23
107470,0.9884703755378723,0.9867948889732361,1.0,0.24
107560,0.9884703755378723,0.9867948889732361,1.0,0.24
107650,0.9884703755378723,0.9867948889732361,1.0,0.24
107740,0.9884703755378723,0.9867948889732361,1.0,0.26
107830,0.9884703755378723,0.9867948889732361,1.0,0.24
107920,0.9884703755378723,0.9867948889732361,1.0,0.24
108010,0.9884703755378723,0.9867948889732361,1.0,0.25
108100,0.9884703755378723,0.9867948889732361,1.0,0.24
108190,0.9884703755378723,0.9867948889732361,1.0,0.24
108280,0.9884703755378723,0.9867948889732361,1.0,0.25
108370,0.9884703755378723,0.9867948889732361,1.0,0.24
108460,0.9884703755378723,0.9867948889732361,1.0,0.24
108550,0.9884703755378723,0.9867948889732361,1.0,0.24
108640,0.9884703755378723,0.9867948889732361,1.0,0.24
108730,0.9884703755378723,0.9867948889732361,1.0,0.24
108820,0.9884703755378723,0.9867948889732361,1.0,0.26
108910,0.9884703755378723,0.9867948889732361,1.0,0.23
109000,0.9884703755378723,0.9867948889732361,1.0,0.23
109090,0.9884703755378723,0.9867948889732361,1.0,0.23
109180,0.9884703755378723,0.9867948889732361,1.0,0.23
109270,0.9884703755378723,0.9867948889732361,1.0,0.25
109360,0.9884703755378723,0.9867948889732361,1.0,0.33
109450,0.9884703755378723,0.9867948889732361,1.0,0.24
109540,0.9884703755378723,0.9867948889732361,1.0,0.24
109630,0.9884703755378723,0.9867948889732361,1.0,0.25
109720,0.9884703755378723,0.9867948889732361,1.0,0.23
109810,0.9884703755378723,0.9867948889732361,1.0,0.24
109900,0.9884703755378723,0.9867948889732361,1.0,0.24
109990,0.9884703755378723,0.9867948889732361,1.0,0.26
110080,0.9884703755378723,0.9867948889732361,1.0,0.24
110170,0.9884703755378723,0.9867948889732361,1.0,0.23
110260,0.9884703755378723,0.9867948889732361,1.0,0.24
110350,0.9884703755378723,0.9867948889732361,1.0,0.23
110440,0.9884703755378723,0.9867948889732361,1.0,0.23
110530,0.9884703755378723,0.9867948889732361,1.0,0.23
110620,0.9884703755378723,0.9867948889732361,1.0,0.23
110710,0.9884703755378723,0.9867948889732361,1.0,0.23
110800,0.9884703755378723,0.9867948889732361,1.0,0.24
110890,0.9884703755378723,0.9867948889732361,1.0,0.23
110980,0.9884703755378723,0.9867948889732361,1.0,0.24
111070,0.9884703755378723,0.9867948889732361,1.0,0.23
111160,0.9884703755378723,0.9867948889732361,1.0,0.24
111250,0.9884703755378723,0.9867948889732361,1.0,0.23
111340,0.9884703755378723,0.9867948889732361,1.0,0.25
111430,0.9884703755378723,0.9867948889732361,1.0,0.25
111520,0.9884703755378723,0.9867948889732361,1.0,0.24
111610,0.9884703755378723,0.9867948889732361,1.0,0.24
111700,0.9884703755378723,0.9867948889732361,1.0,0.23
111790,0.9884703755378723,0.9867948889732361,1.0,0.34
111880,0.9884703755378723,0.9867948889732361,1.0,0.23
111970,0.9884703755378723,0.9867948889732361,1.0,0.23
112060,0.9884703755378723,0.9867948889732361,1.0,0.25
112150,0.9884703755378723,0.9867948889732361,1.0,0.24
112240,0.9884703755378723,0.9867948889732361,1.0,0.23
112330,0.9884703755378723,0.9867948889732361,1.0,0.25
112420,0.9884703755378723,0.9867948889732361,1.0,0.23
112510,0.9884703755378723,0.9867948889732361,1.0,0.25
112600,0.9884703755378723,0.9867948889732361,1.0,0.27
112690,0.9884703755378723,0.9867948889732361,1.0,0.24
112780,0.9884703755378723,0.9867948889732361,1.0,0.25
112870,0.9884703755378723,0.9867948889732361,1.0,0.24
112960,0.9884703755378723,0.9867948889732361,1.0,0.24
113050,0.9884703755378723,0.9867948889732361,1.0,0.24
113140,0.9884703755378723,0.9867948889732361,1.0,0.25
113230,0.9884703755378723,0.9867948889732361,1.0,0.24
113320,0.9884703755378723,0.9867948889732361,1.0,0.24
113410,0.9884703755378723,0.9867948889732361,1.0,0.24
113500,0.9884703755378723,0.9867948889732361,1.0,0.24
113590,0.9884703755378723,0.9867948889732361,1.0,0.23
113680,0.9884703755378723,0.9867948889732361,1.0,0.23
113770,0.9884703755378723,0.9867948889732361,1.0,0.24
113860,0.9884703755378723,0.9867948889732361,1.0,0.25
113950,0.9884703755378723,0.9867948889732361,1.0,0.23
114040,0.9884703755378723,0.9867948889732361,1.0,0.35
114130,0.9884703755378723,0.9867948889732361,1.0,0.27
114220,0.9884703755378723,0.9867948889732361,1.0,0.24
114310,0.9884703755378723,0.9867948889732361,1.0,0.24
114400,0.9884703755378723,0.9867948889732361,1.0,0.25
114490,0.9884703755378723,0.9867948889732361,1.0,0.25
114580,0.9884703755378723,0.9867948889732361,1.0,0.23
114670,0.9884703755378723,0.9867948889732361,1.0,0.24
114760,0.9884703755378723,0.9867948889732361,1.0,0.25
114850,0.9884703755378723,0.9867948889732361,1.0,0.24
114940,0.9884703755378723,0.9867948889732361,1.0,0.25
115030,0.9884703755378723,0.9867948889732361,1.0,0.23
115120,0.9884703755378723,0.9867948889732361,1.0,0.25
115210,0.9884703755378723,0.9867948889732361,1.0,0.25
115300,0.9884703755378723,0.9867948889732361,1.0,0.23
115390,0.9884703755378723,0.9867948889732361,1.0,0.23
115480,0.9884703755378723,0.9867948889732361,1.0,0.23
115570,0.9884703755378723,0.9867948889732361,1.0,0.24
115660,0.9884703755378723,0.9867948889732361,1.0,0.24
115750,0.9884703755378723,0.9867948889732361,1.0,0.25
115840,0.9884703755378723,0.9867948889732361,1.0,0.25
115930,0.9884703755378723,0.9867948889732361,1.0,0.23
116020,0.9884703755378723,0.9867948889732361,1.0,0.23
116110,0.9884703755378723,0.9867948889732361,1.0,0.25
116200,0.9884703755378723,0.9867948889732361,1.0,0.24
116290,0.9884703755378723,0.9867948889732361,1.0,0.24
116380,0.9884703755378723,0.9867948889732361,1.0,0.24
116470,0.9884703755378723,0.9867948889732361,1.0,0.34
116560,0.9884703755378723,0.9867948889732361,1.0,0.24
116650,0.9884703755378723,0.9867948889732361,1.0,0.23
116740,0.9884703755378723,0.9867948889732361,1.0,0.25
116830,0.9884703755378723,0.9867948889732361,1.0,0.24
116920,0.9884703755378723,0.9867948889732361,1.0,0.23
117010,0.9884703755378723,0.9867948889732361,1.0,0.23
117100,0.9884703755378723,0.9867948889732361,1.0,0.24
117190,0.9884703755378723,0.9867948889732361,1.0,0.25
117280,0.9884703755378723,0.9867948889732361,1.0,0.23
117370,0.9884703755378723,0.9867948889732361,1.0,0.24
117460,0.9884703755378723,0.9867948889732361,1.0,0.24
117550,0.9884703755378723,0.9867948889732361,1.0,0.26
117640,0.9884703755378723,0.9867948889732361,1.0,0.24
117730,0.9884703755378723,0.9867948889732361,1.0,0.25
117820,0.9884703755378723,0.9867948889732361,1.0,0.26
117910,0.9884703755378723,0.9867948889732361,1.0,0.23
118000,0.9884703755378723,0.9867948889732361,1.0,0.23
118090,0.9884703755378723,0.9867948889732361,1.0,0.24
118180,0.9884703755378723,0.9867948889732361,1.0,0.24
118270,0.9884703755378723,0.9867948889732361,1.0,0.23
118360,0.9884703755378723,0.9867948889732361,1.0,0.25
118450,0.9884703755378723,0.9867948889732361,1.0,0.23
118540,0.9884703755378723,0.9867948889732361,1.0,0.25
118630,0.9884703755378723,0.9867948889732361,1.0,0.23
118720,0.9884703755378723,0.9867948889732361,1.0,0.34
118810,0.9884703755378723,0.9867948889732361,1.0,0.24
118900,0.9884703755378723,0.9867948889732361,1.0,0.24
118990,0.9884703755378723,0.9867948889732361,1.0,0.23
119080,0.9884703755378723,0.9867948889732361,1.0,0.23
119170,0.9884703755378723,0.9867948889732361,1.0,0.30
119260,0.9884703755378723,0.9867948889732361,1.0,0.24
119350,0.9884703755378723,0.9867948889732361,1.0,0.26
119440,0.9884703755378723,0.9867948889732361,1.0,0.25
119530,0.9884703755378723,0.9867948889732361,1.0,0.24
119620,0.9884703755378723,0.9867948889732361,1.0,0.25
119710,0.9884703755378723,0.9867948889732361,1.0,0.24
119800,0.9884703755378723,0.9867948889732361,1.0,0.26
119890,0.9884703755378723,0.9867948889732361,1.0,0.25
119980,0.9884703755378723,0.9867948889732361,1.0,0.23
120070,0.9884703755378723,0.9867948889732361,1.0,0.24
120160,0.9884703755378723,0.9867948889732361,1.0,0.24
120250,0.9884703755378723,0.9867948889732361,1.0,0.25
120340,0.9884703755378723,0.9867948889732361,1.0,0.25
120430,0.9884703755378723,0.9867948889732361,1.0,0.26
120520,0.9884703755378723,0.9867948889732361,1.0,0.24
120610,0.9884703755378723,0.9867948889732361,1.0,0.24
120700,0.9884703755378723,0.9867948889732361,1.0,0.25
120790,0.9884703755378723,0.9867948889732361,1.0,0.23
120880,0.9884703755378723,0.9867948889732361,1.0,0.26
120970,0.9884703755378723,0.9867948889732361,1.0,0.23
121060,0.9884703755378723,0.9867948889732361,1.0,0.23
121150,0.9884703755378723,0.9867948889732361,1.0,0.35
121240,0.9884703755378723,0.9867948889732361,1.0,0.23
121330,0.9884703755378723,0.9867948889732361,1.0,0.28
121420,0.9884703755378723,0.9867948889732361,1.0,0.24
121510,0.9884703755378723,0.9867948889732361,1.0,0.24
121600,0.9884703755378723,0.9867948889732361,1.0,0.25
121690,0.9884703755378723,0.9867948889732361,1.0,0.27
121780,0.9884703755378723,0.9867948889732361,1.0,0.23
121870,0.9884703755378723,0.9867948889732361,1.0,0.23
121960,0.9884703755378723,0.9867948889732361,1.0,0.24
122050,0.9884703755378723,0.9867948889732361,1.0,0.26
122140,0.9884703755378723,0.9867948889732361,1.0,0.25
122230,0.9884703755378723,0.9867948889732361,1.0,0.24
122320,0.9884703755378723,0.9867948889732361,1.0,0.25
122410,0.9884703755378723,0.9867948889732361,1.0,0.24
122500,0.9884703755378723,0.9867948889732361,1.0,0.24
122590,0.9884703755378723,0.9867948889732361,1.0,0.23
122680,0.9884703755378723,0.9867948889732361,1.0,0.23
122770,0.9884703755378723,0.9867948889732361,1.0,0.24
122860,0.9884703755378723,0.9867948889732361,1.0,0.24
122950,0.9884703755378723,0.9867948889732361,1.0,0.24
123040,0.9884703755378723,0.9867948889732361,1.0,0.23
123130,0.9884703755378723,0.9867948889732361,1.0,0.25
123220,0.9884703755378723,0.9867948889732361,1.0,0.23
123310,0.9884703755378723,0.9867948889732361,1.0,0.23
123400,0.9884703755378723,0.9867948889732361,1.0,0.33
123490,0.9884703755378723,0.9867948889732361,1.0,0.25
123580,0.9884703755378723,0.9867948889732361,1.0,0.23
123670,0.9884703755378723,0.9867948889732361,1.0,0.23
123760,0.9884703755378723,0.9867948889732361,1.0,0.24
123850,0.9884703755378723,0.9867948889732361,1.0,0.24
123940,0.9884703755378723,0.9867948889732361,1.0,0.24
124030,0.9884703755378723,0.9867948889732361,1.0,0.25
124120,0.9884703755378723,0.9867948889732361,1.0,0.23
124210,0.9884703755378723,0.9867948889732361,1.0,0.24
124300,0.9884703755378723,0.9867948889732361,1.0,0.24
124390,0.9884703755378723,0.9867948889732361,1.0,0.24
124480,0.9884703755378723,0.9867948889732361,1.0,0.24
124570,0.9884703755378723,0.9867948889732361,1.0,0.23
124660,0.9884703755378723,0.9867948889732361,1.0,0.23
124750,0.9884703755378723,0.9867948889732361,1.0,0.24
124840,0.9884703755378723,0.9867948889732361,1.0,0.23
124930,0.9884703755378723,0.9867948889732361,1.0,0.24
125020,0.9884703755378723,0.9867948889732361,1.0,0.26
125110,0.9884703755378723,0.9867948889732361,1.0,0.24
125200,0.9884703755378723,0.9867948889732361,1.0,0.24
125290,0.9884703755378723,0.9867948889732361,1.0,0.25
125380,0.9884703755378723,0.9867948889732361,1.0,0.25
125470,0.9884703755378723,0.9867948889732361,1.0,0.23
125560,0.9884703755378723,0.9867948889732361,1.0,0.23
125650,0.9884703755378723,0.9867948889732361,1.0,0.25
125740,0.9884703755378723,0.9867948889732361,1.0,0.24
125830,0.9884703755378723,0.9867948889732361,1.0,0.33
125920,0.9884703755378723,0.9867948889732361,1.0,0.25
126010,0.9884703755378723,0.9867948889732361,1.0,0.26
126100,0.9884703755378723,0.9867948889732361,1.0,0.25
126190,0.9884703755378723,0.9867948889732361,1.0,0.24
126280,0.9884703755378723,0.9867948889732361,1.0,0.25
126370,0.9884703755378723,0.9867948889732361,1.0,0.25
126460,0.9884703755378723,0.9867948889732361,1.0,0.23
126550,0.9884703755378723,0.9867948889732361,1.0,0.23
126640,0.9884703755378723,0.9867948889732361,1.0,0.25
126730,0.9884703755378723,0.9867948889732361,1.0,0.24
126820,0.9884703755378723,0.9867948889732361,1.0,0.26
126910,0.9884703755378723,0.9867948889732361,1.0,0.25
127000,0.9884703755378723,0.9867948889732361,1.0,0.26
127090,0.9884703755378723,0.9867948889732361,1.0,0.24
127180,0.9884703755378723,0.9867948889732361,1.0,0.29
127270,0.9884703755378723,0.9867948889732361,1.0,0.24
127360,0.9884703755378723,0.9867948889732361,1.0,0.23
127450,0.9884703755378723,0.9867948889732361,1.0,0.24
127540,0.9884703755378723,0.9867948889732361,1.0,0.23
127630,0.9884703755378723,0.9867948889732361,1.0,0.26
127720,0.9884703755378723,0.9867948889732361,1.0,0.24
127810,0.9884703755378723,0.9867948889732361,1.0,0.24
127900,0.9884703755378723,0.9867948889732361,1.0,0.25
127990,0.9884703755378723,0.9867948889732361,1.0,0.24
128080,0.9884703755378723,0.9867948889732361,1.0,0.37
128170,0.9884703755378723,0.9867948889732361,1.0,0.24
128260,0.9884703755378723,0.9867948889732361,1.0,0.23
128350,0.9884703755378723,0.9867948889732361,1.0,0.25
128440,0.9884703755378723,0.9867948889732361,1.0,0.26
128530,0.9884703755378723,0.9867948889732361,1.0,0.23
128620,0.9884703755378723,0.9867948889732361,1.0,0.26
128710,0.9884703755378723,0.9867948889732361,1.0,0.24
128800,0.9884703755378723,0.9867948889732361,1.0,0.23
128890,0.9884703755378723,0.9867948889732361,1.0,0.25
128980,0.9884703755378723,0.9867948889732361,1.0,0.24
129070,0.9884703755378723,0.9867948889732361,1.0,0.23
129160,0.9884703755378723,0.9867948889732361,1.0,0.25
129250,0.9884703755378723,0.9867948889732361,1.0,0.23
129340,0.9884703755378723,0.9867948889732361,1.0,0.25
129430,0.9884703755378723,0.9867948889732361,1.0,0.26
129520,0.9884703755378723,0.9867948889732361,1.0,0.23
129610,0.9884703755378723,0.9867948889732361,1.0,0.23
129700,0.9884703755378723,0.9867948889732361,1.0,0.23
129790,0.9884703755378723,0.9867948889732361,1.0,0.23
129880,0.9884703755378723,0.9867948889732361,1.0,0.24
129970,0.9884703755378723,0.9867948889732361,1.0,0.25
130060,0.9884703755378723,0.9867948889732361,1.0,0.26
130150,0.9884703755378723,0.9867948889732361,1.0,0.23
130240,0.9884703755378723,0.9867948889732361,1.0,0.24
130330,0.9884703755378723,0.9867948889732361,1.0,0.23
130420,0.9884703755378723,0.9867948889732361,1.0,0.23
130510,0.9884703755378723,0.9867948889732361,1.0,0.34
130600,0.9884703755378723,0.9867948889732361,1.0,0.24
130690,0.9884703755378723,0.9867948889732361,1.0,0.23
130780,0.9884703755378723,0.9867948889732361,1.0,0.24
130870,0.9884703755378723,0.9867948889732361,1.0,0.24
130960,0.9884703755378723,0.9867948889732361,1.0,0.26
131050,0.9884703755378723,0.9867948889732361,1.0,0.23
131140,0.9884703755378723,0.9867948889732361,1.0,0.26
131230,0.9884703755378723,0.9867948889732361,1.0,0.25
131320,0.9884703755378723,0.9867948889732361,1.0,0.24
131410,0.9884703755378723,0.9867948889732361,1.0,0.24
131500,0.9884703755378723,0.9867948889732361,1.0,0.23
131590,0.9884703755378723,0.9867948889732361,1.0,0.25
131680,0.9884703755378723,0.9867948889732361,1.0,0.25
131770,0.9884703755378723,0.9867948889732361,1.0,0.24
131860,0.9884703755378723,0.9867948889732361,1.0,0.25
131950,0.9884703755378723,0.9867948889732361,1.0,0.23
132040,0.9884703755378723,0.9867948889732361,1.0,0.27
132130,0.9884703755378723,0.9867948889732361,1.0,0.23
132220,0.9884703755378723,0.9867948889732361,1.0,0.25
132310,0.9884703755378723,0.9867948889732361,1.0,0.23
132400,0.9884703755378723,0.9867948889732361,1.0,0.24
132490,0.9884703755378723,0.9867948889732361,1.0,0.23
132580,0.9884703755378723,0.9867948889732361,1.0,0.25
132670,0.9884703755378723,0.9867948889732361,1.0,0.23
132760,0.9884703755378723,0.9867948889732361,1.0,0.33
132850,0.9884703755378723,0.9867948889732361,1.0,0.27
132940,0.9884703755378723,0.9867948889732361,1.0,0.24
133030,0.9884703755378723,0.9867948889732361,1.0,0.24
133120,0.9884703755378723,0.9867948889732361,1.0,0.23
133210,0.9884703755378723,0.9867948889732361,1.0,0.24
133300,0.9884703755378723,0.9867948889732361,1.0,0.23
133390,0.9884703755378723,0.9867948889732361,1.0,0.24
133480,0.9884703755378723,0.9867948889732361,1.0,0.24
133570,0.9884703755378723,0.9867948889732361,1.0,0.23
133660,0.9884703755378723,0.9867948889732361,1.0,0.24
133750,0.9884703755378723,0.9867948889732361,1.0,0.23
133840,0.9884703755378723,0.9867948889732361,1.0,0.26
133930,0.9884703755378723,0.9867948889732361,1.0,0.23
134020,0.9884703755378723,0.9867948889732361,1.0,0.23
134110,0.9884703755378723,0.9867948889732361,1.0,0.25
134200,0.9884703755378723,0.9867948889732361,1.0,0.25
134290,0.9884703755378723,0.9867948889732361,1.0,0.23
134380,0.9884703755378723,0.9867948889732361,1.0,0.26
134470,0.9884703755378723,0.9867948889732361,1.0,0.23
134560,0.9884703755378723,0.9867948889732361,1.0,0.24
134650,0.9884703755378723,0.9867948889732361,1.0,0.24
134740,0.9884703755378723,0.9867948889732361,1.0,0.25
134830,0.9884703755378723,0.9867948889732361,1.0,0.24
134920,0.9884703755378723,0.9867948889732361,1.0,0.24
135010,0.9884703755378723,0.9867948889732361,1.0,0.24
135100,0.9884703755378723,0.9867948889732361,1.0,0.24
135190,0.9884703755378723,0.9867948889732361,1.0,0.33
135280,0.9884703755378723,0.9867948889732361,1.0,0.23
135370,0.9884703755378723,0.9867948889732361,1.0,0.23
135460,0.9884703755378723,0.9867948889732361,1.0,0.26
135550,0.9884703755378723,0.9867948889732361,1.0,0.24
135640,0.9884703755378723,0.9867948889732361,1.0,0.25
135730,0.9884703755378723,0.9867948889732361,1.0,0.23
135820,0.9884703755378723,0.9867948889732361,1.0,0.26
135910,0.9884703755378723,0.9867948889732361,1.0,0.24
136000,0.9884703755378723,0.9867948889732361,1.0,0.24
136090,0.9884703755378723,0.9867948889732361,1.0,0.24
136180,0.9884703755378723,0.9867948889732361,1.0,0.25
136270,0.9884703755378723,0.9867948889732361,1.0,0.24
136360,0.9884703755378723,0.9867948889732361,1.0,0.23
136450,0.9884703755378723,0.9867948889732361,1.0,0.25
136540,0.9884703755378723,0.9867948889732361,1.0,0.25
136630,0.9884703755378723,0.9867948889732361,1.0,0.23
136720,0.9884703755378723,0.9867948889732361,1.0,0.27
136810,0.9884703755378723,0.9867948889732361,1.0,0.25
136900,0.9884703755378723,0.9867948889732361,1.0,0.23
136990,0.9884703755378723,0.9867948889732361,1.0,0.25
137080,0.9884703755378723,0.9867948889732361,1.0,0.26
137170,0.9884703755378723,0.9867948889732361,1.0,0.25
137260,0.9884703755378723,0.9867948889732361,1.0,0.23
137350,0.9884703755378723,0.9867948889732361,1.0,0.25
137440,0.9884703755378723,0.9867948889732361,1.0,0.34
137530,0.9884703755378723,0.9867948889732361,1.0,0.25
137620,0.9884703755378723,0.9867948889732361,1.0,0.30
137710,0.9884703755378723,0.9867948889732361,1.0,0.24
137800,0.9884703755378723,0.9867948889732361,1.0,0.27
137890,0.9884703755378723,0.9867948889732361,1.0,0.29
137980,0.9884703755378723,0.9867948889732361,1.0,0.24
138070,0.9884703755378723,0.9867948889732361,1.0,0.24
138160,0.9884703755378723,0.9867948889732361,1.0,0.25
138250,0.9884703755378723,0.9867948889732361,1.0,0.27
138340,0.9884703755378723,0.9867948889732361,1.0,0.24
138430,0.9884703755378723,0.9867948889732361,1.0,0.24
138520,0.9884703755378723,0.9867948889732361,1.0,0.24
138610,0.9884703755378723,0.9867948889732361,1.0,0.23
138700,0.9884703755378723,0.9867948889732361,1.0,0.24
138790,0.9884703755378723,0.9867948889732361,1.0,0.24
138880,0.9884703755378723,0.9867948889732361,1.0,0.23
138970,0.9884703755378723,0.9867948889732361,1.0,0.25
139060,0.9884703755378723,0.9867948889732361,1.0,0.23
139150,0.9884703755378723,0.9867948889732361,1.0,0.24
139240,0.9884703755378723,0.9867948889732361,1.0,0.23
139330,0.9884703755378723,0.9867948889732361,1.0,0.23
139420,0.9884703755378723,0.9867948889732361,1.0,0.27
139510,0.9884703755378723,0.9867948889732361,1.0,0.24
139600,0.9884703755378723,0.9867948889732361,1.0,0.23
139690,0.9884703755378723,0.9867948889732361,1.0,0.25
139780,0.9884703755378723,0.9867948889732361,1.0,0.24
139870,0.9884703755378723,0.9867948889732361,1.0,0.33
139960,0.9884703755378723,0.9867948889732361,1.0,0.25
140050,0.9884703755378723,0.9867948889732361,1.0,0.25
140140,0.9884703755378723,0.9867948889732361,1.0,0.25
140230,0.9884703755378723,0.9867948889732361,1.0,0.26
140320,0.9884703755378723,0.9867948889732361,1.0,0.23
140410,0.9884703755378723,0.9867948889732361,1.0,0.23
140500,0.9884703755378723,0.9867948889732361,1.0,0.26
140590,0.9884703755378723,0.9867948889732361,1.0,0.24
140680,0.9884703755378723,0.9867948889732361,1.0,0.26
140770,0.9884703755378723,0.9867948889732361,1.0,0.25
140860,0.9884703755378723,0.9867948889732361,1.0,0.24
140950,0.9884703755378723,0.9867948889732361,1.0,0.23
141040,0.9884703755378723,0.9867948889732361,1.0,0.24
141130,0.9884703755378723,0.9867948889732361,1.0,0.25
141220,0.9884703755378723,0.9867948889732361,1.0,0.25
141310,0.9884703755378723,0.9867948889732361,1.0,0.25
141400,0.9884703755378723,0.9867948889732361,1.0,0.24
141490,0.9884703755378723,0.9867948889732361,1.0,0.25
141580,0.9884703755378723,0.9867948889732361,1.0,0.23
141670,0.9884703755378723,0.9867948889732361,1.0,0.24
141760,0.9884703755378723,0.9867948889732361,1.0,0.23
141850,0.9884703755378723,0.9867948889732361,1.0,0.23
141940,0.9884703755378723,0.9867948889732361,1.0,0.28
142030,0.9884703755378723,0.9867948889732361,1.0,0.25
142120,0.9884703755378723,0.9867948889732361,1.0,0.33
142210,0.9884703755378723,0.9867948889732361,1.0,0.26
142300,0.9884703755378723,0.9867948889732361,1.0,0.25
142390,0.9884703755378723,0.9867948889732361,1.0,0.28
142480,0.9884703755378723,0.9867948889732361,1.0,0.24
142570,0.9884703755378723,0.9867948889732361,1.0,0.26
142660,0.9884703755378723,0.9867948889732361,1.0,0.23
142750,0.9884703755378723,0.9867948889732361,1.0,0.23
142840,0.9884703755378723,0.9867948889732361,1.0,0.23
142930,0.9884703755378723,0.9867948889732361,1.0,0.24
143020,0.9884703755378723,0.9867948889732361,1.0,0.23
143110,0.9884703755378723,0.9867948889732361,1.0,0.25
143200,0.9884703755378723,0.9867948889732361,1.0,0.25
143290,0.9884703755378723,0.9867948889732361,1.0,0.24
143380,0.9884703755378723,0.9867948889732361,1.0,0.23
143470,0.9884703755378723,0.9867948889732361,1.0,0.24
143560,0.9884703755378723,0.9867948889732361,1.0,0.24
143650,0.9884703755378723,0.9867948889732361,1.0,0.23
143740,0.9884703755378723,0.9867948889732361,1.0,0.23
143830,0.9884703755378723,0.9867948889732361,1.0,0.24
143920,0.9884703755378723,0.9867948889732361,1.0,0.24
144010,0.9884703755378723,0.9867948889732361,1.0,0.23
144100,0.9884703755378723,0.9867948889732361,1.0,0.24
144190,0.9884703755378723,0.9867948889732361,1.0,0.23
144280,0.9884703755378723,0.9867948889732361,1.0,0.23
144370,0.9884703755378723,0.9867948889732361,1.0,0.24
144460,0.9884703755378723,0.9867948889732361,1.0,0.23
144550,0.9884703755378723,0.9867948889732361,1.0,0.33
144640,0.9884703755378723,0.9867948889732361,1.0,0.23
144730,0.9884703755378723,0.9867948889732361,1.0,0.24
144820,0.9884703755378723,0.9867948889732361,1.0,0.28
144910,0.9884703755378723,0.9867948889732361,1.0,0.23
145000,0.9884703755378723,0.9867948889732361,1.0,0.26
145090,0.9884703755378723,0.9867948889732361,1.0,0.25
145180,0.9884703755378723,0.9867948889732361,1.0,0.25
145270,0.9884703755378723,0.9867948889732361,1.0,0.24
145360,0.9884703755378723,0.9867948889732361,1.0,0.23
145450,0.9884703755378723,0.9867948889732361,1.0,0.25
145540,0.9884703755378723,0.9867948889732361,1.0,0.24
145630,0.9884703755378723,0.9867948889732361,1.0,0.25
145720,0.9884703755378723,0.9867948889732361,1.0,0.24
145810,0.9884703755378723,0.9867948889732361,1.0,0.24
145900,0.9884703755378723,0.9867948889732361,1.0,0.25
145990,0.9884703755378723,0.9867948889732361,1.0,0.23
146080,0.9884703755378723,0.9867948889732361,1.0,0.23
146170,0.9884703755378723,0.9867948889732361,1.0,0.26
146260,0.9884703755378723,0.9867948889732361,1.0,0.23
146350,0.9884703755378723,0.9867948889732361,1.0,0.23
146440,0.9884703755378723,0.9867948889732361,1.0,0.25
146530,0.9884703755378723,0.9867948889732361,1.0,0.24
146620,0.9884703755378723,0.9867948889732361,1.0,0.25
146710,0.9884703755378723,0.9867948889732361,1.0,0.23
146800,0.9884703755378723,0.9867948889732361,1.0,0.33
146890,0.9884703755378723,0.9867948889732361,1.0,0.26
146980,0.9884703755378723,0.9867948889732361,1.0,0.23
147070,0.9884703755378723,0.9867948889732361,1.0,0.23
147160,0.9884703755378723,0.9867948889732361,1.0,0.24
147250,0.9884703755378723,0.9867948889732361,1.0,0.23
147340,0.9884703755378723,0.9867948889732361,1.0,0.24
147430,0.9884703755378723,0.9867948889732361,1.0,0.28
147520,0.9884703755378723,0.9867948889732361,1.0,0.24
147610,0.9884703755378723,0.9867948889732361,1.0,0.23
147700,0.9884703755378723,0.9867948889732361,1.0,0.25
147790,0.9884703755378723,0.9867948889732361,1.0,0.24
147880,0.9884703755378723,0.9867948889732361,1.0,0.24
147970,0.9884703755378723,0.9867948889732361,1.0,0.24
148060,0.9884703755378723,0.9867948889732361,1.0,0.23
148150,0.9884703755378723,0.9867948889732361,1.0,0.23
148240,0.9884703755378723,0.9867948889732361,1.0,0.23
148330,0.9884703755378723,0.9867948889732361,1.0,0.25
148420,0.9884703755378723,0.9867948889732361,1.0,0.24
148510,0.9884703755378723,0.9867948889732361,1.0,0.25
148600,0.9884703755378723,0.9867948889732361,1.0,0.23
148690,0.9884703755378723,0.9867948889732361,1.0,0.24
148780,0.9884703755378723,0.9867948889732361,1.0,0.24
148870,0.9884703755378723,0.9867948889732361,1.0,0.24
148960,0.9884703755378723,0.9867948889732361,1.0,0.25
149050,0.9884703755378723,0.9867948889732361,1.0,0.24
149140,0.9884703755378723,0.9867948889732361,1.0,0.24
149230,0.9884703755378723,0.9867948889732361,1.0,0.34
149320,0.9884703755378723,0.9867948889732361,1.0,0.24
149410,0.9884703755378723,0.9867948889732361,1.0,0.25
149500,0.9884703755378723,0.9867948889732361,1.0,0.23
149590,0.9884703755378723,0.9867948889732361,1.0,0.23
149680,0.9884703755378723,0.9867948889732361,1.0,0.25
149770,0.9884703755378723,0.9867948889732361,1.0,0.26
149860,0.9884703755378723,0.9867948889732361,1.0,0.24
149950,0.9884703755378723,0.9867948889732361,1.0,0.23
150040,0.9884703755378723,0.9867948889732361,1.0,0.28
150130,0.9884703755378723,0.9867948889732361,1.0,0.26
150220,0.9884703755378723,0.9867948889732361,1.0,0.26
150310,0.9884703755378723,0.9867948889732361,1.0,0.24
150400,0.9884703755378723,0.9867948889732361,1.0,0.24
150490,0.9884703755378723,0.9867948889732361,1.0,0.25
150580,0.9884703755378723,0.9867948889732361,1.0,0.24
150670,0.9884703755378723,0.9867948889732361,1.0,0.23
150760,0.9884703755378723,0.9867948889732361,1.0,0.23
150850,0.9884703755378723,0.9867948889732361,1.0,0.24
150940,0.9884703755378723,0.9867948889732361,1.0,0.26
151030,0.9884703755378723,0.9867948889732361,1.0,0.25
151120,0.9884703755378723,0.9867948889732361,1.0,0.23
151210,0.9884703755378723,0.9867948889732361,1.0,0.24
151300,0.9884703755378723,0.9867948889732361,1.0,0.24
151390,0.9884703755378723,0.9867948889732361,1.0,0.23
151480,0.9884703755378723,0.9867948889732361,1.0,0.35
151570,0.9884703755378723,0.9867948889732361,1.0,0.25
151660,0.9884703755378723,0.9867948889732361,1.0,0.23
151750,0.9884703755378723,0.9867948889732361,1.0,0.25
151840,0.9884703755378723,0.9867948889732361,1.0,0.26
151930,0.9884703755378723,0.9867948889732361,1.0,0.25
152020,0.9884703755378723,0.9867948889732361,1.0,0.23
152110,0.9884703755378723,0.9867948889732361,1.0,0.27
152200,0.9884703755378723,0.9867948889732361,1.0,0.23
152290,0.9884703755378723,0.9867948889732361,1.0,0.25
152380,0.9884703755378723,0.9867948889732361,1.0,0.24
152470,0.9884703755378723,0.9867948889732361,1.0,0.23
152560,0.9884703755378723,0.9867948889732361,1.0,0.23
152650,0.9884703755378723,0.9867948889732361,1.0,0.23
152740,0.9884703755378723,0.9867948889732361,1.0,0.23
152830,0.9884703755378723,0.9867948889732361,1.0,0.23
152920,0.9884703755378723,0.9867948889732361,1.0,0.26
153010,0.9884703755378723,0.9867948889732361,1.0,0.23
153100,0.9884703755378723,0.9867948889732361,1.0,0.23
153190,0.9884703755378723,0.9867948889732361,1.0,0.24
153280,0.9884703755378723,0.9867948889732361,1.0,0.24
153370,0.9884703755378723,0.9867948889732361,1.0,0.24
153460,0.9884703755378723,0.9867948889732361,1.0,0.23
153550,0.9884703755378723,0.9867948889732361,1.0,0.26
153640,0.9884703755378723,0.9867948889732361,1.0,0.24
153730,0.9884703755378723,0.9867948889732361,1.0,0.30
153820,0.9884703755378723,0.9867948889732361,1.0,0.23
153910,0.9884703755378723,0.9867948889732361,1.0,0.34
154000,0.9884703755378723,0.9867948889732361,1.0,0.24
154090,0.9884703755378723,0.9867948889732361,1.0,0.28
154180,0.9884703755378723,0.9867948889732361,1.0,0.23
154270,0.9884703755378723,0.9867948889732361,1.0,0.23
154360,0.9884703755378723,0.9867948889732361,1.0,0.25
154450,0.9884703755378723,0.9867948889732361,1.0,0.25
154540,0.9884703755378723,0.9867948889732361,1.0,0.23
154630,0.9884703755378723,0.9867948889732361,1.0,0.24
154720,0.9884703755378723,0.9867948889732361,1.0,0.24
154810,0.9884703755378723,0.9867948889732361,1.0,0.26
154900,0.9884703755378723,0.9867948889732361,1.0,0.24
154990,0.9884703755378723,0.9867948889732361,1.0,0.23
155080,0.9884703755378723,0.9867948889732361,1.0,0.25
155170,0.9884703755378723,0.9867948889732361,1.0,0.25
155260,0.9884703755378723,0.9867948889732361,1.0,0.25
155350,0.9884703755378723,0.9867948889732361,1.0,0.24
155440,0.9884703755378723,0.9867948889732361,1.0,0.24
155530,0.9884703755378723,0.9867948889732361,1.0,0.24
155620,0.9884703755378723,0.9867948889732361,1.0,0.24
155710,0.9884703755378723,0.9867948889732361,1.0,0.24
155800,0.9884703755378723,0.9867948889732361,1.0,0.25
155890,0.9884703755378723,0.9867948889732361,1.0,0.27
155980,0.9884703755378723,0.9867948889732361,1.0,0.26
156070,0.9884703755378723,0.9867948889732361,1.0,0.28
156160,0.9884703755378723,0.9867948889732361,1.0,0.34
156250,0.9884703755378723,0.9867948889732361,1.0,0.24
156340,0.9884703755378723,0.9867948889732361,1.0,0.24
156430,0.9884703755378723,0.9867948889732361,1.0,0.26
156520,0.9884703755378723,0.9867948889732361,1.0,0.26
156610,0.9884703755378723,0.9867948889732361,1.0,0.25
156700,0.9884703755378723,0.9867948889732361,1.0,0.25
156790,0.9884703755378723,0.9867948889732361,1.0,0.25
156880,0.9884703755378723,0.9867948889732361,1.0,0.24
156970,0.9884703755378723,0.9867948889732361,1.0,0.24
157060,0.9884703755378723,0.9867948889732361,1.0,0.24
157150,0.9884703755378723,0.9867948889732361,1.0,0.25
157240,0.9884703755378723,0.9867948889732361,1.0,0.24
157330,0.9884703755378723,0.9867948889732361,1.0,0.23
157420,0.9884703755378723,0.9867948889732361,1.0,0.24
157510,0.9884703755378723,0.9867948889732361,1.0,0.28
157600,0.9884703755378723,0.9867948889732361,1.0,0.23
157690,0.9884703755378723,0.9867948889732361,1.0,0.25
157780,0.9884703755378723,0.9867948889732361,1.0,0.24
157870,0.9884703755378723,0.9867948889732361,1.0,0.25
157960,0.9884703755378723,0.9867948889732361,1.0,0.24
158050,0.9884703755378723,0.9867948889732361,1.0,0.27
158140,0.9884703755378723,0.9867948889732361,1.0,0.24
158230,0.9884703755378723,0.9867948889732361,1.0,0.24
158320,0.9884703755378723,0.9867948889732361,1.0,0.24
158410,0.9884703755378723,0.9867948889732361,1.0,0.24
158500,0.9884703755378723,0.9867948889732361,1.0,0.29
158590,0.9884703755378723,0.9867948889732361,1.0,0.33
158680,0.9884703755378723,0.9867948889732361,1.0,0.24
158770,0.9884703755378723,0.9867948889732361,1.0,0.29
158860,0.9884703755378723,0.9867948889732361,1.0,0.28
158950,0.9884703755378723,0.9867948889732361,1.0,0.23
159040,0.9884703755378723,0.9867948889732361,1.0,0.26
159130,0.9884703755378723,0.9867948889732361,1.0,0.24
159220,0.9884703755378723,0.9867948889732361,1.0,0.26
159310,0.9884703755378723,0.9867948889732361,1.0,0.27
159400,0.9884703755378723,0.9867948889732361,1.0,0.24
159490,0.9884703755378723,0.9867948889732361,1.0,0.27
159580,0.9884703755378723,0.9867948889732361,1.0,0.24
159670,0.9884703755378723,0.9867948889732361,1.0,0.25
159760,0.9884703755378723,0.9867948889732361,1.0,0.25
159850,0.9884703755378723,0.9867948889732361,1.0,0.25
159940,0.9884703755378723,0.9867948889732361,1.0,0.25
160030,0.9884703755378723,0.9867948889732361,1.0,0.24
160120,0.9884703755378723,0.9867948889732361,1.0,0.25
160210,0.9884703755378723,0.9867948889732361,1.0,0.27
160300,0.9884703755378723,0.9867948889732361,1.0,0.25
160390,0.9884703755378723,0.9867948889732361,1.0,0.24
160480,0.9884703755378723,0.9867948889732361,1.0,0.23
160570,0.9884703755378723,0.9867948889732361,1.0,0.25
160660,0.9884703755378723,0.9867948889732361,1.0,0.25
160750,0.9884703755378723,0.9867948889732361,1.0,0.24
160840,0.9884703755378723,0.9867948889732361,1.0,0.34
160930,0.9884703755378723,0.9867948889732361,1.0,0.24
161020,0.9884703755378723,0.9867948889732361,1.0,0.26
161110,0.9884703755378723,0.9867948889732361,1.0,0.24
161200,0.9884703755378723,0.9867948889732361,1.0,0.23
161290,0.9884703755378723,0.9867948889732361,1.0,0.24
161380,0.9884703755378723,0.9867948889732361,1.0,0.27
161470,0.9884703755378723,0.9867948889732361,1.0,0.23
161560,0.9884703755378723,0.9867948889732361,1.0,0.23
161650,0.9884703755378723,0.9867948889732361,1.0,0.27
161740,0.9884703755378723,0.9867948889732361,1.0,0.24
161830,0.9884703755378723,0.9867948889732361,1.0,0.24
161920,0.9884703755378723,0.9867948889732361,1.0,0.24
162010,0.9884703755378723,0.9867948889732361,1.0,0.26
162100,0.9884703755378723,0.9867948889732361,1.0,0.28
162190,0.9884703755378723,0.9867948889732361,1.0,0.23
162280,0.9884703755378723,0.9867948889732361,1.0,0.25
162370,0.9884703755378723,0.9867948889732361,1.0,0.23
162460,0.9884703755378723,0.9867948889732361,1.0,0.24
162550,0.9884703755378723,0.9867948889732361,1.0,0.24
162640,0.9884703755378723,0.9867948889732361,1.0,0.23
162730,0.9884703755378723,0.9867948889732361,1.0,0.24
162820,0.9884703755378723,0.9867948889732361,1.0,0.24
162910,0.9884703755378723,0.9867948889732361,1.0,0.23
163000,0.9884703755378723,0.9867948889732361,1.0,0.23
163090,0.9884703755378723,0.9867948889732361,1.0,0.25
163180,0.9884703755378723,0.9867948889732361,1.0,0.24
163270,0.9884703755378723,0.9867948889732361,1.0,0.35
163360,0.9884703755378723,0.9867948889732361,1.0,0.24
163450,0.9884703755378723,0.9867948889732361,1.0,0.25
163540,0.9884703755378723,0.9867948889732361,1.0,0.24
163630,0.9884703755378723,0.9867948889732361,1.0,0.29
163720,0.9884703755378723,0.9867948889732361,1.0,0.25
163810,0.9884703755378723,0.9867948889732361,1.0,0.23
163900,0.9884703755378723,0.9867948889732361,1.0,0.24
163990,0.9884703755378723,0.9867948889732361,1.0,0.23
164080,0.9884703755378723,0.9867948889732361,1.0,0.24
164170,0.9884703755378723,0.9867948889732361,1.0,0.24
164260,0.9884703755378723,0.9867948889732361,1.0,0.25
164350,0.9884703755378723,0.9867948889732361,1.0,0.27
164440,0.9884703755378723,0.9867948889732361,1.0,0.25
164530,0.9884703755378723,0.9867948889732361,1.0,0.25
164620,0.9884703755378723,0.9867948889732361,1.0,0.24
164710,0.9884703755378723,0.9867948889732361,1.0,0.23
164800,0.9884703755378723,0.9867948889732361,1.0,0.23
164890,0.9884703755378723,0.9867948889732361,1.0,0.25
164980,0.9884703755378723,0.9867948889732361,1.0,0.24
165070,0.9884703755378723,0.9867948889732361,1.0,0.25
165160,0.9884703755378723,0.9867948889732361,1.0,0.26
165250,0.9884703755378723,0.9867948889732361,1.0,0.26
165340,0.9884703755378723,0.9867948889732361,1.0,0.23
165430,0.9884703755378723,0.9867948889732361,1.0,0.24
165520,0.9884703755378723,0.9867948889732361,1.0,0.33
165610,0.9884703755378723,0.9867948889732361,1.0,0.26
165700,0.9884703755378723,0.9867948889732361,1.0,0.26
165790,0.9884703755378723,0.9867948889732361,1.0,0.27
165880,0.9884703755378723,0.9867948889732361,1.0,0.25
165970,0.9884703755378723,0.9867948889732361,1.0,0.25
166060,0.9884703755378723,0.9867948889732361,1.0,0.24
166150,0.9884703755378723,0.9867948889732361,1.0,0.24
166240,0.9884703755378723,0.9867948889732361,1.0,0.24
166330,0.9884703755378723,0.9867948889732361,1.0,0.23
166420,0.9884703755378723,0.9867948889732361,1.0,0.26
166510,0.9884703755378723,0.9867948889732361,1.0,0.25
166600,0.9884703755378723,0.9867948889732361,1.0,0.24
166690,0.9884703755378723,0.9867948889732361,1.0,0.24
166780,0.9884703755378723,0.9867948889732361,1.0,0.24
166870,0.9884703755378723,0.9867948889732361,1.0,0.24
166960,0.9884703755378723,0.9867948889732361,1.0,0.25
167050,0.9884703755378723,0.9867948889732361,1.0,0.24
167140,0.9884703755378723,0.9867948889732361,1.0,0.24
167230,0.9884703755378723,0.9867948889732361,1.0,0.28
167320,0.9884703755378723,0.9867948889732361,1.0,0.24
167410,0.9884703755378723,0.9867948889732361,1.0,0.24
167500,0.9884703755378723,0.9867948889732361,1.0,0.24
167590,0.9884703755378723,0.9867948889732361,1.0,0.30
167680,0.9884703755378723,0.9867948889732361,1.0,0.25
167770,0.9884703755378723,0.9867948889732361,1.0,0.25
167860,0.9884703755378723,0.9867948889732361,1.0,0.23
167950,0.9884703755378723,0.9867948889732361,1.0,0.33
168040,0.9884703755378723,0.9867948889732361,1.0,0.23
168130,0.9884703755378723,0.9867948889732361,1.0,0.27
168220,0.9884703755378723,0.9867948889732361,1.0,0.23
168310,0.9884703755378723,0.9867948889732361,1.0,0.23
168400,0.9884703755378723,0.9867948889732361,1.0,0.24
168490,0.9884703755378723,0.9867948889732361,1.0,0.23
168580,0.9884703755378723,0.9867948889732361,1.0,0.26
168670,0.9884703755378723,0.9867948889732361,1.0,0.24
168760,0.9884703755378723,0.9867948889732361,1.0,0.26
168850,0.9884703755378723,0.9867948889732361,1.0,0.24
168940,0.9884703755378723,0.9867948889732361,1.0,0.24
169030,0.9884703755378723,0.9867948889732361,1.0,0.23
169120,0.9884703755378723,0.9867948889732361,1.0,0.23
169210,0.9884703755378723,0.9867948889732361,1.0,0.23
169300,0.9884703755378723,0.9867948889732361,1.0,0.24
169390,0.9884703755378723,0.9867948889732361,1.0,0.26
169480,0.9884703755378723,0.9867948889732361,1.0,0.23
169570,0.9884703755378723,0.9867948889732361,1.0,0.28
169660,0.9884703755378723,0.9867948889732361,1.0,0.27
169750,0.9884703755378723,0.9867948889732361,1.0,0.23
169840,0.9884703755378723,0.9867948889732361,1.0,0.23
169930,0.9884703755378723,0.9867948889732361,1.0,0.23
170020,0.9884703755378723,0.9867948889732361,1.0,0.25
170110,0.9884703755378723,0.9867948889732361,1.0,0.24
170200,0.9884703755378723,0.9867948889732361,1.0,0.36
170290,0.9884703755378723,0.9867948889732361,1.0,0.23
170380,0.9884703755378723,0.9867948889732361,1.0,0.24
170470,0.9884703755378723,0.9867948889732361,1.0,0.24
170560,0.9884703755378723,0.9867948889732361,1.0,0.25
170650,0.9884703755378723,0.9867948889732361,1.0,0.23
170740,0.9884703755378723,0.9867948889732361,1.0,0.23
170830,0.9884703755378723,0.9867948889732361,1.0,0.23
170920,0.9884703755378723,0.9867948889732361,1.0,0.26
171010,0.9884703755378723,0.9867948889732361,1.0,0.23
171100,0.9884703755378723,0.9867948889732361,1.0,0.23
171190,0.9884703755378723,0.9867948889732361,1.0,0.25
171280,0.9884703755378723,0.9867948889732361,1.0,0.24
171370,0.9884703755378723,0.9867948889732361,1.0,0.23
171460,0.9884703755378723,0.9867948889732361,1.0,0.24
171550,0.9884703755378723,0.9867948889732361,1.0,0.24
171640,0.9884703755378723,0.9867948889732361,1.0,0.24
171730,0.9884703755378723,0.9867948889732361,1.0,0.24
171820,0.9884703755378723,0.9867948889732361,1.0,0.28
171910,0.9884703755378723,0.9867948889732361,1.0,0.24
172000,0.9884703755378723,0.9867948889732361,1.0,0.23
172090,0.9884703755378723,0.9867948889732361,1.0,0.26
172180,0.9884703755378723,0.9867948889732361,1.0,0.25
172270,0.9884703755378723,0.9867948889732361,1.0,0.25
172360,0.9884703755378723,0.9867948889732361,1.0,0.27
172450,0.9884703755378723,0.9867948889732361,1.0,0.26
172540,0.9884703755378723,0.9867948889732361,1.0,0.24
172630,0.9884703755378723,0.9867948889732361,1.0,0.34
172720,0.9884703755378723,0.9867948889732361,1.0,0.23
172810,0.9884703755378723,0.9867948889732361,1.0,0.24
172900,0.9884703755378723,0.9867948889732361,1.0,0.23
172990,0.9884703755378723,0.9867948889732361,1.0,0.24
173080,0.9884703755378723,0.9867948889732361,1.0,0.24
173170,0.9884703755378723,0.9867948889732361,1.0,0.23
173260,0.9884703755378723,0.9867948889732361,1.0,0.27
173350,0.9884703755378723,0.9867948889732361,1.0,0.25
173440,0.9884703755378723,0.9867948889732361,1.0,0.23
173530,0.9884703755378723,0.9867948889732361,1.0,0.27
173620,0.9884703755378723,0.9867948889732361,1.0,0.25
173710,0.9884703755378723,0.9867948889732361,1.0,0.23
173800,0.9884703755378723,0.9867948889732361,1.0,0.24
173890,0.9884703755378723,0.9867948889732361,1.0,0.23
173980,0.9884703755378723,0.9867948889732361,1.0,0.24
174070,0.9884703755378723,0.9867948889732361,1.0,0.24
174160,0.9884703755378723,0.9867948889732361,1.0,0.23
174250,0.9884703755378723,0.9867948889732361,1.0,0.23
174340,0.9884703755378723,0.9867948889732361,1.0,0.24
174430,0.9884703755378723,0.9867948889732361,1.0,0.24
174520,0.9884703755378723,0.9867948889732361,1.0,0.25
174610,0.9884703755378723,0.9867948889732361,1.0,0.23
174700,0.9884703755378723,0.9867948889732361,1.0,0.26
174790,0.9884703755378723,0.9867948889732361,1.0,0.24
174880,0.9884703755378723,0.9867948889732361,1.0,0.34
174970,0.9884703755378723,0.9867948889732361,1.0,0.24
175060,0.9884703755378723,0.9867948889732361,1.0,0.23
175150,0.9884703755378723,0.9867948889732361,1.0,0.23
175240,0.9884703755378723,0.9867948889732361,1.0,0.24
175330,0.9884703755378723,0.9867948889732361,1.0,0.23
175420,0.9884703755378723,0.9867948889732361,1.0,0.24
175510,0.9884703755378723,0.9867948889732361,1.0,0.27
175600,0.9884703755378723,0.9867948889732361,1.0,0.23
175690,0.9884703755378723,0.9867948889732361,1.0,0.23
175780,0.9884703755378723,0.9867948889732361,1.0,0.26
175870,0.9884703755378723,0.9867948889732361,1.0,0.25
175960,0.9884703755378723,0.9867948889732361,1.0,0.24
176050,0.9884703755378723,0.9867948889732361,1.0,0.24
176140,0.9884703755378723,0.9867948889732361,1.0,0.25
176230,0.9884703755378723,0.9867948889732361,1.0,0.23
176320,0.9884703755378723,0.9867948889732361,1.0,0.25
176410,0.9884703755378723,0.9867948889732361,1.0,0.24
176500,0.9884703755378723,0.9867948889732361,1.0,0.24
176590,0.9884703755378723,0.9867948889732361,1.0,0.24
176680,0.9884703755378723,0.9867948889732361,1.0,0.23
176770,0.9884703755378723,0.9867948889732361,1.0,0.23
176860,0.9884703755378723,0.9867948889732361,1.0,0.26
176950,0.9884703755378723,0.9867948889732361,1.0,0.23
177040,0.9884703755378723,0.9867948889732361,1.0,0.23
177130,0.9884703755378723,0.9867948889732361,1.0,0.23
177220,0.9884703755378723,0.9867948889732361,1.0,0.23
177310,0.9884703755378723,0.9867948889732361,1.0,0.33
177400,0.9884703755378723,0.9867948889732361,1.0,0.23
177490,0.9884703755378723,0.9867948889732361,1.0,0.24
177580,0.9884703755378723,0.9867948889732361,1.0,0.24
177670,0.9884703755378723,0.9867948889732361,1.0,0.25
177760,0.9884703755378723,0.9867948889732361,1.0,0.23
177850,0.9884703755378723,0.9867948889732361,1.0,0.23
177940,0.9884703755378723,0.9867948889732361,1.0,0.25
178030,0.9884703755378723,0.9867948889732361,1.0,0.24
178120,0.9884703755378723,0.9867948889732361,1.0,0.23
178210,0.9884703755378723,0.9867948889732361,1.0,0.25
178300,0.9884703755378723,0.9867948889732361,1.0,0.25
178390,0.9884703755378723,0.9867948889732361,1.0,0.25
178480,0.9884703755378723,0.9867948889732361,1.0,0.27
178570,0.9884703755378723,0.9867948889732361,1.0,0.24
178660,0.9884703755378723,0.9867948889732361,1.0,0.24
178750,0.9884703755378723,0.9867948889732361,1.0,0.24
178840,0.9884703755378723,0.9867948889732361,1.0,0.23
178930,0.9884703755378723,0.9867948889732361,1.0,0.24
179020,0.9884703755378723,0.9867948889732361,1.0,0.24
179110,0.9884703755378723,0.9867948889732361,1.0,0.27
179200,0.9884703755378723,0.9867948889732361,1.0,0.26
179290,0.9884703755378723,0.9867948889732361,1.0,0.24
179380,0.9884703755378723,0.9867948889732361,1.0,0.25
179470,0.9884703755378723,0.9867948889732361,1.0,0.24
179560,0.9884703755378723,0.9867948889732361,1.0,0.33
179650,0.9884703755378723,0.9867948889732361,1.0,0.23
179740,0.9884703755378723,0.9867948889732361,1.0,0.24
179830,0.9884703755378723,0.9867948889732361,1.0,0.23
179920,0.9884703755378723,0.9867948889732361,1.0,0.24
180010,0.9884703755378723,0.9867948889732361,1.0,0.23
180100,0.9884703755378723,0.9867948889732361,1.0,0.23
180190,0.9884703755378723,0.9867948889732361,1.0,0.24
180280,0.9884703755378723,0.9867948889732361,1.0,0.24
180370,0.9884703755378723,0.9867948889732361,1.0,0.24
180460,0.9884703755378723,0.9867948889732361,1.0,0.28
180550,0.9884703755378723,0.9867948889732361,1.0,0.26
180640,0.9884703755378723,0.9867948889732361,1.0,0.24
180730,0.9884703755378723,0.9867948889732361,1.0,0.24
180820,0.9884703755378723,0.9867948889732361,1.0,0.23
180910,0.9884703755378723,0.9867948889732361,1.0,0.24
181000,0.9884703755378723,0.9867948889732361,1.0,0.26
181090,0.9884703755378723,0.9867948889732361,1.0,0.28
181180,0.9884703755378723,0.9867948889732361,1.0,0.25
181270,0.9884703755378723,0.9867948889732361,1.0,0.24
181360,0.9884703755378723,0.9867948889732361,1.0,0.24
181450,0.9884703755378723,0.9867948889732361,1.0,0.25
181540,0.9884703755378723,0.9867948889732361,1.0,0.26
181630,0.9884703755378723,0.9867948889732361,1.0,0.23
181720,0.9884703755378723,0.9867948889732361,1.0,0.23
181810,0.9884703755378723,0.9867948889732361,1.0,0.29
181900,0.9884703755378723,0.9867948889732361,1.0,0.23
181990,0.9884703755378723,0.9867948889732361,1.0,0.34
182080,0.9884703755378723,0.9867948889732361,1.0,0.24
182170,0.9884703755378723,0.9867948889732361,1.0,0.25
182260,0.9884703755378723,0.9867948889732361,1.0,0.24
182350,0.9884703755378723,0.9867948889732361,1.0,0.24
182440,0.9884703755378723,0.9867948889732361,1.0,0.24
182530,0.9884703755378723,0.9867948889732361,1.0,0.23
182620,0.9884703755378723,0.9867948889732361,1.0,0.25
182710,0.9884703755378723,0.9867948889732361,1.0,0.24
182800,0.9884703755378723,0.9867948889732361,1.0,0.23
182890,0.9884703755378723,0.9867948889732361,1.0,0.23
182980,0.9884703755378723,0.9867948889732361,1.0,0.23
183070,0.9884703755378723,0.9867948889732361,1.0,0.23
183160,0.9884703755378723,0.9867948889732361,1.0,0.25
183250,0.9884703755378723,0.9867948889732361,1.0,0.24
183340,0.9884703755378723,0.9867948889732361,1.0,0.23
183430,0.9884703755378723,0.9867948889732361,1.0,0.23
183520,0.9884703755378723,0.9867948889732361,1.0,0.24
183610,0.9884703755378723,0.9867948889732361,1.0,0.24
183700,0.9884703755378723,0.9867948889732361,1.0,0.23
183790,0.9884703755378723,0.9867948889732361,1.0,0.25
183880,0.9884703755378723,0.9867948889732361,1.0,0.24
183970,0.9884703755378723,0.9867948889732361,1.0,0.24
184060,0.9884703755378723,0.9867948889732361,1.0,0.23
184150,0.9884703755378723,0.9867948889732361,1.0,0.24
184240,0.9884703755378723,0.9867948889732361,1.0,0.34
184330,0.9884703755378723,0.9867948889732361,1.0,0.24
184420,0.9884703755378723,0.9867948889732361,1.0,0.23
184510,0.9884703755378723,0.9867948889732361,1.0,0.24
184600,0.9884703755378723,0.9867948889732361,1.0,0.25
184690,0.9884703755378723,0.9867948889732361,1.0,0.25
184780,0.9884703755378723,0.9867948889732361,1.0,0.23
184870,0.9884703755378723,0.9867948889732361,1.0,0.26
184960,0.9884703755378723,0.9867948889732361,1.0,0.23
185050,0.9884703755378723,0.9867948889732361,1.0,0.27
185140,0.9884703755378723,0.9867948889732361,1.0,0.27
185230,0.9884703755378723,0.9867948889732361,1.0,0.24
185320,0.9884703755378723,0.9867948889732361,1.0,0.23
185410,0.9884703755378723,0.9867948889732361,1.0,0.25
185500,0.9884703755378723,0.9867948889732361,1.0,0.27
185590,0.9884703755378723,0.9867948889732361,1.0,0.27
185680,0.9884703755378723,0.9867948889732361,1.0,0.23
185770,0.9884703755378723,0.9867948889732361,1.0,0.23
185860,0.9884703755378723,0.9867948889732361,1.0,0.29
185950,0.9884703755378723,0.9867948889732361,1.0,0.27
186040,0.9884703755378723,0.9867948889732361,1.0,0.23
186130,0.9884703755378723,0.9867948889732361,1.0,0.24
186220,0.9884703755378723,0.9867948889732361,1.0,0.25
186310,0.9884703755378723,0.9867948889732361,1.0,0.24
186400,0.9884703755378723,0.9867948889732361,1.0,0.23
186490,0.9884703755378723,0.9867948889732361,1.0,0.25
186580,0.9884703755378723,0.9867948889732361,1.0,0.23
186670,0.9884703755378723,0.9867948889732361,1.0,0.33
186760,0.9884703755378723,0.9867948889732361,1.0,0.24
186850,0.9884703755378723,0.9867948889732361,1.0,0.26
186940,0.9884703755378723,0.9867948889732361,1.0,0.25
187030,0.9884703755378723,0.9867948889732361,1.0,0.24
187120,0.9884703755378723,0.9867948889732361,1.0,0.24
187210,0.9884703755378723,0.9867948889732361,1.0,0.27
187300,0.9884703755378723,0.9867948889732361,1.0,0.24
187390,0.9884703755378723,0.9867948889732361,1.0,0.27
187480,0.9884703755378723,0.9867948889732361,1.0,0.25
187570,0.9884703755378723,0.9867948889732361,1.0,0.23
187660,0.9884703755378723,0.9867948889732361,1.0,0.23
187750,0.9884703755378723,0.9867948889732361,1.0,0.23
187840,0.9884703755378723,0.9867948889732361,1.0,0.25
187930,0.9884703755378723,0.9867948889732361,1.0,0.23
188020,0.9884703755378723,0.9867948889732361,1.0,0.26
188110,0.9884703755378723,0.9867948889732361,1.0,0.26
188200,0.9884703755378723,0.9867948889732361,1.0,0.24
188290,0.9884703755378723,0.9867948889732361,1.0,0.25
188380,0.9884703755378723,0.9867948889732361,1.0,0.25
188470,0.9884703755378723,0.9867948889732361,1.0,0.23
188560,0.9884703755378723,0.9867948889732361,1.0,0.24
188650,0.9884703755378723,0.9867948889732361,1.0,0.24
188740,0.9884703755378723,0.9867948889732361,1.0,0.24
188830,0.9884703755378723,0.9867948889732361,1.0,0.24
188920,0.9884703755378723,0.9867948889732361,1.0,0.34
189010,0.9884703755378723,0.9867948889732361,1.0,0.23
189100,0.9884703755378723,0.9867948889732361,1.0,0.23
189190,0.9884703755378723,0.9867948889732361,1.0,0.26
189280,0.9884703755378723,0.9867948889732361,1.0,0.23
189370,0.9884703755378723,0.9867948889732361,1.0,0.23
189460,0.9884703755378723,0.9867948889732361,1.0,0.23
189550,0.9884703755378723,0.9867948889732361,1.0,0.25
189640,0.9884703755378723,0.9867948889732361,1.0,0.23
189730,0.9884703755378723,0.9867948889732361,1.0,0.24
189820,0.9884703755378723,0.9867948889732361,1.0,0.25
189910,0.9884703755378723,0.9867948889732361,1.0,0.23
190000,0.9884703755378723,0.9867948889732361,1.0,0.24
190090,0.9884703755378723,0.9867948889732361,1.0,0.23
190180,0.9884703755378723,0.9867948889732361,1.0,0.23
190270,0.9884703755378723,0.9867948889732361,1.0,0.28
190360,0.9884703755378723,0.9867948889732361,1.0,0.24
190450,0.9884703755378723,0.9867948889732361,1.0,0.26
190540,0.9884703755378723,0.9867948889732361,1.0,0.24
190630,0.9884703755378723,0.9867948889732361,1.0,0.24
190720,0.9884703755378723,0.9867948889732361,1.0,0.24
190810,0.9884703755378723,0.9867948889732361,1.0,0.24
190900,0.9884703755378723,0.9867948889732361,1.0,0.24
190990,0.9884703755378723,0.9867948889732361,1.0,0.25
191080,0.9884703755378723,0.9867948889732361,1.0,0.30
191170,0.9884703755378723,0.9867948889732361,1.0,0.23
191260,0.9884703755378723,0.9867948889732361,1.0,0.23
191350,0.9884703755378723,0.9867948889732361,1.0,0.33
191440,0.9884703755378723,0.9867948889732361,1.0,0.23
191530,0.9884703755378723,0.9867948889732361,1.0,0.24
191620,0.9884703755378723,0.9867948889732361,1.0,0.24
191710,0.9884703755378723,0.9867948889732361,1.0,0.25
191800,0.9884703755378723,0.9867948889732361,1.0,0.23
191890,0.9884703755378723,0.9867948889732361,1.0,0.23
191980,0.9884703755378723,0.9867948889732361,1.0,0.23
192070,0.9884703755378723,0.9867948889732361,1.0,0.24
192160,0.9884703755378723,0.9867948889732361,1.0,0.23
192250,0.9884703755378723,0.9867948889732361,1.0,0.26
192340,0.9884703755378723,0.9867948889732361,1.0,0.23
192430,0.9884703755378723,0.9867948889732361,1.0,0.27
192520,0.9884703755378723,0.9867948889732361,1.0,0.23
192610,0.9884703755378723,0.9867948889732361,1.0,0.29
192700,0.9884703755378723,0.9867948889732361,1.0,0.26
192790,0.9884703755378723,0.9867948889732361,1.0,0.23
192880,0.9884703755378723,0.9867948889732361,1.0,0.24
192970,0.9884703755378723,0.9867948889732361,1.0,0.25
193060,0.9884703755378723,0.9867948889732361,1.0,0.25
193150,0.9884703755378723,0.9867948889732361,1.0,0.24
193240,0.9884703755378723,0.9867948889732361,1.0,0.23
193330,0.9884703755378723,0.9867948889732361,1.0,0.25
193420,0.9884703755378723,0.9867948889732361,1.0,0.24
193510,0.9884703755378723,0.9867948889732361,1.0,0.25
193600,0.9884703755378723,0.9867948889732361,1.0,0.36
193690,0.9884703755378723,0.9867948889732361,1.0,0.23
193780,0.9884703755378723,0.9867948889732361,1.0,0.23
193870,0.9884703755378723,0.9867948889732361,1.0,0.23
193960,0.9884703755378723,0.9867948889732361,1.0,0.23
194050,0.9884703755378723,0.9867948889732361,1.0,0.24
194140,0.9884703755378723,0.9867948889732361,1.0,0.23
194230,0.9884703755378723,0.9867948889732361,1.0,0.25
194320,0.9884703755378723,0.9867948889732361,1.0,0.24
194410,0.9884703755378723,0.9867948889732361,1.0,0.23
194500,0.9884703755378723,0.9867948889732361,1.0,0.25
194590,0.9884703755378723,0.9867948889732361,1.0,0.23
194680,0.9884703755378723,0.9867948889732361,1.0,0.27
194770,0.9884703755378723,0.9867948889732361,1.0,0.23
194860,0.9884703755378723,0.9867948889732361,1.0,0.23
194950,0.9884703755378723,0.9867948889732361,1.0,0.23
195040,0.9884703755378723,0.9867948889732361,1.0,0.24
195130,0.9884703755378723,0.9867948889732361,1.0,0.25
195220,0.9884703755378723,0.9867948889732361,1.0,0.25
195310,0.9884703755378723,0.9867948889732361,1.0,0.24
195400,0.9884703755378723,0.9867948889732361,1.0,0.23
195490,0.9884703755378723,0.9867948889732361,1.0,0.29
195580,0.9884703755378723,0.9867948889732361,1.0,0.23
195670,0.9884703755378723,0.9867948889732361,1.0,0.24
195760,0.9884703755378723,0.9867948889732361,1.0,0.23
195850,0.9884703755378723,0.9867948889732361,1.0,0.24
195940,0.9884703755378723,0.9867948889732361,1.0,0.23
196030,0.9884703755378723,0.9867948889732361,1.0,0.33
196120,0.9884703755378723,0.9867948889732361,1.0,0.23
196210,0.9884703755378723,0.9867948889732361,1.0,0.23
196300,0.9884703755378723,0.9867948889732361,1.0,0.23
196390,0.9884703755378723,0.9867948889732361,1.0,0.25
196480,0.9884703755378723,0.9867948889732361,1.0,0.24
196570,0.9884703755378723,0.9867948889732361,1.0,0.23
196660,0.9884703755378723,0.9867948889732361,1.0,0.24
196750,0.9884703755378723,0.9867948889732361,1.0,0.24
196840,0.9884703755378723,0.9867948889732361,1.0,0.24
196930,0.9884703755378723,0.9867948889732361,1.0,0.23
197020,0.9884703755378723,0.9867948889732361,1.0,0.25
197110,0.9884703755378723,0.9867948889732361,1.0,0.28
197200,0.9884703755378723,0.9867948889732361,1.0,0.23
197290,0.9884703755378723,0.9867948889732361,1.0,0.25
197380,0.9884703755378723,0.9867948889732361,1.0,0.24
197470,0.9884703755378723,0.9867948889732361,1.0,0.24
197560,0.9884703755378723,0.9867948889732361,1.0,0.25
197650,0.9884703755378723,0.9867948889732361,1.0,0.23
197740,0.9884703755378723,0.9867948889732361,1.0,0.23
197830,0.9884703755378723,0.9867948889732361,1.0,0.24
197920,0.9884703755378723,0.9867948889732361,1.0,0.24
198010,0.9884703755378723,0.9867948889732361,1.0,0.24
198100,0.9884703755378723,0.9867948889732361,1.0,0.25
198190,0.9884703755378723,0.9867948889732361,1.0,0.24
198280,0.9884703755378723,0.9867948889732361,1.0,0.34
198370,0.9884703755378723,0.9867948889732361,1.0,0.25
198460,0.9884703755378723,0.9867948889732361,1.0,0.24
198550,0.9884703755378723,0.9867948889732361,1.0,0.23
198640,0.9884703755378723,0.9867948889732361,1.0,0.26
198730,0.9884703755378723,0.9867948889732361,1.0,0.24
198820,0.9884703755378723,0.9867948889732361,1.0,0.24
198910,0.9884703755378723,0.9867948889732361,1.0,0.24
199000,0.9884703755378723,0.9867948889732361,1.0,0.25
199090,0.9884703755378723,0.9867948889732361,1.0,0.24
199180,0.9884703755378723,0.9867948889732361,1.0,0.24
199270,0.9884703755378723,0.9867948889732361,1.0,0.23
199360,0.9884703755378723,0.9867948889732361,1.0,0.27
199450,0.9884703755378723,0.9867948889732361,1.0,0.25
199540,0.9884703755378723,0.9867948889732361,1.0,0.24
199630,0.9884703755378723,0.9867948889732361,1.0,0.24
199720,0.9884703755378723,0.9867948889732361,1.0,0.26
199810,0.9884703755378723,0.9867948889732361,1.0,0.23
199900,0.9884703755378723,0.9867948889732361,1.0,0.24
199990,0.9884703755378723,0.9867948889732361,1.0,0.26
200080,0.9884703755378723,0.9867948889732361,1.0,0.23
200170,0.9884703755378723,0.9867948889732361,1.0,0.25
200260,0.9884703755378723,0.9867948889732361,1.0,0.24
200350,0.9884703755378723,0.9867948889732361,1.0,0.23
200440,0.9884703755378723,0.9867948889732361,1.0,0.23
200530,0.9884703755378723,0.9867948889732361,1.0,0.25
200620,0.9884703755378723,0.9867948889732361,1.0,0.24
200710,0.9884703755378723,0.9867948889732361,1.0,0.37
200800,0.9884703755378723,0.9867948889732361,1.0,0.24
200890,0.9884703755378723,0.9867948889732361,1.0,0.23
200980,0.9884703755378723,0.9867948889732361,1.0,0.26
201070,0.9884703755378723,0.9867948889732361,1.0,0.23
201160,0.9884703755378723,0.9867948889732361,1.0,0.23
201250,0.9884703755378723,0.9867948889732361,1.0,0.24
201340,0.9884703755378723,0.9867948889732361,1.0,0.23
201430,0.9884703755378723,0.9867948889732361,1.0,0.23
201520,0.9884703755378723,0.9867948889732361,1.0,0.24
201610,0.9884703755378723,0.9867948889732361,1.0,0.24
201700,0.9884703755378723,0.9867948889732361,1.0,0.26
201790,0.9884703755378723,0.9867948889732361,1.0,0.24
201880,0.9884703755378723,0.9867948889732361,1.0,0.23
201970,0.9884703755378723,0.9867948889732361,1.0,0.23
202060,0.9884703755378723,0.9867948889732361,1.0,0.23
202150,0.9884703755378723,0.9867948889732361,1.0,0.24
202240,0.9884703755378723,0.9867948889732361,1.0,0.25
202330,0.9884703755378723,0.9867948889732361,1.0,0.24
202420,0.9884703755378723,0.9867948889732361,1.0,0.24
202510,0.9884703755378723,0.9867948889732361,1.0,0.25
202600,0.9884703755378723,0.9867948889732361,1.0,0.23
202690,0.9884703755378723,0.9867948889732361,1.0,0.25
202780,0.9884703755378723,0.9867948889732361,1.0,0.24
202870,0.9884703755378723,0.9867948889732361,1.0,0.26
202960,0.9884703755378723,0.9867948889732361,1.0,0.34
203050,0.9884703755378723,0.9867948889732361,1.0,0.23
203140,0.9884703755378723,0.9867948889732361,1.0,0.24
203230,0.9884703755378723,0.9867948889732361,1.0,0.23
203320,0.9884703755378723,0.9867948889732361,1.0,0.23
203410,0.9884703755378723,0.9867948889732361,1.0,0.24
203500,0.9884703755378723,0.9867948889732361,1.0,0.24
203590,0.9884703755378723,0.9867948889732361,1.0,0.23
203680,0.9884703755378723,0.9867948889732361,1.0,0.24
203770,0.9884703755378723,0.9867948889732361,1.0,0.25
203860,0.9884703755378723,0.9867948889732361,1.0,0.23
203950,0.9884703755378723,0.9867948889732361,1.0,0.24
204040,0.9884703755378723,0.9867948889732361,1.0,0.24
204130,0.9884703755378723,0.9867948889732361,1.0,0.27
204220,0.9884703755378723,0.9867948889732361,1.0,0.23
204310,0.9884703755378723,0.9867948889732361,1.0,0.23
204400,0.9884703755378723,0.9867948889732361,1.0,0.24
204490,0.9884703755378723,0.9867948889732361,1.0,0.26
204580,0.9884703755378723,0.9867948889732361,1.0,0.24
204670,0.9884703755378723,0.9867948889732361,1.0,0.24
204760,0.9884703755378723,0.9867948889732361,1.0,0.25
204850,0.9884703755378723,0.9867948889732361,1.0,0.24
204940,0.9884703755378723,0.9867948889732361,1.0,0.24
205030,0.9884703755378723,0.9867948889732361,1.0,0.27
205120,0.9884703755378723,0.9867948889732361,1.0,0.23
205210,0.9884703755378723,0.9867948889732361,1.0,0.24
205300,0.9884703755378723,0.9867948889732361,1.0,0.25
205390,0.9884703755378723,0.9867948889732361,1.0,0.33
205480,0.9884703755378723,0.9867948889732361,1.0,0.28
205570,0.9884703755378723,0.9867948889732361,1.0,0.25
205660,0.9884703755378723,0.9867948889732361,1.0,0.26
205750,0.9884703755378723,0.9867948889732361,1.0,0.24
205840,0.9884703755378723,0.9867948889732361,1.0,0.25
205930,0.9884703755378723,0.9867948889732361,1.0,0.24
206020,0.9884703755378723,0.9867948889732361,1.0,0.24
206110,0.9884703755378723,0.9867948889732361,1.0,0.24
206200,0.9884703755378723,0.9867948889732361,1.0,0.25
206290,0.9884703755378723,0.9867948889732361,1.0,0.24
206380,0.9884703755378723,0.9867948889732361,1.0,0.25
206470,0.9884703755378723,0.9867948889732361,1.0,0.27
206560,0.9884703755378723,0.9867948889732361,1.0,0.26
206650,0.9884703755378723,0.9867948889732361,1.0,0.23
206740,0.9884703755378723,0.9867948889732361,1.0,0.25
206830,0.9884703755378723,0.9867948889732361,1.0,0.26
206920,0.9884703755378723,0.9867948889732361,1.0,0.24
207010,0.9884703755378723,0.9867948889732361,1.0,0.23
207100,0.9884703755378723,0.9867948889732361,1.0,0.26
207190,0.9884703755378723,0.9867948889732361,1.0,0.25
207280,0.9884703755378723,0.9867948889732361,1.0,0.24
207370,0.9884703755378723,0.9867948889732361,1.0,0.23
207460,0.9884703755378723,0.9867948889732361,1.0,0.23
207550,0.9884703755378723,0.9867948889732361,1.0,0.24
207640,0.9884703755378723,0.9867948889732361,1.0,0.35
207730,0.9884703755378723,0.9867948889732361,1.0,0.24
207820,0.9884703755378723,0.9867948889732361,1.0,0.23
207910,0.9884703755378723,0.9867948889732361,1.0,0.23
208000,0.9884703755378723,0.9867948889732361,1.0,0.24
208090,0.9884703755378723,0.9867948889732361,1.0,0.30
208180,0.9884703755378723,0.9867948889732361,1.0,0.25
208270,0.9884703755378723,0.9867948889732361,1.0,0.28
208360,0.9884703755378723,0.9867948889732361,1.0,0.25
208450,0.9884703755378723,0.9867948889732361,1.0,0.25
208540,0.9884703755378723,0.9867948889732361,1.0,0.25
208630,0.9884703755378723,0.9867948889732361,1.0,0.24
208720,0.9884703755378723,0.9867948889732361,1.0,0.24
208810,0.9884703755378723,0.9867948889732361,1.0,0.30
208900,0.9884703755378723,0.9867948889732361,1.0,0.23
208990,0.9884703755378723,0.9867948889732361,1.0,0.24
209080,0.9884703755378723,0.9867948889732361,1.0,0.24
209170,0.9884703755378723,0.9867948889732361,1.0,0.24
209260,0.9884703755378723,0.9867948889732361,1.0,0.23
209350,0.9884703755378723,0.9867948889732361,1.0,0.23
209440,0.9884703755378723,0.9867948889732361,1.0,0.23
209530,0.9884703755378723,0.9867948889732361,1.0,0.23
209620,0.9884703755378723,0.9867948889732361,1.0,0.25
209710,0.9884703755378723,0.9867948889732361,1.0,0.24
209800,0.9884703755378723,0.9867948889732361,1.0,0.23
209890,0.9884703755378723,0.9867948889732361,1.0,0.25
209980,0.9884703755378723,0.9867948889732361,1.0,0.24
210070,0.9884703755378723,0.9867948889732361,1.0,0.34
210160,0.9884703755378723,0.9867948889732361,1.0,0.24
210250,0.9884703755378723,0.9867948889732361,1.0,0.25
210340,0.9884703755378723,0.9867948889732361,1.0,0.24
210430,0.9884703755378723,0.9867948889732361,1.0,0.24
210520,0.9884703755378723,0.9867948889732361,1.0,0.25
210610,0.9884703755378723,0.9867948889732361,1.0,0.23
210700,0.9884703755378723,0.9867948889732361,1.0,0.23
210790,0.9884703755378723,0.9867948889732361,1.0,0.26
210880,0.9884703755378723,0.9867948889732361,1.0,0.25
210970,0.9884703755378723,0.9867948889732361,1.0,0.27
211060,0.9884703755378723,0.9867948889732361,1.0,0.23
211150,0.9884703755378723,0.9867948889732361,1.0,0.25
211240,0.9884703755378723,0.9867948889732361,1.0,0.25
211330,0.9884703755378723,0.9867948889732361,1.0,0.23
211420,0.9884703755378723,0.9867948889732361,1.0,0.23
211510,0.9884703755378723,0.9867948889732361,1.0,0.23
211600,0.9884703755378723,0.9867948889732361,1.0,0.24
211690,0.9884703755378723,0.9867948889732361,1.0,0.27
211780,0.9884703755378723,0.9867948889732361,1.0,0.24
211870,0.9884703755378723,0.9867948889732361,1.0,0.23
211960,0.9884703755378723,0.9867948889732361,1.0,0.26
212050,0.9884703755378723,0.9867948889732361,1.0,0.23
212140,0.9884703755378723,0.9867948889732361,1.0,0.23
212230,0.9884703755378723,0.9867948889732361,1.0,0.25
212320,0.9884703755378723,0.9867948889732361,1.0,0.33
212410,0.9884703755378723,0.9867948889732361,1.0,0.23
212500,0.9884703755378723,0.9867948889732361,1.0,0.25
212590,0.9884703755378723,0.9867948889732361,1.0,0.26
212680,0.9884703755378723,0.9867948889732361,1.0,0.26
212770,0.9884703755378723,0.9867948889732361,1.0,0.24
212860,0.9884703755378723,0.9867948889732361,1.0,0.23
212950,0.9884703755378723,0.9867948889732361,1.0,0.25
213040,0.9884703755378723,0.9867948889732361,1.0,0.23
213130,0.9884703755378723,0.9867948889732361,1.0,0.25
213220,0.9884703755378723,0.9867948889732361,1.0,0.24
213310,0.9884703755378723,0.9867948889732361,1.0,0.25
213400,0.9884703755378723,0.9867948889732361,1.0,0.25
213490,0.9884703755378723,0.9867948889732361,1.0,0.27
213580,0.9884703755378723,0.9867948889732361,1.0,0.24
213670,0.9884703755378723,0.9867948889732361,1.0,0.24
213760,0.9884703755378723,0.9867948889732361,1.0,0.26
213850,0.9884703755378723,0.9867948889732361,1.0,0.23
213940,0.9884703755378723,0.9867948889732361,1.0,0.24
214030,0.9884703755378723,0.9867948889732361,1.0,0.24
214120,0.9884703755378723,0.9867948889732361,1.0,0.28
214210,0.9884703755378723,0.9867948889732361,1.0,0.25
214300,0.9884703755378723,0.9867948889732361,1.0,0.23
214390,0.9884703755378723,0.9867948889732361,1.0,0.24
214480,0.9884703755378723,0.9867948889732361,1.0,0.24
214570,0.9884703755378723,0.9867948889732361,1.0,0.26
214660,0.9884703755378723,0.9867948889732361,1.0,0.24
214750,0.9884703755378723,0.9867948889732361,1.0,0.37
214840,0.9884703755378723,0.9867948889732361,1.0,0.25
214930,0.9884703755378723,0.9867948889732361,1.0,0.25
215020,0.9884703755378723,0.9867948889732361,1.0,0.26
215110,0.9884703755378723,0.9867948889732361,1.0,0.24
215200,0.9884703755378723,0.9867948889732361,1.0,0.24
215290,0.9884703755378723,0.9867948889732361,1.0,0.27
215380,0.9884703755378723,0.9867948889732361,1.0,0.24
215470,0.9884703755378723,0.9867948889732361,1.0,0.26
215560,0.9884703755378723,0.9867948889732361,1.0,0.25
215650,0.9884703755378723,0.9867948889732361,1.0,0.24
215740,0.9884703755378723,0.9867948889732361,1.0,0.27
215830,0.9884703755378723,0.9867948889732361,1.0,0.25
215920,0.9884703755378723,0.9867948889732361,1.0,0.24
216010,0.9884703755378723,0.9867948889732361,1.0,0.25
216100,0.9884703755378723,0.9867948889732361,1.0,0.27
216190,0.9884703755378723,0.9867948889732361,1.0,0.26
216280,0.9884703755378723,0.9867948889732361,1.0,0.23
216370,0.9884703755378723,0.9867948889732361,1.0,0.26
216460,0.9884703755378723,0.9867948889732361,1.0,0.24
216550,0.9884703755378723,0.9867948889732361,1.0,0.25
216640,0.9884703755378723,0.9867948889732361,1.0,0.24
216730,0.9884703755378723,0.9867948889732361,1.0,0.24
216820,0.9884703755378723,0.9867948889732361,1.0,0.25
216910,0.9884703755378723,0.9867948889732361,1.0,0.25
217000,0.9884703755378723,0.9867948889732361,1.0,0.33
217090,0.9884703755378723,0.9867948889732361,1.0,0.28
217180,0.9884703755378723,0.9867948889732361,1.0,0.23
217270,0.9884703755378723,0.9867948889732361,1.0,0.23
217360,0.9884703755378723,0.9867948889732361,1.0,0.25
217450,0.9884703755378723,0.9867948889732361,1.0,0.23
217540,0.9884703755378723,0.9867948889732361,1.0,0.24
217630,0.9884703755378723,0.9867948889732361,1.0,0.24
217720,0.9884703755378723,0.9867948889732361,1.0,0.24
217810,0.9884703755378723,0.9867948889732361,1.0,0.28
217900,0.9884703755378723,0.9867948889732361,1.0,0.24
217990,0.9884703755378723,0.9867948889732361,1.0,0.24
218080,0.9884703755378723,0.9867948889732361,1.0,0.26
218170,0.9884703755378723,0.9867948889732361,1.0,0.25
218260,0.9884703755378723,0.9867948889732361,1.0,0.23
218350,0.9884703755378723,0.9867948889732361,1.0,0.25
218440,0.9884703755378723,0.9867948889732361,1.0,0.25
218530,0.9884703755378723,0.9867948889732361,1.0,0.25
218620,0.9884703755378723,0.9867948889732361,1.0,0.25
218710,0.9884703755378723,0.9867948889732361,1.0,0.23
218800,0.9884703755378723,0.9867948889732361,1.0,0.24
218890,0.9884703755378723,0.9867948889732361,1.0,0.23
218980,0.9884703755378723,0.9867948889732361,1.0,0.26
219070,0.9884703755378723,0.9867948889732361,1.0,0.24
219160,0.9884703755378723,0.9867948889732361,1.0,0.24
219250,0.9884703755378723,0.9867948889732361,1.0,0.27
219340,0.9884703755378723,0.9867948889732361,1.0,0.24
219430,0.9884703755378723,0.9867948889732361,1.0,0.33
219520,0.9884703755378723,0.9867948889732361,1.0,0.24
219610,0.9884703755378723,0.9867948889732361,1.0,0.23
219700,0.9884703755378723,0.9867948889732361,1.0,0.25
219790,0.9884703755378723,0.9867948889732361,1.0,0.25
219880,0.9884703755378723,0.9867948889732361,1.0,0.24
219970,0.9884703755378723,0.9867948889732361,1.0,0.24
220060,0.9884703755378723,0.9867948889732361,1.0,0.23
220150,0.9884703755378723,0.9867948889732361,1.0,0.23
220240,0.9884703755378723,0.9867948889732361,1.0,0.23
220330,0.9884703755378723,0.9867948889732361,1.0,0.31
220420,0.9884703755378723,0.9867948889732361,1.0,0.23
220510,0.9884703755378723,0.9867948889732361,1.0,0.26
220600,0.9884703755378723,0.9867948889732361,1.0,0.23
220690,0.9884703755378723,0.9867948889732361,1.0,0.24
220780,0.9884703755378723,0.9867948889732361,1.0,0.25
220870,0.9884703755378723,0.9867948889732361,1.0,0.24
220960,0.9884703755378723,0.9867948889732361,1.0,0.23
221050,0.9884703755378723,0.9867948889732361,1.0,0.23
221140,0.9884703755378723,0.9867948889732361,1.0,0.23
221230,0.9884703755378723,0.9867948889732361,1.0,0.25
221320,0.9884703755378723,0.9867948889732361,1.0,0.24
221410,0.9884703755378723,0.9867948889732361,1.0,0.25
221500,0.9884703755378723,0.9867948889732361,1.0,0.23
221590,0.9884703755378723,0.9867948889732361,1.0,0.24
221680,0.9884703755378723,0.9867948889732361,1.0,0.33
221770,0.9884703755378723,0.9867948889732361,1.0,0.25
221860,0.9884703755378723,0.9867948889732361,1.0,0.24
221950,0.9884703755378723,0.9867948889732361,1.0,0.24
222040,0.9884703755378723,0.9867948889732361,1.0,0.25
222130,0.9884703755378723,0.9867948889732361,1.0,0.23
222220,0.9884703755378723,0.9867948889732361,1.0,0.24
222310,0.9884703755378723,0.9867948889732361,1.0,0.24
222400,0.9884703755378723,0.9867948889732361,1.0,0.26
222490,0.9884703755378723,0.9867948889732361,1.0,0.24
222580,0.9884703755378723,0.9867948889732361,1.0,0.24
222670,0.9884703755378723,0.9867948889732361,1.0,0.24
222760,0.9884703755378723,0.9867948889732361,1.0,0.24
222850,0.9884703755378723,0.9867948889732361,1.0,0.23
222940,0.9884703755378723,0.9867948889732361,1.0,0.23
223030,0.9884703755378723,0.9867948889732361,1.0,0.23
223120,0.9884703755378723,0.9867948889732361,1.0,0.24
223210,0.9884703755378723,0.9867948889732361,1.0,0.25
223300,0.9884703755378723,0.9867948889732361,1.0,0.25
223390,0.9884703755378723,0.9867948889732361,1.0,0.24
223480,0.9884703755378723,0.9867948889732361,1.0,0.23
223570,0.9884703755378723,0.9867948889732361,1.0,0.24
223660,0.9884703755378723,0.9867948889732361,1.0,0.25
223750,0.9884703755378723,0.9867948889732361,1.0,0.23
223840,0.9884703755378723,0.9867948889732361,1.0,0.23
223930,0.9884703755378723,0.9867948889732361,1.0,0.24
224020,0.9884703755378723,0.9867948889732361,1.0,0.24
224110,0.9884703755378723,0.9867948889732361,1.0,0.34
224200,0.9884703755378723,0.9867948889732361,1.0,0.25
224290,0.9884703755378723,0.9867948889732361,1.0,0.25
224380,0.9884703755378723,0.9867948889732361,1.0,0.25
224470,0.9884703755378723,0.9867948889732361,1.0,0.23
224560,0.9884703755378723,0.9867948889732361,1.0,0.23
224650,0.9884703755378723,0.9867948889732361,1.0,0.24
224740,0.9884703755378723,0.9867948889732361,1.0,0.25
224830,0.9884703755378723,0.9867948889732361,1.0,0.25
224920,0.9884703755378723,0.9867948889732361,1.0,0.23
225010,0.9884703755378723,0.9867948889732361,1.0,0.23
225100,0.9884703755378723,0.9867948889732361,1.0,0.25
225190,0.9884703755378723,0.9867948889732361,1.0,0.29
225280,0.9884703755378723,0.9867948889732361,1.0,0.23
225370,0.9884703755378723,0.9867948889732361,1.0,0.24
225460,0.9884703755378723,0.9867948889732361,1.0,0.24
225550,0.9884703755378723,0.9867948889732361,1.0,0.27
225640,0.9884703755378723,0.9867948889732361,1.0,0.24
225730,0.9884703755378723,0.9867948889732361,1.0,0.23
225820,0.9884703755378723,0.9867948889732361,1.0,0.26
225910,0.9884703755378723,0.9867948889732361,1.0,0.23
226000,0.9884703755378723,0.9867948889732361,1.0,0.24
226090,0.9884703755378723,0.9867948889732361,1.0,0.25
226180,0.9884703755378723,0.9867948889732361,1.0,0.23
226270,0.9884703755378723,0.9867948889732361,1.0,0.26
226360,0.9884703755378723,0.9867948889732361,1.0,0.38
226450,0.9884703755378723,0.9867948889732361,1.0,0.23
226540,0.9884703755378723,0.9867948889732361,1.0,0.24
226630,0.9884703755378723,0.9867948889732361,1.0,0.24
226720,0.9884703755378723,0.9867948889732361,1.0,0.24
226810,0.9884703755378723,0.9867948889732361,1.0,0.24
226900,0.9884703755378723,0.9867948889732361,1.0,0.25
226990,0.9884703755378723,0.9867948889732361,1.0,0.25
227080,0.9884703755378723,0.9867948889732361,1.0,0.25
227170,0.9884703755378723,0.9867948889732361,1.0,0.24
227260,0.9884703755378723,0.9867948889732361,1.0,0.25
227350,0.9884703755378723,0.9867948889732361,1.0,0.25
227440,0.9884703755378723,0.9867948889732361,1.0,0.24
227530,0.9884703755378723,0.9867948889732361,1.0,0.26
227620,0.9884703755378723,0.9867948889732361,1.0,0.24
227710,0.9884703755378723,0.9867948889732361,1.0,0.23
227800,0.9884703755378723,0.9867948889732361,1.0,0.25
227890,0.9884703755378723,0.9867948889732361,1.0,0.23
227980,0.9884703755378723,0.9867948889732361,1.0,0.24
228070,0.9884703755378723,0.9867948889732361,1.0,0.25
228160,0.9884703755378723,0.9867948889732361,1.0,0.23
228250,0.9884703755378723,0.9867948889732361,1.0,0.24
228340,0.9884703755378723,0.9867948889732361,1.0,0.26
228430,0.9884703755378723,0.9867948889732361,1.0,0.24
228520,0.9884703755378723,0.9867948889732361,1.0,0.25
228610,0.9884703755378723,0.9867948889732361,1.0,0.23
228700,0.9884703755378723,0.9867948889732361,1.0,0.23
228790,0.9884703755378723,0.9867948889732361,1.0,0.36
228880,0.9884703755378723,0.9867948889732361,1.0,0.23
228970,0.9884703755378723,0.9867948889732361,1.0,0.24
229060,0.9884703755378723,0.9867948889732361,1.0,0.28
229150,0.9884703755378723,0.9867948889732361,1.0,0.24
229240,0.9884703755378723,0.9867948889732361,1.0,0.24
229330,0.9884703755378723,0.9867948889732361,1.0,0.28
229420,0.9884703755378723,0.9867948889732361,1.0,0.23
229510,0.9884703755378723,0.9867948889732361,1.0,0.24
229600,0.9884703755378723,0.9867948889732361,1.0,0.24
229690,0.9884703755378723,0.9867948889732361,1.0,0.24
229780,0.9884703755378723,0.9867948889732361,1.0,0.23
229870,0.9884703755378723,0.9867948889732361,1.0,0.27
229960,0.9884703755378723,0.9867948889732361,1.0,0.23
230050,0.9884703755378723,0.9867948889732361,1.0,0.23
230140,0.9884703755378723,0.9867948889732361,1.0,0.23
230230,0.9884703755378723,0.9867948889732361,1.0,0.24
230320,0.9884703755378723,0.9867948889732361,1.0,0.26
230410,0.9884703755378723,0.9867948889732361,1.0,0.25
230500,0.9884703755378723,0.9867948889732361,1.0,0.23
230590,0.9884703755378723,0.9867948889732361,1.0,0.25
230680,0.9884703755378723,0.9867948889732361,1.0,0.23
230770,0.9884703755378723,0.9867948889732361,1.0,0.25
230860,0.9884703755378723,0.9867948889732361,1.0,0.24
230950,0.9884703755378723,0.9867948889732361,1.0,0.23
231040,0.9884703755378723,0.9867948889732361,1.0,0.33
231130,0.9884703755378723,0.9867948889732361,1.0,0.24
231220,0.9884703755378723,0.9867948889732361,1.0,0.25
231310,0.9884703755378723,0.9867948889732361,1.0,0.25
231400,0.9884703755378723,0.9867948889732361,1.0,0.25
231490,0.9884703755378723,0.9867948889732361,1.0,0.25
231580,0.9884703755378723,0.9867948889732361,1.0,0.24
231670,0.9884703755378723,0.9867948889732361,1.0,0.25
231760,0.9884703755378723,0.9867948889732361,1.0,0.23
231850,0.9884703755378723,0.9867948889732361,1.0,0.24
231940,0.9884703755378723,0.9867948889732361,1.0,0.24
232030,0.9884703755378723,0.9867948889732361,1.0,0.26
232120,0.9884703755378723,0.9867948889732361,1.0,0.23
232210,0.9884703755378723,0.9867948889732361,1.0,0.25
232300,0.9884703755378723,0.9867948889732361,1.0,0.25
232390,0.9884703755378723,0.9867948889732361,1.0,0.23
232480,0.9884703755378723,0.9867948889732361,1.0,0.24
232570,0.9884703755378723,0.9867948889732361,1.0,0.24
232660,0.9884703755378723,0.9867948889732361,1.0,0.25
232750,0.9884703755378723,0.9867948889732361,1.0,0.24
232840,0.9884703755378723,0.9867948889732361,1.0,0.24
232930,0.9884703755378723,0.9867948889732361,1.0,0.25
233020,0.9884703755378723,0.9867948889732361,1.0,0.25
233110,0.9884703755378723,0.9867948889732361,1.0,0.24
233200,0.9884703755378723,0.9867948889732361,1.0,0.24
233290,0.9884703755378723,0.9867948889732361,1.0,0.24
233380,0.9884703755378723,0.9867948889732361,1.0,0.25
233470,0.9884703755378723,0.9867948889732361,1.0,0.33
233560,0.9884703755378723,0.9867948889732361,1.0,0.25
233650,0.9884703755378723,0.9867948889732361,1.0,0.24
233740,0.9884703755378723,0.9867948889732361,1.0,0.23
233830,0.9884703755378723,0.9867948889732361,1.0,0.23
233920,0.9884703755378723,0.9867948889732361,1.0,0.27
234010,0.9884703755378723,0.9867948889732361,1.0,0.25
234100,0.9884703755378723,0.9867948889732361,1.0,0.25
234190,0.9884703755378723,0.9867948889732361,1.0,0.25
234280,0.9884703755378723,0.9867948889732361,1.0,0.24
234370,0.9884703755378723,0.9867948889732361,1.0,0.24
234460,0.9884703755378723,0.9867948889732361,1.0,0.24
234550,0.9884703755378723,0.9867948889732361,1.0,0.24
234640,0.9884703755378723,0.9867948889732361,1.0,0.24
234730,0.9884703755378723,0.9867948889732361,1.0,0.23
234820,0.9884703755378723,0.9867948889732361,1.0,0.24
234910,0.9884703755378723,0.9867948889732361,1.0,0.24
235000,0.9884703755378723,0.9867948889732361,1.0,0.23
235090,0.9884703755378723,0.9867948889732361,1.0,0.24
235180,0.9884703755378723,0.9867948889732361,1.0,0.24
235270,0.9884703755378723,0.9867948889732361,1.0,0.24
235360,0.9884703755378723,0.9867948889732361,1.0,0.23
235450,0.9884703755378723,0.9867948889732361,1.0,0.23
235540,0.9884703755378723,0.9867948889732361,1.0,0.25
235630,0.9884703755378723,0.9867948889732361,1.0,0.23
235720,0.9884703755378723,0.9867948889732361,1.0,0.37
235810,0.9884703755378723,0.9867948889732361,1.0,0.25
235900,0.9884703755378723,0.9867948889732361,1.0,0.23
235990,0.9884703755378723,0.9867948889732361,1.0,0.23
236080,0.9884703755378723,0.9867948889732361,1.0,0.24
236170,0.9884703755378723,0.9867948889732361,1.0,0.24
236260,0.9884703755378723,0.9867948889732361,1.0,0.23
236350,0.9884703755378723,0.9867948889732361,1.0,0.24
236440,0.9884703755378723,0.9867948889732361,1.0,0.23
236530,0.9884703755378723,0.9867948889732361,1.0,0.25
236620,0.9884703755378723,0.9867948889732361,1.0,0.25
236710,0.9884703755378723,0.9867948889732361,1.0,0.28
236800,0.9884703755378723,0.9867948889732361,1.0,0.25
236890,0.9884703755378723,0.9867948889732361,1.0,0.24
236980,0.9884703755378723,0.9867948889732361,1.0,0.23
237070,0.9884703755378723,0.9867948889732361,1.0,0.23
237160,0.9884703755378723,0.9867948889732361,1.0,0.27
237250,0.9884703755378723,0.9867948889732361,1.0,0.28
237340,0.9884703755378723,0.9867948889732361,1.0,0.23
237430,0.9884703755378723,0.9867948889732361,1.0,0.25
237520,0.9884703755378723,0.9867948889732361,1.0,0.26
237610,0.9884703755378723,0.9867948889732361,1.0,0.24
237700,0.9884703755378723,0.9867948889732361,1.0,0.25
237790,0.9884703755378723,0.9867948889732361,1.0,0.23
237880,0.9884703755378723,0.9867948889732361,1.0,0.23
237970,0.9884703755378723,0.9867948889732361,1.0,0.28
238060,0.9884703755378723,0.9867948889732361,1.0,0.24
238150,0.9884703755378723,0.9867948889732361,1.0,0.36
238240,0.9884703755378723,0.9867948889732361,1.0,0.26
238330,0.9884703755378723,0.9867948889732361,1.0,0.23
238420,0.9884703755378723,0.9867948889732361,1.0,0.26
238510,0.9884703755378723,0.9867948889732361,1.0,0.26
238600,0.9884703755378723,0.9867948889732361,1.0,0.26
238690,0.9884703755378723,0.9867948889732361,1.0,0.26
238780,0.9884703755378723,0.9867948889732361,1.0,0.24
238870,0.9884703755378723,0.9867948889732361,1.0,0.26
238960,0.9884703755378723,0.9867948889732361,1.0,0.23
239050,0.9884703755378723,0.9867948889732361,1.0,0.24
239140,0.9884703755378723,0.9867948889732361,1.0,0.23
239230,0.9884703755378723,0.9867948889732361,1.0,0.25
239320,0.9884703755378723,0.9867948889732361,1.0,0.24
239410,0.9884703755378723,0.9867948889732361,1.0,0.24
239500,0.9884703755378723,0.9867948889732361,1.0,0.27
239590,0.9884703755378723,0.9867948889732361,1.0,0.24
239680,0.9884703755378723,0.9867948889732361,1.0,0.24
239770,0.9884703755378723,0.9867948889732361,1.0,0.24
239860,0.9884703755378723,0.9867948889732361,1.0,0.25
239950,0.9884703755378723,0.9867948889732361,1.0,0.24
240040,0.9884703755378723,0.9867948889732361,1.0,0.24
240130,0.9884703755378723,0.9867948889732361,1.0,0.24
240220,0.9884703755378723,0.9867948889732361,1.0,0.24
240310,0.9884703755378723,0.9867948889732361,1.0,0.26
240400,0.9884703755378723,0.9867948889732361,1.0,0.33
240490,0.9884703755378723,0.9867948889732361,1.0,0.28
240580,0.9884703755378723,0.9867948889732361,1.0,0.24
240670,0.9884703755378723,0.9867948889732361,1.0,0.24
240760,0.9884703755378723,0.9867948889732361,1.0,0.24
240850,0.9884703755378723,0.9867948889732361,1.0,0.28
240940,0.9884703755378723,0.9867948889732361,1.0,0.23
241030,0.9884703755378723,0.9867948889732361,1.0,0.25
241120,0.9884703755378723,0.9867948889732361,1.0,0.23
241210,0.9884703755378723,0.9867948889732361,1.0,0.26
241300,0.9884703755378723,0.9867948889732361,1.0,0.24
241390,0.9884703755378723,0.9867948889732361,1.0,0.26
241480,0.9884703755378723,0.9867948889732361,1.0,0.23
241570,0.9884703755378723,0.9867948889732361,1.0,0.24
241660,0.9884703755378723,0.9867948889732361,1.0,0.25
241750,0.9884703755378723,0.9867948889732361,1.0,0.25
241840,0.9884703755378723,0.9867948889732361,1.0,0.23
241930,0.9884703755378723,0.9867948889732361,1.0,0.23
242020,0.9884703755378723,0.9867948889732361,1.0,0.23
242110,0.9884703755378723,0.9867948889732361,1.0,0.25
242200,0.9884703755378723,0.9867948889732361,1.0,0.23
242290,0.9884703755378723,0.9867948889732361,1.0,0.23
242380,0.9884703755378723,0.9867948889732361,1.0,0.25
242470,0.9884703755378723,0.9867948889732361,1.0,0.24
242560,0.9884703755378723,0.9867948889732361,1.0,0.28
242650,0.9884703755378723,0.9867948889732361,1.0,0.25
242740,0.9884703755378723,0.9867948889732361,1.0,0.24
242830,0.9884703755378723,0.9867948889732361,1.0,0.34
242920,0.9884703755378723,0.9867948889732361,1.0,0.25
243010,0.9884703755378723,0.9867948889732361,1.0,0.26
243100,0.9884703755378723,0.9867948889732361,1.0,0.23
243190,0.9884703755378723,0.9867948889732361,1.0,0.28
243280,0.9884703755378723,0.9867948889732361,1.0,0.27
243370,0.9884703755378723,0.9867948889732361,1.0,0.26
243460,0.9884703755378723,0.9867948889732361,1.0,0.24
243550,0.9884703755378723,0.9867948889732361,1.0,0.24
243640,0.9884703755378723,0.9867948889732361,1.0,0.25
243730,0.9884703755378723,0.9867948889732361,1.0,0.25
243820,0.9884703755378723,0.9867948889732361,1.0,0.23
243910,0.9884703755378723,0.9867948889732361,1.0,0.26
244000,0.9884703755378723,0.9867948889732361,1.0,0.25
244090,0.9884703755378723,0.9867948889732361,1.0,0.24
244180,0.9884703755378723,0.9867948889732361,1.0,0.26
244270,0.9884703755378723,0.9867948889732361,1.0,0.25
244360,0.9884703755378723,0.9867948889732361,1.0,0.23
244450,0.9884703755378723,0.9867948889732361,1.0,0.25
244540,0.9884703755378723,0.9867948889732361,1.0,0.24
244630,0.9884703755378723,0.9867948889732361,1.0,0.23
244720,0.9884703755378723,0.9867948889732361,1.0,0.25
244810,0.9884703755378723,0.9867948889732361,1.0,0.25
244900,0.9884703755378723,0.9867948889732361,1.0,0.24
244990,0.9884703755378723,0.9867948889732361,1.0,0.24
245080,0.9884703755378723,0.9867948889732361,1.0,0.33
245170,0.9884703755378723,0.9867948889732361,1.0,0.24
245260,0.9884703755378723,0.9867948889732361,1.0,0.26
245350,0.9884703755378723,0.9867948889732361,1.0,0.25
245440,0.9884703755378723,0.9867948889732361,1.0,0.24
245530,0.9884703755378723,0.9867948889732361,1.0,0.23
245620,0.9884703755378723,0.9867948889732361,1.0,0.24
245710,0.9884703755378723,0.9867948889732361,1.0,0.24
245800,0.9884703755378723,0.9867948889732361,1.0,0.23
245890,0.9884703755378723,0.9867948889732361,1.0,0.27
245980,0.9884703755378723,0.9867948889732361,1.0,0.23
246070,0.9884703755378723,0.9867948889732361,1.0,0.23
246160,0.9884703755378723,0.9867948889732361,1.0,0.23
246250,0.9884703755378723,0.9867948889732361,1.0,0.28
246340,0.9884703755378723,0.9867948889732361,1.0,0.24
246430,0.9884703755378723,0.9867948889732361,1.0,0.25
246520,0.9884703755378723,0.9867948889732361,1.0,0.24
246610,0.9884703755378723,0.9867948889732361,1.0,0.23
246700,0.9884703755378723,0.9867948889732361,1.0,0.23
246790,0.9884703755378723,0.9867948889732361,1.0,0.26
246880,0.9884703755378723,0.9867948889732361,1.0,0.23
246970,0.9884703755378723,0.9867948889732361,1.0,0.24
247060,0.9884703755378723,0.9867948889732361,1.0,0.26
247150,0.9884703755378723,0.9867948889732361,1.0,0.23
247240,0.9884703755378723,0.9867948889732361,1.0,0.24
247330,0.9884703755378723,0.9867948889732361,1.0,0.24
247420,0.9884703755378723,0.9867948889732361,1.0,0.24
247510,0.9884703755378723,0.9867948889732361,1.0,0.36
247600,0.9884703755378723,0.9867948889732361,1.0,0.24
247690,0.9884703755378723,0.9867948889732361,1.0,0.24
247780,0.9884703755378723,0.9867948889732361,1.0,0.25
247870,0.9884703755378723,0.9867948889732361,1.0,0.28
247960,0.9884703755378723,0.9867948889732361,1.0,0.25
248050,0.9884703755378723,0.9867948889732361,1.0,0.24
248140,0.9884703755378723,0.9867948889732361,1.0,0.24
248230,0.9884703755378723,0.9867948889732361,1.0,0.25
248320,0.9884703755378723,0.9867948889732361,1.0,0.25
248410,0.9884703755378723,0.9867948889732361,1.0,0.23
248500,0.9884703755378723,0.9867948889732361,1.0,0.24
248590,0.9884703755378723,0.9867948889732361,1.0,0.24
248680,0.9884703755378723,0.9867948889732361,1.0,0.24
248770,0.9884703755378723,0.9867948889732361,1.0,0.24
248860,0.9884703755378723,0.9867948889732361,1.0,0.25
248950,0.9884703755378723,0.9867948889732361,1.0,0.26
249040,0.9884703755378723,0.9867948889732361,1.0,0.23
249130,0.9884703755378723,0.9867948889732361,1.0,0.23
249220,0.9884703755378723,0.9867948889732361,1.0,0.23
249310,0.9884703755378723,0.9867948889732361,1.0,0.25
249400,0.9884703755378723,0.9867948889732361,1.0,0.23
249490,0.9884703755378723,0.9867948889732361,1.0,0.26
249580,0.9884703755378723,0.9867948889732361,1.0,0.23
249670,0.9884703755378723,0.9867948889732361,1.0,0.26
249760,0.9884703755378723,0.9867948889732361,1.0,0.34
249850,0.9884703755378723,0.9867948889732361,1.0,0.24
249940,0.9884703755378723,0.9867948889732361,1.0,0.26
250030,0.9884703755378723,0.9867948889732361,1.0,0.24
250120,0.9884703755378723,0.9867948889732361,1.0,0.24
250210,0.9884703755378723,0.9867948889732361,1.0,0.23
250300,0.9884703755378723,0.9867948889732361,1.0,0.23
250390,0.9884703755378723,0.9867948889732361,1.0,0.23
250480,0.9884703755378723,0.9867948889732361,1.0,0.25
250570,0.9884703755378723,0.9867948889732361,1.0,0.23
250660,0.9884703755378723,0.9867948889732361,1.0,0.26
250750,0.9884703755378723,0.9867948889732361,1.0,0.24
250840,0.9884703755378723,0.9867948889732361,1.0,0.27
250930,0.9884703755378723,0.9867948889732361,1.0,0.24
251020,0.9884703755378723,0.9867948889732361,1.0,0.25
251110,0.9884703755378723,0.9867948889732361,1.0,0.25
251200,0.9884703755378723,0.9867948889732361,1.0,0.23
251290,0.9884703755378723,0.9867948889732361,1.0,0.24
251380,0.9884703755378723,0.9867948889732361,1.0,0.24
251470,0.9884703755378723,0.9867948889732361,1.0,0.24
251560,0.9884703755378723,0.9867948889732361,1.0,0.25
251650,0.9884703755378723,0.9867948889732361,1.0,0.23
251740,0.9884703755378723,0.9867948889732361,1.0,0.24
251830,0.9884703755378723,0.9867948889732361,1.0,0.24
251920,0.9884703755378723,0.9867948889732361,1.0,0.25
252010,0.9884703755378723,0.9867948889732361,1.0,0.24
252100,0.9884703755378723,0.9867948889732361,1.0,0.24
252190,0.9884703755378723,0.9867948889732361,1.0,0.34
252280,0.9884703755378723,0.9867948889732361,1.0,0.25
252370,0.9884703755378723,0.9867948889732361,1.0,0.24
252460,0.9884703755378723,0.9867948889732361,1.0,0.24
252550,0.9884703755378723,0.9867948889732361,1.0,0.24
252640,0.9884703755378723,0.9867948889732361,1.0,0.28
252730,0.9884703755378723,0.9867948889732361,1.0,0.24
252820,0.9884703755378723,0.9867948889732361,1.0,0.26
252910,0.9884703755378723,0.9867948889732361,1.0,0.24
253000,0.9884703755378723,0.9867948889732361,1.0,0.27
253090,0.9884703755378723,0.9867948889732361,1.0,0.23
253180,0.9884703755378723,0.9867948889732361,1.0,0.24
253270,0.9884703755378723,0.9867948889732361,1.0,0.24
253360,0.9884703755378723,0.9867948889732361,1.0,0.24
253450,0.9884703755378723,0.9867948889732361,1.0,0.25
253540,0.9884703755378723,0.9867948889732361,1.0,0.25
253630,0.9884703755378723,0.9867948889732361,1.0,0.24
253720,0.9884703755378723,0.9867948889732361,1.0,0.24
253810,0.9884703755378723,0.9867948889732361,1.0,0.24
253900,0.9884703755378723,0.9867948889732361,1.0,0.23
253990,0.9884703755378723,0.9867948889732361,1.0,0.24
254080,0.9884703755378723,0.9867948889732361,1.0,0.23
254170,0.9884703755378723,0.9867948889732361,1.0,0.25
254260,0.9884703755378723,0.9867948889732361,1.0,0.25
254350,0.9884703755378723,0.9867948889732361,1.0,0.25
254440,0.9884703755378723,0.9867948889732361,1.0,0.33
254530,0.9884703755378723,0.9867948889732361,1.0,0.25
254620,0.9884703755378723,0.9867948889732361,1.0,0.24
254710,0.9884703755378723,0.9867948889732361,1.0,0.24
254800,0.9884703755378723,0.9867948889732361,1.0,0.26
254890,0.9884703755378723,0.9867948889732361,1.0,0.25
254980,0.9884703755378723,0.9867948889732361,1.0,0.24
255070,0.9884703755378723,0.9867948889732361,1.0,0.25
255160,0.9884703755378723,0.9867948889732361,1.0,0.23
255250,0.9884703755378723,0.9867948889732361,1.0,0.25
255340,0.9884703755378723,0.9867948889732361,1.0,0.26
255430,0.9884703755378723,0.9867948889732361,1.0,0.27
255520,0.9884703755378723,0.9867948889732361,1.0,0.23
255610,0.9884703755378723,0.9867948889732361,1.0,0.23
255700,0.9884703755378723,0.9867948889732361,1.0,0.23
255790,0.9884703755378723,0.9867948889732361,1.0,0.24
255880,0.9884703755378723,0.9867948889732361,1.0,0.25
255970,0.9884703755378723,0.9867948889732361,1.0,0.23
256060,0.9884703755378723,0.9867948889732361,1.0,0.24
256150,0.9884703755378723,0.9867948889732361,1.0,0.24
256240,0.9884703755378723,0.9867948889732361,1.0,0.23
256330,0.9884703755378723,0.9867948889732361,1.0,0.25
256420,0.9884703755378723,0.9867948889732361,1.0,0.24
256510,0.9884703755378723,0.9867948889732361,1.0,0.23
256600,0.9884703755378723,0.9867948889732361,1.0,0.25
256690,0.9884703755378723,0.9867948889732361,1.0,0.25
256780,0.9884703755378723,0.9867948889732361,1.0,0.26
256870,0.9884703755378723,0.9867948889732361,1.0,0.33
256960,0.9884703755378723,0.9867948889732361,1.0,0.24
257050,0.9884703755378723,0.9867948889732361,1.0,0.26
257140,0.9884703755378723,0.9867948889732361,1.0,0.25
257230,0.9884703755378723,0.9867948889732361,1.0,0.28
257320,0.9884703755378723,0.9867948889732361,1.0,0.26
257410,0.9884703755378723,0.9867948889732361,1.0,0.25
257500,0.9884703755378723,0.9867948889732361,1.0,0.27
257590,0.9884703755378723,0.9867948889732361,1.0,0.23
257680,0.9884703755378723,0.9867948889732361,1.0,0.23
257770,0.9884703755378723,0.9867948889732361,1.0,0.23
257860,0.9884703755378723,0.9867948889732361,1.0,0.23
257950,0.9884703755378723,0.9867948889732361,1.0,0.25
258040,0.9884703755378723,0.9867948889732361,1.0,0.23
258130,0.9884703755378723,0.9867948889732361,1.0,0.26
258220,0.9884703755378723,0.9867948889732361,1.0,0.24
258310,0.9884703755378723,0.9867948889732361,1.0,0.24
258400,0.9884703755378723,0.9867948889732361,1.0,0.25
258490,0.9884703755378723,0.9867948889732361,1.0,0.24
258580,0.9884703755378723,0.9867948889732361,1.0,0.30
258670,0.9884703755378723,0.9867948889732361,1.0,0.24
258760,0.9884703755378723,0.9867948889732361,1.0,0.23
258850,0.9884703755378723,0.9867948889732361,1.0,0.23
258940,0.9884703755378723,0.9867948889732361,1.0,0.24
259030,0.9884703755378723,0.9867948889732361,1.0,0.23
259120,0.9884703755378723,0.9867948889732361,1.0,0.35
259210,0.9884703755378723,0.9867948889732361,1.0,0.25
259300,0.9884703755378723,0.9867948889732361,1.0,0.23
259390,0.9884703755378723,0.9867948889732361,1.0,0.25
259480,0.9884703755378723,0.9867948889732361,1.0,0.25
259570,0.9884703755378723,0.9867948889732361,1.0,0.26
259660,0.9884703755378723,0.9867948889732361,1.0,0.23
259750,0.9884703755378723,0.9867948889732361,1.0,0.25
259840,0.9884703755378723,0.9867948889732361,1.0,0.24
259930,0.9884703755378723,0.9867948889732361,1.0,0.24
260020,0.9884703755378723,0.9867948889732361,1.0,0.25
260110,0.9884703755378723,0.9867948889732361,1.0,0.23
260200,0.9884703755378723,0.9867948889732361,1.0,0.24
260290,0.9884703755378723,0.9867948889732361,1.0,0.24
260380,0.9884703755378723,0.9867948889732361,1.0,0.23
260470,0.9884703755378723,0.9867948889732361,1.0,0.28
260560,0.9884703755378723,0.9867948889732361,1.0,0.26
260650,0.9884703755378723,0.9867948889732361,1.0,0.24
260740,0.9884703755378723,0.9867948889732361,1.0,0.25
260830,0.9884703755378723,0.9867948889732361,1.0,0.26
260920,0.9884703755378723,0.9867948889732361,1.0,0.25
261010,0.9884703755378723,0.9867948889732361,1.0,0.23
261100,0.9884703755378723,0.9867948889732361,1.0,0.25
261190,0.9884703755378723,0.9867948889732361,1.0,0.24
261280,0.9884703755378723,0.9867948889732361,1.0,0.26
261370,0.9884703755378723,0.9867948889732361,1.0,0.25
261460,0.9884703755378723,0.9867948889732361,1.0,0.23
261550,0.9884703755378723,0.9867948889732361,1.0,0.36
261640,0.9884703755378723,0.9867948889732361,1.0,0.23
261730,0.9884703755378723,0.9867948889732361,1.0,0.25
261820,0.9884703755378723,0.9867948889732361,1.0,0.24
261910,0.9884703755378723,0.9867948889732361,1.0,0.25
262000,0.9884703755378723,0.9867948889732361,1.0,0.26
262090,0.9884703755378723,0.9867948889732361,1.0,0.24
262180,0.9884703755378723,0.9867948889732361,1.0,0.24
262270,0.9884703755378723,0.9867948889732361,1.0,0.24
262360,0.9884703755378723,0.9867948889732361,1.0,0.23
262450,0.9884703755378723,0.9867948889732361,1.0,0.27
262540,0.9884703755378723,0.9867948889732361,1.0,0.23
262630,0.9884703755378723,0.9867948889732361,1.0,0.24
262720,0.9884703755378723,0.9867948889732361,1.0,0.24
262810,0.9884703755378723,0.9867948889732361,1.0,0.25
262900,0.9884703755378723,0.9867948889732361,1.0,0.25
262990,0.9884703755378723,0.9867948889732361,1.0,0.25
263080,0.9884703755378723,0.9867948889732361,1.0,0.25
263170,0.9884703755378723,0.9867948889732361,1.0,0.23
263260,0.9884703755378723,0.9867948889732361,1.0,0.30
263350,0.9884703755378723,0.9867948889732361,1.0,0.24
263440,0.9884703755378723,0.9867948889732361,1.0,0.24
263530,0.9884703755378723,0.9867948889732361,1.0,0.26
263620,0.9884703755378723,0.9867948889732361,1.0,0.25
263710,0.9884703755378723,0.9867948889732361,1.0,0.23
263800,0.9884703755378723,0.9867948889732361,1.0,0.35
263890,0.9884703755378723,0.9867948889732361,1.0,0.24
263980,0.9884703755378723,0.9867948889732361,1.0,0.25
264070,0.9884703755378723,0.9867948889732361,1.0,0.26
264160,0.9884703755378723,0.9867948889732361,1.0,0.24
264250,0.9884703755378723,0.9867948889732361,1.0,0.26
264340,0.9884703755378723,0.9867948889732361,1.0,0.24
264430,0.9884703755378723,0.9867948889732361,1.0,0.25
264520,0.9884703755378723,0.9867948889732361,1.0,0.24
264610,0.9884703755378723,0.9867948889732361,1.0,0.24
264700,0.9884703755378723,0.9867948889732361,1.0,0.23
264790,0.9884703755378723,0.9867948889732361,1.0,0.27
264880,0.9884703755378723,0.9867948889732361,1.0,0.23
264970,0.9884703755378723,0.9867948889732361,1.0,0.24
265060,0.9884703755378723,0.9867948889732361,1.0,0.26
265150,0.9884703755378723,0.9867948889732361,1.0,0.24
265240,0.9884703755378723,0.9867948889732361,1.0,0.25
265330,0.9884703755378723,0.9867948889732361,1.0,0.25
265420,0.9884703755378723,0.9867948889732361,1.0,0.24
265510,0.9884703755378723,0.9867948889732361,1.0,0.23
265600,0.9884703755378723,0.9867948889732361,1.0,0.26
265690,0.9884703755378723,0.9867948889732361,1.0,0.27
265780,0.9884703755378723,0.9867948889732361,1.0,0.23
265870,0.9884703755378723,0.9867948889732361,1.0,0.23
265960,0.9884703755378723,0.9867948889732361,1.0,0.24
266050,0.9884703755378723,0.9867948889732361,1.0,0.25
266140,0.9884703755378723,0.9867948889732361,1.0,0.24
266230,0.9884703755378723,0.9867948889732361,1.0,0.33
266320,0.9884703755378723,0.9867948889732361,1.0,0.24
266410,0.9884703755378723,0.9867948889732361,1.0,0.26
266500,0.9884703755378723,0.9867948889732361,1.0,0.26
266590,0.9884703755378723,0.9867948889732361,1.0,0.23
266680,0.9884703755378723,0.9867948889732361,1.0,0.24
266770,0.9884703755378723,0.9867948889732361,1.0,0.26
266860,0.9884703755378723,0.9867948889732361,1.0,0.25
266950,0.9884703755378723,0.9867948889732361,1.0,0.23
267040,0.9884703755378723,0.9867948889732361,1.0,0.23
267130,0.9884703755378723,0.9867948889732361,1.0,0.24
267220,0.9884703755378723,0.9867948889732361,1.0,0.23
267310,0.9884703755378723,0.9867948889732361,1.0,0.25
267400,0.9884703755378723,0.9867948889732361,1.0,0.25
267490,0.9884703755378723,0.9867948889732361,1.0,0.24
267580,0.9884703755378723,0.9867948889732361,1.0,0.24
267670,0.9884703755378723,0.9867948889732361,1.0,0.24
267760,0.9884703755378723,0.9867948889732361,1.0,0.25
267850,0.9884703755378723,0.9867948889732361,1.0,0.24
267940,0.9884703755378723,0.9867948889732361,1.0,0.25
268030,0.9884703755378723,0.9867948889732361,1.0,0.27
268120,0.9884703755378723,0.9867948889732361,1.0,0.23
268210,0.9884703755378723,0.9867948889732361,1.0,0.24
268300,0.9884703755378723,0.9867948889732361,1.0,0.24
268390,0.9884703755378723,0.9867948889732361,1.0,0.26
268480,0.9884703755378723,0.9867948889732361,1.0,0.33
268570,0.9884703755378723,0.9867948889732361,1.0,0.23
268660,0.9884703755378723,0.9867948889732361,1.0,0.25
268750,0.9884703755378723,0.9867948889732361,1.0,0.23
268840,0.9884703755378723,0.9867948889732361,1.0,0.26
268930,0.9884703755378723,0.9867948889732361,1.0,0.24
269020,0.9884703755378723,0.9867948889732361,1.0,0.25
269110,0.9884703755378723,0.9867948889732361,1.0,0.25
269200,0.9884703755378723,0.9867948889732361,1.0,0.24
269290,0.9884703755378723,0.9867948889732361,1.0,0.24
269380,0.9884703755378723,0.9867948889732361,1.0,0.23
269470,0.9884703755378723,0.9867948889732361,1.0,0.25
269560,0.9884703755378723,0.9867948889732361,1.0,0.23
269650,0.9884703755378723,0.9867948889732361,1.0,0.29
269740,0.9884703755378723,0.9867948889732361,1.0,0.23
269830,0.9884703755378723,0.9867948889732361,1.0,0.26
269920,0.9884703755378723,0.9867948889732361,1.0,0.23
270010,0.9884703755378723,0.9867948889732361,1.0,0.23
270100,0.9884703755378723,0.9867948889732361,1.0,0.23
270190,0.9884703755378723,0.9867948889732361,1.0,0.23
270280,0.9884703755378723,0.9867948889732361,1.0,0.27
270370,0.9884703755378723,0.9867948889732361,1.0,0.23
270460,0.9884703755378723,0.9867948889732361,1.0,0.25
270550,0.9884703755378723,0.9867948889732361,1.0,0.25
270640,0.9884703755378723,0.9867948889732361,1.0,0.29
270730,0.9884703755378723,0.9867948889732361,1.0,0.25
270820,0.9884703755378723,0.9867948889732361,1.0,0.23
270910,0.9884703755378723,0.9867948889732361,1.0,0.33
271000,0.9884703755378723,0.9867948889732361,1.0,0.27
271090,0.9884703755378723,0.9867948889732361,1.0,0.26
271180,0.9884703755378723,0.9867948889732361,1.0,0.23
271270,0.9884703755378723,0.9867948889732361,1.0,0.23
271360,0.9884703755378723,0.9867948889732361,1.0,0.23
271450,0.9884703755378723,0.9867948889732361,1.0,0.24
271540,0.9884703755378723,0.9867948889732361,1.0,0.24
271630,0.9884703755378723,0.9867948889732361,1.0,0.25
271720,0.9884703755378723,0.9867948889732361,1.0,0.24
271810,0.9884703755378723,0.9867948889732361,1.0,0.27
271900,0.9884703755378723,0.9867948889732361,1.0,0.27
271990,0.9884703755378723,0.9867948889732361,1.0,0.24
272080,0.9884703755378723,0.9867948889732361,1.0,0.23
272170,0.9884703755378723,0.9867948889732361,1.0,0.23
272260,0.9884703755378723,0.9867948889732361,1.0,0.24
272350,0.9884703755378723,0.9867948889732361,1.0,0.24
272440,0.9884703755378723,0.9867948889732361,1.0,0.24
272530,0.9884703755378723,0.9867948889732361,1.0,0.24
272620,0.9884703755378723,0.9867948889732361,1.0,0.25
272710,0.9884703755378723,0.9867948889732361,1.0,0.24
272800,0.9884703755378723,0.9867948889732361,1.0,0.24
272890,0.9884703755378723,0.9867948889732361,1.0,0.24
272980,0.9884703755378723,0.9867948889732361,1.0,0.24
273070,0.9884703755378723,0.9867948889732361,1.0,0.27
273160,0.9884703755378723,0.9867948889732361,1.0,0.34
273250,0.9884703755378723,0.9867948889732361,1.0,0.24
273340,0.9884703755378723,0.9867948889732361,1.0,0.23
273430,0.9884703755378723,0.9867948889732361,1.0,0.23
273520,0.9884703755378723,0.9867948889732361,1.0,0.23
273610,0.9884703755378723,0.9867948889732361,1.0,0.25
273700,0.9884703755378723,0.9867948889732361,1.0,0.25
273790,0.9884703755378723,0.9867948889732361,1.0,0.25
273880,0.9884703755378723,0.9867948889732361,1.0,0.24
273970,0.9884703755378723,0.9867948889732361,1.0,0.25
274060,0.9884703755378723,0.9867948889732361,1.0,0.24
274150,0.9884703755378723,0.9867948889732361,1.0,0.24
274240,0.9884703755378723,0.9867948889732361,1.0,0.26
274330,0.9884703755378723,0.9867948889732361,1.0,0.25
274420,0.9884703755378723,0.9867948889732361,1.0,0.23
274510,0.9884703755378723,0.9867948889732361,1.0,0.23
274600,0.9884703755378723,0.9867948889732361,1.0,0.24
274690,0.9884703755378723,0.9867948889732361,1.0,0.25
274780,0.9884703755378723,0.9867948889732361,1.0,0.23
274870,0.9884703755378723,0.9867948889732361,1.0,0.24
274960,0.9884703755378723,0.9867948889732361,1.0,0.25
275050,0.9884703755378723,0.9867948889732361,1.0,0.25
275140,0.9884703755378723,0.9867948889732361,1.0,0.23
275230,0.9884703755378723,0.9867948889732361,1.0,0.23
275320,0.9884703755378723,0.9867948889732361,1.0,0.26
275410,0.9884703755378723,0.9867948889732361,1.0,0.25
275500,0.9884703755378723,0.9867948889732361,1.0,0.24
275590,0.9884703755378723,0.9867948889732361,1.0,0.34
275680,0.9884703755378723,0.9867948889732361,1.0,0.24
275770,0.9884703755378723,0.9867948889732361,1.0,0.24
275860,0.9884703755378723,0.9867948889732361,1.0,0.24
275950,0.9884703755378723,0.9867948889732361,1.0,0.29
276040,0.9884703755378723,0.9867948889732361,1.0,0.23
276130,0.9884703755378723,0.9867948889732361,1.0,0.24
276220,0.9884703755378723,0.9867948889732361,1.0,0.24
276310,0.9884703755378723,0.9867948889732361,1.0,0.24
276400,0.9884703755378723,0.9867948889732361,1.0,0.23
276490,0.9884703755378723,0.9867948889732361,1.0,0.24
276580,0.9884703755378723,0.9867948889732361,1.0,0.23
276670,0.9884703755378723,0.9867948889732361,1.0,0.24
276760,0.9884703755378723,0.9867948889732361,1.0,0.24
276850,0.9884703755378723,0.9867948889732361,1.0,0.23
276940,0.9884703755378723,0.9867948889732361,1.0,0.25
277030,0.9884703755378723,0.9867948889732361,1.0,0.24
277120,0.9884703755378723,0.9867948889732361,1.0,0.24
277210,0.9884703755378723,0.9867948889732361,1.0,0.24
277300,0.9884703755378723,0.9867948889732361,1.0,0.24
277390,0.9884703755378723,0.9867948889732361,1.0,0.24
277480,0.9884703755378723,0.9867948889732361,1.0,0.24
277570,0.9884703755378723,0.9867948889732361,1.0,0.26
277660,0.9884703755378723,0.9867948889732361,1.0,0.24
277750,0.9884703755378723,0.9867948889732361,1.0,0.23
277840,0.9884703755378723,0.9867948889732361,1.0,0.33
277930,0.9884703755378723,0.9867948889732361,1.0,0.24
278020,0.9884703755378723,0.9867948889732361,1.0,0.23
278110,0.9884703755378723,0.9867948889732361,1.0,0.24
278200,0.9884703755378723,0.9867948889732361,1.0,0.24
278290,0.9884703755378723,0.9867948889732361,1.0,0.23
278380,0.9884703755378723,0.9867948889732361,1.0,0.23
278470,0.9884703755378723,0.9867948889732361,1.0,0.25
278560,0.9884703755378723,0.9867948889732361,1.0,0.23
278650,0.9884703755378723,0.9867948889732361,1.0,0.24
278740,0.9884703755378723,0.9867948889732361,1.0,0.24
278830,0.9884703755378723,0.9867948889732361,1.0,0.23
278920,0.9884703755378723,0.9867948889732361,1.0,0.24
279010,0.9884703755378723,0.9867948889732361,1.0,0.24
279100,0.9884703755378723,0.9867948889732361,1.0,0.23
279190,0.9884703755378723,0.9867948889732361,1.0,0.24
279280,0.9884703755378723,0.9867948889732361,1.0,0.25
279370,0.9884703755378723,0.9867948889732361,1.0,0.24
279460,0.9884703755378723,0.9867948889732361,1.0,0.25
279550,0.9884703755378723,0.9867948889732361,1.0,0.25
279640,0.9884703755378723,0.9867948889732361,1.0,0.24
279730,0.9884703755378723,0.9867948889732361,1.0,0.23
279820,0.9884703755378723,0.9867948889732361,1.0,0.23
279910,0.9884703755378723,0.9867948889732361,1.0,0.25
280000,0.9884703755378723,0.9867948889732361,1.0,0.23
280090,0.9884703755378723,0.9867948889732361,1.0,0.24
280180,0.9884703755378723,0.9867948889732361,1.0,0.23
280270,0.9884703755378723,0.9867948889732361,1.0,0.33
280360,0.9884703755378723,0.9867948889732361,1.0,0.24
280450,0.9884703755378723,0.9867948889732361,1.0,0.25
280540,0.9884703755378723,0.9867948889732361,1.0,0.24
280630,0.9884703755378723,0.9867948889732361,1.0,0.23
280720,0.9884703755378723,0.9867948889732361,1.0,0.25
280810,0.9884703755378723,0.9867948889732361,1.0,0.30
280900,0.9884703755378723,0.9867948889732361,1.0,0.25
280990,0.9884703755378723,0.9867948889732361,1.0,0.24
281080,0.9884703755378723,0.9867948889732361,1.0,0.23
281170,0.9884703755378723,0.9867948889732361,1.0,0.26
281260,0.9884703755378723,0.9867948889732361,1.0,0.24
281350,0.9884703755378723,0.9867948889732361,1.0,0.24
281440,0.9884703755378723,0.9867948889732361,1.0,0.23
281530,0.9884703755378723,0.9867948889732361,1.0,0.24
281620,0.9884703755378723,0.9867948889732361,1.0,0.25
281710,0.9884703755378723,0.9867948889732361,1.0,0.25
281800,0.9884703755378723,0.9867948889732361,1.0,0.24
281890,0.9884703755378723,0.9867948889732361,1.0,0.23
281980,0.9884703755378723,0.9867948889732361,1.0,0.23
282070,0.9884703755378723,0.9867948889732361,1.0,0.28
282160,0.9884703755378723,0.9867948889732361,1.0,0.23
282250,0.9884703755378723,0.9867948889732361,1.0,0.24
282340,0.9884703755378723,0.9867948889732361,1.0,0.23
282430,0.9884703755378723,0.9867948889732361,1.0,0.23
282520,0.9884703755378723,0.9867948889732361,1.0,0.34
282610,0.9884703755378723,0.9867948889732361,1.0,0.27
282700,0.9884703755378723,0.9867948889732361,1.0,0.23
282790,0.9884703755378723,0.9867948889732361,1.0,0.25
282880,0.9884703755378723,0.9867948889732361,1.0,0.25
282970,0.9884703755378723,0.9867948889732361,1.0,0.23
283060,0.9884703755378723,0.9867948889732361,1.0,0.24
283150,0.9884703755378723,0.9867948889732361,1.0,0.25
283240,0.9884703755378723,0.9867948889732361,1.0,0.24
283330,0.9884703755378723,0.9867948889732361,1.0,0.23
283420,0.9884703755378723,0.9867948889732361,1.0,0.23
283510,0.9884703755378723,0.9867948889732361,1.0,0.27
283600,0.9884703755378723,0.9867948889732361,1.0,0.23
283690,0.9884703755378723,0.9867948889732361,1.0,0.24
283780,0.9884703755378723,0.9867948889732361,1.0,0.24
283870,0.9884703755378723,0.9867948889732361,1.0,0.23
283960,0.9884703755378723,0.9867948889732361,1.0,0.24
284050,0.9884703755378723,0.9867948889732361,1.0,0.24
284140,0.9884703755378723,0.9867948889732361,1.0,0.23
284230,0.9884703755378723,0.9867948889732361,1.0,0.25
284320,0.9884703755378723,0.9867948889732361,1.0,0.23
284410,0.9884703755378723,0.9867948889732361,1.0,0.24
284500,0.9884703755378723,0.9867948889732361,1.0,0.24
284590,0.9884703755378723,0.9867948889732361,1.0,0.24
284680,0.9884703755378723,0.9867948889732361,1.0,0.24
284770,0.9884703755378723,0.9867948889732361,1.0,0.23
284860,0.9884703755378723,0.9867948889732361,1.0,0.24
284950,0.9884703755378723,0.9867948889732361,1.0,0.33
285040,0.9884703755378723,0.9867948889732361,1.0,0.23
285130,0.9884703755378723,0.9867948889732361,1.0,0.23
285220,0.9884703755378723,0.9867948889732361,1.0,0.23
285310,0.9884703755378723,0.9867948889732361,1.0,0.24
285400,0.9884703755378723,0.9867948889732361,1.0,0.25
285490,0.9884703755378723,0.9867948889732361,1.0,0.25
285580,0.9884703755378723,0.9867948889732361,1.0,0.24
285670,0.9884703755378723,0.9867948889732361,1.0,0.24
285760,0.9884703755378723,0.9867948889732361,1.0,0.26
285850,0.9884703755378723,0.9867948889732361,1.0,0.23
285940,0.9884703755378723,0.9867948889732361,1.0,0.24
286030,0.9884703755378723,0.9867948889732361,1.0,0.24
286120,0.9884703755378723,0.9867948889732361,1.0,0.24
286210,0.9884703755378723,0.9867948889732361,1.0,0.24
286300,0.9884703755378723,0.9867948889732361,1.0,0.25
286390,0.9884703755378723,0.9867948889732361,1.0,0.23
286480,0.9884703755378723,0.9867948889732361,1.0,0.24
286570,0.9884703755378723,0.9867948889732361,1.0,0.24
286660,0.9884703755378723,0.9867948889732361,1.0,0.26
286750,0.9884703755378723,0.9867948889732361,1.0,0.23
286840,0.9884703755378723,0.9867948889732361,1.0,0.24
286930,0.9884703755378723,0.9867948889732361,1.0,0.25
287020,0.9884703755378723,0.9867948889732361,1.0,0.25
287110,0.9884703755378723,0.9867948889732361,1.0,0.25
287200,0.9884703755378723,0.9867948889732361,1.0,0.36
287290,0.9884703755378723,0.9867948889732361,1.0,0.24
287380,0.9884703755378723,0.9867948889732361,1.0,0.24
287470,0.9884703755378723,0.9867948889732361,1.0,0.23
287560,0.9884703755378723,0.9867948889732361,1.0,0.25
287650,0.9884703755378723,0.9867948889732361,1.0,0.24
287740,0.9884703755378723,0.9867948889732361,1.0,0.23
287830,0.9884703755378723,0.9867948889732361,1.0,0.24
287920,0.9884703755378723,0.9867948889732361,1.0,0.26
288010,0.9884703755378723,0.9867948889732361,1.0,0.24
288100,0.9884703755378723,0.9867948889732361,1.0,0.25
288190,0.9884703755378723,0.9867948889732361,1.0,0.24
288280,0.9884703755378723,0.9867948889732361,1.0,0.25
288370,0.9884703755378723,0.9867948889732361,1.0,0.25
288460,0.9884703755378723,0.9867948889732361,1.0,0.24
288550,0.9884703755378723,0.9867948889732361,1.0,0.26
288640,0.9884703755378723,0.9867948889732361,1.0,0.25
288730,0.9884703755378723,0.9867948889732361,1.0,0.23
288820,0.9884703755378723,0.9867948889732361,1.0,0.26
288910,0.9884703755378723,0.9867948889732361,1.0,0.24
289000,0.9884703755378723,0.9867948889732361,1.0,0.24
289090,0.9884703755378723,0.9867948889732361,1.0,0.26
289180,0.9884703755378723,0.9867948889732361,1.0,0.24
289270,0.9884703755378723,0.9867948889732361,1.0,0.25
289360,0.9884703755378723,0.9867948889732361,1.0,0.23
289450,0.9884703755378723,0.9867948889732361,1.0,0.23
289540,0.9884703755378723,0.9867948889732361,1.0,0.23
289630,0.9884703755378723,0.9867948889732361,1.0,0.38
289720,0.9884703755378723,0.9867948889732361,1.0,0.24
289810,0.9884703755378723,0.9867948889732361,1.0,0.25
289900,0.9884703755378723,0.9867948889732361,1.0,0.25
289990,0.9884703755378723,0.9867948889732361,1.0,0.24
290080,0.9884703755378723,0.9867948889732361,1.0,0.25
290170,0.9884703755378723,0.9867948889732361,1.0,0.25
290260,0.9884703755378723,0.9867948889732361,1.0,0.25
290350,0.9884703755378723,0.9867948889732361,1.0,0.24
290440,0.9884703755378723,0.9867948889732361,1.0,0.24
290530,0.9884703755378723,0.9867948889732361,1.0,0.24
290620,0.9884703755378723,0.9867948889732361,1.0,0.25
290710,0.9884703755378723,0.9867948889732361,1.0,0.25
290800,0.9884703755378723,0.9867948889732361,1.0,0.24
290890,0.9884703755378723,0.9867948889732361,1.0,0.24
290980,0.9884703755378723,0.9867948889732361,1.0,0.24
291070,0.9884703755378723,0.9867948889732361,1.0,0.25
291160,0.9884703755378723,0.9867948889732361,1.0,0.25
291250,0.9884703755378723,0.9867948889732361,1.0,0.23
291340,0.9884703755378723,0.9867948889732361,1.0,0.24
291430,0.9884703755378723,0.9867948889732361,1.0,0.26
291520,0.9884703755378723,0.9867948889732361,1.0,0.23
291610,0.9884703755378723,0.9867948889732361,1.0,0.26
291700,0.9884703755378723,0.9867948889732361,1.0,0.25
291790,0.9884703755378723,0.9867948889732361,1.0,0.23
291880,0.9884703755378723,0.9867948889732361,1.0,0.35
291970,0.9884703755378723,0.9867948889732361,1.0,0.24
292060,0.9884703755378723,0.9867948889732361,1.0,0.24
292150,0.9884703755378723,0.9867948889732361,1.0,0.23
292240,0.9884703755378723,0.9867948889732361,1.0,0.25
292330,0.9884703755378723,0.9867948889732361,1.0,0.23
292420,0.9884703755378723,0.9867948889732361,1.0,0.26
292510,0.9884703755378723,0.9867948889732361,1.0,0.23
292600,0.9884703755378723,0.9867948889732361,1.0,0.23
292690,0.9884703755378723,0.9867948889732361,1.0,0.23
292780,0.9884703755378723,0.9867948889732361,1.0,0.23
292870,0.9884703755378723,0.9867948889732361,1.0,0.26
292960,0.9884703755378723,0.9867948889732361,1.0,0.27
293050,0.9884703755378723,0.9867948889732361,1.0,0.23
293140,0.9884703755378723,0.9867948889732361,1.0,0.25
293230,0.9884703755378723,0.9867948889732361,1.0,0.24
293320,0.9884703755378723,0.9867948889732361,1.0,0.24
293410,0.9884703755378723,0.9867948889732361,1.0,0.25
293500,0.9884703755378723,0.9867948889732361,1.0,0.28
293590,0.9884703755378723,0.9867948889732361,1.0,0.23
293680,0.9884703755378723,0.9867948889732361,1.0,0.28
293770,0.9884703755378723,0.9867948889732361,1.0,0.24
293860,0.9884703755378723,0.9867948889732361,1.0,0.25
293950,0.9884703755378723,0.9867948889732361,1.0,0.24
294040,0.9884703755378723,0.9867948889732361,1.0,0.24
294130,0.9884703755378723,0.9867948889732361,1.0,0.25
294220,0.9884703755378723,0.9867948889732361,1.0,0.26
294310,0.9884703755378723,0.9867948889732361,1.0,0.33
294400,0.9884703755378723,0.9867948889732361,1.0,0.26
294490,0.9884703755378723,0.9867948889732361,1.0,0.24
294580,0.9884703755378723,0.9867948889732361,1.0,0.24
294670,0.9884703755378723,0.9867948889732361,1.0,0.24
294760,0.9884703755378723,0.9867948889732361,1.0,0.23
294850,0.9884703755378723,0.9867948889732361,1.0,0.25
294940,0.9884703755378723,0.9867948889732361,1.0,0.25
295030,0.9884703755378723,0.9867948889732361,1.0,0.24
295120,0.9884703755378723,0.9867948889732361,1.0,0.23
295210,0.9884703755378723,0.9867948889732361,1.0,0.24
295300,0.9884703755378723,0.9867948889732361,1.0,0.24
295390,0.9884703755378723,0.9867948889732361,1.0,0.26
295480,0.9884703755378723,0.9867948889732361,1.0,0.24
295570,0.9884703755378723,0.9867948889732361,1.0,0.26
295660,0.9884703755378723,0.9867948889732361,1.0,0.23
295750,0.9884703755378723,0.9867948889732361,1.0,0.24
295840,0.9884703755378723,0.9867948889732361,1.0,0.23
295930,0.9884703755378723,0.9867948889732361,1.0,0.26
296020,0.9884703755378723,0.9867948889732361,1.0,0.24
296110,0.9884703755378723,0.9867948889732361,1.0,0.26
296200,0.9884703755378723,0.9867948889732361,1.0,0.24
296290,0.9884703755378723,0.9867948889732361,1.0,0.25
296380,0.9884703755378723,0.9867948889732361,1.0,0.27
296470,0.9884703755378723,0.9867948889732361,1.0,0.25
296560,0.9884703755378723,0.9867948889732361,1.0,0.36
296650,0.9884703755378723,0.9867948889732361,1.0,0.23
296740,0.9884703755378723,0.9867948889732361,1.0,0.26
296830,0.9884703755378723,0.9867948889732361,1.0,0.24
296920,0.9884703755378723,0.9867948889732361,1.0,0.28
297010,0.9884703755378723,0.9867948889732361,1.0,0.24
297100,0.9884703755378723,0.9867948889732361,1.0,0.23
297190,0.9884703755378723,0.9867948889732361,1.0,0.23
297280,0.9884703755378723,0.9867948889732361,1.0,0.24
297370,0.9884703755378723,0.9867948889732361,1.0,0.23
297460,0.9884703755378723,0.9867948889732361,1.0,0.26
297550,0.9884703755378723,0.9867948889732361,1.0,0.24
297640,0.9884703755378723,0.9867948889732361,1.0,0.26
297730,0.9884703755378723,0.9867948889732361,1.0,0.27
297820,0.9884703755378723,0.9867948889732361,1.0,0.24
297910,0.9884703755378723,0.9867948889732361,1.0,0.24
298000,0.9884703755378723,0.9867948889732361,1.0,0.24
298090,0.9884703755378723,0.9867948889732361,1.0,0.25
298180,0.9884703755378723,0.9867948889732361,1.0,0.24
298270,0.9884703755378723,0.9867948889732361,1.0,0.23
298360,0.9884703755378723,0.9867948889732361,1.0,0.23
298450,0.9884703755378723,0.9867948889732361,1.0,0.25
298540,0.9884703755378723,0.9867948889732361,1.0,0.23
298630,0.9884703755378723,0.9867948889732361,1.0,0.24
298720,0.9884703755378723,0.9867948889732361,1.0,0.25
298810,0.9884703755378723,0.9867948889732361,1.0,0.25
298900,0.9884703755378723,0.9867948889732361,1.0,0.24
298990,0.9884703755378723,0.9867948889732361,1.0,0.35
299080,0.9884703755378723,0.9867948889732361,1.0,0.24
299170,0.9884703755378723,0.9867948889732361,1.0,0.24
299260,0.9884703755378723,0.9867948889732361,1.0,0.25
299350,0.9884703755378723,0.9867948889732361,1.0,0.24
299440,0.9884703755378723,0.9867948889732361,1.0,0.24
299530,0.9884703755378723,0.9867948889732361,1.0,0.25
299620,0.9884703755378723,0.9867948889732361,1.0,0.24
299710,0.9884703755378723,0.9867948889732361,1.0,0.28
299800,0.9884703755378723,0.9867948889732361,1.0,0.24
299890,0.9884703755378723,0.9867948889732361,1.0,0.24
299980,0.9884703755378723,0.9867948889732361,1.0,0.25
300070,0.9884703755378723,0.9867948889732361,1.0,0.24
300160,0.9884703755378723,0.9867948889732361,1.0,0.25
300250,0.9884703755378723,0.9867948889732361,1.0,0.24
300340,0.9884703755378723,0.9867948889732361,1.0,0.24
300430,0.9884703755378723,0.9867948889732361,1.0,0.23
300520,0.9884703755378723,0.9867948889732361,1.0,0.24
300610,0.9884703755378723,0.9867948889732361,1.0,0.27
300700,0.9884703755378723,0.9867948889732361,1.0,0.25
300790,0.9884703755378723,0.9867948889732361,1.0,0.24
300880,0.9884703755378723,0.9867948889732361,1.0,0.26
300970,0.9884703755378723,0.9867948889732361,1.0,0.24
301060,0.9884703755378723,0.9867948889732361,1.0,0.23
301150,0.9884703755378723,0.9867948889732361,1.0,0.25
301240,0.9884703755378723,0.9867948889732361,1.0,0.33
301330,0.9884703755378723,0.9867948889732361,1.0,0.24
301420,0.9884703755378723,0.9867948889732361,1.0,0.27
301510,0.9884703755378723,0.9867948889732361,1.0,0.24
301600,0.9884703755378723,0.9867948889732361,1.0,0.24
301690,0.9884703755378723,0.9867948889732361,1.0,0.23
301780,0.9884703755378723,0.9867948889732361,1.0,0.31
301870,0.9884703755378723,0.9867948889732361,1.0,0.23
301960,0.9884703755378723,0.9867948889732361,1.0,0.23
302050,0.9884703755378723,0.9867948889732361,1.0,0.24
302140,0.9884703755378723,0.9867948889732361,1.0,0.25
302230,0.9884703755378723,0.9867948889732361,1.0,0.25
302320,0.9884703755378723,0.9867948889732361,1.0,0.24
302410,0.9884703755378723,0.9867948889732361,1.0,0.23
302500,0.9884703755378723,0.9867948889732361,1.0,0.24
302590,0.9884703755378723,0.9867948889732361,1.0,0.24
302680,0.9884703755378723,0.9867948889732361,1.0,0.24
302770,0.9884703755378723,0.9867948889732361,1.0,0.26
302860,0.9884703755378723,0.9867948889732361,1.0,0.25
302950,0.9884703755378723,0.9867948889732361,1.0,0.24
303040,0.9884703755378723,0.9867948889732361,1.0,0.23
303130,0.9884703755378723,0.9867948889732361,1.0,0.27
303220,0.9884703755378723,0.9867948889732361,1.0,0.26
303310,0.9884703755378723,0.9867948889732361,1.0,0.25
303400,0.9884703755378723,0.9867948889732361,1.0,0.24
303490,0.9884703755378723,0.9867948889732361,1.0,0.24
303580,0.9884703755378723,0.9867948889732361,1.0,0.24
303670,0.9884703755378723,0.9867948889732361,1.0,0.34
303760,0.9884703755378723,0.9867948889732361,1.0,0.23
303850,0.9884703755378723,0.9867948889732361,1.0,0.25
303940,0.9884703755378723,0.9867948889732361,1.0,0.23
304030,0.9884703755378723,0.9867948889732361,1.0,0.25
304120,0.9884703755378723,0.9867948889732361,1.0,0.25
304210,0.9884703755378723,0.9867948889732361,1.0,0.23
304300,0.9884703755378723,0.9867948889732361,1.0,0.26
304390,0.9884703755378723,0.9867948889732361,1.0,0.24
304480,0.9884703755378723,0.9867948889732361,1.0,0.29
304570,0.9884703755378723,0.9867948889732361,1.0,0.24
304660,0.9884703755378723,0.9867948889732361,1.0,0.24
304750,0.9884703755378723,0.9867948889732361,1.0,0.23
304840,0.9884703755378723,0.9867948889732361,1.0,0.24
304930,0.9884703755378723,0.9867948889732361,1.0,0.24
305020,0.9884703755378723,0.9867948889732361,1.0,0.24
305110,0.9884703755378723,0.9867948889732361,1.0,0.25
305200,0.9884703755378723,0.9867948889732361,1.0,0.24
305290,0.9884703755378723,0.9867948889732361,1.0,0.25
305380,0.9884703755378723,0.9867948889732361,1.0,0.23
305470,0.9884703755378723,0.9867948889732361,1.0,0.25
305560,0.9884703755378723,0.9867948889732361,1.0,0.23
305650,0.9884703755378723,0.9867948889732361,1.0,0.23
305740,0.9884703755378723,0.9867948889732361,1.0,0.24
305830,0.9884703755378723,0.9867948889732361,1.0,0.25
305920,0.9884703755378723,0.9867948889732361,1.0,0.35
306010,0.9884703755378723,0.9867948889732361,1.0,0.26
306100,0.9884703755378723,0.9867948889732361,1.0,0.24
306190,0.9884703755378723,0.9867948889732361,1.0,0.26
306280,0.9884703755378723,0.9867948889732361,1.0,0.23
306370,0.9884703755378723,0.9867948889732361,1.0,0.23
306460,0.9884703755378723,0.9867948889732361,1.0,0.23
306550,0.9884703755378723,0.9867948889732361,1.0,0.26
306640,0.9884703755378723,0.9867948889732361,1.0,0.23
306730,0.9884703755378723,0.9867948889732361,1.0,0.23
306820,0.9884703755378723,0.9867948889732361,1.0,0.24
306910,0.9884703755378723,0.9867948889732361,1.0,0.24
307000,0.9884703755378723,0.9867948889732361,1.0,0.25
307090,0.9884703755378723,0.9867948889732361,1.0,0.25
307180,0.9884703755378723,0.9867948889732361,1.0,0.23
307270,0.9884703755378723,0.9867948889732361,1.0,0.23
307360,0.9884703755378723,0.9867948889732361,1.0,0.24
307450,0.9884703755378723,0.9867948889732361,1.0,0.24
307540,0.9884703755378723,0.9867948889732361,1.0,0.25
307630,0.9884703755378723,0.9867948889732361,1.0,0.26
307720,0.9884703755378723,0.9867948889732361,1.0,0.24
307810,0.9884703755378723,0.9867948889732361,1.0,0.26
307900,0.9884703755378723,0.9867948889732361,1.0,0.25
307990,0.9884703755378723,0.9867948889732361,1.0,0.24
308080,0.9884703755378723,0.9867948889732361,1.0,0.23
308170,0.9884703755378723,0.9867948889732361,1.0,0.25
308260,0.9884703755378723,0.9867948889732361,1.0,0.24
308350,0.9884703755378723,0.9867948889732361,1.0,0.36
308440,0.9884703755378723,0.9867948889732361,1.0,0.25
308530,0.9884703755378723,0.9867948889732361,1.0,0.24
308620,0.9884703755378723,0.9867948889732361,1.0,0.24
308710,0.9884703755378723,0.9867948889732361,1.0,0.25
308800,0.9884703755378723,0.9867948889732361,1.0,0.24
308890,0.9884703755378723,0.9867948889732361,1.0,0.24
308980,0.9884703755378723,0.9867948889732361,1.0,0.23
309070,0.9884703755378723,0.9867948889732361,1.0,0.24
309160,0.9884703755378723,0.9867948889732361,1.0,0.25
309250,0.9884703755378723,0.9867948889732361,1.0,0.24
309340,0.9884703755378723,0.9867948889732361,1.0,0.23
309430,0.9884703755378723,0.9867948889732361,1.0,0.26
309520,0.9884703755378723,0.9867948889732361,1.0,0.24
309610,0.9884703755378723,0.9867948889732361,1.0,0.23
309700,0.9884703755378723,0.9867948889732361,1.0,0.24
309790,0.9884703755378723,0.9867948889732361,1.0,0.24
309880,0.9884703755378723,0.9867948889732361,1.0,0.24
309970,0.9884703755378723,0.9867948889732361,1.0,0.23
310060,0.9884703755378723,0.9867948889732361,1.0,0.26
310150,0.9884703755378723,0.9867948889732361,1.0,0.25
310240,0.9884703755378723,0.9867948889732361,1.0,0.25
310330,0.9884703755378723,0.9867948889732361,1.0,0.23
310420,0.9884703755378723,0.9867948889732361,1.0,0.26
310510,0.9884703755378723,0.9867948889732361,1.0,0.27
310600,0.9884703755378723,0.9867948889732361,1.0,0.35
310690,0.9884703755378723,0.9867948889732361,1.0,0.24
310780,0.9884703755378723,0.9867948889732361,1.0,0.24
310870,0.9884703755378723,0.9867948889732361,1.0,0.23
310960,0.9884703755378723,0.9867948889732361,1.0,0.24
311050,0.9884703755378723,0.9867948889732361,1.0,0.24
311140,0.9884703755378723,0.9867948889732361,1.0,0.27
311230,0.9884703755378723,0.9867948889732361,1.0,0.26
311320,0.9884703755378723,0.9867948889732361,1.0,0.31
311410,0.9884703755378723,0.9867948889732361,1.0,0.25
311500,0.9884703755378723,0.9867948889732361,1.0,0.25
311590,0.9884703755378723,0.9867948889732361,1.0,0.23
311680,0.9884703755378723,0.9867948889732361,1.0,0.27
311770,0.9884703755378723,0.9867948889732361,1.0,0.23
311860,0.9884703755378723,0.9867948889732361,1.0,0.27
311950,0.9884703755378723,0.9867948889732361,1.0,0.25
312040,0.9884703755378723,0.9867948889732361,1.0,0.25
312130,0.9884703755378723,0.9867948889732361,1.0,0.24
312220,0.9884703755378723,0.9867948889732361,1.0,0.28
312310,0.9884703755378723,0.9867948889732361,1.0,0.24
312400,0.9884703755378723,0.9867948889732361,1.0,0.24
312490,0.9884703755378723,0.9867948889732361,1.0,0.23
312580,0.9884703755378723,0.9867948889732361,1.0,0.24
312670,0.9884703755378723,0.9867948889732361,1.0,0.26
312760,0.9884703755378723,0.9867948889732361,1.0,0.24
312850,0.9884703755378723,0.9867948889732361,1.0,0.27
312940,0.9884703755378723,0.9867948889732361,1.0,0.24
313030,0.9884703755378723,0.9867948889732361,1.0,0.38
313120,0.9884703755378723,0.9867948889732361,1.0,0.24
313210,0.9884703755378723,0.9867948889732361,1.0,0.25
313300,0.9884703755378723,0.9867948889732361,1.0,0.24
313390,0.9884703755378723,0.9867948889732361,1.0,0.24
313480,0.9884703755378723,0.9867948889732361,1.0,0.25
313570,0.9884703755378723,0.9867948889732361,1.0,0.24
313660,0.9884703755378723,0.9867948889732361,1.0,0.23
313750,0.9884703755378723,0.9867948889732361,1.0,0.24
313840,0.9884703755378723,0.9867948889732361,1.0,0.23
313930,0.9884703755378723,0.9867948889732361,1.0,0.23
314020,0.9884703755378723,0.9867948889732361,1.0,0.23
314110,0.9884703755378723,0.9867948889732361,1.0,0.23
314200,0.9884703755378723,0.9867948889732361,1.0,0.24
314290,0.9884703755378723,0.9867948889732361,1.0,0.23
314380,0.9884703755378723,0.9867948889732361,1.0,0.23
314470,0.9884703755378723,0.9867948889732361,1.0,0.24
314560,0.9884703755378723,0.9867948889732361,1.0,0.24
314650,0.9884703755378723,0.9867948889732361,1.0,0.25
314740,0.9884703755378723,0.9867948889732361,1.0,0.23
314830,0.9884703755378723,0.9867948889732361,1.0,0.24
314920,0.9884703755378723,0.9867948889732361,1.0,0.23
315010,0.9884703755378723,0.9867948889732361,1.0,0.25
315100,0.9884703755378723,0.9867948889732361,1.0,0.25
315190,0.9884703755378723,0.9867948889732361,1.0,0.25
315280,0.9884703755378723,0.9867948889732361,1.0,0.34
315370,0.9884703755378723,0.9867948889732361,1.0,0.24
315460,0.9884703755378723,0.9867948889732361,1.0,0.26
315550,0.9884703755378723,0.9867948889732361,1.0,0.24
315640,0.9884703755378723,0.9867948889732361,1.0,0.23
315730,0.9884703755378723,0.9867948889732361,1.0,0.26
315820,0.9884703755378723,0.9867948889732361,1.0,0.24
315910,0.9884703755378723,0.9867948889732361,1.0,0.25
316000,0.9884703755378723,0.9867948889732361,1.0,0.24
316090,0.9884703755378723,0.9867948889732361,1.0,0.23
316180,0.9884703755378723,0.9867948889732361,1.0,0.24
316270,0.9884703755378723,0.9867948889732361,1.0,0.23
316360,0.9884703755378723,0.9867948889732361,1.0,0.24
316450,0.9884703755378723,0.9867948889732361,1.0,0.25
316540,0.9884703755378723,0.9867948889732361,1.0,0.29
316630,0.9884703755378723,0.9867948889732361,1.0,0.26
316720,0.9884703755378723,0.9867948889732361,1.0,0.24
316810,0.9884703755378723,0.9867948889732361,1.0,0.24
316900,0.9884703755378723,0.9867948889732361,1.0,0.23
316990,0.9884703755378723,0.9867948889732361,1.0,0.24
317080,0.9884703755378723,0.9867948889732361,1.0,0.23
317170,0.9884703755378723,0.9867948889732361,1.0,0.23
317260,0.9884703755378723,0.9867948889732361,1.0,0.25
317350,0.9884703755378723,0.9867948889732361,1.0,0.24
317440,0.9884703755378723,0.9867948889732361,1.0,0.23
317530,0.9884703755378723,0.9867948889732361,1.0,0.25
317620,0.9884703755378723,0.9867948889732361,1.0,0.25
317710,0.9884703755378723,0.9867948889732361,1.0,0.36
317800,0.9884703755378723,0.9867948889732361,1.0,0.27
317890,0.9884703755378723,0.9867948889732361,1.0,0.24
317980,0.9884703755378723,0.9867948889732361,1.0,0.23
318070,0.9884703755378723,0.9867948889732361,1.0,0.24
318160,0.9884703755378723,0.9867948889732361,1.0,0.24
318250,0.9884703755378723,0.9867948889732361,1.0,0.24
318340,0.9884703755378723,0.9867948889732361,1.0,0.24
318430,0.9884703755378723,0.9867948889732361,1.0,0.23
318520,0.9884703755378723,0.9867948889732361,1.0,0.24
318610,0.9884703755378723,0.9867948889732361,1.0,0.24
318700,0.9884703755378723,0.9867948889732361,1.0,0.24
318790,0.9884703755378723,0.9867948889732361,1.0,0.24
318880,0.9884703755378723,0.9867948889732361,1.0,0.24
318970,0.9884703755378723,0.9867948889732361,1.0,0.25
319060,0.9884703755378723,0.9867948889732361,1.0,0.24
319150,0.9884703755378723,0.9867948889732361,1.0,0.25
319240,0.9884703755378723,0.9867948889732361,1.0,0.27
319330,0.9884703755378723,0.9867948889732361,1.0,0.23
319420,0.9884703755378723,0.9867948889732361,1.0,0.23
319510,0.9884703755378723,0.9867948889732361,1.0,0.24
319600,0.9884703755378723,0.9867948889732361,1.0,0.23
319690,0.9884703755378723,0.9867948889732361,1.0,0.24
319780,0.9884703755378723,0.9867948889732361,1.0,0.24
319870,0.9884703755378723,0.9867948889732361,1.0,0.23
319960,0.9884703755378723,0.9867948889732361,1.0,0.34
320050,0.9884703755378723,0.9867948889732361,1.0,0.25
320140,0.9884703755378723,0.9867948889732361,1.0,0.24
320230,0.9884703755378723,0.9867948889732361,1.0,0.23
320320,0.9884703755378723,0.9867948889732361,1.0,0.23
320410,0.9884703755378723,0.9867948889732361,1.0,0.24
320500,0.9884703755378723,0.9867948889732361,1.0,0.25
320590,0.9884703755378723,0.9867948889732361,1.0,0.24
320680,0.9884703755378723,0.9867948889732361,1.0,0.24
320770,0.9884703755378723,0.9867948889732361,1.0,0.27
320860,0.9884703755378723,0.9867948889732361,1.0,0.23
320950,0.9884703755378723,0.9867948889732361,1.0,0.25
321040,0.9884703755378723,0.9867948889732361,1.0,0.26
321130,0.9884703755378723,0.9867948889732361,1.0,0.24
321220,0.9884703755378723,0.9867948889732361,1.0,0.25
321310,0.9884703755378723,0.9867948889732361,1.0,0.26
321400,0.9884703755378723,0.9867948889732361,1.0,0.24
321490,0.9884703755378723,0.9867948889732361,1.0,0.24
321580,0.9884703755378723,0.9867948889732361,1.0,0.24
321670,0.9884703755378723,0.9867948889732361,1.0,0.26
321760,0.9884703755378723,0.9867948889732361,1.0,0.24
321850,0.9884703755378723,0.9867948889732361,1.0,0.24
321940,0.9884703755378723,0.9867948889732361,1.0,0.23
322030,0.9884703755378723,0.9867948889732361,1.0,0.24
322120,0.9884703755378723,0.9867948889732361,1.0,0.26
322210,0.9884703755378723,0.9867948889732361,1.0,0.24
322300,0.9884703755378723,0.9867948889732361,1.0,0.24
322390,0.9884703755378723,0.9867948889732361,1.0,0.36
322480,0.9884703755378723,0.9867948889732361,1.0,0.30
322570,0.9884703755378723,0.9867948889732361,1.0,0.26
322660,0.9884703755378723,0.9867948889732361,1.0,0.25
322750,0.9884703755378723,0.9867948889732361,1.0,0.26
322840,0.9884703755378723,0.9867948889732361,1.0,0.23
322930,0.9884703755378723,0.9867948889732361,1.0,0.24
323020,0.9884703755378723,0.9867948889732361,1.0,0.25
323110,0.9884703755378723,0.9867948889732361,1.0,0.25
323200,0.9884703755378723,0.9867948889732361,1.0,0.26
323290,0.9884703755378723,0.9867948889732361,1.0,0.25
323380,0.9884703755378723,0.9867948889732361,1.0,0.26
323470,0.9884703755378723,0.9867948889732361,1.0,0.24
323560,0.9884703755378723,0.9867948889732361,1.0,0.24
323650,0.9884703755378723,0.9867948889732361,1.0,0.26
323740,0.9884703755378723,0.9867948889732361,1.0,0.26
323830,0.9884703755378723,0.9867948889732361,1.0,0.25
323920,0.9884703755378723,0.9867948889732361,1.0,0.24
324010,0.9884703755378723,0.9867948889732361,1.0,0.24
324100,0.9884703755378723,0.9867948889732361,1.0,0.25
324190,0.9884703755378723,0.9867948889732361,1.0,0.24
324280,0.9884703755378723,0.9867948889732361,1.0,0.28
324370,0.9884703755378723,0.9867948889732361,1.0,0.26
324460,0.9884703755378723,0.9867948889732361,1.0,0.24
324550,0.9884703755378723,0.9867948889732361,1.0,0.24
324640,0.9884703755378723,0.9867948889732361,1.0,0.41
324730,0.9884703755378723,0.9867948889732361,1.0,0.26
324820,0.9884703755378723,0.9867948889732361,1.0,0.25
324910,0.9884703755378723,0.9867948889732361,1.0,0.24
325000,0.9884703755378723,0.9867948889732361,1.0,0.23
325090,0.9884703755378723,0.9867948889732361,1.0,0.23
325180,0.9884703755378723,0.9867948889732361,1.0,0.23
325270,0.9884703755378723,0.9867948889732361,1.0,0.24
325360,0.9884703755378723,0.9867948889732361,1.0,0.24
325450,0.9884703755378723,0.9867948889732361,1.0,0.27
325540,0.9884703755378723,0.9867948889732361,1.0,0.24
325630,0.9884703755378723,0.9867948889732361,1.0,0.25
325720,0.9884703755378723,0.9867948889732361,1.0,0.23
325810,0.9884703755378723,0.9867948889732361,1.0,0.24
325900,0.9884703755378723,0.9867948889732361,1.0,0.23
325990,0.9884703755378723,0.9867948889732361,1.0,0.25
326080,0.9884703755378723,0.9867948889732361,1.0,0.25
326170,0.9884703755378723,0.9867948889732361,1.0,0.25
326260,0.9884703755378723,0.9867948889732361,1.0,0.25
326350,0.9884703755378723,0.9867948889732361,1.0,0.32
326440,0.9884703755378723,0.9867948889732361,1.0,0.24
326530,0.9884703755378723,0.9867948889732361,1.0,0.24
326620,0.9884703755378723,0.9867948889732361,1.0,0.27
326710,0.9884703755378723,0.9867948889732361,1.0,0.25
326800,0.9884703755378723,0.9867948889732361,1.0,0.24
326890,0.9884703755378723,0.9867948889732361,1.0,0.24
326980,0.9884703755378723,0.9867948889732361,1.0,0.25
327070,0.9884703755378723,0.9867948889732361,1.0,0.34
327160,0.9884703755378723,0.9867948889732361,1.0,0.23
327250,0.9884703755378723,0.9867948889732361,1.0,0.23
327340,0.9884703755378723,0.9867948889732361,1.0,0.25
327430,0.9884703755378723,0.9867948889732361,1.0,0.23
327520,0.9884703755378723,0.9867948889732361,1.0,0.24
327610,0.9884703755378723,0.9867948889732361,1.0,0.23
327700,0.9884703755378723,0.9867948889732361,1.0,0.23
327790,0.9884703755378723,0.9867948889732361,1.0,0.23
327880,0.9884703755378723,0.9867948889732361,1.0,0.23
327970,0.9884703755378723,0.9867948889732361,1.0,0.23
328060,0.9884703755378723,0.9867948889732361,1.0,0.24
328150,0.9884703755378723,0.9867948889732361,1.0,0.23
328240,0.9884703755378723,0.9867948889732361,1.0,0.25
328330,0.9884703755378723,0.9867948889732361,1.0,0.24
328420,0.9884703755378723,0.9867948889732361,1.0,0.24
328510,0.9884703755378723,0.9867948889732361,1.0,0.23
328600,0.9884703755378723,0.9867948889732361,1.0,0.25
328690,0.9884703755378723,0.9867948889732361,1.0,0.25
328780,0.9884703755378723,0.9867948889732361,1.0,0.25
328870,0.9884703755378723,0.9867948889732361,1.0,0.23
328960,0.9884703755378723,0.9867948889732361,1.0,0.23
329050,0.9884703755378723,0.9867948889732361,1.0,0.28
329140,0.9884703755378723,0.9867948889732361,1.0,0.23
329230,0.9884703755378723,0.9867948889732361,1.0,0.25
329320,0.9884703755378723,0.9867948889732361,1.0,0.36
329410,0.9884703755378723,0.9867948889732361,1.0,0.26
329500,0.9884703755378723,0.9867948889732361,1.0,0.23
329590,0.9884703755378723,0.9867948889732361,1.0,0.25
329680,0.9884703755378723,0.9867948889732361,1.0,0.23
329770,0.9884703755378723,0.9867948889732361,1.0,0.23
329860,0.9884703755378723,0.9867948889732361,1.0,0.24
329950,0.9884703755378723,0.9867948889732361,1.0,0.23
330040,0.9884703755378723,0.9867948889732361,1.0,0.23
330130,0.9884703755378723,0.9867948889732361,1.0,0.24
330220,0.9884703755378723,0.9867948889732361,1.0,0.25
330310,0.9884703755378723,0.9867948889732361,1.0,0.23
330400,0.9884703755378723,0.9867948889732361,1.0,0.25
330490,0.9884703755378723,0.9867948889732361,1.0,0.26
330580,0.9884703755378723,0.9867948889732361,1.0,0.24
330670,0.9884703755378723,0.9867948889732361,1.0,0.25
330760,0.9884703755378723,0.9867948889732361,1.0,0.23
330850,0.9884703755378723,0.9867948889732361,1.0,0.28
330940,0.9884703755378723,0.9867948889732361,1.0,0.23
331030,0.9884703755378723,0.9867948889732361,1.0,0.24
331120,0.9884703755378723,0.9867948889732361,1.0,0.23
331210,0.9884703755378723,0.9867948889732361,1.0,0.25
331300,0.9884703755378723,0.9867948889732361,1.0,0.24
331390,0.9884703755378723,0.9867948889732361,1.0,0.23
331480,0.9884703755378723,0.9867948889732361,1.0,0.25
331570,0.9884703755378723,0.9867948889732361,1.0,0.24
331660,0.9884703755378723,0.9867948889732361,1.0,0.29
331750,0.9884703755378723,0.9867948889732361,1.0,0.33
331840,0.9884703755378723,0.9867948889732361,1.0,0.23
331930,0.9884703755378723,0.9867948889732361,1.0,0.27
332020,0.9884703755378723,0.9867948889732361,1.0,0.23
332110,0.9884703755378723,0.9867948889732361,1.0,0.26
332200,0.9884703755378723,0.9867948889732361,1.0,0.23
332290,0.9884703755378723,0.9867948889732361,1.0,0.25
332380,0.9884703755378723,0.9867948889732361,1.0,0.23
332470,0.9884703755378723,0.9867948889732361,1.0,0.23
332560,0.9884703755378723,0.9867948889732361,1.0,0.23
332650,0.9884703755378723,0.9867948889732361,1.0,0.24
332740,0.9884703755378723,0.9867948889732361,1.0,0.24
332830,0.9884703755378723,0.9867948889732361,1.0,0.25
332920,0.9884703755378723,0.9867948889732361,1.0,0.23
333010,0.9884703755378723,0.9867948889732361,1.0,0.27
333100,0.9884703755378723,0.9867948889732361,1.0,0.25
333190,0.9884703755378723,0.9867948889732361,1.0,0.24
333280,0.9884703755378723,0.9867948889732361,1.0,0.26
333370,0.9884703755378723,0.9867948889732361,1.0,0.23
333460,0.9884703755378723,0.9867948889732361,1.0,0.24
333550,0.9884703755378723,0.9867948889732361,1.0,0.24
333640,0.9884703755378723,0.9867948889732361,1.0,0.25
333730,0.9884703755378723,0.9867948889732361,1.0,0.26
333820,0.9884703755378723,0.9867948889732361,1.0,0.24
333910,0.9884703755378723,0.9867948889732361,1.0,0.26
334000,0.9884703755378723,0.9867948889732361,1.0,0.33
334090,0.9884703755378723,0.9867948889732361,1.0,0.25
334180,0.9884703755378723,0.9867948889732361,1.0,0.24
334270,0.9884703755378723,0.9867948889732361,1.0,0.25
334360,0.9884703755378723,0.9867948889732361,1.0,0.23
334450,0.9884703755378723,0.9867948889732361,1.0,0.25
334540,0.9884703755378723,0.9867948889732361,1.0,0.29
334630,0.9884703755378723,0.9867948889732361,1.0,0.25
334720,0.9884703755378723,0.9867948889732361,1.0,0.25
334810,0.9884703755378723,0.9867948889732361,1.0,0.25
334900,0.9884703755378723,0.9867948889732361,1.0,0.23
334990,0.9884703755378723,0.9867948889732361,1.0,0.23
335080,0.9884703755378723,0.9867948889732361,1.0,0.25
335170,0.9884703755378723,0.9867948889732361,1.0,0.26
335260,0.9884703755378723,0.9867948889732361,1.0,0.24
335350,0.9884703755378723,0.9867948889732361,1.0,0.25
335440,0.9884703755378723,0.9867948889732361,1.0,0.25
335530,0.9884703755378723,0.9867948889732361,1.0,0.25
335620,0.9884703755378723,0.9867948889732361,1.0,0.23
335710,0.9884703755378723,0.9867948889732361,1.0,0.28
335800,0.9884703755378723,0.9867948889732361,1.0,0.23
335890,0.9884703755378723,0.9867948889732361,1.0,0.24
335980,0.9884703755378723,0.9867948889732361,1.0,0.23
336070,0.9884703755378723,0.9867948889732361,1.0,0.24
336160,0.9884703755378723,0.9867948889732361,1.0,0.25
336250,0.9884703755378723,0.9867948889732361,1.0,0.23
336340,0.9884703755378723,0.9867948889732361,1.0,0.23
336430,0.9884703755378723,0.9867948889732361,1.0,0.34
336520,0.9884703755378723,0.9867948889732361,1.0,0.25
336610,0.9884703755378723,0.9867948889732361,1.0,0.23
336700,0.9884703755378723,0.9867948889732361,1.0,0.25
336790,0.9884703755378723,0.9867948889732361,1.0,0.24
336880,0.9884703755378723,0.9867948889732361,1.0,0.24
336970,0.9884703755378723,0.9867948889732361,1.0,0.26
337060,0.9884703755378723,0.9867948889732361,1.0,0.25
337150,0.9884703755378723,0.9867948889732361,1.0,0.25
337240,0.9884703755378723,0.9867948889732361,1.0,0.28
337330,0.9884703755378723,0.9867948889732361,1.0,0.24
337420,0.9884703755378723,0.9867948889732361,1.0,0.24
337510,0.9884703755378723,0.9867948889732361,1.0,0.24
337600,0.9884703755378723,0.9867948889732361,1.0,0.23
337690,0.9884703755378723,0.9867948889732361,1.0,0.24
337780,0.9884703755378723,0.9867948889732361,1.0,0.24
337870,0.9884703755378723,0.9867948889732361,1.0,0.25
337960,0.9884703755378723,0.9867948889732361,1.0,0.23
338050,0.9884703755378723,0.9867948889732361,1.0,0.24
338140,0.9884703755378723,0.9867948889732361,1.0,0.23
338230,0.9884703755378723,0.9867948889732361,1.0,0.24
338320,0.9884703755378723,0.9867948889732361,1.0,0.25
338410,0.9884703755378723,0.9867948889732361,1.0,0.25
338500,0.9884703755378723,0.9867948889732361,1.0,0.24
338590,0.9884703755378723,0.9867948889732361,1.0,0.25
338680,0.9884703755378723,0.9867948889732361,1.0,0.33
338770,0.9884703755378723,0.9867948889732361,1.0,0.23
338860,0.9884703755378723,0.9867948889732361,1.0,0.23
338950,0.9884703755378723,0.9867948889732361,1.0,0.23
339040,0.9884703755378723,0.9867948889732361,1.0,0.24
339130,0.9884703755378723,0.9867948889732361,1.0,0.25
339220,0.9884703755378723,0.9867948889732361,1.0,0.23
339310,0.9884703755378723,0.9867948889732361,1.0,0.25
339400,0.9884703755378723,0.9867948889732361,1.0,0.23
339490,0.9884703755378723,0.9867948889732361,1.0,0.23
339580,0.9884703755378723,0.9867948889732361,1.0,0.25
339670,0.9884703755378723,0.9867948889732361,1.0,0.23
339760,0.9884703755378723,0.9867948889732361,1.0,0.23
339850,0.9884703755378723,0.9867948889732361,1.0,0.24
339940,0.9884703755378723,0.9867948889732361,1.0,0.25
340030,0.9884703755378723,0.9867948889732361,1.0,0.24
340120,0.9884703755378723,0.9867948889732361,1.0,0.25
340210,0.9884703755378723,0.9867948889732361,1.0,0.26
340300,0.9884703755378723,0.9867948889732361,1.0,0.25
340390,0.9884703755378723,0.9867948889732361,1.0,0.24
340480,0.9884703755378723,0.9867948889732361,1.0,0.27
340570,0.9884703755378723,0.9867948889732361,1.0,0.23
340660,0.9884703755378723,0.9867948889732361,1.0,0.24
340750,0.9884703755378723,0.9867948889732361,1.0,0.24
340840,0.9884703755378723,0.9867948889732361,1.0,0.23
340930,0.9884703755378723,0.9867948889732361,1.0,0.25
341020,0.9884703755378723,0.9867948889732361,1.0,0.23
341110,0.9884703755378723,0.9867948889732361,1.0,0.37
341200,0.9884703755378723,0.9867948889732361,1.0,0.25
341290,0.9884703755378723,0.9867948889732361,1.0,0.23
341380,0.9884703755378723,0.9867948889732361,1.0,0.24
341470,0.9884703755378723,0.9867948889732361,1.0,0.25
341560,0.9884703755378723,0.9867948889732361,1.0,0.25
341650,0.9884703755378723,0.9867948889732361,1.0,0.25
341740,0.9884703755378723,0.9867948889732361,1.0,0.32
341830,0.9884703755378723,0.9867948889732361,1.0,0.25
341920,0.9884703755378723,0.9867948889732361,1.0,0.24
342010,0.9884703755378723,0.9867948889732361,1.0,0.25
342100,0.9884703755378723,0.9867948889732361,1.0,0.25
342190,0.9884703755378723,0.9867948889732361,1.0,0.23
342280,0.9884703755378723,0.9867948889732361,1.0,0.26
342370,0.9884703755378723,0.9867948889732361,1.0,0.24
342460,0.9884703755378723,0.9867948889732361,1.0,0.24
342550,0.9884703755378723,0.9867948889732361,1.0,0.24
342640,0.9884703755378723,0.9867948889732361,1.0,0.24
342730,0.9884703755378723,0.9867948889732361,1.0,0.24
342820,0.9884703755378723,0.9867948889732361,1.0,0.25
342910,0.9884703755378723,0.9867948889732361,1.0,0.25
343000,0.9884703755378723,0.9867948889732361,1.0,0.28
343090,0.9884703755378723,0.9867948889732361,1.0,0.29
343180,0.9884703755378723,0.9867948889732361,1.0,0.24
343270,0.9884703755378723,0.9867948889732361,1.0,0.23
343360,0.9884703755378723,0.9867948889732361,1.0,0.39
343450,0.9884703755378723,0.9867948889732361,1.0,0.23
343540,0.9884703755378723,0.9867948889732361,1.0,0.24
343630,0.9884703755378723,0.9867948889732361,1.0,0.25
343720,0.9884703755378723,0.9867948889732361,1.0,0.26
343810,0.9884703755378723,0.9867948889732361,1.0,0.25
343900,0.9884703755378723,0.9867948889732361,1.0,0.28
343990,0.9884703755378723,0.9867948889732361,1.0,0.25
344080,0.9884703755378723,0.9867948889732361,1.0,0.23
344170,0.9884703755378723,0.9867948889732361,1.0,0.24
344260,0.9884703755378723,0.9867948889732361,1.0,0.24
344350,0.9884703755378723,0.9867948889732361,1.0,0.25
344440,0.9884703755378723,0.9867948889732361,1.0,0.25
344530,0.9884703755378723,0.9867948889732361,1.0,0.24
344620,0.9884703755378723,0.9867948889732361,1.0,0.24
344710,0.9884703755378723,0.9867948889732361,1.0,0.23
344800,0.9884703755378723,0.9867948889732361,1.0,0.27
344890,0.9884703755378723,0.9867948889732361,1.0,0.25
344980,0.9884703755378723,0.9867948889732361,1.0,0.23
345070,0.9884703755378723,0.9867948889732361,1.0,0.28
345160,0.9884703755378723,0.9867948889732361,1.0,0.27
345250,0.9884703755378723,0.9867948889732361,1.0,0.23
345340,0.9884703755378723,0.9867948889732361,1.0,0.23
345430,0.9884703755378723,0.9867948889732361,1.0,0.23
345520,0.9884703755378723,0.9867948889732361,1.0,0.23
345610,0.9884703755378723,0.9867948889732361,1.0,0.25
345700,0.9884703755378723,0.9867948889732361,1.0,0.24
345790,0.9884703755378723,0.9867948889732361,1.0,0.34
345880,0.9884703755378723,0.9867948889732361,1.0,0.25
345970,0.9884703755378723,0.9867948889732361,1.0,0.24
346060,0.9884703755378723,0.9867948889732361,1.0,0.24
346150,0.9884703755378723,0.9867948889732361,1.0,0.25
346240,0.9884703755378723,0.9867948889732361,1.0,0.24
346330,0.9884703755378723,0.9867948889732361,1.0,0.26
346420,0.9884703755378723,0.9867948889732361,1.0,0.24
346510,0.9884703755378723,0.9867948889732361,1.0,0.25
346600,0.9884703755378723,0.9867948889732361,1.0,0.29
346690,0.9884703755378723,0.9867948889732361,1.0,0.23
346780,0.9884703755378723,0.9867948889732361,1.0,0.24
346870,0.9884703755378723,0.9867948889732361,1.0,0.26
346960,0.9884703755378723,0.9867948889732361,1.0,0.23
347050,0.9884703755378723,0.9867948889732361,1.0,0.24
347140,0.9884703755378723,0.9867948889732361,1.0,0.25
347230,0.9884703755378723,0.9867948889732361,1.0,0.25
347320,0.9884703755378723,0.9867948889732361,1.0,0.25
347410,0.9884703755378723,0.9867948889732361,1.0,0.23
347500,0.9884703755378723,0.9867948889732361,1.0,0.24
347590,0.9884703755378723,0.9867948889732361,1.0,0.24
347680,0.9884703755378723,0.9867948889732361,1.0,0.23
347770,0.9884703755378723,0.9867948889732361,1.0,0.25
347860,0.9884703755378723,0.9867948889732361,1.0,0.23
347950,0.9884703755378723,0.9867948889732361,1.0,0.25
348040,0.9884703755378723,0.9867948889732361,1.0,0.33
348130,0.9884703755378723,0.9867948889732361,1.0,0.28
348220,0.9884703755378723,0.9867948889732361,1.0,0.23
348310,0.9884703755378723,0.9867948889732361,1.0,0.24
348400,0.9884703755378723,0.9867948889732361,1.0,0.25
348490,0.9884703755378723,0.9867948889732361,1.0,0.23
348580,0.9884703755378723,0.9867948889732361,1.0,0.23
348670,0.9884703755378723,0.9867948889732361,1.0,0.23
348760,0.9884703755378723,0.9867948889732361,1.0,0.23
348850,0.9884703755378723,0.9867948889732361,1.0,0.28
348940,0.9884703755378723,0.9867948889732361,1.0,0.27
349030,0.9884703755378723,0.9867948889732361,1.0,0.24
349120,0.9884703755378723,0.9867948889732361,1.0,0.26
349210,0.9884703755378723,0.9867948889732361,1.0,0.23
349300,0.9884703755378723,0.9867948889732361,1.0,0.28
349390,0.9884703755378723,0.9867948889732361,1.0,0.23
349480,0.9884703755378723,0.9867948889732361,1.0,0.26
349570,0.9884703755378723,0.9867948889732361,1.0,0.24
349660,0.9884703755378723,0.9867948889732361,1.0,0.24
349750,0.9884703755378723,0.9867948889732361,1.0,0.27
349840,0.9884703755378723,0.9867948889732361,1.0,0.26
349930,0.9884703755378723,0.9867948889732361,1.0,0.23
350020,0.9884703755378723,0.9867948889732361,1.0,0.27
350110,0.9884703755378723,0.9867948889732361,1.0,0.25
350200,0.9884703755378723,0.9867948889732361,1.0,0.24
350290,0.9884703755378723,0.9867948889732361,1.0,0.24
350380,0.9884703755378723,0.9867948889732361,1.0,0.24
350470,0.9884703755378723,0.9867948889732361,1.0,0.33
350560,0.9884703755378723,0.9867948889732361,1.0,0.24
350650,0.9884703755378723,0.9867948889732361,1.0,0.27
350740,0.9884703755378723,0.9867948889732361,1.0,0.24
350830,0.9884703755378723,0.9867948889732361,1.0,0.24
350920,0.9884703755378723,0.9867948889732361,1.0,0.24
351010,0.9884703755378723,0.9867948889732361,1.0,0.23
351100,0.9884703755378723,0.9867948889732361,1.0,0.24
351190,0.9884703755378723,0.9867948889732361,1.0,0.23
351280,0.9884703755378723,0.9867948889732361,1.0,0.25
351370,0.9884703755378723,0.9867948889732361,1.0,0.24
351460,0.9884703755378723,0.9867948889732361,1.0,0.23
351550,0.9884703755378723,0.9867948889732361,1.0,0.24
351640,0.9884703755378723,0.9867948889732361,1.0,0.25
351730,0.9884703755378723,0.9867948889732361,1.0,0.23
351820,0.9884703755378723,0.9867948889732361,1.0,0.24
351910,0.9884703755378723,0.9867948889732361,1.0,0.27
352000,0.9884703755378723,0.9867948889732361,1.0,0.24
352090,0.9884703755378723,0.9867948889732361,1.0,0.24
352180,0.9884703755378723,0.9867948889732361,1.0,0.28
352270,0.9884703755378723,0.9867948889732361,1.0,0.25
352360,0.9884703755378723,0.9867948889732361,1.0,0.24
352450,0.9884703755378723,0.9867948889732361,1.0,0.26
352540,0.9884703755378723,0.9867948889732361,1.0,0.27
352630,0.9884703755378723,0.9867948889732361,1.0,0.23
352720,0.9884703755378723,0.9867948889732361,1.0,0.35
352810,0.9884703755378723,0.9867948889732361,1.0,0.25
352900,0.9884703755378723,0.9867948889732361,1.0,0.30
352990,0.9884703755378723,0.9867948889732361,1.0,0.24
353080,0.9884703755378723,0.9867948889732361,1.0,0.25
353170,0.9884703755378723,0.9867948889732361,1.0,0.30
353260,0.9884703755378723,0.9867948889732361,1.0,0.25
353350,0.9884703755378723,0.9867948889732361,1.0,0.23
353440,0.9884703755378723,0.9867948889732361,1.0,0.26
353530,0.9884703755378723,0.9867948889732361,1.0,0.24
353620,0.9884703755378723,0.9867948889732361,1.0,0.23
353710,0.9884703755378723,0.9867948889732361,1.0,0.23
353800,0.9884703755378723,0.9867948889732361,1.0,0.25
353890,0.9884703755378723,0.9867948889732361,1.0,0.24
353980,0.9884703755378723,0.9867948889732361,1.0,0.24
354070,0.9884703755378723,0.9867948889732361,1.0,0.23
354160,0.9884703755378723,0.9867948889732361,1.0,0.23
354250,0.9884703755378723,0.9867948889732361,1.0,0.25
354340,0.9884703755378723,0.9867948889732361,1.0,0.25
354430,0.9884703755378723,0.9867948889732361,1.0,0.24
354520,0.9884703755378723,0.9867948889732361,1.0,0.24
354610,0.9884703755378723,0.9867948889732361,1.0,0.25
354700,0.9884703755378723,0.9867948889732361,1.0,0.28
354790,0.9884703755378723,0.9867948889732361,1.0,0.23
354880,0.9884703755378723,0.9867948889732361,1.0,0.23
354970,0.9884703755378723,0.9867948889732361,1.0,0.25
355060,0.9884703755378723,0.9867948889732361,1.0,0.25
355150,0.9884703755378723,0.9867948889732361,1.0,0.33
355240,0.9884703755378723,0.9867948889732361,1.0,0.24
355330,0.9884703755378723,0.9867948889732361,1.0,0.24
355420,0.9884703755378723,0.9867948889732361,1.0,0.26
355510,0.9884703755378723,0.9867948889732361,1.0,0.23
355600,0.9884703755378723,0.9867948889732361,1.0,0.25
355690,0.9884703755378723,0.9867948889732361,1.0,0.25
355780,0.9884703755378723,0.9867948889732361,1.0,0.25
355870,0.9884703755378723,0.9867948889732361,1.0,0.24
355960,0.9884703755378723,0.9867948889732361,1.0,0.23
356050,0.9884703755378723,0.9867948889732361,1.0,0.26
356140,0.9884703755378723,0.9867948889732361,1.0,0.24
356230,0.9884703755378723,0.9867948889732361,1.0,0.25
356320,0.9884703755378723,0.9867948889732361,1.0,0.24
356410,0.9884703755378723,0.9867948889732361,1.0,0.24
356500,0.9884703755378723,0.9867948889732361,1.0,0.24
356590,0.9884703755378723,0.9867948889732361,1.0,0.23
356680,0.9884703755378723,0.9867948889732361,1.0,0.23
356770,0.9884703755378723,0.9867948889732361,1.0,0.24
356860,0.9884703755378723,0.9867948889732361,1.0,0.23
356950,0.9884703755378723,0.9867948889732361,1.0,0.23
357040,0.9884703755378723,0.9867948889732361,1.0,0.25
357130,0.9884703755378723,0.9867948889732361,1.0,0.25
357220,0.9884703755378723,0.9867948889732361,1.0,0.27
357310,0.9884703755378723,0.9867948889732361,1.0,0.25
357400,0.9884703755378723,0.9867948889732361,1.0,0.33
357490,0.9884703755378723,0.9867948889732361,1.0,0.24
357580,0.9884703755378723,0.9867948889732361,1.0,0.23
357670,0.9884703755378723,0.9867948889732361,1.0,0.23
357760,0.9884703755378723,0.9867948889732361,1.0,0.28
357850,0.9884703755378723,0.9867948889732361,1.0,0.25
357940,0.9884703755378723,0.9867948889732361,1.0,0.24
358030,0.9884703755378723,0.9867948889732361,1.0,0.27
358120,0.9884703755378723,0.9867948889732361,1.0,0.28
358210,0.9884703755378723,0.9867948889732361,1.0,0.26
358300,0.9884703755378723,0.9867948889732361,1.0,0.24
358390,0.9884703755378723,0.9867948889732361,1.0,0.24
358480,0.9884703755378723,0.9867948889732361,1.0,0.27
358570,0.9884703755378723,0.9867948889732361,1.0,0.26
358660,0.9884703755378723,0.9867948889732361,1.0,0.26
358750,0.9884703755378723,0.9867948889732361,1.0,0.25
358840,0.9884703755378723,0.9867948889732361,1.0,0.26
358930,0.9884703755378723,0.9867948889732361,1.0,0.24
359020,0.9884703755378723,0.9867948889732361,1.0,0.24
359110,0.9884703755378723,0.9867948889732361,1.0,0.25
359200,0.9884703755378723,0.9867948889732361,1.0,0.29
359290,0.9884703755378723,0.9867948889732361,1.0,0.23
359380,0.9884703755378723,0.9867948889732361,1.0,0.25
359470,0.9884703755378723,0.9867948889732361,1.0,0.24
359560,0.9884703755378723,0.9867948889732361,1.0,0.25
359650,0.9884703755378723,0.9867948889732361,1.0,0.27
359740,0.9884703755378723,0.9867948889732361,1.0,0.24
359830,0.9884703755378723,0.9867948889732361,1.0,0.33
359920,0.9884703755378723,0.9867948889732361,1.0,0.23
360010,0.9884703755378723,0.9867948889732361,1.0,0.23
360100,0.9884703755378723,0.9867948889732361,1.0,0.27
360190,0.9884703755378723,0.9867948889732361,1.0,0.26
360280,0.9884703755378723,0.9867948889732361,1.0,0.23
360370,0.9884703755378723,0.9867948889732361,1.0,0.24
360460,0.9884703755378723,0.9867948889732361,1.0,0.24
360550,0.9884703755378723,0.9867948889732361,1.0,0.24
360640,0.9884703755378723,0.9867948889732361,1.0,0.24
360730,0.9884703755378723,0.9867948889732361,1.0,0.26
360820,0.9884703755378723,0.9867948889732361,1.0,0.25
360910,0.9884703755378723,0.9867948889732361,1.0,0.24
361000,0.9884703755378723,0.9867948889732361,1.0,0.24
361090,0.9884703755378723,0.9867948889732361,1.0,0.23
361180,0.9884703755378723,0.9867948889732361,1.0,0.25
361270,0.9884703755378723,0.9867948889732361,1.0,0.23
361360,0.9884703755378723,0.9867948889732361,1.0,0.24
361450,0.9884703755378723,0.9867948889732361,1.0,0.24
361540,0.9884703755378723,0.9867948889732361,1.0,0.24
361630,0.9884703755378723,0.9867948889732361,1.0,0.24
361720,0.9884703755378723,0.9867948889732361,1.0,0.24
361810,0.9884703755378723,0.9867948889732361,1.0,0.26
361900,0.9884703755378723,0.9867948889732361,1.0,0.25
361990,0.9884703755378723,0.9867948889732361,1.0,0.25
362080,0.9884703755378723,0.9867948889732361,1.0,0.33
362170,0.9884703755378723,0.9867948889732361,1.0,0.23
362260,0.9884703755378723,0.9867948889732361,1.0,0.24
362350,0.9884703755378723,0.9867948889732361,1.0,0.25
362440,0.9884703755378723,0.9867948889732361,1.0,0.24
362530,0.9884703755378723,0.9867948889732361,1.0,0.23
362620,0.9884703755378723,0.9867948889732361,1.0,0.30
362710,0.9884703755378723,0.9867948889732361,1.0,0.23
362800,0.9884703755378723,0.9867948889732361,1.0,0.27
362890,0.9884703755378723,0.9867948889732361,1.0,0.23
362980,0.9884703755378723,0.9867948889732361,1.0,0.23
363070,0.9884703755378723,0.9867948889732361,1.0,0.23
363160,0.9884703755378723,0.9867948889732361,1.0,0.25
363250,0.9884703755378723,0.9867948889732361,1.0,0.26
363340,0.9884703755378723,0.9867948889732361,1.0,0.25
363430,0.9884703755378723,0.9867948889732361,1.0,0.25
363520,0.9884703755378723,0.9867948889732361,1.0,0.24
363610,0.9884703755378723,0.9867948889732361,1.0,0.24
363700,0.9884703755378723,0.9867948889732361,1.0,0.24
363790,0.9884703755378723,0.9867948889732361,1.0,0.23
363880,0.9884703755378723,0.9867948889732361,1.0,0.23
363970,0.9884703755378723,0.9867948889732361,1.0,0.25
364060,0.9884703755378723,0.9867948889732361,1.0,0.25
364150,0.9884703755378723,0.9867948889732361,1.0,0.25
364240,0.9884703755378723,0.9867948889732361,1.0,0.23
364330,0.9884703755378723,0.9867948889732361,1.0,0.23
364420,0.9884703755378723,0.9867948889732361,1.0,0.24
364510,0.9884703755378723,0.9867948889732361,1.0,0.36
364600,0.9884703755378723,0.9867948889732361,1.0,0.24
364690,0.9884703755378723,0.9867948889732361,1.0,0.24
364780,0.9884703755378723,0.9867948889732361,1.0,0.24
364870,0.9884703755378723,0.9867948889732361,1.0,0.24
364960,0.9884703755378723,0.9867948889732361,1.0,0.25
365050,0.9884703755378723,0.9867948889732361,1.0,0.25
365140,0.9884703755378723,0.9867948889732361,1.0,0.23
365230,0.9884703755378723,0.9867948889732361,1.0,0.24
365320,0.9884703755378723,0.9867948889732361,1.0,0.23
365410,0.9884703755378723,0.9867948889732361,1.0,0.24
365500,0.9884703755378723,0.9867948889732361,1.0,0.24
365590,0.9884703755378723,0.9867948889732361,1.0,0.27
365680,0.9884703755378723,0.9867948889732361,1.0,0.25
365770,0.9884703755378723,0.9867948889732361,1.0,0.24
365860,0.9884703755378723,0.9867948889732361,1.0,0.27
365950,0.9884703755378723,0.9867948889732361,1.0,0.23
366040,0.9884703755378723,0.9867948889732361,1.0,0.24
366130,0.9884703755378723,0.9867948889732361,1.0,0.25
366220,0.9884703755378723,0.9867948889732361,1.0,0.25
366310,0.9884703755378723,0.9867948889732361,1.0,0.23
366400,0.9884703755378723,0.9867948889732361,1.0,0.30
366490,0.9884703755378723,0.9867948889732361,1.0,0.29
366580,0.9884703755378723,0.9867948889732361,1.0,0.25
366670,0.9884703755378723,0.9867948889732361,1.0,0.25
366760,0.9884703755378723,0.9867948889732361,1.0,0.33
366850,0.9884703755378723,0.9867948889732361,1.0,0.23
366940,0.9884703755378723,0.9867948889732361,1.0,0.24
367030,0.9884703755378723,0.9867948889732361,1.0,0.24
367120,0.9884703755378723,0.9867948889732361,1.0,0.23
367210,0.9884703755378723,0.9867948889732361,1.0,0.24
367300,0.9884703755378723,0.9867948889732361,1.0,0.23
367390,0.9884703755378723,0.9867948889732361,1.0,0.24
367480,0.9884703755378723,0.9867948889732361,1.0,0.24
367570,0.9884703755378723,0.9867948889732361,1.0,0.23
367660,0.9884703755378723,0.9867948889732361,1.0,0.25
367750,0.9884703755378723,0.9867948889732361,1.0,0.23
367840,0.9884703755378723,0.9867948889732361,1.0,0.25
367930,0.9884703755378723,0.9867948889732361,1.0,0.26
368020,0.9884703755378723,0.9867948889732361,1.0,0.26
368110,0.9884703755378723,0.9867948889732361,1.0,0.24
368200,0.9884703755378723,0.9867948889732361,1.0,0.23
368290,0.9884703755378723,0.9867948889732361,1.0,0.24
368380,0.9884703755378723,0.9867948889732361,1.0,0.24
368470,0.9884703755378723,0.9867948889732361,1.0,0.24
368560,0.9884703755378723,0.9867948889732361,1.0,0.23
368650,0.9884703755378723,0.9867948889732361,1.0,0.24
368740,0.9884703755378723,0.9867948889732361,1.0,0.23
368830,0.9884703755378723,0.9867948889732361,1.0,0.24
368920,0.9884703755378723,0.9867948889732361,1.0,0.25
369010,0.9884703755378723,0.9867948889732361,1.0,0.23
369100,0.9884703755378723,0.9867948889732361,1.0,0.25
369190,0.9884703755378723,0.9867948889732361,1.0,0.34
369280,0.9884703755378723,0.9867948889732361,1.0,0.25
369370,0.9884703755378723,0.9867948889732361,1.0,0.24
369460,0.9884703755378723,0.9867948889732361,1.0,0.23
369550,0.9884703755378723,0.9867948889732361,1.0,0.23
369640,0.9884703755378723,0.9867948889732361,1.0,0.24
369730,0.9884703755378723,0.9867948889732361,1.0,0.27
369820,0.9884703755378723,0.9867948889732361,1.0,0.23
369910,0.9884703755378723,0.9867948889732361,1.0,0.23
370000,0.9884703755378723,0.9867948889732361,1.0,0.24
370090,0.9884703755378723,0.9867948889732361,1.0,0.24
370180,0.9884703755378723,0.9867948889732361,1.0,0.23
370270,0.9884703755378723,0.9867948889732361,1.0,0.23
370360,0.9884703755378723,0.9867948889732361,1.0,0.25
370450,0.9884703755378723,0.9867948889732361,1.0,0.24
370540,0.9884703755378723,0.9867948889732361,1.0,0.25
370630,0.9884703755378723,0.9867948889732361,1.0,0.23
370720,0.9884703755378723,0.9867948889732361,1.0,0.23
370810,0.9884703755378723,0.9867948889732361,1.0,0.23
370900,0.9884703755378723,0.9867948889732361,1.0,0.27
370990,0.9884703755378723,0.9867948889732361,1.0,0.25
371080,0.9884703755378723,0.9867948889732361,1.0,0.23
371170,0.9884703755378723,0.9867948889732361,1.0,0.23
371260,0.9884703755378723,0.9867948889732361,1.0,0.23
371350,0.9884703755378723,0.9867948889732361,1.0,0.25
371440,0.9884703755378723,0.9867948889732361,1.0,0.33
371530,0.9884703755378723,0.9867948889732361,1.0,0.24
371620,0.9884703755378723,0.9867948889732361,1.0,0.25
371710,0.9884703755378723,0.9867948889732361,1.0,0.26
371800,0.9884703755378723,0.9867948889732361,1.0,0.25
371890,0.9884703755378723,0.9867948889732361,1.0,0.28
371980,0.9884703755378723,0.9867948889732361,1.0,0.24
372070,0.9884703755378723,0.9867948889732361,1.0,0.24
372160,0.9884703755378723,0.9867948889732361,1.0,0.23
372250,0.9884703755378723,0.9867948889732361,1.0,0.23
372340,0.9884703755378723,0.9867948889732361,1.0,0.23
372430,0.9884703755378723,0.9867948889732361,1.0,0.23
372520,0.9884703755378723,0.9867948889732361,1.0,0.23
372610,0.9884703755378723,0.9867948889732361,1.0,0.25
372700,0.9884703755378723,0.9867948889732361,1.0,0.23
372790,0.9884703755378723,0.9867948889732361,1.0,0.26
372880,0.9884703755378723,0.9867948889732361,1.0,0.23
372970,0.9884703755378723,0.9867948889732361,1.0,0.23
373060,0.9884703755378723,0.9867948889732361,1.0,0.24
373150,0.9884703755378723,0.9867948889732361,1.0,0.23
373240,0.9884703755378723,0.9867948889732361,1.0,0.23
373330,0.9884703755378723,0.9867948889732361,1.0,0.25
373420,0.9884703755378723,0.9867948889732361,1.0,0.23
373510,0.9884703755378723,0.9867948889732361,1.0,0.23
373600,0.9884703755378723,0.9867948889732361,1.0,0.24
373690,0.9884703755378723,0.9867948889732361,1.0,0.28
373780,0.9884703755378723,0.9867948889732361,1.0,0.24
373870,0.9884703755378723,0.9867948889732361,1.0,0.34
373960,0.9884703755378723,0.9867948889732361,1.0,0.24
374050,0.9884703755378723,0.9867948889732361,1.0,0.24
374140,0.9884703755378723,0.9867948889732361,1.0,0.24
374230,0.9884703755378723,0.9867948889732361,1.0,0.25
374320,0.9884703755378723,0.9867948889732361,1.0,0.23
374410,0.9884703755378723,0.9867948889732361,1.0,0.25
374500,0.9884703755378723,0.9867948889732361,1.0,0.24
374590,0.9884703755378723,0.9867948889732361,1.0,0.24
374680,0.9884703755378723,0.9867948889732361,1.0,0.25
374770,0.9884703755378723,0.9867948889732361,1.0,0.23
374860,0.9884703755378723,0.9867948889732361,1.0,0.24
374950,0.9884703755378723,0.9867948889732361,1.0,0.24
375040,0.9884703755378723,0.9867948889732361,1.0,0.25
375130,0.9884703755378723,0.9867948889732361,1.0,0.23
375220,0.9884703755378723,0.9867948889732361,1.0,0.23
375310,0.9884703755378723,0.9867948889732361,1.0,0.26
375400,0.9884703755378723,0.9867948889732361,1.0,0.25
375490,0.9884703755378723,0.9867948889732361,1.0,0.23
375580,0.9884703755378723,0.9867948889732361,1.0,0.23
375670,0.9884703755378723,0.9867948889732361,1.0,0.23
375760,0.9884703755378723,0.9867948889732361,1.0,0.23
375850,0.9884703755378723,0.9867948889732361,1.0,0.23
375940,0.9884703755378723,0.9867948889732361,1.0,0.23
376030,0.9884703755378723,0.9867948889732361,1.0,0.24
376120,0.9884703755378723,0.9867948889732361,1.0,0.35
376210,0.9884703755378723,0.9867948889732361,1.0,0.23
376300,0.9884703755378723,0.9867948889732361,1.0,0.23
376390,0.9884703755378723,0.9867948889732361,1.0,0.23
376480,0.9884703755378723,0.9867948889732361,1.0,0.24
376570,0.9884703755378723,0.9867948889732361,1.0,0.25
376660,0.9884703755378723,0.9867948889732361,1.0,0.25
376750,0.9884703755378723,0.9867948889732361,1.0,0.23
376840,0.9884703755378723,0.9867948889732361,1.0,0.24
376930,0.9884703755378723,0.9867948889732361,1.0,0.24
377020,0.9884703755378723,0.9867948889732361,1.0,0.24
377110,0.9884703755378723,0.9867948889732361,1.0,0.24
377200,0.9884703755378723,0.9867948889732361,1.0,0.29
377290,0.9884703755378723,0.9867948889732361,1.0,0.24
377380,0.9884703755378723,0.9867948889732361,1.0,0.23
377470,0.9884703755378723,0.9867948889732361,1.0,0.24
377560,0.9884703755378723,0.9867948889732361,1.0,0.23
377650,0.9884703755378723,0.9867948889732361,1.0,0.24
377740,0.9884703755378723,0.9867948889732361,1.0,0.23
377830,0.9884703755378723,0.9867948889732361,1.0,0.26
377920,0.9884703755378723,0.9867948889732361,1.0,0.23
378010,0.9884703755378723,0.9867948889732361,1.0,0.23
378100,0.9884703755378723,0.9867948889732361,1.0,0.24
378190,0.9884703755378723,0.9867948889732361,1.0,0.23
378280,0.9884703755378723,0.9867948889732361,1.0,0.26
378370,0.9884703755378723,0.9867948889732361,1.0,0.26
378460,0.9884703755378723,0.9867948889732361,1.0,0.25
378550,0.9884703755378723,0.9867948889732361,1.0,0.36
378640,0.9884703755378723,0.9867948889732361,1.0,0.30
378730,0.9884703755378723,0.9867948889732361,1.0,0.25
378820,0.9884703755378723,0.9867948889732361,1.0,0.24
378910,0.9884703755378723,0.9867948889732361,1.0,0.24
379000,0.9884703755378723,0.9867948889732361,1.0,0.23
379090,0.9884703755378723,0.9867948889732361,1.0,0.26
379180,0.9884703755378723,0.9867948889732361,1.0,0.23
379270,0.9884703755378723,0.9867948889732361,1.0,0.24
379360,0.9884703755378723,0.9867948889732361,1.0,0.24
379450,0.9884703755378723,0.9867948889732361,1.0,0.24
379540,0.9884703755378723,0.9867948889732361,1.0,0.24
379630,0.9884703755378723,0.9867948889732361,1.0,0.26
379720,0.9884703755378723,0.9867948889732361,1.0,0.23
379810,0.9884703755378723,0.9867948889732361,1.0,0.23
379900,0.9884703755378723,0.9867948889732361,1.0,0.24
379990,0.9884703755378723,0.9867948889732361,1.0,0.23
380080,0.9884703755378723,0.9867948889732361,1.0,0.24
380170,0.9884703755378723,0.9867948889732361,1.0,0.25
380260,0.9884703755378723,0.9867948889732361,1.0,0.24
380350,0.9884703755378723,0.9867948889732361,1.0,0.23
380440,0.9884703755378723,0.9867948889732361,1.0,0.23
380530,0.9884703755378723,0.9867948889732361,1.0,0.24
380620,0.9884703755378723,0.9867948889732361,1.0,0.24
380710,0.9884703755378723,0.9867948889732361,1.0,0.23
380800,0.9884703755378723,0.9867948889732361,1.0,0.33
380890,0.9884703755378723,0.9867948889732361,1.0,0.23
380980,0.9884703755378723,0.9867948889732361,1.0,0.25
381070,0.9884703755378723,0.9867948889732361,1.0,0.23
381160,0.9884703755378723,0.9867948889732361,1.0,0.23
381250,0.9884703755378723,0.9867948889732361,1.0,0.23
381340,0.9884703755378723,0.9867948889732361,1.0,0.25
381430,0.9884703755378723,0.9867948889732361,1.0,0.25
381520,0.9884703755378723,0.9867948889732361,1.0,0.25
381610,0.9884703755378723,0.9867948889732361,1.0,0.23
381700,0.9884703755378723,0.9867948889732361,1.0,0.26
381790,0.9884703755378723,0.9867948889732361,1.0,0.23
381880,0.9884703755378723,0.9867948889732361,1.0,0.24
381970,0.9884703755378723,0.9867948889732361,1.0,0.24
382060,0.9884703755378723,0.9867948889732361,1.0,0.24
382150,0.9884703755378723,0.9867948889732361,1.0,0.24
382240,0.9884703755378723,0.9867948889732361,1.0,0.29
382330,0.9884703755378723,0.9867948889732361,1.0,0.24
382420,0.9884703755378723,0.9867948889732361,1.0,0.24
382510,0.9884703755378723,0.9867948889732361,1.0,0.25
382600,0.9884703755378723,0.9867948889732361,1.0,0.25
382690,0.9884703755378723,0.9867948889732361,1.0,0.24
382780,0.9884703755378723,0.9867948889732361,1.0,0.24
382870,0.9884703755378723,0.9867948889732361,1.0,0.23
382960,0.9884703755378723,0.9867948889732361,1.0,0.24
383050,0.9884703755378723,0.9867948889732361,1.0,0.25
383140,0.9884703755378723,0.9867948889732361,1.0,0.23
383230,0.9884703755378723,0.9867948889732361,1.0,0.34
383320,0.9884703755378723,0.9867948889732361,1.0,0.25
383410,0.9884703755378723,0.9867948889732361,1.0,0.25
383500,0.9884703755378723,0.9867948889732361,1.0,0.23
383590,0.9884703755378723,0.9867948889732361,1.0,0.27
383680,0.9884703755378723,0.9867948889732361,1.0,0.23
383770,0.9884703755378723,0.9867948889732361,1.0,0.25
383860,0.9884703755378723,0.9867948889732361,1.0,0.24
383950,0.9884703755378723,0.9867948889732361,1.0,0.26
384040,0.9884703755378723,0.9867948889732361,1.0,0.23
384130,0.9884703755378723,0.9867948889732361,1.0,0.25
384220,0.9884703755378723,0.9867948889732361,1.0,0.24
384310,0.9884703755378723,0.9867948889732361,1.0,0.23
384400,0.9884703755378723,0.9867948889732361,1.0,0.24
384490,0.9884703755378723,0.9867948889732361,1.0,0.23
384580,0.9884703755378723,0.9867948889732361,1.0,0.26
384670,0.9884703755378723,0.9867948889732361,1.0,0.24
384760,0.9884703755378723,0.9867948889732361,1.0,0.24
384850,0.9884703755378723,0.9867948889732361,1.0,0.24
384940,0.9884703755378723,0.9867948889732361,1.0,0.24
385030,0.9884703755378723,0.9867948889732361,1.0,0.24
385120,0.9884703755378723,0.9867948889732361,1.0,0.23
385210,0.9884703755378723,0.9867948889732361,1.0,0.24
385300,0.9884703755378723,0.9867948889732361,1.0,0.24
385390,0.9884703755378723,0.9867948889732361,1.0,0.29
385480,0.9884703755378723,0.9867948889732361,1.0,0.33
385570,0.9884703755378723,0.9867948889732361,1.0,0.24
385660,0.9884703755378723,0.9867948889732361,1.0,0.23
385750,0.9884703755378723,0.9867948889732361,1.0,0.24
385840,0.9884703755378723,0.9867948889732361,1.0,0.25
385930,0.9884703755378723,0.9867948889732361,1.0,0.24
386020,0.9884703755378723,0.9867948889732361,1.0,0.23
386110,0.9884703755378723,0.9867948889732361,1.0,0.26
386200,0.9884703755378723,0.9867948889732361,1.0,0.27
386290,0.9884703755378723,0.9867948889732361,1.0,0.23
386380,0.9884703755378723,0.9867948889732361,1.0,0.23
386470,0.9884703755378723,0.9867948889732361,1.0,0.26
386560,0.9884703755378723,0.9867948889732361,1.0,0.24
386650,0.9884703755378723,0.9867948889732361,1.0,0.24
386740,0.9884703755378723,0.9867948889732361,1.0,0.29
386830,0.9884703755378723,0.9867948889732361,1.0,0.26
386920,0.9884703755378723,0.9867948889732361,1.0,0.23
387010,0.9884703755378723,0.9867948889732361,1.0,0.26
387100,0.9884703755378723,0.9867948889732361,1.0,0.26
387190,0.9884703755378723,0.9867948889732361,1.0,0.26
387280,0.9884703755378723,0.9867948889732361,1.0,0.25
387370,0.9884703755378723,0.9867948889732361,1.0,0.24
387460,0.9884703755378723,0.9867948889732361,1.0,0.24
387550,0.9884703755378723,0.9867948889732361,1.0,0.23
387640,0.9884703755378723,0.9867948889732361,1.0,0.25
387730,0.9884703755378723,0.9867948889732361,1.0,0.23
387820,0.9884703755378723,0.9867948889732361,1.0,0.25
387910,0.9884703755378723,0.9867948889732361,1.0,0.33
388000,0.9884703755378723,0.9867948889732361,1.0,0.23
388090,0.9884703755378723,0.9867948889732361,1.0,0.24
388180,0.9884703755378723,0.9867948889732361,1.0,0.23
388270,0.9884703755378723,0.9867948889732361,1.0,0.25
388360,0.9884703755378723,0.9867948889732361,1.0,0.25
388450,0.9884703755378723,0.9867948889732361,1.0,0.25
388540,0.9884703755378723,0.9867948889732361,1.0,0.25
388630,0.9884703755378723,0.9867948889732361,1.0,0.27
388720,0.9884703755378723,0.9867948889732361,1.0,0.25
388810,0.9884703755378723,0.9867948889732361,1.0,0.24
388900,0.9884703755378723,0.9867948889732361,1.0,0.24
388990,0.9884703755378723,0.9867948889732361,1.0,0.24
389080,0.9884703755378723,0.9867948889732361,1.0,0.24
389170,0.9884703755378723,0.9867948889732361,1.0,0.23
389260,0.9884703755378723,0.9867948889732361,1.0,0.25
389350,0.9884703755378723,0.9867948889732361,1.0,0.26
389440,0.9884703755378723,0.9867948889732361,1.0,0.27
389530,0.9884703755378723,0.9867948889732361,1.0,0.26
389620,0.9884703755378723,0.9867948889732361,1.0,0.25
389710,0.9884703755378723,0.9867948889732361,1.0,0.23
389800,0.9884703755378723,0.9867948889732361,1.0,0.27
389890,0.9884703755378723,0.9867948889732361,1.0,0.23
389980,0.9884703755378723,0.9867948889732361,1.0,0.26
390070,0.9884703755378723,0.9867948889732361,1.0,0.24
390160,0.9884703755378723,0.9867948889732361,1.0,0.34
390250,0.9884703755378723,0.9867948889732361,1.0,0.25
390340,0.9884703755378723,0.9867948889732361,1.0,0.25
390430,0.9884703755378723,0.9867948889732361,1.0,0.23
390520,0.9884703755378723,0.9867948889732361,1.0,0.23
390610,0.9884703755378723,0.9867948889732361,1.0,0.24
390700,0.9884703755378723,0.9867948889732361,1.0,0.23
390790,0.9884703755378723,0.9867948889732361,1.0,0.23
390880,0.9884703755378723,0.9867948889732361,1.0,0.24
390970,0.9884703755378723,0.9867948889732361,1.0,0.24
391060,0.9884703755378723,0.9867948889732361,1.0,0.26
391150,0.9884703755378723,0.9867948889732361,1.0,0.23
391240,0.9884703755378723,0.9867948889732361,1.0,0.24
391330,0.9884703755378723,0.9867948889732361,1.0,0.25
391420,0.9884703755378723,0.9867948889732361,1.0,0.23
391510,0.9884703755378723,0.9867948889732361,1.0,0.25
391600,0.9884703755378723,0.9867948889732361,1.0,0.24
391690,0.9884703755378723,0.9867948889732361,1.0,0.23
391780,0.9884703755378723,0.9867948889732361,1.0,0.25
391870,0.9884703755378723,0.9867948889732361,1.0,0.24
391960,0.9884703755378723,0.9867948889732361,1.0,0.24
392050,0.9884703755378723,0.9867948889732361,1.0,0.25
392140,0.9884703755378723,0.9867948889732361,1.0,0.26
392230,0.9884703755378723,0.9867948889732361,1.0,0.24
392320,0.9884703755378723,0.9867948889732361,1.0,0.24
392410,0.9884703755378723,0.9867948889732361,1.0,0.24
392500,0.9884703755378723,0.9867948889732361,1.0,0.23
392590,0.9884703755378723,0.9867948889732361,1.0,0.33
392680,0.9884703755378723,0.9867948889732361,1.0,0.24
392770,0.9884703755378723,0.9867948889732361,1.0,0.25
392860,0.9884703755378723,0.9867948889732361,1.0,0.24
392950,0.9884703755378723,0.9867948889732361,1.0,0.24
393040,0.9884703755378723,0.9867948889732361,1.0,0.24
393130,0.9884703755378723,0.9867948889732361,1.0,0.24
393220,0.9884703755378723,0.9867948889732361,1.0,0.26
393310,0.9884703755378723,0.9867948889732361,1.0,0.25
393400,0.9884703755378723,0.9867948889732361,1.0,0.28
393490,0.9884703755378723,0.9867948889732361,1.0,0.26
393580,0.9884703755378723,0.9867948889732361,1.0,0.25
393670,0.9884703755378723,0.9867948889732361,1.0,0.25
393760,0.9884703755378723,0.9867948889732361,1.0,0.24
393850,0.9884703755378723,0.9867948889732361,1.0,0.23
393940,0.9884703755378723,0.9867948889732361,1.0,0.27
394030,0.9884703755378723,0.9867948889732361,1.0,0.24
394120,0.9884703755378723,0.9867948889732361,1.0,0.24
394210,0.9884703755378723,0.9867948889732361,1.0,0.25
394300,0.9884703755378723,0.9867948889732361,1.0,0.24
394390,0.9884703755378723,0.9867948889732361,1.0,0.24
394480,0.9884703755378723,0.9867948889732361,1.0,0.23
394570,0.9884703755378723,0.9867948889732361,1.0,0.23
394660,0.9884703755378723,0.9867948889732361,1.0,0.24
394750,0.9884703755378723,0.9867948889732361,1.0,0.23
394840,0.9884703755378723,0.9867948889732361,1.0,0.33
394930,0.9884703755378723,0.9867948889732361,1.0,0.23
395020,0.9884703755378723,0.9867948889732361,1.0,0.25
395110,0.9884703755378723,0.9867948889732361,1.0,0.24
395200,0.9884703755378723,0.9867948889732361,1.0,0.25
395290,0.9884703755378723,0.9867948889732361,1.0,0.24
395380,0.9884703755378723,0.9867948889732361,1.0,0.25
395470,0.9884703755378723,0.9867948889732361,1.0,0.24
395560,0.9884703755378723,0.9867948889732361,1.0,0.25
395650,0.9884703755378723,0.9867948889732361,1.0,0.23
395740,0.9884703755378723,0.9867948889732361,1.0,0.25
395830,0.9884703755378723,0.9867948889732361,1.0,0.25
395920,0.9884703755378723,0.9867948889732361,1.0,0.26
396010,0.9884703755378723,0.9867948889732361,1.0,0.24
396100,0.9884703755378723,0.9867948889732361,1.0,0.26
396190,0.9884703755378723,0.9867948889732361,1.0,0.24
396280,0.9884703755378723,0.9867948889732361,1.0,0.24
396370,0.9884703755378723,0.9867948889732361,1.0,0.24
396460,0.9884703755378723,0.9867948889732361,1.0,0.24
396550,0.9884703755378723,0.9867948889732361,1.0,0.24
396640,0.9884703755378723,0.9867948889732361,1.0,0.24
396730,0.9884703755378723,0.9867948889732361,1.0,0.25
396820,0.9884703755378723,0.9867948889732361,1.0,0.23
396910,0.9884703755378723,0.9867948889732361,1.0,0.24
397000,0.9884703755378723,0.9867948889732361,1.0,0.26
397090,0.9884703755378723,0.9867948889732361,1.0,0.27
397180,0.9884703755378723,0.9867948889732361,1.0,0.23
397270,0.9884703755378723,0.9867948889732361,1.0,0.33
397360,0.9884703755378723,0.9867948889732361,1.0,0.24
397450,0.9884703755378723,0.9867948889732361,1.0,0.23
397540,0.9884703755378723,0.9867948889732361,1.0,0.24
397630,0.9884703755378723,0.9867948889732361,1.0,0.24
397720,0.9884703755378723,0.9867948889732361,1.0,0.23
397810,0.9884703755378723,0.9867948889732361,1.0,0.24
397900,0.9884703755378723,0.9867948889732361,1.0,0.24
397990,0.9884703755378723,0.9867948889732361,1.0,0.25
398080,0.9884703755378723,0.9867948889732361,1.0,0.24
398170,0.9884703755378723,0.9867948889732361,1.0,0.24
398260,0.9884703755378723,0.9867948889732361,1.0,0.24
398350,0.9884703755378723,0.9867948889732361,1.0,0.25
398440,0.9884703755378723,0.9867948889732361,1.0,0.24
398530,0.9884703755378723,0.9867948889732361,1.0,0.29
398620,0.9884703755378723,0.9867948889732361,1.0,0.24
398710,0.9884703755378723,0.9867948889732361,1.0,0.24
398800,0.9884703755378723,0.9867948889732361,1.0,0.26
398890,0.9884703755378723,0.9867948889732361,1.0,0.24
398980,0.9884703755378723,0.9867948889732361,1.0,0.24
399070,0.9884703755378723,0.9867948889732361,1.0,0.25
399160,0.9884703755378723,0.9867948889732361,1.0,0.23
399250,0.9884703755378723,0.9867948889732361,1.0,0.25
399340,0.9884703755378723,0.9867948889732361,1.0,0.26
399430,0.9884703755378723,0.9867948889732361,1.0,0.24
399520,0.9884703755378723,0.9867948889732361,1.0,0.36
399610,0.9884703755378723,0.9867948889732361,1.0,0.23
399700,0.9884703755378723,0.9867948889732361,1.0,0.25
399790,0.9884703755378723,0.9867948889732361,1.0,0.23
399880,0.9884703755378723,0.9867948889732361,1.0,0.25
399970,0.9884703755378723,0.9867948889732361,1.0,0.26
400060,0.9884703755378723,0.9867948889732361,1.0,0.24
400150,0.9884703755378723,0.9867948889732361,1.0,0.24
400240,0.9884703755378723,0.9867948889732361,1.0,0.27
400330,0.9884703755378723,0.9867948889732361,1.0,0.26
400420,0.9884703755378723,0.9867948889732361,1.0,0.23
400510,0.9884703755378723,0.9867948889732361,1.0,0.29
400600,0.9884703755378723,0.9867948889732361,1.0,0.26
400690,0.9884703755378723,0.9867948889732361,1.0,0.26
400780,0.9884703755378723,0.9867948889732361,1.0,0.25
400870,0.9884703755378723,0.9867948889732361,1.0,0.24
400960,0.9884703755378723,0.9867948889732361,1.0,0.24
401050,0.9884703755378723,0.9867948889732361,1.0,0.24
401140,0.9884703755378723,0.9867948889732361,1.0,0.25
401230,0.9884703755378723,0.9867948889732361,1.0,0.25
401320,0.9884703755378723,0.9867948889732361,1.0,0.24
401410,0.9884703755378723,0.9867948889732361,1.0,0.25
401500,0.9884703755378723,0.9867948889732361,1.0,0.24
401590,0.9884703755378723,0.9867948889732361,1.0,0.24
401680,0.9884703755378723,0.9867948889732361,1.0,0.23
401770,0.9884703755378723,0.9867948889732361,1.0,0.25
401860,0.9884703755378723,0.9867948889732361,1.0,0.25
401950,0.9884703755378723,0.9867948889732361,1.0,0.34
402040,0.9884703755378723,0.9867948889732361,1.0,0.23
402130,0.9884703755378723,0.9867948889732361,1.0,0.25
402220,0.9884703755378723,0.9867948889732361,1.0,0.23
402310,0.9884703755378723,0.9867948889732361,1.0,0.23
402400,0.9884703755378723,0.9867948889732361,1.0,0.24
402490,0.9884703755378723,0.9867948889732361,1.0,0.26
402580,0.9884703755378723,0.9867948889732361,1.0,0.25
402670,0.9884703755378723,0.9867948889732361,1.0,0.27
402760,0.9884703755378723,0.9867948889732361,1.0,0.24
402850,0.9884703755378723,0.9867948889732361,1.0,0.24
402940,0.9884703755378723,0.9867948889732361,1.0,0.24
403030,0.9884703755378723,0.9867948889732361,1.0,0.24
403120,0.9884703755378723,0.9867948889732361,1.0,0.25
403210,0.9884703755378723,0.9867948889732361,1.0,0.25
403300,0.9884703755378723,0.9867948889732361,1.0,0.25
403390,0.9884703755378723,0.9867948889732361,1.0,0.24
403480,0.9884703755378723,0.9867948889732361,1.0,0.26
403570,0.9884703755378723,0.9867948889732361,1.0,0.25
403660,0.9884703755378723,0.9867948889732361,1.0,0.24
403750,0.9884703755378723,0.9867948889732361,1.0,0.26
403840,0.9884703755378723,0.9867948889732361,1.0,0.25
403930,0.9884703755378723,0.9867948889732361,1.0,0.23
404020,0.9884703755378723,0.9867948889732361,1.0,0.24
404110,0.9884703755378723,0.9867948889732361,1.0,0.24
404200,0.9884703755378723,0.9867948889732361,1.0,0.33
404290,0.9884703755378723,0.9867948889732361,1.0,0.24
404380,0.9884703755378723,0.9867948889732361,1.0,0.25
404470,0.9884703755378723,0.9867948889732361,1.0,0.23
404560,0.9884703755378723,0.9867948889732361,1.0,0.25
404650,0.9884703755378723,0.9867948889732361,1.0,0.27
404740,0.9884703755378723,0.9867948889732361,1.0,0.23
404830,0.9884703755378723,0.9867948889732361,1.0,0.24
404920,0.9884703755378723,0.9867948889732361,1.0,0.23
405010,0.9884703755378723,0.9867948889732361,1.0,0.25
405100,0.9884703755378723,0.9867948889732361,1.0,0.24
405190,0.9884703755378723,0.9867948889732361,1.0,0.23
405280,0.9884703755378723,0.9867948889732361,1.0,0.25
405370,0.9884703755378723,0.9867948889732361,1.0,0.24
405460,0.9884703755378723,0.9867948889732361,1.0,0.24
405550,0.9884703755378723,0.9867948889732361,1.0,0.25
405640,0.9884703755378723,0.9867948889732361,1.0,0.23
405730,0.9884703755378723,0.9867948889732361,1.0,0.24
405820,0.9884703755378723,0.9867948889732361,1.0,0.24
405910,0.9884703755378723,0.9867948889732361,1.0,0.25
406000,0.9884703755378723,0.9867948889732361,1.0,0.24
406090,0.9884703755378723,0.9867948889732361,1.0,0.25
406180,0.9884703755378723,0.9867948889732361,1.0,0.25
406270,0.9884703755378723,0.9867948889732361,1.0,0.24
406360,0.9884703755378723,0.9867948889732361,1.0,0.24
406450,0.9884703755378723,0.9867948889732361,1.0,0.26
406540,0.9884703755378723,0.9867948889732361,1.0,0.23
406630,0.9884703755378723,0.9867948889732361,1.0,0.33
406720,0.9884703755378723,0.9867948889732361,1.0,0.26
406810,0.9884703755378723,0.9867948889732361,1.0,0.25
406900,0.9884703755378723,0.9867948889732361,1.0,0.27
406990,0.9884703755378723,0.9867948889732361,1.0,0.23
407080,0.9884703755378723,0.9867948889732361,1.0,0.28
407170,0.9884703755378723,0.9867948889732361,1.0,0.24
407260,0.9884703755378723,0.9867948889732361,1.0,0.25
407350,0.9884703755378723,0.9867948889732361,1.0,0.23
407440,0.9884703755378723,0.9867948889732361,1.0,0.23
407530,0.9884703755378723,0.9867948889732361,1.0,0.24
407620,0.9884703755378723,0.9867948889732361,1.0,0.24
407710,0.9884703755378723,0.9867948889732361,1.0,0.24
407800,0.9884703755378723,0.9867948889732361,1.0,0.23
407890,0.9884703755378723,0.9867948889732361,1.0,0.23
407980,0.9884703755378723,0.9867948889732361,1.0,0.23
408070,0.9884703755378723,0.9867948889732361,1.0,0.23
408160,0.9884703755378723,0.9867948889732361,1.0,0.25
408250,0.9884703755378723,0.9867948889732361,1.0,0.25
408340,0.9884703755378723,0.9867948889732361,1.0,0.23
408430,0.9884703755378723,0.9867948889732361,1.0,0.25
408520,0.9884703755378723,0.9867948889732361,1.0,0.24
408610,0.9884703755378723,0.9867948889732361,1.0,0.24
408700,0.9884703755378723,0.9867948889732361,1.0,0.24
408790,0.9884703755378723,0.9867948889732361,1.0,0.25
408880,0.9884703755378723,0.9867948889732361,1.0,0.36
408970,0.9884703755378723,0.9867948889732361,1.0,0.23
409060,0.9884703755378723,0.9867948889732361,1.0,0.24
409150,0.9884703755378723,0.9867948889732361,1.0,0.29
409240,0.9884703755378723,0.9867948889732361,1.0,0.24
409330,0.9884703755378723,0.9867948889732361,1.0,0.23
409420,0.9884703755378723,0.9867948889732361,1.0,0.23
409510,0.9884703755378723,0.9867948889732361,1.0,0.24
409600,0.9884703755378723,0.9867948889732361,1.0,0.27
409690,0.9884703755378723,0.9867948889732361,1.0,0.24
409780,0.9884703755378723,0.9867948889732361,1.0,0.24
409870,0.9884703755378723,0.9867948889732361,1.0,0.25
409960,0.9884703755378723,0.9867948889732361,1.0,0.24
410050,0.9884703755378723,0.9867948889732361,1.0,0.23
410140,0.9884703755378723,0.9867948889732361,1.0,0.24
410230,0.9884703755378723,0.9867948889732361,1.0,0.26
410320,0.9884703755378723,0.9867948889732361,1.0,0.24
410410,0.9884703755378723,0.9867948889732361,1.0,0.26
410500,0.9884703755378723,0.9867948889732361,1.0,0.24
410590,0.9884703755378723,0.9867948889732361,1.0,0.23
410680,0.9884703755378723,0.9867948889732361,1.0,0.24
410770,0.9884703755378723,0.9867948889732361,1.0,0.24
410860,0.9884703755378723,0.9867948889732361,1.0,0.23
410950,0.9884703755378723,0.9867948889732361,1.0,0.26
411040,0.9884703755378723,0.9867948889732361,1.0,0.25
411130,0.9884703755378723,0.9867948889732361,1.0,0.24
411220,0.9884703755378723,0.9867948889732361,1.0,0.23
411310,0.9884703755378723,0.9867948889732361,1.0,0.34
411400,0.9884703755378723,0.9867948889732361,1.0,0.28
411490,0.9884703755378723,0.9867948889732361,1.0,0.27
411580,0.9884703755378723,0.9867948889732361,1.0,0.25
411670,0.9884703755378723,0.9867948889732361,1.0,0.24
411760,0.9884703755378723,0.9867948889732361,1.0,0.23
411850,0.9884703755378723,0.9867948889732361,1.0,0.26
411940,0.9884703755378723,0.9867948889732361,1.0,0.25
412030,0.9884703755378723,0.9867948889732361,1.0,0.24
412120,0.9884703755378723,0.9867948889732361,1.0,0.24
412210,0.9884703755378723,0.9867948889732361,1.0,0.23
412300,0.9884703755378723,0.9867948889732361,1.0,0.24
412390,0.9884703755378723,0.9867948889732361,1.0,0.23
412480,0.9884703755378723,0.9867948889732361,1.0,0.23
412570,0.9884703755378723,0.9867948889732361,1.0,0.24
412660,0.9884703755378723,0.9867948889732361,1.0,0.24
412750,0.9884703755378723,0.9867948889732361,1.0,0.25
412840,0.9884703755378723,0.9867948889732361,1.0,0.25
412930,0.9884703755378723,0.9867948889732361,1.0,0.25
413020,0.9884703755378723,0.9867948889732361,1.0,0.24
413110,0.9884703755378723,0.9867948889732361,1.0,0.25
413200,0.9884703755378723,0.9867948889732361,1.0,0.24
413290,0.9884703755378723,0.9867948889732361,1.0,0.29
413380,0.9884703755378723,0.9867948889732361,1.0,0.23
413470,0.9884703755378723,0.9867948889732361,1.0,0.23
413560,0.9884703755378723,0.9867948889732361,1.0,0.36
413650,0.9884703755378723,0.9867948889732361,1.0,0.26
413740,0.9884703755378723,0.9867948889732361,1.0,0.25
413830,0.9884703755378723,0.9867948889732361,1.0,0.28
413920,0.9884703755378723,0.9867948889732361,1.0,0.27
414010,0.9884703755378723,0.9867948889732361,1.0,0.23
414100,0.9884703755378723,0.9867948889732361,1.0,0.23
414190,0.9884703755378723,0.9867948889732361,1.0,0.23
414280,0.9884703755378723,0.9867948889732361,1.0,0.25
414370,0.9884703755378723,0.9867948889732361,1.0,0.25
414460,0.9884703755378723,0.9867948889732361,1.0,0.25
414550,0.9884703755378723,0.9867948889732361,1.0,0.24
414640,0.9884703755378723,0.9867948889732361,1.0,0.23
414730,0.9884703755378723,0.9867948889732361,1.0,0.23
414820,0.9884703755378723,0.9867948889732361,1.0,0.23
414910,0.9884703755378723,0.9867948889732361,1.0,0.24
415000,0.9884703755378723,0.9867948889732361,1.0,0.24
415090,0.9884703755378723,0.9867948889732361,1.0,0.24
415180,0.9884703755378723,0.9867948889732361,1.0,0.24
415270,0.9884703755378723,0.9867948889732361,1.0,0.24
415360,0.9884703755378723,0.9867948889732361,1.0,0.24
415450,0.9884703755378723,0.9867948889732361,1.0,0.24
415540,0.9884703755378723,0.9867948889732361,1.0,0.24
415630,0.9884703755378723,0.9867948889732361,1.0,0.25
415720,0.9884703755378723,0.9867948889732361,1.0,0.23
415810,0.9884703755378723,0.9867948889732361,1.0,0.27
415900,0.9884703755378723,0.9867948889732361,1.0,0.25
415990,0.9884703755378723,0.9867948889732361,1.0,0.33
416080,0.9884703755378723,0.9867948889732361,1.0,0.24
416170,0.9884703755378723,0.9867948889732361,1.0,0.25
416260,0.9884703755378723,0.9867948889732361,1.0,0.23
416350,0.9884703755378723,0.9867948889732361,1.0,0.24
416440,0.9884703755378723,0.9867948889732361,1.0,0.24
416530,0.9884703755378723,0.9867948889732361,1.0,0.24
416620,0.9884703755378723,0.9867948889732361,1.0,0.24
416710,0.9884703755378723,0.9867948889732361,1.0,0.24
416800,0.9884703755378723,0.9867948889732361,1.0,0.24
416890,0.9884703755378723,0.9867948889732361,1.0,0.25
416980,0.9884703755378723,0.9867948889732361,1.0,0.30
417070,0.9884703755378723,0.9867948889732361,1.0,0.23
417160,0.9884703755378723,0.9867948889732361,1.0,0.24
417250,0.9884703755378723,0.9867948889732361,1.0,0.24
417340,0.9884703755378723,0.9867948889732361,1.0,0.24
417430,0.9884703755378723,0.9867948889732361,1.0,0.24
417520,0.9884703755378723,0.9867948889732361,1.0,0.26
417610,0.9884703755378723,0.9867948889732361,1.0,0.26
417700,0.9884703755378723,0.9867948889732361,1.0,0.23
417790,0.9884703755378723,0.9867948889732361,1.0,0.25
417880,0.9884703755378723,0.9867948889732361,1.0,0.25
417970,0.9884703755378723,0.9867948889732361,1.0,0.25
418060,0.9884703755378723,0.9867948889732361,1.0,0.23
418150,0.9884703755378723,0.9867948889732361,1.0,0.24
418240,0.9884703755378723,0.9867948889732361,1.0,0.37
418330,0.9884703755378723,0.9867948889732361,1.0,0.25
418420,0.9884703755378723,0.9867948889732361,1.0,0.24
418510,0.9884703755378723,0.9867948889732361,1.0,0.25
418600,0.9884703755378723,0.9867948889732361,1.0,0.27
418690,0.9884703755378723,0.9867948889732361,1.0,0.24
418780,0.9884703755378723,0.9867948889732361,1.0,0.25
418870,0.9884703755378723,0.9867948889732361,1.0,0.25
418960,0.9884703755378723,0.9867948889732361,1.0,0.24
419050,0.9884703755378723,0.9867948889732361,1.0,0.23
419140,0.9884703755378723,0.9867948889732361,1.0,0.25
419230,0.9884703755378723,0.9867948889732361,1.0,0.23
419320,0.9884703755378723,0.9867948889732361,1.0,0.24
419410,0.9884703755378723,0.9867948889732361,1.0,0.25
419500,0.9884703755378723,0.9867948889732361,1.0,0.24
419590,0.9884703755378723,0.9867948889732361,1.0,0.25
419680,0.9884703755378723,0.9867948889732361,1.0,0.23
419770,0.9884703755378723,0.9867948889732361,1.0,0.31
419860,0.9884703755378723,0.9867948889732361,1.0,0.26
419950,0.9884703755378723,0.9867948889732361,1.0,0.25
420040,0.9884703755378723,0.9867948889732361,1.0,0.25
420130,0.9884703755378723,0.9867948889732361,1.0,0.25
420220,0.9884703755378723,0.9867948889732361,1.0,0.25
420310,0.9884703755378723,0.9867948889732361,1.0,0.24
420400,0.9884703755378723,0.9867948889732361,1.0,0.24
420490,0.9884703755378723,0.9867948889732361,1.0,0.24
420580,0.9884703755378723,0.9867948889732361,1.0,0.25
420670,0.9884703755378723,0.9867948889732361,1.0,0.34
420760,0.9884703755378723,0.9867948889732361,1.0,0.26
420850,0.9884703755378723,0.9867948889732361,1.0,0.25
420940,0.9884703755378723,0.9867948889732361,1.0,0.25
421030,0.9884703755378723,0.9867948889732361,1.0,0.25
421120,0.9884703755378723,0.9867948889732361,1.0,0.24
421210,0.9884703755378723,0.9867948889732361,1.0,0.28
421300,0.9884703755378723,0.9867948889732361,1.0,0.25
421390,0.9884703755378723,0.9867948889732361,1.0,0.23
421480,0.9884703755378723,0.9867948889732361,1.0,0.26
421570,0.9884703755378723,0.9867948889732361,1.0,0.23
421660,0.9884703755378723,0.9867948889732361,1.0,0.23
421750,0.9884703755378723,0.9867948889732361,1.0,0.24
421840,0.9884703755378723,0.9867948889732361,1.0,0.23
421930,0.9884703755378723,0.9867948889732361,1.0,0.28
422020,0.9884703755378723,0.9867948889732361,1.0,0.24
422110,0.9884703755378723,0.9867948889732361,1.0,0.23
422200,0.9884703755378723,0.9867948889732361,1.0,0.24
422290,0.9884703755378723,0.9867948889732361,1.0,0.25
422380,0.9884703755378723,0.9867948889732361,1.0,0.25
422470,0.9884703755378723,0.9867948889732361,1.0,0.24
422560,0.9884703755378723,0.9867948889732361,1.0,0.24
422650,0.9884703755378723,0.9867948889732361,1.0,0.23
422740,0.9884703755378723,0.9867948889732361,1.0,0.28
422830,0.9884703755378723,0.9867948889732361,1.0,0.24
422920,0.9884703755378723,0.9867948889732361,1.0,0.35
423010,0.9884703755378723,0.9867948889732361,1.0,0.26
423100,0.9884703755378723,0.9867948889732361,1.0,0.24
423190,0.9884703755378723,0.9867948889732361,1.0,0.24
423280,0.9884703755378723,0.9867948889732361,1.0,0.27
423370,0.9884703755378723,0.9867948889732361,1.0,0.23
423460,0.9884703755378723,0.9867948889732361,1.0,0.24
423550,0.9884703755378723,0.9867948889732361,1.0,0.24
423640,0.9884703755378723,0.9867948889732361,1.0,0.24
423730,0.9884703755378723,0.9867948889732361,1.0,0.24
423820,0.9884703755378723,0.9867948889732361,1.0,0.26
423910,0.9884703755378723,0.9867948889732361,1.0,0.23
424000,0.9884703755378723,0.9867948889732361,1.0,0.26
424090,0.9884703755378723,0.9867948889732361,1.0,0.25
424180,0.9884703755378723,0.9867948889732361,1.0,0.23
424270,0.9884703755378723,0.9867948889732361,1.0,0.23
424360,0.9884703755378723,0.9867948889732361,1.0,0.25
424450,0.9884703755378723,0.9867948889732361,1.0,0.24
424540,0.9884703755378723,0.9867948889732361,1.0,0.24
424630,0.9884703755378723,0.9867948889732361,1.0,0.24
424720,0.9884703755378723,0.9867948889732361,1.0,0.24
424810,0.9884703755378723,0.9867948889732361,1.0,0.24
424900,0.9884703755378723,0.9867948889732361,1.0,0.23
424990,0.9884703755378723,0.9867948889732361,1.0,0.23
425080,0.9884703755378723,0.9867948889732361,1.0,0.23
425170,0.9884703755378723,0.9867948889732361,1.0,0.24
425260,0.9884703755378723,0.9867948889732361,1.0,0.24
425350,0.9884703755378723,0.9867948889732361,1.0,0.33
425440,0.9884703755378723,0.9867948889732361,1.0,0.24
425530,0.9884703755378723,0.9867948889732361,1.0,0.24
425620,0.9884703755378723,0.9867948889732361,1.0,0.24
425710,0.9884703755378723,0.9867948889732361,1.0,0.27
425800,0.9884703755378723,0.9867948889732361,1.0,0.23
425890,0.9884703755378723,0.9867948889732361,1.0,0.25
425980,0.9884703755378723,0.9867948889732361,1.0,0.24
426070,0.9884703755378723,0.9867948889732361,1.0,0.24
426160,0.9884703755378723,0.9867948889732361,1.0,0.26
426250,0.9884703755378723,0.9867948889732361,1.0,0.24
426340,0.9884703755378723,0.9867948889732361,1.0,0.24
426430,0.9884703755378723,0.9867948889732361,1.0,0.23
426520,0.9884703755378723,0.9867948889732361,1.0,0.25
426610,0.9884703755378723,0.9867948889732361,1.0,0.23
426700,0.9884703755378723,0.9867948889732361,1.0,0.23
426790,0.9884703755378723,0.9867948889732361,1.0,0.25
426880,0.9884703755378723,0.9867948889732361,1.0,0.26
426970,0.9884703755378723,0.9867948889732361,1.0,0.23
427060,0.9884703755378723,0.9867948889732361,1.0,0.23
427150,0.9884703755378723,0.9867948889732361,1.0,0.24
427240,0.9884703755378723,0.9867948889732361,1.0,0.23
427330,0.9884703755378723,0.9867948889732361,1.0,0.25
427420,0.9884703755378723,0.9867948889732361,1.0,0.26
427510,0.9884703755378723,0.9867948889732361,1.0,0.23
427600,0.9884703755378723,0.9867948889732361,1.0,0.34
427690,0.9884703755378723,0.9867948889732361,1.0,0.23
427780,0.9884703755378723,0.9867948889732361,1.0,0.23
427870,0.9884703755378723,0.9867948889732361,1.0,0.25
427960,0.9884703755378723,0.9867948889732361,1.0,0.25
428050,0.9884703755378723,0.9867948889732361,1.0,0.24
428140,0.9884703755378723,0.9867948889732361,1.0,0.25
428230,0.9884703755378723,0.9867948889732361,1.0,0.23
428320,0.9884703755378723,0.9867948889732361,1.0,0.23
428410,0.9884703755378723,0.9867948889732361,1.0,0.24
428500,0.9884703755378723,0.9867948889732361,1.0,0.24
428590,0.9884703755378723,0.9867948889732361,1.0,0.23
428680,0.9884703755378723,0.9867948889732361,1.0,0.25
428770,0.9884703755378723,0.9867948889732361,1.0,0.23
428860,0.9884703755378723,0.9867948889732361,1.0,0.24
428950,0.9884703755378723,0.9867948889732361,1.0,0.23
429040,0.9884703755378723,0.9867948889732361,1.0,0.23
429130,0.9884703755378723,0.9867948889732361,1.0,0.23
429220,0.9884703755378723,0.9867948889732361,1.0,0.24
429310,0.9884703755378723,0.9867948889732361,1.0,0.24
429400,0.9884703755378723,0.9867948889732361,1.0,0.24
429490,0.9884703755378723,0.9867948889732361,1.0,0.24
429580,0.9884703755378723,0.9867948889732361,1.0,0.26
429670,0.9884703755378723,0.9867948889732361,1.0,0.23
429760,0.9884703755378723,0.9867948889732361,1.0,0.25
429850,0.9884703755378723,0.9867948889732361,1.0,0.24
429940,0.9884703755378723,0.9867948889732361,1.0,0.27
430030,0.9884703755378723,0.9867948889732361,1.0,0.36
430120,0.9884703755378723,0.9867948889732361,1.0,0.25
430210,0.9884703755378723,0.9867948889732361,1.0,0.23
430300,0.9884703755378723,0.9867948889732361,1.0,0.24
430390,0.9884703755378723,0.9867948889732361,1.0,0.23
430480,0.9884703755378723,0.9867948889732361,1.0,0.29
430570,0.9884703755378723,0.9867948889732361,1.0,0.23
430660,0.9884703755378723,0.9867948889732361,1.0,0.24
430750,0.9884703755378723,0.9867948889732361,1.0,0.25
430840,0.9884703755378723,0.9867948889732361,1.0,0.24
430930,0.9884703755378723,0.9867948889732361,1.0,0.24
431020,0.9884703755378723,0.9867948889732361,1.0,0.23
431110,0.9884703755378723,0.9867948889732361,1.0,0.24
431200,0.9884703755378723,0.9867948889732361,1.0,0.25
431290,0.9884703755378723,0.9867948889732361,1.0,0.26
431380,0.9884703755378723,0.9867948889732361,1.0,0.24
431470,0.9884703755378723,0.9867948889732361,1.0,0.27
431560,0.9884703755378723,0.9867948889732361,1.0,0.23
431650,0.9884703755378723,0.9867948889732361,1.0,0.24
431740,0.9884703755378723,0.9867948889732361,1.0,0.24
431830,0.9884703755378723,0.9867948889732361,1.0,0.25
431920,0.9884703755378723,0.9867948889732361,1.0,0.24
432010,0.9884703755378723,0.9867948889732361,1.0,0.27
432100,0.9884703755378723,0.9867948889732361,1.0,0.26
432190,0.9884703755378723,0.9867948889732361,1.0,0.25
432280,0.9884703755378723,0.9867948889732361,1.0,0.33
432370,0.9884703755378723,0.9867948889732361,1.0,0.24
432460,0.9884703755378723,0.9867948889732361,1.0,0.24
432550,0.9884703755378723,0.9867948889732361,1.0,0.23
432640,0.9884703755378723,0.9867948889732361,1.0,0.23
432730,0.9884703755378723,0.9867948889732361,1.0,0.23
432820,0.9884703755378723,0.9867948889732361,1.0,0.23
432910,0.9884703755378723,0.9867948889732361,1.0,0.24
433000,0.9884703755378723,0.9867948889732361,1.0,0.24
433090,0.9884703755378723,0.9867948889732361,1.0,0.23
433180,0.9884703755378723,0.9867948889732361,1.0,0.24
433270,0.9884703755378723,0.9867948889732361,1.0,0.24
433360,0.9884703755378723,0.9867948889732361,1.0,0.23
433450,0.9884703755378723,0.9867948889732361,1.0,0.23
433540,0.9884703755378723,0.9867948889732361,1.0,0.25
433630,0.9884703755378723,0.9867948889732361,1.0,0.24
433720,0.9884703755378723,0.9867948889732361,1.0,0.25
433810,0.9884703755378723,0.9867948889732361,1.0,0.24
433900,0.9884703755378723,0.9867948889732361,1.0,0.24
433990,0.9884703755378723,0.9867948889732361,1.0,0.24
434080,0.9884703755378723,0.9867948889732361,1.0,0.24
434170,0.9884703755378723,0.9867948889732361,1.0,0.24
434260,0.9884703755378723,0.9867948889732361,1.0,0.25
434350,0.9884703755378723,0.9867948889732361,1.0,0.23
434440,0.9884703755378723,0.9867948889732361,1.0,0.26
434530,0.9884703755378723,0.9867948889732361,1.0,0.25
434620,0.9884703755378723,0.9867948889732361,1.0,0.25
434710,0.9884703755378723,0.9867948889732361,1.0,0.35
434800,0.9884703755378723,0.9867948889732361,1.0,0.28
434890,0.9884703755378723,0.9867948889732361,1.0,0.25
434980,0.9884703755378723,0.9867948889732361,1.0,0.25
435070,0.9884703755378723,0.9867948889732361,1.0,0.23
435160,0.9884703755378723,0.9867948889732361,1.0,0.24
435250,0.9884703755378723,0.9867948889732361,1.0,0.23
435340,0.9884703755378723,0.9867948889732361,1.0,0.24
435430,0.9884703755378723,0.9867948889732361,1.0,0.23
435520,0.9884703755378723,0.9867948889732361,1.0,0.25
435610,0.9884703755378723,0.9867948889732361,1.0,0.25
435700,0.9884703755378723,0.9867948889732361,1.0,0.24
435790,0.9884703755378723,0.9867948889732361,1.0,0.23
435880,0.9884703755378723,0.9867948889732361,1.0,0.25
435970,0.9884703755378723,0.9867948889732361,1.0,0.24
436060,0.9884703755378723,0.9867948889732361,1.0,0.25
436150,0.9884703755378723,0.9867948889732361,1.0,0.27
436240,0.9884703755378723,0.9867948889732361,1.0,0.26
436330,0.9884703755378723,0.9867948889732361,1.0,0.26
436420,0.9884703755378723,0.9867948889732361,1.0,0.26
436510,0.9884703755378723,0.9867948889732361,1.0,0.24
436600,0.9884703755378723,0.9867948889732361,1.0,0.24
436690,0.9884703755378723,0.9867948889732361,1.0,0.23
436780,0.9884703755378723,0.9867948889732361,1.0,0.23
436870,0.9884703755378723,0.9867948889732361,1.0,0.24
436960,0.9884703755378723,0.9867948889732361,1.0,0.34
437050,0.9884703755378723,0.9867948889732361,1.0,0.23
437140,0.9884703755378723,0.9867948889732361,1.0,0.25
437230,0.9884703755378723,0.9867948889732361,1.0,0.25
437320,0.9884703755378723,0.9867948889732361,1.0,0.24
437410,0.9884703755378723,0.9867948889732361,1.0,0.25
437500,0.9884703755378723,0.9867948889732361,1.0,0.23
437590,0.9884703755378723,0.9867948889732361,1.0,0.24
437680,0.9884703755378723,0.9867948889732361,1.0,0.25
437770,0.9884703755378723,0.9867948889732361,1.0,0.24
437860,0.9884703755378723,0.9867948889732361,1.0,0.25
437950,0.9884703755378723,0.9867948889732361,1.0,0.24
438040,0.9884703755378723,0.9867948889732361,1.0,0.24
438130,0.9884703755378723,0.9867948889732361,1.0,0.24
438220,0.9884703755378723,0.9867948889732361,1.0,0.23
438310,0.9884703755378723,0.9867948889732361,1.0,0.24
438400,0.9884703755378723,0.9867948889732361,1.0,0.25
438490,0.9884703755378723,0.9867948889732361,1.0,0.24
438580,0.9884703755378723,0.9867948889732361,1.0,0.24
438670,0.9884703755378723,0.9867948889732361,1.0,0.24
438760,0.9884703755378723,0.9867948889732361,1.0,0.25
438850,0.9884703755378723,0.9867948889732361,1.0,0.24
438940,0.9884703755378723,0.9867948889732361,1.0,0.24
439030,0.9884703755378723,0.9867948889732361,1.0,0.23
439120,0.9884703755378723,0.9867948889732361,1.0,0.26
439210,0.9884703755378723,0.9867948889732361,1.0,0.24
439300,0.9884703755378723,0.9867948889732361,1.0,0.23
439390,0.9884703755378723,0.9867948889732361,1.0,0.34
439480,0.9884703755378723,0.9867948889732361,1.0,0.24
439570,0.9884703755378723,0.9867948889732361,1.0,0.24
439660,0.9884703755378723,0.9867948889732361,1.0,0.25
439750,0.9884703755378723,0.9867948889732361,1.0,0.23
439840,0.9884703755378723,0.9867948889732361,1.0,0.27
439930,0.9884703755378723,0.9867948889732361,1.0,0.28
440020,0.9884703755378723,0.9867948889732361,1.0,0.25
440110,0.9884703755378723,0.9867948889732361,1.0,0.25
440200,0.9884703755378723,0.9867948889732361,1.0,0.24
440290,0.9884703755378723,0.9867948889732361,1.0,0.25
440380,0.9884703755378723,0.9867948889732361,1.0,0.24
440470,0.9884703755378723,0.9867948889732361,1.0,0.25
440560,0.9884703755378723,0.9867948889732361,1.0,0.24
440650,0.9884703755378723,0.9867948889732361,1.0,0.25
440740,0.9884703755378723,0.9867948889732361,1.0,0.24
440830,0.9884703755378723,0.9867948889732361,1.0,0.25
440920,0.9884703755378723,0.9867948889732361,1.0,0.24
441010,0.9884703755378723,0.9867948889732361,1.0,0.23
441100,0.9884703755378723,0.9867948889732361,1.0,0.24
441190,0.9884703755378723,0.9867948889732361,1.0,0.24
441280,0.9884703755378723,0.9867948889732361,1.0,0.24
441370,0.9884703755378723,0.9867948889732361,1.0,0.25
441460,0.9884703755378723,0.9867948889732361,1.0,0.24
441550,0.9884703755378723,0.9867948889732361,1.0,0.25
441640,0.9884703755378723,0.9867948889732361,1.0,0.33
441730,0.9884703755378723,0.9867948889732361,1.0,0.23
441820,0.9884703755378723,0.9867948889732361,1.0,0.23
441910,0.9884703755378723,0.9867948889732361,1.0,0.25
442000,0.9884703755378723,0.9867948889732361,1.0,0.23
442090,0.9884703755378723,0.9867948889732361,1.0,0.23
442180,0.9884703755378723,0.9867948889732361,1.0,0.24
442270,0.9884703755378723,0.9867948889732361,1.0,0.24
442360,0.9884703755378723,0.9867948889732361,1.0,0.24
442450,0.9884703755378723,0.9867948889732361,1.0,0.24
442540,0.9884703755378723,0.9867948889732361,1.0,0.24
442630,0.9884703755378723,0.9867948889732361,1.0,0.24
442720,0.9884703755378723,0.9867948889732361,1.0,0.24
442810,0.9884703755378723,0.9867948889732361,1.0,0.23
442900,0.9884703755378723,0.9867948889732361,1.0,0.24
442990,0.9884703755378723,0.9867948889732361,1.0,0.25
443080,0.9884703755378723,0.9867948889732361,1.0,0.24
443170,0.9884703755378723,0.9867948889732361,1.0,0.23
443260,0.9884703755378723,0.9867948889732361,1.0,0.24
443350,0.9884703755378723,0.9867948889732361,1.0,0.24
443440,0.9884703755378723,0.9867948889732361,1.0,0.23
443530,0.9884703755378723,0.9867948889732361,1.0,0.25
443620,0.9884703755378723,0.9867948889732361,1.0,0.24
443710,0.9884703755378723,0.9867948889732361,1.0,0.24
443800,0.9884703755378723,0.9867948889732361,1.0,0.23
443890,0.9884703755378723,0.9867948889732361,1.0,0.28
443980,0.9884703755378723,0.9867948889732361,1.0,0.28
444070,0.9884703755378723,0.9867948889732361,1.0,0.37
444160,0.9884703755378723,0.9867948889732361,1.0,0.24
444250,0.9884703755378723,0.9867948889732361,1.0,0.26
444340,0.9884703755378723,0.9867948889732361,1.0,0.24
444430,0.9884703755378723,0.9867948889732361,1.0,0.23
444520,0.9884703755378723,0.9867948889732361,1.0,0.24
444610,0.9884703755378723,0.9867948889732361,1.0,0.25
444700,0.9884703755378723,0.9867948889732361,1.0,0.26
444790,0.9884703755378723,0.9867948889732361,1.0,0.23
444880,0.9884703755378723,0.9867948889732361,1.0,0.23
444970,0.9884703755378723,0.9867948889732361,1.0,0.24
445060,0.9884703755378723,0.9867948889732361,1.0,0.24
445150,0.9884703755378723,0.9867948889732361,1.0,0.25
445240,0.9884703755378723,0.9867948889732361,1.0,0.30
445330,0.9884703755378723,0.9867948889732361,1.0,0.24
445420,0.9884703755378723,0.9867948889732361,1.0,0.25
445510,0.9884703755378723,0.9867948889732361,1.0,0.23
445600,0.9884703755378723,0.9867948889732361,1.0,0.24
445690,0.9884703755378723,0.9867948889732361,1.0,0.31
445780,0.9884703755378723,0.9867948889732361,1.0,0.23
445870,0.9884703755378723,0.9867948889732361,1.0,0.23
445960,0.9884703755378723,0.9867948889732361,1.0,0.23
446050,0.9884703755378723,0.9867948889732361,1.0,0.24
446140,0.9884703755378723,0.9867948889732361,1.0,0.25
446230,0.9884703755378723,0.9867948889732361,1.0,0.24
446320,0.9884703755378723,0.9867948889732361,1.0,0.34
446410,0.9884703755378723,0.9867948889732361,1.0,0.23
446500,0.9884703755378723,0.9867948889732361,1.0,0.23
446590,0.9884703755378723,0.9867948889732361,1.0,0.23
446680,0.9884703755378723,0.9867948889732361,1.0,0.25
446770,0.9884703755378723,0.9867948889732361,1.0,0.23
446860,0.9884703755378723,0.9867948889732361,1.0,0.24
446950,0.9884703755378723,0.9867948889732361,1.0,0.24
447040,0.9884703755378723,0.9867948889732361,1.0,0.24
447130,0.9884703755378723,0.9867948889732361,1.0,0.25
447220,0.9884703755378723,0.9867948889732361,1.0,0.23
447310,0.9884703755378723,0.9867948889732361,1.0,0.27
447400,0.9884703755378723,0.9867948889732361,1.0,0.24
447490,0.9884703755378723,0.9867948889732361,1.0,0.24
447580,0.9884703755378723,0.9867948889732361,1.0,0.23
447670,0.9884703755378723,0.9867948889732361,1.0,0.24
447760,0.9884703755378723,0.9867948889732361,1.0,0.23
447850,0.9884703755378723,0.9867948889732361,1.0,0.27
447940,0.9884703755378723,0.9867948889732361,1.0,0.25
448030,0.9884703755378723,0.9867948889732361,1.0,0.24
448120,0.9884703755378723,0.9867948889732361,1.0,0.26
448210,0.9884703755378723,0.9867948889732361,1.0,0.23
448300,0.9884703755378723,0.9867948889732361,1.0,0.24
448390,0.9884703755378723,0.9867948889732361,1.0,0.24
448480,0.9884703755378723,0.9867948889732361,1.0,0.24
448570,0.9884703755378723,0.9867948889732361,1.0,0.24
448660,0.9884703755378723,0.9867948889732361,1.0,0.26
448750,0.9884703755378723,0.9867948889732361,1.0,0.36
448840,0.9884703755378723,0.9867948889732361,1.0,0.23
448930,0.9884703755378723,0.9867948889732361,1.0,0.23
449020,0.9884703755378723,0.9867948889732361,1.0,0.23
449110,0.9884703755378723,0.9867948889732361,1.0,0.26
449200,0.9884703755378723,0.9867948889732361,1.0,0.25
449290,0.9884703755378723,0.9867948889732361,1.0,0.24
449380,0.9884703755378723,0.9867948889732361,1.0,0.23
449470,0.9884703755378723,0.9867948889732361,1.0,0.26
449560,0.9884703755378723,0.9867948889732361,1.0,0.23
449650,0.9884703755378723,0.9867948889732361,1.0,0.27
449740,0.9884703755378723,0.9867948889732361,1.0,0.25
449830,0.9884703755378723,0.9867948889732361,1.0,0.24
449920,0.9884703755378723,0.9867948889732361,1.0,0.26
450010,0.9884703755378723,0.9867948889732361,1.0,0.25
450100,0.9884703755378723,0.9867948889732361,1.0,0.30
450190,0.9884703755378723,0.9867948889732361,1.0,0.26
450280,0.9884703755378723,0.9867948889732361,1.0,0.24
450370,0.9884703755378723,0.9867948889732361,1.0,0.23
450460,0.9884703755378723,0.9867948889732361,1.0,0.25
450550,0.9884703755378723,0.9867948889732361,1.0,0.26
450640,0.9884703755378723,0.9867948889732361,1.0,0.26
450730,0.9884703755378723,0.9867948889732361,1.0,0.24
450820,0.9884703755378723,0.9867948889732361,1.0,0.24
450910,0.9884703755378723,0.9867948889732361,1.0,0.25
451000,0.9884703755378723,0.9867948889732361,1.0,0.33
451090,0.9884703755378723,0.9867948889732361,1.0,0.24
451180,0.9884703755378723,0.9867948889732361,1.0,0.25
451270,0.9884703755378723,0.9867948889732361,1.0,0.23
451360,0.9884703755378723,0.9867948889732361,1.0,0.24
451450,0.9884703755378723,0.9867948889732361,1.0,0.25
451540,0.9884703755378723,0.9867948889732361,1.0,0.24
451630,0.9884703755378723,0.9867948889732361,1.0,0.25
451720,0.9884703755378723,0.9867948889732361,1.0,0.24
451810,0.9884703755378723,0.9867948889732361,1.0,0.25
451900,0.9884703755378723,0.9867948889732361,1.0,0.26
451990,0.9884703755378723,0.9867948889732361,1.0,0.25
452080,0.9884703755378723,0.9867948889732361,1.0,0.24
452170,0.9884703755378723,0.9867948889732361,1.0,0.24
452260,0.9884703755378723,0.9867948889732361,1.0,0.23
452350,0.9884703755378723,0.9867948889732361,1.0,0.23
452440,0.9884703755378723,0.9867948889732361,1.0,0.23
452530,0.9884703755378723,0.9867948889732361,1.0,0.26
452620,0.9884703755378723,0.9867948889732361,1.0,0.24
452710,0.9884703755378723,0.9867948889732361,1.0,0.24
452800,0.9884703755378723,0.9867948889732361,1.0,0.23
452890,0.9884703755378723,0.9867948889732361,1.0,0.23
452980,0.9884703755378723,0.9867948889732361,1.0,0.24
453070,0.9884703755378723,0.9867948889732361,1.0,0.24
453160,0.9884703755378723,0.9867948889732361,1.0,0.25
453250,0.9884703755378723,0.9867948889732361,1.0,0.23
453340,0.9884703755378723,0.9867948889732361,1.0,0.23
453430,0.9884703755378723,0.9867948889732361,1.0,0.33
453520,0.9884703755378723,0.9867948889732361,1.0,0.24
453610,0.9884703755378723,0.9867948889732361,1.0,0.23
453700,0.9884703755378723,0.9867948889732361,1.0,0.25
453790,0.9884703755378723,0.9867948889732361,1.0,0.23
453880,0.9884703755378723,0.9867948889732361,1.0,0.26
453970,0.9884703755378723,0.9867948889732361,1.0,0.27
454060,0.9884703755378723,0.9867948889732361,1.0,0.23
454150,0.9884703755378723,0.9867948889732361,1.0,0.25
454240,0.9884703755378723,0.9867948889732361,1.0,0.24
454330,0.9884703755378723,0.9867948889732361,1.0,0.24
454420,0.9884703755378723,0.9867948889732361,1.0,0.24
454510,0.9884703755378723,0.9867948889732361,1.0,0.24
454600,0.9884703755378723,0.9867948889732361,1.0,0.24
454690,0.9884703755378723,0.9867948889732361,1.0,0.26
454780,0.9884703755378723,0.9867948889732361,1.0,0.25
454870,0.9884703755378723,0.9867948889732361,1.0,0.23
454960,0.9884703755378723,0.9867948889732361,1.0,0.25
455050,0.9884703755378723,0.9867948889732361,1.0,0.24
455140,0.9884703755378723,0.9867948889732361,1.0,0.23
455230,0.9884703755378723,0.9867948889732361,1.0,0.23
455320,0.9884703755378723,0.9867948889732361,1.0,0.23
455410,0.9884703755378723,0.9867948889732361,1.0,0.23
455500,0.9884703755378723,0.9867948889732361,1.0,0.25
455590,0.9884703755378723,0.9867948889732361,1.0,0.25
455680,0.9884703755378723,0.9867948889732361,1.0,0.34
455770,0.9884703755378723,0.9867948889732361,1.0,0.24
455860,0.9884703755378723,0.9867948889732361,1.0,0.24
455950,0.9884703755378723,0.9867948889732361,1.0,0.31
456040,0.9884703755378723,0.9867948889732361,1.0,0.24
456130,0.9884703755378723,0.9867948889732361,1.0,0.25
456220,0.9884703755378723,0.9867948889732361,1.0,0.25
456310,0.9884703755378723,0.9867948889732361,1.0,0.25
456400,0.9884703755378723,0.9867948889732361,1.0,0.24
456490,0.9884703755378723,0.9867948889732361,1.0,0.24
456580,0.9884703755378723,0.9867948889732361,1.0,0.26
456670,0.9884703755378723,0.9867948889732361,1.0,0.27
456760,0.9884703755378723,0.9867948889732361,1.0,0.24
456850,0.9884703755378723,0.9867948889732361,1.0,0.24
456940,0.9884703755378723,0.9867948889732361,1.0,0.24
457030,0.9884703755378723,0.9867948889732361,1.0,0.25
457120,0.9884703755378723,0.9867948889732361,1.0,0.24
457210,0.9884703755378723,0.9867948889732361,1.0,0.27
457300,0.9884703755378723,0.9867948889732361,1.0,0.24
457390,0.9884703755378723,0.9867948889732361,1.0,0.25
457480,0.9884703755378723,0.9867948889732361,1.0,0.27
457570,0.9884703755378723,0.9867948889732361,1.0,0.25
457660,0.9884703755378723,0.9867948889732361,1.0,0.24
457750,0.9884703755378723,0.9867948889732361,1.0,0.26
457840,0.9884703755378723,0.9867948889732361,1.0,0.23
457930,0.9884703755378723,0.9867948889732361,1.0,0.26
458020,0.9884703755378723,0.9867948889732361,1.0,0.25
458110,0.9884703755378723,0.9867948889732361,1.0,0.34
458200,0.9884703755378723,0.9867948889732361,1.0,0.24
458290,0.9884703755378723,0.9867948889732361,1.0,0.26
458380,0.9884703755378723,0.9867948889732361,1.0,0.24
458470,0.9884703755378723,0.9867948889732361,1.0,0.25
458560,0.9884703755378723,0.9867948889732361,1.0,0.25
458650,0.9884703755378723,0.9867948889732361,1.0,0.24
458740,0.9884703755378723,0.9867948889732361,1.0,0.25
458830,0.9884703755378723,0.9867948889732361,1.0,0.26
458920,0.9884703755378723,0.9867948889732361,1.0,0.24
459010,0.9884703755378723,0.9867948889732361,1.0,0.23
459100,0.9884703755378723,0.9867948889732361,1.0,0.23
459190,0.9884703755378723,0.9867948889732361,1.0,0.24
459280,0.9884703755378723,0.9867948889732361,1.0,0.24
459370,0.9884703755378723,0.9867948889732361,1.0,0.24
459460,0.9884703755378723,0.9867948889732361,1.0,0.24
459550,0.9884703755378723,0.9867948889732361,1.0,0.24
459640,0.9884703755378723,0.9867948889732361,1.0,0.24
459730,0.9884703755378723,0.9867948889732361,1.0,0.24
459820,0.9884703755378723,0.9867948889732361,1.0,0.25
459910,0.9884703755378723,0.9867948889732361,1.0,0.23
460000,0.9884703755378723,0.9867948889732361,1.0,0.23
460090,0.9884703755378723,0.9867948889732361,1.0,0.25
460180,0.9884703755378723,0.9867948889732361,1.0,0.24
460270,0.9884703755378723,0.9867948889732361,1.0,0.25
460360,0.9884703755378723,0.9867948889732361,1.0,0.36
460450,0.9884703755378723,0.9867948889732361,1.0,0.24
460540,0.9884703755378723,0.9867948889732361,1.0,0.29
460630,0.9884703755378723,0.9867948889732361,1.0,0.23
460720,0.9884703755378723,0.9867948889732361,1.0,0.26
460810,0.9884703755378723,0.9867948889732361,1.0,0.23
460900,0.9884703755378723,0.9867948889732361,1.0,0.24
460990,0.9884703755378723,0.9867948889732361,1.0,0.25
461080,0.9884703755378723,0.9867948889732361,1.0,0.23
461170,0.9884703755378723,0.9867948889732361,1.0,0.23
461260,0.9884703755378723,0.9867948889732361,1.0,0.25
461350,0.9884703755378723,0.9867948889732361,1.0,0.28
461440,0.9884703755378723,0.9867948889732361,1.0,0.24
461530,0.9884703755378723,0.9867948889732361,1.0,0.25
461620,0.9884703755378723,0.9867948889732361,1.0,0.24
461710,0.9884703755378723,0.9867948889732361,1.0,0.24
461800,0.9884703755378723,0.9867948889732361,1.0,0.24
461890,0.9884703755378723,0.9867948889732361,1.0,0.26
461980,0.9884703755378723,0.9867948889732361,1.0,0.25
462070,0.9884703755378723,0.9867948889732361,1.0,0.24
462160,0.9884703755378723,0.9867948889732361,1.0,0.24
462250,0.9884703755378723,0.9867948889732361,1.0,0.24
462340,0.9884703755378723,0.9867948889732361,1.0,0.24
462430,0.9884703755378723,0.9867948889732361,1.0,0.27
462520,0.9884703755378723,0.9867948889732361,1.0,0.26
462610,0.9884703755378723,0.9867948889732361,1.0,0.23
462700,0.9884703755378723,0.9867948889732361,1.0,0.24
462790,0.9884703755378723,0.9867948889732361,1.0,0.33
462880,0.9884703755378723,0.9867948889732361,1.0,0.23
462970,0.9884703755378723,0.9867948889732361,1.0,0.24
463060,0.9884703755378723,0.9867948889732361,1.0,0.24
463150,0.9884703755378723,0.9867948889732361,1.0,0.25
463240,0.9884703755378723,0.9867948889732361,1.0,0.23
463330,0.9884703755378723,0.9867948889732361,1.0,0.23
463420,0.9884703755378723,0.9867948889732361,1.0,0.23
463510,0.9884703755378723,0.9867948889732361,1.0,0.25
463600,0.9884703755378723,0.9867948889732361,1.0,0.24
463690,0.9884703755378723,0.9867948889732361,1.0,0.23
463780,0.9884703755378723,0.9867948889732361,1.0,0.26
463870,0.9884703755378723,0.9867948889732361,1.0,0.27
463960,0.9884703755378723,0.9867948889732361,1.0,0.23
464050,0.9884703755378723,0.9867948889732361,1.0,0.24
464140,0.9884703755378723,0.9867948889732361,1.0,0.25
464230,0.9884703755378723,0.9867948889732361,1.0,0.24
464320,0.9884703755378723,0.9867948889732361,1.0,0.23
464410,0.9884703755378723,0.9867948889732361,1.0,0.24
464500,0.9884703755378723,0.9867948889732361,1.0,0.24
464590,0.9884703755378723,0.9867948889732361,1.0,0.23
464680,0.9884703755378723,0.9867948889732361,1.0,0.24
464770,0.9884703755378723,0.9867948889732361,1.0,0.23
464860,0.9884703755378723,0.9867948889732361,1.0,0.25
464950,0.9884703755378723,0.9867948889732361,1.0,0.27
465040,0.9884703755378723,0.9867948889732361,1.0,0.34
465130,0.9884703755378723,0.9867948889732361,1.0,0.27
465220,0.9884703755378723,0.9867948889732361,1.0,0.26
465310,0.9884703755378723,0.9867948889732361,1.0,0.24
465400,0.9884703755378723,0.9867948889732361,1.0,0.23
465490,0.9884703755378723,0.9867948889732361,1.0,0.25
465580,0.9884703755378723,0.9867948889732361,1.0,0.24
465670,0.9884703755378723,0.9867948889732361,1.0,0.23
465760,0.9884703755378723,0.9867948889732361,1.0,0.25
465850,0.9884703755378723,0.9867948889732361,1.0,0.25
465940,0.9884703755378723,0.9867948889732361,1.0,0.24
466030,0.9884703755378723,0.9867948889732361,1.0,0.25
466120,0.9884703755378723,0.9867948889732361,1.0,0.23
466210,0.9884703755378723,0.9867948889732361,1.0,0.24
466300,0.9884703755378723,0.9867948889732361,1.0,0.24
466390,0.9884703755378723,0.9867948889732361,1.0,0.26
466480,0.9884703755378723,0.9867948889732361,1.0,0.25
466570,0.9884703755378723,0.9867948889732361,1.0,0.25
466660,0.9884703755378723,0.9867948889732361,1.0,0.23
466750,0.9884703755378723,0.9867948889732361,1.0,0.23
466840,0.9884703755378723,0.9867948889732361,1.0,0.24
466930,0.9884703755378723,0.9867948889732361,1.0,0.24
467020,0.9884703755378723,0.9867948889732361,1.0,0.23
467110,0.9884703755378723,0.9867948889732361,1.0,0.26
467200,0.9884703755378723,0.9867948889732361,1.0,0.25
467290,0.9884703755378723,0.9867948889732361,1.0,0.24
467380,0.9884703755378723,0.9867948889732361,1.0,0.26
467470,0.9884703755378723,0.9867948889732361,1.0,0.33
467560,0.9884703755378723,0.9867948889732361,1.0,0.24
467650,0.9884703755378723,0.9867948889732361,1.0,0.24
467740,0.9884703755378723,0.9867948889732361,1.0,0.24
467830,0.9884703755378723,0.9867948889732361,1.0,0.25
467920,0.9884703755378723,0.9867948889732361,1.0,0.23
468010,0.9884703755378723,0.9867948889732361,1.0,0.23
468100,0.9884703755378723,0.9867948889732361,1.0,0.23
468190,0.9884703755378723,0.9867948889732361,1.0,0.23
468280,0.9884703755378723,0.9867948889732361,1.0,0.24
468370,0.9884703755378723,0.9867948889732361,1.0,0.23
468460,0.9884703755378723,0.9867948889732361,1.0,0.23
468550,0.9884703755378723,0.9867948889732361,1.0,0.23
468640,0.9884703755378723,0.9867948889732361,1.0,0.23
468730,0.9884703755378723,0.9867948889732361,1.0,0.26
468820,0.9884703755378723,0.9867948889732361,1.0,0.25
468910,0.9884703755378723,0.9867948889732361,1.0,0.25
469000,0.9884703755378723,0.9867948889732361,1.0,0.23
469090,0.9884703755378723,0.9867948889732361,1.0,0.24
469180,0.9884703755378723,0.9867948889732361,1.0,0.24
469270,0.9884703755378723,0.9867948889732361,1.0,0.29
469360,0.9884703755378723,0.9867948889732361,1.0,0.24
469450,0.9884703755378723,0.9867948889732361,1.0,0.23
469540,0.9884703755378723,0.9867948889732361,1.0,0.28
469630,0.9884703755378723,0.9867948889732361,1.0,0.24
469720,0.9884703755378723,0.9867948889732361,1.0,0.34
469810,0.9884703755378723,0.9867948889732361,1.0,0.23
469900,0.9884703755378723,0.9867948889732361,1.0,0.29
469990,0.9884703755378723,0.9867948889732361,1.0,0.24
470080,0.9884703755378723,0.9867948889732361,1.0,0.26
470170,0.9884703755378723,0.9867948889732361,1.0,0.25
470260,0.9884703755378723,0.9867948889732361,1.0,0.24
470350,0.9884703755378723,0.9867948889732361,1.0,0.23
470440,0.9884703755378723,0.9867948889732361,1.0,0.24
470530,0.9884703755378723,0.9867948889732361,1.0,0.25
470620,0.9884703755378723,0.9867948889732361,1.0,0.25
470710,0.9884703755378723,0.9867948889732361,1.0,0.23
470800,0.9884703755378723,0.9867948889732361,1.0,0.24
470890,0.9884703755378723,0.9867948889732361,1.0,0.24
470980,0.9884703755378723,0.9867948889732361,1.0,0.23
471070,0.9884703755378723,0.9867948889732361,1.0,0.24
471160,0.9884703755378723,0.9867948889732361,1.0,0.31
471250,0.9884703755378723,0.9867948889732361,1.0,0.23
471340,0.9884703755378723,0.9867948889732361,1.0,0.23
471430,0.9884703755378723,0.9867948889732361,1.0,0.25
471520,0.9884703755378723,0.9867948889732361,1.0,0.25
471610,0.9884703755378723,0.9867948889732361,1.0,0.24
471700,0.9884703755378723,0.9867948889732361,1.0,0.28
471790,0.9884703755378723,0.9867948889732361,1.0,0.24
471880,0.9884703755378723,0.9867948889732361,1.0,0.25
471970,0.9884703755378723,0.9867948889732361,1.0,0.30
472060,0.9884703755378723,0.9867948889732361,1.0,0.24
472150,0.9884703755378723,0.9867948889732361,1.0,0.34
472240,0.9884703755378723,0.9867948889732361,1.0,0.23
472330,0.9884703755378723,0.9867948889732361,1.0,0.23
472420,0.9884703755378723,0.9867948889732361,1.0,0.23
472510,0.9884703755378723,0.9867948889732361,1.0,0.24
472600,0.9884703755378723,0.9867948889732361,1.0,0.25
472690,0.9884703755378723,0.9867948889732361,1.0,0.24
472780,0.9884703755378723,0.9867948889732361,1.0,0.33
472870,0.9884703755378723,0.9867948889732361,1.0,0.23
472960,0.9884703755378723,0.9867948889732361,1.0,0.28
473050,0.9884703755378723,0.9867948889732361,1.0,0.25
473140,0.9884703755378723,0.9867948889732361,1.0,0.23
473230,0.9884703755378723,0.9867948889732361,1.0,0.25
473320,0.9884703755378723,0.9867948889732361,1.0,0.23
473410,0.9884703755378723,0.9867948889732361,1.0,0.23
473500,0.9884703755378723,0.9867948889732361,1.0,0.27
473590,0.9884703755378723,0.9867948889732361,1.0,0.26
473680,0.9884703755378723,0.9867948889732361,1.0,0.25
473770,0.9884703755378723,0.9867948889732361,1.0,0.25
473860,0.9884703755378723,0.9867948889732361,1.0,0.24
473950,0.9884703755378723,0.9867948889732361,1.0,0.25
474040,0.9884703755378723,0.9867948889732361,1.0,0.23
474130,0.9884703755378723,0.9867948889732361,1.0,0.25
474220,0.9884703755378723,0.9867948889732361,1.0,0.23
474310,0.9884703755378723,0.9867948889732361,1.0,0.24
474400,0.9884703755378723,0.9867948889732361,1.0,0.34
474490,0.9884703755378723,0.9867948889732361,1.0,0.24
474580,0.9884703755378723,0.9867948889732361,1.0,0.23
474670,0.9884703755378723,0.9867948889732361,1.0,0.23
474760,0.9884703755378723,0.9867948889732361,1.0,0.23
474850,0.9884703755378723,0.9867948889732361,1.0,0.28
474940,0.9884703755378723,0.9867948889732361,1.0,0.26
475030,0.9884703755378723,0.9867948889732361,1.0,0.24
475120,0.9884703755378723,0.9867948889732361,1.0,0.26
475210,0.9884703755378723,0.9867948889732361,1.0,0.24
475300,0.9884703755378723,0.9867948889732361,1.0,0.23
475390,0.9884703755378723,0.9867948889732361,1.0,0.24
475480,0.9884703755378723,0.9867948889732361,1.0,0.24
475570,0.9884703755378723,0.9867948889732361,1.0,0.25
475660,0.9884703755378723,0.9867948889732361,1.0,0.23
475750,0.9884703755378723,0.9867948889732361,1.0,0.23
475840,0.9884703755378723,0.9867948889732361,1.0,0.25
475930,0.9884703755378723,0.9867948889732361,1.0,0.23
476020,0.9884703755378723,0.9867948889732361,1.0,0.23
476110,0.9884703755378723,0.9867948889732361,1.0,0.24
476200,0.9884703755378723,0.9867948889732361,1.0,0.23
476290,0.9884703755378723,0.9867948889732361,1.0,0.23
476380,0.9884703755378723,0.9867948889732361,1.0,0.25
476470,0.9884703755378723,0.9867948889732361,1.0,0.25
476560,0.9884703755378723,0.9867948889732361,1.0,0.23
476650,0.9884703755378723,0.9867948889732361,1.0,0.24
476740,0.9884703755378723,0.9867948889732361,1.0,0.25
476830,0.9884703755378723,0.9867948889732361,1.0,0.37
476920,0.9884703755378723,0.9867948889732361,1.0,0.23
477010,0.9884703755378723,0.9867948889732361,1.0,0.23
477100,0.9884703755378723,0.9867948889732361,1.0,0.23
477190,0.9884703755378723,0.9867948889732361,1.0,0.25
477280,0.9884703755378723,0.9867948889732361,1.0,0.24
477370,0.9884703755378723,0.9867948889732361,1.0,0.23
477460,0.9884703755378723,0.9867948889732361,1.0,0.23
477550,0.9884703755378723,0.9867948889732361,1.0,0.27
477640,0.9884703755378723,0.9867948889732361,1.0,0.24
477730,0.9884703755378723,0.9867948889732361,1.0,0.24
477820,0.9884703755378723,0.9867948889732361,1.0,0.26
477910,0.9884703755378723,0.9867948889732361,1.0,0.23
478000,0.9884703755378723,0.9867948889732361,1.0,0.24
478090,0.9884703755378723,0.9867948889732361,1.0,0.23
478180,0.9884703755378723,0.9867948889732361,1.0,0.25
478270,0.9884703755378723,0.9867948889732361,1.0,0.23
478360,0.9884703755378723,0.9867948889732361,1.0,0.24
478450,0.9884703755378723,0.9867948889732361,1.0,0.24
478540,0.9884703755378723,0.9867948889732361,1.0,0.23
478630,0.9884703755378723,0.9867948889732361,1.0,0.23
478720,0.9884703755378723,0.9867948889732361,1.0,0.24
478810,0.9884703755378723,0.9867948889732361,1.0,0.23
478900,0.9884703755378723,0.9867948889732361,1.0,0.25
478990,0.9884703755378723,0.9867948889732361,1.0,0.28
479080,0.9884703755378723,0.9867948889732361,1.0,0.33
479170,0.9884703755378723,0.9867948889732361,1.0,0.24
479260,0.9884703755378723,0.9867948889732361,1.0,0.24
479350,0.9884703755378723,0.9867948889732361,1.0,0.25
479440,0.9884703755378723,0.9867948889732361,1.0,0.23
479530,0.9884703755378723,0.9867948889732361,1.0,0.23
479620,0.9884703755378723,0.9867948889732361,1.0,0.24
479710,0.9884703755378723,0.9867948889732361,1.0,0.23
479800,0.9884703755378723,0.9867948889732361,1.0,0.23
479890,0.9884703755378723,0.9867948889732361,1.0,0.24
479980,0.9884703755378723,0.9867948889732361,1.0,0.23
480070,0.9884703755378723,0.9867948889732361,1.0,0.29
480160,0.9884703755378723,0.9867948889732361,1.0,0.25
480250,0.9884703755378723,0.9867948889732361,1.0,0.24
480340,0.9884703755378723,0.9867948889732361,1.0,0.24
480430,0.9884703755378723,0.9867948889732361,1.0,0.24
480520,0.9884703755378723,0.9867948889732361,1.0,0.24
480610,0.9884703755378723,0.9867948889732361,1.0,0.23
480700,0.9884703755378723,0.9867948889732361,1.0,0.24
480790,0.9884703755378723,0.9867948889732361,1.0,0.24
480880,0.9884703755378723,0.9867948889732361,1.0,0.25
480970,0.9884703755378723,0.9867948889732361,1.0,0.24
481060,0.9884703755378723,0.9867948889732361,1.0,0.24
481150,0.9884703755378723,0.9867948889732361,1.0,0.24
481240,0.9884703755378723,0.9867948889732361,1.0,0.24
481330,0.9884703755378723,0.9867948889732361,1.0,0.25
481420,0.9884703755378723,0.9867948889732361,1.0,0.24
481510,0.9884703755378723,0.9867948889732361,1.0,0.33
481600,0.9884703755378723,0.9867948889732361,1.0,0.24
481690,0.9884703755378723,0.9867948889732361,1.0,0.24
481780,0.9884703755378723,0.9867948889732361,1.0,0.24
481870,0.9884703755378723,0.9867948889732361,1.0,0.24
481960,0.9884703755378723,0.9867948889732361,1.0,0.23
482050,0.9884703755378723,0.9867948889732361,1.0,0.25
482140,0.9884703755378723,0.9867948889732361,1.0,0.23
482230,0.9884703755378723,0.9867948889732361,1.0,0.26
482320,0.9884703755378723,0.9867948889732361,1.0,0.24
482410,0.9884703755378723,0.9867948889732361,1.0,0.24
482500,0.9884703755378723,0.9867948889732361,1.0,0.25
482590,0.9884703755378723,0.9867948889732361,1.0,0.24
482680,0.9884703755378723,0.9867948889732361,1.0,0.25
482770,0.9884703755378723,0.9867948889732361,1.0,0.24
482860,0.9884703755378723,0.9867948889732361,1.0,0.25
482950,0.9884703755378723,0.9867948889732361,1.0,0.23
483040,0.9884703755378723,0.9867948889732361,1.0,0.24
483130,0.9884703755378723,0.9867948889732361,1.0,0.23
483220,0.9884703755378723,0.9867948889732361,1.0,0.25
483310,0.9884703755378723,0.9867948889732361,1.0,0.24
483400,0.9884703755378723,0.9867948889732361,1.0,0.23
483490,0.9884703755378723,0.9867948889732361,1.0,0.24
483580,0.9884703755378723,0.9867948889732361,1.0,0.25
483670,0.9884703755378723,0.9867948889732361,1.0,0.24
483760,0.9884703755378723,0.9867948889732361,1.0,0.34
483850,0.9884703755378723,0.9867948889732361,1.0,0.26
483940,0.9884703755378723,0.9867948889732361,1.0,0.24
484030,0.9884703755378723,0.9867948889732361,1.0,0.23
484120,0.9884703755378723,0.9867948889732361,1.0,0.24
484210,0.9884703755378723,0.9867948889732361,1.0,0.25
484300,0.9884703755378723,0.9867948889732361,1.0,0.23
484390,0.9884703755378723,0.9867948889732361,1.0,0.24
484480,0.9884703755378723,0.9867948889732361,1.0,0.26
484570,0.9884703755378723,0.9867948889732361,1.0,0.24
484660,0.9884703755378723,0.9867948889732361,1.0,0.25
484750,0.9884703755378723,0.9867948889732361,1.0,0.24
484840,0.9884703755378723,0.9867948889732361,1.0,0.24
484930,0.9884703755378723,0.9867948889732361,1.0,0.24
485020,0.9884703755378723,0.9867948889732361,1.0,0.24
485110,0.9884703755378723,0.9867948889732361,1.0,0.24
485200,0.9884703755378723,0.9867948889732361,1.0,0.24
485290,0.9884703755378723,0.9867948889732361,1.0,0.28
485380,0.9884703755378723,0.9867948889732361,1.0,0.23
485470,0.9884703755378723,0.9867948889732361,1.0,0.27
485560,0.9884703755378723,0.9867948889732361,1.0,0.24
485650,0.9884703755378723,0.9867948889732361,1.0,0.24
485740,0.9884703755378723,0.9867948889732361,1.0,0.25
485830,0.9884703755378723,0.9867948889732361,1.0,0.23
485920,0.9884703755378723,0.9867948889732361,1.0,0.23
486010,0.9884703755378723,0.9867948889732361,1.0,0.25
486100,0.9884703755378723,0.9867948889732361,1.0,0.31
486190,0.9884703755378723,0.9867948889732361,1.0,0.33
486280,0.9884703755378723,0.9867948889732361,1.0,0.24
486370,0.9884703755378723,0.9867948889732361,1.0,0.27
486460,0.9884703755378723,0.9867948889732361,1.0,0.25
486550,0.9884703755378723,0.9867948889732361,1.0,0.25
486640,0.9884703755378723,0.9867948889732361,1.0,0.25
486730,0.9884703755378723,0.9867948889732361,1.0,0.27
486820,0.9884703755378723,0.9867948889732361,1.0,0.25
486910,0.9884703755378723,0.9867948889732361,1.0,0.26
487000,0.9884703755378723,0.9867948889732361,1.0,0.24
487090,0.9884703755378723,0.9867948889732361,1.0,0.25
487180,0.9884703755378723,0.9867948889732361,1.0,0.25
487270,0.9884703755378723,0.9867948889732361,1.0,0.25
487360,0.9884703755378723,0.9867948889732361,1.0,0.23
487450,0.9884703755378723,0.9867948889732361,1.0,0.25
487540,0.9884703755378723,0.9867948889732361,1.0,0.25
487630,0.9884703755378723,0.9867948889732361,1.0,0.27
487720,0.9884703755378723,0.9867948889732361,1.0,0.25
487810,0.9884703755378723,0.9867948889732361,1.0,0.31
487900,0.9884703755378723,0.9867948889732361,1.0,0.25
487990,0.9884703755378723,0.9867948889732361,1.0,0.23
488080,0.9884703755378723,0.9867948889732361,1.0,0.23
488170,0.9884703755378723,0.9867948889732361,1.0,0.27
488260,0.9884703755378723,0.9867948889732361,1.0,0.28
488350,0.9884703755378723,0.9867948889732361,1.0,0.23
488440,0.9884703755378723,0.9867948889732361,1.0,0.35
488530,0.9884703755378723,0.9867948889732361,1.0,0.23
488620,0.9884703755378723,0.9867948889732361,1.0,0.23
488710,0.9884703755378723,0.9867948889732361,1.0,0.25
488800,0.9884703755378723,0.9867948889732361,1.0,0.23
488890,0.9884703755378723,0.9867948889732361,1.0,0.24
488980,0.9884703755378723,0.9867948889732361,1.0,0.23
489070,0.9884703755378723,0.9867948889732361,1.0,0.23
489160,0.9884703755378723,0.9867948889732361,1.0,0.26
489250,0.9884703755378723,0.9867948889732361,1.0,0.23
489340,0.9884703755378723,0.9867948889732361,1.0,0.23
489430,0.9884703755378723,0.9867948889732361,1.0,0.25
489520,0.9884703755378723,0.9867948889732361,1.0,0.23
489610,0.9884703755378723,0.9867948889732361,1.0,0.23
489700,0.9884703755378723,0.9867948889732361,1.0,0.24
489790,0.9884703755378723,0.9867948889732361,1.0,0.23
489880,0.9884703755378723,0.9867948889732361,1.0,0.23
489970,0.9884703755378723,0.9867948889732361,1.0,0.24
490060,0.9884703755378723,0.9867948889732361,1.0,0.25
490150,0.9884703755378723,0.9867948889732361,1.0,0.24
490240,0.9884703755378723,0.9867948889732361,1.0,0.23
490330,0.9884703755378723,0.9867948889732361,1.0,0.23
490420,0.9884703755378723,0.9867948889732361,1.0,0.23
490510,0.9884703755378723,0.9867948889732361,1.0,0.24
490600,0.9884703755378723,0.9867948889732361,1.0,0.23
490690,0.9884703755378723,0.9867948889732361,1.0,0.23
490780,0.9884703755378723,0.9867948889732361,1.0,0.24
490870,0.9884703755378723,0.9867948889732361,1.0,0.33
490960,0.9884703755378723,0.9867948889732361,1.0,0.25
491050,0.9884703755378723,0.9867948889732361,1.0,0.23
491140,0.9884703755378723,0.9867948889732361,1.0,0.24
491230,0.9884703755378723,0.9867948889732361,1.0,0.24
491320,0.9884703755378723,0.9867948889732361,1.0,0.24
491410,0.9884703755378723,0.9867948889732361,1.0,0.24
491500,0.9884703755378723,0.9867948889732361,1.0,0.23
491590,0.9884703755378723,0.9867948889732361,1.0,0.24
491680,0.9884703755378723,0.9867948889732361,1.0,0.26
491770,0.9884703755378723,0.9867948889732361,1.0,0.25
491860,0.9884703755378723,0.9867948889732361,1.0,0.24
491950,0.9884703755378723,0.9867948889732361,1.0,0.26
492040,0.9884703755378723,0.9867948889732361,1.0,0.24
492130,0.9884703755378723,0.9867948889732361,1.0,0.24
492220,0.9884703755378723,0.9867948889732361,1.0,0.27
492310,0.9884703755378723,0.9867948889732361,1.0,0.25
492400,0.9884703755378723,0.9867948889732361,1.0,0.24
492490,0.9884703755378723,0.9867948889732361,1.0,0.24
492580,0.9884703755378723,0.9867948889732361,1.0,0.24
492670,0.9884703755378723,0.9867948889732361,1.0,0.24
492760,0.9884703755378723,0.9867948889732361,1.0,0.25
492850,0.9884703755378723,0.9867948889732361,1.0,0.24
492940,0.9884703755378723,0.9867948889732361,1.0,0.25
493030,0.9884703755378723,0.9867948889732361,1.0,0.24
493120,0.9884703755378723,0.9867948889732361,1.0,0.34
493210,0.9884703755378723,0.9867948889732361,1.0,0.23
493300,0.9884703755378723,0.9867948889732361,1.0,0.23
493390,0.9884703755378723,0.9867948889732361,1.0,0.23
493480,0.9884703755378723,0.9867948889732361,1.0,0.24
493570,0.9884703755378723,0.9867948889732361,1.0,0.24
493660,0.9884703755378723,0.9867948889732361,1.0,0.23
493750,0.9884703755378723,0.9867948889732361,1.0,0.24
493840,0.9884703755378723,0.9867948889732361,1.0,0.29
493930,0.9884703755378723,0.9867948889732361,1.0,0.26
494020,0.9884703755378723,0.9867948889732361,1.0,0.24
494110,0.9884703755378723,0.9867948889732361,1.0,0.24
494200,0.9884703755378723,0.9867948889732361,1.0,0.24
494290,0.9884703755378723,0.9867948889732361,1.0,0.24
494380,0.9884703755378723,0.9867948889732361,1.0,0.26
494470,0.9884703755378723,0.9867948889732361,1.0,0.25
494560,0.9884703755378723,0.9867948889732361,1.0,0.27
494650,0.9884703755378723,0.9867948889732361,1.0,0.23
494740,0.9884703755378723,0.9867948889732361,1.0,0.26
494830,0.9884703755378723,0.9867948889732361,1.0,0.25
494920,0.9884703755378723,0.9867948889732361,1.0,0.24
495010,0.9884703755378723,0.9867948889732361,1.0,0.23
495100,0.9884703755378723,0.9867948889732361,1.0,0.24
495190,0.9884703755378723,0.9867948889732361,1.0,0.23
495280,0.9884703755378723,0.9867948889732361,1.0,0.25
495370,0.9884703755378723,0.9867948889732361,1.0,0.24
495460,0.9884703755378723,0.9867948889732361,1.0,0.28
495550,0.9884703755378723,0.9867948889732361,1.0,0.36
495640,0.9884703755378723,0.9867948889732361,1.0,0.25
495730,0.9884703755378723,0.9867948889732361,1.0,0.25
495820,0.9884703755378723,0.9867948889732361,1.0,0.23
495910,0.9884703755378723,0.9867948889732361,1.0,0.23
496000,0.9884703755378723,0.9867948889732361,1.0,0.25
496090,0.9884703755378723,0.9867948889732361,1.0,0.27
496180,0.9884703755378723,0.9867948889732361,1.0,0.27
496270,0.9884703755378723,0.9867948889732361,1.0,0.25
496360,0.9884703755378723,0.9867948889732361,1.0,0.24
496450,0.9884703755378723,0.9867948889732361,1.0,0.23
496540,0.9884703755378723,0.9867948889732361,1.0,0.25
496630,0.9884703755378723,0.9867948889732361,1.0,0.23
496720,0.9884703755378723,0.9867948889732361,1.0,0.23
496810,0.9884703755378723,0.9867948889732361,1.0,0.24
496900,0.9884703755378723,0.9867948889732361,1.0,0.24
496990,0.9884703755378723,0.9867948889732361,1.0,0.24
497080,0.9884703755378723,0.9867948889732361,1.0,0.27
497170,0.9884703755378723,0.9867948889732361,1.0,0.27
497260,0.9884703755378723,0.9867948889732361,1.0,0.28
497350,0.9884703755378723,0.9867948889732361,1.0,0.25
497440,0.9884703755378723,0.9867948889732361,1.0,0.23
497530,0.9884703755378723,0.9867948889732361,1.0,0.26
497620,0.9884703755378723,0.9867948889732361,1.0,0.26
497710,0.9884703755378723,0.9867948889732361,1.0,0.29
497800,0.9884703755378723,0.9867948889732361,1.0,0.34
497890,0.9884703755378723,0.9867948889732361,1.0,0.25
497980,0.9884703755378723,0.9867948889732361,1.0,0.23
498070,0.9884703755378723,0.9867948889732361,1.0,0.26
498160,0.9884703755378723,0.9867948889732361,1.0,0.23
498250,0.9884703755378723,0.9867948889732361,1.0,0.24
498340,0.9884703755378723,0.9867948889732361,1.0,0.24
498430,0.9884703755378723,0.9867948889732361,1.0,0.23
498520,0.9884703755378723,0.9867948889732361,1.0,0.24
498610,0.9884703755378723,0.9867948889732361,1.0,0.26
498700,0.9884703755378723,0.9867948889732361,1.0,0.24
498790,0.9884703755378723,0.9867948889732361,1.0,0.25
498880,0.9884703755378723,0.9867948889732361,1.0,0.26
498970,0.9884703755378723,0.9867948889732361,1.0,0.24
499060,0.9884703755378723,0.9867948889732361,1.0,0.24
499150,0.9884703755378723,0.9867948889732361,1.0,0.23
499240,0.9884703755378723,0.9867948889732361,1.0,0.24
499330,0.9884703755378723,0.9867948889732361,1.0,0.24
499420,0.9884703755378723,0.9867948889732361,1.0,0.24
499510,0.9884703755378723,0.9867948889732361,1.0,0.23
499600,0.9884703755378723,0.9867948889732361,1.0,0.23
499690,0.9884703755378723,0.9867948889732361,1.0,0.23
499780,0.9884703755378723,0.9867948889732361,1.0,0.24
499870,0.9884703755378723,0.9867948889732361,1.0,0.24
499960,0.9884703755378723,0.9867948889732361,1.0,0.26
500050,0.9884703755378723,0.9867948889732361,1.0,0.24
