evaluation,fitness,test_accuracy,time
0,0.6033151745796204,0.5234428644180298,0.51
100,0.6666331887245178,0.7492824196815491,0.44
200,0.6666331887245178,0.7492824196815491,0.38
300,0.6666331887245178,0.7492824196815491,0.46
400,0.6666331887245178,0.7492824196815491,0.46
500,0.6666331887245178,0.7492824196815491,0.46
600,0.6666331887245178,0.7492824196815491,0.41
700,0.6666331887245178,0.7492824196815491,0.34
800,0.6666331887245178,0.7492824196815491,0.47
900,0.8184872269630432,0.7824794054031372,0.46
1000,0.8184872269630432,0.7824794054031372,0.35
1100,0.8184872269630432,0.7824794054031372,0.38
1200,0.8184872269630432,0.7824794054031372,0.44
1300,0.8184872269630432,0.7824794054031372,0.47
1400,0.8184872269630432,0.7824794054031372,0.45
1500,0.8184872269630432,0.7824794054031372,0.46
1600,0.8184872269630432,0.7824794054031372,0.45
1700,0.8184872269630432,0.7824794054031372,0.46
1800,0.8184872269630432,0.7824794054031372,0.43
1900,0.8184872269630432,0.7824794054031372,0.43
2000,0.8184872269630432,0.7824794054031372,0.31
2100,0.8184872269630432,0.7824794054031372,0.46
2200,0.8184872269630432,0.7824794054031372,0.40
2300,0.8184872269630432,0.7824794054031372,0.62
2400,0.8184872269630432,0.7824794054031372,0.45
2500,0.8184872269630432,0.7824794054031372,0.49
2600,0.8184872269630432,0.7824794054031372,0.38
2700,0.8184872269630432,0.7824794054031372,0.38
2800,0.8184872269630432,0.7824794054031372,0.39
2900,0.8184872269630432,0.7824794054031372,0.38
3000,0.8184872269630432,0.7824794054031372,0.38
3100,0.8184872269630432,0.7824794054031372,0.46
3200,0.8184872269630432,0.7824794054031372,0.46
3300,0.8184872269630432,0.7824794054031372,0.47
3400,0.8184872269630432,0.7824794054031372,0.46
3500,0.8184872269630432,0.7824794054031372,0.47
3600,0.8184872269630432,0.7824794054031372,0.46
3700,0.8184872269630432,0.7824794054031372,0.33
3800,0.8184872269630432,0.7824794054031372,0.46
3900,0.8184872269630432,0.7824794054031372,0.37
4000,0.8184872269630432,0.7824794054031372,0.47
4100,0.8184872269630432,0.7824794054031372,0.46
4200,0.8184872269630432,0.7824794054031372,0.40
4300,0.8184872269630432,0.7824794054031372,0.41
4400,0.8184872269630432,0.7824794054031372,0.33
4500,0.8184872269630432,0.7824794054031372,0.46
4600,0.8184872269630432,0.7824794054031372,0.43
4700,0.8184872269630432,0.7824794054031372,0.60
4800,0.8184872269630432,0.7824794054031372,0.45
4900,0.8184872269630432,0.7824794054031372,0.43
5000,0.8184872269630432,0.7824794054031372,0.41
5100,0.8184872269630432,0.7824794054031372,0.37
5200,0.8184872269630432,0.7824794054031372,0.34
5300,0.8184872269630432,0.7824794054031372,0.44
5400,0.8184872269630432,0.7824794054031372,0.37
5500,0.8184872269630432,0.7824794054031372,0.45
5600,0.8184872269630432,0.7824794054031372,0.45
5700,0.8184872269630432,0.7824794054031372,0.41
5800,0.8184872269630432,0.7824794054031372,0.43
5900,0.8184872269630432,0.7824794054031372,0.43
6000,0.8184872269630432,0.7824794054031372,0.39
6100,0.8184872269630432,0.7824794054031372,0.42
6200,0.8184872269630432,0.7824794054031372,0.46
6300,0.8184872269630432,0.7824794054031372,0.37
6400,0.8184872269630432,0.7824794054031372,0.45
6500,0.8184872269630432,0.7824794054031372,0.45
6600,0.8184872269630432,0.7824794054031372,0.41
6700,0.8184872269630432,0.7824794054031372,0.38
6800,0.8184872269630432,0.7824794054031372,0.38
6900,0.8184872269630432,0.7824794054031372,0.44
7000,0.8184872269630432,0.7824794054031372,0.45
7100,0.8184872269630432,0.7824794054031372,0.44
7200,0.8184872269630432,0.7824794054031372,0.51
7300,0.8184872269630432,0.7824794054031372,0.41
7400,0.8184872269630432,0.7824794054031372,0.41
7500,0.8184872269630432,0.7824794054031372,0.46
7600,0.8184872269630432,0.7824794054031372,0.34
7700,0.8184872269630432,0.7824794054031372,0.43
7800,0.8184872269630432,0.7824794054031372,0.46
7900,0.8184872269630432,0.7824794054031372,0.45
8000,0.8184872269630432,0.7824794054031372,0.46
8100,0.8184872269630432,0.7824794054031372,0.47
8200,0.8184872269630432,0.7824794054031372,0.40
8300,0.8184872269630432,0.7824794054031372,0.45
8400,0.8184872269630432,0.7824794054031372,0.43
8500,0.8184872269630432,0.7824794054031372,0.43
8600,0.8184872269630432,0.7824794054031372,0.34
8700,0.9158048033714294,0.8675862550735474,0.46
8800,0.9158048033714294,0.8675862550735474,0.45
8900,0.9158048033714294,0.8675862550735474,0.42
9000,0.9158048033714294,0.8675862550735474,0.39
9100,0.9158048033714294,0.8675862550735474,0.46
9200,0.9158048033714294,0.8675862550735474,0.43
9300,0.9158048033714294,0.8675862550735474,0.45
9400,0.9158048033714294,0.8675862550735474,0.46
9500,0.9158048033714294,0.8675862550735474,0.41
9600,0.9158048033714294,0.8675862550735474,0.46
9700,0.9158048033714294,0.8675862550735474,0.57
9800,0.9158048033714294,0.8675862550735474,0.35
9900,0.9158048033714294,0.8675862550735474,0.43
10000,0.9158048033714294,0.8675862550735474,0.39
10100,0.9158048033714294,0.8675862550735474,0.46
10200,0.9158048033714294,0.8675862550735474,0.46
10300,0.9158048033714294,0.8675862550735474,0.36
10400,0.9158048033714294,0.8675862550735474,0.41
10500,0.9158048033714294,0.8675862550735474,0.44
10600,0.9158048033714294,0.8675862550735474,0.46
10700,0.9158048033714294,0.8675862550735474,0.33
10800,0.9158048033714294,0.8675862550735474,0.41
10900,0.9158048033714294,0.8675862550735474,0.44
11000,0.9158048033714294,0.8675862550735474,0.46
11100,0.9158048033714294,0.8675862550735474,0.44
11200,0.9158048033714294,0.8675862550735474,0.45
11300,0.9158048033714294,0.8675862550735474,0.46
11400,0.9158048033714294,0.8675862550735474,0.46
11500,0.9158048033714294,0.8675862550735474,0.40
11600,0.9158048033714294,0.8675862550735474,0.37
11700,0.9158048033714294,0.8675862550735474,0.44
11800,0.9158048033714294,0.8675862550735474,0.30
11900,0.9158048033714294,0.8675862550735474,0.30
12000,0.9158048033714294,0.8675862550735474,0.45
12100,0.9158048033714294,0.8675862550735474,0.34
12200,0.9158048033714294,0.8675862550735474,0.49
12300,0.9158048033714294,0.8675862550735474,0.38
12400,0.9158048033714294,0.8675862550735474,0.36
12500,0.9158048033714294,0.8675862550735474,0.40
12600,0.9158048033714294,0.8675862550735474,0.44
12700,0.9158048033714294,0.8675862550735474,0.37
12800,0.9158048033714294,0.8675862550735474,0.45
12900,0.9158048033714294,0.8675862550735474,0.31
13000,0.9158048033714294,0.8675862550735474,0.44
13100,0.9158048033714294,0.8675862550735474,0.41
13200,0.9158048033714294,0.8675862550735474,0.46
13300,0.9158048033714294,0.8675862550735474,0.45
13400,0.9158048033714294,0.8675862550735474,0.46
13500,0.9158048033714294,0.8675862550735474,0.42
13600,0.9158048033714294,0.8675862550735474,0.38
13700,0.9158048033714294,0.8675862550735474,0.40
13800,0.9158048033714294,0.8675862550735474,0.38
13900,0.9158048033714294,0.8675862550735474,0.45
14000,0.9158048033714294,0.8675862550735474,0.42
14100,0.9158048033714294,0.8675862550735474,0.39
14200,0.9158048033714294,0.8675862550735474,0.38
14300,0.9158048033714294,0.8675862550735474,0.41
14400,0.9158048033714294,0.8675862550735474,0.34
14500,0.9158048033714294,0.8675862550735474,0.38
14600,0.9158048033714294,0.8675862550735474,0.47
14700,0.9158048033714294,0.8675862550735474,0.55
14800,0.9158048033714294,0.8675862550735474,0.46
14900,0.9158048033714294,0.8675862550735474,0.44
15000,0.9158048033714294,0.8675862550735474,0.46
15100,0.9158048033714294,0.8675862550735474,0.42
15200,0.9158048033714294,0.8675862550735474,0.46
15300,0.9158048033714294,0.8675862550735474,0.36
15400,0.9158048033714294,0.8675862550735474,0.47
15500,0.9158048033714294,0.8675862550735474,0.46
15600,0.9158048033714294,0.8675862550735474,0.44
15700,0.9158048033714294,0.8675862550735474,0.47
15800,0.9158048033714294,0.8675862550735474,0.41
15900,0.9158048033714294,0.8675862550735474,0.32
16000,0.9158048033714294,0.8675862550735474,0.35
16100,0.9158048033714294,0.8675862550735474,0.43
16200,0.9158048033714294,0.8675862550735474,0.41
16300,0.9158048033714294,0.8675862550735474,0.41
16400,0.9158048033714294,0.8675862550735474,0.45
16500,0.9158048033714294,0.8675862550735474,0.32
16600,0.9158048033714294,0.8675862550735474,0.30
16700,0.9158048033714294,0.8675862550735474,0.39
16800,0.9158048033714294,0.8675862550735474,0.42
16900,0.9158048033714294,0.8675862550735474,0.45
17000,0.9158048033714294,0.8675862550735474,0.46
17100,0.9158048033714294,0.8675862550735474,0.41
17200,0.9158048033714294,0.8675862550735474,0.50
17300,0.9158048033714294,0.8675862550735474,0.44
17400,0.9158048033714294,0.8675862550735474,0.41
17500,0.9158048033714294,0.8675862550735474,0.39
17600,0.9158048033714294,0.8675862550735474,0.34
17700,0.9158048033714294,0.8675862550735474,0.44
17800,0.9158048033714294,0.8675862550735474,0.42
17900,0.9158048033714294,0.8675862550735474,0.41
18000,0.9158048033714294,0.8675862550735474,0.42
18100,0.9158048033714294,0.8675862550735474,0.45
18200,0.9158048033714294,0.8675862550735474,0.46
18300,0.9158048033714294,0.8675862550735474,0.47
18400,0.9158048033714294,0.8675862550735474,0.42
18500,0.9158048033714294,0.8675862550735474,0.45
18600,0.9158048033714294,0.8675862550735474,0.39
18700,0.9158048033714294,0.8675862550735474,0.39
18800,0.9158048033714294,0.8675862550735474,0.45
18900,0.9158048033714294,0.8675862550735474,0.43
19000,0.9158048033714294,0.8675862550735474,0.47
19100,0.9158048033714294,0.8675862550735474,0.34
19200,0.9158048033714294,0.8675862550735474,0.47
19300,0.9158048033714294,0.8675862550735474,0.45
19400,0.9158048033714294,0.8675862550735474,0.44
19500,0.9158048033714294,0.8675862550735474,0.49
19600,0.9158048033714294,0.8675862550735474,0.44
19700,0.9158048033714294,0.8675862550735474,0.47
19800,0.9158048033714294,0.8675862550735474,0.42
19900,0.9158048033714294,0.8675862550735474,0.39
20000,0.9158048033714294,0.8675862550735474,0.36
20100,0.9158048033714294,0.8675862550735474,0.40
20200,0.9158048033714294,0.8675862550735474,0.46
20300,0.9158048033714294,0.8675862550735474,0.45
20400,0.9158048033714294,0.8675862550735474,0.45
20500,0.9158048033714294,0.8675862550735474,0.45
20600,0.9158048033714294,0.8675862550735474,0.33
20700,0.9158048033714294,0.8675862550735474,0.30
20800,0.9158048033714294,0.8675862550735474,0.40
20900,0.9158048033714294,0.8675862550735474,0.46
21000,0.9158048033714294,0.8675862550735474,0.42
21100,0.9158048033714294,0.8675862550735474,0.46
21200,0.9158048033714294,0.8675862550735474,0.45
21300,0.9158048033714294,0.8675862550735474,0.46
21400,0.9158048033714294,0.8675862550735474,0.42
21500,0.9158048033714294,0.8675862550735474,0.40
21600,0.9158048033714294,0.8675862550735474,0.43
21700,0.9158048033714294,0.8675862550735474,0.46
21800,0.9158048033714294,0.8675862550735474,0.40
21900,0.9158048033714294,0.8675862550735474,0.40
22000,0.9158048033714294,0.8675862550735474,0.45
22100,0.9158048033714294,0.8675862550735474,0.45
22200,0.9158048033714294,0.8675862550735474,0.59
22300,0.9158048033714294,0.8675862550735474,0.39
22400,0.9158048033714294,0.8675862550735474,0.43
22500,0.9158048033714294,0.8675862550735474,0.45
22600,0.9158048033714294,0.8675862550735474,0.46
22700,0.9158048033714294,0.8675862550735474,0.45
22800,0.9158048033714294,0.8675862550735474,0.42
22900,0.9158048033714294,0.8675862550735474,0.43
23000,0.9158048033714294,0.8675862550735474,0.42
23100,0.9158048033714294,0.8675862550735474,0.44
23200,0.9158048033714294,0.8675862550735474,0.42
23300,0.9158048033714294,0.8675862550735474,0.46
23400,0.9158048033714294,0.8675862550735474,0.46
23500,0.9158048033714294,0.8675862550735474,0.46
23600,0.9158048033714294,0.8675862550735474,0.42
23700,0.9158048033714294,0.8675862550735474,0.43
23800,0.9158048033714294,0.8675862550735474,0.44
23900,0.9158048033714294,0.8675862550735474,0.39
24000,0.9158048033714294,0.8675862550735474,0.43
24100,0.9158048033714294,0.8675862550735474,0.46
24200,0.9158048033714294,0.8675862550735474,0.34
24300,0.9158048033714294,0.8675862550735474,0.45
24400,0.9158048033714294,0.8675862550735474,0.44
24500,0.9158048033714294,0.8675862550735474,0.38
24600,0.9158048033714294,0.8675862550735474,0.38
24700,0.9158048033714294,0.8675862550735474,0.48
24800,0.9158048033714294,0.8675862550735474,0.46
24900,0.9158048033714294,0.8675862550735474,0.46
25000,0.9158048033714294,0.8675862550735474,0.38
25100,0.9158048033714294,0.8675862550735474,0.45
25200,0.9158048033714294,0.8675862550735474,0.46
25300,0.9158048033714294,0.8675862550735474,0.45
25400,0.9158048033714294,0.8675862550735474,0.31
25500,0.9158048033714294,0.8675862550735474,0.47
25600,0.9158048033714294,0.8675862550735474,0.43
25700,0.9158048033714294,0.8675862550735474,0.45
25800,0.9158048033714294,0.8675862550735474,0.46
25900,0.9158048033714294,0.8675862550735474,0.41
26000,0.9158048033714294,0.8675862550735474,0.47
26100,0.9158048033714294,0.8675862550735474,0.43
26200,0.9158048033714294,0.8675862550735474,0.45
26300,0.9158048033714294,0.8675862550735474,0.38
26400,0.9158048033714294,0.8675862550735474,0.44
26500,0.9158048033714294,0.8675862550735474,0.37
26600,0.9158048033714294,0.8675862550735474,0.46
26700,0.9158048033714294,0.8675862550735474,0.47
26800,0.9158048033714294,0.8675862550735474,0.45
26900,0.9158048033714294,0.8675862550735474,0.45
27000,0.9158048033714294,0.8675862550735474,0.43
27100,0.9158048033714294,0.8675862550735474,0.45
27200,0.9158048033714294,0.8675862550735474,0.60
27300,0.9158048033714294,0.8675862550735474,0.40
27400,0.9158048033714294,0.8675862550735474,0.42
27500,0.9158048033714294,0.8675862550735474,0.46
27600,0.9158048033714294,0.8675862550735474,0.38
27700,0.9158048033714294,0.8675862550735474,0.37
27800,0.9158048033714294,0.8675862550735474,0.47
27900,0.9158048033714294,0.8675862550735474,0.47
28000,0.9158048033714294,0.8675862550735474,0.40
28100,0.9158048033714294,0.8675862550735474,0.46
28200,0.9158048033714294,0.8675862550735474,0.45
28300,0.9158048033714294,0.8675862550735474,0.41
28400,0.9158048033714294,0.8675862550735474,0.44
28500,0.9158048033714294,0.8675862550735474,0.40
28600,0.9158048033714294,0.8675862550735474,0.44
28700,0.9158048033714294,0.8675862550735474,0.46
28800,0.9158048033714294,0.8675862550735474,0.45
28900,0.9158048033714294,0.8675862550735474,0.33
29000,0.9158048033714294,0.8675862550735474,0.35
29100,0.9158048033714294,0.8675862550735474,0.45
29200,0.9158048033714294,0.8675862550735474,0.38
29300,0.9158048033714294,0.8675862550735474,0.39
29400,0.9158048033714294,0.8675862550735474,0.45
29500,0.9158048033714294,0.8675862550735474,0.38
29600,0.9158048033714294,0.8675862550735474,0.44
29700,0.9158048033714294,0.8675862550735474,0.62
29800,0.9158048033714294,0.8675862550735474,0.31
29900,0.9158048033714294,0.8675862550735474,0.43
30000,0.9158048033714294,0.8675862550735474,0.47
30100,0.9158048033714294,0.8675862550735474,0.43
30200,0.9158048033714294,0.8675862550735474,0.44
30300,0.9158048033714294,0.8675862550735474,0.44
30400,0.9158048033714294,0.8675862550735474,0.45
30500,0.9158048033714294,0.8675862550735474,0.43
30600,0.9158048033714294,0.8675862550735474,0.36
30700,0.9158048033714294,0.8675862550735474,0.42
30800,0.9158048033714294,0.8675862550735474,0.47
30900,0.9158048033714294,0.8675862550735474,0.46
31000,0.9158048033714294,0.8675862550735474,0.44
31100,0.9158048033714294,0.8675862550735474,0.42
31200,0.9158048033714294,0.8675862550735474,0.39
31300,0.9158048033714294,0.8675862550735474,0.38
31400,0.9158048033714294,0.8675862550735474,0.44
31500,0.9158048033714294,0.8675862550735474,0.46
31600,0.9158048033714294,0.8675862550735474,0.41
31700,0.9158048033714294,0.8675862550735474,0.43
31800,0.9158048033714294,0.8675862550735474,0.46
31900,0.9158048033714294,0.8675862550735474,0.42
32000,0.9158048033714294,0.8675862550735474,0.48
32100,0.9158048033714294,0.8675862550735474,0.47
32200,0.9158048033714294,0.8675862550735474,0.63
32300,0.9158048033714294,0.8675862550735474,0.46
32400,0.9158048033714294,0.8675862550735474,0.42
32500,0.9158048033714294,0.8675862550735474,0.39
32600,0.9158048033714294,0.8675862550735474,0.39
32700,0.9158048033714294,0.8675862550735474,0.46
32800,0.9158048033714294,0.8675862550735474,0.46
32900,0.9158048033714294,0.8675862550735474,0.45
33000,0.9158048033714294,0.8675862550735474,0.41
33100,0.9158048033714294,0.8675862550735474,0.37
33200,0.9158048033714294,0.8675862550735474,0.43
33300,0.9158048033714294,0.8675862550735474,0.34
33400,0.9158048033714294,0.8675862550735474,0.37
33500,0.9158048033714294,0.8675862550735474,0.47
33600,0.9158048033714294,0.8675862550735474,0.35
33700,0.9158048033714294,0.8675862550735474,0.34
33800,0.9158048033714294,0.8675862550735474,0.42
33900,0.9158048033714294,0.8675862550735474,0.31
34000,0.9158048033714294,0.8675862550735474,0.34
34100,0.9158048033714294,0.8675862550735474,0.41
34200,0.9158048033714294,0.8675862550735474,0.44
34300,0.9158048033714294,0.8675862550735474,0.37
34400,0.9158048033714294,0.8675862550735474,0.45
34500,0.9158048033714294,0.8675862550735474,0.47
34600,0.9158048033714294,0.8675862550735474,0.46
34700,0.9158048033714294,0.8675862550735474,0.57
34800,0.9158048033714294,0.8675862550735474,0.45
34900,0.9158048033714294,0.8675862550735474,0.38
35000,0.9158048033714294,0.8675862550735474,0.45
35100,0.9158048033714294,0.8675862550735474,0.38
35200,0.9158048033714294,0.8675862550735474,0.47
35300,0.9158048033714294,0.8675862550735474,0.45
35400,0.9158048033714294,0.8675862550735474,0.30
35500,0.9158048033714294,0.8675862550735474,0.37
35600,0.9158048033714294,0.8675862550735474,0.46
35700,0.9158048033714294,0.8675862550735474,0.41
35800,0.9158048033714294,0.8675862550735474,0.46
35900,0.9158048033714294,0.8675862550735474,0.46
36000,0.9158048033714294,0.8675862550735474,0.47
36100,0.9158048033714294,0.8675862550735474,0.46
36200,0.9158048033714294,0.8675862550735474,0.44
36300,0.9158048033714294,0.8675862550735474,0.46
36400,0.9158048033714294,0.8675862550735474,0.42
36500,0.9158048033714294,0.8675862550735474,0.36
36600,0.9158048033714294,0.8675862550735474,0.44
36700,0.9158048033714294,0.8675862550735474,0.45
36800,0.9158048033714294,0.8675862550735474,0.48
36900,0.9158048033714294,0.8675862550735474,0.40
37000,0.9158048033714294,0.8675862550735474,0.44
37100,0.9158048033714294,0.8675862550735474,0.48
37200,0.9158048033714294,0.8675862550735474,0.54
37300,0.9158048033714294,0.8675862550735474,0.39
37400,0.9158048033714294,0.8675862550735474,0.43
37500,0.9158048033714294,0.8675862550735474,0.45
37600,0.9158048033714294,0.8675862550735474,0.42
37700,0.9158048033714294,0.8675862550735474,0.47
37800,0.9158048033714294,0.8675862550735474,0.40
37900,0.9158048033714294,0.8675862550735474,0.43
38000,0.9158048033714294,0.8675862550735474,0.47
38100,0.9158048033714294,0.8675862550735474,0.32
38200,0.9158048033714294,0.8675862550735474,0.44
38300,0.9158048033714294,0.8675862550735474,0.40
38400,0.9158048033714294,0.8675862550735474,0.44
38500,0.9158048033714294,0.8675862550735474,0.45
38600,0.9158048033714294,0.8675862550735474,0.45
38700,0.9158048033714294,0.8675862550735474,0.44
38800,0.9158048033714294,0.8675862550735474,0.45
38900,0.9158048033714294,0.8675862550735474,0.45
39000,0.9158048033714294,0.8675862550735474,0.41
39100,0.9158048033714294,0.8675862550735474,0.37
39200,0.9158048033714294,0.8675862550735474,0.47
39300,0.9158048033714294,0.8675862550735474,0.46
39400,0.9158048033714294,0.8675862550735474,0.47
39500,0.9158048033714294,0.8675862550735474,0.38
39600,0.9158048033714294,0.8675862550735474,0.41
39700,0.9158048033714294,0.8675862550735474,0.62
39800,0.9158048033714294,0.8675862550735474,0.48
39900,0.9158048033714294,0.8675862550735474,0.48
40000,0.9158048033714294,0.8675862550735474,0.46
40100,0.9158048033714294,0.8675862550735474,0.37
40200,0.9158048033714294,0.8675862550735474,0.44
40300,0.9158048033714294,0.8675862550735474,0.39
40400,0.9158048033714294,0.8675862550735474,0.41
40500,0.9158048033714294,0.8675862550735474,0.30
40600,0.9158048033714294,0.8675862550735474,0.47
40700,0.9158048033714294,0.8675862550735474,0.34
40800,0.9158048033714294,0.8675862550735474,0.46
40900,0.9158048033714294,0.8675862550735474,0.38
41000,0.9158048033714294,0.8675862550735474,0.47
41100,0.9158048033714294,0.8675862550735474,0.46
41200,0.9158048033714294,0.8675862550735474,0.45
41300,0.9158048033714294,0.8675862550735474,0.39
41400,0.9158048033714294,0.8675862550735474,0.33
41500,0.9158048033714294,0.8675862550735474,0.30
41600,0.9158048033714294,0.8675862550735474,0.34
41700,0.9158048033714294,0.8675862550735474,0.38
41800,0.9158048033714294,0.8675862550735474,0.46
41900,0.9158048033714294,0.8675862550735474,0.39
42000,0.9158048033714294,0.8675862550735474,0.46
42100,0.9158048033714294,0.8675862550735474,0.46
42200,0.9158048033714294,0.8675862550735474,0.50
42300,0.9158048033714294,0.8675862550735474,0.39
42400,0.9158048033714294,0.8675862550735474,0.42
42500,0.9158048033714294,0.8675862550735474,0.49
42600,0.9158048033714294,0.8675862550735474,0.45
42700,0.9158048033714294,0.8675862550735474,0.44
42800,0.9158048033714294,0.8675862550735474,0.45
42900,0.9158048033714294,0.8675862550735474,0.43
43000,0.9158048033714294,0.8675862550735474,0.45
43100,0.9158048033714294,0.8675862550735474,0.35
43200,0.9158048033714294,0.8675862550735474,0.40
43300,0.9158048033714294,0.8675862550735474,0.42
43400,0.9158048033714294,0.8675862550735474,0.37
43500,0.9158048033714294,0.8675862550735474,0.38
43600,0.9158048033714294,0.8675862550735474,0.45
43700,0.9158048033714294,0.8675862550735474,0.46
43800,0.9158048033714294,0.8675862550735474,0.47
43900,0.9158048033714294,0.8675862550735474,0.43
44000,0.9158048033714294,0.8675862550735474,0.39
44100,0.9158048033714294,0.8675862550735474,0.40
44200,0.9158048033714294,0.8675862550735474,0.42
44300,0.9158048033714294,0.8675862550735474,0.43
44400,0.9158048033714294,0.8675862550735474,0.30
44500,0.9158048033714294,0.8675862550735474,0.42
44600,0.9158048033714294,0.8675862550735474,0.43
44700,0.9158048033714294,0.8675862550735474,0.62
44800,0.9158048033714294,0.8675862550735474,0.47
44900,0.9158048033714294,0.8675862550735474,0.35
45000,0.9158048033714294,0.8675862550735474,0.38
45100,0.9158048033714294,0.8675862550735474,0.45
45200,0.9158048033714294,0.8675862550735474,0.37
45300,0.9158048033714294,0.8675862550735474,0.40
45400,0.9158048033714294,0.8675862550735474,0.37
45500,0.9158048033714294,0.8675862550735474,0.47
45600,0.9158048033714294,0.8675862550735474,0.46
45700,0.9158048033714294,0.8675862550735474,0.45
45800,0.9158048033714294,0.8675862550735474,0.36
45900,0.9158048033714294,0.8675862550735474,0.46
46000,0.9158048033714294,0.8675862550735474,0.46
46100,0.9158048033714294,0.8675862550735474,0.44
46200,0.9158048033714294,0.8675862550735474,0.45
46300,0.9158048033714294,0.8675862550735474,0.43
46400,0.9158048033714294,0.8675862550735474,0.45
46500,0.9158048033714294,0.8675862550735474,0.46
46600,0.9158048033714294,0.8675862550735474,0.46
46700,0.9158048033714294,0.8675862550735474,0.44
46800,0.9158048033714294,0.8675862550735474,0.40
46900,0.9158048033714294,0.8675862550735474,0.44
47000,0.9158048033714294,0.8675862550735474,0.42
47100,0.9158048033714294,0.8675862550735474,0.35
47200,0.9158048033714294,0.8675862550735474,0.56
47300,0.9158048033714294,0.8675862550735474,0.40
47400,0.9158048033714294,0.8675862550735474,0.46
47500,0.9158048033714294,0.8675862550735474,0.45
47600,0.9158048033714294,0.8675862550735474,0.46
47700,0.9158048033714294,0.8675862550735474,0.42
47800,0.9158048033714294,0.8675862550735474,0.47
47900,0.9158048033714294,0.8675862550735474,0.37
48000,0.9158048033714294,0.8675862550735474,0.45
48100,0.9158048033714294,0.8675862550735474,0.44
48200,0.9158048033714294,0.8675862550735474,0.48
48300,0.9158048033714294,0.8675862550735474,0.46
48400,0.9158048033714294,0.8675862550735474,0.43
48500,0.9158048033714294,0.8675862550735474,0.43
48600,0.9158048033714294,0.8675862550735474,0.35
48700,0.9158048033714294,0.8675862550735474,0.42
48800,0.9158048033714294,0.8675862550735474,0.46
48900,0.9158048033714294,0.8675862550735474,0.47
49000,0.9158048033714294,0.8675862550735474,0.45
49100,0.9158048033714294,0.8675862550735474,0.38
49200,0.9158048033714294,0.8675862550735474,0.45
49300,0.9158048033714294,0.8675862550735474,0.45
49400,0.9158048033714294,0.8675862550735474,0.44
49500,0.9158048033714294,0.8675862550735474,0.45
49600,0.9158048033714294,0.8675862550735474,0.44
49700,0.9158048033714294,0.8675862550735474,0.54
49800,0.9158048033714294,0.8675862550735474,0.45
49900,0.9158048033714294,0.8675862550735474,0.32
50000,0.9158048033714294,0.8675862550735474,0.44
50100,0.9158048033714294,0.8675862550735474,0.39
50200,0.9158048033714294,0.8675862550735474,0.46
50300,0.9158048033714294,0.8675862550735474,0.39
50400,0.9158048033714294,0.8675862550735474,0.46
50500,0.9158048033714294,0.8675862550735474,0.48
50600,0.9158048033714294,0.8675862550735474,0.46
50700,0.9158048033714294,0.8675862550735474,0.45
50800,0.9158048033714294,0.8675862550735474,0.33
50900,0.9158048033714294,0.8675862550735474,0.30
51000,0.9158048033714294,0.8675862550735474,0.38
51100,0.9158048033714294,0.8675862550735474,0.36
51200,0.9158048033714294,0.8675862550735474,0.47
51300,0.9158048033714294,0.8675862550735474,0.45
51400,0.9158048033714294,0.8675862550735474,0.46
51500,0.9158048033714294,0.8675862550735474,0.39
51600,0.9158048033714294,0.8675862550735474,0.47
51700,0.9158048033714294,0.8675862550735474,0.46
51800,0.9158048033714294,0.8675862550735474,0.34
51900,0.9158048033714294,0.8675862550735474,0.45
52000,0.9158048033714294,0.8675862550735474,0.37
52100,0.9158048033714294,0.8675862550735474,0.38
52200,0.9158048033714294,0.8675862550735474,0.46
52300,0.9158048033714294,0.8675862550735474,0.47
52400,0.9158048033714294,0.8675862550735474,0.46
52500,0.9158048033714294,0.8675862550735474,0.43
52600,0.9158048033714294,0.8675862550735474,0.47
52700,0.9158048033714294,0.8675862550735474,0.46
52800,0.9158048033714294,0.8675862550735474,0.45
52900,0.9158048033714294,0.8675862550735474,0.47
53000,0.9158048033714294,0.8675862550735474,0.38
53100,0.9158048033714294,0.8675862550735474,0.43
53200,0.9158048033714294,0.8675862550735474,0.47
53300,0.9158048033714294,0.8675862550735474,0.38
53400,0.9158048033714294,0.8675862550735474,0.45
53500,0.9158048033714294,0.8675862550735474,0.39
53600,0.9158048033714294,0.8675862550735474,0.44
53700,0.9158048033714294,0.8675862550735474,0.29
53800,0.9158048033714294,0.8675862550735474,0.47
53900,0.9158048033714294,0.8675862550735474,0.46
54000,0.9158048033714294,0.8675862550735474,0.46
54100,0.9158048033714294,0.8675862550735474,0.46
54200,0.9158048033714294,0.8675862550735474,0.47
54300,0.9158048033714294,0.8675862550735474,0.42
54400,0.9158048033714294,0.8675862550735474,0.42
54500,0.9158048033714294,0.8675862550735474,0.48
54600,0.9158048033714294,0.8675862550735474,0.30
54700,0.9158048033714294,0.8675862550735474,0.41
54800,0.9158048033714294,0.8675862550735474,0.43
54900,0.9158048033714294,0.8675862550735474,0.40
55000,0.9158048033714294,0.8675862550735474,0.46
55100,0.9158048033714294,0.8675862550735474,0.46
55200,0.9158048033714294,0.8675862550735474,0.46
55300,0.9158048033714294,0.8675862550735474,0.44
55400,0.9158048033714294,0.8675862550735474,0.45
55500,0.9158048033714294,0.8675862550735474,0.36
55600,0.9158048033714294,0.8675862550735474,0.46
55700,0.9158048033714294,0.8675862550735474,0.43
55800,0.9158048033714294,0.8675862550735474,0.43
55900,0.9158048033714294,0.8675862550735474,0.45
56000,0.9158048033714294,0.8675862550735474,0.37
56100,0.9158048033714294,0.8675862550735474,0.47
56200,0.9158048033714294,0.8675862550735474,0.47
56300,0.9158048033714294,0.8675862550735474,0.49
56400,0.9158048033714294,0.8675862550735474,0.47
56500,0.9158048033714294,0.8675862550735474,0.46
56600,0.9158048033714294,0.8675862550735474,0.43
56700,0.9158048033714294,0.8675862550735474,0.41
56800,0.9158048033714294,0.8675862550735474,0.46
56900,0.9158048033714294,0.8675862550735474,0.47
57000,0.9158048033714294,0.8675862550735474,0.46
57100,0.9158048033714294,0.8675862550735474,0.47
57200,0.9158048033714294,0.8675862550735474,0.62
57300,0.9158048033714294,0.8675862550735474,0.42
57400,0.9158048033714294,0.8675862550735474,0.45
57500,0.9158048033714294,0.8675862550735474,0.43
57600,0.9158048033714294,0.8675862550735474,0.46
57700,0.9158048033714294,0.8675862550735474,0.31
57800,0.9158048033714294,0.8675862550735474,0.47
57900,0.9158048033714294,0.8675862550735474,0.42
58000,0.9158048033714294,0.8675862550735474,0.38
58100,0.9158048033714294,0.8675862550735474,0.40
58200,0.9158048033714294,0.8675862550735474,0.44
58300,0.9158048033714294,0.8675862550735474,0.39
58400,0.9158048033714294,0.8675862550735474,0.39
58500,0.9158048033714294,0.8675862550735474,0.34
58600,0.9158048033714294,0.8675862550735474,0.44
58700,0.9158048033714294,0.8675862550735474,0.36
58800,0.9158048033714294,0.8675862550735474,0.36
58900,0.9158048033714294,0.8675862550735474,0.39
59000,0.9158048033714294,0.8675862550735474,0.45
59100,0.9158048033714294,0.8675862550735474,0.47
59200,0.9158048033714294,0.8675862550735474,0.43
59300,0.9158048033714294,0.8675862550735474,0.40
59400,0.9158048033714294,0.8675862550735474,0.30
59500,0.9158048033714294,0.8675862550735474,0.41
59600,0.9158048033714294,0.8675862550735474,0.48
59700,0.9158048033714294,0.8675862550735474,0.57
59800,0.9158048033714294,0.8675862550735474,0.40
59900,0.9158048033714294,0.8675862550735474,0.38
60000,0.9158048033714294,0.8675862550735474,0.46
60100,0.9158048033714294,0.8675862550735474,0.44
60200,0.9158048033714294,0.8675862550735474,0.45
60300,0.9158048033714294,0.8675862550735474,0.46
60400,0.9158048033714294,0.8675862550735474,0.45
60500,0.9158048033714294,0.8675862550735474,0.46
60600,0.9158048033714294,0.8675862550735474,0.44
60700,0.9158048033714294,0.8675862550735474,0.45
60800,0.9158048033714294,0.8675862550735474,0.47
60900,0.9158048033714294,0.8675862550735474,0.41
61000,0.9158048033714294,0.8675862550735474,0.45
61100,0.9158048033714294,0.8675862550735474,0.29
61200,0.9158048033714294,0.8675862550735474,0.41
61300,0.9158048033714294,0.8675862550735474,0.40
61400,0.9158048033714294,0.8675862550735474,0.44
61500,0.9158048033714294,0.8675862550735474,0.47
61600,0.9158048033714294,0.8675862550735474,0.42
61700,0.9158048033714294,0.8675862550735474,0.36
61800,0.9158048033714294,0.8675862550735474,0.44
61900,0.9158048033714294,0.8675862550735474,0.45
62000,0.9158048033714294,0.8675862550735474,0.46
62100,0.9158048033714294,0.8675862550735474,0.46
62200,0.9158048033714294,0.8675862550735474,0.42
62300,0.9158048033714294,0.8675862550735474,0.42
62400,0.9158048033714294,0.8675862550735474,0.47
62500,0.9158048033714294,0.8675862550735474,0.37
62600,0.9158048033714294,0.8675862550735474,0.45
62700,0.9158048033714294,0.8675862550735474,0.47
62800,0.9158048033714294,0.8675862550735474,0.44
62900,0.9158048033714294,0.8675862550735474,0.44
63000,0.9158048033714294,0.8675862550735474,0.47
63100,0.9158048033714294,0.8675862550735474,0.46
63200,0.9158048033714294,0.8675862550735474,0.40
63300,0.9158048033714294,0.8675862550735474,0.34
63400,0.9158048033714294,0.8675862550735474,0.45
63500,0.9158048033714294,0.8675862550735474,0.39
63600,0.9158048033714294,0.8675862550735474,0.45
63700,0.9158048033714294,0.8675862550735474,0.39
63800,0.9158048033714294,0.8675862550735474,0.40
63900,0.9158048033714294,0.8675862550735474,0.46
64000,0.9158048033714294,0.8675862550735474,0.44
64100,0.9158048033714294,0.8675862550735474,0.30
64200,0.9158048033714294,0.8675862550735474,0.46
64300,0.9158048033714294,0.8675862550735474,0.46
64400,0.9158048033714294,0.8675862550735474,0.47
64500,0.9158048033714294,0.8675862550735474,0.46
64600,0.9158048033714294,0.8675862550735474,0.40
64700,0.9158048033714294,0.8675862550735474,0.62
64800,0.9158048033714294,0.8675862550735474,0.33
64900,0.9158048033714294,0.8675862550735474,0.48
65000,0.9158048033714294,0.8675862550735474,0.35
65100,0.9158048033714294,0.8675862550735474,0.39
65200,0.9158048033714294,0.8675862550735474,0.42
65300,0.9158048033714294,0.8675862550735474,0.45
65400,0.9158048033714294,0.8675862550735474,0.42
65500,0.9158048033714294,0.8675862550735474,0.44
65600,0.9158048033714294,0.8675862550735474,0.45
65700,0.9158048033714294,0.8675862550735474,0.43
65800,0.9158048033714294,0.8675862550735474,0.41
65900,0.9158048033714294,0.8675862550735474,0.34
66000,0.9158048033714294,0.8675862550735474,0.36
66100,0.9158048033714294,0.8675862550735474,0.40
66200,0.9158048033714294,0.8675862550735474,0.46
66300,0.9158048033714294,0.8675862550735474,0.46
66400,0.9158048033714294,0.8675862550735474,0.37
66500,0.9158048033714294,0.8675862550735474,0.41
66600,0.9158048033714294,0.8675862550735474,0.46
66700,0.9158048033714294,0.8675862550735474,0.44
66800,0.9158048033714294,0.8675862550735474,0.44
66900,0.9158048033714294,0.8675862550735474,0.46
67000,0.9158048033714294,0.8675862550735474,0.37
67100,0.9158048033714294,0.8675862550735474,0.46
67200,0.9158048033714294,0.8675862550735474,0.52
67300,0.9158048033714294,0.8675862550735474,0.32
67400,0.9158048033714294,0.8675862550735474,0.44
67500,0.9158048033714294,0.8675862550735474,0.42
67600,0.9158048033714294,0.8675862550735474,0.32
67700,0.9158048033714294,0.8675862550735474,0.41
67800,0.9158048033714294,0.8675862550735474,0.44
67900,0.9158048033714294,0.8675862550735474,0.48
68000,0.9158048033714294,0.8675862550735474,0.44
68100,0.9158048033714294,0.8675862550735474,0.41
68200,0.9158048033714294,0.8675862550735474,0.39
68300,0.9158048033714294,0.8675862550735474,0.35
68400,0.9158048033714294,0.8675862550735474,0.46
68500,0.9158048033714294,0.8675862550735474,0.43
68600,0.9158048033714294,0.8675862550735474,0.40
68700,0.9158048033714294,0.8675862550735474,0.36
68800,0.9158048033714294,0.8675862550735474,0.39
68900,0.9158048033714294,0.8675862550735474,0.36
69000,0.9158048033714294,0.8675862550735474,0.45
69100,0.9158048033714294,0.8675862550735474,0.46
69200,0.9158048033714294,0.8675862550735474,0.39
69300,0.9158048033714294,0.8675862550735474,0.31
69400,0.9158048033714294,0.8675862550735474,0.46
69500,0.9158048033714294,0.8675862550735474,0.42
69600,0.9158048033714294,0.8675862550735474,0.38
69700,0.9158048033714294,0.8675862550735474,0.63
69800,0.9158048033714294,0.8675862550735474,0.47
69900,0.9158048033714294,0.8675862550735474,0.46
70000,0.9158048033714294,0.8675862550735474,0.43
70100,0.9158048033714294,0.8675862550735474,0.43
70200,0.9158048033714294,0.8675862550735474,0.44
70300,0.9158048033714294,0.8675862550735474,0.42
70400,0.9158048033714294,0.8675862550735474,0.34
70500,0.9158048033714294,0.8675862550735474,0.45
70600,0.9158048033714294,0.8675862550735474,0.33
70700,0.9158048033714294,0.8675862550735474,0.46
70800,0.9158048033714294,0.8675862550735474,0.35
70900,0.9158048033714294,0.8675862550735474,0.47
71000,0.9158048033714294,0.8675862550735474,0.41
71100,0.9158048033714294,0.8675862550735474,0.44
71200,0.9158048033714294,0.8675862550735474,0.46
71300,0.9158048033714294,0.8675862550735474,0.43
71400,0.9158048033714294,0.8675862550735474,0.44
71500,0.9158048033714294,0.8675862550735474,0.41
71600,0.9158048033714294,0.8675862550735474,0.45
71700,0.9158048033714294,0.8675862550735474,0.43
71800,0.9158048033714294,0.8675862550735474,0.46
71900,0.9158048033714294,0.8675862550735474,0.43
72000,0.9158048033714294,0.8675862550735474,0.40
72100,0.9158048033714294,0.8675862550735474,0.43
72200,0.9158048033714294,0.8675862550735474,0.53
72300,0.9158048033714294,0.8675862550735474,0.44
72400,0.9158048033714294,0.8675862550735474,0.47
72500,0.9158048033714294,0.8675862550735474,0.43
72600,0.9158048033714294,0.8675862550735474,0.46
72700,0.9158048033714294,0.8675862550735474,0.35
72800,0.9158048033714294,0.8675862550735474,0.43
72900,0.9158048033714294,0.8675862550735474,0.46
73000,0.9158048033714294,0.8675862550735474,0.41
73100,0.9158048033714294,0.8675862550735474,0.46
73200,0.9158048033714294,0.8675862550735474,0.37
73300,0.9158048033714294,0.8675862550735474,0.43
73400,0.9158048033714294,0.8675862550735474,0.42
73500,0.9158048033714294,0.8675862550735474,0.46
73600,0.9158048033714294,0.8675862550735474,0.46
73700,0.9158048033714294,0.8675862550735474,0.45
73800,0.9158048033714294,0.8675862550735474,0.37
73900,0.9158048033714294,0.8675862550735474,0.45
74000,0.9158048033714294,0.8675862550735474,0.46
74100,0.9158048033714294,0.8675862550735474,0.41
74200,0.9158048033714294,0.8675862550735474,0.39
74300,0.9158048033714294,0.8675862550735474,0.44
74400,0.9158048033714294,0.8675862550735474,0.34
74500,0.9158048033714294,0.8675862550735474,0.46
74600,0.9158048033714294,0.8675862550735474,0.46
74700,0.9158048033714294,0.8675862550735474,0.58
74800,0.9158048033714294,0.8675862550735474,0.35
74900,0.9158048033714294,0.8675862550735474,0.42
75000,0.9158048033714294,0.8675862550735474,0.42
75100,0.9158048033714294,0.8675862550735474,0.44
75200,0.9158048033714294,0.8675862550735474,0.47
75300,0.9158048033714294,0.8675862550735474,0.43
75400,0.9158048033714294,0.8675862550735474,0.37
75500,0.9158048033714294,0.8675862550735474,0.44
75600,0.9158048033714294,0.8675862550735474,0.46
75700,0.9158048033714294,0.8675862550735474,0.45
75800,0.9158048033714294,0.8675862550735474,0.48
75900,0.9158048033714294,0.8675862550735474,0.46
76000,0.9158048033714294,0.8675862550735474,0.35
76100,0.9158048033714294,0.8675862550735474,0.32
76200,0.9158048033714294,0.8675862550735474,0.40
76300,0.9158048033714294,0.8675862550735474,0.40
76400,0.9158048033714294,0.8675862550735474,0.44
76500,0.9158048033714294,0.8675862550735474,0.38
76600,0.9158048033714294,0.8675862550735474,0.44
76700,0.9158048033714294,0.8675862550735474,0.45
76800,0.9158048033714294,0.8675862550735474,0.39
76900,0.9158048033714294,0.8675862550735474,0.43
77000,0.9158048033714294,0.8675862550735474,0.42
77100,0.9158048033714294,0.8675862550735474,0.45
77200,0.9158048033714294,0.8675862550735474,0.60
77300,0.9158048033714294,0.8675862550735474,0.35
77400,0.9158048033714294,0.8675862550735474,0.39
77500,0.9158048033714294,0.8675862550735474,0.46
77600,0.9158048033714294,0.8675862550735474,0.47
77700,0.9158048033714294,0.8675862550735474,0.42
77800,0.9158048033714294,0.8675862550735474,0.45
77900,0.9158048033714294,0.8675862550735474,0.45
78000,0.9158048033714294,0.8675862550735474,0.47
78100,0.9158048033714294,0.8675862550735474,0.33
78200,0.9158048033714294,0.8675862550735474,0.48
78300,0.9158048033714294,0.8675862550735474,0.39
78400,0.9158048033714294,0.8675862550735474,0.43
78500,0.9158048033714294,0.8675862550735474,0.33
78600,0.9158048033714294,0.8675862550735474,0.45
78700,0.9158048033714294,0.8675862550735474,0.41
78800,0.9158048033714294,0.8675862550735474,0.42
78900,0.9158048033714294,0.8675862550735474,0.46
79000,0.9158048033714294,0.8675862550735474,0.46
79100,0.9158048033714294,0.8675862550735474,0.43
79200,0.9158048033714294,0.8675862550735474,0.31
79300,0.9158048033714294,0.8675862550735474,0.44
79400,0.9158048033714294,0.8675862550735474,0.30
79500,0.9158048033714294,0.8675862550735474,0.46
79600,0.9158048033714294,0.8675862550735474,0.46
79700,0.9158048033714294,0.8675862550735474,0.62
79800,0.9158048033714294,0.8675862550735474,0.45
79900,0.9158048033714294,0.8675862550735474,0.41
80000,0.9158048033714294,0.8675862550735474,0.43
80100,0.9158048033714294,0.8675862550735474,0.47
80200,0.9158048033714294,0.8675862550735474,0.48
80300,0.9158048033714294,0.8675862550735474,0.39
80400,0.9158048033714294,0.8675862550735474,0.39
80500,0.9158048033714294,0.8675862550735474,0.40
80600,0.9158048033714294,0.8675862550735474,0.47
80700,0.9158048033714294,0.8675862550735474,0.43
80800,0.9158048033714294,0.8675862550735474,0.32
80900,0.9158048033714294,0.8675862550735474,0.41
81000,0.9158048033714294,0.8675862550735474,0.41
81100,0.9158048033714294,0.8675862550735474,0.37
81200,0.9158048033714294,0.8675862550735474,0.40
81300,0.9158048033714294,0.8675862550735474,0.42
81400,0.9158048033714294,0.8675862550735474,0.46
81500,0.9158048033714294,0.8675862550735474,0.46
81600,0.9158048033714294,0.8675862550735474,0.30
81700,0.9158048033714294,0.8675862550735474,0.42
81800,0.9158048033714294,0.8675862550735474,0.39
81900,0.9158048033714294,0.8675862550735474,0.43
82000,0.9158048033714294,0.8675862550735474,0.40
82100,0.9158048033714294,0.8675862550735474,0.34
82200,0.9158048033714294,0.8675862550735474,0.56
82300,0.9158048033714294,0.8675862550735474,0.38
82400,0.9158048033714294,0.8675862550735474,0.46
82500,0.9158048033714294,0.8675862550735474,0.41
82600,0.9158048033714294,0.8675862550735474,0.45
82700,0.9158048033714294,0.8675862550735474,0.42
82800,0.9158048033714294,0.8675862550735474,0.46
82900,0.9158048033714294,0.8675862550735474,0.45
83000,0.9158048033714294,0.8675862550735474,0.44
83100,0.9158048033714294,0.8675862550735474,0.33
83200,0.9158048033714294,0.8675862550735474,0.43
83300,0.9158048033714294,0.8675862550735474,0.45
83400,0.9158048033714294,0.8675862550735474,0.44
83500,0.9158048033714294,0.8675862550735474,0.42
83600,0.9158048033714294,0.8675862550735474,0.37
83700,0.9158048033714294,0.8675862550735474,0.46
83800,0.9158048033714294,0.8675862550735474,0.42
83900,0.9158048033714294,0.8675862550735474,0.48
84000,0.9158048033714294,0.8675862550735474,0.42
84100,0.9158048033714294,0.8675862550735474,0.34
84200,0.9158048033714294,0.8675862550735474,0.46
84300,0.9158048033714294,0.8675862550735474,0.41
84400,0.9158048033714294,0.8675862550735474,0.44
84500,0.9158048033714294,0.8675862550735474,0.44
84600,0.9158048033714294,0.8675862550735474,0.40
84700,0.9158048033714294,0.8675862550735474,0.59
84800,0.9158048033714294,0.8675862550735474,0.42
84900,0.9158048033714294,0.8675862550735474,0.45
85000,0.9158048033714294,0.8675862550735474,0.45
85100,0.9158048033714294,0.8675862550735474,0.45
85200,0.9158048033714294,0.8675862550735474,0.45
85300,0.9158048033714294,0.8675862550735474,0.44
85400,0.9158048033714294,0.8675862550735474,0.35
85500,0.9158048033714294,0.8675862550735474,0.47
85600,0.9158048033714294,0.8675862550735474,0.45
85700,0.9158048033714294,0.8675862550735474,0.36
85800,0.9158048033714294,0.8675862550735474,0.39
85900,0.9158048033714294,0.8675862550735474,0.46
86000,0.9158048033714294,0.8675862550735474,0.46
86100,0.9158048033714294,0.8675862550735474,0.45
86200,0.9158048033714294,0.8675862550735474,0.42
86300,0.9158048033714294,0.8675862550735474,0.41
86400,0.9158048033714294,0.8675862550735474,0.46
86500,0.9158048033714294,0.8675862550735474,0.46
86600,0.9158048033714294,0.8675862550735474,0.38
86700,0.9158048033714294,0.8675862550735474,0.46
86800,0.9158048033714294,0.8675862550735474,0.43
86900,0.9158048033714294,0.8675862550735474,0.46
87000,0.9158048033714294,0.8675862550735474,0.38
87100,0.9158048033714294,0.8675862550735474,0.46
87200,0.9158048033714294,0.8675862550735474,0.61
87300,0.9158048033714294,0.8675862550735474,0.45
87400,0.9158048033714294,0.8675862550735474,0.41
87500,0.9158048033714294,0.8675862550735474,0.44
87600,0.9158048033714294,0.8675862550735474,0.39
87700,0.9158048033714294,0.8675862550735474,0.39
87800,0.9158048033714294,0.8675862550735474,0.36
87900,0.9158048033714294,0.8675862550735474,0.40
88000,0.9158048033714294,0.8675862550735474,0.42
88100,0.9158048033714294,0.8675862550735474,0.42
88200,0.9158048033714294,0.8675862550735474,0.46
88300,0.9158048033714294,0.8675862550735474,0.39
88400,0.9158048033714294,0.8675862550735474,0.32
88500,0.9158048033714294,0.8675862550735474,0.47
88600,0.9158048033714294,0.8675862550735474,0.46
88700,0.9158048033714294,0.8675862550735474,0.45
88800,0.9158048033714294,0.8675862550735474,0.40
88900,0.9158048033714294,0.8675862550735474,0.41
89000,0.9158048033714294,0.8675862550735474,0.45
89100,0.9158048033714294,0.8675862550735474,0.46
89200,0.9158048033714294,0.8675862550735474,0.34
89300,0.9158048033714294,0.8675862550735474,0.47
89400,0.9158048033714294,0.8675862550735474,0.46
89500,0.9158048033714294,0.8675862550735474,0.44
89600,0.9158048033714294,0.8675862550735474,0.47
89700,0.9158048033714294,0.8675862550735474,0.60
89800,0.9158048033714294,0.8675862550735474,0.40
89900,0.9158048033714294,0.8675862550735474,0.45
90000,0.9158048033714294,0.8675862550735474,0.48
90100,0.9158048033714294,0.8675862550735474,0.42
90200,0.9158048033714294,0.8675862550735474,0.35
90300,0.9158048033714294,0.8675862550735474,0.41
90400,0.9158048033714294,0.8675862550735474,0.40
90500,0.9158048033714294,0.8675862550735474,0.46
90600,0.9158048033714294,0.8675862550735474,0.46
90700,0.9158048033714294,0.8675862550735474,0.41
90800,0.9158048033714294,0.8675862550735474,0.40
90900,0.9158048033714294,0.8675862550735474,0.40
91000,0.9158048033714294,0.8675862550735474,0.42
91100,0.9158048033714294,0.8675862550735474,0.44
91200,0.9158048033714294,0.8675862550735474,0.45
91300,0.9158048033714294,0.8675862550735474,0.42
91400,0.9158048033714294,0.8675862550735474,0.47
91500,0.9158048033714294,0.8675862550735474,0.47
91600,0.9158048033714294,0.8675862550735474,0.46
91700,0.9158048033714294,0.8675862550735474,0.46
91800,0.9158048033714294,0.8675862550735474,0.35
91900,0.9158048033714294,0.8675862550735474,0.31
92000,0.9158048033714294,0.8675862550735474,0.45
92100,0.9158048033714294,0.8675862550735474,0.35
92200,0.9158048033714294,0.8675862550735474,0.45
92300,0.9158048033714294,0.8675862550735474,0.35
92400,0.9158048033714294,0.8675862550735474,0.45
92500,0.9158048033714294,0.8675862550735474,0.44
92600,0.9158048033714294,0.8675862550735474,0.39
92700,0.9158048033714294,0.8675862550735474,0.36
92800,0.9158048033714294,0.8675862550735474,0.44
92900,0.9158048033714294,0.8675862550735474,0.34
93000,0.9158048033714294,0.8675862550735474,0.46
93100,0.9158048033714294,0.8675862550735474,0.44
93200,0.9158048033714294,0.8675862550735474,0.46
93300,0.9158048033714294,0.8675862550735474,0.45
93400,0.9158048033714294,0.8675862550735474,0.48
93500,0.9158048033714294,0.8675862550735474,0.40
93600,0.9158048033714294,0.8675862550735474,0.46
93700,0.9158048033714294,0.8675862550735474,0.47
93800,0.9158048033714294,0.8675862550735474,0.40
93900,0.9158048033714294,0.8675862550735474,0.38
94000,0.9158048033714294,0.8675862550735474,0.44
94100,0.9158048033714294,0.8675862550735474,0.45
94200,0.9158048033714294,0.8675862550735474,0.37
94300,0.9158048033714294,0.8675862550735474,0.47
94400,0.9158048033714294,0.8675862550735474,0.35
94500,0.9158048033714294,0.8675862550735474,0.36
94600,0.9158048033714294,0.8675862550735474,0.42
94700,0.9158048033714294,0.8675862550735474,0.61
94800,0.9158048033714294,0.8675862550735474,0.32
94900,0.9158048033714294,0.8675862550735474,0.44
95000,0.9158048033714294,0.8675862550735474,0.46
95100,0.9158048033714294,0.8675862550735474,0.47
95200,0.9158048033714294,0.8675862550735474,0.46
95300,0.9158048033714294,0.8675862550735474,0.43
95400,0.9158048033714294,0.8675862550735474,0.46
95500,0.9158048033714294,0.8675862550735474,0.45
95600,0.9158048033714294,0.8675862550735474,0.38
95700,0.9158048033714294,0.8675862550735474,0.45
95800,0.9158048033714294,0.8675862550735474,0.33
95900,0.9158048033714294,0.8675862550735474,0.41
96000,0.9158048033714294,0.8675862550735474,0.46
96100,0.9158048033714294,0.8675862550735474,0.46
96200,0.9158048033714294,0.8675862550735474,0.39
96300,0.9158048033714294,0.8675862550735474,0.37
96400,0.9158048033714294,0.8675862550735474,0.45
96500,0.9158048033714294,0.8675862550735474,0.37
96600,0.9158048033714294,0.8675862550735474,0.45
96700,0.9158048033714294,0.8675862550735474,0.45
96800,0.9158048033714294,0.8675862550735474,0.39
96900,0.9158048033714294,0.8675862550735474,0.34
97000,0.9158048033714294,0.8675862550735474,0.42
97100,0.9158048033714294,0.8675862550735474,0.40
97200,0.9158048033714294,0.8675862550735474,0.48
97300,0.9158048033714294,0.8675862550735474,0.45
97400,0.9158048033714294,0.8675862550735474,0.41
97500,0.9158048033714294,0.8675862550735474,0.47
97600,0.9158048033714294,0.8675862550735474,0.44
97700,0.9158048033714294,0.8675862550735474,0.37
97800,0.9158048033714294,0.8675862550735474,0.40
97900,0.9158048033714294,0.8675862550735474,0.31
98000,0.9158048033714294,0.8675862550735474,0.45
98100,0.9158048033714294,0.8675862550735474,0.42
98200,0.9158048033714294,0.8675862550735474,0.48
98300,0.9158048033714294,0.8675862550735474,0.42
98400,0.9158048033714294,0.8675862550735474,0.36
98500,0.9158048033714294,0.8675862550735474,0.37
98600,0.9158048033714294,0.8675862550735474,0.48
98700,0.9158048033714294,0.8675862550735474,0.47
98800,0.9158048033714294,0.8675862550735474,0.42
98900,0.9158048033714294,0.8675862550735474,0.47
99000,0.9158048033714294,0.8675862550735474,0.41
99100,0.9158048033714294,0.8675862550735474,0.43
99200,0.9158048033714294,0.8675862550735474,0.39
99300,0.9158048033714294,0.8675862550735474,0.35
99400,0.9158048033714294,0.8675862550735474,0.46
99500,0.9158048033714294,0.8675862550735474,0.46
99600,0.9158048033714294,0.8675862550735474,0.44
99700,0.9158048033714294,0.8675862550735474,0.47
99800,0.9158048033714294,0.8675862550735474,0.43
99900,0.9158048033714294,0.8675862550735474,0.45
100000,0.9158048033714294,0.8675862550735474,0.46
100100,0.9158048033714294,0.8675862550735474,0.46
100200,0.9158048033714294,0.8675862550735474,0.36
100300,0.9158048033714294,0.8675862550735474,0.43
100400,0.9158048033714294,0.8675862550735474,0.41
100500,0.9158048033714294,0.8675862550735474,0.45
100600,0.9158048033714294,0.8675862550735474,0.38
100700,0.9158048033714294,0.8675862550735474,0.46
100800,0.9158048033714294,0.8675862550735474,0.42
100900,0.9158048033714294,0.8675862550735474,0.46
101000,0.9158048033714294,0.8675862550735474,0.39
101100,0.9158048033714294,0.8675862550735474,0.38
101200,0.9158048033714294,0.8675862550735474,0.45
101300,0.9158048033714294,0.8675862550735474,0.47
101400,0.9158048033714294,0.8675862550735474,0.47
101500,0.9158048033714294,0.8675862550735474,0.38
101600,0.9158048033714294,0.8675862550735474,0.47
101700,0.9158048033714294,0.8675862550735474,0.42
101800,0.9158048033714294,0.8675862550735474,0.33
101900,0.9158048033714294,0.8675862550735474,0.46
102000,0.9158048033714294,0.8675862550735474,0.41
102100,0.9158048033714294,0.8675862550735474,0.46
102200,0.9158048033714294,0.8675862550735474,0.52
102300,0.9158048033714294,0.8675862550735474,0.46
102400,0.9158048033714294,0.8675862550735474,0.43
102500,0.9158048033714294,0.8675862550735474,0.40
102600,0.9158048033714294,0.8675862550735474,0.31
102700,0.9158048033714294,0.8675862550735474,0.36
102800,0.9158048033714294,0.8675862550735474,0.47
102900,0.9158048033714294,0.8675862550735474,0.47
103000,0.9158048033714294,0.8675862550735474,0.46
103100,0.9158048033714294,0.8675862550735474,0.46
103200,0.9158048033714294,0.8675862550735474,0.39
103300,0.9158048033714294,0.8675862550735474,0.39
103400,0.9158048033714294,0.8675862550735474,0.46
103500,0.9158048033714294,0.8675862550735474,0.44
103600,0.9158048033714294,0.8675862550735474,0.44
103700,0.9158048033714294,0.8675862550735474,0.32
103800,0.9158048033714294,0.8675862550735474,0.35
103900,0.9158048033714294,0.8675862550735474,0.35
104000,0.9158048033714294,0.8675862550735474,0.36
104100,0.9158048033714294,0.8675862550735474,0.44
104200,0.9158048033714294,0.8675862550735474,0.44
104300,0.9158048033714294,0.8675862550735474,0.30
104400,0.9158048033714294,0.8675862550735474,0.42
104500,0.9158048033714294,0.8675862550735474,0.37
104600,0.9158048033714294,0.8675862550735474,0.40
104700,0.9158048033714294,0.8675862550735474,0.62
104800,0.9158048033714294,0.8675862550735474,0.45
104900,0.9158048033714294,0.8675862550735474,0.43
105000,0.9158048033714294,0.8675862550735474,0.46
105100,0.9158048033714294,0.8675862550735474,0.43
105200,0.9158048033714294,0.8675862550735474,0.42
105300,0.9158048033714294,0.8675862550735474,0.44
105400,0.9158048033714294,0.8675862550735474,0.32
105500,0.9158048033714294,0.8675862550735474,0.30
105600,0.9158048033714294,0.8675862550735474,0.30
105700,0.9158048033714294,0.8675862550735474,0.44
105800,0.9158048033714294,0.8675862550735474,0.38
105900,0.9158048033714294,0.8675862550735474,0.45
106000,0.9158048033714294,0.8675862550735474,0.46
106100,0.9158048033714294,0.8675862550735474,0.43
106200,0.9158048033714294,0.8675862550735474,0.40
106300,0.9158048033714294,0.8675862550735474,0.44
106400,0.9158048033714294,0.8675862550735474,0.43
106500,0.9158048033714294,0.8675862550735474,0.46
106600,0.9158048033714294,0.8675862550735474,0.46
106700,0.9158048033714294,0.8675862550735474,0.47
106800,0.9158048033714294,0.8675862550735474,0.34
106900,0.9158048033714294,0.8675862550735474,0.40
107000,0.9158048033714294,0.8675862550735474,0.46
107100,0.9158048033714294,0.8675862550735474,0.42
107200,0.9158048033714294,0.8675862550735474,0.60
107300,0.9158048033714294,0.8675862550735474,0.41
107400,0.9158048033714294,0.8675862550735474,0.43
107500,0.9158048033714294,0.8675862550735474,0.45
107600,0.9158048033714294,0.8675862550735474,0.46
107700,0.9158048033714294,0.8675862550735474,0.46
107800,0.9158048033714294,0.8675862550735474,0.38
107900,0.9158048033714294,0.8675862550735474,0.46
108000,0.9158048033714294,0.8675862550735474,0.41
108100,0.9158048033714294,0.8675862550735474,0.46
108200,0.9158048033714294,0.8675862550735474,0.46
108300,0.9158048033714294,0.8675862550735474,0.47
108400,0.9158048033714294,0.8675862550735474,0.46
108500,0.9158048033714294,0.8675862550735474,0.42
108600,0.9158048033714294,0.8675862550735474,0.36
108700,0.9158048033714294,0.8675862550735474,0.46
108800,0.9158048033714294,0.8675862550735474,0.45
108900,0.9158048033714294,0.8675862550735474,0.47
109000,0.9158048033714294,0.8675862550735474,0.44
109100,0.9158048033714294,0.8675862550735474,0.46
109200,0.9158048033714294,0.8675862550735474,0.43
109300,0.9158048033714294,0.8675862550735474,0.30
109400,0.9158048033714294,0.8675862550735474,0.39
109500,0.9158048033714294,0.8675862550735474,0.32
109600,0.9158048033714294,0.8675862550735474,0.35
109700,0.9158048033714294,0.8675862550735474,0.55
109800,0.9158048033714294,0.8675862550735474,0.36
109900,0.9158048033714294,0.8675862550735474,0.41
110000,0.9158048033714294,0.8675862550735474,0.41
110100,0.9158048033714294,0.8675862550735474,0.43
110200,0.9158048033714294,0.8675862550735474,0.43
110300,0.9158048033714294,0.8675862550735474,0.39
110400,0.9158048033714294,0.8675862550735474,0.46
110500,0.9158048033714294,0.8675862550735474,0.46
110600,0.9158048033714294,0.8675862550735474,0.47
110700,0.9158048033714294,0.8675862550735474,0.42
110800,0.9158048033714294,0.8675862550735474,0.46
110900,0.9158048033714294,0.8675862550735474,0.30
111000,0.9158048033714294,0.8675862550735474,0.33
111100,0.9158048033714294,0.8675862550735474,0.38
111200,0.9158048033714294,0.8675862550735474,0.36
111300,0.9158048033714294,0.8675862550735474,0.38
111400,0.9158048033714294,0.8675862550735474,0.42
111500,0.9158048033714294,0.8675862550735474,0.40
111600,0.9158048033714294,0.8675862550735474,0.40
111700,0.9158048033714294,0.8675862550735474,0.39
111800,0.9158048033714294,0.8675862550735474,0.46
111900,0.9158048033714294,0.8675862550735474,0.39
112000,0.9158048033714294,0.8675862550735474,0.49
112100,0.9158048033714294,0.8675862550735474,0.41
112200,0.9158048033714294,0.8675862550735474,0.62
112300,0.9158048033714294,0.8675862550735474,0.47
112400,0.9158048033714294,0.8675862550735474,0.40
112500,0.9158048033714294,0.8675862550735474,0.41
112600,0.9158048033714294,0.8675862550735474,0.46
112700,0.9158048033714294,0.8675862550735474,0.47
112800,0.9158048033714294,0.8675862550735474,0.47
112900,0.9158048033714294,0.8675862550735474,0.47
113000,0.9158048033714294,0.8675862550735474,0.38
113100,0.9158048033714294,0.8675862550735474,0.44
113200,0.9158048033714294,0.8675862550735474,0.44
113300,0.9158048033714294,0.8675862550735474,0.40
113400,0.9158048033714294,0.8675862550735474,0.41
113500,0.9158048033714294,0.8675862550735474,0.47
113600,0.9158048033714294,0.8675862550735474,0.46
113700,0.9158048033714294,0.8675862550735474,0.35
113800,0.9158048033714294,0.8675862550735474,0.40
113900,0.9158048033714294,0.8675862550735474,0.38
114000,0.9158048033714294,0.8675862550735474,0.38
114100,0.9158048033714294,0.8675862550735474,0.45
114200,0.9158048033714294,0.8675862550735474,0.44
114300,0.9158048033714294,0.8675862550735474,0.38
114400,0.9158048033714294,0.8675862550735474,0.47
114500,0.9158048033714294,0.8675862550735474,0.30
114600,0.9158048033714294,0.8675862550735474,0.45
114700,0.9158048033714294,0.8675862550735474,0.48
114800,0.9158048033714294,0.8675862550735474,0.39
114900,0.9158048033714294,0.8675862550735474,0.36
115000,0.9158048033714294,0.8675862550735474,0.40
115100,0.9158048033714294,0.8675862550735474,0.47
115200,0.9158048033714294,0.8675862550735474,0.44
115300,0.9158048033714294,0.8675862550735474,0.34
115400,0.9158048033714294,0.8675862550735474,0.44
115500,0.9158048033714294,0.8675862550735474,0.37
115600,0.9158048033714294,0.8675862550735474,0.42
115700,0.9158048033714294,0.8675862550735474,0.32
115800,0.9158048033714294,0.8675862550735474,0.39
115900,0.9158048033714294,0.8675862550735474,0.46
116000,0.9158048033714294,0.8675862550735474,0.47
116100,0.9158048033714294,0.8675862550735474,0.41
116200,0.9158048033714294,0.8675862550735474,0.36
116300,0.9158048033714294,0.8675862550735474,0.46
116400,0.9158048033714294,0.8675862550735474,0.37
116500,0.9158048033714294,0.8675862550735474,0.46
116600,0.9158048033714294,0.8675862550735474,0.42
116700,0.9158048033714294,0.8675862550735474,0.30
116800,0.9158048033714294,0.8675862550735474,0.46
116900,0.9158048033714294,0.8675862550735474,0.45
117000,0.9158048033714294,0.8675862550735474,0.44
117100,0.9158048033714294,0.8675862550735474,0.44
117200,0.9158048033714294,0.8675862550735474,0.52
117300,0.9158048033714294,0.8675862550735474,0.47
117400,0.9158048033714294,0.8675862550735474,0.40
117500,0.9158048033714294,0.8675862550735474,0.30
117600,0.9158048033714294,0.8675862550735474,0.43
117700,0.9158048033714294,0.8675862550735474,0.40
117800,0.9158048033714294,0.8675862550735474,0.30
117900,0.9158048033714294,0.8675862550735474,0.42
118000,0.9158048033714294,0.8675862550735474,0.48
118100,0.9158048033714294,0.8675862550735474,0.45
118200,0.9158048033714294,0.8675862550735474,0.46
118300,0.9158048033714294,0.8675862550735474,0.46
118400,0.9158048033714294,0.8675862550735474,0.47
118500,0.9158048033714294,0.8675862550735474,0.47
118600,0.9158048033714294,0.8675862550735474,0.46
118700,0.9158048033714294,0.8675862550735474,0.47
118800,0.9158048033714294,0.8675862550735474,0.35
118900,0.9158048033714294,0.8675862550735474,0.37
119000,0.9158048033714294,0.8675862550735474,0.34
119100,0.9158048033714294,0.8675862550735474,0.45
119200,0.9158048033714294,0.8675862550735474,0.32
119300,0.9158048033714294,0.8675862550735474,0.46
119400,0.9158048033714294,0.8675862550735474,0.46
119500,0.9158048033714294,0.8675862550735474,0.46
119600,0.9158048033714294,0.8675862550735474,0.44
119700,0.9158048033714294,0.8675862550735474,0.59
119800,0.9158048033714294,0.8675862550735474,0.32
119900,0.9158048033714294,0.8675862550735474,0.44
120000,0.9158048033714294,0.8675862550735474,0.46
120100,0.9158048033714294,0.8675862550735474,0.45
120200,0.9158048033714294,0.8675862550735474,0.37
120300,0.9158048033714294,0.8675862550735474,0.33
120400,0.9158048033714294,0.8675862550735474,0.43
120500,0.9158048033714294,0.8675862550735474,0.45
120600,0.9158048033714294,0.8675862550735474,0.41
120700,0.9158048033714294,0.8675862550735474,0.48
120800,0.9158048033714294,0.8675862550735474,0.42
120900,0.9158048033714294,0.8675862550735474,0.39
121000,0.9158048033714294,0.8675862550735474,0.46
121100,0.9158048033714294,0.8675862550735474,0.35
121200,0.9158048033714294,0.8675862550735474,0.38
121300,0.9158048033714294,0.8675862550735474,0.40
121400,0.9158048033714294,0.8675862550735474,0.45
121500,0.9158048033714294,0.8675862550735474,0.45
121600,0.9158048033714294,0.8675862550735474,0.32
121700,0.9158048033714294,0.8675862550735474,0.43
121800,0.9158048033714294,0.8675862550735474,0.39
121900,0.9158048033714294,0.8675862550735474,0.38
122000,0.9158048033714294,0.8675862550735474,0.45
122100,0.9158048033714294,0.8675862550735474,0.45
122200,0.9158048033714294,0.8675862550735474,0.60
122300,0.9158048033714294,0.8675862550735474,0.34
122400,0.9158048033714294,0.8675862550735474,0.46
122500,0.9158048033714294,0.8675862550735474,0.46
122600,0.9158048033714294,0.8675862550735474,0.44
122700,0.9158048033714294,0.8675862550735474,0.38
122800,0.9158048033714294,0.8675862550735474,0.39
122900,0.9158048033714294,0.8675862550735474,0.38
123000,0.9158048033714294,0.8675862550735474,0.47
123100,0.9158048033714294,0.8675862550735474,0.46
123200,0.9158048033714294,0.8675862550735474,0.47
123300,0.9158048033714294,0.8675862550735474,0.43
123400,0.9158048033714294,0.8675862550735474,0.37
123500,0.9158048033714294,0.8675862550735474,0.44
123600,0.9158048033714294,0.8675862550735474,0.42
123700,0.9158048033714294,0.8675862550735474,0.46
123800,0.9158048033714294,0.8675862550735474,0.46
123900,0.9158048033714294,0.8675862550735474,0.46
124000,0.9158048033714294,0.8675862550735474,0.42
124100,0.9158048033714294,0.8675862550735474,0.42
124200,0.9158048033714294,0.8675862550735474,0.45
124300,0.9158048033714294,0.8675862550735474,0.46
124400,0.9158048033714294,0.8675862550735474,0.47
124500,0.9158048033714294,0.8675862550735474,0.36
124600,0.9158048033714294,0.8675862550735474,0.44
124700,0.9158048033714294,0.8675862550735474,0.60
124800,0.9158048033714294,0.8675862550735474,0.35
124900,0.9158048033714294,0.8675862550735474,0.40
125000,0.9158048033714294,0.8675862550735474,0.35
125100,0.9158048033714294,0.8675862550735474,0.34
125200,0.9158048033714294,0.8675862550735474,0.46
125300,0.9158048033714294,0.8675862550735474,0.42
125400,0.9158048033714294,0.8675862550735474,0.44
125500,0.9158048033714294,0.8675862550735474,0.47
125600,0.9158048033714294,0.8675862550735474,0.46
125700,0.9158048033714294,0.8675862550735474,0.47
125800,0.9158048033714294,0.8675862550735474,0.45
125900,0.9158048033714294,0.8675862550735474,0.42
126000,0.9158048033714294,0.8675862550735474,0.38
126100,0.9158048033714294,0.8675862550735474,0.46
126200,0.9158048033714294,0.8675862550735474,0.46
126300,0.9158048033714294,0.8675862550735474,0.45
126400,0.9158048033714294,0.8675862550735474,0.44
126500,0.9158048033714294,0.8675862550735474,0.39
126600,0.9158048033714294,0.8675862550735474,0.36
126700,0.9158048033714294,0.8675862550735474,0.45
126800,0.9158048033714294,0.8675862550735474,0.47
126900,0.9158048033714294,0.8675862550735474,0.35
127000,0.9158048033714294,0.8675862550735474,0.38
127100,0.9158048033714294,0.8675862550735474,0.47
127200,0.9158048033714294,0.8675862550735474,0.54
127300,0.9158048033714294,0.8675862550735474,0.30
127400,0.9158048033714294,0.8675862550735474,0.40
127500,0.9158048033714294,0.8675862550735474,0.40
127600,0.9158048033714294,0.8675862550735474,0.44
127700,0.9158048033714294,0.8675862550735474,0.42
127800,0.9158048033714294,0.8675862550735474,0.45
127900,0.9158048033714294,0.8675862550735474,0.46
128000,0.9158048033714294,0.8675862550735474,0.43
128100,0.9158048033714294,0.8675862550735474,0.37
128200,0.9158048033714294,0.8675862550735474,0.47
128300,0.9158048033714294,0.8675862550735474,0.45
128400,0.9158048033714294,0.8675862550735474,0.43
128500,0.9158048033714294,0.8675862550735474,0.41
128600,0.9158048033714294,0.8675862550735474,0.42
128700,0.9158048033714294,0.8675862550735474,0.45
128800,0.9158048033714294,0.8675862550735474,0.46
128900,0.9158048033714294,0.8675862550735474,0.45
129000,0.9158048033714294,0.8675862550735474,0.47
129100,0.9158048033714294,0.8675862550735474,0.46
129200,0.9158048033714294,0.8675862550735474,0.45
129300,0.9158048033714294,0.8675862550735474,0.46
129400,0.9158048033714294,0.8675862550735474,0.46
129500,0.9158048033714294,0.8675862550735474,0.47
129600,0.9158048033714294,0.8675862550735474,0.45
129700,0.9158048033714294,0.8675862550735474,0.61
129800,0.9158048033714294,0.8675862550735474,0.42
129900,0.9158048033714294,0.8675862550735474,0.39
130000,0.9158048033714294,0.8675862550735474,0.37
130100,0.9158048033714294,0.8675862550735474,0.48
130200,0.9158048033714294,0.8675862550735474,0.39
130300,0.9158048033714294,0.8675862550735474,0.37
130400,0.9158048033714294,0.8675862550735474,0.38
130500,0.9158048033714294,0.8675862550735474,0.45
130600,0.9158048033714294,0.8675862550735474,0.45
130700,0.9158048033714294,0.8675862550735474,0.37
130800,0.9158048033714294,0.8675862550735474,0.39
130900,0.9158048033714294,0.8675862550735474,0.31
131000,0.9158048033714294,0.8675862550735474,0.38
131100,0.9158048033714294,0.8675862550735474,0.33
131200,0.9158048033714294,0.8675862550735474,0.46
131300,0.9158048033714294,0.8675862550735474,0.39
131400,0.9158048033714294,0.8675862550735474,0.47
131500,0.9158048033714294,0.8675862550735474,0.38
131600,0.9158048033714294,0.8675862550735474,0.48
131700,0.9158048033714294,0.8675862550735474,0.43
131800,0.9158048033714294,0.8675862550735474,0.42
131900,0.9158048033714294,0.8675862550735474,0.48
132000,0.9158048033714294,0.8675862550735474,0.44
132100,0.9158048033714294,0.8675862550735474,0.46
132200,0.9158048033714294,0.8675862550735474,0.60
132300,0.9158048033714294,0.8675862550735474,0.46
132400,0.9158048033714294,0.8675862550735474,0.42
132500,0.9158048033714294,0.8675862550735474,0.39
132600,0.9158048033714294,0.8675862550735474,0.41
132700,0.9158048033714294,0.8675862550735474,0.45
132800,0.9158048033714294,0.8675862550735474,0.40
132900,0.9158048033714294,0.8675862550735474,0.44
133000,0.9158048033714294,0.8675862550735474,0.45
133100,0.9158048033714294,0.8675862550735474,0.43
133200,0.9158048033714294,0.8675862550735474,0.43
133300,0.9158048033714294,0.8675862550735474,0.46
133400,0.9158048033714294,0.8675862550735474,0.39
133500,0.9158048033714294,0.8675862550735474,0.35
133600,0.9158048033714294,0.8675862550735474,0.43
133700,0.9158048033714294,0.8675862550735474,0.46
133800,0.9158048033714294,0.8675862550735474,0.43
133900,0.9158048033714294,0.8675862550735474,0.41
134000,0.9158048033714294,0.8675862550735474,0.44
134100,0.9158048033714294,0.8675862550735474,0.42
134200,0.9158048033714294,0.8675862550735474,0.47
134300,0.9158048033714294,0.8675862550735474,0.45
134400,0.9158048033714294,0.8675862550735474,0.40
134500,0.9158048033714294,0.8675862550735474,0.46
134600,0.9158048033714294,0.8675862550735474,0.31
134700,0.9158048033714294,0.8675862550735474,0.62
134800,0.9158048033714294,0.8675862550735474,0.43
134900,0.9158048033714294,0.8675862550735474,0.42
135000,0.9158048033714294,0.8675862550735474,0.45
135100,0.9158048033714294,0.8675862550735474,0.40
135200,0.9158048033714294,0.8675862550735474,0.37
135300,0.9158048033714294,0.8675862550735474,0.44
135400,0.9158048033714294,0.8675862550735474,0.45
135500,0.9158048033714294,0.8675862550735474,0.31
135600,0.9158048033714294,0.8675862550735474,0.41
135700,0.9158048033714294,0.8675862550735474,0.42
135800,0.9158048033714294,0.8675862550735474,0.47
135900,0.9158048033714294,0.8675862550735474,0.42
136000,0.9158048033714294,0.8675862550735474,0.36
136100,0.9158048033714294,0.8675862550735474,0.44
136200,0.9158048033714294,0.8675862550735474,0.40
136300,0.9158048033714294,0.8675862550735474,0.39
136400,0.9158048033714294,0.8675862550735474,0.45
136500,0.9158048033714294,0.8675862550735474,0.43
136600,0.9158048033714294,0.8675862550735474,0.42
136700,0.9158048033714294,0.8675862550735474,0.39
136800,0.9158048033714294,0.8675862550735474,0.47
136900,0.9158048033714294,0.8675862550735474,0.44
137000,0.9158048033714294,0.8675862550735474,0.48
137100,0.9158048033714294,0.8675862550735474,0.44
137200,0.9158048033714294,0.8675862550735474,0.55
137300,0.9158048033714294,0.8675862550735474,0.46
137400,0.9158048033714294,0.8675862550735474,0.33
137500,0.9158048033714294,0.8675862550735474,0.39
137600,0.9158048033714294,0.8675862550735474,0.42
137700,0.9158048033714294,0.8675862550735474,0.42
137800,0.9158048033714294,0.8675862550735474,0.44
137900,0.9158048033714294,0.8675862550735474,0.37
138000,0.9158048033714294,0.8675862550735474,0.38
138100,0.9158048033714294,0.8675862550735474,0.34
138200,0.9158048033714294,0.8675862550735474,0.37
138300,0.9158048033714294,0.8675862550735474,0.44
138400,0.9158048033714294,0.8675862550735474,0.46
138500,0.9158048033714294,0.8675862550735474,0.42
138600,0.9158048033714294,0.8675862550735474,0.43
138700,0.9158048033714294,0.8675862550735474,0.44
138800,0.9158048033714294,0.8675862550735474,0.42
138900,0.9158048033714294,0.8675862550735474,0.49
139000,0.9158048033714294,0.8675862550735474,0.43
139100,0.9158048033714294,0.8675862550735474,0.46
139200,0.9158048033714294,0.8675862550735474,0.42
139300,0.9158048033714294,0.8675862550735474,0.32
139400,0.9158048033714294,0.8675862550735474,0.45
139500,0.9158048033714294,0.8675862550735474,0.41
139600,0.9158048033714294,0.8675862550735474,0.44
139700,0.9158048033714294,0.8675862550735474,0.52
139800,0.9158048033714294,0.8675862550735474,0.43
139900,0.9158048033714294,0.8675862550735474,0.47
140000,0.9158048033714294,0.8675862550735474,0.44
140100,0.9158048033714294,0.8675862550735474,0.47
140200,0.9158048033714294,0.8675862550735474,0.45
140300,0.9158048033714294,0.8675862550735474,0.47
140400,0.9158048033714294,0.8675862550735474,0.39
140500,0.9158048033714294,0.8675862550735474,0.42
140600,0.9158048033714294,0.8675862550735474,0.48
140700,0.9158048033714294,0.8675862550735474,0.43
140800,0.9158048033714294,0.8675862550735474,0.46
140900,0.9158048033714294,0.8675862550735474,0.43
141000,0.9158048033714294,0.8675862550735474,0.39
141100,0.9158048033714294,0.8675862550735474,0.45
141200,0.9158048033714294,0.8675862550735474,0.47
141300,0.9158048033714294,0.8675862550735474,0.46
141400,0.9158048033714294,0.8675862550735474,0.44
141500,0.9158048033714294,0.8675862550735474,0.45
141600,0.9158048033714294,0.8675862550735474,0.47
141700,0.9158048033714294,0.8675862550735474,0.37
141800,0.9158048033714294,0.8675862550735474,0.47
141900,0.9158048033714294,0.8675862550735474,0.46
142000,0.9158048033714294,0.8675862550735474,0.45
142100,0.9158048033714294,0.8675862550735474,0.39
142200,0.9158048033714294,0.8675862550735474,0.61
142300,0.9158048033714294,0.8675862550735474,0.45
142400,0.9158048033714294,0.8675862550735474,0.47
142500,0.9158048033714294,0.8675862550735474,0.41
142600,0.9158048033714294,0.8675862550735474,0.41
142700,0.9158048033714294,0.8675862550735474,0.38
142800,0.9158048033714294,0.8675862550735474,0.43
142900,0.9158048033714294,0.8675862550735474,0.46
143000,0.9158048033714294,0.8675862550735474,0.41
143100,0.9158048033714294,0.8675862550735474,0.41
143200,0.9158048033714294,0.8675862550735474,0.37
143300,0.9158048033714294,0.8675862550735474,0.37
143400,0.9158048033714294,0.8675862550735474,0.45
143500,0.9158048033714294,0.8675862550735474,0.47
143600,0.9158048033714294,0.8675862550735474,0.43
143700,0.9158048033714294,0.8675862550735474,0.38
143800,0.9158048033714294,0.8675862550735474,0.39
143900,0.9158048033714294,0.8675862550735474,0.42
144000,0.9158048033714294,0.8675862550735474,0.46
144100,0.9158048033714294,0.8675862550735474,0.47
144200,0.9158048033714294,0.8675862550735474,0.46
144300,0.9158048033714294,0.8675862550735474,0.45
144400,0.9158048033714294,0.8675862550735474,0.46
144500,0.9158048033714294,0.8675862550735474,0.47
144600,0.9158048033714294,0.8675862550735474,0.46
144700,0.9158048033714294,0.8675862550735474,0.56
144800,0.9158048033714294,0.8675862550735474,0.43
144900,0.9158048033714294,0.8675862550735474,0.36
145000,0.9158048033714294,0.8675862550735474,0.46
145100,0.9158048033714294,0.8675862550735474,0.40
145200,0.9158048033714294,0.8675862550735474,0.44
145300,0.9158048033714294,0.8675862550735474,0.35
145400,0.9158048033714294,0.8675862550735474,0.34
145500,0.9158048033714294,0.8675862550735474,0.44
145600,0.9158048033714294,0.8675862550735474,0.40
145700,0.9158048033714294,0.8675862550735474,0.47
145800,0.9158048033714294,0.8675862550735474,0.46
145900,0.9158048033714294,0.8675862550735474,0.39
146000,0.9158048033714294,0.8675862550735474,0.43
146100,0.9158048033714294,0.8675862550735474,0.42
146200,0.9158048033714294,0.8675862550735474,0.47
146300,0.9158048033714294,0.8675862550735474,0.46
146400,0.9158048033714294,0.8675862550735474,0.39
146500,0.9158048033714294,0.8675862550735474,0.36
146600,0.9158048033714294,0.8675862550735474,0.43
146700,0.9158048033714294,0.8675862550735474,0.43
146800,0.9158048033714294,0.8675862550735474,0.46
146900,0.9158048033714294,0.8675862550735474,0.42
147000,0.9158048033714294,0.8675862550735474,0.38
147100,0.9158048033714294,0.8675862550735474,0.33
147200,0.9158048033714294,0.8675862550735474,0.62
147300,0.9158048033714294,0.8675862550735474,0.40
147400,0.9158048033714294,0.8675862550735474,0.32
147500,0.9158048033714294,0.8675862550735474,0.37
147600,0.9158048033714294,0.8675862550735474,0.41
147700,0.9158048033714294,0.8675862550735474,0.46
147800,0.9158048033714294,0.8675862550735474,0.35
147900,0.9158048033714294,0.8675862550735474,0.45
148000,0.9158048033714294,0.8675862550735474,0.31
148100,0.9158048033714294,0.8675862550735474,0.46
148200,0.9158048033714294,0.8675862550735474,0.43
148300,0.9158048033714294,0.8675862550735474,0.43
148400,0.9158048033714294,0.8675862550735474,0.46
148500,0.9158048033714294,0.8675862550735474,0.45
148600,0.9158048033714294,0.8675862550735474,0.37
148700,0.9158048033714294,0.8675862550735474,0.42
148800,0.9158048033714294,0.8675862550735474,0.38
148900,0.9158048033714294,0.8675862550735474,0.46
149000,0.9158048033714294,0.8675862550735474,0.44
149100,0.9158048033714294,0.8675862550735474,0.42
149200,0.9158048033714294,0.8675862550735474,0.45
149300,0.9158048033714294,0.8675862550735474,0.47
149400,0.9158048033714294,0.8675862550735474,0.44
149500,0.9158048033714294,0.8675862550735474,0.39
149600,0.9158048033714294,0.8675862550735474,0.39
149700,0.9158048033714294,0.8675862550735474,0.57
149800,0.9158048033714294,0.8675862550735474,0.44
149900,0.9158048033714294,0.8675862550735474,0.45
150000,0.9158048033714294,0.8675862550735474,0.44
150100,0.9158048033714294,0.8675862550735474,0.41
150200,0.9158048033714294,0.8675862550735474,0.46
150300,0.9158048033714294,0.8675862550735474,0.46
150400,0.9158048033714294,0.8675862550735474,0.47
150500,0.9158048033714294,0.8675862550735474,0.42
150600,0.9158048033714294,0.8675862550735474,0.37
150700,0.9158048033714294,0.8675862550735474,0.41
150800,0.9158048033714294,0.8675862550735474,0.47
150900,0.9158048033714294,0.8675862550735474,0.47
151000,0.9158048033714294,0.8675862550735474,0.40
151100,0.9158048033714294,0.8675862550735474,0.45
151200,0.9158048033714294,0.8675862550735474,0.43
151300,0.9158048033714294,0.8675862550735474,0.31
151400,0.9158048033714294,0.8675862550735474,0.38
151500,0.9158048033714294,0.8675862550735474,0.48
151600,0.9158048033714294,0.8675862550735474,0.46
151700,0.9158048033714294,0.8675862550735474,0.45
151800,0.9158048033714294,0.8675862550735474,0.44
151900,0.9158048033714294,0.8675862550735474,0.43
152000,0.9158048033714294,0.8675862550735474,0.47
152100,0.9158048033714294,0.8675862550735474,0.38
152200,0.9158048033714294,0.8675862550735474,0.55
152300,0.9158048033714294,0.8675862550735474,0.37
152400,0.9158048033714294,0.8675862550735474,0.40
152500,0.9158048033714294,0.8675862550735474,0.40
152600,0.9158048033714294,0.8675862550735474,0.46
152700,0.9158048033714294,0.8675862550735474,0.36
152800,0.9158048033714294,0.8675862550735474,0.45
152900,0.9158048033714294,0.8675862550735474,0.46
153000,0.9158048033714294,0.8675862550735474,0.38
153100,0.9158048033714294,0.8675862550735474,0.42
153200,0.9158048033714294,0.8675862550735474,0.49
153300,0.9158048033714294,0.8675862550735474,0.30
153400,0.9158048033714294,0.8675862550735474,0.46
153500,0.9158048033714294,0.8675862550735474,0.37
153600,0.9158048033714294,0.8675862550735474,0.37
153700,0.9158048033714294,0.8675862550735474,0.46
153800,0.9158048033714294,0.8675862550735474,0.46
153900,0.9158048033714294,0.8675862550735474,0.39
154000,0.9158048033714294,0.8675862550735474,0.40
154100,0.9158048033714294,0.8675862550735474,0.46
154200,0.9158048033714294,0.8675862550735474,0.36
154300,0.9158048033714294,0.8675862550735474,0.43
154400,0.9158048033714294,0.8675862550735474,0.41
154500,0.9158048033714294,0.8675862550735474,0.39
154600,0.9158048033714294,0.8675862550735474,0.45
154700,0.9158048033714294,0.8675862550735474,0.52
154800,0.9158048033714294,0.8675862550735474,0.36
154900,0.9158048033714294,0.8675862550735474,0.43
155000,0.9158048033714294,0.8675862550735474,0.41
155100,0.9158048033714294,0.8675862550735474,0.46
155200,0.9158048033714294,0.8675862550735474,0.47
155300,0.9158048033714294,0.8675862550735474,0.45
155400,0.9158048033714294,0.8675862550735474,0.38
155500,0.9158048033714294,0.8675862550735474,0.41
155600,0.9158048033714294,0.8675862550735474,0.46
155700,0.9158048033714294,0.8675862550735474,0.46
155800,0.9158048033714294,0.8675862550735474,0.45
155900,0.9158048033714294,0.8675862550735474,0.33
156000,0.9158048033714294,0.8675862550735474,0.30
156100,0.9158048033714294,0.8675862550735474,0.44
156200,0.9158048033714294,0.8675862550735474,0.48
156300,0.9158048033714294,0.8675862550735474,0.46
156400,0.9158048033714294,0.8675862550735474,0.40
156500,0.9158048033714294,0.8675862550735474,0.39
156600,0.9158048033714294,0.8675862550735474,0.43
156700,0.9158048033714294,0.8675862550735474,0.47
156800,0.9158048033714294,0.8675862550735474,0.44
156900,0.9158048033714294,0.8675862550735474,0.31
157000,0.9158048033714294,0.8675862550735474,0.46
157100,0.9158048033714294,0.8675862550735474,0.39
157200,0.9158048033714294,0.8675862550735474,0.58
157300,0.9158048033714294,0.8675862550735474,0.39
157400,0.9158048033714294,0.8675862550735474,0.38
157500,0.9158048033714294,0.8675862550735474,0.44
157600,0.9158048033714294,0.8675862550735474,0.42
157700,0.9158048033714294,0.8675862550735474,0.46
157800,0.9158048033714294,0.8675862550735474,0.41
157900,0.9158048033714294,0.8675862550735474,0.39
158000,0.9158048033714294,0.8675862550735474,0.47
158100,0.9158048033714294,0.8675862550735474,0.48
158200,0.9158048033714294,0.8675862550735474,0.40
158300,0.9158048033714294,0.8675862550735474,0.45
158400,0.9158048033714294,0.8675862550735474,0.36
158500,0.9158048033714294,0.8675862550735474,0.40
158600,0.9158048033714294,0.8675862550735474,0.34
158700,0.9158048033714294,0.8675862550735474,0.46
158800,0.9158048033714294,0.8675862550735474,0.42
158900,0.9158048033714294,0.8675862550735474,0.45
159000,0.9158048033714294,0.8675862550735474,0.34
159100,0.9158048033714294,0.8675862550735474,0.36
159200,0.9158048033714294,0.8675862550735474,0.36
159300,0.9158048033714294,0.8675862550735474,0.35
159400,0.9158048033714294,0.8675862550735474,0.36
159500,0.9158048033714294,0.8675862550735474,0.46
159600,0.9158048033714294,0.8675862550735474,0.46
159700,0.9158048033714294,0.8675862550735474,0.52
159800,0.9158048033714294,0.8675862550735474,0.46
159900,0.9158048033714294,0.8675862550735474,0.42
160000,0.9158048033714294,0.8675862550735474,0.39
160100,0.9158048033714294,0.8675862550735474,0.43
160200,0.9158048033714294,0.8675862550735474,0.47
160300,0.9158048033714294,0.8675862550735474,0.47
160400,0.9158048033714294,0.8675862550735474,0.46
160500,0.9158048033714294,0.8675862550735474,0.45
160600,0.9158048033714294,0.8675862550735474,0.39
160700,0.9158048033714294,0.8675862550735474,0.41
160800,0.9158048033714294,0.8675862550735474,0.41
160900,0.9158048033714294,0.8675862550735474,0.38
161000,0.9158048033714294,0.8675862550735474,0.45
161100,0.9158048033714294,0.8675862550735474,0.45
161200,0.9158048033714294,0.8675862550735474,0.38
161300,0.9158048033714294,0.8675862550735474,0.44
161400,0.9158048033714294,0.8675862550735474,0.37
161500,0.9158048033714294,0.8675862550735474,0.42
161600,0.9158048033714294,0.8675862550735474,0.46
161700,0.9158048033714294,0.8675862550735474,0.45
161800,0.9158048033714294,0.8675862550735474,0.45
161900,0.9158048033714294,0.8675862550735474,0.39
162000,0.9158048033714294,0.8675862550735474,0.35
162100,0.9158048033714294,0.8675862550735474,0.43
162200,0.9158048033714294,0.8675862550735474,0.49
162300,0.9158048033714294,0.8675862550735474,0.46
162400,0.9158048033714294,0.8675862550735474,0.47
162500,0.9158048033714294,0.8675862550735474,0.45
162600,0.9158048033714294,0.8675862550735474,0.45
162700,0.9158048033714294,0.8675862550735474,0.40
162800,0.9158048033714294,0.8675862550735474,0.45
162900,0.9158048033714294,0.8675862550735474,0.41
163000,0.9158048033714294,0.8675862550735474,0.38
163100,0.9158048033714294,0.8675862550735474,0.41
163200,0.9158048033714294,0.8675862550735474,0.34
163300,0.9158048033714294,0.8675862550735474,0.46
163400,0.9158048033714294,0.8675862550735474,0.37
163500,0.9158048033714294,0.8675862550735474,0.32
163600,0.9158048033714294,0.8675862550735474,0.39
163700,0.9158048033714294,0.8675862550735474,0.47
163800,0.9158048033714294,0.8675862550735474,0.40
163900,0.9158048033714294,0.8675862550735474,0.41
164000,0.9158048033714294,0.8675862550735474,0.36
164100,0.9158048033714294,0.8675862550735474,0.37
164200,0.9158048033714294,0.8675862550735474,0.38
164300,0.9158048033714294,0.8675862550735474,0.42
164400,0.9158048033714294,0.8675862550735474,0.46
164500,0.9158048033714294,0.8675862550735474,0.40
164600,0.9158048033714294,0.8675862550735474,0.47
164700,0.9158048033714294,0.8675862550735474,0.61
164800,0.9158048033714294,0.8675862550735474,0.46
164900,0.9158048033714294,0.8675862550735474,0.43
165000,0.9158048033714294,0.8675862550735474,0.45
165100,0.9158048033714294,0.8675862550735474,0.39
165200,0.9158048033714294,0.8675862550735474,0.36
165300,0.9158048033714294,0.8675862550735474,0.45
165400,0.9158048033714294,0.8675862550735474,0.39
165500,0.9158048033714294,0.8675862550735474,0.33
165600,0.9158048033714294,0.8675862550735474,0.46
165700,0.9158048033714294,0.8675862550735474,0.47
165800,0.9158048033714294,0.8675862550735474,0.48
165900,0.9158048033714294,0.8675862550735474,0.45
166000,0.9158048033714294,0.8675862550735474,0.37
166100,0.9158048033714294,0.8675862550735474,0.40
166200,0.9158048033714294,0.8675862550735474,0.41
166300,0.9158048033714294,0.8675862550735474,0.46
166400,0.9158048033714294,0.8675862550735474,0.37
166500,0.9158048033714294,0.8675862550735474,0.44
166600,0.9158048033714294,0.8675862550735474,0.46
166700,0.9158048033714294,0.8675862550735474,0.31
166800,0.9158048033714294,0.8675862550735474,0.34
166900,0.9158048033714294,0.8675862550735474,0.30
167000,0.9158048033714294,0.8675862550735474,0.48
167100,0.9158048033714294,0.8675862550735474,0.38
167200,0.9158048033714294,0.8675862550735474,0.63
167300,0.9158048033714294,0.8675862550735474,0.47
167400,0.9158048033714294,0.8675862550735474,0.38
167500,0.9158048033714294,0.8675862550735474,0.37
167600,0.9158048033714294,0.8675862550735474,0.43
167700,0.9158048033714294,0.8675862550735474,0.46
167800,0.9158048033714294,0.8675862550735474,0.47
167900,0.9158048033714294,0.8675862550735474,0.47
168000,0.9158048033714294,0.8675862550735474,0.45
168100,0.9158048033714294,0.8675862550735474,0.46
168200,0.9158048033714294,0.8675862550735474,0.46
168300,0.9158048033714294,0.8675862550735474,0.46
168400,0.9158048033714294,0.8675862550735474,0.46
168500,0.9158048033714294,0.8675862550735474,0.46
168600,0.9158048033714294,0.8675862550735474,0.45
168700,0.9158048033714294,0.8675862550735474,0.47
168800,0.9158048033714294,0.8675862550735474,0.47
168900,0.9158048033714294,0.8675862550735474,0.43
169000,0.9158048033714294,0.8675862550735474,0.31
169100,0.9158048033714294,0.8675862550735474,0.45
169200,0.9158048033714294,0.8675862550735474,0.44
169300,0.9158048033714294,0.8675862550735474,0.46
169400,0.9158048033714294,0.8675862550735474,0.46
169500,0.9158048033714294,0.8675862550735474,0.33
169600,0.9158048033714294,0.8675862550735474,0.46
169700,0.9158048033714294,0.8675862550735474,0.54
169800,0.9158048033714294,0.8675862550735474,0.46
169900,0.9158048033714294,0.8675862550735474,0.44
170000,0.9158048033714294,0.8675862550735474,0.43
170100,0.9158048033714294,0.8675862550735474,0.41
170200,0.9158048033714294,0.8675862550735474,0.45
170300,0.9158048033714294,0.8675862550735474,0.34
170400,0.9158048033714294,0.8675862550735474,0.46
170500,0.9158048033714294,0.8675862550735474,0.31
170600,0.9158048033714294,0.8675862550735474,0.39
170700,0.9158048033714294,0.8675862550735474,0.41
170800,0.9158048033714294,0.8675862550735474,0.44
170900,0.9158048033714294,0.8675862550735474,0.43
171000,0.9158048033714294,0.8675862550735474,0.44
171100,0.9158048033714294,0.8675862550735474,0.46
171200,0.9158048033714294,0.8675862550735474,0.47
171300,0.9158048033714294,0.8675862550735474,0.46
171400,0.9158048033714294,0.8675862550735474,0.45
171500,0.9158048033714294,0.8675862550735474,0.46
171600,0.9158048033714294,0.8675862550735474,0.34
171700,0.9158048033714294,0.8675862550735474,0.39
171800,0.9158048033714294,0.8675862550735474,0.45
171900,0.9158048033714294,0.8675862550735474,0.39
172000,0.9158048033714294,0.8675862550735474,0.46
172100,0.9158048033714294,0.8675862550735474,0.41
172200,0.9158048033714294,0.8675862550735474,0.61
172300,0.9158048033714294,0.8675862550735474,0.40
172400,0.9158048033714294,0.8675862550735474,0.47
172500,0.9158048033714294,0.8675862550735474,0.44
172600,0.9158048033714294,0.8675862550735474,0.47
172700,0.9158048033714294,0.8675862550735474,0.32
172800,0.9158048033714294,0.8675862550735474,0.43
172900,0.9158048033714294,0.8675862550735474,0.36
173000,0.9158048033714294,0.8675862550735474,0.48
173100,0.9158048033714294,0.8675862550735474,0.47
173200,0.9158048033714294,0.8675862550735474,0.40
173300,0.9158048033714294,0.8675862550735474,0.30
173400,0.9158048033714294,0.8675862550735474,0.35
173500,0.9158048033714294,0.8675862550735474,0.42
173600,0.9158048033714294,0.8675862550735474,0.44
173700,0.9158048033714294,0.8675862550735474,0.33
173800,0.9158048033714294,0.8675862550735474,0.47
173900,0.9158048033714294,0.8675862550735474,0.45
174000,0.9158048033714294,0.8675862550735474,0.38
174100,0.9158048033714294,0.8675862550735474,0.47
174200,0.9158048033714294,0.8675862550735474,0.47
174300,0.9158048033714294,0.8675862550735474,0.45
174400,0.9158048033714294,0.8675862550735474,0.43
174500,0.9158048033714294,0.8675862550735474,0.43
174600,0.9158048033714294,0.8675862550735474,0.42
174700,0.9158048033714294,0.8675862550735474,0.60
174800,0.9158048033714294,0.8675862550735474,0.41
174900,0.9158048033714294,0.8675862550735474,0.38
175000,0.9158048033714294,0.8675862550735474,0.46
175100,0.9158048033714294,0.8675862550735474,0.46
175200,0.9158048033714294,0.8675862550735474,0.46
175300,0.9158048033714294,0.8675862550735474,0.45
175400,0.9158048033714294,0.8675862550735474,0.38
175500,0.9158048033714294,0.8675862550735474,0.40
175600,0.9158048033714294,0.8675862550735474,0.46
175700,0.9158048033714294,0.8675862550735474,0.46
175800,0.9158048033714294,0.8675862550735474,0.41
175900,0.9158048033714294,0.8675862550735474,0.44
176000,0.9158048033714294,0.8675862550735474,0.44
176100,0.9158048033714294,0.8675862550735474,0.43
176200,0.9158048033714294,0.8675862550735474,0.44
176300,0.9158048033714294,0.8675862550735474,0.40
176400,0.9158048033714294,0.8675862550735474,0.38
176500,0.9158048033714294,0.8675862550735474,0.47
176600,0.9158048033714294,0.8675862550735474,0.43
176700,0.9158048033714294,0.8675862550735474,0.40
176800,0.9158048033714294,0.8675862550735474,0.38
176900,0.9158048033714294,0.8675862550735474,0.41
177000,0.9158048033714294,0.8675862550735474,0.43
177100,0.9158048033714294,0.8675862550735474,0.35
177200,0.9158048033714294,0.8675862550735474,0.58
177300,0.9158048033714294,0.8675862550735474,0.39
177400,0.9158048033714294,0.8675862550735474,0.44
177500,0.9158048033714294,0.8675862550735474,0.43
177600,0.9158048033714294,0.8675862550735474,0.40
177700,0.9158048033714294,0.8675862550735474,0.42
177800,0.9158048033714294,0.8675862550735474,0.39
177900,0.9158048033714294,0.8675862550735474,0.38
178000,0.9158048033714294,0.8675862550735474,0.35
178100,0.9158048033714294,0.8675862550735474,0.39
178200,0.9158048033714294,0.8675862550735474,0.38
178300,0.9158048033714294,0.8675862550735474,0.40
178400,0.9158048033714294,0.8675862550735474,0.43
178500,0.9158048033714294,0.8675862550735474,0.35
178600,0.9158048033714294,0.8675862550735474,0.47
178700,0.9158048033714294,0.8675862550735474,0.42
178800,0.9158048033714294,0.8675862550735474,0.40
178900,0.9158048033714294,0.8675862550735474,0.40
179000,0.9158048033714294,0.8675862550735474,0.30
179100,0.9158048033714294,0.8675862550735474,0.45
179200,0.9158048033714294,0.8675862550735474,0.39
179300,0.9158048033714294,0.8675862550735474,0.46
179400,0.9158048033714294,0.8675862550735474,0.46
179500,0.9158048033714294,0.8675862550735474,0.37
179600,0.9158048033714294,0.8675862550735474,0.47
179700,0.9158048033714294,0.8675862550735474,0.60
179800,0.9158048033714294,0.8675862550735474,0.46
179900,0.9158048033714294,0.8675862550735474,0.44
180000,0.9158048033714294,0.8675862550735474,0.41
180100,0.9158048033714294,0.8675862550735474,0.44
180200,0.9158048033714294,0.8675862550735474,0.47
180300,0.9158048033714294,0.8675862550735474,0.36
180400,0.9158048033714294,0.8675862550735474,0.41
180500,0.9158048033714294,0.8675862550735474,0.30
180600,0.9158048033714294,0.8675862550735474,0.46
180700,0.9158048033714294,0.8675862550735474,0.40
180800,0.9158048033714294,0.8675862550735474,0.44
180900,0.9158048033714294,0.8675862550735474,0.39
181000,0.9158048033714294,0.8675862550735474,0.47
181100,0.9158048033714294,0.8675862550735474,0.41
181200,0.9158048033714294,0.8675862550735474,0.41
181300,0.9158048033714294,0.8675862550735474,0.30
181400,0.9158048033714294,0.8675862550735474,0.39
181500,0.9158048033714294,0.8675862550735474,0.44
181600,0.9158048033714294,0.8675862550735474,0.46
181700,0.9158048033714294,0.8675862550735474,0.38
181800,0.9158048033714294,0.8675862550735474,0.36
181900,0.9158048033714294,0.8675862550735474,0.43
182000,0.9158048033714294,0.8675862550735474,0.47
182100,0.9158048033714294,0.8675862550735474,0.44
182200,0.9158048033714294,0.8675862550735474,0.54
182300,0.9158048033714294,0.8675862550735474,0.44
182400,0.9158048033714294,0.8675862550735474,0.46
182500,0.9158048033714294,0.8675862550735474,0.46
182600,0.9158048033714294,0.8675862550735474,0.44
182700,0.9158048033714294,0.8675862550735474,0.31
182800,0.9158048033714294,0.8675862550735474,0.44
182900,0.9158048033714294,0.8675862550735474,0.41
183000,0.9158048033714294,0.8675862550735474,0.48
183100,0.9158048033714294,0.8675862550735474,0.40
183200,0.9158048033714294,0.8675862550735474,0.46
183300,0.9158048033714294,0.8675862550735474,0.38
183400,0.9158048033714294,0.8675862550735474,0.38
183500,0.9158048033714294,0.8675862550735474,0.33
183600,0.9158048033714294,0.8675862550735474,0.39
183700,0.9158048033714294,0.8675862550735474,0.40
183800,0.9158048033714294,0.8675862550735474,0.46
183900,0.9158048033714294,0.8675862550735474,0.35
184000,0.9158048033714294,0.8675862550735474,0.41
184100,0.9158048033714294,0.8675862550735474,0.47
184200,0.9158048033714294,0.8675862550735474,0.46
184300,0.9158048033714294,0.8675862550735474,0.45
184400,0.9158048033714294,0.8675862550735474,0.48
184500,0.9158048033714294,0.8675862550735474,0.42
184600,0.9158048033714294,0.8675862550735474,0.46
184700,0.9158048033714294,0.8675862550735474,0.56
184800,0.9158048033714294,0.8675862550735474,0.46
184900,0.9158048033714294,0.8675862550735474,0.46
185000,0.9158048033714294,0.8675862550735474,0.44
185100,0.9158048033714294,0.8675862550735474,0.46
185200,0.9158048033714294,0.8675862550735474,0.43
185300,0.9158048033714294,0.8675862550735474,0.46
185400,0.9158048033714294,0.8675862550735474,0.45
185500,0.9158048033714294,0.8675862550735474,0.46
185600,0.9158048033714294,0.8675862550735474,0.42
185700,0.9158048033714294,0.8675862550735474,0.43
185800,0.9158048033714294,0.8675862550735474,0.46
185900,0.9158048033714294,0.8675862550735474,0.47
186000,0.9158048033714294,0.8675862550735474,0.47
186100,0.9158048033714294,0.8675862550735474,0.38
186200,0.9158048033714294,0.8675862550735474,0.44
186300,0.9158048033714294,0.8675862550735474,0.31
186400,0.9158048033714294,0.8675862550735474,0.44
186500,0.9158048033714294,0.8675862550735474,0.40
186600,0.9158048033714294,0.8675862550735474,0.45
186700,0.9158048033714294,0.8675862550735474,0.43
186800,0.9158048033714294,0.8675862550735474,0.38
186900,0.9158048033714294,0.8675862550735474,0.45
187000,0.9158048033714294,0.8675862550735474,0.35
187100,0.9158048033714294,0.8675862550735474,0.43
187200,0.9158048033714294,0.8675862550735474,0.61
187300,0.9158048033714294,0.8675862550735474,0.44
187400,0.9158048033714294,0.8675862550735474,0.46
187500,0.9158048033714294,0.8675862550735474,0.43
187600,0.9158048033714294,0.8675862550735474,0.45
187700,0.9158048033714294,0.8675862550735474,0.37
187800,0.9158048033714294,0.8675862550735474,0.46
187900,0.9158048033714294,0.8675862550735474,0.31
188000,0.9158048033714294,0.8675862550735474,0.47
188100,0.9158048033714294,0.8675862550735474,0.46
188200,0.9158048033714294,0.8675862550735474,0.46
188300,0.9158048033714294,0.8675862550735474,0.45
188400,0.9158048033714294,0.8675862550735474,0.39
188500,0.9158048033714294,0.8675862550735474,0.45
188600,0.9158048033714294,0.8675862550735474,0.46
188700,0.9158048033714294,0.8675862550735474,0.41
188800,0.9158048033714294,0.8675862550735474,0.40
188900,0.9158048033714294,0.8675862550735474,0.47
189000,0.9158048033714294,0.8675862550735474,0.36
189100,0.9158048033714294,0.8675862550735474,0.37
189200,0.9158048033714294,0.8675862550735474,0.45
189300,0.9158048033714294,0.8675862550735474,0.45
189400,0.9158048033714294,0.8675862550735474,0.42
189500,0.9158048033714294,0.8675862550735474,0.47
189600,0.9158048033714294,0.8675862550735474,0.46
189700,0.9158048033714294,0.8675862550735474,0.45
189800,0.9158048033714294,0.8675862550735474,0.45
189900,0.9158048033714294,0.8675862550735474,0.44
190000,0.9158048033714294,0.8675862550735474,0.39
190100,0.9158048033714294,0.8675862550735474,0.46
190200,0.9158048033714294,0.8675862550735474,0.43
190300,0.9158048033714294,0.8675862550735474,0.47
190400,0.9158048033714294,0.8675862550735474,0.30
190500,0.9158048033714294,0.8675862550735474,0.39
190600,0.9158048033714294,0.8675862550735474,0.45
190700,0.9158048033714294,0.8675862550735474,0.47
190800,0.9158048033714294,0.8675862550735474,0.43
190900,0.9158048033714294,0.8675862550735474,0.46
191000,0.9158048033714294,0.8675862550735474,0.45
191100,0.9158048033714294,0.8675862550735474,0.42
191200,0.9158048033714294,0.8675862550735474,0.37
191300,0.9158048033714294,0.8675862550735474,0.37
191400,0.9158048033714294,0.8675862550735474,0.38
191500,0.9158048033714294,0.8675862550735474,0.41
191600,0.9158048033714294,0.8675862550735474,0.44
191700,0.9158048033714294,0.8675862550735474,0.40
191800,0.9158048033714294,0.8675862550735474,0.45
191900,0.9158048033714294,0.8675862550735474,0.40
192000,0.9158048033714294,0.8675862550735474,0.37
192100,0.9158048033714294,0.8675862550735474,0.45
192200,0.9158048033714294,0.8675862550735474,0.49
192300,0.9158048033714294,0.8675862550735474,0.45
192400,0.9158048033714294,0.8675862550735474,0.43
192500,0.9158048033714294,0.8675862550735474,0.41
192600,0.9158048033714294,0.8675862550735474,0.46
192700,0.9158048033714294,0.8675862550735474,0.46
192800,0.9158048033714294,0.8675862550735474,0.44
192900,0.9158048033714294,0.8675862550735474,0.47
193000,0.9158048033714294,0.8675862550735474,0.42
193100,0.9158048033714294,0.8675862550735474,0.32
193200,0.9158048033714294,0.8675862550735474,0.43
193300,0.9158048033714294,0.8675862550735474,0.46
193400,0.9158048033714294,0.8675862550735474,0.38
193500,0.9158048033714294,0.8675862550735474,0.35
193600,0.9158048033714294,0.8675862550735474,0.45
193700,0.9158048033714294,0.8675862550735474,0.43
193800,0.9158048033714294,0.8675862550735474,0.47
193900,0.9158048033714294,0.8675862550735474,0.39
194000,0.9158048033714294,0.8675862550735474,0.42
194100,0.9158048033714294,0.8675862550735474,0.46
194200,0.9158048033714294,0.8675862550735474,0.45
194300,0.9158048033714294,0.8675862550735474,0.41
194400,0.9158048033714294,0.8675862550735474,0.41
194500,0.9158048033714294,0.8675862550735474,0.35
194600,0.9158048033714294,0.8675862550735474,0.46
194700,0.9158048033714294,0.8675862550735474,0.48
194800,0.9158048033714294,0.8675862550735474,0.43
194900,0.9158048033714294,0.8675862550735474,0.45
195000,0.9158048033714294,0.8675862550735474,0.45
195100,0.9158048033714294,0.8675862550735474,0.45
195200,0.9158048033714294,0.8675862550735474,0.40
195300,0.9158048033714294,0.8675862550735474,0.47
195400,0.9158048033714294,0.8675862550735474,0.47
195500,0.9158048033714294,0.8675862550735474,0.45
195600,0.9158048033714294,0.8675862550735474,0.36
195700,0.9158048033714294,0.8675862550735474,0.35
195800,0.9158048033714294,0.8675862550735474,0.39
195900,0.9158048033714294,0.8675862550735474,0.32
196000,0.9158048033714294,0.8675862550735474,0.32
196100,0.9158048033714294,0.8675862550735474,0.45
196200,0.9158048033714294,0.8675862550735474,0.47
196300,0.9158048033714294,0.8675862550735474,0.39
196400,0.9158048033714294,0.8675862550735474,0.40
196500,0.9158048033714294,0.8675862550735474,0.30
196600,0.9158048033714294,0.8675862550735474,0.39
196700,0.9158048033714294,0.8675862550735474,0.39
196800,0.9158048033714294,0.8675862550735474,0.46
196900,0.9158048033714294,0.8675862550735474,0.46
197000,0.9158048033714294,0.8675862550735474,0.44
197100,0.9158048033714294,0.8675862550735474,0.44
197200,0.9158048033714294,0.8675862550735474,0.53
197300,0.9158048033714294,0.8675862550735474,0.45
197400,0.9158048033714294,0.8675862550735474,0.45
197500,0.9158048033714294,0.8675862550735474,0.41
197600,0.9158048033714294,0.8675862550735474,0.36
197700,0.9158048033714294,0.8675862550735474,0.48
197800,0.9158048033714294,0.8675862550735474,0.44
197900,0.9158048033714294,0.8675862550735474,0.43
198000,0.9158048033714294,0.8675862550735474,0.45
198100,0.9158048033714294,0.8675862550735474,0.43
198200,0.9158048033714294,0.8675862550735474,0.46
198300,0.9158048033714294,0.8675862550735474,0.40
198400,0.9158048033714294,0.8675862550735474,0.44
198500,0.9158048033714294,0.8675862550735474,0.45
198600,0.9158048033714294,0.8675862550735474,0.46
198700,0.9158048033714294,0.8675862550735474,0.44
198800,0.9158048033714294,0.8675862550735474,0.42
198900,0.9158048033714294,0.8675862550735474,0.45
199000,0.9158048033714294,0.8675862550735474,0.44
199100,0.9158048033714294,0.8675862550735474,0.45
199200,0.9158048033714294,0.8675862550735474,0.31
199300,0.9158048033714294,0.8675862550735474,0.45
199400,0.9158048033714294,0.8675862550735474,0.40
199500,0.9158048033714294,0.8675862550735474,0.34
199600,0.9158048033714294,0.8675862550735474,0.43
199700,0.9158048033714294,0.8675862550735474,0.55
199800,0.9158048033714294,0.8675862550735474,0.38
199900,0.9158048033714294,0.8675862550735474,0.48
200000,0.9158048033714294,0.8675862550735474,0.33
200100,0.9158048033714294,0.8675862550735474,0.44
200200,0.9158048033714294,0.8675862550735474,0.42
200300,0.9158048033714294,0.8675862550735474,0.46
200400,0.9158048033714294,0.8675862550735474,0.42
200500,0.9158048033714294,0.8675862550735474,0.44
200600,0.9158048033714294,0.8675862550735474,0.41
200700,0.9158048033714294,0.8675862550735474,0.40
200800,0.9158048033714294,0.8675862550735474,0.35
200900,0.9158048033714294,0.8675862550735474,0.46
201000,0.9158048033714294,0.8675862550735474,0.44
201100,0.9158048033714294,0.8675862550735474,0.44
201200,0.9158048033714294,0.8675862550735474,0.43
201300,0.9158048033714294,0.8675862550735474,0.46
201400,0.9158048033714294,0.8675862550735474,0.45
201500,0.9158048033714294,0.8675862550735474,0.37
201600,0.9158048033714294,0.8675862550735474,0.44
201700,0.9158048033714294,0.8675862550735474,0.45
201800,0.9158048033714294,0.8675862550735474,0.42
201900,0.9158048033714294,0.8675862550735474,0.46
202000,0.9158048033714294,0.8675862550735474,0.47
202100,0.9158048033714294,0.8675862550735474,0.46
202200,0.9158048033714294,0.8675862550735474,0.60
202300,0.9158048033714294,0.8675862550735474,0.42
202400,0.9158048033714294,0.8675862550735474,0.46
202500,0.9158048033714294,0.8675862550735474,0.43
202600,0.9158048033714294,0.8675862550735474,0.40
202700,0.9158048033714294,0.8675862550735474,0.35
202800,0.9158048033714294,0.8675862550735474,0.45
202900,0.9158048033714294,0.8675862550735474,0.46
203000,0.9158048033714294,0.8675862550735474,0.46
203100,0.9158048033714294,0.8675862550735474,0.41
203200,0.9158048033714294,0.8675862550735474,0.44
203300,0.9158048033714294,0.8675862550735474,0.43
203400,0.9158048033714294,0.8675862550735474,0.46
203500,0.9158048033714294,0.8675862550735474,0.43
203600,0.9158048033714294,0.8675862550735474,0.46
203700,0.9158048033714294,0.8675862550735474,0.38
203800,0.9158048033714294,0.8675862550735474,0.46
203900,0.9158048033714294,0.8675862550735474,0.43
204000,0.9158048033714294,0.8675862550735474,0.44
204100,0.9158048033714294,0.8675862550735474,0.46
204200,0.9158048033714294,0.8675862550735474,0.31
204300,0.9158048033714294,0.8675862550735474,0.45
204400,0.9158048033714294,0.8675862550735474,0.44
204500,0.9158048033714294,0.8675862550735474,0.43
204600,0.9158048033714294,0.8675862550735474,0.39
204700,0.9158048033714294,0.8675862550735474,0.57
204800,0.9158048033714294,0.8675862550735474,0.42
204900,0.9158048033714294,0.8675862550735474,0.39
205000,0.9158048033714294,0.8675862550735474,0.41
205100,0.9158048033714294,0.8675862550735474,0.43
205200,0.9158048033714294,0.8675862550735474,0.37
205300,0.9158048033714294,0.8675862550735474,0.33
205400,0.9158048033714294,0.8675862550735474,0.37
205500,0.9158048033714294,0.8675862550735474,0.38
205600,0.9158048033714294,0.8675862550735474,0.46
205700,0.9158048033714294,0.8675862550735474,0.37
205800,0.9158048033714294,0.8675862550735474,0.43
205900,0.9158048033714294,0.8675862550735474,0.39
206000,0.9158048033714294,0.8675862550735474,0.38
206100,0.9158048033714294,0.8675862550735474,0.46
206200,0.9158048033714294,0.8675862550735474,0.42
206300,0.9158048033714294,0.8675862550735474,0.39
206400,0.9158048033714294,0.8675862550735474,0.47
206500,0.9158048033714294,0.8675862550735474,0.37
206600,0.9158048033714294,0.8675862550735474,0.46
206700,0.9158048033714294,0.8675862550735474,0.38
206800,0.9158048033714294,0.8675862550735474,0.39
206900,0.9158048033714294,0.8675862550735474,0.31
207000,0.9158048033714294,0.8675862550735474,0.47
207100,0.9158048033714294,0.8675862550735474,0.47
207200,0.9158048033714294,0.8675862550735474,0.63
207300,0.9158048033714294,0.8675862550735474,0.38
207400,0.9158048033714294,0.8675862550735474,0.47
207500,0.9158048033714294,0.8675862550735474,0.47
207600,0.9158048033714294,0.8675862550735474,0.48
207700,0.9158048033714294,0.8675862550735474,0.41
207800,0.9158048033714294,0.8675862550735474,0.37
207900,0.9158048033714294,0.8675862550735474,0.42
208000,0.9158048033714294,0.8675862550735474,0.46
208100,0.9158048033714294,0.8675862550735474,0.40
208200,0.9158048033714294,0.8675862550735474,0.40
208300,0.9158048033714294,0.8675862550735474,0.41
208400,0.9158048033714294,0.8675862550735474,0.46
208500,0.9158048033714294,0.8675862550735474,0.40
208600,0.9158048033714294,0.8675862550735474,0.46
208700,0.9158048033714294,0.8675862550735474,0.38
208800,0.9158048033714294,0.8675862550735474,0.41
208900,0.9158048033714294,0.8675862550735474,0.45
209000,0.9158048033714294,0.8675862550735474,0.46
209100,0.9158048033714294,0.8675862550735474,0.40
209200,0.9158048033714294,0.8675862550735474,0.33
209300,0.9158048033714294,0.8675862550735474,0.39
209400,0.9158048033714294,0.8675862550735474,0.43
209500,0.9158048033714294,0.8675862550735474,0.45
209600,0.9158048033714294,0.8675862550735474,0.41
209700,0.9158048033714294,0.8675862550735474,0.59
209800,0.9158048033714294,0.8675862550735474,0.45
209900,0.9158048033714294,0.8675862550735474,0.41
210000,0.9158048033714294,0.8675862550735474,0.43
210100,0.9158048033714294,0.8675862550735474,0.43
210200,0.9158048033714294,0.8675862550735474,0.39
210300,0.9158048033714294,0.8675862550735474,0.46
210400,0.9158048033714294,0.8675862550735474,0.46
210500,0.9158048033714294,0.8675862550735474,0.45
210600,0.9158048033714294,0.8675862550735474,0.47
210700,0.9158048033714294,0.8675862550735474,0.46
210800,0.9158048033714294,0.8675862550735474,0.39
210900,0.9158048033714294,0.8675862550735474,0.45
211000,0.9158048033714294,0.8675862550735474,0.36
211100,0.9158048033714294,0.8675862550735474,0.40
211200,0.9158048033714294,0.8675862550735474,0.46
211300,0.9158048033714294,0.8675862550735474,0.36
211400,0.9158048033714294,0.8675862550735474,0.42
211500,0.9158048033714294,0.8675862550735474,0.39
211600,0.9158048033714294,0.8675862550735474,0.45
211700,0.9158048033714294,0.8675862550735474,0.36
211800,0.9158048033714294,0.8675862550735474,0.43
211900,0.9158048033714294,0.8675862550735474,0.40
212000,0.9158048033714294,0.8675862550735474,0.41
212100,0.9158048033714294,0.8675862550735474,0.43
212200,0.9158048033714294,0.8675862550735474,0.60
212300,0.9158048033714294,0.8675862550735474,0.39
212400,0.9158048033714294,0.8675862550735474,0.44
212500,0.9158048033714294,0.8675862550735474,0.46
212600,0.9158048033714294,0.8675862550735474,0.35
212700,0.9158048033714294,0.8675862550735474,0.30
212800,0.9158048033714294,0.8675862550735474,0.42
212900,0.9158048033714294,0.8675862550735474,0.47
213000,0.9158048033714294,0.8675862550735474,0.47
213100,0.9158048033714294,0.8675862550735474,0.45
213200,0.9158048033714294,0.8675862550735474,0.46
213300,0.9158048033714294,0.8675862550735474,0.43
213400,0.9158048033714294,0.8675862550735474,0.30
213500,0.9158048033714294,0.8675862550735474,0.33
213600,0.9158048033714294,0.8675862550735474,0.36
213700,0.9158048033714294,0.8675862550735474,0.35
213800,0.9158048033714294,0.8675862550735474,0.44
213900,0.9158048033714294,0.8675862550735474,0.39
214000,0.9158048033714294,0.8675862550735474,0.41
214100,0.9158048033714294,0.8675862550735474,0.44
214200,0.9158048033714294,0.8675862550735474,0.46
214300,0.9158048033714294,0.8675862550735474,0.38
214400,0.9158048033714294,0.8675862550735474,0.47
214500,0.9158048033714294,0.8675862550735474,0.44
214600,0.9158048033714294,0.8675862550735474,0.37
214700,0.9158048033714294,0.8675862550735474,0.58
214800,0.9158048033714294,0.8675862550735474,0.43
214900,0.9158048033714294,0.8675862550735474,0.42
215000,0.9158048033714294,0.8675862550735474,0.45
215100,0.9158048033714294,0.8675862550735474,0.45
215200,0.9158048033714294,0.8675862550735474,0.40
215300,0.9158048033714294,0.8675862550735474,0.29
215400,0.9158048033714294,0.8675862550735474,0.41
215500,0.9158048033714294,0.8675862550735474,0.44
215600,0.9158048033714294,0.8675862550735474,0.39
215700,0.9158048033714294,0.8675862550735474,0.47
215800,0.9158048033714294,0.8675862550735474,0.42
215900,0.9158048033714294,0.8675862550735474,0.48
216000,0.9158048033714294,0.8675862550735474,0.31
216100,0.9158048033714294,0.8675862550735474,0.45
216200,0.9158048033714294,0.8675862550735474,0.44
216300,0.9158048033714294,0.8675862550735474,0.44
216400,0.9158048033714294,0.8675862550735474,0.46
216500,0.9158048033714294,0.8675862550735474,0.47
216600,0.9158048033714294,0.8675862550735474,0.47
216700,0.9158048033714294,0.8675862550735474,0.48
216800,0.9158048033714294,0.8675862550735474,0.41
216900,0.9158048033714294,0.8675862550735474,0.34
217000,0.9158048033714294,0.8675862550735474,0.32
217100,0.9158048033714294,0.8675862550735474,0.47
217200,0.9158048033714294,0.8675862550735474,0.52
217300,0.9158048033714294,0.8675862550735474,0.42
217400,0.9158048033714294,0.8675862550735474,0.40
217500,0.9158048033714294,0.8675862550735474,0.42
217600,0.9158048033714294,0.8675862550735474,0.45
217700,0.9158048033714294,0.8675862550735474,0.37
217800,0.9158048033714294,0.8675862550735474,0.40
217900,0.9158048033714294,0.8675862550735474,0.46
218000,0.9158048033714294,0.8675862550735474,0.48
218100,0.9158048033714294,0.8675862550735474,0.47
218200,0.9158048033714294,0.8675862550735474,0.46
218300,0.9158048033714294,0.8675862550735474,0.34
218400,0.9158048033714294,0.8675862550735474,0.34
218500,0.9158048033714294,0.8675862550735474,0.46
218600,0.9158048033714294,0.8675862550735474,0.44
218700,0.9158048033714294,0.8675862550735474,0.44
218800,0.9158048033714294,0.8675862550735474,0.37
218900,0.9158048033714294,0.8675862550735474,0.46
219000,0.9158048033714294,0.8675862550735474,0.38
219100,0.9158048033714294,0.8675862550735474,0.45
219200,0.9158048033714294,0.8675862550735474,0.47
219300,0.9158048033714294,0.8675862550735474,0.46
219400,0.9158048033714294,0.8675862550735474,0.40
219500,0.9158048033714294,0.8675862550735474,0.42
219600,0.9158048033714294,0.8675862550735474,0.46
219700,0.9158048033714294,0.8675862550735474,0.60
219800,0.9158048033714294,0.8675862550735474,0.38
219900,0.9158048033714294,0.8675862550735474,0.46
220000,0.9158048033714294,0.8675862550735474,0.31
220100,0.9158048033714294,0.8675862550735474,0.45
220200,0.9158048033714294,0.8675862550735474,0.44
220300,0.9158048033714294,0.8675862550735474,0.36
220400,0.9158048033714294,0.8675862550735474,0.39
220500,0.9158048033714294,0.8675862550735474,0.43
220600,0.9158048033714294,0.8675862550735474,0.46
220700,0.9158048033714294,0.8675862550735474,0.46
220800,0.9158048033714294,0.8675862550735474,0.47
220900,0.9158048033714294,0.8675862550735474,0.46
221000,0.9158048033714294,0.8675862550735474,0.42
221100,0.9158048033714294,0.8675862550735474,0.42
221200,0.9158048033714294,0.8675862550735474,0.44
221300,0.9158048033714294,0.8675862550735474,0.46
221400,0.9158048033714294,0.8675862550735474,0.47
221500,0.9158048033714294,0.8675862550735474,0.44
221600,0.9158048033714294,0.8675862550735474,0.45
221700,0.9158048033714294,0.8675862550735474,0.46
221800,0.9158048033714294,0.8675862550735474,0.36
221900,0.9158048033714294,0.8675862550735474,0.37
222000,0.9158048033714294,0.8675862550735474,0.29
222100,0.9158048033714294,0.8675862550735474,0.36
222200,0.9158048033714294,0.8675862550735474,0.52
222300,0.9158048033714294,0.8675862550735474,0.40
222400,0.9158048033714294,0.8675862550735474,0.41
222500,0.9158048033714294,0.8675862550735474,0.44
222600,0.9158048033714294,0.8675862550735474,0.46
222700,0.9158048033714294,0.8675862550735474,0.45
222800,0.9158048033714294,0.8675862550735474,0.31
222900,0.9158048033714294,0.8675862550735474,0.39
223000,0.9158048033714294,0.8675862550735474,0.45
223100,0.9158048033714294,0.8675862550735474,0.47
223200,0.9158048033714294,0.8675862550735474,0.41
223300,0.9158048033714294,0.8675862550735474,0.45
223400,0.9158048033714294,0.8675862550735474,0.46
223500,0.9158048033714294,0.8675862550735474,0.46
223600,0.9158048033714294,0.8675862550735474,0.47
223700,0.9158048033714294,0.8675862550735474,0.48
223800,0.9158048033714294,0.8675862550735474,0.46
223900,0.9158048033714294,0.8675862550735474,0.39
224000,0.9158048033714294,0.8675862550735474,0.44
224100,0.9158048033714294,0.8675862550735474,0.45
224200,0.9158048033714294,0.8675862550735474,0.47
224300,0.9158048033714294,0.8675862550735474,0.43
224400,0.9158048033714294,0.8675862550735474,0.41
224500,0.9158048033714294,0.8675862550735474,0.45
224600,0.9158048033714294,0.8675862550735474,0.46
224700,0.9158048033714294,0.8675862550735474,0.56
224800,0.9158048033714294,0.8675862550735474,0.32
224900,0.9158048033714294,0.8675862550735474,0.45
225000,0.9158048033714294,0.8675862550735474,0.46
225100,0.9158048033714294,0.8675862550735474,0.43
225200,0.9158048033714294,0.8675862550735474,0.46
225300,0.9158048033714294,0.8675862550735474,0.41
225400,0.9158048033714294,0.8675862550735474,0.39
225500,0.9158048033714294,0.8675862550735474,0.35
225600,0.9158048033714294,0.8675862550735474,0.46
225700,0.9158048033714294,0.8675862550735474,0.45
225800,0.9158048033714294,0.8675862550735474,0.47
225900,0.9158048033714294,0.8675862550735474,0.46
226000,0.9158048033714294,0.8675862550735474,0.43
226100,0.9158048033714294,0.8675862550735474,0.45
226200,0.9158048033714294,0.8675862550735474,0.45
226300,0.9158048033714294,0.8675862550735474,0.46
226400,0.9158048033714294,0.8675862550735474,0.41
226500,0.9158048033714294,0.8675862550735474,0.47
226600,0.9158048033714294,0.8675862550735474,0.39
226700,0.9158048033714294,0.8675862550735474,0.44
226800,0.9158048033714294,0.8675862550735474,0.45
226900,0.9158048033714294,0.8675862550735474,0.33
227000,0.9158048033714294,0.8675862550735474,0.45
227100,0.9158048033714294,0.8675862550735474,0.40
227200,0.9158048033714294,0.8675862550735474,0.62
227300,0.9158048033714294,0.8675862550735474,0.46
227400,0.9158048033714294,0.8675862550735474,0.48
227500,0.9158048033714294,0.8675862550735474,0.46
227600,0.9158048033714294,0.8675862550735474,0.30
227700,0.9158048033714294,0.8675862550735474,0.46
227800,0.9158048033714294,0.8675862550735474,0.44
227900,0.9158048033714294,0.8675862550735474,0.47
228000,0.9158048033714294,0.8675862550735474,0.47
228100,0.9158048033714294,0.8675862550735474,0.47
228200,0.9158048033714294,0.8675862550735474,0.36
228300,0.9158048033714294,0.8675862550735474,0.38
228400,0.9158048033714294,0.8675862550735474,0.46
228500,0.9158048033714294,0.8675862550735474,0.47
228600,0.9158048033714294,0.8675862550735474,0.45
228700,0.9158048033714294,0.8675862550735474,0.46
228800,0.9158048033714294,0.8675862550735474,0.43
228900,0.9158048033714294,0.8675862550735474,0.30
229000,0.9158048033714294,0.8675862550735474,0.40
229100,0.9158048033714294,0.8675862550735474,0.35
229200,0.9158048033714294,0.8675862550735474,0.46
229300,0.9158048033714294,0.8675862550735474,0.41
229400,0.9158048033714294,0.8675862550735474,0.41
229500,0.9158048033714294,0.8675862550735474,0.45
229600,0.9158048033714294,0.8675862550735474,0.46
229700,0.9158048033714294,0.8675862550735474,0.62
229800,0.9158048033714294,0.8675862550735474,0.44
229900,0.9158048033714294,0.8675862550735474,0.38
230000,0.9158048033714294,0.8675862550735474,0.44
230100,0.9158048033714294,0.8675862550735474,0.47
230200,0.9158048033714294,0.8675862550735474,0.42
230300,0.9158048033714294,0.8675862550735474,0.46
230400,0.9158048033714294,0.8675862550735474,0.47
230500,0.9158048033714294,0.8675862550735474,0.45
230600,0.9158048033714294,0.8675862550735474,0.47
230700,0.9158048033714294,0.8675862550735474,0.45
230800,0.9158048033714294,0.8675862550735474,0.44
230900,0.9158048033714294,0.8675862550735474,0.37
231000,0.9158048033714294,0.8675862550735474,0.45
231100,0.9158048033714294,0.8675862550735474,0.46
231200,0.9158048033714294,0.8675862550735474,0.47
231300,0.9158048033714294,0.8675862550735474,0.45
231400,0.9158048033714294,0.8675862550735474,0.46
231500,0.9158048033714294,0.8675862550735474,0.47
231600,0.9158048033714294,0.8675862550735474,0.46
231700,0.9158048033714294,0.8675862550735474,0.45
231800,0.9158048033714294,0.8675862550735474,0.42
231900,0.9158048033714294,0.8675862550735474,0.47
232000,0.9158048033714294,0.8675862550735474,0.46
232100,0.9158048033714294,0.8675862550735474,0.38
232200,0.9158048033714294,0.8675862550735474,0.59
232300,0.9158048033714294,0.8675862550735474,0.37
232400,0.9158048033714294,0.8675862550735474,0.47
232500,0.9158048033714294,0.8675862550735474,0.45
232600,0.9158048033714294,0.8675862550735474,0.38
232700,0.9158048033714294,0.8675862550735474,0.34
232800,0.9158048033714294,0.8675862550735474,0.38
232900,0.9158048033714294,0.8675862550735474,0.45
233000,0.9158048033714294,0.8675862550735474,0.46
233100,0.9158048033714294,0.8675862550735474,0.39
233200,0.9158048033714294,0.8675862550735474,0.38
233300,0.9158048033714294,0.8675862550735474,0.40
233400,0.9158048033714294,0.8675862550735474,0.47
233500,0.9158048033714294,0.8675862550735474,0.47
233600,0.9158048033714294,0.8675862550735474,0.34
233700,0.9158048033714294,0.8675862550735474,0.43
233800,0.9158048033714294,0.8675862550735474,0.45
233900,0.9158048033714294,0.8675862550735474,0.45
234000,0.9158048033714294,0.8675862550735474,0.44
234100,0.9158048033714294,0.8675862550735474,0.36
234200,0.9158048033714294,0.8675862550735474,0.41
234300,0.9158048033714294,0.8675862550735474,0.42
234400,0.9158048033714294,0.8675862550735474,0.37
234500,0.9158048033714294,0.8675862550735474,0.41
234600,0.9158048033714294,0.8675862550735474,0.34
234700,0.9158048033714294,0.8675862550735474,0.53
234800,0.9158048033714294,0.8675862550735474,0.39
234900,0.9158048033714294,0.8675862550735474,0.33
235000,0.9158048033714294,0.8675862550735474,0.40
235100,0.9158048033714294,0.8675862550735474,0.40
235200,0.9158048033714294,0.8675862550735474,0.45
235300,0.9158048033714294,0.8675862550735474,0.44
235400,0.9158048033714294,0.8675862550735474,0.42
235500,0.9158048033714294,0.8675862550735474,0.36
235600,0.9158048033714294,0.8675862550735474,0.46
235700,0.9158048033714294,0.8675862550735474,0.29
235800,0.9158048033714294,0.8675862550735474,0.46
235900,0.9158048033714294,0.8675862550735474,0.46
236000,0.9158048033714294,0.8675862550735474,0.34
236100,0.9158048033714294,0.8675862550735474,0.43
236200,0.9158048033714294,0.8675862550735474,0.45
236300,0.9158048033714294,0.8675862550735474,0.41
236400,0.9158048033714294,0.8675862550735474,0.36
236500,0.9158048033714294,0.8675862550735474,0.46
236600,0.9158048033714294,0.8675862550735474,0.45
236700,0.9158048033714294,0.8675862550735474,0.37
236800,0.9158048033714294,0.8675862550735474,0.41
236900,0.9158048033714294,0.8675862550735474,0.45
237000,0.9158048033714294,0.8675862550735474,0.45
237100,0.9158048033714294,0.8675862550735474,0.47
237200,0.9158048033714294,0.8675862550735474,0.61
237300,0.9158048033714294,0.8675862550735474,0.47
237400,0.9158048033714294,0.8675862550735474,0.43
237500,0.9158048033714294,0.8675862550735474,0.38
237600,0.9158048033714294,0.8675862550735474,0.45
237700,0.9158048033714294,0.8675862550735474,0.46
237800,0.9158048033714294,0.8675862550735474,0.44
237900,0.9158048033714294,0.8675862550735474,0.43
238000,0.9158048033714294,0.8675862550735474,0.46
238100,0.9158048033714294,0.8675862550735474,0.30
238200,0.9158048033714294,0.8675862550735474,0.40
238300,0.9158048033714294,0.8675862550735474,0.45
238400,0.9158048033714294,0.8675862550735474,0.33
238500,0.9158048033714294,0.8675862550735474,0.45
238600,0.9158048033714294,0.8675862550735474,0.40
238700,0.9158048033714294,0.8675862550735474,0.40
238800,0.9158048033714294,0.8675862550735474,0.32
238900,0.9158048033714294,0.8675862550735474,0.38
239000,0.9158048033714294,0.8675862550735474,0.42
239100,0.9158048033714294,0.8675862550735474,0.46
239200,0.9158048033714294,0.8675862550735474,0.47
239300,0.9158048033714294,0.8675862550735474,0.46
239400,0.9158048033714294,0.8675862550735474,0.47
239500,0.9158048033714294,0.8675862550735474,0.47
239600,0.9158048033714294,0.8675862550735474,0.40
239700,0.9158048033714294,0.8675862550735474,0.56
239800,0.9158048033714294,0.8675862550735474,0.37
239900,0.9158048033714294,0.8675862550735474,0.40
240000,0.9158048033714294,0.8675862550735474,0.45
240100,0.9158048033714294,0.8675862550735474,0.47
240200,0.9158048033714294,0.8675862550735474,0.46
240300,0.9158048033714294,0.8675862550735474,0.47
240400,0.9158048033714294,0.8675862550735474,0.38
240500,0.9158048033714294,0.8675862550735474,0.44
240600,0.9158048033714294,0.8675862550735474,0.45
240700,0.9158048033714294,0.8675862550735474,0.39
240800,0.9158048033714294,0.8675862550735474,0.43
240900,0.9158048033714294,0.8675862550735474,0.43
241000,0.9158048033714294,0.8675862550735474,0.42
241100,0.9158048033714294,0.8675862550735474,0.37
241200,0.9158048033714294,0.8675862550735474,0.46
241300,0.9158048033714294,0.8675862550735474,0.48
241400,0.9158048033714294,0.8675862550735474,0.44
241500,0.9158048033714294,0.8675862550735474,0.46
241600,0.9158048033714294,0.8675862550735474,0.47
241700,0.9158048033714294,0.8675862550735474,0.43
241800,0.9158048033714294,0.8675862550735474,0.41
241900,0.9158048033714294,0.8675862550735474,0.46
242000,0.9158048033714294,0.8675862550735474,0.46
242100,0.9158048033714294,0.8675862550735474,0.45
242200,0.9158048033714294,0.8675862550735474,0.60
242300,0.9158048033714294,0.8675862550735474,0.34
242400,0.9158048033714294,0.8675862550735474,0.43
242500,0.9158048033714294,0.8675862550735474,0.30
242600,0.9158048033714294,0.8675862550735474,0.46
242700,0.9158048033714294,0.8675862550735474,0.46
242800,0.9158048033714294,0.8675862550735474,0.44
242900,0.9158048033714294,0.8675862550735474,0.46
243000,0.9158048033714294,0.8675862550735474,0.36
243100,0.9158048033714294,0.8675862550735474,0.46
243200,0.9158048033714294,0.8675862550735474,0.33
243300,0.9158048033714294,0.8675862550735474,0.44
243400,0.9158048033714294,0.8675862550735474,0.49
243500,0.9158048033714294,0.8675862550735474,0.42
243600,0.9158048033714294,0.8675862550735474,0.47
243700,0.9158048033714294,0.8675862550735474,0.43
243800,0.9158048033714294,0.8675862550735474,0.47
243900,0.9158048033714294,0.8675862550735474,0.47
244000,0.9158048033714294,0.8675862550735474,0.42
244100,0.9158048033714294,0.8675862550735474,0.45
244200,0.9158048033714294,0.8675862550735474,0.47
244300,0.9158048033714294,0.8675862550735474,0.40
244400,0.9158048033714294,0.8675862550735474,0.46
244500,0.9158048033714294,0.8675862550735474,0.46
244600,0.9158048033714294,0.8675862550735474,0.45
244700,0.9158048033714294,0.8675862550735474,0.60
244800,0.9158048033714294,0.8675862550735474,0.41
244900,0.9158048033714294,0.8675862550735474,0.45
245000,0.9158048033714294,0.8675862550735474,0.46
245100,0.9158048033714294,0.8675862550735474,0.46
245200,0.9158048033714294,0.8675862550735474,0.41
245300,0.9158048033714294,0.8675862550735474,0.47
245400,0.9158048033714294,0.8675862550735474,0.48
245500,0.9158048033714294,0.8675862550735474,0.39
245600,0.9158048033714294,0.8675862550735474,0.42
245700,0.9158048033714294,0.8675862550735474,0.32
245800,0.9158048033714294,0.8675862550735474,0.41
245900,0.9158048033714294,0.8675862550735474,0.31
246000,0.9158048033714294,0.8675862550735474,0.46
246100,0.9158048033714294,0.8675862550735474,0.45
246200,0.9158048033714294,0.8675862550735474,0.48
246300,0.9158048033714294,0.8675862550735474,0.46
246400,0.9158048033714294,0.8675862550735474,0.43
246500,0.9158048033714294,0.8675862550735474,0.44
246600,0.9158048033714294,0.8675862550735474,0.41
246700,0.9158048033714294,0.8675862550735474,0.42
246800,0.9158048033714294,0.8675862550735474,0.46
246900,0.9888225197792053,0.980250895023346,0.39
247000,0.9888225197792053,0.980250895023346,0.41
247100,0.9888225197792053,0.980250895023346,0.46
247200,0.9888225197792053,0.980250895023346,0.61
247300,0.9888225197792053,0.980250895023346,0.44
247400,0.9888225197792053,0.980250895023346,0.45
247500,0.9888225197792053,0.980250895023346,0.42
247600,0.9888225197792053,0.980250895023346,0.46
247700,0.9888225197792053,0.980250895023346,0.39
247800,0.9888225197792053,0.980250895023346,0.39
247900,0.9888225197792053,0.980250895023346,0.30
248000,0.9888225197792053,0.980250895023346,0.43
248100,0.9888225197792053,0.980250895023346,0.38
248200,0.9888225197792053,0.980250895023346,0.44
248300,0.9888225197792053,0.980250895023346,0.36
248400,0.9888225197792053,0.980250895023346,0.46
248500,0.9888225197792053,0.980250895023346,0.38
248600,0.9888225197792053,0.980250895023346,0.43
248700,0.9888225197792053,0.980250895023346,0.45
248800,0.9888225197792053,0.980250895023346,0.45
248900,0.9888225197792053,0.980250895023346,0.40
249000,0.9888225197792053,0.980250895023346,0.39
249100,0.9888225197792053,0.980250895023346,0.40
249200,0.9888225197792053,0.980250895023346,0.33
249300,0.9888225197792053,0.980250895023346,0.46
249400,0.9888225197792053,0.980250895023346,0.46
249500,0.9888225197792053,0.980250895023346,0.43
249600,0.9888225197792053,0.980250895023346,0.39
249700,0.9888225197792053,0.980250895023346,0.61
249800,0.9888225197792053,0.980250895023346,0.45
249900,0.9888225197792053,0.980250895023346,0.38
250000,0.9888225197792053,0.980250895023346,0.48
250100,0.9888225197792053,0.980250895023346,0.40
250200,0.9888225197792053,0.980250895023346,0.39
250300,0.9888225197792053,0.980250895023346,0.48
250400,0.9888225197792053,0.980250895023346,0.47
250500,0.9888225197792053,0.980250895023346,0.45
250600,0.9888225197792053,0.980250895023346,0.41
250700,0.9888225197792053,0.980250895023346,0.46
250800,0.9888225197792053,0.980250895023346,0.46
250900,0.9888225197792053,0.980250895023346,0.46
251000,0.9888225197792053,0.980250895023346,0.46
251100,0.9888225197792053,0.980250895023346,0.45
251200,0.9888225197792053,0.980250895023346,0.47
251300,0.9888225197792053,0.980250895023346,0.42
251400,0.9888225197792053,0.980250895023346,0.38
251500,0.9888225197792053,0.980250895023346,0.38
251600,0.9888225197792053,0.980250895023346,0.46
251700,0.9888225197792053,0.980250895023346,0.36
251800,0.9888225197792053,0.980250895023346,0.45
251900,0.9888225197792053,0.980250895023346,0.39
252000,0.9888225197792053,0.980250895023346,0.44
252100,0.9888225197792053,0.980250895023346,0.45
252200,0.9888225197792053,0.980250895023346,0.46
252300,0.9888225197792053,0.980250895023346,0.44
252400,0.9888225197792053,0.980250895023346,0.45
252500,0.9888225197792053,0.980250895023346,0.44
252600,0.9888225197792053,0.980250895023346,0.46
252700,0.9888225197792053,0.980250895023346,0.44
252800,0.9888225197792053,0.980250895023346,0.41
252900,0.9888225197792053,0.980250895023346,0.43
253000,0.9888225197792053,0.980250895023346,0.46
253100,0.9888225197792053,0.980250895023346,0.34
253200,0.9888225197792053,0.980250895023346,0.35
253300,0.9888225197792053,0.980250895023346,0.37
253400,0.9888225197792053,0.980250895023346,0.46
253500,0.9888225197792053,0.980250895023346,0.31
253600,0.9888225197792053,0.980250895023346,0.43
253700,0.9888225197792053,0.980250895023346,0.45
253800,0.9888225197792053,0.980250895023346,0.41
253900,0.9888225197792053,0.980250895023346,0.34
254000,0.9888225197792053,0.980250895023346,0.40
254100,0.9888225197792053,0.980250895023346,0.33
254200,0.9888225197792053,0.980250895023346,0.46
254300,0.9888225197792053,0.980250895023346,0.43
254400,0.9888225197792053,0.980250895023346,0.41
254500,0.9888225197792053,0.980250895023346,0.39
254600,0.9888225197792053,0.980250895023346,0.38
254700,0.9888225197792053,0.980250895023346,0.57
254800,0.9888225197792053,0.980250895023346,0.45
254900,0.9888225197792053,0.980250895023346,0.44
255000,0.9888225197792053,0.980250895023346,0.44
255100,0.9888225197792053,0.980250895023346,0.46
255200,0.9888225197792053,0.980250895023346,0.46
255300,0.9888225197792053,0.980250895023346,0.35
255400,0.9888225197792053,0.980250895023346,0.38
255500,0.9888225197792053,0.980250895023346,0.34
255600,0.9888225197792053,0.980250895023346,0.34
255700,0.9888225197792053,0.980250895023346,0.47
255800,0.9888225197792053,0.980250895023346,0.47
255900,0.9888225197792053,0.980250895023346,0.46
256000,0.9888225197792053,0.980250895023346,0.38
256100,0.9888225197792053,0.980250895023346,0.40
256200,0.9888225197792053,0.980250895023346,0.48
256300,0.9888225197792053,0.980250895023346,0.40
256400,0.9888225197792053,0.980250895023346,0.45
256500,0.9888225197792053,0.980250895023346,0.46
256600,0.9888225197792053,0.980250895023346,0.40
256700,0.9888225197792053,0.980250895023346,0.35
256800,0.9888225197792053,0.980250895023346,0.41
256900,0.9888225197792053,0.980250895023346,0.46
257000,0.9888225197792053,0.980250895023346,0.42
257100,0.9888225197792053,0.980250895023346,0.38
257200,0.9888225197792053,0.980250895023346,0.61
257300,0.9888225197792053,0.980250895023346,0.42
257400,0.9888225197792053,0.980250895023346,0.33
257500,0.9888225197792053,0.980250895023346,0.40
257600,0.9888225197792053,0.980250895023346,0.42
257700,0.9888225197792053,0.980250895023346,0.39
257800,0.9888225197792053,0.980250895023346,0.42
257900,0.9888225197792053,0.980250895023346,0.39
258000,0.9888225197792053,0.980250895023346,0.42
258100,0.9888225197792053,0.980250895023346,0.44
258200,0.9888225197792053,0.980250895023346,0.44
258300,0.9888225197792053,0.980250895023346,0.42
258400,0.9888225197792053,0.980250895023346,0.46
258500,0.9888225197792053,0.980250895023346,0.43
258600,0.9888225197792053,0.980250895023346,0.45
258700,0.9888225197792053,0.980250895023346,0.37
258800,0.9888225197792053,0.980250895023346,0.41
258900,0.9888225197792053,0.980250895023346,0.36
259000,0.9888225197792053,0.980250895023346,0.47
259100,0.9888225197792053,0.980250895023346,0.47
259200,0.9888225197792053,0.980250895023346,0.44
259300,0.9888225197792053,0.980250895023346,0.38
259400,0.9888225197792053,0.980250895023346,0.45
259500,0.9888225197792053,0.980250895023346,0.46
259600,0.9888225197792053,0.980250895023346,0.40
259700,0.9888225197792053,0.980250895023346,0.52
259800,0.9888225197792053,0.980250895023346,0.42
259900,0.9888225197792053,0.980250895023346,0.41
260000,0.9888225197792053,0.980250895023346,0.43
260100,0.9888225197792053,0.980250895023346,0.46
260200,0.9888225197792053,0.980250895023346,0.47
260300,0.9888225197792053,0.980250895023346,0.42
260400,0.9888225197792053,0.980250895023346,0.37
260500,0.9888225197792053,0.980250895023346,0.46
260600,0.9888225197792053,0.980250895023346,0.39
260700,0.9888225197792053,0.980250895023346,0.42
260800,0.9888225197792053,0.980250895023346,0.37
260900,0.9888225197792053,0.980250895023346,0.37
261000,0.9888225197792053,0.980250895023346,0.37
261100,0.9888225197792053,0.980250895023346,0.42
261200,0.9888225197792053,0.980250895023346,0.38
261300,0.9888225197792053,0.980250895023346,0.32
261400,0.9888225197792053,0.980250895023346,0.42
261500,0.9888225197792053,0.980250895023346,0.39
261600,0.9888225197792053,0.980250895023346,0.44
261700,0.9888225197792053,0.980250895023346,0.44
261800,0.9888225197792053,0.980250895023346,0.44
261900,0.9888225197792053,0.980250895023346,0.38
262000,0.9888225197792053,0.980250895023346,0.37
262100,0.9888225197792053,0.980250895023346,0.46
262200,0.9888225197792053,0.980250895023346,0.55
262300,0.9888225197792053,0.980250895023346,0.32
262400,0.9888225197792053,0.980250895023346,0.46
262500,0.9888225197792053,0.980250895023346,0.40
262600,0.9888225197792053,0.980250895023346,0.46
262700,0.9888225197792053,0.980250895023346,0.44
262800,0.9888225197792053,0.980250895023346,0.48
262900,0.9888225197792053,0.980250895023346,0.46
263000,0.9888225197792053,0.980250895023346,0.47
263100,0.9888225197792053,0.980250895023346,0.34
263200,0.9888225197792053,0.980250895023346,0.42
263300,0.9888225197792053,0.980250895023346,0.45
263400,0.9888225197792053,0.980250895023346,0.43
263500,0.9888225197792053,0.980250895023346,0.46
263600,0.9888225197792053,0.980250895023346,0.40
263700,0.9888225197792053,0.980250895023346,0.41
263800,0.9888225197792053,0.980250895023346,0.46
263900,0.9888225197792053,0.980250895023346,0.47
264000,0.9888225197792053,0.980250895023346,0.44
264100,0.9888225197792053,0.980250895023346,0.44
264200,0.9888225197792053,0.980250895023346,0.48
264300,0.9888225197792053,0.980250895023346,0.46
264400,0.9888225197792053,0.980250895023346,0.46
264500,0.9888225197792053,0.980250895023346,0.46
264600,0.9888225197792053,0.980250895023346,0.48
264700,0.9888225197792053,0.980250895023346,0.44
264800,0.9888225197792053,0.980250895023346,0.43
264900,0.9888225197792053,0.980250895023346,0.38
265000,0.9888225197792053,0.980250895023346,0.47
265100,0.9888225197792053,0.980250895023346,0.48
265200,0.9888225197792053,0.980250895023346,0.40
265300,0.9888225197792053,0.980250895023346,0.45
265400,0.9888225197792053,0.980250895023346,0.36
265500,0.9888225197792053,0.980250895023346,0.38
265600,0.9888225197792053,0.980250895023346,0.44
265700,0.9888225197792053,0.980250895023346,0.46
265800,0.9888225197792053,0.980250895023346,0.39
265900,0.9888225197792053,0.980250895023346,0.36
266000,0.9888225197792053,0.980250895023346,0.41
266100,0.9888225197792053,0.980250895023346,0.41
266200,0.9888225197792053,0.980250895023346,0.40
266300,0.9888225197792053,0.980250895023346,0.45
266400,0.9888225197792053,0.980250895023346,0.37
266500,0.9888225197792053,0.980250895023346,0.33
266600,0.9888225197792053,0.980250895023346,0.44
266700,0.9888225197792053,0.980250895023346,0.45
266800,0.9888225197792053,0.980250895023346,0.42
266900,0.9888225197792053,0.980250895023346,0.45
267000,0.9888225197792053,0.980250895023346,0.36
267100,0.9888225197792053,0.980250895023346,0.46
267200,0.9888225197792053,0.980250895023346,0.48
267300,0.9888225197792053,0.980250895023346,0.45
267400,0.9888225197792053,0.980250895023346,0.37
267500,0.9888225197792053,0.980250895023346,0.34
267600,0.9888225197792053,0.980250895023346,0.46
267700,0.9888225197792053,0.980250895023346,0.46
267800,0.9888225197792053,0.980250895023346,0.40
267900,0.9888225197792053,0.980250895023346,0.36
268000,0.9888225197792053,0.980250895023346,0.43
268100,0.9888225197792053,0.980250895023346,0.43
268200,0.9888225197792053,0.980250895023346,0.42
268300,0.9888225197792053,0.980250895023346,0.35
268400,0.9888225197792053,0.980250895023346,0.36
268500,0.9888225197792053,0.980250895023346,0.39
268600,0.9888225197792053,0.980250895023346,0.41
268700,0.9888225197792053,0.980250895023346,0.40
268800,0.9888225197792053,0.980250895023346,0.40
268900,0.9888225197792053,0.980250895023346,0.36
269000,0.9888225197792053,0.980250895023346,0.42
269100,0.9888225197792053,0.980250895023346,0.44
269200,0.9888225197792053,0.980250895023346,0.41
269300,0.9888225197792053,0.980250895023346,0.44
269400,0.9888225197792053,0.980250895023346,0.43
269500,0.9888225197792053,0.980250895023346,0.47
269600,0.9888225197792053,0.980250895023346,0.46
269700,0.9888225197792053,0.980250895023346,0.48
269800,0.9888225197792053,0.980250895023346,0.30
269900,0.9888225197792053,0.980250895023346,0.42
270000,0.9888225197792053,0.980250895023346,0.45
270100,0.9888225197792053,0.980250895023346,0.43
270200,0.9888225197792053,0.980250895023346,0.45
270300,0.9888225197792053,0.980250895023346,0.35
270400,0.9888225197792053,0.980250895023346,0.45
270500,0.9888225197792053,0.980250895023346,0.46
270600,0.9888225197792053,0.980250895023346,0.40
270700,0.9888225197792053,0.980250895023346,0.39
270800,0.9888225197792053,0.980250895023346,0.40
270900,0.9888225197792053,0.980250895023346,0.39
271000,0.9888225197792053,0.980250895023346,0.33
271100,0.9888225197792053,0.980250895023346,0.44
271200,0.9888225197792053,0.980250895023346,0.41
271300,0.9888225197792053,0.980250895023346,0.43
271400,0.9888225197792053,0.980250895023346,0.46
271500,0.9888225197792053,0.980250895023346,0.36
271600,0.9888225197792053,0.980250895023346,0.33
271700,0.9888225197792053,0.980250895023346,0.45
271800,0.9888225197792053,0.980250895023346,0.35
271900,0.9888225197792053,0.980250895023346,0.36
272000,0.9888225197792053,0.980250895023346,0.44
272100,0.9888225197792053,0.980250895023346,0.45
272200,0.9888225197792053,0.980250895023346,0.61
272300,0.9888225197792053,0.980250895023346,0.47
272400,0.9888225197792053,0.980250895023346,0.45
272500,0.9888225197792053,0.980250895023346,0.35
272600,0.9888225197792053,0.980250895023346,0.43
272700,0.9888225197792053,0.980250895023346,0.38
272800,0.9888225197792053,0.980250895023346,0.47
272900,0.9888225197792053,0.980250895023346,0.31
273000,0.9888225197792053,0.980250895023346,0.42
273100,0.9888225197792053,0.980250895023346,0.34
273200,0.9888225197792053,0.980250895023346,0.43
273300,0.9888225197792053,0.980250895023346,0.42
273400,0.9888225197792053,0.980250895023346,0.35
273500,0.9888225197792053,0.980250895023346,0.43
273600,0.9888225197792053,0.980250895023346,0.47
273700,0.9888225197792053,0.980250895023346,0.48
273800,0.9888225197792053,0.980250895023346,0.45
273900,0.9888225197792053,0.980250895023346,0.39
274000,0.9888225197792053,0.980250895023346,0.45
274100,0.9888225197792053,0.980250895023346,0.42
274200,0.9888225197792053,0.980250895023346,0.45
274300,0.9888225197792053,0.980250895023346,0.47
274400,0.9888225197792053,0.980250895023346,0.47
274500,0.9888225197792053,0.980250895023346,0.44
274600,0.9888225197792053,0.980250895023346,0.40
274700,0.9888225197792053,0.980250895023346,0.49
274800,0.9888225197792053,0.980250895023346,0.42
274900,0.9888225197792053,0.980250895023346,0.46
275000,0.9888225197792053,0.980250895023346,0.39
275100,0.9888225197792053,0.980250895023346,0.44
275200,0.9888225197792053,0.980250895023346,0.39
275300,0.9888225197792053,0.980250895023346,0.46
275400,0.9888225197792053,0.980250895023346,0.36
275500,0.9888225197792053,0.980250895023346,0.47
275600,0.9888225197792053,0.980250895023346,0.39
275700,0.9888225197792053,0.980250895023346,0.46
275800,0.9888225197792053,0.980250895023346,0.35
275900,0.9888225197792053,0.980250895023346,0.48
276000,0.9888225197792053,0.980250895023346,0.48
276100,0.9888225197792053,0.980250895023346,0.46
276200,0.9888225197792053,0.980250895023346,0.46
276300,0.9888225197792053,0.980250895023346,0.41
276400,0.9888225197792053,0.980250895023346,0.39
276500,0.9888225197792053,0.980250895023346,0.42
276600,0.9888225197792053,0.980250895023346,0.40
276700,0.9888225197792053,0.980250895023346,0.48
276800,0.9888225197792053,0.980250895023346,0.38
276900,0.9888225197792053,0.980250895023346,0.37
277000,0.9888225197792053,0.980250895023346,0.46
277100,0.9888225197792053,0.980250895023346,0.48
277200,0.9888225197792053,0.980250895023346,0.58
277300,0.9888225197792053,0.980250895023346,0.47
277400,0.9888225197792053,0.980250895023346,0.44
277500,0.9888225197792053,0.980250895023346,0.46
277600,0.9888225197792053,0.980250895023346,0.38
277700,0.9888225197792053,0.980250895023346,0.44
277800,0.9888225197792053,0.980250895023346,0.30
277900,0.9888225197792053,0.980250895023346,0.48
278000,0.9888225197792053,0.980250895023346,0.47
278100,0.9888225197792053,0.980250895023346,0.43
278200,0.9888225197792053,0.980250895023346,0.32
278300,0.9888225197792053,0.980250895023346,0.36
278400,0.9888225197792053,0.980250895023346,0.47
278500,0.9888225197792053,0.980250895023346,0.46
278600,0.9888225197792053,0.980250895023346,0.46
278700,0.9888225197792053,0.980250895023346,0.45
278800,0.9888225197792053,0.980250895023346,0.41
278900,0.9888225197792053,0.980250895023346,0.45
279000,0.9888225197792053,0.980250895023346,0.48
279100,0.9888225197792053,0.980250895023346,0.44
279200,0.9888225197792053,0.980250895023346,0.46
279300,0.9888225197792053,0.980250895023346,0.46
279400,0.9888225197792053,0.980250895023346,0.47
279500,0.9888225197792053,0.980250895023346,0.44
279600,0.9888225197792053,0.980250895023346,0.47
279700,0.9888225197792053,0.980250895023346,0.55
279800,0.9888225197792053,0.980250895023346,0.46
279900,0.9888225197792053,0.980250895023346,0.45
280000,0.9888225197792053,0.980250895023346,0.44
280100,0.9888225197792053,0.980250895023346,0.43
280200,0.9888225197792053,0.980250895023346,0.47
280300,0.9888225197792053,0.980250895023346,0.44
280400,0.9888225197792053,0.980250895023346,0.42
280500,0.9888225197792053,0.980250895023346,0.46
280600,0.9888225197792053,0.980250895023346,0.46
280700,0.9888225197792053,0.980250895023346,0.45
280800,0.9888225197792053,0.980250895023346,0.47
280900,0.9888225197792053,0.980250895023346,0.39
281000,0.9888225197792053,0.980250895023346,0.39
281100,0.9888225197792053,0.980250895023346,0.48
281200,0.9888225197792053,0.980250895023346,0.39
281300,0.9888225197792053,0.980250895023346,0.48
281400,0.9888225197792053,0.980250895023346,0.45
281500,0.9888225197792053,0.980250895023346,0.48
281600,0.9888225197792053,0.980250895023346,0.47
281700,0.9888225197792053,0.980250895023346,0.39
281800,0.9888225197792053,0.980250895023346,0.46
281900,0.9888225197792053,0.980250895023346,0.41
282000,0.9888225197792053,0.980250895023346,0.43
282100,0.9888225197792053,0.980250895023346,0.47
282200,0.9888225197792053,0.980250895023346,0.62
282300,0.9888225197792053,0.980250895023346,0.45
282400,0.9888225197792053,0.980250895023346,0.39
282500,0.9888225197792053,0.980250895023346,0.46
282600,0.9888225197792053,0.980250895023346,0.31
282700,0.9888225197792053,0.980250895023346,0.39
282800,0.9888225197792053,0.980250895023346,0.39
282900,0.9888225197792053,0.980250895023346,0.46
283000,0.9888225197792053,0.980250895023346,0.47
283100,0.9888225197792053,0.980250895023346,0.40
283200,0.9888225197792053,0.980250895023346,0.40
283300,0.9888225197792053,0.980250895023346,0.46
283400,0.9888225197792053,0.980250895023346,0.45
283500,0.9888225197792053,0.980250895023346,0.36
283600,0.9888225197792053,0.980250895023346,0.42
283700,0.9888225197792053,0.980250895023346,0.37
283800,0.9888225197792053,0.980250895023346,0.46
283900,0.9888225197792053,0.980250895023346,0.43
284000,0.9888225197792053,0.980250895023346,0.36
284100,0.9888225197792053,0.980250895023346,0.43
284200,0.9888225197792053,0.980250895023346,0.47
284300,0.9888225197792053,0.980250895023346,0.46
284400,0.9888225197792053,0.980250895023346,0.36
284500,0.9888225197792053,0.980250895023346,0.46
284600,0.9888225197792053,0.980250895023346,0.45
284700,0.9888225197792053,0.980250895023346,0.59
284800,0.9888225197792053,0.980250895023346,0.36
284900,0.9888225197792053,0.980250895023346,0.33
285000,0.9888225197792053,0.980250895023346,0.45
285100,0.9888225197792053,0.980250895023346,0.43
285200,0.9888225197792053,0.980250895023346,0.45
285300,0.9888225197792053,0.980250895023346,0.47
285400,0.9888225197792053,0.980250895023346,0.45
285500,0.9888225197792053,0.980250895023346,0.45
285600,0.9888225197792053,0.980250895023346,0.36
285700,0.9888225197792053,0.980250895023346,0.46
285800,0.9888225197792053,0.980250895023346,0.40
285900,0.9888225197792053,0.980250895023346,0.41
286000,0.9888225197792053,0.980250895023346,0.39
286100,0.9888225197792053,0.980250895023346,0.43
286200,0.9888225197792053,0.980250895023346,0.46
286300,0.9888225197792053,0.980250895023346,0.44
286400,0.9888225197792053,0.980250895023346,0.43
286500,0.9888225197792053,0.980250895023346,0.47
286600,0.9888225197792053,0.980250895023346,0.46
286700,0.9888225197792053,0.980250895023346,0.46
286800,0.9888225197792053,0.980250895023346,0.33
286900,0.9888225197792053,0.980250895023346,0.37
287000,0.9888225197792053,0.980250895023346,0.47
287100,0.9888225197792053,0.980250895023346,0.46
287200,0.9888225197792053,0.980250895023346,0.62
287300,0.9888225197792053,0.980250895023346,0.46
287400,0.9888225197792053,0.980250895023346,0.35
287500,0.9888225197792053,0.980250895023346,0.44
287600,0.9888225197792053,0.980250895023346,0.43
287700,0.9888225197792053,0.980250895023346,0.43
287800,0.9888225197792053,0.980250895023346,0.43
287900,0.9888225197792053,0.980250895023346,0.40
288000,0.9888225197792053,0.980250895023346,0.46
288100,0.9888225197792053,0.980250895023346,0.42
288200,0.9888225197792053,0.980250895023346,0.43
288300,0.9888225197792053,0.980250895023346,0.40
288400,0.9888225197792053,0.980250895023346,0.41
288500,0.9888225197792053,0.980250895023346,0.38
288600,0.9888225197792053,0.980250895023346,0.39
288700,0.9888225197792053,0.980250895023346,0.44
288800,0.9888225197792053,0.980250895023346,0.47
288900,0.9888225197792053,0.980250895023346,0.42
289000,0.9888225197792053,0.980250895023346,0.44
289100,0.9888225197792053,0.980250895023346,0.43
289200,0.9888225197792053,0.980250895023346,0.41
289300,0.9888225197792053,0.980250895023346,0.37
289400,0.9888225197792053,0.980250895023346,0.41
289500,0.9888225197792053,0.980250895023346,0.33
289600,0.9888225197792053,0.980250895023346,0.29
289700,0.9888225197792053,0.980250895023346,0.53
289800,0.9888225197792053,0.980250895023346,0.41
289900,0.9888225197792053,0.980250895023346,0.41
290000,0.9888225197792053,0.980250895023346,0.46
290100,0.9888225197792053,0.980250895023346,0.46
290200,0.9888225197792053,0.980250895023346,0.47
290300,0.9888225197792053,0.980250895023346,0.42
290400,0.9888225197792053,0.980250895023346,0.34
290500,0.9888225197792053,0.980250895023346,0.46
290600,0.9888225197792053,0.980250895023346,0.32
290700,0.9888225197792053,0.980250895023346,0.35
290800,0.9888225197792053,0.980250895023346,0.46
290900,0.9888225197792053,0.980250895023346,0.41
291000,0.9888225197792053,0.980250895023346,0.46
291100,0.9888225197792053,0.980250895023346,0.45
291200,0.9888225197792053,0.980250895023346,0.37
291300,0.9888225197792053,0.980250895023346,0.45
291400,0.9888225197792053,0.980250895023346,0.47
291500,0.9888225197792053,0.980250895023346,0.46
291600,0.9888225197792053,0.980250895023346,0.47
291700,0.9888225197792053,0.980250895023346,0.33
291800,0.9888225197792053,0.980250895023346,0.46
291900,0.9888225197792053,0.980250895023346,0.46
292000,0.9888225197792053,0.980250895023346,0.44
292100,0.9888225197792053,0.980250895023346,0.38
292200,0.9888225197792053,0.980250895023346,0.49
292300,0.9888225197792053,0.980250895023346,0.46
292400,0.9888225197792053,0.980250895023346,0.40
292500,0.9888225197792053,0.980250895023346,0.40
292600,0.9888225197792053,0.980250895023346,0.45
292700,0.9888225197792053,0.980250895023346,0.42
292800,0.9888225197792053,0.980250895023346,0.38
292900,0.9888225197792053,0.980250895023346,0.38
293000,0.9888225197792053,0.980250895023346,0.47
293100,0.9888225197792053,0.980250895023346,0.43
293200,0.9888225197792053,0.980250895023346,0.39
293300,0.9888225197792053,0.980250895023346,0.43
293400,0.9888225197792053,0.980250895023346,0.45
293500,0.9888225197792053,0.980250895023346,0.47
293600,0.9888225197792053,0.980250895023346,0.46
293700,0.9888225197792053,0.980250895023346,0.46
293800,0.9888225197792053,0.980250895023346,0.36
293900,0.9888225197792053,0.980250895023346,0.42
294000,0.9888225197792053,0.980250895023346,0.36
294100,0.9888225197792053,0.980250895023346,0.33
294200,0.9888225197792053,0.980250895023346,0.45
294300,0.9888225197792053,0.980250895023346,0.44
294400,0.9888225197792053,0.980250895023346,0.45
294500,0.9888225197792053,0.980250895023346,0.45
294600,0.9888225197792053,0.980250895023346,0.44
294700,0.9888225197792053,0.980250895023346,0.47
294800,0.9888225197792053,0.980250895023346,0.40
294900,0.9888225197792053,0.980250895023346,0.46
295000,0.9888225197792053,0.980250895023346,0.45
295100,0.9888225197792053,0.980250895023346,0.40
295200,0.9888225197792053,0.980250895023346,0.40
295300,0.9888225197792053,0.980250895023346,0.41
295400,0.9888225197792053,0.980250895023346,0.44
295500,0.9888225197792053,0.980250895023346,0.41
295600,0.9888225197792053,0.980250895023346,0.47
295700,0.9888225197792053,0.980250895023346,0.38
295800,0.9888225197792053,0.980250895023346,0.46
295900,0.9888225197792053,0.980250895023346,0.46
296000,0.9888225197792053,0.980250895023346,0.46
296100,0.9888225197792053,0.980250895023346,0.30
296200,0.9888225197792053,0.980250895023346,0.40
296300,0.9888225197792053,0.980250895023346,0.36
296400,0.9888225197792053,0.980250895023346,0.45
296500,0.9888225197792053,0.980250895023346,0.48
296600,0.9888225197792053,0.980250895023346,0.46
296700,0.9888225197792053,0.980250895023346,0.42
296800,0.9888225197792053,0.980250895023346,0.30
296900,0.9888225197792053,0.980250895023346,0.40
297000,0.9888225197792053,0.980250895023346,0.45
297100,0.9888225197792053,0.980250895023346,0.34
297200,0.9888225197792053,0.980250895023346,0.59
297300,0.9888225197792053,0.980250895023346,0.43
297400,0.9888225197792053,0.980250895023346,0.44
297500,0.9888225197792053,0.980250895023346,0.42
297600,0.9888225197792053,0.980250895023346,0.40
297700,0.9888225197792053,0.980250895023346,0.47
297800,0.9888225197792053,0.980250895023346,0.47
297900,0.9888225197792053,0.980250895023346,0.41
298000,0.9888225197792053,0.980250895023346,0.42
298100,0.9888225197792053,0.980250895023346,0.43
298200,0.9888225197792053,0.980250895023346,0.37
298300,0.9888225197792053,0.980250895023346,0.37
298400,0.9888225197792053,0.980250895023346,0.35
298500,0.9888225197792053,0.980250895023346,0.44
298600,0.9888225197792053,0.980250895023346,0.39
298700,0.9888225197792053,0.980250895023346,0.36
298800,0.9888225197792053,0.980250895023346,0.46
298900,0.9888225197792053,0.980250895023346,0.40
299000,0.9888225197792053,0.980250895023346,0.44
299100,0.9888225197792053,0.980250895023346,0.44
299200,0.9888225197792053,0.980250895023346,0.40
299300,0.9888225197792053,0.980250895023346,0.46
299400,0.9888225197792053,0.980250895023346,0.47
299500,0.9888225197792053,0.980250895023346,0.39
299600,0.9888225197792053,0.980250895023346,0.44
299700,0.9888225197792053,0.980250895023346,0.55
299800,0.9888225197792053,0.980250895023346,0.35
299900,0.9888225197792053,0.980250895023346,0.38
300000,0.9888225197792053,0.980250895023346,0.46
300100,0.9888225197792053,0.980250895023346,0.39
300200,0.9888225197792053,0.980250895023346,0.46
300300,0.9888225197792053,0.980250895023346,0.34
300400,0.9888225197792053,0.980250895023346,0.40
300500,0.9888225197792053,0.980250895023346,0.44
300600,0.9888225197792053,0.980250895023346,0.46
300700,0.9888225197792053,0.980250895023346,0.43
300800,0.9888225197792053,0.980250895023346,0.46
300900,0.9888225197792053,0.980250895023346,0.43
301000,0.9888225197792053,0.980250895023346,0.44
301100,0.9888225197792053,0.980250895023346,0.31
301200,0.9888225197792053,0.980250895023346,0.40
301300,0.9888225197792053,0.980250895023346,0.42
301400,0.9888225197792053,0.980250895023346,0.46
301500,0.9888225197792053,0.980250895023346,0.45
301600,0.9888225197792053,0.980250895023346,0.31
301700,0.9888225197792053,0.980250895023346,0.42
301800,0.9888225197792053,0.980250895023346,0.46
301900,0.9888225197792053,0.980250895023346,0.46
302000,0.9888225197792053,0.980250895023346,0.47
302100,0.9888225197792053,0.980250895023346,0.45
302200,0.9888225197792053,0.980250895023346,0.60
302300,0.9888225197792053,0.980250895023346,0.46
302400,0.9888225197792053,0.980250895023346,0.40
302500,0.9888225197792053,0.980250895023346,0.45
302600,0.9888225197792053,0.980250895023346,0.39
302700,0.9888225197792053,0.980250895023346,0.46
302800,0.9888225197792053,0.980250895023346,0.41
302900,0.9888225197792053,0.980250895023346,0.34
303000,0.9888225197792053,0.980250895023346,0.40
303100,0.9888225197792053,0.980250895023346,0.46
303200,0.9888225197792053,0.980250895023346,0.45
303300,0.9888225197792053,0.980250895023346,0.45
303400,0.9888225197792053,0.980250895023346,0.41
303500,0.9888225197792053,0.980250895023346,0.31
303600,0.9888225197792053,0.980250895023346,0.36
303700,0.9888225197792053,0.980250895023346,0.46
303800,0.9888225197792053,0.980250895023346,0.40
303900,0.9888225197792053,0.980250895023346,0.31
304000,0.9888225197792053,0.980250895023346,0.46
304100,0.9888225197792053,0.980250895023346,0.46
304200,0.9888225197792053,0.980250895023346,0.47
304300,0.9888225197792053,0.980250895023346,0.44
304400,0.9888225197792053,0.980250895023346,0.40
304500,0.9888225197792053,0.980250895023346,0.43
304600,0.9888225197792053,0.980250895023346,0.37
304700,0.9888225197792053,0.980250895023346,0.58
304800,0.9888225197792053,0.980250895023346,0.48
304900,0.9888225197792053,0.980250895023346,0.46
305000,0.9888225197792053,0.980250895023346,0.45
305100,0.9888225197792053,0.980250895023346,0.45
305200,0.9888225197792053,0.980250895023346,0.41
305300,0.9888225197792053,0.980250895023346,0.36
305400,0.9888225197792053,0.980250895023346,0.45
305500,0.9888225197792053,0.980250895023346,0.42
305600,0.9888225197792053,0.980250895023346,0.47
305700,0.9888225197792053,0.980250895023346,0.46
305800,0.9888225197792053,0.980250895023346,0.32
305900,0.9888225197792053,0.980250895023346,0.44
306000,0.9888225197792053,0.980250895023346,0.45
306100,0.9888225197792053,0.980250895023346,0.46
306200,0.9888225197792053,0.980250895023346,0.41
306300,0.9888225197792053,0.980250895023346,0.41
306400,0.9888225197792053,0.980250895023346,0.45
306500,0.9888225197792053,0.980250895023346,0.46
306600,0.9888225197792053,0.980250895023346,0.43
306700,0.9888225197792053,0.980250895023346,0.42
306800,0.9888225197792053,0.980250895023346,0.38
306900,0.9888225197792053,0.980250895023346,0.39
307000,0.9888225197792053,0.980250895023346,0.47
307100,0.9888225197792053,0.980250895023346,0.42
307200,0.9888225197792053,0.980250895023346,0.61
307300,0.9888225197792053,0.980250895023346,0.40
307400,0.9888225197792053,0.980250895023346,0.38
307500,0.9888225197792053,0.980250895023346,0.46
307600,0.9888225197792053,0.980250895023346,0.47
307700,0.9888225197792053,0.980250895023346,0.48
307800,0.9888225197792053,0.980250895023346,0.46
307900,0.9888225197792053,0.980250895023346,0.44
308000,0.9888225197792053,0.980250895023346,0.48
308100,0.9888225197792053,0.980250895023346,0.45
308200,0.9888225197792053,0.980250895023346,0.45
308300,0.9888225197792053,0.980250895023346,0.46
308400,0.9888225197792053,0.980250895023346,0.47
308500,0.9888225197792053,0.980250895023346,0.44
308600,0.9888225197792053,0.980250895023346,0.39
308700,0.9888225197792053,0.980250895023346,0.44
308800,0.9888225197792053,0.980250895023346,0.44
308900,0.9888225197792053,0.980250895023346,0.45
309000,0.9888225197792053,0.980250895023346,0.42
309100,0.9888225197792053,0.980250895023346,0.41
309200,0.9888225197792053,0.980250895023346,0.47
309300,0.9888225197792053,0.980250895023346,0.46
309400,0.9888225197792053,0.980250895023346,0.42
309500,0.9888225197792053,0.980250895023346,0.40
309600,0.9888225197792053,0.980250895023346,0.37
309700,0.9888225197792053,0.980250895023346,0.51
309800,0.9888225197792053,0.980250895023346,0.46
309900,0.9888225197792053,0.980250895023346,0.40
310000,0.9888225197792053,0.980250895023346,0.34
310100,0.9888225197792053,0.980250895023346,0.46
310200,0.9888225197792053,0.980250895023346,0.36
310300,0.9888225197792053,0.980250895023346,0.45
310400,0.9888225197792053,0.980250895023346,0.41
310500,0.9888225197792053,0.980250895023346,0.46
310600,0.9888225197792053,0.980250895023346,0.42
310700,0.9888225197792053,0.980250895023346,0.44
310800,0.9888225197792053,0.980250895023346,0.41
310900,0.9888225197792053,0.980250895023346,0.46
311000,0.9888225197792053,0.980250895023346,0.43
311100,0.9888225197792053,0.980250895023346,0.46
311200,0.9888225197792053,0.980250895023346,0.41
311300,0.9888225197792053,0.980250895023346,0.38
311400,0.9888225197792053,0.980250895023346,0.44
311500,0.9888225197792053,0.980250895023346,0.40
311600,0.9888225197792053,0.980250895023346,0.46
311700,0.9888225197792053,0.980250895023346,0.41
311800,0.9888225197792053,0.980250895023346,0.43
311900,0.9888225197792053,0.980250895023346,0.32
312000,0.9888225197792053,0.980250895023346,0.40
312100,0.9888225197792053,0.980250895023346,0.43
312200,0.9888225197792053,0.980250895023346,0.55
312300,0.9888225197792053,0.980250895023346,0.45
312400,0.9888225197792053,0.980250895023346,0.36
312500,0.9888225197792053,0.980250895023346,0.34
312600,0.9888225197792053,0.980250895023346,0.47
312700,0.9888225197792053,0.980250895023346,0.46
312800,0.9888225197792053,0.980250895023346,0.43
312900,0.9888225197792053,0.980250895023346,0.40
313000,0.9888225197792053,0.980250895023346,0.43
313100,0.9888225197792053,0.980250895023346,0.42
313200,0.9888225197792053,0.980250895023346,0.44
313300,0.9888225197792053,0.980250895023346,0.45
313400,0.9888225197792053,0.980250895023346,0.34
313500,0.9888225197792053,0.980250895023346,0.37
313600,0.9888225197792053,0.980250895023346,0.42
313700,0.9888225197792053,0.980250895023346,0.41
313800,0.9888225197792053,0.980250895023346,0.44
313900,0.9888225197792053,0.980250895023346,0.45
314000,0.9888225197792053,0.980250895023346,0.47
314100,0.9888225197792053,0.980250895023346,0.46
314200,0.9888225197792053,0.980250895023346,0.47
314300,0.9888225197792053,0.980250895023346,0.45
314400,0.9888225197792053,0.980250895023346,0.45
314500,0.9888225197792053,0.980250895023346,0.43
314600,0.9888225197792053,0.980250895023346,0.43
314700,0.9888225197792053,0.980250895023346,0.54
314800,0.9888225197792053,0.980250895023346,0.37
314900,0.9888225197792053,0.980250895023346,0.35
315000,0.9888225197792053,0.980250895023346,0.41
315100,0.9888225197792053,0.980250895023346,0.39
315200,0.9888225197792053,0.980250895023346,0.46
315300,0.9888225197792053,0.980250895023346,0.47
315400,0.9888225197792053,0.980250895023346,0.46
315500,0.9888225197792053,0.980250895023346,0.46
315600,0.9888225197792053,0.980250895023346,0.44
315700,0.9888225197792053,0.980250895023346,0.40
315800,0.9888225197792053,0.980250895023346,0.46
315900,0.9888225197792053,0.980250895023346,0.39
316000,0.9888225197792053,0.980250895023346,0.41
316100,0.9888225197792053,0.980250895023346,0.48
316200,0.9888225197792053,0.980250895023346,0.48
316300,0.9888225197792053,0.980250895023346,0.43
316400,0.9888225197792053,0.980250895023346,0.44
316500,0.9888225197792053,0.980250895023346,0.46
316600,0.9888225197792053,0.980250895023346,0.44
316700,0.9888225197792053,0.980250895023346,0.41
316800,0.9888225197792053,0.980250895023346,0.43
316900,0.9888225197792053,0.980250895023346,0.46
317000,0.9888225197792053,0.980250895023346,0.39
317100,0.9888225197792053,0.980250895023346,0.46
317200,0.9888225197792053,0.980250895023346,0.57
317300,0.9888225197792053,0.980250895023346,0.43
317400,0.9888225197792053,0.980250895023346,0.46
317500,0.9888225197792053,0.980250895023346,0.36
317600,0.9888225197792053,0.980250895023346,0.45
317700,0.9888225197792053,0.980250895023346,0.46
317800,0.9888225197792053,0.980250895023346,0.36
317900,0.9888225197792053,0.980250895023346,0.46
318000,0.9888225197792053,0.980250895023346,0.30
318100,0.9888225197792053,0.980250895023346,0.33
318200,0.9888225197792053,0.980250895023346,0.46
318300,0.9888225197792053,0.980250895023346,0.38
318400,0.9888225197792053,0.980250895023346,0.42
318500,0.9888225197792053,0.980250895023346,0.46
318600,0.9888225197792053,0.980250895023346,0.40
318700,0.9888225197792053,0.980250895023346,0.44
318800,0.9888225197792053,0.980250895023346,0.45
318900,0.9888225197792053,0.980250895023346,0.41
319000,0.9888225197792053,0.980250895023346,0.42
319100,0.9888225197792053,0.980250895023346,0.31
319200,0.9888225197792053,0.980250895023346,0.40
319300,0.9888225197792053,0.980250895023346,0.38
319400,0.9888225197792053,0.980250895023346,0.44
319500,0.9888225197792053,0.980250895023346,0.46
319600,0.9888225197792053,0.980250895023346,0.42
319700,0.9888225197792053,0.980250895023346,0.62
319800,0.9888225197792053,0.980250895023346,0.43
319900,0.9888225197792053,0.980250895023346,0.33
320000,0.9888225197792053,0.980250895023346,0.40
320100,0.9888225197792053,0.980250895023346,0.39
320200,0.9888225197792053,0.980250895023346,0.38
320300,0.9888225197792053,0.980250895023346,0.44
320400,0.9888225197792053,0.980250895023346,0.45
320500,0.9888225197792053,0.980250895023346,0.44
320600,0.9888225197792053,0.980250895023346,0.37
320700,0.9888225197792053,0.980250895023346,0.39
320800,0.9888225197792053,0.980250895023346,0.40
320900,0.9888225197792053,0.980250895023346,0.31
321000,0.9888225197792053,0.980250895023346,0.46
321100,0.9888225197792053,0.980250895023346,0.43
321200,0.9888225197792053,0.980250895023346,0.45
321300,0.9888225197792053,0.980250895023346,0.46
321400,0.9888225197792053,0.980250895023346,0.47
321500,0.9888225197792053,0.980250895023346,0.41
321600,0.9888225197792053,0.980250895023346,0.46
321700,0.9888225197792053,0.980250895023346,0.39
321800,0.9888225197792053,0.980250895023346,0.45
321900,0.9888225197792053,0.980250895023346,0.39
322000,0.9888225197792053,0.980250895023346,0.43
322100,0.9888225197792053,0.980250895023346,0.46
322200,0.9888225197792053,0.980250895023346,0.55
322300,0.9888225197792053,0.980250895023346,0.41
322400,0.9888225197792053,0.980250895023346,0.41
322500,0.9888225197792053,0.980250895023346,0.42
322600,0.9888225197792053,0.980250895023346,0.45
322700,0.9888225197792053,0.980250895023346,0.33
322800,0.9888225197792053,0.980250895023346,0.46
322900,0.9888225197792053,0.980250895023346,0.48
323000,0.9888225197792053,0.980250895023346,0.44
323100,0.9888225197792053,0.980250895023346,0.45
323200,0.9888225197792053,0.980250895023346,0.42
323300,0.9888225197792053,0.980250895023346,0.48
323400,0.9888225197792053,0.980250895023346,0.45
323500,0.9888225197792053,0.980250895023346,0.45
323600,0.9888225197792053,0.980250895023346,0.46
323700,0.9888225197792053,0.980250895023346,0.47
323800,0.9888225197792053,0.980250895023346,0.45
323900,0.9888225197792053,0.980250895023346,0.43
324000,0.9888225197792053,0.980250895023346,0.36
324100,0.9888225197792053,0.980250895023346,0.46
324200,0.9888225197792053,0.980250895023346,0.45
324300,0.9888225197792053,0.980250895023346,0.46
324400,0.9888225197792053,0.980250895023346,0.38
324500,0.9888225197792053,0.980250895023346,0.37
324600,0.9888225197792053,0.980250895023346,0.39
324700,0.9888225197792053,0.980250895023346,0.57
324800,0.9888225197792053,0.980250895023346,0.41
324900,0.9888225197792053,0.980250895023346,0.41
325000,0.9888225197792053,0.980250895023346,0.47
325100,0.9888225197792053,0.980250895023346,0.44
325200,0.9888225197792053,0.980250895023346,0.46
325300,0.9888225197792053,0.980250895023346,0.47
325400,0.9888225197792053,0.980250895023346,0.40
325500,0.9888225197792053,0.980250895023346,0.46
325600,0.9888225197792053,0.980250895023346,0.46
325700,0.9888225197792053,0.980250895023346,0.40
325800,0.9888225197792053,0.980250895023346,0.39
325900,0.9888225197792053,0.980250895023346,0.39
326000,0.9888225197792053,0.980250895023346,0.43
326100,0.9888225197792053,0.980250895023346,0.41
326200,0.9888225197792053,0.980250895023346,0.34
326300,0.9888225197792053,0.980250895023346,0.38
326400,0.9888225197792053,0.980250895023346,0.42
326500,0.9888225197792053,0.980250895023346,0.45
326600,0.9888225197792053,0.980250895023346,0.48
326700,0.9888225197792053,0.980250895023346,0.37
326800,0.9888225197792053,0.980250895023346,0.37
326900,0.9888225197792053,0.980250895023346,0.43
327000,0.9888225197792053,0.980250895023346,0.47
327100,0.9888225197792053,0.980250895023346,0.40
327200,0.9888225197792053,0.980250895023346,0.59
327300,0.9888225197792053,0.980250895023346,0.45
327400,0.9888225197792053,0.980250895023346,0.45
327500,0.9888225197792053,0.980250895023346,0.45
327600,0.9888225197792053,0.980250895023346,0.44
327700,0.9888225197792053,0.980250895023346,0.33
327800,0.9888225197792053,0.980250895023346,0.38
327900,0.9888225197792053,0.980250895023346,0.30
328000,0.9888225197792053,0.980250895023346,0.45
328100,0.9888225197792053,0.980250895023346,0.46
328200,0.9888225197792053,0.980250895023346,0.42
328300,0.9888225197792053,0.980250895023346,0.37
328400,0.9888225197792053,0.980250895023346,0.35
328500,0.9888225197792053,0.980250895023346,0.46
328600,0.9888225197792053,0.980250895023346,0.45
328700,0.9888225197792053,0.980250895023346,0.45
328800,0.9888225197792053,0.980250895023346,0.47
328900,0.9888225197792053,0.980250895023346,0.44
329000,0.9888225197792053,0.980250895023346,0.41
329100,0.9888225197792053,0.980250895023346,0.44
329200,0.9888225197792053,0.980250895023346,0.46
329300,0.9888225197792053,0.980250895023346,0.45
329400,0.9888225197792053,0.980250895023346,0.45
329500,0.9888225197792053,0.980250895023346,0.44
329600,0.9888225197792053,0.980250895023346,0.46
329700,0.9888225197792053,0.980250895023346,0.60
329800,0.9888225197792053,0.980250895023346,0.46
329900,0.9888225197792053,0.980250895023346,0.36
330000,0.9888225197792053,0.980250895023346,0.47
330100,0.9888225197792053,0.980250895023346,0.37
330200,0.9888225197792053,0.980250895023346,0.40
330300,0.9888225197792053,0.980250895023346,0.39
330400,0.9888225197792053,0.980250895023346,0.39
330500,0.9888225197792053,0.980250895023346,0.45
330600,0.9888225197792053,0.980250895023346,0.46
330700,0.9888225197792053,0.980250895023346,0.33
330800,0.9888225197792053,0.980250895023346,0.40
330900,0.9888225197792053,0.980250895023346,0.46
331000,0.9888225197792053,0.980250895023346,0.46
331100,0.9888225197792053,0.980250895023346,0.31
331200,0.9888225197792053,0.980250895023346,0.43
331300,0.9888225197792053,0.980250895023346,0.44
331400,0.9888225197792053,0.980250895023346,0.48
331500,0.9888225197792053,0.980250895023346,0.41
331600,0.9888225197792053,0.980250895023346,0.46
331700,0.9888225197792053,0.980250895023346,0.33
331800,0.9888225197792053,0.980250895023346,0.36
331900,0.9888225197792053,0.980250895023346,0.41
332000,0.9888225197792053,0.980250895023346,0.41
332100,0.9888225197792053,0.980250895023346,0.40
332200,0.9888225197792053,0.980250895023346,0.56
332300,0.9888225197792053,0.980250895023346,0.45
332400,0.9888225197792053,0.980250895023346,0.44
332500,0.9888225197792053,0.980250895023346,0.40
332600,0.9888225197792053,0.980250895023346,0.35
332700,0.9888225197792053,0.980250895023346,0.45
332800,0.9888225197792053,0.980250895023346,0.40
332900,0.9888225197792053,0.980250895023346,0.46
333000,0.9888225197792053,0.980250895023346,0.40
333100,0.9888225197792053,0.980250895023346,0.45
333200,0.9888225197792053,0.980250895023346,0.47
333300,0.9888225197792053,0.980250895023346,0.37
333400,0.9888225197792053,0.980250895023346,0.46
333500,0.9888225197792053,0.980250895023346,0.40
333600,0.9888225197792053,0.980250895023346,0.39
333700,0.9888225197792053,0.980250895023346,0.45
333800,0.9888225197792053,0.980250895023346,0.46
333900,0.9888225197792053,0.980250895023346,0.45
334000,0.9888225197792053,0.980250895023346,0.41
334100,0.9888225197792053,0.980250895023346,0.45
334200,0.9888225197792053,0.980250895023346,0.45
334300,0.9888225197792053,0.980250895023346,0.42
334400,0.9888225197792053,0.980250895023346,0.40
334500,0.9888225197792053,0.980250895023346,0.45
334600,0.9888225197792053,0.980250895023346,0.44
334700,0.9888225197792053,0.980250895023346,0.62
334800,0.9888225197792053,0.980250895023346,0.41
334900,0.9888225197792053,0.980250895023346,0.35
335000,0.9888225197792053,0.980250895023346,0.44
335100,0.9888225197792053,0.980250895023346,0.45
335200,0.9888225197792053,0.980250895023346,0.45
335300,0.9888225197792053,0.980250895023346,0.47
335400,0.9888225197792053,0.980250895023346,0.45
335500,0.9888225197792053,0.980250895023346,0.37
335600,0.9888225197792053,0.980250895023346,0.41
335700,0.9888225197792053,0.980250895023346,0.43
335800,0.9888225197792053,0.980250895023346,0.43
335900,0.9888225197792053,0.980250895023346,0.44
336000,0.9888225197792053,0.980250895023346,0.32
336100,0.9888225197792053,0.980250895023346,0.47
336200,0.9888225197792053,0.980250895023346,0.47
336300,0.9888225197792053,0.980250895023346,0.36
336400,0.9888225197792053,0.980250895023346,0.33
336500,0.9888225197792053,0.980250895023346,0.46
336600,0.9888225197792053,0.980250895023346,0.30
336700,0.9888225197792053,0.980250895023346,0.31
336800,0.9888225197792053,0.980250895023346,0.30
336900,0.9888225197792053,0.980250895023346,0.45
337000,0.9888225197792053,0.980250895023346,0.39
337100,0.9888225197792053,0.980250895023346,0.46
337200,0.9888225197792053,0.980250895023346,0.59
337300,0.9888225197792053,0.980250895023346,0.33
337400,0.9888225197792053,0.980250895023346,0.47
337500,0.9888225197792053,0.980250895023346,0.45
337600,0.9888225197792053,0.980250895023346,0.41
337700,0.9888225197792053,0.980250895023346,0.37
337800,0.9888225197792053,0.980250895023346,0.46
337900,0.9888225197792053,0.980250895023346,0.46
338000,0.9888225197792053,0.980250895023346,0.45
338100,0.9888225197792053,0.980250895023346,0.45
338200,0.9888225197792053,0.980250895023346,0.34
338300,0.9888225197792053,0.980250895023346,0.30
338400,0.9888225197792053,0.980250895023346,0.44
338500,0.9888225197792053,0.980250895023346,0.47
338600,0.9888225197792053,0.980250895023346,0.36
338700,0.9888225197792053,0.980250895023346,0.45
338800,0.9888225197792053,0.980250895023346,0.41
338900,0.9888225197792053,0.980250895023346,0.35
339000,0.9888225197792053,0.980250895023346,0.38
339100,0.9888225197792053,0.980250895023346,0.43
339200,0.9888225197792053,0.980250895023346,0.40
339300,0.9888225197792053,0.980250895023346,0.34
339400,0.9888225197792053,0.980250895023346,0.45
339500,0.9888225197792053,0.980250895023346,0.46
339600,0.9888225197792053,0.980250895023346,0.47
339700,0.9888225197792053,0.980250895023346,0.63
339800,0.9888225197792053,0.980250895023346,0.42
339900,0.9888225197792053,0.980250895023346,0.33
340000,0.9888225197792053,0.980250895023346,0.45
340100,0.9888225197792053,0.980250895023346,0.36
340200,0.9888225197792053,0.980250895023346,0.45
340300,0.9888225197792053,0.980250895023346,0.44
340400,0.9888225197792053,0.980250895023346,0.45
340500,0.9888225197792053,0.980250895023346,0.44
340600,0.9888225197792053,0.980250895023346,0.37
340700,0.9888225197792053,0.980250895023346,0.37
340800,0.9888225197792053,0.980250895023346,0.46
340900,0.9888225197792053,0.980250895023346,0.40
341000,0.9888225197792053,0.980250895023346,0.33
341100,0.9888225197792053,0.980250895023346,0.45
341200,0.9888225197792053,0.980250895023346,0.30
341300,0.9888225197792053,0.980250895023346,0.45
341400,0.9888225197792053,0.980250895023346,0.45
341500,0.9888225197792053,0.980250895023346,0.44
341600,0.9888225197792053,0.980250895023346,0.45
341700,0.9888225197792053,0.980250895023346,0.35
341800,0.9888225197792053,0.980250895023346,0.46
341900,0.9888225197792053,0.980250895023346,0.39
342000,0.9888225197792053,0.980250895023346,0.44
342100,0.9888225197792053,0.980250895023346,0.45
342200,0.9888225197792053,0.980250895023346,0.62
342300,0.9888225197792053,0.980250895023346,0.45
342400,0.9888225197792053,0.980250895023346,0.33
342500,0.9888225197792053,0.980250895023346,0.43
342600,0.9888225197792053,0.980250895023346,0.39
342700,0.9888225197792053,0.980250895023346,0.36
342800,0.9888225197792053,0.980250895023346,0.46
342900,0.9888225197792053,0.980250895023346,0.46
343000,0.9888225197792053,0.980250895023346,0.41
343100,0.9888225197792053,0.980250895023346,0.37
343200,0.9888225197792053,0.980250895023346,0.30
343300,0.9888225197792053,0.980250895023346,0.39
343400,0.9888225197792053,0.980250895023346,0.46
343500,0.9888225197792053,0.980250895023346,0.47
343600,0.9888225197792053,0.980250895023346,0.40
343700,0.9888225197792053,0.980250895023346,0.46
343800,0.9888225197792053,0.980250895023346,0.42
343900,0.9888225197792053,0.980250895023346,0.41
344000,0.9888225197792053,0.980250895023346,0.46
344100,0.9888225197792053,0.980250895023346,0.38
344200,0.9888225197792053,0.980250895023346,0.31
344300,0.9888225197792053,0.980250895023346,0.45
344400,0.9888225197792053,0.980250895023346,0.44
344500,0.9888225197792053,0.980250895023346,0.38
344600,0.9888225197792053,0.980250895023346,0.47
344700,0.9888225197792053,0.980250895023346,0.61
344800,0.9888225197792053,0.980250895023346,0.37
344900,0.9888225197792053,0.980250895023346,0.40
345000,0.9888225197792053,0.980250895023346,0.46
345100,0.9888225197792053,0.980250895023346,0.45
345200,0.9888225197792053,0.980250895023346,0.45
345300,0.9888225197792053,0.980250895023346,0.46
345400,0.9888225197792053,0.980250895023346,0.43
345500,0.9888225197792053,0.980250895023346,0.46
345600,0.9888225197792053,0.980250895023346,0.47
345700,0.9888225197792053,0.980250895023346,0.40
345800,0.9888225197792053,0.980250895023346,0.39
345900,0.9888225197792053,0.980250895023346,0.30
346000,0.9888225197792053,0.980250895023346,0.37
346100,0.9888225197792053,0.980250895023346,0.43
346200,0.9888225197792053,0.980250895023346,0.45
346300,0.9888225197792053,0.980250895023346,0.39
346400,0.9888225197792053,0.980250895023346,0.46
346500,0.9888225197792053,0.980250895023346,0.37
346600,0.9888225197792053,0.980250895023346,0.30
346700,0.9888225197792053,0.980250895023346,0.39
346800,0.9888225197792053,0.980250895023346,0.46
346900,0.9888225197792053,0.980250895023346,0.41
347000,0.9888225197792053,0.980250895023346,0.38
347100,0.9888225197792053,0.980250895023346,0.39
347200,0.9888225197792053,0.980250895023346,0.61
347300,0.9888225197792053,0.980250895023346,0.45
347400,0.9888225197792053,0.980250895023346,0.46
347500,0.9888225197792053,0.980250895023346,0.47
347600,0.9888225197792053,0.980250895023346,0.36
347700,0.9888225197792053,0.980250895023346,0.46
347800,0.9888225197792053,0.980250895023346,0.46
347900,0.9888225197792053,0.980250895023346,0.34
348000,0.9888225197792053,0.980250895023346,0.47
348100,0.9888225197792053,0.980250895023346,0.35
348200,0.9888225197792053,0.980250895023346,0.36
348300,0.9888225197792053,0.980250895023346,0.44
348400,0.9888225197792053,0.980250895023346,0.47
348500,0.9888225197792053,0.980250895023346,0.47
348600,0.9888225197792053,0.980250895023346,0.37
348700,0.9888225197792053,0.980250895023346,0.48
348800,0.9888225197792053,0.980250895023346,0.31
348900,0.9888225197792053,0.980250895023346,0.38
349000,0.9888225197792053,0.980250895023346,0.47
349100,0.9888225197792053,0.980250895023346,0.45
349200,0.9888225197792053,0.980250895023346,0.38
349300,0.9888225197792053,0.980250895023346,0.47
349400,0.9888225197792053,0.980250895023346,0.45
349500,0.9888225197792053,0.980250895023346,0.46
349600,0.9888225197792053,0.980250895023346,0.47
349700,0.9888225197792053,0.980250895023346,0.58
349800,0.9888225197792053,0.980250895023346,0.47
349900,0.9888225197792053,0.980250895023346,0.37
350000,0.9888225197792053,0.980250895023346,0.47
350100,0.9888225197792053,0.980250895023346,0.46
350200,0.9888225197792053,0.980250895023346,0.47
350300,0.9888225197792053,0.980250895023346,0.40
350400,0.9888225197792053,0.980250895023346,0.45
350500,0.9888225197792053,0.980250895023346,0.45
350600,0.9888225197792053,0.980250895023346,0.37
350700,0.9888225197792053,0.980250895023346,0.29
350800,0.9888225197792053,0.980250895023346,0.40
350900,0.9888225197792053,0.980250895023346,0.40
351000,0.9888225197792053,0.980250895023346,0.41
351100,0.9888225197792053,0.980250895023346,0.39
351200,0.9888225197792053,0.980250895023346,0.47
351300,0.9888225197792053,0.980250895023346,0.30
351400,0.9888225197792053,0.980250895023346,0.41
351500,0.9888225197792053,0.980250895023346,0.41
351600,0.9888225197792053,0.980250895023346,0.41
351700,0.9888225197792053,0.980250895023346,0.46
351800,0.9888225197792053,0.980250895023346,0.45
351900,0.9888225197792053,0.980250895023346,0.45
352000,0.9888225197792053,0.980250895023346,0.47
352100,0.9888225197792053,0.980250895023346,0.39
352200,0.9888225197792053,0.980250895023346,0.54
352300,0.9888225197792053,0.980250895023346,0.37
352400,0.9888225197792053,0.980250895023346,0.45
352500,0.9888225197792053,0.980250895023346,0.46
352600,0.9888225197792053,0.980250895023346,0.45
352700,0.9888225197792053,0.980250895023346,0.38
352800,0.9888225197792053,0.980250895023346,0.34
352900,0.9888225197792053,0.980250895023346,0.46
353000,0.9888225197792053,0.980250895023346,0.46
353100,0.9888225197792053,0.980250895023346,0.46
353200,0.9888225197792053,0.980250895023346,0.36
353300,0.9888225197792053,0.980250895023346,0.48
353400,0.9888225197792053,0.980250895023346,0.46
353500,0.9888225197792053,0.980250895023346,0.42
353600,0.9888225197792053,0.980250895023346,0.46
353700,0.9888225197792053,0.980250895023346,0.32
353800,0.9888225197792053,0.980250895023346,0.32
353900,0.9888225197792053,0.980250895023346,0.32
354000,0.9888225197792053,0.980250895023346,0.43
354100,0.9888225197792053,0.980250895023346,0.38
354200,0.9888225197792053,0.980250895023346,0.34
354300,0.9888225197792053,0.980250895023346,0.42
354400,0.9888225197792053,0.980250895023346,0.36
354500,0.9888225197792053,0.980250895023346,0.47
354600,0.9888225197792053,0.980250895023346,0.39
354700,0.9888225197792053,0.980250895023346,0.51
354800,0.9888225197792053,0.980250895023346,0.45
354900,0.9888225197792053,0.980250895023346,0.37
355000,0.9888225197792053,0.980250895023346,0.47
355100,0.9888225197792053,0.980250895023346,0.38
355200,0.9888225197792053,0.980250895023346,0.34
355300,0.9888225197792053,0.980250895023346,0.44
355400,0.9888225197792053,0.980250895023346,0.46
355500,0.9888225197792053,0.980250895023346,0.41
355600,0.9888225197792053,0.980250895023346,0.37
355700,0.9888225197792053,0.980250895023346,0.30
355800,0.9888225197792053,0.980250895023346,0.47
355900,0.9888225197792053,0.980250895023346,0.47
356000,0.9888225197792053,0.980250895023346,0.47
356100,0.9888225197792053,0.980250895023346,0.44
356200,0.9888225197792053,0.980250895023346,0.38
356300,0.9888225197792053,0.980250895023346,0.45
356400,0.9888225197792053,0.980250895023346,0.41
356500,0.9888225197792053,0.980250895023346,0.46
356600,0.9888225197792053,0.980250895023346,0.46
356700,0.9888225197792053,0.980250895023346,0.41
356800,0.9888225197792053,0.980250895023346,0.46
356900,0.9888225197792053,0.980250895023346,0.40
357000,0.9888225197792053,0.980250895023346,0.44
357100,0.9888225197792053,0.980250895023346,0.45
357200,0.9888225197792053,0.980250895023346,0.53
357300,0.9888225197792053,0.980250895023346,0.36
357400,0.9888225197792053,0.980250895023346,0.42
357500,0.9888225197792053,0.980250895023346,0.31
357600,0.9888225197792053,0.980250895023346,0.37
357700,0.9888225197792053,0.980250895023346,0.45
357800,0.9888225197792053,0.980250895023346,0.46
357900,0.9888225197792053,0.980250895023346,0.37
358000,0.9888225197792053,0.980250895023346,0.43
358100,0.9888225197792053,0.980250895023346,0.42
358200,0.9888225197792053,0.980250895023346,0.45
358300,0.9888225197792053,0.980250895023346,0.38
358400,0.9888225197792053,0.980250895023346,0.45
358500,0.9888225197792053,0.980250895023346,0.46
358600,0.9888225197792053,0.980250895023346,0.46
358700,0.9888225197792053,0.980250895023346,0.43
358800,0.9888225197792053,0.980250895023346,0.38
358900,0.9888225197792053,0.980250895023346,0.40
359000,0.9888225197792053,0.980250895023346,0.45
359100,0.9888225197792053,0.980250895023346,0.42
359200,0.9888225197792053,0.980250895023346,0.41
359300,0.9888225197792053,0.980250895023346,0.43
359400,0.9888225197792053,0.980250895023346,0.39
359500,0.9888225197792053,0.980250895023346,0.45
359600,0.9888225197792053,0.980250895023346,0.47
359700,0.9888225197792053,0.980250895023346,0.59
359800,0.9888225197792053,0.980250895023346,0.47
359900,0.9888225197792053,0.980250895023346,0.45
360000,0.9888225197792053,0.980250895023346,0.41
360100,0.9888225197792053,0.980250895023346,0.41
360200,0.9888225197792053,0.980250895023346,0.45
360300,0.9888225197792053,0.980250895023346,0.35
360400,0.9888225197792053,0.980250895023346,0.47
360500,0.9888225197792053,0.980250895023346,0.44
360600,0.9888225197792053,0.980250895023346,0.39
360700,0.9888225197792053,0.980250895023346,0.46
360800,0.9888225197792053,0.980250895023346,0.47
360900,0.9888225197792053,0.980250895023346,0.47
361000,0.9888225197792053,0.980250895023346,0.43
361100,0.9888225197792053,0.980250895023346,0.45
361200,0.9888225197792053,0.980250895023346,0.39
361300,0.9888225197792053,0.980250895023346,0.39
361400,0.9888225197792053,0.980250895023346,0.46
361500,0.9888225197792053,0.980250895023346,0.42
361600,0.9888225197792053,0.980250895023346,0.41
361700,0.9888225197792053,0.980250895023346,0.43
361800,0.9888225197792053,0.980250895023346,0.42
361900,0.9888225197792053,0.980250895023346,0.45
362000,0.9888225197792053,0.980250895023346,0.31
362100,0.9888225197792053,0.980250895023346,0.37
362200,0.9888225197792053,0.980250895023346,0.62
362300,0.9888225197792053,0.980250895023346,0.43
362400,0.9888225197792053,0.980250895023346,0.41
362500,0.9888225197792053,0.980250895023346,0.46
362600,0.9888225197792053,0.980250895023346,0.47
362700,0.9888225197792053,0.980250895023346,0.39
362800,0.9888225197792053,0.980250895023346,0.41
362900,0.9888225197792053,0.980250895023346,0.46
363000,0.9888225197792053,0.980250895023346,0.46
363100,0.9888225197792053,0.980250895023346,0.41
363200,0.9888225197792053,0.980250895023346,0.38
363300,0.9888225197792053,0.980250895023346,0.37
363400,0.9888225197792053,0.980250895023346,0.46
363500,0.9888225197792053,0.980250895023346,0.43
363600,0.9888225197792053,0.980250895023346,0.38
363700,0.9888225197792053,0.980250895023346,0.39
363800,0.9888225197792053,0.980250895023346,0.44
363900,0.9888225197792053,0.980250895023346,0.38
364000,0.9888225197792053,0.980250895023346,0.39
364100,0.9888225197792053,0.980250895023346,0.43
364200,0.9888225197792053,0.980250895023346,0.37
364300,0.9888225197792053,0.980250895023346,0.41
364400,0.9888225197792053,0.980250895023346,0.37
364500,0.9888225197792053,0.980250895023346,0.47
364600,0.9888225197792053,0.980250895023346,0.41
364700,0.9888225197792053,0.980250895023346,0.57
364800,0.9888225197792053,0.980250895023346,0.40
364900,0.9888225197792053,0.980250895023346,0.46
365000,0.9888225197792053,0.980250895023346,0.34
365100,0.9888225197792053,0.980250895023346,0.46
365200,0.9888225197792053,0.980250895023346,0.29
365300,0.9888225197792053,0.980250895023346,0.44
365400,0.9888225197792053,0.980250895023346,0.37
365500,0.9888225197792053,0.980250895023346,0.40
365600,0.9888225197792053,0.980250895023346,0.34
365700,0.9888225197792053,0.980250895023346,0.35
365800,0.9888225197792053,0.980250895023346,0.45
365900,0.9888225197792053,0.980250895023346,0.38
366000,0.9888225197792053,0.980250895023346,0.34
366100,0.9888225197792053,0.980250895023346,0.43
366200,0.9888225197792053,0.980250895023346,0.47
366300,0.9888225197792053,0.980250895023346,0.46
366400,0.9888225197792053,0.980250895023346,0.43
366500,0.9888225197792053,0.980250895023346,0.41
366600,0.9888225197792053,0.980250895023346,0.40
366700,0.9888225197792053,0.980250895023346,0.44
366800,0.9888225197792053,0.980250895023346,0.41
366900,0.9888225197792053,0.980250895023346,0.44
367000,0.9888225197792053,0.980250895023346,0.44
367100,0.9888225197792053,0.980250895023346,0.47
367200,0.9888225197792053,0.980250895023346,0.51
367300,0.9888225197792053,0.980250895023346,0.47
367400,0.9888225197792053,0.980250895023346,0.47
367500,0.9888225197792053,0.980250895023346,0.46
367600,0.9888225197792053,0.980250895023346,0.38
367700,0.9888225197792053,0.980250895023346,0.44
367800,0.9888225197792053,0.980250895023346,0.46
367900,0.9888225197792053,0.980250895023346,0.45
368000,0.9888225197792053,0.980250895023346,0.47
368100,0.9888225197792053,0.980250895023346,0.46
368200,0.9888225197792053,0.980250895023346,0.46
368300,0.9888225197792053,0.980250895023346,0.44
368400,0.9888225197792053,0.980250895023346,0.46
368500,0.9888225197792053,0.980250895023346,0.46
368600,0.9888225197792053,0.980250895023346,0.44
368700,0.9888225197792053,0.980250895023346,0.42
368800,0.9888225197792053,0.980250895023346,0.40
368900,0.9888225197792053,0.980250895023346,0.46
369000,0.9888225197792053,0.980250895023346,0.40
369100,0.9888225197792053,0.980250895023346,0.47
369200,0.9888225197792053,0.980250895023346,0.41
369300,0.9888225197792053,0.980250895023346,0.46
369400,0.9888225197792053,0.980250895023346,0.45
369500,0.9888225197792053,0.980250895023346,0.38
369600,0.9888225197792053,0.980250895023346,0.35
369700,0.9888225197792053,0.980250895023346,0.61
369800,0.9888225197792053,0.980250895023346,0.47
369900,0.9888225197792053,0.980250895023346,0.47
370000,0.9888225197792053,0.980250895023346,0.30
370100,0.9888225197792053,0.980250895023346,0.43
370200,0.9888225197792053,0.980250895023346,0.43
370300,0.9888225197792053,0.980250895023346,0.38
370400,0.9888225197792053,0.980250895023346,0.31
370500,0.9888225197792053,0.980250895023346,0.47
370600,0.9888225197792053,0.980250895023346,0.30
370700,0.9888225197792053,0.980250895023346,0.36
370800,0.9888225197792053,0.980250895023346,0.46
370900,0.9888225197792053,0.980250895023346,0.41
371000,0.9888225197792053,0.980250895023346,0.46
371100,0.9888225197792053,0.980250895023346,0.42
371200,0.9888225197792053,0.980250895023346,0.44
371300,0.9888225197792053,0.980250895023346,0.47
371400,0.9888225197792053,0.980250895023346,0.43
371500,0.9888225197792053,0.980250895023346,0.46
371600,0.9888225197792053,0.980250895023346,0.44
371700,0.9888225197792053,0.980250895023346,0.47
371800,0.9888225197792053,0.980250895023346,0.40
371900,0.9888225197792053,0.980250895023346,0.45
372000,0.9888225197792053,0.980250895023346,0.48
372100,0.9888225197792053,0.980250895023346,0.48
372200,0.9888225197792053,0.980250895023346,0.63
372300,0.9888225197792053,0.980250895023346,0.46
372400,0.9888225197792053,0.980250895023346,0.33
372500,0.9888225197792053,0.980250895023346,0.47
372600,0.9888225197792053,0.980250895023346,0.45
372700,0.9888225197792053,0.980250895023346,0.43
372800,0.9888225197792053,0.980250895023346,0.42
372900,0.9888225197792053,0.980250895023346,0.45
373000,0.9888225197792053,0.980250895023346,0.43
373100,0.9888225197792053,0.980250895023346,0.37
373200,0.9888225197792053,0.980250895023346,0.45
373300,0.9888225197792053,0.980250895023346,0.37
373400,0.9888225197792053,0.980250895023346,0.39
373500,0.9888225197792053,0.980250895023346,0.46
373600,0.9888225197792053,0.980250895023346,0.46
373700,0.9888225197792053,0.980250895023346,0.42
373800,0.9888225197792053,0.980250895023346,0.42
373900,0.9888225197792053,0.980250895023346,0.42
374000,0.9888225197792053,0.980250895023346,0.37
374100,0.9888225197792053,0.980250895023346,0.41
374200,0.9888225197792053,0.980250895023346,0.48
374300,0.9888225197792053,0.980250895023346,0.49
374400,0.9888225197792053,0.980250895023346,0.39
374500,0.9888225197792053,0.980250895023346,0.47
374600,0.9888225197792053,0.980250895023346,0.39
374700,0.9888225197792053,0.980250895023346,0.50
374800,0.9888225197792053,0.980250895023346,0.45
374900,0.9888225197792053,0.980250895023346,0.32
375000,0.9888225197792053,0.980250895023346,0.47
375100,0.9888225197792053,0.980250895023346,0.40
375200,0.9888225197792053,0.980250895023346,0.45
375300,0.9888225197792053,0.980250895023346,0.33
375400,0.9888225197792053,0.980250895023346,0.45
375500,0.9888225197792053,0.980250895023346,0.47
375600,0.9888225197792053,0.980250895023346,0.35
375700,0.9888225197792053,0.980250895023346,0.45
375800,0.9888225197792053,0.980250895023346,0.31
375900,0.9888225197792053,0.980250895023346,0.39
376000,0.9888225197792053,0.980250895023346,0.46
376100,0.9888225197792053,0.980250895023346,0.34
376200,0.9888225197792053,0.980250895023346,0.42
376300,0.9888225197792053,0.980250895023346,0.38
376400,0.9888225197792053,0.980250895023346,0.39
376500,0.9888225197792053,0.980250895023346,0.40
376600,0.9888225197792053,0.980250895023346,0.46
376700,0.9888225197792053,0.980250895023346,0.46
376800,0.9888225197792053,0.980250895023346,0.30
376900,0.9888225197792053,0.980250895023346,0.40
377000,0.9888225197792053,0.980250895023346,0.41
377100,0.9888225197792053,0.980250895023346,0.49
377200,0.9888225197792053,0.980250895023346,0.58
377300,0.9888225197792053,0.980250895023346,0.43
377400,0.9888225197792053,0.980250895023346,0.43
377500,0.9888225197792053,0.980250895023346,0.42
377600,0.9888225197792053,0.980250895023346,0.46
377700,0.9888225197792053,0.980250895023346,0.44
377800,0.9888225197792053,0.980250895023346,0.41
377900,0.9888225197792053,0.980250895023346,0.45
378000,0.9888225197792053,0.980250895023346,0.41
378100,0.9888225197792053,0.980250895023346,0.46
378200,0.9888225197792053,0.980250895023346,0.42
378300,0.9888225197792053,0.980250895023346,0.46
378400,0.9888225197792053,0.980250895023346,0.46
378500,0.9888225197792053,0.980250895023346,0.35
378600,0.9888225197792053,0.980250895023346,0.41
378700,0.9888225197792053,0.980250895023346,0.47
378800,0.9888225197792053,0.980250895023346,0.45
378900,0.9888225197792053,0.980250895023346,0.30
379000,0.9888225197792053,0.980250895023346,0.42
379100,0.9888225197792053,0.980250895023346,0.43
379200,0.9888225197792053,0.980250895023346,0.38
379300,0.9888225197792053,0.980250895023346,0.44
379400,0.9888225197792053,0.980250895023346,0.46
379500,0.9888225197792053,0.980250895023346,0.41
379600,0.9888225197792053,0.980250895023346,0.46
379700,0.9888225197792053,0.980250895023346,0.61
379800,0.9888225197792053,0.980250895023346,0.31
379900,0.9888225197792053,0.980250895023346,0.43
380000,0.9888225197792053,0.980250895023346,0.40
380100,0.9888225197792053,0.980250895023346,0.40
380200,0.9888225197792053,0.980250895023346,0.44
380300,0.9888225197792053,0.980250895023346,0.32
380400,0.9888225197792053,0.980250895023346,0.33
380500,0.9888225197792053,0.980250895023346,0.46
380600,0.9888225197792053,0.980250895023346,0.44
380700,0.9888225197792053,0.980250895023346,0.39
380800,0.9888225197792053,0.980250895023346,0.46
380900,0.9888225197792053,0.980250895023346,0.45
381000,0.9888225197792053,0.980250895023346,0.46
381100,0.9888225197792053,0.980250895023346,0.46
381200,0.9888225197792053,0.980250895023346,0.40
381300,0.9888225197792053,0.980250895023346,0.41
381400,0.9888225197792053,0.980250895023346,0.39
381500,0.9888225197792053,0.980250895023346,0.35
381600,0.9888225197792053,0.980250895023346,0.40
381700,0.9888225197792053,0.980250895023346,0.35
381800,0.9888225197792053,0.980250895023346,0.42
381900,0.9888225197792053,0.980250895023346,0.46
382000,0.9888225197792053,0.980250895023346,0.43
382100,0.9888225197792053,0.980250895023346,0.45
382200,0.9888225197792053,0.980250895023346,0.58
382300,0.9888225197792053,0.980250895023346,0.32
382400,0.9888225197792053,0.980250895023346,0.42
382500,0.9888225197792053,0.980250895023346,0.45
382600,0.9888225197792053,0.980250895023346,0.43
382700,0.9888225197792053,0.980250895023346,0.39
382800,0.9888225197792053,0.980250895023346,0.46
382900,0.9888225197792053,0.980250895023346,0.46
383000,0.9888225197792053,0.980250895023346,0.42
383100,0.9888225197792053,0.980250895023346,0.41
383200,0.9888225197792053,0.980250895023346,0.33
383300,0.9888225197792053,0.980250895023346,0.42
383400,0.9888225197792053,0.980250895023346,0.42
383500,0.9888225197792053,0.980250895023346,0.44
383600,0.9888225197792053,0.980250895023346,0.47
383700,0.9888225197792053,0.980250895023346,0.42
383800,0.9888225197792053,0.980250895023346,0.32
383900,0.9888225197792053,0.980250895023346,0.47
384000,0.9888225197792053,0.980250895023346,0.47
384100,0.9888225197792053,0.980250895023346,0.41
384200,0.9888225197792053,0.980250895023346,0.39
384300,0.9888225197792053,0.980250895023346,0.43
384400,0.9888225197792053,0.980250895023346,0.43
384500,0.9888225197792053,0.980250895023346,0.36
384600,0.9888225197792053,0.980250895023346,0.39
384700,0.9888225197792053,0.980250895023346,0.54
384800,0.9888225197792053,0.980250895023346,0.46
384900,0.9888225197792053,0.980250895023346,0.42
385000,0.9888225197792053,0.980250895023346,0.38
385100,0.9888225197792053,0.980250895023346,0.44
385200,0.9888225197792053,0.980250895023346,0.31
385300,0.9888225197792053,0.980250895023346,0.34
385400,0.9888225197792053,0.980250895023346,0.46
385500,0.9888225197792053,0.980250895023346,0.36
385600,0.9888225197792053,0.980250895023346,0.30
385700,0.9888225197792053,0.980250895023346,0.46
385800,0.9888225197792053,0.980250895023346,0.47
385900,0.9888225197792053,0.980250895023346,0.46
386000,0.9888225197792053,0.980250895023346,0.43
386100,0.9888225197792053,0.980250895023346,0.45
386200,0.9888225197792053,0.980250895023346,0.46
386300,0.9888225197792053,0.980250895023346,0.42
386400,0.9888225197792053,0.980250895023346,0.43
386500,0.9888225197792053,0.980250895023346,0.45
386600,0.9888225197792053,0.980250895023346,0.41
386700,0.9888225197792053,0.980250895023346,0.46
386800,0.9888225197792053,0.980250895023346,0.47
386900,0.9888225197792053,0.980250895023346,0.38
387000,0.9888225197792053,0.980250895023346,0.46
387100,0.9888225197792053,0.980250895023346,0.42
387200,0.9888225197792053,0.980250895023346,0.54
387300,0.9888225197792053,0.980250895023346,0.35
387400,0.9888225197792053,0.980250895023346,0.42
387500,0.9888225197792053,0.980250895023346,0.37
387600,0.9888225197792053,0.980250895023346,0.46
387700,0.9888225197792053,0.980250895023346,0.42
387800,0.9888225197792053,0.980250895023346,0.47
387900,0.9888225197792053,0.980250895023346,0.41
388000,0.9888225197792053,0.980250895023346,0.43
388100,0.9888225197792053,0.980250895023346,0.41
388200,0.9888225197792053,0.980250895023346,0.44
388300,0.9888225197792053,0.980250895023346,0.37
388400,0.9888225197792053,0.980250895023346,0.34
388500,0.9888225197792053,0.980250895023346,0.44
388600,0.9888225197792053,0.980250895023346,0.35
388700,0.9888225197792053,0.980250895023346,0.46
388800,0.9888225197792053,0.980250895023346,0.44
388900,0.9888225197792053,0.980250895023346,0.41
389000,0.9888225197792053,0.980250895023346,0.47
389100,0.9888225197792053,0.980250895023346,0.36
389200,0.9888225197792053,0.980250895023346,0.37
389300,0.9888225197792053,0.980250895023346,0.39
389400,0.9888225197792053,0.980250895023346,0.45
389500,0.9888225197792053,0.980250895023346,0.47
389600,0.9888225197792053,0.980250895023346,0.46
389700,0.9888225197792053,0.980250895023346,0.59
389800,0.9888225197792053,0.980250895023346,0.30
389900,0.9888225197792053,0.980250895023346,0.41
390000,0.9888225197792053,0.980250895023346,0.45
390100,0.9888225197792053,0.980250895023346,0.39
390200,0.9888225197792053,0.980250895023346,0.46
390300,0.9888225197792053,0.980250895023346,0.43
390400,0.9888225197792053,0.980250895023346,0.42
390500,0.9888225197792053,0.980250895023346,0.38
390600,0.9888225197792053,0.980250895023346,0.39
390700,0.9888225197792053,0.980250895023346,0.41
390800,0.9888225197792053,0.980250895023346,0.39
390900,0.9888225197792053,0.980250895023346,0.37
391000,0.9888225197792053,0.980250895023346,0.42
391100,0.9888225197792053,0.980250895023346,0.45
391200,0.9888225197792053,0.980250895023346,0.40
391300,0.9888225197792053,0.980250895023346,0.40
391400,0.9888225197792053,0.980250895023346,0.46
391500,0.9888225197792053,0.980250895023346,0.45
391600,0.9888225197792053,0.980250895023346,0.45
391700,0.9888225197792053,0.980250895023346,0.47
391800,0.9888225197792053,0.980250895023346,0.46
391900,0.9888225197792053,0.980250895023346,0.40
392000,0.9888225197792053,0.980250895023346,0.41
392100,0.9888225197792053,0.980250895023346,0.39
392200,0.9888225197792053,0.980250895023346,0.48
392300,0.9888225197792053,0.980250895023346,0.48
392400,0.9888225197792053,0.980250895023346,0.29
392500,0.9888225197792053,0.980250895023346,0.45
392600,0.9888225197792053,0.980250895023346,0.44
392700,0.9888225197792053,0.980250895023346,0.45
392800,0.9888225197792053,0.980250895023346,0.39
392900,0.9888225197792053,0.980250895023346,0.39
393000,0.9888225197792053,0.980250895023346,0.42
393100,0.9888225197792053,0.980250895023346,0.46
393200,0.9888225197792053,0.980250895023346,0.41
393300,0.9888225197792053,0.980250895023346,0.38
393400,0.9888225197792053,0.980250895023346,0.45
393500,0.9888225197792053,0.980250895023346,0.44
393600,0.9888225197792053,0.980250895023346,0.30
393700,0.9888225197792053,0.980250895023346,0.32
393800,0.9888225197792053,0.980250895023346,0.46
393900,0.9888225197792053,0.980250895023346,0.46
394000,0.9888225197792053,0.980250895023346,0.36
394100,0.9888225197792053,0.980250895023346,0.43
394200,0.9888225197792053,0.980250895023346,0.46
394300,0.9888225197792053,0.980250895023346,0.46
394400,0.9888225197792053,0.980250895023346,0.35
394500,0.9888225197792053,0.980250895023346,0.40
394600,0.9888225197792053,0.980250895023346,0.46
394700,0.9888225197792053,0.980250895023346,0.56
394800,0.9888225197792053,0.980250895023346,0.45
394900,0.9888225197792053,0.980250895023346,0.45
395000,0.9888225197792053,0.980250895023346,0.46
395100,0.9888225197792053,0.980250895023346,0.44
395200,0.9888225197792053,0.980250895023346,0.47
395300,0.9888225197792053,0.980250895023346,0.38
395400,0.9888225197792053,0.980250895023346,0.46
395500,0.9888225197792053,0.980250895023346,0.46
395600,0.9888225197792053,0.980250895023346,0.45
395700,0.9888225197792053,0.980250895023346,0.48
395800,0.9888225197792053,0.980250895023346,0.46
395900,0.9888225197792053,0.980250895023346,0.34
396000,0.9888225197792053,0.980250895023346,0.45
396100,0.9888225197792053,0.980250895023346,0.46
396200,0.9888225197792053,0.980250895023346,0.34
396300,0.9888225197792053,0.980250895023346,0.30
396400,0.9888225197792053,0.980250895023346,0.42
396500,0.9888225197792053,0.980250895023346,0.43
396600,0.9888225197792053,0.980250895023346,0.41
396700,0.9888225197792053,0.980250895023346,0.47
396800,0.9888225197792053,0.980250895023346,0.45
396900,0.9888225197792053,0.980250895023346,0.47
397000,0.9888225197792053,0.980250895023346,0.43
397100,0.9888225197792053,0.980250895023346,0.38
397200,0.9888225197792053,0.980250895023346,0.62
397300,0.9888225197792053,0.980250895023346,0.46
397400,0.9888225197792053,0.980250895023346,0.47
397500,0.9888225197792053,0.980250895023346,0.36
397600,0.9888225197792053,0.980250895023346,0.40
397700,0.9888225197792053,0.980250895023346,0.34
397800,0.9888225197792053,0.980250895023346,0.31
397900,0.9888225197792053,0.980250895023346,0.40
398000,0.9888225197792053,0.980250895023346,0.47
398100,0.9888225197792053,0.980250895023346,0.32
398200,0.9888225197792053,0.980250895023346,0.45
398300,0.9888225197792053,0.980250895023346,0.44
398400,0.9888225197792053,0.980250895023346,0.40
398500,0.9888225197792053,0.980250895023346,0.42
398600,0.9888225197792053,0.980250895023346,0.41
398700,0.9888225197792053,0.980250895023346,0.43
398800,0.9888225197792053,0.980250895023346,0.47
398900,0.9888225197792053,0.980250895023346,0.46
399000,0.9888225197792053,0.980250895023346,0.47
399100,0.9888225197792053,0.980250895023346,0.46
399200,0.9888225197792053,0.980250895023346,0.44
399300,0.9888225197792053,0.980250895023346,0.45
399400,0.9888225197792053,0.980250895023346,0.47
399500,0.9888225197792053,0.980250895023346,0.47
399600,0.9888225197792053,0.980250895023346,0.46
399700,0.9888225197792053,0.980250895023346,0.60
399800,0.9888225197792053,0.980250895023346,0.43
399900,0.9888225197792053,0.980250895023346,0.42
400000,0.9888225197792053,0.980250895023346,0.47
400100,0.9888225197792053,0.980250895023346,0.46
400200,0.9888225197792053,0.980250895023346,0.48
400300,0.9888225197792053,0.980250895023346,0.44
400400,0.9888225197792053,0.980250895023346,0.36
400500,0.9888225197792053,0.980250895023346,0.46
400600,0.9888225197792053,0.980250895023346,0.38
400700,0.9888225197792053,0.980250895023346,0.43
400800,0.9888225197792053,0.980250895023346,0.45
400900,0.9888225197792053,0.980250895023346,0.43
401000,0.9888225197792053,0.980250895023346,0.38
401100,0.9888225197792053,0.980250895023346,0.44
401200,0.9888225197792053,0.980250895023346,0.35
401300,0.9888225197792053,0.980250895023346,0.46
401400,0.9888225197792053,0.980250895023346,0.44
401500,0.9888225197792053,0.980250895023346,0.38
401600,0.9888225197792053,0.980250895023346,0.42
401700,0.9888225197792053,0.980250895023346,0.41
401800,0.9888225197792053,0.980250895023346,0.46
401900,0.9888225197792053,0.980250895023346,0.46
402000,0.9888225197792053,0.980250895023346,0.46
402100,0.9888225197792053,0.980250895023346,0.44
402200,0.9888225197792053,0.980250895023346,0.43
402300,0.9888225197792053,0.980250895023346,0.39
402400,0.9888225197792053,0.980250895023346,0.39
402500,0.9888225197792053,0.980250895023346,0.46
402600,0.9888225197792053,0.980250895023346,0.47
402700,0.9888225197792053,0.980250895023346,0.40
402800,0.9888225197792053,0.980250895023346,0.37
402900,0.9888225197792053,0.980250895023346,0.45
403000,0.9888225197792053,0.980250895023346,0.39
403100,0.9888225197792053,0.980250895023346,0.41
403200,0.9888225197792053,0.980250895023346,0.46
403300,0.9888225197792053,0.980250895023346,0.46
403400,0.9888225197792053,0.980250895023346,0.48
403500,0.9888225197792053,0.980250895023346,0.37
403600,0.9888225197792053,0.980250895023346,0.45
403700,0.9888225197792053,0.980250895023346,0.37
403800,0.9888225197792053,0.980250895023346,0.44
403900,0.9888225197792053,0.980250895023346,0.42
404000,0.9888225197792053,0.980250895023346,0.32
404100,0.9888225197792053,0.980250895023346,0.47
404200,0.9888225197792053,0.980250895023346,0.47
404300,0.9888225197792053,0.980250895023346,0.47
404400,0.9888225197792053,0.980250895023346,0.40
404500,0.9888225197792053,0.980250895023346,0.46
404600,0.9888225197792053,0.980250895023346,0.47
404700,0.9888225197792053,0.980250895023346,0.60
404800,0.9888225197792053,0.980250895023346,0.45
404900,0.9888225197792053,0.980250895023346,0.46
405000,0.9888225197792053,0.980250895023346,0.48
405100,0.9888225197792053,0.980250895023346,0.47
405200,0.9888225197792053,0.980250895023346,0.46
405300,0.9888225197792053,0.980250895023346,0.34
405400,0.9888225197792053,0.980250895023346,0.41
405500,0.9888225197792053,0.980250895023346,0.46
405600,0.9888225197792053,0.980250895023346,0.49
405700,0.9888225197792053,0.980250895023346,0.42
405800,0.9888225197792053,0.980250895023346,0.45
405900,0.9888225197792053,0.980250895023346,0.46
406000,0.9888225197792053,0.980250895023346,0.40
406100,0.9888225197792053,0.980250895023346,0.30
406200,0.9888225197792053,0.980250895023346,0.36
406300,0.9888225197792053,0.980250895023346,0.39
406400,0.9888225197792053,0.980250895023346,0.42
406500,0.9888225197792053,0.980250895023346,0.39
406600,0.9888225197792053,0.980250895023346,0.46
406700,0.9888225197792053,0.980250895023346,0.49
406800,0.9888225197792053,0.980250895023346,0.38
406900,0.9888225197792053,0.980250895023346,0.45
407000,0.9888225197792053,0.980250895023346,0.46
407100,0.9888225197792053,0.980250895023346,0.39
407200,0.9888225197792053,0.980250895023346,0.59
407300,0.9888225197792053,0.980250895023346,0.29
407400,0.9888225197792053,0.980250895023346,0.46
407500,0.9888225197792053,0.980250895023346,0.34
407600,0.9888225197792053,0.980250895023346,0.38
407700,0.9888225197792053,0.980250895023346,0.40
407800,0.9888225197792053,0.980250895023346,0.37
407900,0.9888225197792053,0.980250895023346,0.44
408000,0.9888225197792053,0.980250895023346,0.47
408100,0.9888225197792053,0.980250895023346,0.45
408200,0.9888225197792053,0.980250895023346,0.42
408300,0.9888225197792053,0.980250895023346,0.42
408400,0.9888225197792053,0.980250895023346,0.46
408500,0.9888225197792053,0.980250895023346,0.47
408600,0.9888225197792053,0.980250895023346,0.46
408700,0.9888225197792053,0.980250895023346,0.46
408800,0.9888225197792053,0.980250895023346,0.43
408900,0.9888225197792053,0.980250895023346,0.39
409000,0.9888225197792053,0.980250895023346,0.47
409100,0.9888225197792053,0.980250895023346,0.44
409200,0.9888225197792053,0.980250895023346,0.45
409300,0.9888225197792053,0.980250895023346,0.46
409400,0.9888225197792053,0.980250895023346,0.41
409500,0.9888225197792053,0.980250895023346,0.35
409600,0.9888225197792053,0.980250895023346,0.38
409700,0.9888225197792053,0.980250895023346,0.50
409800,0.9888225197792053,0.980250895023346,0.45
409900,0.9888225197792053,0.980250895023346,0.45
410000,0.9888225197792053,0.980250895023346,0.48
410100,0.9888225197792053,0.980250895023346,0.46
410200,0.9888225197792053,0.980250895023346,0.45
410300,0.9888225197792053,0.980250895023346,0.44
410400,0.9888225197792053,0.980250895023346,0.46
410500,0.9888225197792053,0.980250895023346,0.41
410600,0.9888225197792053,0.980250895023346,0.44
410700,0.9888225197792053,0.980250895023346,0.45
410800,0.9888225197792053,0.980250895023346,0.46
410900,0.9888225197792053,0.980250895023346,0.45
411000,0.9888225197792053,0.980250895023346,0.48
411100,0.9888225197792053,0.980250895023346,0.41
411200,0.9888225197792053,0.980250895023346,0.36
411300,0.9888225197792053,0.980250895023346,0.46
411400,0.9888225197792053,0.980250895023346,0.45
411500,0.9888225197792053,0.980250895023346,0.45
411600,0.9888225197792053,0.980250895023346,0.35
411700,0.9888225197792053,0.980250895023346,0.45
411800,0.9888225197792053,0.980250895023346,0.38
411900,0.9888225197792053,0.980250895023346,0.39
412000,0.9888225197792053,0.980250895023346,0.39
412100,0.9888225197792053,0.980250895023346,0.41
412200,0.9888225197792053,0.980250895023346,0.52
412300,0.9888225197792053,0.980250895023346,0.46
412400,0.9888225197792053,0.980250895023346,0.39
412500,0.9888225197792053,0.980250895023346,0.39
412600,0.9888225197792053,0.980250895023346,0.46
412700,0.9888225197792053,0.980250895023346,0.40
412800,0.9888225197792053,0.980250895023346,0.46
412900,0.9888225197792053,0.980250895023346,0.40
413000,0.9888225197792053,0.980250895023346,0.30
413100,0.9888225197792053,0.980250895023346,0.35
413200,0.9888225197792053,0.980250895023346,0.32
413300,0.9888225197792053,0.980250895023346,0.39
413400,0.9888225197792053,0.980250895023346,0.38
413500,0.9888225197792053,0.980250895023346,0.45
413600,0.9888225197792053,0.980250895023346,0.46
413700,0.9888225197792053,0.980250895023346,0.44
413800,0.9888225197792053,0.980250895023346,0.42
413900,0.9888225197792053,0.980250895023346,0.40
414000,0.9888225197792053,0.980250895023346,0.45
414100,0.9888225197792053,0.980250895023346,0.41
414200,0.9888225197792053,0.980250895023346,0.43
414300,0.9888225197792053,0.980250895023346,0.36
414400,0.9888225197792053,0.980250895023346,0.46
414500,0.9888225197792053,0.980250895023346,0.45
414600,0.9888225197792053,0.980250895023346,0.40
414700,0.9888225197792053,0.980250895023346,0.62
414800,0.9888225197792053,0.980250895023346,0.46
414900,0.9888225197792053,0.980250895023346,0.46
415000,0.9888225197792053,0.980250895023346,0.39
415100,0.9888225197792053,0.980250895023346,0.46
415200,0.9888225197792053,0.980250895023346,0.40
415300,0.9888225197792053,0.980250895023346,0.42
415400,0.9888225197792053,0.980250895023346,0.32
415500,0.9888225197792053,0.980250895023346,0.44
415600,0.9888225197792053,0.980250895023346,0.38
415700,0.9888225197792053,0.980250895023346,0.45
415800,0.9888225197792053,0.980250895023346,0.48
415900,0.9888225197792053,0.980250895023346,0.30
416000,0.9888225197792053,0.980250895023346,0.43
416100,0.9888225197792053,0.980250895023346,0.40
416200,0.9888225197792053,0.980250895023346,0.47
416300,0.9888225197792053,0.980250895023346,0.43
416400,0.9888225197792053,0.980250895023346,0.45
416500,0.9888225197792053,0.980250895023346,0.42
416600,0.9888225197792053,0.980250895023346,0.38
416700,0.9888225197792053,0.980250895023346,0.47
416800,0.9888225197792053,0.980250895023346,0.44
416900,0.9888225197792053,0.980250895023346,0.31
417000,0.9888225197792053,0.980250895023346,0.38
417100,0.9888225197792053,0.980250895023346,0.47
417200,0.9888225197792053,0.980250895023346,0.62
417300,0.9888225197792053,0.980250895023346,0.46
417400,0.9888225197792053,0.980250895023346,0.34
417500,0.9888225197792053,0.980250895023346,0.42
417600,0.9888225197792053,0.980250895023346,0.43
417700,0.9888225197792053,0.980250895023346,0.40
417800,0.9888225197792053,0.980250895023346,0.47
417900,0.9888225197792053,0.980250895023346,0.42
418000,0.9888225197792053,0.980250895023346,0.32
418100,0.9888225197792053,0.980250895023346,0.45
418200,0.9888225197792053,0.980250895023346,0.46
418300,0.9888225197792053,0.980250895023346,0.34
418400,0.9888225197792053,0.980250895023346,0.45
418500,0.9888225197792053,0.980250895023346,0.39
418600,0.9888225197792053,0.980250895023346,0.37
418700,0.9888225197792053,0.980250895023346,0.44
418800,0.9888225197792053,0.980250895023346,0.42
418900,0.9888225197792053,0.980250895023346,0.43
419000,0.9888225197792053,0.980250895023346,0.46
419100,0.9888225197792053,0.980250895023346,0.38
419200,0.9888225197792053,0.980250895023346,0.38
419300,0.9888225197792053,0.980250895023346,0.46
419400,0.9888225197792053,0.980250895023346,0.41
419500,0.9888225197792053,0.980250895023346,0.38
419600,0.9888225197792053,0.980250895023346,0.34
419700,0.9888225197792053,0.980250895023346,0.56
419800,0.9888225197792053,0.980250895023346,0.47
419900,0.9888225197792053,0.980250895023346,0.43
420000,0.9888225197792053,0.980250895023346,0.47
420100,0.9888225197792053,0.980250895023346,0.45
420200,0.9888225197792053,0.980250895023346,0.48
420300,0.9888225197792053,0.980250895023346,0.47
420400,0.9888225197792053,0.980250895023346,0.40
420500,0.9888225197792053,0.980250895023346,0.40
420600,0.9888225197792053,0.980250895023346,0.38
420700,0.9888225197792053,0.980250895023346,0.42
420800,0.9888225197792053,0.980250895023346,0.45
420900,0.9888225197792053,0.980250895023346,0.45
421000,0.9888225197792053,0.980250895023346,0.39
421100,0.9888225197792053,0.980250895023346,0.47
421200,0.9888225197792053,0.980250895023346,0.41
421300,0.9888225197792053,0.980250895023346,0.45
421400,0.9888225197792053,0.980250895023346,0.44
421500,0.9888225197792053,0.980250895023346,0.42
421600,0.9888225197792053,0.980250895023346,0.36
421700,0.9888225197792053,0.980250895023346,0.45
421800,0.9888225197792053,0.980250895023346,0.45
421900,0.9888225197792053,0.980250895023346,0.35
422000,0.9888225197792053,0.980250895023346,0.44
422100,0.9888225197792053,0.980250895023346,0.45
422200,0.9888225197792053,0.980250895023346,0.53
422300,0.9888225197792053,0.980250895023346,0.46
422400,0.9888225197792053,0.980250895023346,0.46
422500,0.9888225197792053,0.980250895023346,0.38
422600,0.9888225197792053,0.980250895023346,0.47
422700,0.9888225197792053,0.980250895023346,0.44
422800,0.9888225197792053,0.980250895023346,0.46
422900,0.9888225197792053,0.980250895023346,0.47
423000,0.9888225197792053,0.980250895023346,0.46
423100,0.9888225197792053,0.980250895023346,0.47
423200,0.9888225197792053,0.980250895023346,0.42
423300,0.9888225197792053,0.980250895023346,0.45
423400,0.9888225197792053,0.980250895023346,0.46
423500,0.9888225197792053,0.980250895023346,0.47
423600,0.9888225197792053,0.980250895023346,0.39
423700,0.9888225197792053,0.980250895023346,0.41
423800,0.9888225197792053,0.980250895023346,0.46
423900,0.9888225197792053,0.980250895023346,0.44
424000,0.9888225197792053,0.980250895023346,0.46
424100,0.9888225197792053,0.980250895023346,0.48
424200,0.9888225197792053,0.980250895023346,0.47
424300,0.9888225197792053,0.980250895023346,0.44
424400,0.9888225197792053,0.980250895023346,0.40
424500,0.9888225197792053,0.980250895023346,0.42
424600,0.9888225197792053,0.980250895023346,0.38
424700,0.9888225197792053,0.980250895023346,0.56
424800,0.9888225197792053,0.980250895023346,0.47
424900,0.9888225197792053,0.980250895023346,0.44
425000,0.9888225197792053,0.980250895023346,0.46
425100,0.9888225197792053,0.980250895023346,0.44
425200,0.9888225197792053,0.980250895023346,0.45
425300,0.9888225197792053,0.980250895023346,0.34
425400,0.9888225197792053,0.980250895023346,0.42
425500,0.9888225197792053,0.980250895023346,0.45
425600,0.9888225197792053,0.980250895023346,0.42
425700,0.9888225197792053,0.980250895023346,0.32
425800,0.9888225197792053,0.980250895023346,0.41
425900,0.9888225197792053,0.980250895023346,0.31
426000,0.9888225197792053,0.980250895023346,0.43
426100,0.9888225197792053,0.980250895023346,0.37
426200,0.9888225197792053,0.980250895023346,0.45
426300,0.9888225197792053,0.980250895023346,0.40
426400,0.9888225197792053,0.980250895023346,0.46
426500,0.9888225197792053,0.980250895023346,0.41
426600,0.9888225197792053,0.980250895023346,0.46
426700,0.9888225197792053,0.980250895023346,0.40
426800,0.9888225197792053,0.980250895023346,0.39
426900,0.9888225197792053,0.980250895023346,0.46
427000,0.9888225197792053,0.980250895023346,0.45
427100,0.9888225197792053,0.980250895023346,0.31
427200,0.9888225197792053,0.980250895023346,0.57
427300,0.9888225197792053,0.980250895023346,0.45
427400,0.9888225197792053,0.980250895023346,0.44
427500,0.9888225197792053,0.980250895023346,0.45
427600,0.9888225197792053,0.980250895023346,0.31
427700,0.9888225197792053,0.980250895023346,0.45
427800,0.9888225197792053,0.980250895023346,0.46
427900,0.9888225197792053,0.980250895023346,0.46
428000,0.9888225197792053,0.980250895023346,0.39
428100,0.9888225197792053,0.980250895023346,0.46
428200,0.9888225197792053,0.980250895023346,0.39
428300,0.9888225197792053,0.980250895023346,0.44
428400,0.9888225197792053,0.980250895023346,0.41
428500,0.9888225197792053,0.980250895023346,0.45
428600,0.9888225197792053,0.980250895023346,0.33
428700,0.9888225197792053,0.980250895023346,0.42
428800,0.9888225197792053,0.980250895023346,0.39
428900,0.9888225197792053,0.980250895023346,0.41
429000,0.9888225197792053,0.980250895023346,0.44
429100,0.9888225197792053,0.980250895023346,0.35
429200,0.9888225197792053,0.980250895023346,0.45
429300,0.9888225197792053,0.980250895023346,0.39
429400,0.9888225197792053,0.980250895023346,0.46
429500,0.9888225197792053,0.980250895023346,0.42
429600,0.9888225197792053,0.980250895023346,0.47
429700,0.9888225197792053,0.980250895023346,0.55
429800,0.9888225197792053,0.980250895023346,0.45
429900,0.9888225197792053,0.980250895023346,0.47
430000,0.9888225197792053,0.980250895023346,0.44
430100,0.9888225197792053,0.980250895023346,0.37
430200,0.9888225197792053,0.980250895023346,0.33
430300,0.9888225197792053,0.980250895023346,0.33
430400,0.9888225197792053,0.980250895023346,0.42
430500,0.9888225197792053,0.980250895023346,0.40
430600,0.9888225197792053,0.980250895023346,0.44
430700,0.9888225197792053,0.980250895023346,0.38
430800,0.9888225197792053,0.980250895023346,0.35
430900,0.9888225197792053,0.980250895023346,0.48
431000,0.9888225197792053,0.980250895023346,0.36
431100,0.9888225197792053,0.980250895023346,0.39
431200,0.9888225197792053,0.980250895023346,0.40
431300,0.9888225197792053,0.980250895023346,0.46
431400,0.9888225197792053,0.980250895023346,0.37
431500,0.9888225197792053,0.980250895023346,0.47
431600,0.9888225197792053,0.980250895023346,0.45
431700,0.9888225197792053,0.980250895023346,0.47
431800,0.9888225197792053,0.980250895023346,0.39
431900,0.9888225197792053,0.980250895023346,0.41
432000,0.9888225197792053,0.980250895023346,0.31
432100,0.9888225197792053,0.980250895023346,0.47
432200,0.9888225197792053,0.980250895023346,0.52
432300,0.9888225197792053,0.980250895023346,0.34
432400,0.9888225197792053,0.980250895023346,0.45
432500,0.9888225197792053,0.980250895023346,0.36
432600,0.9888225197792053,0.980250895023346,0.38
432700,0.9888225197792053,0.980250895023346,0.41
432800,0.9888225197792053,0.980250895023346,0.43
432900,0.9888225197792053,0.980250895023346,0.47
433000,0.9888225197792053,0.980250895023346,0.40
433100,0.9888225197792053,0.980250895023346,0.46
433200,0.9888225197792053,0.980250895023346,0.38
433300,0.9888225197792053,0.980250895023346,0.41
433400,0.9888225197792053,0.980250895023346,0.40
433500,0.9888225197792053,0.980250895023346,0.37
433600,0.9888225197792053,0.980250895023346,0.44
433700,0.9888225197792053,0.980250895023346,0.45
433800,0.9888225197792053,0.980250895023346,0.44
433900,0.9888225197792053,0.980250895023346,0.39
434000,0.9888225197792053,0.980250895023346,0.41
434100,0.9888225197792053,0.980250895023346,0.37
434200,0.9888225197792053,0.980250895023346,0.45
434300,0.9888225197792053,0.980250895023346,0.46
434400,0.9888225197792053,0.980250895023346,0.45
434500,0.9888225197792053,0.980250895023346,0.41
434600,0.9888225197792053,0.980250895023346,0.47
434700,0.9888225197792053,0.980250895023346,0.55
434800,0.9888225197792053,0.980250895023346,0.47
434900,0.9888225197792053,0.980250895023346,0.43
435000,0.9888225197792053,0.980250895023346,0.44
435100,0.9888225197792053,0.980250895023346,0.48
435200,0.9888225197792053,0.980250895023346,0.42
435300,0.9888225197792053,0.980250895023346,0.42
435400,0.9888225197792053,0.980250895023346,0.42
435500,0.9888225197792053,0.980250895023346,0.43
435600,0.9888225197792053,0.980250895023346,0.48
435700,0.9888225197792053,0.980250895023346,0.43
435800,0.9888225197792053,0.980250895023346,0.38
435900,0.9888225197792053,0.980250895023346,0.45
436000,0.9888225197792053,0.980250895023346,0.43
436100,0.9888225197792053,0.980250895023346,0.45
436200,0.9888225197792053,0.980250895023346,0.46
436300,0.9888225197792053,0.980250895023346,0.44
436400,0.9888225197792053,0.980250895023346,0.43
436500,0.9888225197792053,0.980250895023346,0.47
436600,0.9888225197792053,0.980250895023346,0.42
436700,0.9888225197792053,0.980250895023346,0.41
436800,0.9888225197792053,0.980250895023346,0.42
436900,0.9888225197792053,0.980250895023346,0.46
437000,0.9888225197792053,0.980250895023346,0.40
437100,0.9888225197792053,0.980250895023346,0.36
437200,0.9888225197792053,0.980250895023346,0.48
437300,0.9888225197792053,0.980250895023346,0.46
437400,0.9888225197792053,0.980250895023346,0.40
437500,0.9888225197792053,0.980250895023346,0.46
437600,0.9888225197792053,0.980250895023346,0.37
437700,0.9888225197792053,0.980250895023346,0.46
437800,0.9888225197792053,0.980250895023346,0.47
437900,0.9888225197792053,0.980250895023346,0.45
438000,0.9888225197792053,0.980250895023346,0.46
438100,0.9888225197792053,0.980250895023346,0.41
438200,0.9888225197792053,0.980250895023346,0.46
438300,0.9888225197792053,0.980250895023346,0.42
438400,0.9888225197792053,0.980250895023346,0.46
438500,0.9888225197792053,0.980250895023346,0.44
438600,0.9888225197792053,0.980250895023346,0.36
438700,0.9888225197792053,0.980250895023346,0.44
438800,0.9888225197792053,0.980250895023346,0.44
438900,0.9888225197792053,0.980250895023346,0.40
439000,0.9888225197792053,0.980250895023346,0.45
439100,0.9888225197792053,0.980250895023346,0.45
439200,0.9888225197792053,0.980250895023346,0.44
439300,0.9888225197792053,0.980250895023346,0.46
439400,0.9888225197792053,0.980250895023346,0.44
439500,0.9888225197792053,0.980250895023346,0.45
439600,0.9888225197792053,0.980250895023346,0.40
439700,0.9888225197792053,0.980250895023346,0.61
439800,0.9888225197792053,0.980250895023346,0.40
439900,0.9888225197792053,0.980250895023346,0.47
440000,0.9888225197792053,0.980250895023346,0.46
440100,0.9888225197792053,0.980250895023346,0.45
440200,0.9888225197792053,0.980250895023346,0.48
440300,0.9888225197792053,0.980250895023346,0.46
440400,0.9888225197792053,0.980250895023346,0.47
440500,0.9888225197792053,0.980250895023346,0.39
440600,0.9888225197792053,0.980250895023346,0.44
440700,0.9888225197792053,0.980250895023346,0.43
440800,0.9888225197792053,0.980250895023346,0.47
440900,0.9888225197792053,0.980250895023346,0.48
441000,0.9888225197792053,0.980250895023346,0.45
441100,0.9888225197792053,0.980250895023346,0.39
441200,0.9888225197792053,0.980250895023346,0.42
441300,0.9888225197792053,0.980250895023346,0.46
441400,0.9888225197792053,0.980250895023346,0.42
441500,0.9888225197792053,0.980250895023346,0.40
441600,0.9888225197792053,0.980250895023346,0.48
441700,0.9888225197792053,0.980250895023346,0.40
441800,0.9888225197792053,0.980250895023346,0.32
441900,0.9888225197792053,0.980250895023346,0.38
442000,0.9888225197792053,0.980250895023346,0.45
442100,0.9888225197792053,0.980250895023346,0.39
442200,0.9888225197792053,0.980250895023346,0.55
442300,0.9888225197792053,0.980250895023346,0.40
442400,0.9888225197792053,0.980250895023346,0.46
442500,0.9888225197792053,0.980250895023346,0.47
442600,0.9888225197792053,0.980250895023346,0.37
442700,0.9888225197792053,0.980250895023346,0.44
442800,0.9888225197792053,0.980250895023346,0.44
442900,0.9888225197792053,0.980250895023346,0.34
443000,0.9888225197792053,0.980250895023346,0.45
443100,0.9888225197792053,0.980250895023346,0.36
443200,0.9888225197792053,0.980250895023346,0.45
443300,0.9888225197792053,0.980250895023346,0.43
443400,0.9888225197792053,0.980250895023346,0.42
443500,0.9888225197792053,0.980250895023346,0.43
443600,0.9888225197792053,0.980250895023346,0.40
443700,0.9888225197792053,0.980250895023346,0.42
443800,0.9888225197792053,0.980250895023346,0.37
443900,0.9888225197792053,0.980250895023346,0.46
444000,0.9888225197792053,0.980250895023346,0.43
444100,0.9888225197792053,0.980250895023346,0.43
444200,0.9888225197792053,0.980250895023346,0.47
444300,0.9888225197792053,0.980250895023346,0.45
444400,0.9888225197792053,0.980250895023346,0.47
444500,0.9888225197792053,0.980250895023346,0.44
444600,0.9888225197792053,0.980250895023346,0.44
444700,0.9888225197792053,0.980250895023346,0.55
444800,0.9888225197792053,0.980250895023346,0.47
444900,0.9888225197792053,0.980250895023346,0.40
445000,0.9888225197792053,0.980250895023346,0.45
445100,0.9888225197792053,0.980250895023346,0.33
445200,0.9888225197792053,0.980250895023346,0.37
445300,0.9888225197792053,0.980250895023346,0.40
445400,0.9888225197792053,0.980250895023346,0.39
445500,0.9888225197792053,0.980250895023346,0.39
445600,0.9888225197792053,0.980250895023346,0.32
445700,0.9888225197792053,0.980250895023346,0.47
445800,0.9888225197792053,0.980250895023346,0.38
445900,0.9888225197792053,0.980250895023346,0.45
446000,0.9888225197792053,0.980250895023346,0.29
446100,0.9888225197792053,0.980250895023346,0.43
446200,0.9888225197792053,0.980250895023346,0.47
446300,0.9888225197792053,0.980250895023346,0.40
446400,0.9888225197792053,0.980250895023346,0.33
446500,0.9888225197792053,0.980250895023346,0.36
446600,0.9888225197792053,0.980250895023346,0.38
446700,0.9888225197792053,0.980250895023346,0.42
446800,0.9888225197792053,0.980250895023346,0.39
446900,0.9888225197792053,0.980250895023346,0.40
447000,0.9888225197792053,0.980250895023346,0.44
447100,0.9888225197792053,0.980250895023346,0.39
447200,0.9888225197792053,0.980250895023346,0.62
447300,0.9888225197792053,0.980250895023346,0.46
447400,0.9888225197792053,0.980250895023346,0.38
447500,0.9888225197792053,0.980250895023346,0.46
447600,0.9888225197792053,0.980250895023346,0.45
447700,0.9888225197792053,0.980250895023346,0.39
447800,0.9888225197792053,0.980250895023346,0.47
447900,0.9888225197792053,0.980250895023346,0.39
448000,0.9888225197792053,0.980250895023346,0.47
448100,0.9888225197792053,0.980250895023346,0.41
448200,0.9888225197792053,0.980250895023346,0.43
448300,0.9888225197792053,0.980250895023346,0.31
448400,0.9888225197792053,0.980250895023346,0.43
448500,0.9888225197792053,0.980250895023346,0.30
448600,0.9888225197792053,0.980250895023346,0.38
448700,0.9888225197792053,0.980250895023346,0.45
448800,0.9888225197792053,0.980250895023346,0.46
448900,0.9888225197792053,0.980250895023346,0.46
449000,0.9888225197792053,0.980250895023346,0.39
449100,0.9888225197792053,0.980250895023346,0.45
449200,0.9888225197792053,0.980250895023346,0.37
449300,0.9888225197792053,0.980250895023346,0.45
449400,0.9888225197792053,0.980250895023346,0.46
449500,0.9888225197792053,0.980250895023346,0.45
449600,0.9888225197792053,0.980250895023346,0.45
449700,0.9888225197792053,0.980250895023346,0.61
449800,0.9888225197792053,0.980250895023346,0.45
449900,0.9888225197792053,0.980250895023346,0.46
450000,0.9888225197792053,0.980250895023346,0.38
450100,0.9888225197792053,0.980250895023346,0.45
450200,0.9888225197792053,0.980250895023346,0.44
450300,0.9888225197792053,0.980250895023346,0.46
450400,0.9888225197792053,0.980250895023346,0.41
450500,0.9888225197792053,0.980250895023346,0.47
450600,0.9888225197792053,0.980250895023346,0.43
450700,0.9888225197792053,0.980250895023346,0.36
450800,0.9888225197792053,0.980250895023346,0.46
450900,0.9888225197792053,0.980250895023346,0.45
451000,0.9888225197792053,0.980250895023346,0.45
451100,0.9888225197792053,0.980250895023346,0.42
451200,0.9888225197792053,0.980250895023346,0.48
451300,0.9888225197792053,0.980250895023346,0.46
451400,0.9888225197792053,0.980250895023346,0.46
451500,0.9888225197792053,0.980250895023346,0.48
451600,0.9888225197792053,0.980250895023346,0.45
451700,0.9888225197792053,0.980250895023346,0.42
451800,0.9888225197792053,0.980250895023346,0.42
451900,0.9888225197792053,0.980250895023346,0.45
452000,0.9888225197792053,0.980250895023346,0.42
452100,0.9888225197792053,0.980250895023346,0.47
452200,0.9888225197792053,0.980250895023346,0.56
452300,0.9888225197792053,0.980250895023346,0.46
452400,0.9888225197792053,0.980250895023346,0.45
452500,0.9888225197792053,0.980250895023346,0.48
452600,0.9888225197792053,0.980250895023346,0.47
452700,0.9888225197792053,0.980250895023346,0.46
452800,0.9888225197792053,0.980250895023346,0.40
452900,0.9888225197792053,0.980250895023346,0.45
453000,0.9888225197792053,0.980250895023346,0.47
453100,0.9888225197792053,0.980250895023346,0.46
453200,0.9888225197792053,0.980250895023346,0.45
453300,0.9888225197792053,0.980250895023346,0.37
453400,0.9888225197792053,0.980250895023346,0.43
453500,0.9888225197792053,0.980250895023346,0.37
453600,0.9888225197792053,0.980250895023346,0.30
453700,0.9888225197792053,0.980250895023346,0.42
453800,0.9888225197792053,0.980250895023346,0.40
453900,0.9888225197792053,0.980250895023346,0.45
454000,0.9888225197792053,0.980250895023346,0.33
454100,0.9888225197792053,0.980250895023346,0.42
454200,0.9888225197792053,0.980250895023346,0.36
454300,0.9888225197792053,0.980250895023346,0.45
454400,0.9888225197792053,0.980250895023346,0.45
454500,0.9888225197792053,0.980250895023346,0.37
454600,0.9888225197792053,0.980250895023346,0.48
454700,0.9888225197792053,0.980250895023346,0.61
454800,0.9888225197792053,0.980250895023346,0.38
454900,0.9888225197792053,0.980250895023346,0.42
455000,0.9888225197792053,0.980250895023346,0.34
455100,0.9888225197792053,0.980250895023346,0.37
455200,0.9888225197792053,0.980250895023346,0.37
455300,0.9888225197792053,0.980250895023346,0.42
455400,0.9888225197792053,0.980250895023346,0.42
455500,0.9888225197792053,0.980250895023346,0.39
455600,0.9888225197792053,0.980250895023346,0.43
455700,0.9888225197792053,0.980250895023346,0.47
455800,0.9888225197792053,0.980250895023346,0.33
455900,0.9888225197792053,0.980250895023346,0.46
456000,0.9888225197792053,0.980250895023346,0.46
456100,0.9888225197792053,0.980250895023346,0.47
456200,0.9888225197792053,0.980250895023346,0.36
456300,0.9888225197792053,0.980250895023346,0.46
456400,0.9888225197792053,0.980250895023346,0.37
456500,0.9888225197792053,0.980250895023346,0.45
456600,0.9888225197792053,0.980250895023346,0.47
456700,0.9888225197792053,0.980250895023346,0.47
456800,0.9888225197792053,0.980250895023346,0.39
456900,0.9888225197792053,0.980250895023346,0.35
457000,0.9888225197792053,0.980250895023346,0.39
457100,0.9888225197792053,0.980250895023346,0.46
457200,0.9888225197792053,0.980250895023346,0.58
457300,0.9888225197792053,0.980250895023346,0.46
457400,0.9888225197792053,0.980250895023346,0.47
457500,0.9888225197792053,0.980250895023346,0.47
457600,0.9888225197792053,0.980250895023346,0.47
457700,0.9888225197792053,0.980250895023346,0.47
457800,0.9888225197792053,0.980250895023346,0.47
457900,0.9888225197792053,0.980250895023346,0.43
458000,0.9888225197792053,0.980250895023346,0.45
458100,0.9888225197792053,0.980250895023346,0.39
458200,0.9888225197792053,0.980250895023346,0.35
458300,0.9888225197792053,0.980250895023346,0.40
458400,0.9888225197792053,0.980250895023346,0.38
458500,0.9888225197792053,0.980250895023346,0.40
458600,0.9888225197792053,0.980250895023346,0.44
458700,0.9888225197792053,0.980250895023346,0.45
458800,0.9888225197792053,0.980250895023346,0.42
458900,0.9888225197792053,0.980250895023346,0.46
459000,0.9888225197792053,0.980250895023346,0.47
459100,0.9888225197792053,0.980250895023346,0.37
459200,0.9888225197792053,0.980250895023346,0.36
459300,0.9888225197792053,0.980250895023346,0.35
459400,0.9888225197792053,0.980250895023346,0.40
459500,0.9888225197792053,0.980250895023346,0.43
459600,0.9888225197792053,0.980250895023346,0.39
459700,0.9888225197792053,0.980250895023346,0.52
459800,0.9888225197792053,0.980250895023346,0.45
459900,0.9888225197792053,0.980250895023346,0.41
460000,0.9888225197792053,0.980250895023346,0.46
460100,0.9888225197792053,0.980250895023346,0.43
460200,0.9888225197792053,0.980250895023346,0.38
460300,0.9888225197792053,0.980250895023346,0.39
460400,0.9888225197792053,0.980250895023346,0.47
460500,0.9888225197792053,0.980250895023346,0.43
460600,0.9888225197792053,0.980250895023346,0.46
460700,0.9888225197792053,0.980250895023346,0.47
460800,0.9888225197792053,0.980250895023346,0.36
460900,0.9888225197792053,0.980250895023346,0.45
461000,0.9888225197792053,0.980250895023346,0.43
461100,0.9888225197792053,0.980250895023346,0.44
461200,0.9888225197792053,0.980250895023346,0.44
461300,0.9888225197792053,0.980250895023346,0.48
461400,0.9888225197792053,0.980250895023346,0.45
461500,0.9888225197792053,0.980250895023346,0.29
461600,0.9888225197792053,0.980250895023346,0.40
461700,0.9888225197792053,0.980250895023346,0.40
461800,0.9888225197792053,0.980250895023346,0.42
461900,0.9888225197792053,0.980250895023346,0.47
462000,0.9888225197792053,0.980250895023346,0.47
462100,0.9888225197792053,0.980250895023346,0.47
462200,0.9888225197792053,0.980250895023346,0.59
462300,0.9888225197792053,0.980250895023346,0.36
462400,0.9888225197792053,0.980250895023346,0.47
462500,0.9888225197792053,0.980250895023346,0.47
462600,0.9888225197792053,0.980250895023346,0.31
462700,0.9888225197792053,0.980250895023346,0.35
462800,0.9888225197792053,0.980250895023346,0.45
462900,0.9888225197792053,0.980250895023346,0.40
463000,0.9888225197792053,0.980250895023346,0.42
463100,0.9888225197792053,0.980250895023346,0.46
463200,0.9888225197792053,0.980250895023346,0.48
463300,0.9888225197792053,0.980250895023346,0.36
463400,0.9888225197792053,0.980250895023346,0.29
463500,0.9888225197792053,0.980250895023346,0.46
463600,0.9888225197792053,0.980250895023346,0.31
463700,0.9888225197792053,0.980250895023346,0.35
463800,0.9888225197792053,0.980250895023346,0.30
463900,0.9888225197792053,0.980250895023346,0.31
464000,0.9888225197792053,0.980250895023346,0.46
464100,0.9888225197792053,0.980250895023346,0.44
464200,0.9888225197792053,0.980250895023346,0.35
464300,0.9888225197792053,0.980250895023346,0.37
464400,0.9888225197792053,0.980250895023346,0.33
464500,0.9888225197792053,0.980250895023346,0.38
464600,0.9888225197792053,0.980250895023346,0.40
464700,0.9888225197792053,0.980250895023346,0.56
464800,0.9888225197792053,0.980250895023346,0.46
464900,0.9888225197792053,0.980250895023346,0.47
465000,0.9888225197792053,0.980250895023346,0.37
465100,0.9888225197792053,0.980250895023346,0.39
465200,0.9888225197792053,0.980250895023346,0.30
465300,0.9888225197792053,0.980250895023346,0.41
465400,0.9888225197792053,0.980250895023346,0.37
465500,0.9888225197792053,0.980250895023346,0.40
465600,0.9888225197792053,0.980250895023346,0.47
465700,0.9888225197792053,0.980250895023346,0.45
465800,0.9888225197792053,0.980250895023346,0.39
465900,0.9888225197792053,0.980250895023346,0.44
466000,0.9888225197792053,0.980250895023346,0.44
466100,0.9888225197792053,0.980250895023346,0.45
466200,0.9888225197792053,0.980250895023346,0.39
466300,0.9888225197792053,0.980250895023346,0.34
466400,0.9888225197792053,0.980250895023346,0.45
466500,0.9888225197792053,0.980250895023346,0.45
466600,0.9888225197792053,0.980250895023346,0.46
466700,0.9888225197792053,0.980250895023346,0.40
466800,0.9888225197792053,0.980250895023346,0.42
466900,0.9888225197792053,0.980250895023346,0.46
467000,0.9888225197792053,0.980250895023346,0.40
467100,0.9888225197792053,0.980250895023346,0.46
467200,0.9888225197792053,0.980250895023346,0.61
467300,0.9888225197792053,0.980250895023346,0.36
467400,0.9888225197792053,0.980250895023346,0.43
467500,0.9888225197792053,0.980250895023346,0.31
467600,0.9888225197792053,0.980250895023346,0.41
467700,0.9888225197792053,0.980250895023346,0.46
467800,0.9888225197792053,0.980250895023346,0.45
467900,0.9888225197792053,0.980250895023346,0.46
468000,0.9888225197792053,0.980250895023346,0.41
468100,0.9888225197792053,0.980250895023346,0.46
468200,0.9888225197792053,0.980250895023346,0.41
468300,0.9888225197792053,0.980250895023346,0.35
468400,0.9888225197792053,0.980250895023346,0.41
468500,0.9888225197792053,0.980250895023346,0.48
468600,0.9888225197792053,0.980250895023346,0.48
468700,0.9888225197792053,0.980250895023346,0.48
468800,0.9888225197792053,0.980250895023346,0.46
468900,0.9888225197792053,0.980250895023346,0.46
469000,0.9888225197792053,0.980250895023346,0.45
469100,0.9888225197792053,0.980250895023346,0.39
469200,0.9888225197792053,0.980250895023346,0.40
469300,0.9888225197792053,0.980250895023346,0.45
469400,0.9888225197792053,0.980250895023346,0.43
469500,0.9888225197792053,0.980250895023346,0.41
469600,0.9888225197792053,0.980250895023346,0.35
469700,0.9888225197792053,0.980250895023346,0.57
469800,0.9888225197792053,0.980250895023346,0.45
469900,0.9888225197792053,0.980250895023346,0.33
470000,0.9888225197792053,0.980250895023346,0.43
470100,0.9888225197792053,0.980250895023346,0.46
470200,0.9888225197792053,0.980250895023346,0.35
470300,0.9888225197792053,0.980250895023346,0.38
470400,0.9888225197792053,0.980250895023346,0.44
470500,0.9888225197792053,0.980250895023346,0.37
470600,0.9888225197792053,0.980250895023346,0.41
470700,0.9888225197792053,0.980250895023346,0.46
470800,0.9888225197792053,0.980250895023346,0.45
470900,0.9888225197792053,0.980250895023346,0.46
471000,0.9888225197792053,0.980250895023346,0.43
471100,0.9888225197792053,0.980250895023346,0.47
471200,0.9888225197792053,0.980250895023346,0.42
471300,0.9888225197792053,0.980250895023346,0.42
471400,0.9888225197792053,0.980250895023346,0.41
471500,0.9888225197792053,0.980250895023346,0.45
471600,0.9888225197792053,0.980250895023346,0.39
471700,0.9888225197792053,0.980250895023346,0.44
471800,0.9888225197792053,0.980250895023346,0.46
471900,0.9888225197792053,0.980250895023346,0.46
472000,0.9888225197792053,0.980250895023346,0.43
472100,0.9888225197792053,0.980250895023346,0.42
472200,0.9888225197792053,0.980250895023346,0.52
472300,0.9888225197792053,0.980250895023346,0.39
472400,0.9888225197792053,0.980250895023346,0.46
472500,0.9888225197792053,0.980250895023346,0.47
472600,0.9888225197792053,0.980250895023346,0.46
472700,0.9888225197792053,0.980250895023346,0.46
472800,0.9888225197792053,0.980250895023346,0.41
472900,0.9888225197792053,0.980250895023346,0.45
473000,0.9888225197792053,0.980250895023346,0.45
473100,0.9888225197792053,0.980250895023346,0.35
473200,0.9888225197792053,0.980250895023346,0.33
473300,0.9888225197792053,0.980250895023346,0.35
473400,0.9888225197792053,0.980250895023346,0.36
473500,0.9888225197792053,0.980250895023346,0.39
473600,0.9888225197792053,0.980250895023346,0.40
473700,0.9888225197792053,0.980250895023346,0.45
473800,0.9888225197792053,0.980250895023346,0.30
473900,0.9888225197792053,0.980250895023346,0.43
474000,0.9888225197792053,0.980250895023346,0.41
474100,0.9888225197792053,0.980250895023346,0.43
474200,0.9888225197792053,0.980250895023346,0.44
474300,0.9888225197792053,0.980250895023346,0.43
474400,0.9888225197792053,0.980250895023346,0.44
474500,0.9888225197792053,0.980250895023346,0.42
474600,0.9888225197792053,0.980250895023346,0.46
474700,0.9888225197792053,0.980250895023346,0.55
474800,0.9888225197792053,0.980250895023346,0.44
474900,0.9888225197792053,0.980250895023346,0.29
475000,0.9888225197792053,0.980250895023346,0.30
475100,0.9888225197792053,0.980250895023346,0.49
475200,0.9888225197792053,0.980250895023346,0.38
475300,0.9888225197792053,0.980250895023346,0.44
475400,0.9888225197792053,0.980250895023346,0.40
475500,0.9888225197792053,0.980250895023346,0.45
475600,0.9888225197792053,0.980250895023346,0.38
475700,0.9888225197792053,0.980250895023346,0.39
475800,0.9888225197792053,0.980250895023346,0.40
475900,0.9888225197792053,0.980250895023346,0.38
476000,0.9888225197792053,0.980250895023346,0.43
476100,0.9888225197792053,0.980250895023346,0.30
476200,0.9888225197792053,0.980250895023346,0.42
476300,0.9888225197792053,0.980250895023346,0.35
476400,0.9888225197792053,0.980250895023346,0.42
476500,0.9888225197792053,0.980250895023346,0.38
476600,0.9888225197792053,0.980250895023346,0.39
476700,0.9888225197792053,0.980250895023346,0.41
476800,0.9888225197792053,0.980250895023346,0.40
476900,0.9888225197792053,0.980250895023346,0.44
477000,0.9888225197792053,0.980250895023346,0.39
477100,0.9888225197792053,0.980250895023346,0.42
477200,0.9888225197792053,0.980250895023346,0.50
477300,0.9888225197792053,0.980250895023346,0.35
477400,0.9888225197792053,0.980250895023346,0.45
477500,0.9888225197792053,0.980250895023346,0.34
477600,0.9888225197792053,0.980250895023346,0.45
477700,0.9888225197792053,0.980250895023346,0.44
477800,0.9888225197792053,0.980250895023346,0.47
477900,0.9888225197792053,0.980250895023346,0.47
478000,0.9888225197792053,0.980250895023346,0.44
478100,0.9888225197792053,0.980250895023346,0.45
478200,0.9888225197792053,0.980250895023346,0.38
478300,0.9888225197792053,0.980250895023346,0.34
478400,0.9888225197792053,0.980250895023346,0.33
478500,0.9888225197792053,0.980250895023346,0.38
478600,0.9888225197792053,0.980250895023346,0.36
478700,0.9888225197792053,0.980250895023346,0.41
478800,0.9888225197792053,0.980250895023346,0.40
478900,0.9888225197792053,0.980250895023346,0.43
479000,0.9888225197792053,0.980250895023346,0.46
479100,0.9888225197792053,0.980250895023346,0.44
479200,0.9888225197792053,0.980250895023346,0.34
479300,0.9888225197792053,0.980250895023346,0.46
479400,0.9888225197792053,0.980250895023346,0.43
479500,0.9888225197792053,0.980250895023346,0.45
479600,0.9888225197792053,0.980250895023346,0.46
479700,0.9888225197792053,0.980250895023346,0.60
479800,0.9888225197792053,0.980250895023346,0.46
479900,0.9888225197792053,0.980250895023346,0.40
480000,0.9888225197792053,0.980250895023346,0.31
480100,0.9888225197792053,0.980250895023346,0.44
480200,0.9888225197792053,0.980250895023346,0.44
480300,0.9888225197792053,0.980250895023346,0.47
480400,0.9888225197792053,0.980250895023346,0.44
480500,0.9888225197792053,0.980250895023346,0.37
480600,0.9888225197792053,0.980250895023346,0.44
480700,0.9888225197792053,0.980250895023346,0.46
480800,0.9888225197792053,0.980250895023346,0.39
480900,0.9888225197792053,0.980250895023346,0.47
481000,0.9888225197792053,0.980250895023346,0.38
481100,0.9888225197792053,0.980250895023346,0.46
481200,0.9888225197792053,0.980250895023346,0.46
481300,0.9888225197792053,0.980250895023346,0.46
481400,0.9888225197792053,0.980250895023346,0.46
481500,0.9888225197792053,0.980250895023346,0.44
481600,0.9888225197792053,0.980250895023346,0.46
481700,0.9888225197792053,0.980250895023346,0.46
481800,0.9888225197792053,0.980250895023346,0.31
481900,0.9888225197792053,0.980250895023346,0.46
482000,0.9888225197792053,0.980250895023346,0.47
482100,0.9888225197792053,0.980250895023346,0.47
482200,0.9888225197792053,0.980250895023346,0.61
482300,0.9888225197792053,0.980250895023346,0.36
482400,0.9888225197792053,0.980250895023346,0.41
482500,0.9888225197792053,0.980250895023346,0.30
482600,0.9888225197792053,0.980250895023346,0.42
482700,0.9888225197792053,0.980250895023346,0.45
482800,0.9888225197792053,0.980250895023346,0.36
482900,0.9888225197792053,0.980250895023346,0.44
483000,0.9888225197792053,0.980250895023346,0.46
483100,0.9888225197792053,0.980250895023346,0.39
483200,0.9888225197792053,0.980250895023346,0.45
483300,0.9888225197792053,0.980250895023346,0.44
483400,0.9888225197792053,0.980250895023346,0.36
483500,0.9888225197792053,0.980250895023346,0.37
483600,0.9888225197792053,0.980250895023346,0.45
483700,0.9888225197792053,0.980250895023346,0.31
483800,0.9888225197792053,0.980250895023346,0.38
483900,0.9888225197792053,0.980250895023346,0.39
484000,0.9888225197792053,0.980250895023346,0.39
484100,0.9888225197792053,0.980250895023346,0.37
484200,0.9888225197792053,0.980250895023346,0.46
484300,0.9888225197792053,0.980250895023346,0.46
484400,0.9888225197792053,0.980250895023346,0.45
484500,0.9888225197792053,0.980250895023346,0.42
484600,0.9888225197792053,0.980250895023346,0.41
484700,0.9888225197792053,0.980250895023346,0.60
484800,0.9888225197792053,0.980250895023346,0.46
484900,0.9888225197792053,0.980250895023346,0.47
485000,0.9888225197792053,0.980250895023346,0.37
485100,0.9888225197792053,0.980250895023346,0.45
485200,0.9888225197792053,0.980250895023346,0.47
485300,0.9888225197792053,0.980250895023346,0.46
485400,0.9888225197792053,0.980250895023346,0.47
485500,0.9888225197792053,0.980250895023346,0.31
485600,0.9888225197792053,0.980250895023346,0.39
485700,0.9888225197792053,0.980250895023346,0.36
485800,0.9888225197792053,0.980250895023346,0.38
485900,0.9888225197792053,0.980250895023346,0.43
486000,0.9888225197792053,0.980250895023346,0.40
486100,0.9888225197792053,0.980250895023346,0.45
486200,0.9888225197792053,0.980250895023346,0.47
486300,0.9888225197792053,0.980250895023346,0.37
486400,0.9888225197792053,0.980250895023346,0.43
486500,0.9888225197792053,0.980250895023346,0.38
486600,0.9888225197792053,0.980250895023346,0.46
486700,0.9888225197792053,0.980250895023346,0.39
486800,0.9888225197792053,0.980250895023346,0.47
486900,0.9888225197792053,0.980250895023346,0.40
487000,0.9888225197792053,0.980250895023346,0.45
487100,0.9888225197792053,0.980250895023346,0.47
487200,0.9888225197792053,0.980250895023346,0.62
487300,0.9888225197792053,0.980250895023346,0.44
487400,0.9888225197792053,0.980250895023346,0.41
487500,0.9888225197792053,0.980250895023346,0.40
487600,0.9888225197792053,0.980250895023346,0.43
487700,0.9888225197792053,0.980250895023346,0.37
487800,0.9888225197792053,0.980250895023346,0.40
487900,0.9888225197792053,0.980250895023346,0.44
488000,0.9888225197792053,0.980250895023346,0.35
488100,0.9888225197792053,0.980250895023346,0.45
488200,0.9888225197792053,0.980250895023346,0.45
488300,0.9888225197792053,0.980250895023346,0.47
488400,0.9888225197792053,0.980250895023346,0.44
488500,0.9888225197792053,0.980250895023346,0.45
488600,0.9888225197792053,0.980250895023346,0.41
488700,0.9888225197792053,0.980250895023346,0.45
488800,0.9888225197792053,0.980250895023346,0.46
488900,0.9888225197792053,0.980250895023346,0.46
489000,0.9888225197792053,0.980250895023346,0.40
489100,0.9888225197792053,0.980250895023346,0.35
489200,0.9888225197792053,0.980250895023346,0.32
489300,0.9888225197792053,0.980250895023346,0.30
489400,0.9888225197792053,0.980250895023346,0.45
489500,0.9888225197792053,0.980250895023346,0.44
489600,0.9888225197792053,0.980250895023346,0.46
489700,0.9888225197792053,0.980250895023346,0.58
489800,0.9888225197792053,0.980250895023346,0.39
489900,0.9888225197792053,0.980250895023346,0.45
490000,0.9888225197792053,0.980250895023346,0.41
490100,0.9888225197792053,0.980250895023346,0.40
490200,0.9888225197792053,0.980250895023346,0.44
490300,0.9888225197792053,0.980250895023346,0.38
490400,0.9888225197792053,0.980250895023346,0.47
490500,0.9888225197792053,0.980250895023346,0.45
490600,0.9888225197792053,0.980250895023346,0.46
490700,0.9888225197792053,0.980250895023346,0.48
490800,0.9888225197792053,0.980250895023346,0.46
490900,0.9888225197792053,0.980250895023346,0.46
491000,0.9888225197792053,0.980250895023346,0.40
491100,0.9888225197792053,0.980250895023346,0.46
491200,0.9888225197792053,0.980250895023346,0.47
491300,0.9888225197792053,0.980250895023346,0.45
491400,0.9888225197792053,0.980250895023346,0.38
491500,0.9888225197792053,0.980250895023346,0.43
491600,0.9888225197792053,0.980250895023346,0.34
491700,0.9888225197792053,0.980250895023346,0.47
491800,0.9888225197792053,0.980250895023346,0.41
491900,0.9888225197792053,0.980250895023346,0.31
492000,0.9888225197792053,0.980250895023346,0.47
492100,0.9888225197792053,0.980250895023346,0.42
492200,0.9888225197792053,0.980250895023346,0.61
492300,0.9888225197792053,0.980250895023346,0.46
492400,0.9888225197792053,0.980250895023346,0.41
492500,0.9888225197792053,0.980250895023346,0.40
492600,0.9888225197792053,0.980250895023346,0.47
492700,0.9888225197792053,0.980250895023346,0.42
492800,0.9888225197792053,0.980250895023346,0.40
492900,0.9888225197792053,0.980250895023346,0.45
493000,0.9888225197792053,0.980250895023346,0.32
493100,0.9888225197792053,0.980250895023346,0.44
493200,0.9888225197792053,0.980250895023346,0.43
493300,0.9888225197792053,0.980250895023346,0.38
493400,0.9888225197792053,0.980250895023346,0.45
493500,0.9888225197792053,0.980250895023346,0.45
493600,0.9888225197792053,0.980250895023346,0.40
493700,0.9888225197792053,0.980250895023346,0.41
493800,0.9888225197792053,0.980250895023346,0.40
493900,0.9888225197792053,0.980250895023346,0.46
494000,0.9888225197792053,0.980250895023346,0.39
494100,0.9888225197792053,0.980250895023346,0.38
494200,0.9888225197792053,0.980250895023346,0.46
494300,0.9888225197792053,0.980250895023346,0.41
494400,0.9888225197792053,0.980250895023346,0.39
494500,0.9888225197792053,0.980250895023346,0.40
494600,0.9888225197792053,0.980250895023346,0.47
494700,0.9888225197792053,0.980250895023346,0.53
494800,0.9888225197792053,0.980250895023346,0.41
494900,0.9888225197792053,0.980250895023346,0.47
495000,0.9888225197792053,0.980250895023346,0.32
495100,0.9888225197792053,0.980250895023346,0.47
495200,0.9888225197792053,0.980250895023346,0.41
495300,0.9888225197792053,0.980250895023346,0.37
495400,0.9888225197792053,0.980250895023346,0.45
495500,0.9888225197792053,0.980250895023346,0.45
495600,0.9888225197792053,0.980250895023346,0.45
495700,0.9888225197792053,0.980250895023346,0.46
495800,0.9888225197792053,0.980250895023346,0.44
495900,0.9888225197792053,0.980250895023346,0.41
496000,0.9888225197792053,0.980250895023346,0.41
496100,0.9888225197792053,0.980250895023346,0.47
496200,0.9888225197792053,0.980250895023346,0.42
496300,0.9888225197792053,0.980250895023346,0.45
496400,0.9888225197792053,0.980250895023346,0.46
496500,0.9888225197792053,0.980250895023346,0.42
496600,0.9888225197792053,0.980250895023346,0.38
496700,0.9888225197792053,0.980250895023346,0.46
496800,0.9888225197792053,0.980250895023346,0.46
496900,0.9888225197792053,0.980250895023346,0.46
497000,0.9888225197792053,0.980250895023346,0.39
497100,0.9888225197792053,0.980250895023346,0.47
497200,0.9888225197792053,0.980250895023346,0.58
497300,0.9888225197792053,0.980250895023346,0.39
497400,0.9888225197792053,0.980250895023346,0.46
497500,0.9888225197792053,0.980250895023346,0.44
497600,0.9888225197792053,0.980250895023346,0.45
497700,0.9888225197792053,0.980250895023346,0.42
497800,0.9888225197792053,0.980250895023346,0.47
497900,0.9888225197792053,0.980250895023346,0.42
498000,0.9888225197792053,0.980250895023346,0.39
498100,0.9888225197792053,0.980250895023346,0.40
498200,0.9888225197792053,0.980250895023346,0.43
498300,0.9888225197792053,0.980250895023346,0.31
498400,0.9888225197792053,0.980250895023346,0.46
498500,0.9888225197792053,0.980250895023346,0.47
498600,0.9888225197792053,0.980250895023346,0.46
498700,0.9888225197792053,0.980250895023346,0.38
498800,0.9888225197792053,0.980250895023346,0.46
498900,0.9888225197792053,0.980250895023346,0.41
499000,0.9888225197792053,0.980250895023346,0.42
499100,0.9888225197792053,0.980250895023346,0.41
499200,0.9888225197792053,0.980250895023346,0.39
499300,0.9888225197792053,0.980250895023346,0.41
499400,0.9888225197792053,0.980250895023346,0.40
499500,0.9888225197792053,0.980250895023346,0.42
499600,0.9888225197792053,0.980250895023346,0.42
499700,0.9888225197792053,0.980250895023346,0.61
499800,0.9888225197792053,0.980250895023346,0.46
499900,0.9888225197792053,0.980250895023346,0.39
