evaluation,fitness,uniqueness,time
100,278.29302978515625,1.0,44.40
190,900.9677124023438,1.0,42.33
280,900.9677124023438,1.0,9.90
370,981.8646240234375,1.0,9.95
460,981.8646240234375,1.0,10.03
550,1013.0698852539062,1.0,9.82
640,1013.0698852539062,1.0,10.14
730,1013.0698852539062,1.0,9.89
820,1013.0698852539062,1.0,9.73
910,1013.0698852539062,1.0,9.95
1000,1013.0698852539062,1.0,10.09
1090,1013.0698852539062,1.0,9.91
1180,1013.0698852539062,1.0,9.95
1270,1013.0698852539062,1.0,9.92
1360,1023.3486938476562,1.0,9.98
1450,1023.3486938476562,1.0,10.04
1540,1023.3486938476562,1.0,10.04
1630,1023.3486938476562,1.0,9.93
1720,1023.3486938476562,1.0,10.00
1810,1023.3486938476562,1.0,9.91
1900,1023.3486938476562,1.0,9.93
1990,1023.3486938476562,1.0,9.80
2080,1025.0753173828125,1.0,9.90
2170,1025.0753173828125,1.0,9.99
2260,1025.0753173828125,1.0,9.82
2350,1025.0753173828125,1.0,10.04
2440,1025.0753173828125,1.0,9.95
2530,1025.0753173828125,1.0,9.85
2620,1025.0753173828125,1.0,9.94
2710,1025.0753173828125,1.0,10.00
2800,1025.0753173828125,1.0,9.87
2890,1025.0753173828125,1.0,10.09
2980,1025.0753173828125,1.0,9.75
3070,1025.0753173828125,1.0,9.91
3160,1025.0753173828125,1.0,10.16
3250,1025.0753173828125,1.0,9.71
3340,1025.0753173828125,1.0,9.88
3430,1025.0753173828125,1.0,9.65
3520,1025.0753173828125,1.0,9.73
3610,1025.0753173828125,1.0,9.89
3700,1025.0753173828125,1.0,9.92
3790,1025.0753173828125,1.0,9.90
3880,1025.0753173828125,1.0,9.90
3970,1025.0753173828125,1.0,9.67
4060,1025.0753173828125,1.0,9.99
4150,1025.924560546875,1.0,9.94
4240,1025.924560546875,1.0,9.73
4330,1025.924560546875,1.0,9.93
4420,1025.924560546875,1.0,9.93
4510,1025.924560546875,1.0,10.15
4600,1025.924560546875,1.0,9.89
4690,1025.924560546875,1.0,9.87
4780,1025.924560546875,1.0,9.84
4870,1025.924560546875,1.0,9.98
4960,1025.924560546875,1.0,9.83
5050,1025.924560546875,1.0,9.75
5140,1025.924560546875,1.0,9.79
5230,1025.924560546875,1.0,9.89
5320,1025.924560546875,1.0,10.01
5410,1025.924560546875,1.0,9.83
5500,1025.924560546875,1.0,9.98
5590,1025.924560546875,1.0,9.91
5680,1025.924560546875,1.0,9.70
5770,1025.924560546875,1.0,9.76
5860,1025.924560546875,1.0,9.74
5950,1025.924560546875,1.0,9.71
6040,1025.924560546875,1.0,9.95
6130,1025.924560546875,1.0,9.86
6220,1025.924560546875,1.0,9.91
6310,1025.924560546875,1.0,9.83
6400,1025.924560546875,1.0,10.03
6490,1025.924560546875,1.0,9.97
6580,1025.924560546875,1.0,10.02
6670,1025.924560546875,1.0,9.85
6760,1025.924560546875,1.0,9.80
6850,1025.924560546875,1.0,9.79
6940,1025.924560546875,1.0,9.86
7030,1025.924560546875,1.0,9.86
7120,1025.924560546875,1.0,9.81
7210,1025.924560546875,1.0,9.84
7300,1025.924560546875,1.0,9.91
7390,1025.924560546875,1.0,9.88
7480,1025.924560546875,1.0,9.99
7570,1026.4754638671875,1.0,9.95
7660,1026.4754638671875,1.0,9.99
7750,1026.4754638671875,1.0,10.10
7840,1026.4754638671875,1.0,9.89
7930,1026.4754638671875,1.0,9.93
8020,1026.4754638671875,1.0,10.06
8110,1026.4754638671875,1.0,10.04
8200,1026.4754638671875,1.0,9.78
8290,1026.4754638671875,1.0,10.08
8380,1026.4754638671875,1.0,10.05
8470,1026.4754638671875,1.0,9.97
8560,1026.4754638671875,1.0,9.82
8650,1026.4754638671875,1.0,9.75
8740,1026.4754638671875,1.0,10.05
8830,1026.4754638671875,1.0,9.97
8920,1026.4754638671875,1.0,9.96
9010,1026.4754638671875,1.0,9.83
9100,1026.4754638671875,1.0,9.76
9190,1026.4754638671875,1.0,10.06
9280,1026.4754638671875,1.0,9.91
9370,1026.4754638671875,1.0,9.79
9460,1026.4754638671875,1.0,9.89
9550,1026.4754638671875,1.0,10.20
9640,1026.4754638671875,1.0,9.81
9730,1026.4754638671875,1.0,9.92
9820,1026.4754638671875,1.0,9.80
9910,1026.4754638671875,1.0,9.82
10000,1026.4754638671875,1.0,9.93
10090,1026.4754638671875,1.0,9.91
10180,1026.4754638671875,1.0,9.93
10270,1026.4754638671875,1.0,9.89
10360,1026.4754638671875,1.0,9.78
10450,1026.4754638671875,1.0,9.93
10540,1026.4754638671875,1.0,9.93
10630,1026.4754638671875,1.0,9.96
10720,1026.4754638671875,1.0,9.83
10810,1026.4754638671875,1.0,9.81
10900,1026.4754638671875,1.0,9.85
10990,1026.4754638671875,1.0,9.91
11080,1026.4754638671875,1.0,9.85
11170,1026.4754638671875,1.0,9.79
11260,1026.4754638671875,1.0,9.86
11350,1026.4754638671875,1.0,9.97
11440,1026.4754638671875,1.0,9.95
11530,1026.4754638671875,1.0,9.86
11620,1026.4754638671875,1.0,9.88
11710,1026.4754638671875,1.0,10.03
11800,1026.4754638671875,1.0,9.90
11890,1026.4754638671875,1.0,9.91
11980,1026.4754638671875,1.0,10.00
12070,1026.4754638671875,1.0,9.99
12160,1026.4754638671875,1.0,9.93
12250,1026.4754638671875,1.0,9.88
12340,1026.4754638671875,1.0,9.98
12430,1026.4754638671875,1.0,10.08
12520,1026.4754638671875,1.0,9.91
12610,1026.4754638671875,1.0,9.94
12700,1026.4754638671875,1.0,9.84
12790,1026.4754638671875,1.0,9.92
12880,1026.4754638671875,1.0,10.01
12970,1026.4754638671875,1.0,9.84
13060,1026.4754638671875,1.0,9.88
13150,1026.4754638671875,1.0,9.99
13240,1026.4754638671875,1.0,9.85
13330,1026.4754638671875,1.0,9.97
13420,1026.4754638671875,1.0,9.83
13510,1026.4754638671875,1.0,9.85
13600,1026.4754638671875,1.0,10.02
13690,1026.83056640625,1.0,10.05
13780,1026.83056640625,1.0,9.97
13870,1026.83056640625,1.0,10.00
13960,1026.83056640625,1.0,10.02
14050,1026.83056640625,1.0,9.93
14140,1026.83056640625,1.0,9.82
14230,1026.83056640625,1.0,9.87
14320,1026.83056640625,1.0,10.03
14410,1026.83056640625,1.0,9.94
14500,1026.83056640625,1.0,9.87
14590,1026.83056640625,1.0,9.93
14680,1026.83056640625,1.0,9.89
14770,1026.83056640625,1.0,9.88
14860,1026.83056640625,1.0,9.93
14950,1026.83056640625,1.0,9.90
15040,1026.83056640625,1.0,9.77
15130,1026.83056640625,1.0,9.78
15220,1026.83056640625,1.0,9.87
15310,1026.83056640625,1.0,9.93
15400,1026.83056640625,1.0,9.78
15490,1026.83056640625,1.0,9.95
15580,1026.83056640625,1.0,9.94
15670,1026.83056640625,1.0,9.94
15760,1026.83056640625,1.0,9.93
15850,1026.83056640625,1.0,9.75
15940,1026.83056640625,1.0,9.96
16030,1026.83056640625,1.0,9.84
16120,1026.83056640625,1.0,9.79
16210,1026.83056640625,1.0,9.91
16300,1026.83056640625,1.0,9.96
16390,1026.83056640625,1.0,9.71
16480,1026.83056640625,1.0,9.98
16570,1026.83056640625,1.0,9.75
16660,1026.83056640625,1.0,9.82
16750,1026.83056640625,1.0,9.79
16840,1026.83056640625,1.0,9.89
16930,1026.83056640625,1.0,9.84
17020,1026.83056640625,1.0,9.92
17110,1026.83056640625,1.0,9.89
17200,1026.83056640625,1.0,9.92
17290,1026.83056640625,1.0,9.97
17380,1026.83056640625,1.0,10.04
17470,1026.83056640625,1.0,10.05
17560,1026.83056640625,1.0,9.88
17650,1026.83056640625,1.0,9.81
17740,1026.83056640625,1.0,9.96
17830,1026.83056640625,1.0,9.87
17920,1026.83056640625,1.0,9.89
18010,1026.83056640625,1.0,9.81
18100,1026.83056640625,1.0,9.83
18190,1026.83056640625,1.0,9.90
18280,1026.83056640625,1.0,9.87
18370,1026.83056640625,1.0,9.92
18460,1026.83056640625,1.0,9.90
18550,1026.83056640625,1.0,9.90
18640,1026.83056640625,1.0,9.80
18730,1026.83056640625,1.0,9.93
18820,1026.83056640625,1.0,9.91
18910,1026.83056640625,1.0,9.81
19000,1026.83056640625,1.0,9.82
19090,1026.83056640625,1.0,9.82
19180,1026.83056640625,1.0,9.89
19270,1026.83056640625,1.0,9.92
19360,1026.83056640625,1.0,10.02
19450,1026.83056640625,1.0,10.09
19540,1026.83056640625,1.0,9.91
19630,1026.83056640625,1.0,9.90
19720,1026.83056640625,1.0,9.91
19810,1026.83056640625,1.0,9.93
19900,1026.83056640625,1.0,9.95
19990,1026.83056640625,1.0,9.83
20080,1026.83056640625,1.0,9.89
20170,1026.83056640625,1.0,9.94
20260,1026.83056640625,1.0,9.92
20350,1026.83056640625,1.0,9.94
20440,1026.83056640625,1.0,9.97
20530,1026.83056640625,1.0,10.06
20620,1026.83056640625,1.0,9.82
20710,1026.83056640625,1.0,9.92
20800,1026.83056640625,1.0,9.97
20890,1026.83056640625,1.0,9.83
20980,1026.83056640625,1.0,9.86
21070,1026.83056640625,1.0,9.86
21160,1026.83056640625,1.0,9.93
21250,1026.83056640625,1.0,9.93
21340,1026.83056640625,1.0,10.11
21430,1026.83056640625,1.0,9.96
21520,1026.83056640625,1.0,10.01
21610,1026.83056640625,1.0,9.81
21700,1026.83056640625,1.0,9.94
21790,1026.83056640625,1.0,9.94
21880,1026.83056640625,1.0,9.97
21970,1026.83056640625,1.0,9.93
22060,1026.83056640625,1.0,9.80
22150,1026.83056640625,1.0,9.89
22240,1026.83056640625,1.0,9.87
22330,1026.83056640625,1.0,9.81
22420,1026.83056640625,1.0,9.96
22510,1026.83056640625,1.0,10.05
22600,1026.83056640625,1.0,9.86
22690,1026.83056640625,1.0,9.95
22780,1026.83056640625,1.0,9.82
22870,1026.83056640625,1.0,9.73
22960,1026.83056640625,1.0,9.97
23050,1026.83056640625,1.0,9.83
23140,1026.83056640625,1.0,9.91
23230,1026.83056640625,1.0,9.97
23320,1026.83056640625,1.0,9.85
23410,1026.83056640625,1.0,10.03
23500,1026.83056640625,1.0,9.76
23590,1026.83056640625,1.0,9.95
23680,1026.83056640625,1.0,9.84
23770,1026.83056640625,1.0,9.83
23860,1026.83056640625,1.0,9.82
23950,1026.83056640625,1.0,9.90
24040,1026.83056640625,1.0,9.99
24130,1026.83056640625,1.0,9.84
24220,1026.83056640625,1.0,9.94
24310,1026.83056640625,1.0,9.93
24400,1026.83056640625,1.0,9.95
24490,1026.83056640625,1.0,10.01
24580,1026.83056640625,1.0,9.87
24670,1026.83056640625,1.0,9.79
24760,1026.83056640625,1.0,10.05
24850,1026.83056640625,1.0,9.76
24940,1026.83056640625,1.0,9.85
25030,1026.83056640625,1.0,9.99
25120,1026.83056640625,1.0,9.98
25210,1026.83056640625,1.0,9.92
25300,1026.83056640625,1.0,9.79
25390,1026.83056640625,1.0,10.03
25480,1026.83056640625,1.0,9.90
25570,1026.83056640625,1.0,9.74
25660,1026.83056640625,1.0,9.87
25750,1026.83056640625,1.0,9.83
25840,1026.83056640625,1.0,10.00
25930,1026.83056640625,1.0,9.83
26020,1026.83056640625,1.0,10.03
26110,1026.83056640625,1.0,10.01
26200,1026.83056640625,1.0,9.93
26290,1026.83056640625,1.0,9.93
26380,1026.83056640625,1.0,9.97
26470,1026.83056640625,1.0,9.79
26560,1026.83056640625,1.0,9.90
26650,1026.83056640625,1.0,9.97
26740,1026.83056640625,1.0,9.87
26830,1026.83056640625,1.0,9.94
26920,1026.83056640625,1.0,10.03
27010,1026.83056640625,1.0,9.94
27100,1026.83056640625,1.0,9.85
27190,1026.83056640625,1.0,9.98
27280,1026.83056640625,1.0,9.93
27370,1026.83056640625,1.0,9.86
27460,1026.83056640625,1.0,9.86
27550,1026.83056640625,1.0,9.76
27640,1026.83056640625,1.0,9.99
27730,1026.83056640625,1.0,9.98
27820,1026.83056640625,1.0,9.82
27910,1026.83056640625,1.0,9.94
28000,1026.83056640625,1.0,10.02
28090,1026.83056640625,1.0,9.86
28180,1026.83056640625,1.0,10.16
28270,1026.83056640625,1.0,9.95
28360,1026.83056640625,1.0,10.00
28450,1026.83056640625,1.0,10.09
28540,1026.83056640625,1.0,10.07
28630,1026.83056640625,1.0,9.74
28720,1026.83056640625,1.0,9.95
28810,1026.83056640625,1.0,9.87
28900,1026.83056640625,1.0,9.99
28990,1026.83056640625,1.0,10.09
29080,1026.83056640625,1.0,9.97
29170,1026.83056640625,1.0,10.06
29260,1026.83056640625,1.0,9.90
29350,1026.83056640625,1.0,9.83
29440,1026.83056640625,1.0,9.88
29530,1026.83056640625,1.0,9.94
29620,1026.83056640625,1.0,9.98
29710,1026.83056640625,1.0,9.88
29800,1026.83056640625,1.0,9.90
29890,1026.83056640625,1.0,10.17
29980,1026.83056640625,1.0,9.85
30070,1026.83056640625,1.0,9.79
30160,1026.83056640625,1.0,9.95
30250,1026.83056640625,1.0,9.93
30340,1026.83056640625,1.0,9.97
30430,1026.83056640625,1.0,9.99
30520,1026.83056640625,1.0,10.02
30610,1026.83056640625,1.0,10.03
30700,1026.83056640625,1.0,9.97
30790,1026.83056640625,1.0,9.78
30880,1026.83056640625,1.0,9.86
30970,1026.83056640625,1.0,9.75
31060,1026.83056640625,1.0,9.90
31150,1026.83056640625,1.0,10.07
31240,1026.83056640625,1.0,9.91
31330,1026.83056640625,1.0,9.81
31420,1026.83056640625,1.0,9.97
31510,1026.83056640625,1.0,9.99
31600,1026.83056640625,1.0,9.89
31690,1026.83056640625,1.0,9.83
31780,1026.83056640625,1.0,9.78
31870,1026.83056640625,1.0,9.99
31960,1026.83056640625,1.0,9.80
32050,1026.83056640625,1.0,9.96
32140,1026.83056640625,1.0,9.97
32230,1026.83056640625,1.0,9.82
32320,1026.83056640625,1.0,10.03
32410,1026.83056640625,1.0,10.08
32500,1026.83056640625,1.0,9.75
32590,1026.83056640625,1.0,10.14
32680,1026.83056640625,1.0,9.77
32770,1026.83056640625,1.0,9.89
32860,1026.83056640625,1.0,9.83
32950,1026.83056640625,1.0,9.89
33040,1026.83056640625,1.0,9.98
33130,1026.83056640625,1.0,9.93
33220,1026.83056640625,1.0,9.91
33310,1026.83056640625,1.0,10.02
33400,1026.83056640625,1.0,10.04
33490,1026.83056640625,1.0,10.02
33580,1026.83056640625,1.0,9.97
33670,1026.83056640625,1.0,10.03
33760,1026.83056640625,1.0,9.98
33850,1026.83056640625,1.0,9.84
33940,1026.83056640625,1.0,9.89
34030,1026.83056640625,1.0,9.94
34120,1026.83056640625,1.0,10.09
34210,1026.83056640625,1.0,9.88
34300,1026.83056640625,1.0,9.91
34390,1026.83056640625,1.0,10.03
34480,1026.83056640625,1.0,9.87
34570,1026.83056640625,1.0,9.90
34660,1026.83056640625,1.0,9.89
34750,1026.83056640625,1.0,9.80
34840,1026.83056640625,1.0,9.73
34930,1026.83056640625,1.0,9.96
35020,1026.83056640625,1.0,10.05
35110,1026.83056640625,1.0,10.06
35200,1026.83056640625,1.0,9.88
35290,1026.83056640625,1.0,9.78
35380,1026.83056640625,1.0,9.92
35470,1026.83056640625,1.0,9.97
35560,1026.83056640625,1.0,9.87
35650,1026.83056640625,1.0,10.05
35740,1026.83056640625,1.0,9.84
35830,1026.83056640625,1.0,9.94
35920,1026.83056640625,1.0,10.02
36010,1026.83056640625,1.0,9.92
36100,1026.83056640625,1.0,9.80
36190,1026.83056640625,1.0,9.81
36280,1026.83056640625,1.0,10.09
36370,1026.83056640625,1.0,10.21
36460,1026.83056640625,1.0,9.91
36550,1026.83056640625,1.0,9.90
36640,1026.83056640625,1.0,9.79
36730,1026.83056640625,1.0,9.91
36820,1026.83056640625,1.0,9.97
36910,1026.83056640625,1.0,9.89
37000,1026.83056640625,1.0,9.99
37090,1026.83056640625,1.0,9.99
37180,1026.83056640625,1.0,9.85
37270,1026.83056640625,1.0,10.04
37360,1026.83056640625,1.0,9.99
37450,1026.83056640625,1.0,9.92
37540,1026.83056640625,1.0,9.88
37630,1026.83056640625,1.0,9.95
37720,1026.83056640625,1.0,10.03
37810,1026.83056640625,1.0,9.84
37900,1026.83056640625,1.0,9.84
37990,1026.83056640625,1.0,9.90
38080,1026.83056640625,1.0,9.96
38170,1026.83056640625,1.0,10.14
38260,1026.83056640625,1.0,9.97
38350,1026.83056640625,1.0,10.09
38440,1026.83056640625,1.0,10.00
38530,1026.83056640625,1.0,10.10
38620,1026.83056640625,1.0,9.92
38710,1026.83056640625,1.0,9.88
38800,1026.83056640625,1.0,9.84
38890,1026.83056640625,1.0,10.00
38980,1026.83056640625,1.0,9.93
39070,1026.83056640625,1.0,9.87
39160,1026.83056640625,1.0,9.97
39250,1026.83056640625,1.0,9.95
39340,1026.83056640625,1.0,9.83
39430,1026.83056640625,1.0,9.95
39520,1026.83056640625,1.0,9.78
39610,1026.83056640625,1.0,9.85
39700,1026.83056640625,1.0,9.88
39790,1026.83056640625,1.0,9.73
39880,1026.83056640625,1.0,9.89
39970,1026.83056640625,1.0,9.88
40060,1026.83056640625,1.0,9.80
40150,1026.83056640625,1.0,10.01
40240,1026.83056640625,1.0,9.96
40330,1026.83056640625,1.0,9.92
40420,1026.83056640625,1.0,9.91
40510,1026.83056640625,1.0,10.03
40600,1026.83056640625,1.0,9.84
40690,1026.83056640625,1.0,9.87
40780,1026.83056640625,1.0,9.90
40870,1026.83056640625,1.0,9.99
40960,1026.83056640625,1.0,9.85
41050,1026.83056640625,1.0,9.80
41140,1026.83056640625,1.0,9.86
41230,1026.83056640625,1.0,9.87
41320,1026.83056640625,1.0,9.76
41410,1026.83056640625,1.0,9.84
41500,1026.83056640625,1.0,9.89
41590,1026.83056640625,1.0,9.90
41680,1026.83056640625,1.0,9.94
41770,1026.83056640625,1.0,9.93
41860,1026.83056640625,1.0,9.72
41950,1026.83056640625,1.0,9.96
42040,1026.83056640625,1.0,9.80
42130,1026.83056640625,1.0,9.81
42220,1026.83056640625,1.0,9.97
42310,1026.83056640625,1.0,10.00
42400,1026.83056640625,1.0,9.93
42490,1026.83056640625,1.0,9.67
42580,1026.83056640625,1.0,9.86
42670,1026.83056640625,1.0,9.78
42760,1026.83056640625,1.0,9.86
42850,1026.83056640625,1.0,9.84
42940,1026.83056640625,1.0,9.83
43030,1026.83056640625,1.0,9.89
43120,1026.83056640625,1.0,9.90
43210,1026.83056640625,1.0,9.97
43300,1026.83056640625,1.0,9.91
43390,1026.83056640625,1.0,9.86
43480,1026.83056640625,1.0,10.01
43570,1026.83056640625,1.0,9.82
43660,1026.83056640625,1.0,10.08
43750,1026.83056640625,1.0,9.90
43840,1026.83056640625,1.0,9.99
43930,1026.83056640625,1.0,9.98
44020,1026.83056640625,1.0,9.85
44110,1026.83056640625,1.0,9.81
44200,1026.83056640625,1.0,10.04
44290,1026.83056640625,1.0,9.90
44380,1026.83056640625,1.0,9.89
44470,1026.83056640625,1.0,9.92
44560,1026.83056640625,1.0,9.88
44650,1026.83056640625,1.0,9.93
44740,1026.83056640625,1.0,9.77
44830,1026.83056640625,1.0,9.92
44920,1026.83056640625,1.0,9.99
45010,1026.83056640625,1.0,10.04
45100,1026.83056640625,1.0,9.90
45190,1026.83056640625,1.0,9.69
45280,1026.83056640625,1.0,9.89
45370,1026.83056640625,1.0,9.84
45460,1026.83056640625,1.0,10.10
45550,1026.83056640625,1.0,9.90
45640,1026.83056640625,1.0,9.84
45730,1026.83056640625,1.0,9.96
45820,1026.83056640625,1.0,9.80
45910,1026.83056640625,1.0,9.99
46000,1026.83056640625,1.0,9.87
46090,1026.83056640625,1.0,9.99
46180,1026.83056640625,1.0,10.01
46270,1026.83056640625,1.0,9.74
46360,1026.83056640625,1.0,9.85
46450,1026.83056640625,1.0,9.91
46540,1026.83056640625,1.0,9.83
46630,1026.83056640625,1.0,9.90
46720,1026.83056640625,1.0,10.07
46810,1026.83056640625,1.0,9.89
46900,1026.83056640625,1.0,10.08
46990,1026.83056640625,1.0,9.87
47080,1026.83056640625,1.0,9.84
47170,1026.83056640625,1.0,10.05
47260,1026.83056640625,1.0,9.96
47350,1026.83056640625,1.0,9.94
47440,1026.83056640625,1.0,9.86
47530,1026.83056640625,1.0,9.86
47620,1026.83056640625,1.0,9.85
47710,1026.83056640625,1.0,9.90
47800,1026.83056640625,1.0,9.89
47890,1026.83056640625,1.0,10.02
47980,1026.83056640625,1.0,9.92
48070,1026.83056640625,1.0,9.98
48160,1026.83056640625,1.0,9.93
48250,1026.83056640625,1.0,9.93
48340,1026.83056640625,1.0,9.80
48430,1026.83056640625,1.0,9.83
48520,1026.83056640625,1.0,9.74
48610,1026.83056640625,1.0,9.76
48700,1026.83056640625,1.0,9.91
48790,1026.83056640625,1.0,9.94
48880,1026.83056640625,1.0,10.15
48970,1026.83056640625,1.0,9.66
49060,1026.83056640625,1.0,10.08
49150,1026.83056640625,1.0,9.96
49240,1026.83056640625,1.0,9.91
49330,1026.83056640625,1.0,10.00
49420,1026.83056640625,1.0,10.00
49510,1026.83056640625,1.0,9.99
49600,1026.83056640625,1.0,10.04
49690,1026.83056640625,1.0,9.88
49780,1026.83056640625,1.0,9.95
49870,1026.83056640625,1.0,9.91
49960,1026.83056640625,1.0,9.88
50050,1026.83056640625,1.0,9.95
50140,1026.83056640625,1.0,10.03
50230,1026.83056640625,1.0,9.92
50320,1026.83056640625,1.0,10.01
50410,1026.83056640625,1.0,10.07
50500,1026.83056640625,1.0,9.93
50590,1026.83056640625,1.0,9.91
50680,1026.83056640625,1.0,10.00
50770,1026.83056640625,1.0,10.12
50860,1026.83056640625,1.0,10.00
50950,1026.83056640625,1.0,9.88
51040,1026.83056640625,1.0,9.84
51130,1026.83056640625,1.0,9.86
51220,1026.83056640625,1.0,9.94
51310,1026.83056640625,1.0,9.77
51400,1026.83056640625,1.0,9.96
51490,1026.83056640625,1.0,9.83
51580,1026.83056640625,1.0,9.84
51670,1026.83056640625,1.0,9.98
51760,1026.83056640625,1.0,9.97
51850,1026.83056640625,1.0,9.93
51940,1026.83056640625,1.0,9.89
52030,1026.83056640625,1.0,9.80
52120,1026.83056640625,1.0,10.04
52210,1026.83056640625,1.0,9.78
52300,1026.83056640625,1.0,9.81
52390,1026.83056640625,1.0,9.89
52480,1026.83056640625,1.0,9.83
52570,1026.83056640625,1.0,9.92
52660,1026.83056640625,1.0,10.01
52750,1026.83056640625,1.0,9.82
52840,1026.83056640625,1.0,10.18
52930,1026.83056640625,1.0,9.86
53020,1026.83056640625,1.0,9.83
53110,1026.83056640625,1.0,9.88
53200,1026.83056640625,1.0,9.95
53290,1026.83056640625,1.0,9.99
53380,1026.83056640625,1.0,9.99
53470,1026.83056640625,1.0,10.08
53560,1026.83056640625,1.0,10.07
53650,1026.83056640625,1.0,9.80
53740,1026.83056640625,1.0,9.88
53830,1026.83056640625,1.0,9.92
53920,1026.83056640625,1.0,9.75
54010,1026.83056640625,1.0,9.87
54100,1026.83056640625,1.0,10.12
54190,1026.83056640625,1.0,9.95
54280,1026.83056640625,1.0,9.79
54370,1026.83056640625,1.0,10.03
54460,1026.83056640625,1.0,10.00
54550,1026.83056640625,1.0,10.10
54640,1026.83056640625,1.0,9.65
54730,1026.83056640625,1.0,10.14
54820,1026.83056640625,1.0,9.86
54910,1026.83056640625,1.0,9.99
55000,1026.83056640625,1.0,9.87
55090,1026.83056640625,1.0,9.82
55180,1026.83056640625,1.0,9.79
55270,1026.83056640625,1.0,9.92
55360,1026.83056640625,1.0,9.97
55450,1026.83056640625,1.0,9.88
55540,1026.83056640625,1.0,9.90
55630,1026.83056640625,1.0,9.96
55720,1026.83056640625,1.0,9.96
55810,1026.83056640625,1.0,9.94
55900,1026.83056640625,1.0,10.00
55990,1026.83056640625,1.0,9.89
56080,1026.83056640625,1.0,9.87
56170,1026.83056640625,1.0,9.94
56260,1026.83056640625,1.0,9.85
56350,1026.83056640625,1.0,10.02
56440,1026.83056640625,1.0,9.98
56530,1026.83056640625,1.0,9.96
56620,1026.83056640625,1.0,10.03
56710,1026.83056640625,1.0,10.05
56800,1026.83056640625,1.0,9.94
56890,1026.83056640625,1.0,9.85
56980,1026.83056640625,1.0,10.00
57070,1026.83056640625,1.0,10.08
57160,1026.83056640625,1.0,9.86
57250,1026.83056640625,1.0,10.03
57340,1026.83056640625,1.0,9.66
57430,1026.83056640625,1.0,9.87
57520,1026.83056640625,1.0,9.95
57610,1026.83056640625,1.0,9.91
57700,1026.83056640625,1.0,10.01
57790,1026.83056640625,1.0,9.86
57880,1026.83056640625,1.0,9.86
57970,1026.83056640625,1.0,9.98
58060,1026.83056640625,1.0,9.93
58150,1026.83056640625,1.0,9.87
58240,1026.83056640625,1.0,9.70
58330,1026.83056640625,1.0,9.89
58420,1026.83056640625,1.0,10.11
58510,1026.83056640625,1.0,9.85
58600,1026.83056640625,1.0,9.81
58690,1026.83056640625,1.0,9.79
58780,1026.83056640625,1.0,9.99
58870,1026.83056640625,1.0,10.03
58960,1026.83056640625,1.0,9.89
59050,1026.83056640625,1.0,9.89
59140,1026.83056640625,1.0,9.93
59230,1026.83056640625,1.0,9.87
59320,1026.83056640625,1.0,9.94
59410,1026.83056640625,1.0,10.01
59500,1026.83056640625,1.0,9.87
59590,1026.83056640625,1.0,9.99
59680,1026.83056640625,1.0,9.94
59770,1026.83056640625,1.0,9.89
59860,1026.83056640625,1.0,9.86
59950,1026.83056640625,1.0,9.94
60040,1026.83056640625,1.0,9.97
60130,1026.83056640625,1.0,9.84
60220,1026.83056640625,1.0,9.95
60310,1026.83056640625,1.0,9.93
60400,1026.83056640625,1.0,9.70
60490,1027.1641845703125,1.0,9.76
60580,1027.1641845703125,1.0,9.98
60670,1027.1641845703125,1.0,9.89
60760,1027.1641845703125,1.0,9.92
60850,1027.1641845703125,1.0,10.07
60940,1027.1641845703125,1.0,9.84
61030,1027.1641845703125,1.0,10.03
61120,1027.1641845703125,1.0,9.85
61210,1027.1641845703125,1.0,10.01
61300,1027.1641845703125,1.0,9.94
61390,1027.1641845703125,1.0,9.96
61480,1027.1641845703125,1.0,9.90
61570,1027.1641845703125,1.0,9.85
61660,1027.1641845703125,1.0,9.81
61750,1027.1641845703125,1.0,9.98
61840,1027.1641845703125,1.0,9.77
61930,1027.1641845703125,1.0,9.97
62020,1027.1641845703125,1.0,9.97
62110,1027.1641845703125,1.0,10.04
62200,1027.1641845703125,1.0,10.02
62290,1027.1641845703125,1.0,9.76
62380,1027.1641845703125,1.0,10.09
62470,1027.1641845703125,1.0,10.03
62560,1027.1641845703125,1.0,9.93
62650,1027.1641845703125,1.0,9.95
62740,1027.1641845703125,1.0,10.03
62830,1027.1641845703125,1.0,9.90
62920,1027.1641845703125,1.0,9.91
63010,1027.1641845703125,1.0,9.82
63100,1027.1641845703125,1.0,10.07
63190,1027.1641845703125,1.0,9.90
63280,1027.1641845703125,1.0,10.02
63370,1027.1641845703125,1.0,10.09
63460,1027.1641845703125,1.0,9.87
63550,1027.1641845703125,1.0,9.88
63640,1027.1641845703125,1.0,9.97
63730,1027.1641845703125,1.0,9.85
63820,1027.1641845703125,1.0,9.96
63910,1027.1641845703125,1.0,9.90
64000,1027.1641845703125,1.0,9.90
64090,1027.1641845703125,1.0,9.88
64180,1027.1641845703125,1.0,9.90
64270,1027.1641845703125,1.0,9.77
64360,1027.1641845703125,1.0,9.90
64450,1027.1641845703125,1.0,10.02
64540,1027.1641845703125,1.0,10.02
64630,1027.1641845703125,1.0,10.07
64720,1027.1641845703125,1.0,9.91
64810,1027.1641845703125,1.0,9.91
64900,1027.1641845703125,1.0,9.90
64990,1027.1641845703125,1.0,9.98
65080,1027.1641845703125,1.0,9.95
65170,1027.1641845703125,1.0,9.95
65260,1027.1641845703125,1.0,9.82
65350,1027.1641845703125,1.0,9.84
65440,1027.1641845703125,1.0,9.77
65530,1027.1641845703125,1.0,9.89
65620,1027.1641845703125,1.0,9.79
65710,1027.1641845703125,1.0,9.87
65800,1027.1641845703125,1.0,9.74
65890,1027.1641845703125,1.0,9.82
65980,1027.1641845703125,1.0,9.78
66070,1027.1641845703125,1.0,10.02
66160,1027.1641845703125,1.0,9.82
66250,1027.1641845703125,1.0,9.89
66340,1027.1641845703125,1.0,9.98
66430,1027.1641845703125,1.0,9.85
66520,1027.1641845703125,1.0,9.87
66610,1027.1641845703125,1.0,9.99
66700,1027.1641845703125,1.0,9.91
66790,1027.1641845703125,1.0,9.91
66880,1027.1641845703125,1.0,10.08
66970,1027.1641845703125,1.0,9.94
67060,1027.1641845703125,1.0,9.96
67150,1027.1641845703125,1.0,9.99
67240,1027.1641845703125,1.0,9.73
67330,1027.1641845703125,1.0,10.05
67420,1027.1641845703125,1.0,9.90
67510,1027.1641845703125,1.0,10.06
67600,1027.1641845703125,1.0,9.91
67690,1027.1641845703125,1.0,9.94
67780,1027.1641845703125,1.0,9.95
67870,1027.1641845703125,1.0,9.93
67960,1027.1641845703125,1.0,9.79
68050,1027.1641845703125,1.0,9.91
68140,1027.1641845703125,1.0,9.94
68230,1027.1641845703125,1.0,9.95
68320,1027.1641845703125,1.0,10.02
68410,1027.1641845703125,1.0,9.84
68500,1027.1641845703125,1.0,9.97
68590,1027.1641845703125,1.0,9.91
68680,1027.1641845703125,1.0,9.86
68770,1027.1641845703125,1.0,9.98
68860,1027.1641845703125,1.0,9.92
68950,1027.1641845703125,1.0,9.92
69040,1027.1641845703125,1.0,9.88
69130,1027.1641845703125,1.0,10.05
69220,1027.1641845703125,1.0,9.99
69310,1027.1641845703125,1.0,10.03
69400,1027.1641845703125,1.0,9.88
69490,1027.1641845703125,1.0,9.93
69580,1027.1641845703125,1.0,9.85
69670,1027.1641845703125,1.0,9.88
69760,1027.1641845703125,1.0,10.02
69850,1027.1641845703125,1.0,9.89
69940,1027.1641845703125,1.0,9.95
70030,1027.1641845703125,1.0,10.07
70120,1027.1641845703125,1.0,9.89
70210,1027.1641845703125,1.0,9.88
70300,1027.1641845703125,1.0,9.98
70390,1027.1641845703125,1.0,9.82
70480,1027.1641845703125,1.0,9.91
70570,1027.1641845703125,1.0,10.00
70660,1027.1641845703125,1.0,9.96
70750,1027.1641845703125,1.0,10.02
70840,1027.1641845703125,1.0,9.82
70930,1027.1641845703125,1.0,9.88
71020,1027.1641845703125,1.0,9.92
71110,1027.1641845703125,1.0,10.04
71200,1027.1641845703125,1.0,9.85
71290,1027.1641845703125,1.0,9.86
71380,1027.1641845703125,1.0,10.03
71470,1027.1641845703125,1.0,9.88
71560,1027.1641845703125,1.0,9.92
71650,1027.1641845703125,1.0,9.97
71740,1027.1641845703125,1.0,9.80
71830,1027.1641845703125,1.0,9.77
71920,1027.1641845703125,1.0,9.74
72010,1027.1641845703125,1.0,9.86
72100,1027.1641845703125,1.0,9.74
72190,1027.1641845703125,1.0,10.01
72280,1027.1641845703125,1.0,9.92
72370,1027.1641845703125,1.0,9.85
72460,1027.1641845703125,1.0,9.92
72550,1027.1641845703125,1.0,10.08
72640,1027.1641845703125,1.0,9.96
72730,1027.1641845703125,1.0,9.94
72820,1027.1641845703125,1.0,9.82
72910,1027.1641845703125,1.0,9.84
73000,1027.1641845703125,1.0,9.85
73090,1027.1641845703125,1.0,10.15
73180,1027.1641845703125,1.0,9.94
73270,1027.1641845703125,1.0,9.80
73360,1027.1641845703125,1.0,9.88
73450,1027.1641845703125,1.0,9.84
73540,1027.1641845703125,1.0,9.84
73630,1027.1641845703125,1.0,10.04
73720,1027.1641845703125,1.0,10.07
73810,1027.1641845703125,1.0,9.83
73900,1027.1641845703125,1.0,10.09
73990,1027.1641845703125,1.0,9.62
74080,1027.1641845703125,1.0,9.91
74170,1027.1641845703125,1.0,9.88
74260,1027.1641845703125,1.0,9.94
74350,1027.1641845703125,1.0,10.18
74440,1027.1641845703125,1.0,9.73
74530,1027.1641845703125,1.0,9.91
74620,1027.1641845703125,1.0,9.95
74710,1027.1641845703125,1.0,9.95
74800,1027.1641845703125,1.0,10.06
74890,1027.1641845703125,1.0,10.09
74980,1027.1641845703125,1.0,10.07
75070,1027.1641845703125,1.0,9.87
75160,1027.1641845703125,1.0,10.06
75250,1027.1641845703125,1.0,9.81
75340,1027.1641845703125,1.0,9.80
75430,1027.1641845703125,1.0,9.98
75520,1027.1641845703125,1.0,9.84
75610,1027.1641845703125,1.0,9.94
75700,1027.1641845703125,1.0,9.92
75790,1027.1641845703125,1.0,9.70
75880,1027.1641845703125,1.0,10.08
75970,1027.1641845703125,1.0,9.92
76060,1027.1641845703125,1.0,10.04
76150,1027.1641845703125,1.0,9.84
76240,1027.1641845703125,1.0,9.88
76330,1027.1641845703125,1.0,9.91
76420,1027.1641845703125,1.0,9.88
76510,1027.1641845703125,1.0,10.01
76600,1027.1641845703125,1.0,9.87
76690,1027.1641845703125,1.0,9.94
76780,1027.1641845703125,1.0,9.81
76870,1027.1641845703125,1.0,10.00
76960,1027.1641845703125,1.0,9.80
77050,1027.1641845703125,1.0,10.08
77140,1027.1641845703125,1.0,9.96
77230,1027.1641845703125,1.0,9.93
77320,1027.1641845703125,1.0,9.96
77410,1027.1641845703125,1.0,9.98
77500,1027.1641845703125,1.0,9.93
77590,1027.1641845703125,1.0,9.96
77680,1027.1641845703125,1.0,10.00
77770,1027.1641845703125,1.0,9.83
77860,1027.1641845703125,1.0,9.94
77950,1027.1641845703125,1.0,10.03
78040,1027.1641845703125,1.0,9.78
78130,1027.1641845703125,1.0,9.97
78220,1027.1641845703125,1.0,9.83
78310,1027.1641845703125,1.0,9.78
78400,1027.1641845703125,1.0,9.76
78490,1027.1641845703125,1.0,9.77
78580,1027.1641845703125,1.0,9.90
78670,1027.1641845703125,1.0,10.07
78760,1027.1641845703125,1.0,9.93
78850,1027.1641845703125,1.0,9.68
78940,1027.1641845703125,1.0,9.88
79030,1027.1641845703125,1.0,9.95
79120,1027.1641845703125,1.0,10.03
79210,1027.1641845703125,1.0,10.03
79300,1027.1641845703125,1.0,9.91
79390,1027.1641845703125,1.0,9.76
79480,1027.1641845703125,1.0,10.03
79570,1027.1641845703125,1.0,9.81
79660,1027.1641845703125,1.0,9.95
79750,1027.1641845703125,1.0,10.02
79840,1027.1641845703125,1.0,9.99
79930,1027.1641845703125,1.0,9.87
80020,1027.1641845703125,1.0,10.04
80110,1027.1641845703125,1.0,9.85
80200,1027.1641845703125,1.0,9.85
80290,1027.1641845703125,1.0,10.02
80380,1027.1641845703125,1.0,9.94
80470,1027.1641845703125,1.0,9.96
80560,1027.1641845703125,1.0,10.02
80650,1027.1641845703125,1.0,9.90
80740,1027.1641845703125,1.0,10.02
80830,1027.1641845703125,1.0,9.91
80920,1027.1641845703125,1.0,10.17
81010,1027.1641845703125,1.0,9.93
81100,1027.1641845703125,1.0,10.00
81190,1027.1641845703125,1.0,9.99
81280,1027.1641845703125,1.0,9.90
81370,1027.1641845703125,1.0,9.88
81460,1027.1641845703125,1.0,9.74
81550,1027.1641845703125,1.0,9.73
81640,1027.1641845703125,1.0,9.90
81730,1027.1641845703125,1.0,10.02
81820,1027.1641845703125,1.0,10.02
81910,1027.1641845703125,1.0,9.86
82000,1027.1641845703125,1.0,9.93
82090,1027.1641845703125,1.0,9.81
82180,1027.1641845703125,1.0,10.14
82270,1027.1641845703125,1.0,10.07
82360,1027.1641845703125,1.0,9.91
82450,1027.1641845703125,1.0,10.20
82540,1027.1641845703125,1.0,9.81
82630,1027.1641845703125,1.0,9.77
82720,1027.1641845703125,1.0,9.93
82810,1027.1641845703125,1.0,9.93
82900,1027.1641845703125,1.0,9.95
82990,1027.1641845703125,1.0,10.04
83080,1027.1641845703125,1.0,9.91
83170,1027.1641845703125,1.0,9.95
83260,1027.1641845703125,1.0,9.94
83350,1027.1641845703125,1.0,9.91
83440,1027.1641845703125,1.0,9.69
83530,1027.1641845703125,1.0,9.96
83620,1027.1641845703125,1.0,9.85
83710,1027.1641845703125,1.0,9.90
83800,1027.1641845703125,1.0,9.98
83890,1027.1641845703125,1.0,9.94
83980,1027.1641845703125,1.0,9.94
84070,1027.1641845703125,1.0,9.95
84160,1027.1641845703125,1.0,10.03
84250,1027.1641845703125,1.0,10.00
84340,1027.1641845703125,1.0,9.86
84430,1027.1641845703125,1.0,9.90
84520,1027.1641845703125,1.0,9.90
84610,1027.1641845703125,1.0,10.03
84700,1027.1641845703125,1.0,9.81
84790,1027.1641845703125,1.0,9.93
84880,1027.1641845703125,1.0,9.96
84970,1027.1641845703125,1.0,10.02
85060,1027.1641845703125,1.0,9.83
85150,1027.1641845703125,1.0,9.88
85240,1027.1641845703125,1.0,9.99
85330,1027.1641845703125,1.0,9.90
85420,1027.1641845703125,1.0,9.89
85510,1027.1641845703125,1.0,10.00
85600,1027.1641845703125,1.0,9.98
85690,1027.1641845703125,1.0,9.89
85780,1027.1641845703125,1.0,9.87
85870,1027.1641845703125,1.0,9.99
85960,1027.1641845703125,1.0,10.00
86050,1027.1641845703125,1.0,9.93
86140,1027.1641845703125,1.0,9.85
86230,1027.1641845703125,1.0,9.76
86320,1027.1641845703125,1.0,9.76
86410,1027.1641845703125,1.0,10.13
86500,1027.1641845703125,1.0,10.00
86590,1027.1641845703125,1.0,10.00
86680,1027.1641845703125,1.0,9.91
86770,1027.1641845703125,1.0,9.94
86860,1027.1641845703125,1.0,10.10
86950,1027.1641845703125,1.0,9.85
87040,1027.1641845703125,1.0,9.88
87130,1027.1641845703125,1.0,9.75
87220,1027.1641845703125,1.0,9.83
87310,1027.1641845703125,1.0,9.93
87400,1027.1641845703125,1.0,9.85
87490,1027.1641845703125,1.0,10.01
87580,1027.1641845703125,1.0,9.88
87670,1027.1641845703125,1.0,10.03
87760,1027.1641845703125,1.0,9.83
87850,1027.1641845703125,1.0,10.01
87940,1027.1641845703125,1.0,9.93
88030,1027.1641845703125,1.0,10.06
88120,1027.1641845703125,1.0,9.94
88210,1027.1641845703125,1.0,10.03
88300,1027.1641845703125,1.0,9.74
88390,1027.1641845703125,1.0,9.92
88480,1027.1641845703125,1.0,9.97
88570,1027.1641845703125,1.0,9.97
88660,1027.1641845703125,1.0,9.85
88750,1027.1641845703125,1.0,9.83
88840,1027.1641845703125,1.0,9.71
88930,1027.1641845703125,1.0,10.01
89020,1027.1641845703125,1.0,9.81
89110,1027.1641845703125,1.0,9.83
89200,1027.1641845703125,1.0,10.04
89290,1027.1641845703125,1.0,10.11
89380,1027.1641845703125,1.0,9.98
89470,1027.1641845703125,1.0,9.96
89560,1027.1641845703125,1.0,9.91
89650,1027.1641845703125,1.0,9.96
89740,1027.1641845703125,1.0,10.03
89830,1027.1641845703125,1.0,9.94
89920,1027.1641845703125,1.0,9.94
90010,1027.1641845703125,1.0,9.97
90100,1027.1641845703125,1.0,9.89
90190,1027.1641845703125,1.0,9.87
90280,1027.1641845703125,1.0,9.82
90370,1027.1641845703125,1.0,10.11
90460,1027.1641845703125,1.0,9.93
90550,1027.1641845703125,1.0,9.90
90640,1027.1641845703125,1.0,9.90
90730,1027.1641845703125,1.0,9.79
90820,1027.1641845703125,1.0,10.03
90910,1027.1641845703125,1.0,10.08
91000,1027.1641845703125,1.0,10.00
91090,1027.1641845703125,1.0,9.87
91180,1027.1641845703125,1.0,9.68
91270,1027.1641845703125,1.0,9.87
91360,1027.1641845703125,1.0,9.90
91450,1027.1641845703125,1.0,10.12
91540,1027.1641845703125,1.0,9.94
91630,1027.1641845703125,1.0,9.74
91720,1027.1641845703125,1.0,9.92
91810,1027.1641845703125,1.0,9.81
91900,1027.1641845703125,1.0,10.00
91990,1027.1641845703125,1.0,9.83
92080,1027.1641845703125,1.0,9.96
92170,1027.1641845703125,1.0,9.95
92260,1027.1641845703125,1.0,9.98
92350,1027.1641845703125,1.0,9.96
92440,1027.1641845703125,1.0,9.80
92530,1027.1641845703125,1.0,10.02
92620,1027.1641845703125,1.0,9.75
92710,1027.1641845703125,1.0,10.02
92800,1027.1641845703125,1.0,9.94
92890,1027.1641845703125,1.0,9.97
92980,1027.1641845703125,1.0,9.84
93070,1027.1641845703125,1.0,9.76
93160,1027.1641845703125,1.0,10.00
93250,1027.1641845703125,1.0,10.07
93340,1027.1641845703125,1.0,9.86
93430,1027.1641845703125,1.0,10.10
93520,1027.1641845703125,1.0,10.06
93610,1027.1641845703125,1.0,10.17
93700,1027.1641845703125,1.0,10.00
93790,1027.1641845703125,1.0,9.89
93880,1027.1641845703125,1.0,9.96
93970,1027.1641845703125,1.0,9.90
94060,1027.1641845703125,1.0,10.06
94150,1027.1641845703125,1.0,9.93
94240,1027.1641845703125,1.0,9.96
94330,1027.1641845703125,1.0,9.81
94420,1027.1641845703125,1.0,9.70
94510,1027.1641845703125,1.0,10.10
94600,1027.1641845703125,1.0,9.98
94690,1027.1641845703125,1.0,9.93
94780,1027.1641845703125,1.0,9.98
94870,1027.1641845703125,1.0,9.88
94960,1027.1641845703125,1.0,9.96
95050,1027.1641845703125,1.0,9.96
95140,1027.1641845703125,1.0,9.85
95230,1027.1641845703125,1.0,9.79
95320,1027.1641845703125,1.0,9.85
95410,1027.1641845703125,1.0,9.77
95500,1027.1641845703125,1.0,9.88
95590,1027.1641845703125,1.0,9.78
95680,1027.1641845703125,1.0,9.84
95770,1027.1641845703125,1.0,9.92
95860,1027.1641845703125,1.0,9.97
95950,1027.1641845703125,1.0,9.79
96040,1027.1641845703125,1.0,9.94
96130,1027.1641845703125,1.0,10.03
96220,1027.1641845703125,1.0,9.90
96310,1027.1641845703125,1.0,10.05
96400,1027.1641845703125,1.0,9.96
96490,1027.1641845703125,1.0,10.01
96580,1027.1641845703125,1.0,9.82
96670,1027.1641845703125,1.0,9.96
96760,1027.1641845703125,1.0,9.81
96850,1027.1641845703125,1.0,9.91
96940,1027.1641845703125,1.0,9.76
97030,1027.1641845703125,1.0,9.92
97120,1027.1641845703125,1.0,9.73
97210,1027.1641845703125,1.0,9.82
97300,1027.1641845703125,1.0,9.81
97390,1027.1641845703125,1.0,9.88
97480,1027.1641845703125,1.0,9.91
97570,1027.1641845703125,1.0,9.99
97660,1027.1641845703125,1.0,9.90
97750,1027.1641845703125,1.0,9.81
97840,1027.1641845703125,1.0,9.88
97930,1027.1641845703125,1.0,9.96
98020,1027.1641845703125,1.0,9.89
98110,1027.1641845703125,1.0,10.04
98200,1027.1641845703125,1.0,9.66
98290,1027.1641845703125,1.0,9.80
98380,1027.1641845703125,1.0,9.87
98470,1027.1641845703125,1.0,9.97
98560,1027.1641845703125,1.0,9.93
98650,1027.1641845703125,1.0,9.73
98740,1027.1641845703125,1.0,9.81
98830,1027.1641845703125,1.0,9.84
98920,1027.1641845703125,1.0,9.96
99010,1027.1641845703125,1.0,9.74
99100,1027.1641845703125,1.0,9.93
99190,1027.1641845703125,1.0,9.99
99280,1027.1641845703125,1.0,10.06
99370,1027.1641845703125,1.0,9.74
99460,1027.1641845703125,1.0,10.03
99550,1027.1641845703125,1.0,9.82
99640,1027.1641845703125,1.0,9.93
99730,1027.1641845703125,1.0,10.08
99820,1027.1641845703125,1.0,9.82
99910,1027.1641845703125,1.0,9.82
100000,1027.1641845703125,1.0,9.99
100090,1027.1641845703125,1.0,9.97
100180,1027.1641845703125,1.0,9.96
100270,1027.1641845703125,1.0,10.04
100360,1027.1641845703125,1.0,9.87
100450,1027.1641845703125,1.0,9.88
100540,1027.1641845703125,1.0,10.02
100630,1027.1641845703125,1.0,10.07
100720,1027.1641845703125,1.0,9.88
100810,1027.1641845703125,1.0,10.15
100900,1027.1641845703125,1.0,9.90
100990,1027.1641845703125,1.0,10.01
101080,1027.1641845703125,1.0,9.79
101170,1027.1641845703125,1.0,10.08
101260,1027.1641845703125,1.0,10.02
101350,1027.1641845703125,1.0,9.72
101440,1027.1641845703125,1.0,9.87
101530,1027.1641845703125,1.0,9.92
101620,1027.1641845703125,1.0,9.83
101710,1027.1641845703125,1.0,9.79
101800,1027.1641845703125,1.0,10.02
101890,1027.1641845703125,1.0,9.91
101980,1027.1641845703125,1.0,9.90
102070,1027.1641845703125,1.0,10.00
102160,1027.1641845703125,1.0,9.67
102250,1027.1641845703125,1.0,9.95
102340,1027.1641845703125,1.0,9.77
102430,1027.1641845703125,1.0,9.86
102520,1027.1641845703125,1.0,9.79
102610,1027.1641845703125,1.0,9.76
102700,1027.1641845703125,1.0,10.01
102790,1027.1641845703125,1.0,9.92
102880,1027.1641845703125,1.0,9.76
102970,1027.1641845703125,1.0,9.92
103060,1027.1641845703125,1.0,9.72
103150,1027.1641845703125,1.0,10.03
103240,1027.1641845703125,1.0,10.06
103330,1027.1641845703125,1.0,9.95
103420,1027.1641845703125,1.0,9.87
103510,1027.1641845703125,1.0,9.74
103600,1027.1641845703125,1.0,9.94
103690,1027.1641845703125,1.0,9.79
103780,1027.1641845703125,1.0,9.79
103870,1027.1641845703125,1.0,10.00
103960,1027.1641845703125,1.0,9.95
104050,1027.1641845703125,1.0,9.77
104140,1027.1641845703125,1.0,9.96
104230,1027.1641845703125,1.0,10.01
104320,1027.1641845703125,1.0,9.89
104410,1027.1641845703125,1.0,9.90
104500,1027.1641845703125,1.0,9.96
104590,1027.1641845703125,1.0,9.96
104680,1027.1641845703125,1.0,9.94
104770,1027.1641845703125,1.0,9.95
104860,1027.1641845703125,1.0,9.91
104950,1027.1641845703125,1.0,9.92
105040,1027.1641845703125,1.0,10.06
105130,1027.1641845703125,1.0,9.92
105220,1027.1641845703125,1.0,10.10
105310,1027.1641845703125,1.0,10.02
105400,1027.1641845703125,1.0,10.03
105490,1027.1641845703125,1.0,10.00
105580,1027.1641845703125,1.0,9.81
105670,1027.1641845703125,1.0,9.82
105760,1027.1641845703125,1.0,9.83
105850,1027.1641845703125,1.0,9.96
105940,1027.1641845703125,1.0,9.92
106030,1027.1641845703125,1.0,9.88
106120,1027.1641845703125,1.0,9.80
106210,1027.1641845703125,1.0,10.00
106300,1027.1641845703125,1.0,9.90
106390,1027.1641845703125,1.0,9.77
106480,1027.1641845703125,1.0,9.90
106570,1027.1641845703125,1.0,9.93
106660,1027.1641845703125,1.0,10.05
106750,1027.1641845703125,1.0,9.96
106840,1027.1641845703125,1.0,10.01
106930,1027.1641845703125,1.0,9.94
107020,1027.1641845703125,1.0,9.88
107110,1027.1641845703125,1.0,10.13
107200,1027.1641845703125,1.0,9.89
107290,1027.1641845703125,1.0,9.97
107380,1027.1641845703125,1.0,9.74
107470,1027.1641845703125,1.0,9.94
107560,1027.1641845703125,1.0,10.08
107650,1027.1641845703125,1.0,9.89
107740,1027.1641845703125,1.0,10.01
107830,1027.1641845703125,1.0,9.79
107920,1027.1641845703125,1.0,9.95
108010,1027.1641845703125,1.0,10.03
108100,1027.1641845703125,1.0,9.84
108190,1027.1641845703125,1.0,9.99
108280,1027.1641845703125,1.0,10.01
108370,1027.1641845703125,1.0,9.93
108460,1027.1641845703125,1.0,9.99
108550,1027.1641845703125,1.0,10.18
108640,1027.1641845703125,1.0,9.79
108730,1027.1641845703125,1.0,9.86
108820,1027.1641845703125,1.0,9.82
108910,1027.1641845703125,1.0,9.88
109000,1027.1641845703125,1.0,9.88
109090,1027.1641845703125,1.0,9.82
109180,1027.1641845703125,1.0,10.00
109270,1027.1641845703125,1.0,9.75
109360,1027.1641845703125,1.0,9.92
109450,1027.1641845703125,1.0,9.96
109540,1027.1641845703125,1.0,9.76
109630,1027.1641845703125,1.0,9.83
109720,1027.1641845703125,1.0,10.07
109810,1027.1641845703125,1.0,9.93
109900,1027.1641845703125,1.0,9.81
109990,1027.1641845703125,1.0,9.78
110080,1027.1641845703125,1.0,9.68
110170,1027.1641845703125,1.0,9.88
110260,1027.1641845703125,1.0,9.72
110350,1027.1641845703125,1.0,9.85
110440,1027.1641845703125,1.0,9.72
110530,1027.1641845703125,1.0,9.78
110620,1027.1641845703125,1.0,9.70
110710,1027.1641845703125,1.0,10.02
110800,1027.1641845703125,1.0,9.86
110890,1027.1641845703125,1.0,9.87
110980,1027.1641845703125,1.0,10.03
111070,1027.1641845703125,1.0,9.91
111160,1027.1641845703125,1.0,9.82
111250,1027.1641845703125,1.0,9.86
111340,1027.1641845703125,1.0,10.02
111430,1027.1641845703125,1.0,10.00
111520,1027.1641845703125,1.0,10.14
111610,1027.1641845703125,1.0,10.07
111700,1027.1641845703125,1.0,10.02
111790,1027.1641845703125,1.0,9.88
111880,1027.1641845703125,1.0,9.91
111970,1027.1641845703125,1.0,10.00
112060,1027.1641845703125,1.0,9.68
112150,1027.1641845703125,1.0,9.92
112240,1027.1641845703125,1.0,9.92
112330,1027.1641845703125,1.0,10.04
112420,1027.1641845703125,1.0,9.98
112510,1027.1641845703125,1.0,10.05
112600,1027.1641845703125,1.0,9.91
112690,1027.1641845703125,1.0,9.94
112780,1027.1641845703125,1.0,9.94
112870,1027.1641845703125,1.0,9.83
112960,1027.1641845703125,1.0,10.08
113050,1027.1641845703125,1.0,9.87
113140,1027.1641845703125,1.0,9.71
113230,1027.1641845703125,1.0,9.96
113320,1027.1641845703125,1.0,9.60
113410,1027.1641845703125,1.0,9.86
113500,1027.1641845703125,1.0,9.98
113590,1027.1641845703125,1.0,10.06
113680,1027.1641845703125,1.0,9.89
113770,1027.1641845703125,1.0,10.00
113860,1027.1641845703125,1.0,9.79
113950,1027.1641845703125,1.0,9.86
114040,1027.1641845703125,1.0,9.92
114130,1027.1641845703125,1.0,9.83
114220,1027.1641845703125,1.0,9.85
114310,1027.1641845703125,1.0,10.02
114400,1027.1641845703125,1.0,9.78
114490,1027.1641845703125,1.0,9.96
114580,1027.1641845703125,1.0,9.94
114670,1027.1641845703125,1.0,9.90
114760,1027.1641845703125,1.0,9.92
114850,1027.1641845703125,1.0,10.06
114940,1027.1641845703125,1.0,9.90
115030,1027.1641845703125,1.0,9.95
115120,1027.1641845703125,1.0,9.85
115210,1027.1641845703125,1.0,9.88
115300,1027.1641845703125,1.0,9.90
115390,1027.1641845703125,1.0,9.93
115480,1027.1641845703125,1.0,9.91
115570,1027.1641845703125,1.0,10.14
115660,1027.1641845703125,1.0,10.03
115750,1027.1641845703125,1.0,10.09
115840,1027.1641845703125,1.0,9.89
115930,1027.1641845703125,1.0,9.83
116020,1027.1641845703125,1.0,10.00
116110,1027.1641845703125,1.0,9.93
116200,1027.1641845703125,1.0,10.06
116290,1027.1641845703125,1.0,9.97
116380,1027.1641845703125,1.0,9.86
116470,1027.1641845703125,1.0,9.90
116560,1027.1641845703125,1.0,9.84
116650,1027.1641845703125,1.0,10.00
116740,1027.1641845703125,1.0,9.87
116830,1027.1641845703125,1.0,9.88
116920,1027.1641845703125,1.0,9.98
117010,1027.1641845703125,1.0,10.14
117100,1027.1641845703125,1.0,10.16
117190,1027.1641845703125,1.0,9.95
117280,1027.1641845703125,1.0,10.04
117370,1027.1641845703125,1.0,9.73
117460,1027.1641845703125,1.0,10.05
117550,1027.1641845703125,1.0,10.01
117640,1027.1641845703125,1.0,9.94
117730,1027.1641845703125,1.0,9.98
117820,1027.1641845703125,1.0,9.76
117910,1027.1641845703125,1.0,10.06
118000,1027.1641845703125,1.0,10.02
118090,1027.1641845703125,1.0,9.86
118180,1027.1641845703125,1.0,9.86
118270,1027.1641845703125,1.0,9.93
118360,1027.1641845703125,1.0,9.94
118450,1027.1641845703125,1.0,9.85
118540,1027.1641845703125,1.0,9.91
118630,1027.1641845703125,1.0,9.81
118720,1027.1641845703125,1.0,10.19
118810,1027.1641845703125,1.0,9.74
118900,1027.1641845703125,1.0,10.07
118990,1027.1641845703125,1.0,9.96
119080,1027.1641845703125,1.0,9.75
119170,1027.1641845703125,1.0,10.17
119260,1027.1641845703125,1.0,10.01
119350,1027.1641845703125,1.0,10.02
119440,1027.1641845703125,1.0,10.12
119530,1027.1641845703125,1.0,10.01
119620,1027.1641845703125,1.0,10.02
119710,1027.1641845703125,1.0,9.79
119800,1027.1641845703125,1.0,10.01
119890,1027.1641845703125,1.0,9.87
119980,1027.1641845703125,1.0,9.83
120070,1027.1641845703125,1.0,9.94
120160,1027.1641845703125,1.0,9.89
120250,1027.1641845703125,1.0,10.00
120340,1027.1641845703125,1.0,10.07
120430,1027.1641845703125,1.0,9.73
120520,1027.1641845703125,1.0,9.98
120610,1027.1641845703125,1.0,9.87
120700,1027.1641845703125,1.0,9.99
120790,1027.1641845703125,1.0,10.03
120880,1027.1641845703125,1.0,9.89
120970,1027.1641845703125,1.0,10.06
121060,1027.1641845703125,1.0,9.95
121150,1027.1641845703125,1.0,10.04
121240,1027.1641845703125,1.0,10.01
121330,1027.1641845703125,1.0,9.96
121420,1027.1641845703125,1.0,9.94
121510,1027.1641845703125,1.0,10.13
121600,1027.1641845703125,1.0,9.80
121690,1027.1641845703125,1.0,9.70
121780,1027.1641845703125,1.0,9.88
121870,1027.1641845703125,1.0,9.92
121960,1027.1641845703125,1.0,9.91
122050,1027.1641845703125,1.0,9.95
122140,1027.1641845703125,1.0,9.82
122230,1027.1641845703125,1.0,9.97
122320,1027.1641845703125,1.0,9.96
122410,1027.1641845703125,1.0,9.96
122500,1027.1641845703125,1.0,9.74
122590,1027.1641845703125,1.0,9.86
122680,1027.1641845703125,1.0,9.88
122770,1027.1641845703125,1.0,9.92
122860,1027.1641845703125,1.0,9.81
122950,1027.1641845703125,1.0,9.85
123040,1027.1641845703125,1.0,9.85
123130,1027.1641845703125,1.0,9.93
123220,1027.1641845703125,1.0,9.78
123310,1027.1641845703125,1.0,9.91
123400,1027.1641845703125,1.0,10.11
123490,1027.1641845703125,1.0,10.03
123580,1027.1641845703125,1.0,10.01
123670,1027.1641845703125,1.0,9.94
123760,1027.1641845703125,1.0,9.90
123850,1027.1641845703125,1.0,10.01
123940,1027.1641845703125,1.0,10.05
124030,1027.1641845703125,1.0,9.99
124120,1027.1641845703125,1.0,10.01
124210,1027.1641845703125,1.0,10.03
124300,1027.1641845703125,1.0,10.01
124390,1027.1641845703125,1.0,10.06
124480,1027.1641845703125,1.0,9.99
124570,1027.1641845703125,1.0,9.74
124660,1027.1641845703125,1.0,9.97
124750,1027.1641845703125,1.0,9.79
124840,1027.1641845703125,1.0,9.90
124930,1027.1641845703125,1.0,9.88
125020,1027.1641845703125,1.0,9.86
125110,1027.1641845703125,1.0,9.77
125200,1027.1641845703125,1.0,9.81
125290,1027.1641845703125,1.0,9.97
125380,1027.1641845703125,1.0,9.97
125470,1027.1641845703125,1.0,9.88
125560,1027.1641845703125,1.0,9.86
125650,1027.1641845703125,1.0,10.12
125740,1027.1641845703125,1.0,10.02
125830,1027.1641845703125,1.0,10.03
125920,1027.1641845703125,1.0,9.84
126010,1027.1641845703125,1.0,9.82
126100,1027.1641845703125,1.0,9.54
126190,1027.1641845703125,1.0,10.02
126280,1027.1641845703125,1.0,9.65
126370,1027.1641845703125,1.0,9.70
126460,1027.1641845703125,1.0,9.82
126550,1027.1641845703125,1.0,9.97
126640,1027.1641845703125,1.0,10.04
126730,1027.1641845703125,1.0,9.62
126820,1027.1641845703125,1.0,9.97
126910,1027.1641845703125,1.0,9.99
127000,1027.1641845703125,1.0,9.96
127090,1027.1641845703125,1.0,9.73
127180,1027.1641845703125,1.0,10.00
127270,1027.1641845703125,1.0,9.93
127360,1027.1641845703125,1.0,9.95
127450,1027.1641845703125,1.0,10.02
127540,1027.1641845703125,1.0,9.97
127630,1027.1641845703125,1.0,9.87
127720,1027.1641845703125,1.0,9.83
127810,1027.1641845703125,1.0,10.01
127900,1027.1641845703125,1.0,10.05
127990,1027.1641845703125,1.0,10.02
128080,1027.1641845703125,1.0,9.95
128170,1027.1641845703125,1.0,9.82
128260,1027.1641845703125,1.0,9.94
128350,1027.1641845703125,1.0,9.85
128440,1027.1641845703125,1.0,9.83
128530,1027.1641845703125,1.0,10.00
128620,1027.1641845703125,1.0,9.89
128710,1027.1641845703125,1.0,9.70
128800,1027.1641845703125,1.0,9.98
128890,1027.1641845703125,1.0,9.95
128980,1027.1641845703125,1.0,9.77
129070,1027.1641845703125,1.0,10.06
129160,1027.1641845703125,1.0,9.99
129250,1027.1641845703125,1.0,10.02
129340,1027.1641845703125,1.0,10.05
129430,1027.1641845703125,1.0,10.01
129520,1027.1641845703125,1.0,10.06
129610,1027.1641845703125,1.0,9.79
129700,1027.1641845703125,1.0,10.09
129790,1027.1641845703125,1.0,9.94
129880,1027.1641845703125,1.0,10.02
129970,1027.1641845703125,1.0,9.88
130060,1027.1641845703125,1.0,9.73
130150,1027.1641845703125,1.0,10.04
130240,1027.1641845703125,1.0,9.89
130330,1027.1641845703125,1.0,9.79
130420,1027.1641845703125,1.0,9.85
130510,1027.1641845703125,1.0,9.92
130600,1027.1641845703125,1.0,9.98
130690,1027.1641845703125,1.0,9.84
130780,1027.1641845703125,1.0,10.12
130870,1027.1641845703125,1.0,10.22
130960,1027.1641845703125,1.0,10.06
131050,1027.1641845703125,1.0,10.02
131140,1027.1641845703125,1.0,10.06
131230,1027.1641845703125,1.0,10.05
131320,1027.1641845703125,1.0,9.88
131410,1027.1641845703125,1.0,9.84
131500,1027.1641845703125,1.0,9.92
131590,1027.1641845703125,1.0,10.00
131680,1027.1641845703125,1.0,9.72
131770,1027.1641845703125,1.0,9.89
131860,1027.1641845703125,1.0,10.10
131950,1027.1641845703125,1.0,9.95
132040,1027.1641845703125,1.0,9.84
132130,1027.1641845703125,1.0,9.96
132220,1027.1641845703125,1.0,10.21
132310,1027.1641845703125,1.0,9.78
132400,1027.1641845703125,1.0,9.86
132490,1027.1641845703125,1.0,9.86
132580,1027.1641845703125,1.0,10.09
132670,1027.1641845703125,1.0,10.13
132760,1027.1641845703125,1.0,9.99
132850,1027.1641845703125,1.0,9.86
132940,1027.1641845703125,1.0,9.95
133030,1027.1641845703125,1.0,9.94
133120,1027.1641845703125,1.0,10.13
133210,1027.1641845703125,1.0,9.80
133300,1027.1641845703125,1.0,9.92
133390,1027.1641845703125,1.0,10.02
133480,1027.1641845703125,1.0,10.02
133570,1027.1641845703125,1.0,9.80
133660,1027.1641845703125,1.0,10.09
133750,1027.1641845703125,1.0,9.97
133840,1027.1641845703125,1.0,10.08
133930,1027.1641845703125,1.0,9.77
134020,1027.1641845703125,1.0,9.98
134110,1027.1641845703125,1.0,9.99
134200,1027.1641845703125,1.0,9.87
134290,1027.1641845703125,1.0,10.05
134380,1027.1641845703125,1.0,9.93
134470,1027.1641845703125,1.0,9.90
134560,1027.1641845703125,1.0,10.08
134650,1027.1641845703125,1.0,9.88
134740,1027.1641845703125,1.0,9.89
134830,1027.1641845703125,1.0,9.85
134920,1027.1641845703125,1.0,9.90
135010,1027.1641845703125,1.0,9.88
135100,1027.1641845703125,1.0,10.06
135190,1027.1641845703125,1.0,9.94
135280,1027.1641845703125,1.0,10.10
135370,1027.1641845703125,1.0,9.91
135460,1027.1641845703125,1.0,10.08
135550,1027.1641845703125,1.0,10.06
135640,1027.1641845703125,1.0,9.92
135730,1027.1641845703125,1.0,9.98
135820,1027.1641845703125,1.0,9.95
135910,1027.1641845703125,1.0,9.86
136000,1027.1641845703125,1.0,10.03
136090,1027.1641845703125,1.0,10.15
136180,1027.1641845703125,1.0,9.89
136270,1027.1641845703125,1.0,9.73
136360,1027.1641845703125,1.0,9.89
136450,1027.1641845703125,1.0,10.03
136540,1027.1641845703125,1.0,9.99
136630,1027.1641845703125,1.0,9.95
136720,1027.1641845703125,1.0,10.06
136810,1027.1641845703125,1.0,9.94
136900,1027.1641845703125,1.0,9.82
136990,1027.1641845703125,1.0,9.77
137080,1027.1641845703125,1.0,10.02
137170,1027.1641845703125,1.0,10.02
137260,1027.1641845703125,1.0,9.73
137350,1027.1641845703125,1.0,10.02
137440,1027.1641845703125,1.0,10.00
137530,1027.1641845703125,1.0,10.09
137620,1027.1641845703125,1.0,10.03
137710,1027.1641845703125,1.0,9.87
137800,1027.1641845703125,1.0,9.84
137890,1027.1641845703125,1.0,9.95
137980,1027.1641845703125,1.0,10.11
138070,1027.1641845703125,1.0,10.12
138160,1027.1641845703125,1.0,10.00
138250,1027.1641845703125,1.0,9.99
138340,1027.1641845703125,1.0,9.79
138430,1027.1641845703125,1.0,9.91
138520,1027.1641845703125,1.0,10.03
138610,1027.1641845703125,1.0,9.94
138700,1027.1641845703125,1.0,9.74
138790,1027.1641845703125,1.0,9.89
138880,1027.1641845703125,1.0,9.70
138970,1027.1641845703125,1.0,9.82
139060,1027.1641845703125,1.0,9.63
139150,1027.1641845703125,1.0,9.88
139240,1027.1641845703125,1.0,9.96
139330,1027.1641845703125,1.0,9.54
139420,1027.1641845703125,1.0,9.92
139510,1027.1641845703125,1.0,9.76
139600,1027.1641845703125,1.0,10.04
139690,1027.1641845703125,1.0,9.78
139780,1027.1641845703125,1.0,9.89
139870,1027.1641845703125,1.0,9.95
139960,1027.1641845703125,1.0,9.94
140050,1027.1641845703125,1.0,9.83
140140,1027.1641845703125,1.0,9.81
140230,1027.1641845703125,1.0,10.10
140320,1027.1641845703125,1.0,9.94
140410,1027.1641845703125,1.0,9.78
140500,1027.1641845703125,1.0,9.94
140590,1027.1641845703125,1.0,9.97
140680,1027.1641845703125,1.0,9.96
140770,1027.1641845703125,1.0,9.88
140860,1027.1641845703125,1.0,9.64
140950,1027.1641845703125,1.0,10.10
141040,1027.1641845703125,1.0,9.99
141130,1027.1641845703125,1.0,10.04
141220,1027.1641845703125,1.0,9.97
141310,1027.1641845703125,1.0,9.81
141400,1027.1641845703125,1.0,9.93
141490,1027.1641845703125,1.0,9.99
141580,1027.1641845703125,1.0,9.81
141670,1027.1641845703125,1.0,9.89
141760,1027.1641845703125,1.0,10.05
141850,1027.1641845703125,1.0,9.90
141940,1027.1641845703125,1.0,9.89
142030,1027.1641845703125,1.0,9.82
142120,1027.1641845703125,1.0,9.96
142210,1027.1641845703125,1.0,9.75
142300,1027.1641845703125,1.0,10.01
142390,1027.1641845703125,1.0,9.82
142480,1027.1641845703125,1.0,9.73
142570,1027.1641845703125,1.0,9.90
142660,1027.1641845703125,1.0,10.01
142750,1027.1641845703125,1.0,10.12
142840,1027.1641845703125,1.0,9.99
142930,1027.1641845703125,1.0,10.03
143020,1027.1641845703125,1.0,9.97
143110,1027.1641845703125,1.0,9.88
143200,1027.1641845703125,1.0,10.04
143290,1027.1641845703125,1.0,9.89
143380,1027.1641845703125,1.0,9.96
143470,1027.1641845703125,1.0,9.82
143560,1027.1641845703125,1.0,10.15
143650,1027.1641845703125,1.0,9.88
143740,1027.1641845703125,1.0,9.80
143830,1027.1641845703125,1.0,10.10
143920,1027.1641845703125,1.0,9.91
144010,1027.1641845703125,1.0,9.97
144100,1027.1641845703125,1.0,9.93
144190,1027.1641845703125,1.0,9.83
144280,1027.1641845703125,1.0,9.93
144370,1027.1641845703125,1.0,9.85
144460,1027.1641845703125,1.0,9.82
144550,1027.1641845703125,1.0,9.87
144640,1027.1641845703125,1.0,9.85
144730,1027.1641845703125,1.0,9.99
144820,1027.1641845703125,1.0,9.99
144910,1027.1641845703125,1.0,9.85
145000,1027.1641845703125,1.0,9.75
145090,1027.1641845703125,1.0,9.99
145180,1027.1641845703125,1.0,10.02
145270,1027.1641845703125,1.0,9.81
145360,1027.1641845703125,1.0,9.85
145450,1027.1641845703125,1.0,10.03
145540,1027.1641845703125,1.0,9.92
145630,1027.1641845703125,1.0,9.92
145720,1027.1641845703125,1.0,9.93
145810,1027.1641845703125,1.0,10.07
145900,1027.1641845703125,1.0,10.00
145990,1027.1641845703125,1.0,9.90
146080,1027.1641845703125,1.0,9.95
146170,1027.1641845703125,1.0,9.88
146260,1027.1641845703125,1.0,10.14
146350,1027.1641845703125,1.0,9.93
146440,1027.1641845703125,1.0,9.77
146530,1027.1641845703125,1.0,9.80
146620,1027.1641845703125,1.0,10.20
146710,1027.1641845703125,1.0,9.83
146800,1027.1641845703125,1.0,9.77
146890,1027.1641845703125,1.0,10.11
146980,1027.1641845703125,1.0,10.00
147070,1027.1641845703125,1.0,9.96
147160,1027.1641845703125,1.0,10.08
147250,1027.1641845703125,1.0,9.76
147340,1027.1641845703125,1.0,10.06
147430,1027.1641845703125,1.0,9.99
147520,1027.1641845703125,1.0,10.07
147610,1027.1641845703125,1.0,9.90
147700,1027.1641845703125,1.0,9.75
147790,1027.1641845703125,1.0,9.89
147880,1027.1641845703125,1.0,10.11
147970,1027.1641845703125,1.0,9.76
148060,1027.1641845703125,1.0,9.89
148150,1027.1641845703125,1.0,9.92
148240,1027.1641845703125,1.0,10.02
148330,1027.1641845703125,1.0,9.90
148420,1027.1641845703125,1.0,10.00
148510,1027.1641845703125,1.0,9.98
148600,1027.1641845703125,1.0,9.76
148690,1027.1641845703125,1.0,9.94
148780,1027.1641845703125,1.0,9.93
148870,1027.1641845703125,1.0,10.01
148960,1027.1641845703125,1.0,9.79
149050,1027.1641845703125,1.0,10.00
149140,1027.1641845703125,1.0,9.68
149230,1027.1641845703125,1.0,9.79
149320,1027.1641845703125,1.0,9.80
149410,1027.1641845703125,1.0,9.81
149500,1027.1641845703125,1.0,9.90
149590,1027.1641845703125,1.0,10.01
149680,1027.1641845703125,1.0,10.07
149770,1027.1641845703125,1.0,9.91
149860,1027.1641845703125,1.0,9.80
149950,1027.1641845703125,1.0,9.81
150040,1027.1641845703125,1.0,9.97
150130,1027.1641845703125,1.0,9.79
150220,1027.1641845703125,1.0,9.92
150310,1027.1641845703125,1.0,10.01
150400,1027.1641845703125,1.0,9.81
150490,1027.1641845703125,1.0,10.03
150580,1027.1641845703125,1.0,9.87
150670,1027.1641845703125,1.0,9.87
150760,1027.1641845703125,1.0,9.92
150850,1027.1641845703125,1.0,9.78
150940,1027.1641845703125,1.0,9.89
151030,1027.1641845703125,1.0,9.99
151120,1027.1641845703125,1.0,9.70
151210,1027.1641845703125,1.0,9.94
151300,1027.1641845703125,1.0,9.88
151390,1027.1641845703125,1.0,9.88
151480,1027.1641845703125,1.0,9.96
151570,1027.1641845703125,1.0,9.72
151660,1027.1641845703125,1.0,9.77
151750,1027.1641845703125,1.0,10.09
151840,1027.1641845703125,1.0,9.77
151930,1027.1641845703125,1.0,9.83
152020,1027.1641845703125,1.0,9.72
152110,1027.1641845703125,1.0,9.71
152200,1027.1641845703125,1.0,10.03
152290,1027.1641845703125,1.0,9.69
152380,1027.1641845703125,1.0,9.97
152470,1027.1641845703125,1.0,9.84
152560,1027.1641845703125,1.0,10.00
152650,1027.1641845703125,1.0,10.01
152740,1027.1641845703125,1.0,9.75
152830,1027.1641845703125,1.0,9.98
152920,1027.1641845703125,1.0,10.10
153010,1027.1641845703125,1.0,9.92
153100,1027.1641845703125,1.0,9.88
153190,1027.1641845703125,1.0,9.98
153280,1027.1641845703125,1.0,10.05
153370,1027.1641845703125,1.0,10.02
153460,1027.1641845703125,1.0,9.69
153550,1027.1641845703125,1.0,10.09
153640,1027.1641845703125,1.0,9.98
153730,1027.1641845703125,1.0,9.97
153820,1027.1641845703125,1.0,9.99
153910,1027.1641845703125,1.0,9.97
154000,1027.1641845703125,1.0,10.03
154090,1027.1641845703125,1.0,9.99
154180,1027.1641845703125,1.0,10.07
154270,1027.1641845703125,1.0,10.15
154360,1027.1641845703125,1.0,10.04
154450,1027.1641845703125,1.0,9.88
154540,1027.1641845703125,1.0,9.77
154630,1027.1641845703125,1.0,9.89
154720,1027.1641845703125,1.0,10.08
154810,1027.1641845703125,1.0,10.19
154900,1027.1641845703125,1.0,9.85
154990,1027.1641845703125,1.0,9.89
155080,1027.1641845703125,1.0,9.70
155170,1027.1641845703125,1.0,9.98
155260,1027.1641845703125,1.0,9.78
155350,1027.1641845703125,1.0,9.77
155440,1027.1641845703125,1.0,9.83
155530,1027.1641845703125,1.0,9.99
155620,1027.1641845703125,1.0,9.87
155710,1027.1641845703125,1.0,10.02
155800,1027.1641845703125,1.0,9.61
155890,1027.1641845703125,1.0,9.96
155980,1027.1641845703125,1.0,10.02
156070,1027.1641845703125,1.0,9.96
156160,1027.1641845703125,1.0,9.86
156250,1027.1641845703125,1.0,9.67
156340,1027.1641845703125,1.0,9.80
156430,1027.1641845703125,1.0,9.84
156520,1027.1641845703125,1.0,9.99
156610,1027.1641845703125,1.0,10.06
156700,1027.1641845703125,1.0,9.83
156790,1027.1641845703125,1.0,10.14
156880,1027.1641845703125,1.0,9.77
156970,1027.1641845703125,1.0,9.77
157060,1027.1641845703125,1.0,10.07
157150,1027.1641845703125,1.0,10.13
157240,1027.1641845703125,1.0,9.96
157330,1027.1641845703125,1.0,10.07
157420,1027.1641845703125,1.0,10.17
157510,1027.1641845703125,1.0,10.13
157600,1027.1641845703125,1.0,9.99
157690,1029.7117919921875,1.0,9.96
157780,1030.3975830078125,1.0,10.14
157870,1041.1329345703125,1.0,9.89
157960,1041.1329345703125,1.0,10.00
158050,1041.1329345703125,1.0,10.01
158140,1041.1329345703125,1.0,10.17
158230,1044.579345703125,1.0,10.20
158320,1044.579345703125,1.0,10.12
158410,1044.7178955078125,1.0,10.21
158500,1044.7178955078125,1.0,10.16
158590,1044.7178955078125,1.0,10.04
158680,1044.7178955078125,1.0,10.03
158770,1044.7178955078125,1.0,10.08
158860,1044.7178955078125,1.0,9.93
158950,1044.7178955078125,1.0,9.97
159040,1044.7178955078125,1.0,9.97
159130,1045.5977783203125,1.0,10.02
159220,1045.5977783203125,1.0,10.10
159310,1045.5977783203125,1.0,10.01
159400,1045.5977783203125,1.0,10.14
159490,1045.5977783203125,1.0,10.12
159580,1045.5977783203125,1.0,10.03
159670,1045.5977783203125,1.0,10.09
159760,1045.5977783203125,1.0,10.07
159850,1045.5977783203125,1.0,10.05
159940,1045.5977783203125,1.0,10.02
160030,1045.5977783203125,1.0,9.85
160120,1045.5977783203125,1.0,10.18
160210,1047.592041015625,1.0,9.86
160300,1047.592041015625,1.0,10.09
160390,1047.592041015625,1.0,10.01
160480,1047.592041015625,1.0,10.08
160570,1047.592041015625,1.0,10.00
160660,1047.592041015625,1.0,10.02
160750,1047.592041015625,1.0,9.99
160840,1047.592041015625,1.0,9.99
160930,1047.592041015625,1.0,10.01
161020,1047.592041015625,1.0,10.12
161110,1047.592041015625,1.0,10.05
161200,1047.592041015625,1.0,9.94
161290,1049.2386474609375,1.0,10.11
161380,1049.2386474609375,1.0,10.03
161470,1049.2386474609375,1.0,10.05
161560,1049.2386474609375,1.0,10.30
161650,1049.2386474609375,1.0,9.91
161740,1049.2386474609375,1.0,9.93
161830,1049.2386474609375,1.0,10.12
161920,1049.2386474609375,1.0,9.96
162010,1049.2386474609375,1.0,9.96
162100,1049.2386474609375,1.0,10.17
162190,1049.2386474609375,1.0,9.97
162280,1049.2386474609375,1.0,10.07
162370,1049.2386474609375,1.0,9.89
162460,1049.2386474609375,1.0,9.94
162550,1049.2386474609375,1.0,9.83
162640,1049.2386474609375,1.0,10.03
162730,1049.2386474609375,1.0,10.03
162820,1049.2386474609375,1.0,9.99
162910,1049.2386474609375,1.0,9.99
163000,1049.2386474609375,1.0,10.11
163090,1049.2386474609375,1.0,9.93
163180,1049.2386474609375,1.0,9.85
163270,1049.2386474609375,1.0,9.86
163360,1049.2386474609375,1.0,10.04
163450,1049.2386474609375,1.0,10.03
163540,1049.2386474609375,1.0,10.06
163630,1049.2386474609375,1.0,10.02
163720,1049.2386474609375,1.0,9.91
163810,1049.2386474609375,1.0,10.08
163900,1049.2386474609375,1.0,10.11
163990,1049.2386474609375,1.0,10.05
164080,1049.2386474609375,1.0,10.13
164170,1049.2386474609375,1.0,10.15
164260,1049.2386474609375,1.0,10.19
164350,1049.2386474609375,1.0,9.98
164440,1049.2386474609375,1.0,10.23
164530,1049.2386474609375,1.0,10.20
164620,1049.2386474609375,1.0,10.01
164710,1049.2386474609375,1.0,9.95
164800,1049.2386474609375,1.0,9.96
164890,1049.2386474609375,1.0,9.99
164980,1049.2386474609375,1.0,9.91
165070,1049.2386474609375,1.0,10.00
165160,1049.2386474609375,1.0,10.01
165250,1049.2386474609375,1.0,10.06
165340,1049.2386474609375,1.0,10.13
165430,1049.2386474609375,1.0,9.91
165520,1049.2386474609375,1.0,10.01
165610,1049.2386474609375,1.0,9.80
165700,1049.2386474609375,1.0,10.03
165790,1049.2386474609375,1.0,9.79
165880,1049.2386474609375,1.0,9.76
165970,1049.2386474609375,1.0,10.02
166060,1049.2386474609375,1.0,10.04
166150,1049.2386474609375,1.0,9.79
166240,1049.2386474609375,1.0,9.99
166330,1049.2386474609375,1.0,9.98
166420,1049.2386474609375,1.0,10.09
166510,1049.2386474609375,1.0,10.05
166600,1049.2386474609375,1.0,10.08
166690,1049.2386474609375,1.0,9.96
166780,1049.2386474609375,1.0,9.96
166870,1049.2386474609375,1.0,10.07
166960,1049.2386474609375,1.0,9.86
167050,1049.2386474609375,1.0,10.07
167140,1049.2386474609375,1.0,9.92
167230,1049.2386474609375,1.0,10.01
167320,1049.2386474609375,1.0,10.06
167410,1049.2386474609375,1.0,9.86
167500,1049.2386474609375,1.0,10.02
167590,1049.2386474609375,1.0,9.87
167680,1049.2386474609375,1.0,9.90
167770,1049.2386474609375,1.0,10.11
167860,1049.2386474609375,1.0,10.09
167950,1049.2386474609375,1.0,9.88
168040,1049.2386474609375,1.0,9.86
168130,1049.2386474609375,1.0,9.89
168220,1049.2386474609375,1.0,10.01
168310,1049.2386474609375,1.0,9.89
168400,1049.2386474609375,1.0,9.98
168490,1049.2386474609375,1.0,9.96
168580,1049.2386474609375,1.0,10.06
168670,1049.2386474609375,1.0,9.95
168760,1049.2386474609375,1.0,10.02
168850,1049.2386474609375,1.0,10.00
168940,1049.2386474609375,1.0,10.13
169030,1049.2386474609375,1.0,10.08
169120,1049.2386474609375,1.0,10.18
169210,1049.2386474609375,1.0,9.95
169300,1049.2386474609375,1.0,10.06
169390,1049.2386474609375,1.0,10.00
169480,1049.2386474609375,1.0,10.14
169570,1049.2386474609375,1.0,10.08
169660,1049.2386474609375,1.0,10.13
169750,1049.2386474609375,1.0,10.04
169840,1049.2386474609375,1.0,10.03
169930,1049.2386474609375,1.0,9.98
170020,1049.2386474609375,1.0,10.11
170110,1049.2386474609375,1.0,9.98
170200,1049.2386474609375,1.0,9.94
170290,1049.2386474609375,1.0,10.05
170380,1049.2386474609375,1.0,9.86
170470,1049.2386474609375,1.0,10.00
170560,1049.2386474609375,1.0,9.97
170650,1049.2386474609375,1.0,9.86
170740,1049.2386474609375,1.0,10.00
170830,1049.2386474609375,1.0,10.03
170920,1049.2386474609375,1.0,9.76
171010,1049.2386474609375,1.0,9.84
171100,1049.2386474609375,1.0,10.08
171190,1063.2171630859375,1.0,9.99
171280,1063.2171630859375,1.0,10.09
171370,1063.2171630859375,1.0,10.02
171460,1106.19921875,1.0,10.16
171550,1106.19921875,1.0,9.90
171640,1106.19921875,1.0,9.98
171730,1106.19921875,1.0,9.98
171820,1157.232177734375,1.0,10.03
171910,1157.232177734375,1.0,10.12
172000,1157.232177734375,1.0,9.86
172090,1263.697509765625,1.0,9.91
172180,1263.697509765625,1.0,9.77
172270,1263.697509765625,1.0,9.88
172360,1263.697509765625,1.0,9.87
172450,1263.697509765625,1.0,9.77
172540,1308.3538818359375,1.0,9.94
172630,1308.3538818359375,1.0,10.10
172720,1308.3538818359375,1.0,10.07
172810,1308.3538818359375,1.0,10.00
172900,1308.3538818359375,1.0,9.93
172990,1308.3538818359375,1.0,9.94
173080,1308.3538818359375,1.0,9.97
173170,1308.3538818359375,1.0,9.96
173260,1308.3538818359375,1.0,10.03
173350,1308.3538818359375,1.0,10.01
173440,1308.3538818359375,1.0,10.08
173530,1308.3538818359375,1.0,10.01
173620,1308.3538818359375,1.0,9.87
173710,1308.3538818359375,1.0,9.99
173800,1308.3538818359375,1.0,9.89
173890,1308.3538818359375,1.0,10.19
173980,1308.3538818359375,1.0,10.09
174070,1308.3538818359375,1.0,9.98
174160,1308.3538818359375,1.0,10.14
174250,1308.3538818359375,1.0,9.93
174340,1308.3538818359375,1.0,9.85
174430,1308.3538818359375,1.0,9.99
174520,1308.3538818359375,1.0,10.03
174610,1308.3538818359375,1.0,10.02
174700,1308.3538818359375,1.0,10.10
174790,1308.3538818359375,1.0,10.00
174880,1308.3538818359375,1.0,9.98
174970,1308.3538818359375,1.0,10.02
175060,1308.3538818359375,1.0,10.14
175150,1308.3538818359375,1.0,9.91
175240,1308.3538818359375,1.0,10.13
175330,1308.3538818359375,1.0,9.99
175420,1308.3538818359375,1.0,9.91
175510,1308.3538818359375,1.0,9.88
175600,1308.3538818359375,1.0,10.17
175690,1308.3538818359375,1.0,10.17
175780,1308.3538818359375,1.0,10.10
175870,1308.3538818359375,1.0,10.10
175960,1308.3538818359375,1.0,9.87
176050,1308.3538818359375,1.0,10.07
176140,1308.3538818359375,1.0,10.08
176230,1308.3538818359375,1.0,9.96
176320,1308.3538818359375,1.0,9.88
176410,1308.3538818359375,1.0,9.94
176500,1308.3538818359375,1.0,10.01
176590,1308.3538818359375,1.0,10.04
176680,1308.3538818359375,1.0,9.99
176770,1308.3538818359375,1.0,10.27
176860,1308.3538818359375,1.0,9.93
176950,1308.3538818359375,1.0,10.08
177040,1308.3538818359375,1.0,10.03
177130,1308.3538818359375,1.0,9.95
177220,1308.3538818359375,1.0,9.96
177310,1308.3538818359375,1.0,10.19
177400,1308.3538818359375,1.0,10.20
177490,1308.3538818359375,1.0,9.92
177580,1308.3538818359375,1.0,10.02
177670,1308.3538818359375,1.0,9.61
177760,1308.3538818359375,1.0,9.90
177850,1308.3538818359375,1.0,9.97
177940,1308.3538818359375,1.0,9.86
178030,1308.3538818359375,1.0,10.03
178120,1308.3538818359375,1.0,9.82
178210,1308.3538818359375,1.0,10.26
178300,1308.3538818359375,1.0,10.15
178390,1359.064697265625,1.0,9.87
178480,1359.064697265625,1.0,9.98
178570,1359.064697265625,1.0,9.82
178660,1359.064697265625,1.0,9.92
178750,1359.064697265625,1.0,9.99
178840,1359.064697265625,1.0,10.07
178930,1359.064697265625,1.0,10.00
179020,1359.064697265625,1.0,9.91
179110,1359.064697265625,1.0,10.04
179200,1359.064697265625,1.0,9.89
179290,1359.064697265625,1.0,10.25
179380,1359.064697265625,1.0,10.17
179470,1359.064697265625,1.0,10.02
179560,1359.064697265625,1.0,10.03
179650,1359.064697265625,1.0,10.01
179740,1359.064697265625,1.0,9.73
179830,1359.064697265625,1.0,9.75
179920,1359.064697265625,1.0,10.12
180010,1359.064697265625,1.0,10.02
180100,1359.064697265625,1.0,10.03
180190,1359.064697265625,1.0,10.06
180280,1359.064697265625,1.0,9.86
180370,1359.064697265625,1.0,9.78
180460,1359.064697265625,1.0,9.89
180550,1359.064697265625,1.0,9.93
180640,1359.064697265625,1.0,9.99
180730,1359.064697265625,1.0,10.00
180820,1359.064697265625,1.0,9.88
180910,1359.064697265625,1.0,9.89
181000,1359.064697265625,1.0,10.09
181090,1359.064697265625,1.0,10.01
181180,1359.064697265625,1.0,9.97
181270,1359.064697265625,1.0,10.03
181360,1359.064697265625,1.0,9.87
181450,1359.064697265625,1.0,10.31
181540,1359.064697265625,1.0,10.00
181630,1359.064697265625,1.0,9.95
181720,1359.064697265625,1.0,10.01
181810,1359.064697265625,1.0,9.93
181900,1359.064697265625,1.0,10.24
181990,1359.064697265625,1.0,10.10
182080,1359.064697265625,1.0,9.94
182170,1359.064697265625,1.0,9.90
182260,1359.064697265625,1.0,9.95
182350,1359.064697265625,1.0,9.98
182440,1359.064697265625,1.0,10.11
182530,1359.064697265625,1.0,10.15
182620,1359.064697265625,1.0,10.04
182710,1359.064697265625,1.0,9.97
182800,1359.064697265625,1.0,10.00
182890,1359.064697265625,1.0,9.93
182980,1359.064697265625,1.0,10.26
183070,1359.064697265625,1.0,9.95
183160,1359.064697265625,1.0,10.26
183250,1359.064697265625,1.0,10.07
183340,1359.064697265625,1.0,10.05
183430,1359.064697265625,1.0,10.03
183520,1359.064697265625,1.0,10.08
183610,1359.064697265625,1.0,10.01
183700,1359.064697265625,1.0,10.08
183790,1359.064697265625,1.0,9.90
183880,1359.064697265625,1.0,9.95
183970,1359.064697265625,1.0,9.81
184060,1359.064697265625,1.0,9.85
184150,1359.064697265625,1.0,10.03
184240,1359.064697265625,1.0,9.97
184330,1359.064697265625,1.0,10.04
184420,1359.064697265625,1.0,9.95
184510,1359.064697265625,1.0,9.92
184600,1359.064697265625,1.0,10.10
184690,1359.064697265625,1.0,10.28
184780,1359.064697265625,1.0,9.97
184870,1359.064697265625,1.0,10.04
184960,1359.064697265625,1.0,10.13
185050,1359.064697265625,1.0,10.19
185140,1359.064697265625,1.0,9.99
185230,1359.064697265625,1.0,9.92
185320,1359.064697265625,1.0,10.13
185410,1359.064697265625,1.0,10.07
185500,1359.064697265625,1.0,10.07
185590,1359.064697265625,1.0,10.06
185680,1359.064697265625,1.0,9.86
185770,1359.064697265625,1.0,9.72
185860,1359.064697265625,1.0,9.80
185950,1359.064697265625,1.0,10.11
186040,1359.064697265625,1.0,10.04
186130,1359.064697265625,1.0,9.85
186220,1359.064697265625,1.0,10.13
186310,1359.064697265625,1.0,10.10
186400,1359.064697265625,1.0,10.06
186490,1359.064697265625,1.0,10.05
186580,1359.064697265625,1.0,9.97
186670,1359.064697265625,1.0,10.06
186760,1359.064697265625,1.0,10.01
186850,1359.064697265625,1.0,10.00
186940,1359.064697265625,1.0,10.18
187030,1359.064697265625,1.0,10.01
187120,1359.064697265625,1.0,10.02
187210,1359.064697265625,1.0,10.14
187300,1359.064697265625,1.0,9.93
187390,1359.064697265625,1.0,9.77
187480,1359.064697265625,1.0,10.09
187570,1359.064697265625,1.0,9.99
187660,1359.064697265625,1.0,9.92
187750,1359.064697265625,1.0,10.11
187840,1359.064697265625,1.0,10.08
187930,1359.064697265625,1.0,10.12
188020,1359.064697265625,1.0,10.25
188110,1359.064697265625,1.0,10.08
188200,1359.064697265625,1.0,9.98
188290,1359.064697265625,1.0,10.05
188380,1359.064697265625,1.0,9.97
188470,1359.064697265625,1.0,10.35
188560,1359.064697265625,1.0,10.14
188650,1359.064697265625,1.0,10.08
188740,1359.064697265625,1.0,9.97
188830,1359.064697265625,1.0,9.97
188920,1359.064697265625,1.0,10.04
189010,1359.064697265625,1.0,9.82
189100,1359.064697265625,1.0,10.14
189190,1359.064697265625,1.0,9.92
189280,1359.064697265625,1.0,10.07
189370,1359.064697265625,1.0,10.12
189460,1359.064697265625,1.0,9.94
189550,1359.064697265625,1.0,9.81
189640,1359.064697265625,1.0,10.18
189730,1359.064697265625,1.0,9.98
189820,1359.064697265625,1.0,9.81
189910,1359.064697265625,1.0,10.15
190000,1359.064697265625,1.0,10.22
190090,1359.064697265625,1.0,9.96
190180,1359.064697265625,1.0,10.17
190270,1359.064697265625,1.0,10.07
190360,1359.064697265625,1.0,9.96
190450,1359.064697265625,1.0,9.86
190540,1359.064697265625,1.0,9.90
190630,1359.064697265625,1.0,10.27
190720,1359.064697265625,1.0,10.03
190810,1359.064697265625,1.0,9.93
190900,1359.064697265625,1.0,9.97
190990,1359.064697265625,1.0,9.81
191080,1359.064697265625,1.0,10.05
191170,1359.064697265625,1.0,9.88
191260,1359.064697265625,1.0,10.07
191350,1359.064697265625,1.0,10.22
191440,1359.064697265625,1.0,10.03
191530,1359.064697265625,1.0,10.11
191620,1359.064697265625,1.0,9.98
191710,1359.064697265625,1.0,9.95
191800,1359.064697265625,1.0,9.99
191890,1359.064697265625,1.0,10.08
191980,1359.064697265625,1.0,10.14
192070,1359.064697265625,1.0,10.16
192160,1359.064697265625,1.0,10.12
192250,1359.064697265625,1.0,10.08
192340,1359.064697265625,1.0,10.02
192430,1359.064697265625,1.0,9.95
192520,1359.064697265625,1.0,10.03
192610,1359.064697265625,1.0,10.13
192700,1359.064697265625,1.0,10.12
192790,1359.064697265625,1.0,9.98
192880,1359.064697265625,1.0,9.94
192970,1359.064697265625,1.0,10.00
193060,1359.064697265625,1.0,9.99
193150,1359.064697265625,1.0,10.14
193240,1359.064697265625,1.0,9.99
193330,1359.064697265625,1.0,9.85
193420,1359.064697265625,1.0,9.97
193510,1359.064697265625,1.0,10.15
193600,1359.064697265625,1.0,9.86
193690,1359.064697265625,1.0,9.95
193780,1359.064697265625,1.0,9.92
193870,1359.064697265625,1.0,10.09
193960,1359.064697265625,1.0,9.99
194050,1359.064697265625,1.0,9.95
194140,1359.064697265625,1.0,9.93
194230,1359.064697265625,1.0,10.03
194320,1359.064697265625,1.0,10.12
194410,1359.064697265625,1.0,9.84
194500,1359.064697265625,1.0,10.00
194590,1359.064697265625,1.0,10.07
194680,1359.064697265625,1.0,10.11
194770,1359.064697265625,1.0,10.02
194860,1359.064697265625,1.0,9.85
194950,1359.064697265625,1.0,10.00
195040,1359.064697265625,1.0,9.96
195130,1359.064697265625,1.0,9.96
195220,1359.064697265625,1.0,10.14
195310,1359.064697265625,1.0,9.95
195400,1359.064697265625,1.0,9.99
195490,1359.064697265625,1.0,10.16
195580,1359.064697265625,1.0,10.05
195670,1359.064697265625,1.0,10.06
195760,1359.064697265625,1.0,9.88
195850,1359.064697265625,1.0,10.06
195940,1359.064697265625,1.0,9.90
196030,1359.064697265625,1.0,9.93
196120,1359.064697265625,1.0,10.08
196210,1359.064697265625,1.0,9.61
196300,1359.064697265625,1.0,9.91
196390,1359.064697265625,1.0,10.03
196480,1359.064697265625,1.0,9.98
196570,1359.064697265625,1.0,10.03
196660,1359.064697265625,1.0,9.98
196750,1359.064697265625,1.0,9.98
196840,1359.064697265625,1.0,10.05
196930,1359.064697265625,1.0,9.89
197020,1359.064697265625,1.0,10.00
197110,1359.064697265625,1.0,10.09
197200,1359.064697265625,1.0,9.71
197290,1359.064697265625,1.0,9.93
197380,1359.064697265625,1.0,10.42
197470,1359.064697265625,1.0,10.10
197560,1359.064697265625,1.0,10.03
197650,1359.064697265625,1.0,10.17
197740,1359.064697265625,1.0,10.16
197830,1359.064697265625,1.0,10.11
197920,1359.064697265625,1.0,9.96
198010,1359.064697265625,1.0,9.90
198100,1359.064697265625,1.0,9.82
198190,1359.064697265625,1.0,10.11
198280,1359.064697265625,1.0,10.04
198370,1359.064697265625,1.0,9.95
198460,1359.064697265625,1.0,10.07
198550,1359.064697265625,1.0,10.04
198640,1359.064697265625,1.0,10.01
198730,1359.064697265625,1.0,10.01
198820,1359.064697265625,1.0,10.02
198910,1359.064697265625,1.0,9.97
199000,1359.064697265625,1.0,10.04
199090,1359.064697265625,1.0,10.03
199180,1359.064697265625,1.0,9.98
199270,1359.064697265625,1.0,10.12
199360,1359.064697265625,1.0,10.17
199450,1359.064697265625,1.0,10.05
199540,1359.064697265625,1.0,9.90
199630,1359.064697265625,1.0,10.09
199720,1359.064697265625,1.0,10.09
199810,1359.064697265625,1.0,9.83
199900,1359.064697265625,1.0,9.84
199990,1359.064697265625,1.0,9.88
200080,1359.064697265625,1.0,10.01
200170,1359.064697265625,1.0,10.04
200260,1359.064697265625,1.0,9.88
200350,1359.064697265625,1.0,9.86
200440,1359.064697265625,1.0,10.20
200530,1359.064697265625,1.0,10.07
200620,1359.064697265625,1.0,9.84
200710,1359.064697265625,1.0,10.10
200800,1359.064697265625,1.0,9.92
200890,1359.064697265625,1.0,9.87
200980,1359.064697265625,1.0,9.90
201070,1359.064697265625,1.0,10.22
201160,1359.064697265625,1.0,9.91
201250,1359.064697265625,1.0,10.07
201340,1359.064697265625,1.0,10.12
201430,1359.064697265625,1.0,9.97
201520,1359.064697265625,1.0,10.01
201610,1359.064697265625,1.0,9.90
201700,1359.064697265625,1.0,9.93
201790,1359.064697265625,1.0,9.96
201880,1359.064697265625,1.0,9.94
201970,1359.064697265625,1.0,10.06
202060,1359.064697265625,1.0,10.26
202150,1359.064697265625,1.0,10.00
202240,1359.064697265625,1.0,10.17
202330,1359.064697265625,1.0,10.10
202420,1359.064697265625,1.0,9.92
202510,1359.064697265625,1.0,10.06
202600,1359.064697265625,1.0,9.99
202690,1359.064697265625,1.0,10.17
202780,1359.064697265625,1.0,10.04
202870,1359.064697265625,1.0,10.09
202960,1359.064697265625,1.0,10.07
203050,1359.064697265625,1.0,10.00
203140,1359.064697265625,1.0,10.24
203230,1359.064697265625,1.0,9.86
203320,1359.064697265625,1.0,10.17
203410,1359.064697265625,1.0,10.02
203500,1359.064697265625,1.0,10.01
203590,1359.064697265625,1.0,10.13
203680,1359.064697265625,1.0,10.12
203770,1359.064697265625,1.0,10.12
203860,1359.064697265625,1.0,10.00
203950,1359.064697265625,1.0,9.66
204040,1359.064697265625,1.0,9.95
204130,1359.064697265625,1.0,9.85
204220,1359.064697265625,1.0,9.86
204310,1359.064697265625,1.0,9.99
204400,1359.064697265625,1.0,9.91
204490,1359.064697265625,1.0,10.08
204580,1359.064697265625,1.0,9.99
204670,1359.064697265625,1.0,10.04
204760,1359.064697265625,1.0,10.10
204850,1359.064697265625,1.0,9.99
204940,1359.064697265625,1.0,9.75
205030,1359.064697265625,1.0,10.18
205120,1359.064697265625,1.0,9.91
205210,1359.064697265625,1.0,10.11
205300,1359.064697265625,1.0,9.86
205390,1359.064697265625,1.0,9.90
205480,1359.064697265625,1.0,9.86
205570,1359.064697265625,1.0,10.08
205660,1359.064697265625,1.0,9.78
205750,1359.064697265625,1.0,9.95
205840,1359.064697265625,1.0,9.99
205930,1359.064697265625,1.0,10.02
206020,1359.064697265625,1.0,9.99
206110,1359.064697265625,1.0,10.01
206200,1359.064697265625,1.0,9.96
206290,1359.064697265625,1.0,9.92
206380,1359.064697265625,1.0,10.29
206470,1359.064697265625,1.0,9.79
206560,1359.064697265625,1.0,10.02
206650,1359.064697265625,1.0,10.17
206740,1359.064697265625,1.0,9.91
206830,1359.064697265625,1.0,10.02
206920,1359.064697265625,1.0,10.06
207010,1359.064697265625,1.0,10.10
207100,1359.064697265625,1.0,10.01
207190,1359.064697265625,1.0,10.09
207280,1359.064697265625,1.0,10.04
207370,1359.064697265625,1.0,9.97
207460,1359.064697265625,1.0,10.11
207550,1359.064697265625,1.0,10.05
207640,1359.064697265625,1.0,9.87
207730,1359.064697265625,1.0,9.89
207820,1359.064697265625,1.0,9.87
207910,1359.064697265625,1.0,9.98
208000,1359.064697265625,1.0,9.92
208090,1359.064697265625,1.0,10.15
208180,1359.064697265625,1.0,9.94
208270,1359.064697265625,1.0,9.95
208360,1359.064697265625,1.0,10.16
208450,1359.064697265625,1.0,9.91
208540,1359.064697265625,1.0,10.03
208630,1359.064697265625,1.0,9.95
208720,1359.064697265625,1.0,10.02
208810,1359.064697265625,1.0,10.18
208900,1359.064697265625,1.0,9.95
208990,1359.064697265625,1.0,9.92
209080,1359.064697265625,1.0,9.99
209170,1359.064697265625,1.0,9.92
209260,1359.064697265625,1.0,10.10
209350,1359.064697265625,1.0,10.00
209440,1359.064697265625,1.0,10.05
209530,1359.064697265625,1.0,10.12
209620,1359.064697265625,1.0,9.86
209710,1359.064697265625,1.0,9.88
209800,1359.064697265625,1.0,10.22
209890,1359.064697265625,1.0,10.04
209980,1359.064697265625,1.0,10.13
210070,1359.064697265625,1.0,9.93
210160,1359.064697265625,1.0,10.04
210250,1359.064697265625,1.0,10.10
210340,1359.064697265625,1.0,10.01
210430,1359.064697265625,1.0,10.08
210520,1359.064697265625,1.0,9.96
210610,1359.064697265625,1.0,9.84
210700,1359.064697265625,1.0,10.05
210790,1359.064697265625,1.0,10.14
210880,1359.064697265625,1.0,9.84
210970,1359.064697265625,1.0,10.12
211060,1359.064697265625,1.0,10.10
211150,1359.064697265625,1.0,9.86
211240,1359.064697265625,1.0,10.09
211330,1359.064697265625,1.0,9.97
211420,1359.064697265625,1.0,9.96
211510,1359.064697265625,1.0,9.94
211600,1359.064697265625,1.0,9.84
211690,1359.064697265625,1.0,9.95
211780,1359.064697265625,1.0,10.07
211870,1359.064697265625,1.0,10.06
211960,1359.064697265625,1.0,10.14
212050,1359.064697265625,1.0,10.04
212140,1359.064697265625,1.0,9.88
212230,1359.064697265625,1.0,10.10
212320,1359.064697265625,1.0,9.78
212410,1359.064697265625,1.0,10.06
212500,1359.064697265625,1.0,9.82
212590,1359.064697265625,1.0,10.12
212680,1359.064697265625,1.0,10.22
212770,1359.064697265625,1.0,10.03
212860,1359.064697265625,1.0,10.13
212950,1359.064697265625,1.0,9.93
213040,1359.064697265625,1.0,9.92
213130,1359.064697265625,1.0,10.19
213220,1359.064697265625,1.0,9.94
213310,1359.064697265625,1.0,10.08
213400,1359.064697265625,1.0,10.33
213490,1359.064697265625,1.0,10.11
213580,1359.064697265625,1.0,9.98
213670,1359.064697265625,1.0,9.92
213760,1359.064697265625,1.0,10.05
213850,1359.064697265625,1.0,10.30
213940,1359.064697265625,1.0,10.12
214030,1359.064697265625,1.0,10.06
214120,1359.064697265625,1.0,9.87
214210,1359.064697265625,1.0,9.78
214300,1359.064697265625,1.0,10.19
214390,1359.064697265625,1.0,10.05
214480,1359.064697265625,1.0,9.99
214570,1359.064697265625,1.0,10.09
214660,1359.064697265625,1.0,9.79
214750,1359.064697265625,1.0,10.00
214840,1359.064697265625,1.0,9.99
214930,1359.064697265625,1.0,10.14
215020,1359.064697265625,1.0,10.27
215110,1359.064697265625,1.0,10.17
215200,1359.064697265625,1.0,9.94
215290,1359.064697265625,1.0,10.01
215380,1359.064697265625,1.0,10.03
215470,1359.064697265625,1.0,10.03
215560,1359.064697265625,1.0,10.16
215650,1359.064697265625,1.0,10.21
215740,1359.064697265625,1.0,10.10
215830,1359.064697265625,1.0,10.20
215920,1359.064697265625,1.0,9.77
216010,1359.064697265625,1.0,9.83
216100,1359.064697265625,1.0,10.04
216190,1359.064697265625,1.0,9.90
216280,1359.064697265625,1.0,9.88
216370,1359.064697265625,1.0,10.11
216460,1359.064697265625,1.0,9.81
216550,1359.064697265625,1.0,9.82
216640,1359.064697265625,1.0,10.16
216730,1359.064697265625,1.0,9.93
216820,1359.064697265625,1.0,10.02
216910,1359.064697265625,1.0,10.02
217000,1359.064697265625,1.0,9.92
217090,1359.064697265625,1.0,9.99
217180,1359.064697265625,1.0,9.97
217270,1359.064697265625,1.0,10.01
217360,1359.064697265625,1.0,10.14
217450,1359.064697265625,1.0,10.05
217540,1359.064697265625,1.0,10.03
217630,1359.064697265625,1.0,10.03
217720,1359.064697265625,1.0,9.95
217810,1359.064697265625,1.0,9.86
217900,1359.064697265625,1.0,9.87
217990,1359.064697265625,1.0,10.08
218080,1359.064697265625,1.0,9.95
218170,1359.064697265625,1.0,10.24
218260,1359.064697265625,1.0,10.02
218350,1359.064697265625,1.0,10.06
218440,1359.064697265625,1.0,10.09
218530,1359.064697265625,1.0,9.87
218620,1359.064697265625,1.0,10.00
218710,1359.064697265625,1.0,9.93
218800,1359.064697265625,1.0,10.11
218890,1359.064697265625,1.0,10.15
218980,1359.064697265625,1.0,9.99
219070,1359.064697265625,1.0,9.94
219160,1359.064697265625,1.0,10.10
219250,1359.064697265625,1.0,10.21
219340,1359.064697265625,1.0,9.90
219430,1359.064697265625,1.0,9.94
219520,1359.064697265625,1.0,9.88
219610,1359.064697265625,1.0,9.73
219700,1359.064697265625,1.0,9.83
219790,1359.064697265625,1.0,10.02
219880,1359.064697265625,1.0,10.18
219970,1359.064697265625,1.0,10.08
220060,1359.064697265625,1.0,9.95
220150,1359.064697265625,1.0,10.15
220240,1359.064697265625,1.0,9.94
220330,1359.064697265625,1.0,10.05
220420,1359.064697265625,1.0,10.20
220510,1359.064697265625,1.0,10.07
220600,1359.064697265625,1.0,10.05
220690,1359.064697265625,1.0,10.15
220780,1359.064697265625,1.0,9.86
220870,1359.064697265625,1.0,10.18
220960,1359.064697265625,1.0,10.17
221050,1359.064697265625,1.0,9.83
221140,1359.064697265625,1.0,9.68
221230,1359.064697265625,1.0,10.10
221320,1359.064697265625,1.0,10.10
221410,1359.064697265625,1.0,9.88
221500,1359.064697265625,1.0,10.08
221590,1359.064697265625,1.0,10.07
221680,1359.064697265625,1.0,10.18
221770,1359.064697265625,1.0,9.71
221860,1359.064697265625,1.0,10.25
221950,1359.064697265625,1.0,9.99
222040,1359.064697265625,1.0,10.03
222130,1359.064697265625,1.0,9.73
222220,1359.064697265625,1.0,9.84
222310,1359.064697265625,1.0,10.04
222400,1359.064697265625,1.0,10.11
222490,1359.064697265625,1.0,9.95
222580,1359.064697265625,1.0,9.86
222670,1359.064697265625,1.0,10.20
222760,1359.064697265625,1.0,10.09
222850,1359.064697265625,1.0,10.00
222940,1359.064697265625,1.0,10.05
223030,1359.064697265625,1.0,10.21
223120,1359.064697265625,1.0,9.93
223210,1359.064697265625,1.0,9.85
223300,1359.064697265625,1.0,9.99
223390,1359.064697265625,1.0,9.90
223480,1359.064697265625,1.0,10.00
223570,1359.064697265625,1.0,9.98
223660,1359.064697265625,1.0,9.94
223750,1359.064697265625,1.0,10.26
223840,1359.064697265625,1.0,9.95
223930,1359.064697265625,1.0,9.92
224020,1359.064697265625,1.0,10.09
224110,1359.064697265625,1.0,9.66
224200,1359.064697265625,1.0,10.00
224290,1359.064697265625,1.0,9.89
224380,1359.064697265625,1.0,10.05
224470,1359.064697265625,1.0,9.96
224560,1359.064697265625,1.0,10.00
224650,1359.064697265625,1.0,10.07
224740,1359.064697265625,1.0,10.08
224830,1359.064697265625,1.0,10.01
224920,1359.064697265625,1.0,10.23
225010,1359.064697265625,1.0,10.00
225100,1359.064697265625,1.0,9.85
225190,1359.064697265625,1.0,9.93
225280,1359.064697265625,1.0,9.64
225370,1359.064697265625,1.0,10.03
225460,1359.064697265625,1.0,10.03
225550,1359.064697265625,1.0,10.24
225640,1359.064697265625,1.0,10.09
225730,1359.064697265625,1.0,10.02
225820,1359.064697265625,1.0,9.97
225910,1359.064697265625,1.0,10.07
226000,1359.064697265625,1.0,10.01
226090,1359.064697265625,1.0,10.05
226180,1359.064697265625,1.0,9.99
226270,1359.064697265625,1.0,9.88
226360,1359.064697265625,1.0,9.97
226450,1359.064697265625,1.0,9.96
226540,1359.064697265625,1.0,9.95
226630,1359.064697265625,1.0,10.10
226720,1359.064697265625,1.0,10.07
226810,1359.064697265625,1.0,10.13
226900,1359.064697265625,1.0,9.96
226990,1359.064697265625,1.0,10.16
227080,1359.064697265625,1.0,10.05
227170,1359.064697265625,1.0,10.19
227260,1359.064697265625,1.0,9.91
227350,1359.064697265625,1.0,10.02
227440,1359.064697265625,1.0,10.26
227530,1359.064697265625,1.0,9.94
227620,1359.064697265625,1.0,9.97
227710,1359.064697265625,1.0,10.08
227800,1359.064697265625,1.0,10.02
227890,1359.064697265625,1.0,10.20
227980,1359.064697265625,1.0,9.87
228070,1359.064697265625,1.0,9.81
228160,1359.064697265625,1.0,9.85
228250,1359.064697265625,1.0,10.01
228340,1359.064697265625,1.0,9.92
228430,1359.064697265625,1.0,9.96
228520,1359.064697265625,1.0,9.93
228610,1359.064697265625,1.0,9.99
228700,1359.064697265625,1.0,9.91
228790,1359.064697265625,1.0,10.01
228880,1359.064697265625,1.0,10.00
228970,1359.064697265625,1.0,10.09
229060,1359.064697265625,1.0,10.12
229150,1359.064697265625,1.0,9.85
229240,1359.064697265625,1.0,10.11
229330,1359.064697265625,1.0,10.08
229420,1359.064697265625,1.0,10.04
229510,1359.064697265625,1.0,9.85
229600,1359.064697265625,1.0,10.14
229690,1359.064697265625,1.0,10.17
229780,1359.064697265625,1.0,9.85
229870,1359.064697265625,1.0,9.86
229960,1359.064697265625,1.0,9.95
230050,1359.064697265625,1.0,10.18
230140,1359.064697265625,1.0,9.97
230230,1359.064697265625,1.0,9.94
230320,1359.064697265625,1.0,9.94
230410,1359.064697265625,1.0,10.03
230500,1359.064697265625,1.0,9.96
230590,1359.064697265625,1.0,10.15
230680,1359.064697265625,1.0,10.03
230770,1359.064697265625,1.0,10.09
230860,1359.064697265625,1.0,10.13
230950,1359.064697265625,1.0,10.08
231040,1359.064697265625,1.0,10.01
231130,1359.064697265625,1.0,9.85
231220,1359.064697265625,1.0,10.13
231310,1359.064697265625,1.0,9.83
231400,1359.064697265625,1.0,10.03
231490,1359.064697265625,1.0,9.85
231580,1359.064697265625,1.0,9.87
231670,1359.064697265625,1.0,10.12
231760,1359.064697265625,1.0,9.74
231850,1359.064697265625,1.0,10.12
231940,1359.064697265625,1.0,10.01
232030,1359.064697265625,1.0,10.07
232120,1359.064697265625,1.0,10.07
232210,1359.064697265625,1.0,9.87
232300,1359.064697265625,1.0,10.13
232390,1359.064697265625,1.0,9.95
232480,1359.064697265625,1.0,10.11
232570,1359.064697265625,1.0,10.08
232660,1359.064697265625,1.0,9.91
232750,1359.064697265625,1.0,10.02
232840,1359.064697265625,1.0,9.79
232930,1359.064697265625,1.0,10.04
233020,1359.064697265625,1.0,9.94
233110,1359.064697265625,1.0,10.09
233200,1359.064697265625,1.0,10.09
233290,1359.064697265625,1.0,10.03
233380,1359.064697265625,1.0,10.09
233470,1359.064697265625,1.0,10.06
233560,1359.064697265625,1.0,9.91
233650,1359.064697265625,1.0,10.00
233740,1359.064697265625,1.0,10.05
233830,1359.064697265625,1.0,9.87
233920,1359.064697265625,1.0,10.09
234010,1359.064697265625,1.0,10.06
234100,1359.064697265625,1.0,9.94
234190,1359.064697265625,1.0,9.97
234280,1359.064697265625,1.0,10.25
234370,1359.064697265625,1.0,9.86
234460,1359.064697265625,1.0,10.02
234550,1359.064697265625,1.0,10.01
234640,1359.064697265625,1.0,10.20
234730,1359.064697265625,1.0,9.97
234820,1359.064697265625,1.0,9.97
234910,1359.064697265625,1.0,10.01
235000,1359.064697265625,1.0,10.08
235090,1359.064697265625,1.0,10.22
235180,1359.064697265625,1.0,10.07
235270,1359.064697265625,1.0,10.23
235360,1359.064697265625,1.0,10.00
235450,1359.064697265625,1.0,9.96
235540,1359.064697265625,1.0,10.01
235630,1359.064697265625,1.0,10.21
235720,1359.064697265625,1.0,9.90
235810,1359.064697265625,1.0,10.07
235900,1359.064697265625,1.0,10.06
235990,1359.064697265625,1.0,9.85
236080,1359.064697265625,1.0,10.13
236170,1359.064697265625,1.0,10.13
236260,1359.064697265625,1.0,10.26
236350,1359.064697265625,1.0,10.11
236440,1359.064697265625,1.0,10.06
236530,1359.064697265625,1.0,9.90
236620,1359.064697265625,1.0,9.96
236710,1359.064697265625,1.0,10.11
236800,1359.064697265625,1.0,10.13
236890,1359.064697265625,1.0,10.03
236980,1359.064697265625,1.0,10.18
237070,1359.064697265625,1.0,10.01
237160,1359.064697265625,1.0,10.17
237250,1359.064697265625,1.0,10.00
237340,1359.064697265625,1.0,10.12
237430,1359.064697265625,1.0,10.15
237520,1359.064697265625,1.0,10.26
237610,1359.064697265625,1.0,9.96
237700,1359.064697265625,1.0,10.17
237790,1359.064697265625,1.0,9.83
237880,1359.064697265625,1.0,9.95
237970,1359.064697265625,1.0,10.00
238060,1359.064697265625,1.0,9.95
238150,1359.064697265625,1.0,9.93
238240,1359.064697265625,1.0,10.04
238330,1359.064697265625,1.0,9.99
238420,1359.064697265625,1.0,9.76
238510,1359.064697265625,1.0,10.06
238600,1359.064697265625,1.0,9.77
238690,1359.064697265625,1.0,10.03
238780,1359.064697265625,1.0,9.98
238870,1359.064697265625,1.0,9.99
238960,1359.064697265625,1.0,9.98
239050,1359.064697265625,1.0,9.99
239140,1359.064697265625,1.0,9.90
239230,1359.064697265625,1.0,9.95
239320,1359.064697265625,1.0,9.94
239410,1359.064697265625,1.0,10.25
239500,1359.064697265625,1.0,10.16
239590,1359.064697265625,1.0,10.02
239680,1359.064697265625,1.0,9.74
239770,1359.064697265625,1.0,10.00
239860,1359.064697265625,1.0,10.00
239950,1359.064697265625,1.0,10.01
240040,1359.064697265625,1.0,9.93
240130,1359.064697265625,1.0,10.10
240220,1359.064697265625,1.0,10.10
240310,1359.064697265625,1.0,9.80
240400,1359.064697265625,1.0,10.02
240490,1359.064697265625,1.0,9.96
240580,1359.064697265625,1.0,10.04
240670,1359.064697265625,1.0,10.12
240760,1359.064697265625,1.0,9.89
240850,1359.064697265625,1.0,10.04
240940,1359.064697265625,1.0,10.14
241030,1359.064697265625,1.0,10.00
241120,1359.064697265625,1.0,10.01
241210,1359.064697265625,1.0,9.92
241300,1359.064697265625,1.0,10.09
241390,1359.064697265625,1.0,10.00
241480,1359.064697265625,1.0,9.89
241570,1359.064697265625,1.0,9.90
241660,1359.064697265625,1.0,10.13
241750,1359.064697265625,1.0,10.08
241840,1359.064697265625,1.0,10.11
241930,1359.064697265625,1.0,9.89
242020,1359.064697265625,1.0,9.87
242110,1359.064697265625,1.0,9.87
242200,1359.064697265625,1.0,9.95
242290,1359.064697265625,1.0,10.06
242380,1359.064697265625,1.0,10.18
242470,1359.064697265625,1.0,10.01
242560,1359.064697265625,1.0,10.07
242650,1359.064697265625,1.0,9.89
242740,1359.064697265625,1.0,10.15
242830,1359.064697265625,1.0,10.09
242920,1359.064697265625,1.0,10.10
243010,1359.064697265625,1.0,9.87
243100,1359.064697265625,1.0,9.84
243190,1359.064697265625,1.0,9.81
243280,1359.064697265625,1.0,9.72
243370,1359.064697265625,1.0,10.06
243460,1359.064697265625,1.0,10.07
243550,1359.064697265625,1.0,10.05
243640,1359.064697265625,1.0,10.16
243730,1359.064697265625,1.0,10.08
243820,1359.064697265625,1.0,10.10
243910,1359.064697265625,1.0,10.04
244000,1359.064697265625,1.0,10.06
244090,1359.064697265625,1.0,10.14
244180,1359.064697265625,1.0,10.17
244270,1359.064697265625,1.0,9.84
244360,1359.064697265625,1.0,10.03
244450,1359.064697265625,1.0,9.89
244540,1359.064697265625,1.0,10.03
244630,1359.064697265625,1.0,9.96
244720,1359.064697265625,1.0,9.92
244810,1359.064697265625,1.0,9.99
244900,1359.064697265625,1.0,10.04
244990,1359.064697265625,1.0,9.98
245080,1359.064697265625,1.0,10.26
245170,1359.064697265625,1.0,9.94
245260,1359.064697265625,1.0,10.08
245350,1359.064697265625,1.0,10.04
245440,1359.064697265625,1.0,10.07
245530,1359.064697265625,1.0,10.13
245620,1359.064697265625,1.0,10.16
245710,1359.064697265625,1.0,9.88
245800,1359.064697265625,1.0,10.11
245890,1359.064697265625,1.0,10.12
245980,1359.064697265625,1.0,10.04
246070,1359.064697265625,1.0,10.13
246160,1359.064697265625,1.0,9.55
246250,1359.064697265625,1.0,9.79
246340,1359.064697265625,1.0,9.75
246430,1359.064697265625,1.0,9.94
246520,1359.064697265625,1.0,9.91
246610,1359.064697265625,1.0,9.94
246700,1359.064697265625,1.0,10.01
246790,1359.064697265625,1.0,10.01
246880,1359.064697265625,1.0,10.07
246970,1359.064697265625,1.0,9.97
247060,1359.064697265625,1.0,10.00
247150,1359.064697265625,1.0,10.10
247240,1359.064697265625,1.0,9.88
247330,1359.064697265625,1.0,9.99
247420,1359.064697265625,1.0,10.09
247510,1359.064697265625,1.0,9.95
247600,1359.064697265625,1.0,9.86
247690,1359.064697265625,1.0,10.14
247780,1359.064697265625,1.0,9.90
247870,1359.064697265625,1.0,10.00
247960,1359.064697265625,1.0,9.95
248050,1359.064697265625,1.0,10.07
248140,1359.064697265625,1.0,10.10
248230,1359.064697265625,1.0,10.21
248320,1359.064697265625,1.0,9.97
248410,1359.064697265625,1.0,9.97
248500,1359.064697265625,1.0,10.00
248590,1359.064697265625,1.0,9.87
248680,1359.064697265625,1.0,10.02
248770,1359.064697265625,1.0,10.04
248860,1359.064697265625,1.0,10.05
248950,1359.064697265625,1.0,10.06
249040,1359.064697265625,1.0,10.05
249130,1359.064697265625,1.0,10.05
249220,1359.064697265625,1.0,10.14
249310,1359.064697265625,1.0,10.07
249400,1359.064697265625,1.0,9.98
249490,1359.064697265625,1.0,9.92
249580,1359.064697265625,1.0,9.86
249670,1359.064697265625,1.0,10.12
249760,1359.064697265625,1.0,9.89
249850,1359.064697265625,1.0,10.04
249940,1359.064697265625,1.0,10.00
250030,1359.064697265625,1.0,10.05
250120,1359.064697265625,1.0,9.88
250210,1359.064697265625,1.0,9.85
250300,1359.064697265625,1.0,10.22
250390,1359.064697265625,1.0,10.04
250480,1359.064697265625,1.0,10.11
250570,1359.064697265625,1.0,10.27
250660,1359.064697265625,1.0,10.10
250750,1359.064697265625,1.0,9.93
250840,1359.064697265625,1.0,9.98
250930,1359.064697265625,1.0,9.99
251020,1359.064697265625,1.0,10.08
251110,1359.064697265625,1.0,10.18
251200,1359.064697265625,1.0,10.13
251290,1359.064697265625,1.0,9.98
251380,1359.064697265625,1.0,10.04
251470,1359.064697265625,1.0,10.08
251560,1359.064697265625,1.0,9.89
251650,1359.064697265625,1.0,10.13
251740,1359.064697265625,1.0,9.96
251830,1359.064697265625,1.0,10.03
251920,1359.064697265625,1.0,10.04
252010,1359.064697265625,1.0,9.97
252100,1359.064697265625,1.0,9.84
252190,1359.064697265625,1.0,9.80
252280,1359.064697265625,1.0,10.02
252370,1359.064697265625,1.0,9.98
252460,1359.064697265625,1.0,10.08
252550,1359.064697265625,1.0,9.94
252640,1359.064697265625,1.0,10.01
252730,1359.064697265625,1.0,10.19
252820,1359.064697265625,1.0,9.84
252910,1359.064697265625,1.0,9.89
253000,1359.064697265625,1.0,10.07
253090,1359.064697265625,1.0,10.06
253180,1359.064697265625,1.0,10.23
253270,1359.064697265625,1.0,9.88
253360,1359.064697265625,1.0,10.08
253450,1359.064697265625,1.0,9.82
253540,1359.064697265625,1.0,10.16
253630,1359.064697265625,1.0,9.85
253720,1359.064697265625,1.0,9.81
253810,1359.064697265625,1.0,10.06
253900,1359.064697265625,1.0,10.01
253990,1359.064697265625,1.0,9.91
254080,1359.064697265625,1.0,9.92
254170,1359.064697265625,1.0,10.02
254260,1359.064697265625,1.0,10.01
254350,1359.064697265625,1.0,9.92
254440,1359.064697265625,1.0,10.00
254530,1359.064697265625,1.0,10.19
254620,1359.064697265625,1.0,10.02
254710,1359.064697265625,1.0,9.99
254800,1359.064697265625,1.0,9.95
254890,1359.064697265625,1.0,10.14
254980,1359.064697265625,1.0,10.18
255070,1359.064697265625,1.0,9.97
255160,1359.064697265625,1.0,9.78
255250,1359.064697265625,1.0,9.92
255340,1359.064697265625,1.0,10.21
255430,1359.064697265625,1.0,9.98
255520,1359.064697265625,1.0,10.04
255610,1359.064697265625,1.0,9.86
255700,1359.064697265625,1.0,9.97
255790,1359.064697265625,1.0,10.14
255880,1359.064697265625,1.0,9.81
255970,1359.064697265625,1.0,9.81
256060,1359.064697265625,1.0,10.02
256150,1359.064697265625,1.0,10.07
256240,1359.064697265625,1.0,9.92
256330,1359.064697265625,1.0,10.22
256420,1359.064697265625,1.0,10.09
256510,1359.064697265625,1.0,10.13
256600,1359.064697265625,1.0,10.08
256690,1359.064697265625,1.0,9.94
256780,1359.064697265625,1.0,10.08
256870,1359.064697265625,1.0,9.92
256960,1359.064697265625,1.0,10.04
257050,1359.064697265625,1.0,10.04
257140,1359.064697265625,1.0,10.12
257230,1359.064697265625,1.0,9.93
257320,1359.064697265625,1.0,10.16
257410,1359.064697265625,1.0,9.93
257500,1359.064697265625,1.0,9.82
257590,1359.064697265625,1.0,9.91
257680,1359.064697265625,1.0,10.16
257770,1359.064697265625,1.0,9.90
257860,1359.064697265625,1.0,10.15
257950,1359.064697265625,1.0,10.08
258040,1359.064697265625,1.0,10.15
258130,1359.064697265625,1.0,10.15
258220,1359.064697265625,1.0,9.98
258310,1359.064697265625,1.0,9.99
258400,1359.064697265625,1.0,10.03
258490,1359.064697265625,1.0,10.04
258580,1359.064697265625,1.0,10.12
258670,1359.064697265625,1.0,9.96
258760,1359.064697265625,1.0,9.97
258850,1359.064697265625,1.0,9.90
258940,1359.064697265625,1.0,9.88
259030,1359.064697265625,1.0,10.04
259120,1359.064697265625,1.0,9.94
259210,1359.064697265625,1.0,10.09
259300,1359.064697265625,1.0,9.90
259390,1359.064697265625,1.0,9.98
259480,1359.064697265625,1.0,9.91
259570,1359.064697265625,1.0,10.09
259660,1359.064697265625,1.0,10.10
259750,1359.064697265625,1.0,10.08
259840,1359.064697265625,1.0,9.96
259930,1359.064697265625,1.0,10.23
260020,1359.064697265625,1.0,9.84
260110,1359.064697265625,1.0,10.07
260200,1359.064697265625,1.0,10.09
260290,1359.064697265625,1.0,9.97
260380,1359.064697265625,1.0,9.92
260470,1359.064697265625,1.0,10.18
260560,1359.064697265625,1.0,10.08
260650,1359.064697265625,1.0,9.91
260740,1359.064697265625,1.0,10.15
260830,1359.064697265625,1.0,9.78
260920,1359.064697265625,1.0,10.08
261010,1359.064697265625,1.0,10.11
261100,1359.064697265625,1.0,9.91
261190,1359.064697265625,1.0,10.09
261280,1359.064697265625,1.0,9.99
261370,1359.064697265625,1.0,10.14
261460,1359.064697265625,1.0,10.13
261550,1359.064697265625,1.0,9.82
261640,1359.064697265625,1.0,10.27
261730,1359.064697265625,1.0,9.94
261820,1359.064697265625,1.0,10.03
261910,1359.064697265625,1.0,9.99
262000,1359.064697265625,1.0,10.03
262090,1359.064697265625,1.0,9.99
262180,1359.064697265625,1.0,9.92
262270,1359.064697265625,1.0,10.16
262360,1359.064697265625,1.0,10.21
262450,1359.064697265625,1.0,10.18
262540,1359.064697265625,1.0,10.01
262630,1359.064697265625,1.0,10.11
262720,1359.064697265625,1.0,10.18
262810,1359.064697265625,1.0,9.99
262900,1359.064697265625,1.0,10.07
262990,1359.064697265625,1.0,9.94
263080,1359.064697265625,1.0,9.66
263170,1359.064697265625,1.0,9.95
263260,1359.064697265625,1.0,10.02
263350,1359.064697265625,1.0,9.89
263440,1359.064697265625,1.0,10.02
263530,1359.064697265625,1.0,9.96
263620,1359.064697265625,1.0,10.11
263710,1359.064697265625,1.0,9.86
263800,1359.064697265625,1.0,9.83
263890,1359.064697265625,1.0,10.11
263980,1359.064697265625,1.0,9.84
264070,1359.064697265625,1.0,9.90
264160,1359.064697265625,1.0,9.95
264250,1359.064697265625,1.0,9.75
264340,1359.064697265625,1.0,10.03
264430,1359.064697265625,1.0,10.17
264520,1359.064697265625,1.0,9.95
264610,1359.064697265625,1.0,9.85
264700,1359.064697265625,1.0,9.98
264790,1359.064697265625,1.0,10.03
264880,1359.064697265625,1.0,10.00
264970,1359.064697265625,1.0,10.04
265060,1359.064697265625,1.0,10.09
265150,1359.064697265625,1.0,10.09
265240,1359.064697265625,1.0,10.01
265330,1359.064697265625,1.0,9.85
265420,1359.064697265625,1.0,9.99
265510,1359.064697265625,1.0,10.14
265600,1359.064697265625,1.0,10.12
265690,1359.064697265625,1.0,10.01
265780,1359.064697265625,1.0,10.04
265870,1359.064697265625,1.0,10.03
265960,1359.064697265625,1.0,10.00
266050,1359.064697265625,1.0,9.90
266140,1359.064697265625,1.0,10.20
266230,1359.064697265625,1.0,10.16
266320,1359.064697265625,1.0,10.09
266410,1359.064697265625,1.0,10.30
266500,1359.064697265625,1.0,10.05
266590,1359.064697265625,1.0,10.16
266680,1359.064697265625,1.0,10.14
266770,1359.064697265625,1.0,10.05
266860,1359.064697265625,1.0,9.94
266950,1359.064697265625,1.0,10.11
267040,1359.064697265625,1.0,10.05
267130,1359.064697265625,1.0,10.07
267220,1359.064697265625,1.0,9.87
267310,1359.064697265625,1.0,9.89
267400,1359.064697265625,1.0,10.02
267490,1359.064697265625,1.0,10.13
267580,1359.064697265625,1.0,10.06
267670,1359.064697265625,1.0,9.96
267760,1359.064697265625,1.0,10.14
267850,1359.064697265625,1.0,10.11
267940,1359.064697265625,1.0,10.06
268030,1359.064697265625,1.0,10.09
268120,1359.064697265625,1.0,10.07
268210,1359.064697265625,1.0,10.34
268300,1359.064697265625,1.0,10.10
268390,1359.064697265625,1.0,10.10
268480,1359.064697265625,1.0,9.85
268570,1359.064697265625,1.0,10.16
268660,1359.064697265625,1.0,10.10
268750,1359.064697265625,1.0,10.02
268840,1359.064697265625,1.0,10.11
268930,1359.064697265625,1.0,9.97
269020,1359.064697265625,1.0,9.96
269110,1359.064697265625,1.0,9.93
269200,1359.064697265625,1.0,10.24
269290,1359.064697265625,1.0,10.00
269380,1359.064697265625,1.0,10.03
269470,1359.064697265625,1.0,10.14
269560,1359.064697265625,1.0,10.10
269650,1359.064697265625,1.0,10.03
269740,1359.064697265625,1.0,9.86
269830,1359.064697265625,1.0,9.99
269920,1359.064697265625,1.0,10.11
270010,1359.064697265625,1.0,10.08
270100,1359.064697265625,1.0,10.06
270190,1359.064697265625,1.0,9.95
270280,1359.064697265625,1.0,9.97
270370,1359.064697265625,1.0,10.07
270460,1359.064697265625,1.0,10.07
270550,1359.064697265625,1.0,9.83
270640,1359.064697265625,1.0,10.02
270730,1359.064697265625,1.0,10.04
270820,1359.064697265625,1.0,10.01
270910,1359.064697265625,1.0,9.93
271000,1359.064697265625,1.0,10.17
271090,1359.064697265625,1.0,10.03
271180,1359.064697265625,1.0,9.96
271270,1359.064697265625,1.0,10.08
271360,1359.064697265625,1.0,10.00
271450,1359.064697265625,1.0,9.75
271540,1359.064697265625,1.0,9.99
271630,1359.064697265625,1.0,9.74
271720,1359.064697265625,1.0,9.96
271810,1359.064697265625,1.0,10.14
271900,1359.064697265625,1.0,10.08
271990,1359.064697265625,1.0,10.21
272080,1359.064697265625,1.0,9.93
272170,1359.064697265625,1.0,10.08
272260,1359.064697265625,1.0,9.97
272350,1359.064697265625,1.0,10.19
272440,1359.064697265625,1.0,9.97
272530,1359.064697265625,1.0,10.15
272620,1359.064697265625,1.0,10.19
272710,1359.064697265625,1.0,10.06
272800,1359.064697265625,1.0,10.05
272890,1359.064697265625,1.0,10.18
272980,1359.064697265625,1.0,10.04
273070,1359.064697265625,1.0,10.07
273160,1359.064697265625,1.0,9.95
273250,1359.064697265625,1.0,10.02
273340,1359.064697265625,1.0,10.13
273430,1359.064697265625,1.0,10.03
273520,1359.064697265625,1.0,9.96
273610,1359.064697265625,1.0,9.91
273700,1359.064697265625,1.0,10.10
273790,1359.064697265625,1.0,9.95
273880,1359.064697265625,1.0,9.95
273970,1359.064697265625,1.0,9.94
274060,1359.064697265625,1.0,10.13
274150,1359.064697265625,1.0,9.94
274240,1359.064697265625,1.0,9.98
274330,1359.064697265625,1.0,9.92
274420,1359.064697265625,1.0,9.86
274510,1359.064697265625,1.0,10.06
274600,1359.064697265625,1.0,9.95
274690,1359.064697265625,1.0,9.67
274780,1359.064697265625,1.0,9.94
274870,1359.064697265625,1.0,10.03
274960,1359.064697265625,1.0,10.00
275050,1359.064697265625,1.0,9.83
275140,1359.064697265625,1.0,9.90
275230,1359.064697265625,1.0,9.95
275320,1359.064697265625,1.0,10.21
275410,1359.064697265625,1.0,9.99
275500,1359.064697265625,1.0,10.05
275590,1359.064697265625,1.0,10.07
275680,1359.064697265625,1.0,10.08
275770,1359.064697265625,1.0,9.92
275860,1359.064697265625,1.0,10.02
275950,1359.064697265625,1.0,9.92
276040,1359.064697265625,1.0,10.08
276130,1359.064697265625,1.0,10.04
276220,1359.064697265625,1.0,9.89
276310,1359.064697265625,1.0,9.82
276400,1359.064697265625,1.0,10.13
276490,1359.064697265625,1.0,10.20
276580,1359.064697265625,1.0,9.85
276670,1359.064697265625,1.0,9.96
276760,1359.064697265625,1.0,9.97
276850,1359.064697265625,1.0,10.14
276940,1359.064697265625,1.0,9.99
277030,1359.064697265625,1.0,9.88
277120,1359.064697265625,1.0,10.13
277210,1359.064697265625,1.0,9.95
277300,1359.064697265625,1.0,9.90
277390,1359.064697265625,1.0,10.07
277480,1359.064697265625,1.0,10.17
277570,1359.064697265625,1.0,10.07
277660,1359.064697265625,1.0,9.91
277750,1359.064697265625,1.0,10.06
277840,1359.064697265625,1.0,10.05
277930,1359.064697265625,1.0,9.99
278020,1359.064697265625,1.0,10.04
278110,1359.064697265625,1.0,10.10
278200,1359.064697265625,1.0,10.09
278290,1359.064697265625,1.0,10.10
278380,1359.064697265625,1.0,10.25
278470,1359.064697265625,1.0,10.17
278560,1359.064697265625,1.0,10.04
278650,1359.064697265625,1.0,10.39
278740,1359.064697265625,1.0,10.30
278830,1359.064697265625,1.0,9.90
278920,1359.064697265625,1.0,9.92
279010,1359.064697265625,1.0,9.89
279100,1359.064697265625,1.0,10.07
279190,1359.064697265625,1.0,10.12
279280,1359.064697265625,1.0,9.82
279370,1359.064697265625,1.0,10.23
279460,1359.064697265625,1.0,9.95
279550,1359.064697265625,1.0,10.13
279640,1359.064697265625,1.0,9.96
279730,1359.064697265625,1.0,10.22
279820,1359.064697265625,1.0,10.05
279910,1359.064697265625,1.0,10.02
280000,1359.064697265625,1.0,9.96
280090,1359.064697265625,1.0,10.22
280180,1359.064697265625,1.0,10.21
280270,1359.064697265625,1.0,10.18
280360,1359.064697265625,1.0,10.07
280450,1359.064697265625,1.0,10.06
280540,1359.064697265625,1.0,9.83
280630,1359.064697265625,1.0,10.06
280720,1359.064697265625,1.0,10.04
280810,1359.064697265625,1.0,9.89
280900,1359.064697265625,1.0,10.05
280990,1359.064697265625,1.0,10.00
281080,1359.064697265625,1.0,10.05
281170,1359.064697265625,1.0,10.01
281260,1359.064697265625,1.0,10.07
281350,1359.064697265625,1.0,10.07
281440,1359.064697265625,1.0,10.05
281530,1359.064697265625,1.0,9.84
281620,1359.064697265625,1.0,10.10
281710,1359.064697265625,1.0,10.24
281800,1359.064697265625,1.0,9.95
281890,1359.064697265625,1.0,10.00
281980,1359.064697265625,1.0,10.03
282070,1359.064697265625,1.0,10.13
282160,1359.064697265625,1.0,9.96
282250,1359.064697265625,1.0,9.93
282340,1359.064697265625,1.0,9.81
282430,1359.064697265625,1.0,10.08
282520,1359.064697265625,1.0,9.92
282610,1359.064697265625,1.0,9.96
282700,1359.064697265625,1.0,10.16
282790,1359.064697265625,1.0,10.11
282880,1359.064697265625,1.0,9.79
282970,1359.064697265625,1.0,10.11
283060,1359.064697265625,1.0,10.10
283150,1359.064697265625,1.0,10.15
283240,1359.064697265625,1.0,9.94
283330,1359.064697265625,1.0,10.12
283420,1359.064697265625,1.0,9.88
283510,1359.064697265625,1.0,10.02
283600,1359.064697265625,1.0,9.97
283690,1359.064697265625,1.0,10.17
283780,1359.064697265625,1.0,10.01
283870,1359.064697265625,1.0,9.81
283960,1359.064697265625,1.0,10.01
284050,1359.064697265625,1.0,10.23
284140,1359.064697265625,1.0,10.14
284230,1359.064697265625,1.0,10.15
284320,1359.064697265625,1.0,9.96
284410,1359.064697265625,1.0,10.13
284500,1359.064697265625,1.0,10.07
284590,1359.064697265625,1.0,9.94
284680,1359.064697265625,1.0,10.18
284770,1359.064697265625,1.0,9.87
284860,1359.064697265625,1.0,9.98
284950,1359.064697265625,1.0,10.03
285040,1359.064697265625,1.0,10.00
285130,1359.064697265625,1.0,9.92
285220,1359.064697265625,1.0,10.06
285310,1359.064697265625,1.0,10.17
285400,1359.064697265625,1.0,10.01
285490,1359.064697265625,1.0,9.95
285580,1359.064697265625,1.0,10.05
285670,1359.064697265625,1.0,9.96
285760,1359.064697265625,1.0,10.25
285850,1359.064697265625,1.0,9.95
285940,1359.064697265625,1.0,9.97
286030,1359.064697265625,1.0,9.70
286120,1359.064697265625,1.0,10.01
286210,1359.064697265625,1.0,9.88
286300,1359.064697265625,1.0,9.96
286390,1359.064697265625,1.0,9.96
286480,1359.064697265625,1.0,9.83
286570,1359.064697265625,1.0,9.96
286660,1359.064697265625,1.0,9.85
286750,1359.064697265625,1.0,9.91
286840,1359.064697265625,1.0,10.15
286930,1359.064697265625,1.0,10.00
287020,1359.064697265625,1.0,9.99
287110,1359.064697265625,1.0,9.96
287200,1359.064697265625,1.0,10.10
287290,1359.064697265625,1.0,10.02
287380,1359.064697265625,1.0,10.14
287470,1359.064697265625,1.0,10.01
287560,1359.064697265625,1.0,9.97
287650,1359.064697265625,1.0,9.93
287740,1359.064697265625,1.0,10.08
287830,1359.064697265625,1.0,9.92
287920,1359.064697265625,1.0,10.22
288010,1359.064697265625,1.0,10.02
288100,1359.064697265625,1.0,10.03
288190,1359.064697265625,1.0,10.10
288280,1359.064697265625,1.0,9.90
288370,1359.064697265625,1.0,10.05
288460,1359.064697265625,1.0,10.27
288550,1359.064697265625,1.0,10.12
288640,1359.064697265625,1.0,9.97
288730,1359.064697265625,1.0,10.07
288820,1359.064697265625,1.0,9.95
288910,1359.064697265625,1.0,9.88
289000,1359.064697265625,1.0,10.09
289090,1359.064697265625,1.0,10.07
289180,1359.064697265625,1.0,10.19
289270,1359.064697265625,1.0,9.90
289360,1359.064697265625,1.0,9.99
289450,1359.064697265625,1.0,10.02
289540,1359.064697265625,1.0,10.15
289630,1359.064697265625,1.0,9.91
289720,1359.064697265625,1.0,10.02
289810,1359.064697265625,1.0,10.30
289900,1359.064697265625,1.0,10.09
289990,1359.064697265625,1.0,9.89
290080,1359.064697265625,1.0,10.03
290170,1359.064697265625,1.0,10.02
290260,1359.064697265625,1.0,10.17
290350,1359.064697265625,1.0,10.18
290440,1359.064697265625,1.0,9.85
290530,1359.064697265625,1.0,10.13
290620,1359.064697265625,1.0,10.10
290710,1359.064697265625,1.0,10.04
290800,1359.064697265625,1.0,10.09
290890,1359.064697265625,1.0,9.99
290980,1359.064697265625,1.0,9.83
291070,1359.064697265625,1.0,9.93
291160,1359.064697265625,1.0,9.91
291250,1359.064697265625,1.0,10.00
291340,1359.064697265625,1.0,9.98
291430,1359.064697265625,1.0,9.77
291520,1359.064697265625,1.0,9.93
291610,1359.064697265625,1.0,9.88
291700,1359.064697265625,1.0,9.88
291790,1359.064697265625,1.0,10.08
291880,1359.064697265625,1.0,9.93
291970,1359.064697265625,1.0,9.93
292060,1359.064697265625,1.0,9.95
292150,1359.064697265625,1.0,10.27
292240,1359.064697265625,1.0,9.91
292330,1359.064697265625,1.0,10.02
292420,1359.064697265625,1.0,10.21
292510,1359.064697265625,1.0,10.04
292600,1359.064697265625,1.0,10.04
292690,1359.064697265625,1.0,10.03
292780,1359.064697265625,1.0,10.03
292870,1359.064697265625,1.0,10.00
292960,1359.064697265625,1.0,9.97
293050,1359.064697265625,1.0,9.97
293140,1359.064697265625,1.0,10.04
293230,1359.064697265625,1.0,9.86
293320,1359.064697265625,1.0,9.97
293410,1359.064697265625,1.0,9.88
293500,1359.064697265625,1.0,10.10
293590,1359.064697265625,1.0,10.16
293680,1359.064697265625,1.0,10.21
293770,1359.064697265625,1.0,9.94
293860,1359.064697265625,1.0,9.98
293950,1359.064697265625,1.0,9.96
294040,1359.064697265625,1.0,10.06
294130,1359.064697265625,1.0,10.11
294220,1359.064697265625,1.0,9.87
294310,1359.064697265625,1.0,10.16
294400,1359.064697265625,1.0,10.07
294490,1359.064697265625,1.0,10.08
294580,1359.064697265625,1.0,9.97
294670,1359.064697265625,1.0,9.99
294760,1359.064697265625,1.0,9.86
294850,1359.064697265625,1.0,9.82
294940,1359.064697265625,1.0,9.96
295030,1359.064697265625,1.0,9.98
295120,1359.064697265625,1.0,10.11
295210,1359.064697265625,1.0,9.94
295300,1359.064697265625,1.0,9.77
295390,1359.064697265625,1.0,9.95
295480,1359.064697265625,1.0,9.86
295570,1359.064697265625,1.0,9.84
295660,1359.064697265625,1.0,9.95
295750,1359.064697265625,1.0,10.06
295840,1359.064697265625,1.0,10.06
295930,1359.064697265625,1.0,10.01
296020,1359.064697265625,1.0,10.06
296110,1359.064697265625,1.0,9.98
296200,1359.064697265625,1.0,9.89
296290,1359.064697265625,1.0,10.12
296380,1359.064697265625,1.0,9.91
296470,1359.064697265625,1.0,10.00
296560,1359.064697265625,1.0,9.95
296650,1359.064697265625,1.0,9.96
296740,1359.064697265625,1.0,9.91
296830,1359.064697265625,1.0,9.98
296920,1359.064697265625,1.0,10.03
297010,1359.064697265625,1.0,10.12
297100,1359.064697265625,1.0,9.88
297190,1359.064697265625,1.0,10.15
297280,1359.064697265625,1.0,9.88
297370,1359.064697265625,1.0,10.13
297460,1359.064697265625,1.0,10.13
297550,1359.064697265625,1.0,10.05
297640,1359.064697265625,1.0,10.04
297730,1359.064697265625,1.0,9.95
297820,1359.064697265625,1.0,10.05
297910,1359.064697265625,1.0,9.94
298000,1359.064697265625,1.0,10.11
298090,1359.064697265625,1.0,10.01
298180,1359.064697265625,1.0,10.10
298270,1359.064697265625,1.0,9.99
298360,1359.064697265625,1.0,10.11
298450,1359.064697265625,1.0,10.22
298540,1359.064697265625,1.0,10.16
298630,1359.064697265625,1.0,9.88
298720,1359.064697265625,1.0,9.85
298810,1359.064697265625,1.0,10.13
298900,1359.064697265625,1.0,10.08
298990,1359.064697265625,1.0,10.02
299080,1359.064697265625,1.0,10.07
299170,1359.064697265625,1.0,10.14
299260,1359.064697265625,1.0,9.97
299350,1359.064697265625,1.0,9.96
299440,1359.064697265625,1.0,10.02
299530,1359.064697265625,1.0,10.06
299620,1359.064697265625,1.0,9.98
299710,1359.064697265625,1.0,10.09
299800,1359.064697265625,1.0,10.05
299890,1359.064697265625,1.0,9.97
299980,1359.064697265625,1.0,9.99
300070,1359.064697265625,1.0,10.10
