evaluation,fitness,test_accuracy,uniqueness,time
0,0.43278223276138306,0.2706640958786011,1.0,1.21
100,0.43278223276138306,0.2706640958786011,1.0,1.21
200,0.43278223276138306,0.2706640958786011,1.0,1.21
300,0.43278223276138306,0.2706640958786011,1.0,1.21
400,0.43278223276138306,0.2706640958786011,1.0,1.21
500,0.43278223276138306,0.2706640958786011,1.0,1.21
600,0.43278223276138306,0.2706640958786011,1.0,1.21
700,0.43278223276138306,0.2706640958786011,1.0,1.21
800,0.43278223276138306,0.2706640958786011,1.0,1.21
900,0.43278223276138306,0.2706640958786011,1.0,1.21
1000,0.43278223276138306,0.2706640958786011,1.0,1.21
1100,0.43278223276138306,0.2706640958786011,1.0,1.21
1200,0.43278223276138306,0.2706640958786011,1.0,1.21
1300,0.43278223276138306,0.2706640958786011,1.0,1.21
1400,0.43278223276138306,0.2706640958786011,1.0,1.21
1500,0.43278223276138306,0.2706640958786011,1.0,1.21
1600,0.43278223276138306,0.2706640958786011,1.0,1.21
1700,0.43278223276138306,0.2706640958786011,1.0,1.21
1800,0.43278223276138306,0.2706640958786011,1.0,1.21
1900,0.43278223276138306,0.2706640958786011,1.0,1.21
2000,0.43278223276138306,0.2706640958786011,1.0,1.21
2100,0.43278223276138306,0.2706640958786011,1.0,1.21
2200,0.4494742155075073,0.36464112997055054,1.0,1.21
2300,0.4494742155075073,0.36464112997055054,1.0,1.21
2400,0.4494742155075073,0.36464112997055054,1.0,1.21
2500,0.4494742155075073,0.36464112997055054,1.0,1.21
2600,0.4494742155075073,0.36464112997055054,1.0,1.21
2700,0.4494742155075073,0.36464112997055054,1.0,1.21
2800,0.4494742155075073,0.36464112997055054,1.0,1.21
2900,0.4494742155075073,0.36464112997055054,1.0,1.21
3000,0.4494742155075073,0.36464112997055054,1.0,1.21
3100,0.4494742155075073,0.36464112997055054,1.0,1.21
3200,0.4772431254386902,0.30125755071640015,1.0,1.21
3300,0.4772431254386902,0.30125755071640015,1.0,1.21
3400,0.4772431254386902,0.30125755071640015,1.0,1.21
3500,0.4772431254386902,0.30125755071640015,1.0,1.21
3600,0.4772431254386902,0.30125755071640015,1.0,1.21
3700,0.4772431254386902,0.30125755071640015,1.0,1.21
3800,0.4772431254386902,0.30125755071640015,1.0,1.21
3900,0.7534705996513367,0.5462609529495239,1.0,1.21
4000,0.7534705996513367,0.5462609529495239,1.0,1.21
4100,0.7534705996513367,0.5462609529495239,1.0,1.21
4200,0.7534705996513367,0.5462609529495239,1.0,1.21
4300,0.7534705996513367,0.5462609529495239,1.0,1.21
4400,0.7534705996513367,0.5462609529495239,1.0,1.21
4500,0.7534705996513367,0.5462609529495239,1.0,1.21
4600,0.7534705996513367,0.5462609529495239,1.0,1.21
4700,0.7534705996513367,0.5462609529495239,1.0,1.21
4800,0.7534705996513367,0.5462609529495239,1.0,1.21
4900,0.7534705996513367,0.5462609529495239,1.0,1.21
5000,0.7534705996513367,0.5462609529495239,1.0,1.21
5100,0.7534705996513367,0.5462609529495239,1.0,1.21
5200,0.7534705996513367,0.5462609529495239,1.0,1.21
5300,0.7534705996513367,0.5462609529495239,1.0,1.21
5400,0.7534705996513367,0.5462609529495239,1.0,1.21
5500,0.7534705996513367,0.5462609529495239,1.0,1.21
5600,0.7534705996513367,0.5462609529495239,1.0,1.21
5700,0.7534705996513367,0.5462609529495239,1.0,1.21
5800,0.7534705996513367,0.5462609529495239,1.0,1.21
5900,0.7534705996513367,0.5462609529495239,1.0,1.21
6000,0.7534705996513367,0.5462609529495239,1.0,1.21
6100,0.7534705996513367,0.5462609529495239,1.0,1.21
6200,0.7534705996513367,0.5462609529495239,1.0,1.21
6300,0.7534705996513367,0.5462609529495239,1.0,1.21
6400,0.7534705996513367,0.5462609529495239,1.0,1.21
6500,0.7534705996513367,0.5462609529495239,1.0,1.21
6600,0.7534705996513367,0.5462609529495239,1.0,1.21
6700,0.7534705996513367,0.5462609529495239,1.0,1.21
6800,0.7534705996513367,0.5462609529495239,1.0,1.21
6900,0.7534705996513367,0.5462609529495239,1.0,1.21
7000,0.7534705996513367,0.5462609529495239,1.0,1.21
7100,0.7534705996513367,0.5462609529495239,1.0,1.21
7200,0.7534705996513367,0.5462609529495239,1.0,1.21
7300,0.7534705996513367,0.5462609529495239,1.0,1.21
7400,0.7534705996513367,0.5462609529495239,1.0,1.21
7500,0.7534705996513367,0.5462609529495239,1.0,1.21
7600,0.7534705996513367,0.5462609529495239,1.0,1.21
7700,0.7534705996513367,0.5462609529495239,1.0,1.21
7800,0.7534705996513367,0.5462609529495239,1.0,1.21
7900,0.7534705996513367,0.5462609529495239,1.0,1.21
8000,0.7534705996513367,0.5462609529495239,1.0,1.21
8100,0.7534705996513367,0.5462609529495239,1.0,1.21
8200,0.7534705996513367,0.5462609529495239,1.0,1.21
8300,0.7534705996513367,0.5462609529495239,1.0,1.21
8400,0.7534705996513367,0.5462609529495239,1.0,1.21
8500,0.829152524471283,0.6365392208099365,1.0,1.21
8600,0.829152524471283,0.6365392208099365,1.0,1.21
8700,0.829152524471283,0.6365392208099365,1.0,1.21
8800,0.829152524471283,0.6365392208099365,1.0,1.21
8900,0.829152524471283,0.6365392208099365,1.0,1.21
9000,0.829152524471283,0.6365392208099365,1.0,1.21
9100,0.829152524471283,0.6365392208099365,1.0,1.21
9200,0.829152524471283,0.6365392208099365,1.0,1.21
9300,0.829152524471283,0.6365392208099365,1.0,1.21
9400,0.829152524471283,0.6365392208099365,1.0,1.21
9500,0.829152524471283,0.6365392208099365,1.0,1.21
9600,0.829152524471283,0.6365392208099365,1.0,1.21
9700,0.829152524471283,0.6365392208099365,1.0,1.21
9800,0.829152524471283,0.6365392208099365,1.0,1.21
9900,0.829152524471283,0.6365392208099365,1.0,1.21
10000,0.9246802926063538,0.8985774517059326,1.0,1.21
10100,0.9246802926063538,0.8985774517059326,1.0,1.21
10200,0.9246802926063538,0.8985774517059326,1.0,1.21
10300,0.9246802926063538,0.8985774517059326,1.0,1.21
10400,0.9246802926063538,0.8985774517059326,1.0,1.21
10500,0.9246802926063538,0.8985774517059326,1.0,1.21
10600,0.9246802926063538,0.8985774517059326,1.0,1.21
10700,0.9246802926063538,0.8985774517059326,1.0,1.21
10800,0.9246802926063538,0.8985774517059326,1.0,1.21
10900,0.9246802926063538,0.8985774517059326,1.0,1.21
11000,0.9246802926063538,0.8985774517059326,1.0,1.21
11100,0.9246802926063538,0.8985774517059326,1.0,1.21
11200,0.9246802926063538,0.8985774517059326,1.0,1.21
11300,0.9246802926063538,0.8985774517059326,1.0,1.21
11400,0.9246802926063538,0.8985774517059326,1.0,1.21
11500,0.9246802926063538,0.8985774517059326,1.0,1.21
11600,0.9246802926063538,0.8985774517059326,1.0,1.21
11700,0.9246802926063538,0.8985774517059326,1.0,1.21
11800,0.9246802926063538,0.8985774517059326,1.0,1.21
11900,0.9246802926063538,0.8985774517059326,1.0,1.21
12000,0.9246802926063538,0.8985774517059326,1.0,1.21
12100,0.9246802926063538,0.8985774517059326,1.0,1.21
12200,0.9246802926063538,0.8985774517059326,1.0,1.21
12300,0.9246802926063538,0.8985774517059326,1.0,1.21
12400,0.9246802926063538,0.8985774517059326,1.0,1.21
12500,0.9246802926063538,0.8985774517059326,1.0,1.21
12600,0.9246802926063538,0.8985774517059326,1.0,1.21
12700,0.9246802926063538,0.8985774517059326,1.0,1.21
12800,0.9246802926063538,0.8985774517059326,1.0,1.21
12900,0.9246802926063538,0.8985774517059326,1.0,1.21
13000,0.9246802926063538,0.8985774517059326,1.0,1.21
13100,0.9246802926063538,0.8985774517059326,1.0,1.21
13200,0.9246802926063538,0.8985774517059326,1.0,1.21
13300,0.9246802926063538,0.8985774517059326,1.0,1.21
13400,0.9246802926063538,0.8985774517059326,1.0,1.21
13500,0.9246802926063538,0.8985774517059326,1.0,1.21
13600,0.9246802926063538,0.8985774517059326,1.0,1.21
13700,0.9246802926063538,0.8985774517059326,1.0,1.21
13800,0.9246802926063538,0.8985774517059326,1.0,1.21
13900,0.9246802926063538,0.8985774517059326,1.0,1.21
14000,0.9246802926063538,0.8985774517059326,1.0,1.21
14100,0.9246802926063538,0.8985774517059326,1.0,1.21
14200,0.9246802926063538,0.8985774517059326,1.0,1.21
14300,0.9246802926063538,0.8985774517059326,1.0,1.21
14400,0.977544903755188,0.9715872406959534,1.0,1.21
14500,0.977544903755188,0.9715872406959534,1.0,1.21
14600,0.977544903755188,0.9715872406959534,1.0,1.21
14700,0.977544903755188,0.9715872406959534,1.0,1.21
14800,0.977544903755188,0.9715872406959534,1.0,1.21
14900,0.977544903755188,0.9715872406959534,1.0,1.21
15000,0.977544903755188,0.9715872406959534,1.0,1.21
15100,0.977544903755188,0.9715872406959534,1.0,1.21
15200,0.977544903755188,0.9715872406959534,1.0,1.21
15300,0.977544903755188,0.9715872406959534,1.0,1.21
15400,0.977544903755188,0.9715872406959534,1.0,1.21
15500,0.977544903755188,0.9715872406959534,1.0,1.21
15600,0.977544903755188,0.9715872406959534,1.0,1.21
15700,0.977544903755188,0.9715872406959534,1.0,1.21
15800,0.977544903755188,0.9715872406959534,1.0,1.21
15900,0.977544903755188,0.9715872406959534,1.0,1.21
16000,0.977544903755188,0.9715872406959534,1.0,1.21
16100,0.977544903755188,0.9715872406959534,1.0,1.21
16200,0.977544903755188,0.9715872406959534,1.0,1.21
16300,0.977544903755188,0.9715872406959534,1.0,1.21
16400,0.977544903755188,0.9715872406959534,1.0,1.21
16500,0.977544903755188,0.9715872406959534,1.0,1.21
16600,0.977544903755188,0.9715872406959534,1.0,1.21
16700,0.977544903755188,0.9715872406959534,1.0,1.21
16800,0.977544903755188,0.9715872406959534,1.0,1.21
16900,0.977544903755188,0.9715872406959534,1.0,1.21
17000,0.977544903755188,0.9715872406959534,1.0,1.21
17100,0.977544903755188,0.9715872406959534,1.0,1.21
17200,0.977544903755188,0.9715872406959534,1.0,1.21
17300,0.977544903755188,0.9715872406959534,1.0,1.21
17400,0.977544903755188,0.9715872406959534,1.0,1.21
17500,0.977544903755188,0.9715872406959534,1.0,1.21
17600,0.977544903755188,0.9715872406959534,1.0,1.21
17700,0.977544903755188,0.9715872406959534,1.0,1.21
17800,0.977544903755188,0.9715872406959534,1.0,1.21
17900,0.977544903755188,0.9715872406959534,1.0,1.21
18000,0.977544903755188,0.9715872406959534,1.0,1.21
18100,0.977544903755188,0.9715872406959534,1.0,1.21
18200,0.977544903755188,0.9715872406959534,1.0,1.21
18300,0.977544903755188,0.9715872406959534,1.0,1.21
18400,0.977544903755188,0.9715872406959534,1.0,1.21
18500,0.977544903755188,0.9715872406959534,1.0,1.21
18600,0.977544903755188,0.9715872406959534,1.0,1.21
18700,0.977544903755188,0.9715872406959534,1.0,1.21
18800,0.977544903755188,0.9715872406959534,1.0,1.21
18900,0.977544903755188,0.9715872406959534,1.0,1.21
19000,0.977544903755188,0.9715872406959534,1.0,1.21
19100,0.977544903755188,0.9715872406959534,1.0,1.21
19200,0.977544903755188,0.9715872406959534,1.0,1.21
19300,0.977544903755188,0.9715872406959534,1.0,1.21
19400,0.977544903755188,0.9715872406959534,1.0,1.21
19500,0.977544903755188,0.9715872406959534,1.0,1.21
19600,0.977544903755188,0.9715872406959534,1.0,1.21
19700,0.977544903755188,0.9715872406959534,1.0,1.21
19800,0.977544903755188,0.9715872406959534,1.0,1.21
19900,0.977544903755188,0.9715872406959534,1.0,1.21
20000,0.977544903755188,0.9715872406959534,1.0,1.21
20100,0.977544903755188,0.9715872406959534,1.0,1.21
20200,0.977544903755188,0.9715872406959534,1.0,1.21
20300,0.977544903755188,0.9715872406959534,1.0,1.21
20400,0.977544903755188,0.9715872406959534,1.0,1.21
20500,0.977544903755188,0.9715872406959534,1.0,1.21
20600,0.977544903755188,0.9715872406959534,1.0,1.21
20700,0.977544903755188,0.9715872406959534,1.0,1.21
20800,0.977544903755188,0.9715872406959534,1.0,1.21
20900,0.977544903755188,0.9715872406959534,1.0,1.21
21000,0.977544903755188,0.9715872406959534,1.0,1.21
21100,0.977544903755188,0.9715872406959534,1.0,1.21
21200,0.977544903755188,0.9715872406959534,1.0,1.21
21300,0.977544903755188,0.9715872406959534,1.0,1.21
21400,0.977544903755188,0.9715872406959534,1.0,1.21
21500,0.977544903755188,0.9715872406959534,1.0,1.21
21600,0.977544903755188,0.9715872406959534,1.0,1.21
21700,0.977544903755188,0.9715872406959534,1.0,1.21
21800,0.977544903755188,0.9715872406959534,1.0,1.21
21900,0.977544903755188,0.9715872406959534,1.0,1.21
22000,0.977544903755188,0.9715872406959534,1.0,1.21
22100,0.977544903755188,0.9715872406959534,1.0,1.21
22200,0.977544903755188,0.9715872406959534,1.0,1.21
22300,0.977544903755188,0.9715872406959534,1.0,1.21
22400,0.977544903755188,0.9715872406959534,1.0,1.21
22500,0.977544903755188,0.9715872406959534,1.0,1.21
22600,0.977544903755188,0.9715872406959534,1.0,1.21
22700,0.977544903755188,0.9715872406959534,1.0,1.21
22800,0.977544903755188,0.9715872406959534,1.0,1.21
22900,0.977544903755188,0.9715872406959534,1.0,1.21
23000,0.977544903755188,0.9715872406959534,1.0,1.21
23100,0.977544903755188,0.9715872406959534,1.0,1.21
23200,0.977544903755188,0.9715872406959534,1.0,1.21
23300,0.977544903755188,0.9715872406959534,1.0,1.21
23400,0.977544903755188,0.9715872406959534,1.0,1.21
23500,0.977544903755188,0.9715872406959534,1.0,1.21
23600,0.977544903755188,0.9715872406959534,1.0,1.21
23700,0.977544903755188,0.9715872406959534,1.0,1.21
23800,0.977544903755188,0.9715872406959534,1.0,1.21
23900,0.977544903755188,0.9715872406959534,1.0,1.21
24000,0.977544903755188,0.9715872406959534,1.0,1.21
24100,0.977544903755188,0.9715872406959534,1.0,1.21
24200,0.977544903755188,0.9715872406959534,1.0,1.21
24300,0.977544903755188,0.9715872406959534,1.0,1.21
24400,0.977544903755188,0.9715872406959534,1.0,1.21
24500,0.977544903755188,0.9715872406959534,1.0,1.21
24600,0.977544903755188,0.9715872406959534,1.0,1.21
24700,0.977544903755188,0.9715872406959534,1.0,1.21
24800,0.977544903755188,0.9715872406959534,1.0,1.21
24900,0.977544903755188,0.9715872406959534,1.0,1.21
25000,0.977544903755188,0.9715872406959534,1.0,1.21
25100,0.977544903755188,0.9715872406959534,1.0,1.21
25200,0.977544903755188,0.9715872406959534,1.0,1.21
25300,0.977544903755188,0.9715872406959534,1.0,1.21
25400,0.977544903755188,0.9715872406959534,1.0,1.21
25500,0.977544903755188,0.9715872406959534,1.0,1.21
25600,0.977544903755188,0.9715872406959534,1.0,1.21
25700,0.977544903755188,0.9715872406959534,1.0,1.21
25800,0.977544903755188,0.9715872406959534,1.0,1.21
25900,0.977544903755188,0.9715872406959534,1.0,1.21
26000,0.977544903755188,0.9715872406959534,1.0,1.21
26100,0.977544903755188,0.9715872406959534,1.0,1.21
26200,0.977544903755188,0.9715872406959534,1.0,1.21
26300,0.977544903755188,0.9715872406959534,1.0,1.21
26400,0.977544903755188,0.9715872406959534,1.0,1.21
26500,0.977544903755188,0.9715872406959534,1.0,1.21
26600,0.977544903755188,0.9715872406959534,1.0,1.21
26700,0.977544903755188,0.9715872406959534,1.0,1.21
26800,0.977544903755188,0.9715872406959534,1.0,1.21
26900,0.977544903755188,0.9715872406959534,1.0,1.21
27000,0.977544903755188,0.9715872406959534,1.0,1.21
27100,0.977544903755188,0.9715872406959534,1.0,1.21
27200,0.977544903755188,0.9715872406959534,1.0,1.21
27300,0.977544903755188,0.9715872406959534,1.0,1.21
27400,0.977544903755188,0.9715872406959534,1.0,1.21
27500,0.977544903755188,0.9715872406959534,1.0,1.21
27600,0.977544903755188,0.9715872406959534,1.0,1.21
27700,0.977544903755188,0.9715872406959534,1.0,1.21
27800,0.977544903755188,-9.436910629272461,1.0,1.17
27900,0.977544903755188,-9.436910629272461,1.0,1.17
28000,0.977544903755188,-9.436910629272461,1.0,1.17
28100,0.977544903755188,-9.436910629272461,1.0,1.17
28200,0.977544903755188,-9.436910629272461,1.0,1.17
28300,0.977544903755188,-9.436910629272461,1.0,1.17
28400,0.977544903755188,-9.436910629272461,1.0,1.17
28500,0.977544903755188,-9.436910629272461,1.0,1.17
28600,0.977544903755188,-9.436910629272461,1.0,1.17
28700,0.977544903755188,-9.436910629272461,1.0,1.17
28800,0.977544903755188,-9.436910629272461,1.0,1.17
28900,0.977544903755188,-9.436910629272461,1.0,1.17
29000,0.977544903755188,-9.436910629272461,1.0,1.17
29100,0.977544903755188,-9.436910629272461,1.0,1.17
29200,0.977544903755188,-9.436910629272461,1.0,1.17
29300,0.977544903755188,-9.436910629272461,1.0,1.17
29400,0.977544903755188,-9.436910629272461,1.0,1.17
29500,0.977544903755188,-9.436910629272461,1.0,1.17
29600,0.977544903755188,-9.436910629272461,1.0,1.17
29700,0.977544903755188,-9.436910629272461,1.0,1.17
29800,0.977544903755188,-9.436910629272461,1.0,1.17
29900,0.977544903755188,-9.436910629272461,1.0,1.17
30000,0.977544903755188,-9.436910629272461,1.0,1.17
30100,0.977544903755188,-9.436910629272461,1.0,1.17
30200,0.977544903755188,-9.436910629272461,1.0,1.17
30300,0.977544903755188,-9.436910629272461,1.0,1.17
30400,0.977544903755188,-9.436910629272461,1.0,1.17
30500,0.977544903755188,-9.436910629272461,1.0,1.17
30600,0.977544903755188,-9.436910629272461,1.0,1.17
30700,0.977544903755188,-9.436910629272461,1.0,1.17
30800,0.977544903755188,-9.436910629272461,1.0,1.17
30900,0.977544903755188,-9.436910629272461,1.0,1.17
31000,0.977544903755188,-9.436910629272461,1.0,1.17
31100,0.977544903755188,-9.436910629272461,1.0,1.17
31200,0.977544903755188,-9.436910629272461,1.0,1.17
31300,0.977544903755188,-9.436910629272461,1.0,1.17
31400,0.977544903755188,-9.436910629272461,1.0,1.17
31500,0.977544903755188,-9.436910629272461,1.0,1.17
31600,0.977544903755188,-9.436910629272461,1.0,1.17
31700,0.977544903755188,-9.436910629272461,1.0,1.17
31800,0.977544903755188,-9.436910629272461,1.0,1.17
31900,0.977544903755188,-9.436910629272461,1.0,1.17
32000,0.977544903755188,-9.436910629272461,1.0,1.17
32100,0.977544903755188,-9.436910629272461,1.0,1.17
32200,0.977544903755188,-9.436910629272461,1.0,1.17
32300,0.977544903755188,-9.436910629272461,1.0,1.17
32400,0.977544903755188,-9.436910629272461,1.0,1.17
32500,0.977544903755188,-9.436910629272461,1.0,1.17
32600,0.977544903755188,-9.436910629272461,1.0,1.17
32700,0.977544903755188,-9.436910629272461,1.0,1.17
32800,0.977544903755188,-9.436910629272461,1.0,1.17
32900,0.977544903755188,-9.436910629272461,1.0,1.17
33000,0.977544903755188,-9.436910629272461,1.0,1.17
33100,0.977544903755188,-9.436910629272461,1.0,1.17
33200,0.977544903755188,-9.436910629272461,1.0,1.17
33300,0.977544903755188,-9.436910629272461,1.0,1.17
33400,0.977544903755188,-9.436910629272461,1.0,1.17
33500,0.977544903755188,-9.436910629272461,1.0,1.17
33600,0.977544903755188,-9.436910629272461,1.0,1.17
33700,0.977544903755188,-9.436910629272461,1.0,1.17
33800,0.977544903755188,-9.436910629272461,1.0,1.17
33900,0.977544903755188,-9.436910629272461,1.0,1.17
34000,0.977544903755188,-9.436910629272461,1.0,1.17
34100,0.977544903755188,-9.436910629272461,1.0,1.17
34200,0.977544903755188,-9.436910629272461,1.0,1.17
34300,0.977544903755188,-9.436910629272461,1.0,1.17
34400,0.977544903755188,-9.436910629272461,1.0,1.17
34500,0.977544903755188,-9.436910629272461,1.0,1.17
34600,0.977544903755188,-9.436910629272461,1.0,1.17
34700,0.977544903755188,-9.436910629272461,1.0,1.17
34800,0.977544903755188,-9.436910629272461,1.0,1.17
34900,0.977544903755188,-9.436910629272461,1.0,1.17
35000,0.977544903755188,-9.436910629272461,1.0,1.17
35100,0.977544903755188,-9.436910629272461,1.0,1.17
35200,0.977544903755188,-9.436910629272461,1.0,1.17
35300,0.977544903755188,-9.436910629272461,1.0,1.17
35400,0.977544903755188,-9.436910629272461,1.0,1.17
35500,0.977544903755188,-9.436910629272461,1.0,1.17
35600,0.977544903755188,-9.436910629272461,1.0,1.17
35700,0.977544903755188,-9.436910629272461,1.0,1.17
35800,0.977544903755188,-9.436910629272461,1.0,1.17
35900,0.977544903755188,-9.436910629272461,1.0,1.17
36000,0.977544903755188,-9.436910629272461,1.0,1.17
36100,0.977544903755188,-9.436910629272461,1.0,1.17
36200,0.977544903755188,-9.436910629272461,1.0,1.17
36300,0.977544903755188,-9.436910629272461,1.0,1.17
36400,0.977544903755188,-9.436910629272461,1.0,1.17
36500,0.977544903755188,-9.436910629272461,1.0,1.17
36600,0.977544903755188,-9.436910629272461,1.0,1.17
36700,0.977544903755188,-9.436910629272461,1.0,1.17
36800,0.977544903755188,-9.436910629272461,1.0,1.17
36900,0.977544903755188,-9.436910629272461,1.0,1.17
37000,0.977544903755188,-9.436910629272461,1.0,1.17
37100,0.977544903755188,-9.436910629272461,1.0,1.17
37200,0.977544903755188,-9.436910629272461,1.0,1.17
37300,0.977544903755188,-9.436910629272461,1.0,1.17
37400,0.977544903755188,-9.436910629272461,1.0,1.17
37500,0.977544903755188,-9.436910629272461,1.0,1.17
37600,0.977544903755188,-9.436910629272461,1.0,1.17
37700,0.977544903755188,-9.436910629272461,1.0,1.17
37800,0.977544903755188,-9.436910629272461,1.0,1.17
37900,0.977544903755188,-9.436910629272461,1.0,1.17
38000,0.977544903755188,-9.436910629272461,1.0,1.17
38100,0.977544903755188,-9.436910629272461,1.0,1.17
38200,0.977544903755188,-9.436910629272461,1.0,1.17
38300,0.977544903755188,-9.436910629272461,1.0,1.17
38400,0.977544903755188,-9.436910629272461,1.0,1.17
38500,0.977544903755188,-9.436910629272461,1.0,1.17
38600,0.977544903755188,-9.436910629272461,1.0,1.17
38700,0.977544903755188,-9.436910629272461,1.0,1.17
38800,0.977544903755188,-9.436910629272461,1.0,1.17
38900,0.977544903755188,-9.436910629272461,1.0,1.17
39000,0.977544903755188,-9.436910629272461,1.0,1.17
39100,0.977544903755188,-9.436910629272461,1.0,1.17
39200,0.977544903755188,-9.436910629272461,1.0,1.17
39300,0.977544903755188,-9.436910629272461,1.0,1.17
39400,0.977544903755188,-9.436910629272461,1.0,1.17
39500,0.977544903755188,-9.436910629272461,1.0,1.17
39600,0.977544903755188,-9.436910629272461,1.0,1.17
39700,0.977544903755188,-9.436910629272461,1.0,1.17
39800,0.977544903755188,-9.436910629272461,1.0,1.17
39900,0.977544903755188,-9.436910629272461,1.0,1.17
40000,0.977544903755188,-9.436910629272461,1.0,1.17
40100,0.977544903755188,-9.436910629272461,1.0,1.17
40200,0.977544903755188,-9.436910629272461,1.0,1.17
40300,0.977544903755188,-9.436910629272461,1.0,1.17
40400,0.977544903755188,-9.436910629272461,1.0,1.17
40500,0.977544903755188,-9.436910629272461,1.0,1.17
40600,0.977544903755188,-9.436910629272461,1.0,1.17
40700,0.977544903755188,-9.436910629272461,1.0,1.17
40800,0.977544903755188,-9.436910629272461,1.0,1.17
40900,0.977544903755188,-9.436910629272461,1.0,1.17
41000,0.977544903755188,-9.436910629272461,1.0,1.17
41100,0.977544903755188,-9.436910629272461,1.0,1.17
41200,0.977544903755188,-9.436910629272461,1.0,1.17
41300,0.977544903755188,-9.436910629272461,1.0,1.17
41400,0.977544903755188,-9.436910629272461,1.0,1.17
41500,0.977544903755188,-9.436910629272461,1.0,1.17
41600,0.977544903755188,-9.436910629272461,1.0,1.17
41700,0.977544903755188,-9.436910629272461,1.0,1.17
41800,0.977544903755188,-9.436910629272461,1.0,1.17
41900,0.977544903755188,-9.436910629272461,1.0,1.17
42000,0.977544903755188,-9.436910629272461,1.0,1.17
42100,0.977544903755188,-9.436910629272461,1.0,1.17
42200,0.977544903755188,-9.436910629272461,1.0,1.17
42300,0.977544903755188,-9.436910629272461,1.0,1.17
42400,0.977544903755188,-9.436910629272461,1.0,1.17
42500,0.977544903755188,-9.436910629272461,1.0,1.17
42600,0.977544903755188,-9.436910629272461,1.0,1.17
42700,0.977544903755188,-9.436910629272461,1.0,1.17
42800,0.977544903755188,-9.436910629272461,1.0,1.17
42900,0.977544903755188,-9.436910629272461,1.0,1.17
43000,0.977544903755188,-9.436910629272461,1.0,1.17
43100,0.977544903755188,-9.436910629272461,1.0,1.17
43200,0.977544903755188,-9.436910629272461,1.0,1.17
43300,0.977544903755188,-9.436910629272461,1.0,1.17
43400,0.977544903755188,-9.436910629272461,1.0,1.17
43500,0.977544903755188,-9.436910629272461,1.0,1.17
43600,0.977544903755188,-9.436910629272461,1.0,1.17
43700,0.977544903755188,-9.436910629272461,1.0,1.17
43800,0.977544903755188,-9.436910629272461,1.0,1.17
43900,0.977544903755188,-9.436910629272461,1.0,1.17
44000,0.977544903755188,-9.436910629272461,1.0,1.17
44100,0.977544903755188,-9.436910629272461,1.0,1.17
44200,0.977544903755188,-9.436910629272461,1.0,1.17
44300,0.977544903755188,-9.436910629272461,1.0,1.17
44400,0.977544903755188,-9.436910629272461,1.0,1.17
44500,0.977544903755188,-9.436910629272461,1.0,1.17
44600,0.977544903755188,-9.436910629272461,1.0,1.17
44700,0.977544903755188,-9.436910629272461,1.0,1.17
44800,0.977544903755188,-9.436910629272461,1.0,1.17
44900,0.977544903755188,-9.436910629272461,1.0,1.17
45000,0.977544903755188,-9.436910629272461,1.0,1.17
45100,0.977544903755188,-9.436910629272461,1.0,1.17
45200,0.977544903755188,-9.436910629272461,1.0,1.17
45300,0.977544903755188,-9.436910629272461,1.0,1.17
45400,0.977544903755188,-9.436910629272461,1.0,1.17
45500,0.977544903755188,-9.436910629272461,1.0,1.17
45600,0.977544903755188,-9.436910629272461,1.0,1.17
45700,0.977544903755188,-9.436910629272461,1.0,1.17
45800,0.977544903755188,-9.436910629272461,1.0,1.17
45900,0.977544903755188,-9.436910629272461,1.0,1.17
46000,0.977544903755188,-9.436910629272461,1.0,1.17
46100,0.977544903755188,-9.436910629272461,1.0,1.17
46200,0.977544903755188,-9.436910629272461,1.0,1.17
46300,0.977544903755188,-9.436910629272461,1.0,1.17
46400,0.977544903755188,-9.436910629272461,1.0,1.17
46500,0.977544903755188,-9.436910629272461,1.0,1.17
46600,0.977544903755188,-9.436910629272461,1.0,1.17
46700,0.977544903755188,-9.436910629272461,1.0,1.17
46800,0.977544903755188,-9.436910629272461,1.0,1.17
46900,0.977544903755188,-9.436910629272461,1.0,1.17
47000,0.977544903755188,-9.436910629272461,1.0,1.17
47100,0.977544903755188,-9.436910629272461,1.0,1.17
47200,0.977544903755188,-9.436910629272461,1.0,1.17
47300,0.977544903755188,-9.436910629272461,1.0,1.17
47400,0.977544903755188,-9.436910629272461,1.0,1.17
47500,0.977544903755188,-9.436910629272461,1.0,1.17
47600,0.977544903755188,-9.436910629272461,1.0,1.17
47700,0.977544903755188,-9.436910629272461,1.0,1.17
47800,0.977544903755188,-9.436910629272461,1.0,1.17
47900,0.977544903755188,-9.436910629272461,1.0,1.17
48000,0.977544903755188,-9.436910629272461,1.0,1.17
48100,0.977544903755188,-9.436910629272461,1.0,1.17
48200,0.977544903755188,-9.436910629272461,1.0,1.17
48300,0.977544903755188,-9.436910629272461,1.0,1.17
48400,0.977544903755188,-9.436910629272461,1.0,1.17
48500,0.977544903755188,-9.436910629272461,1.0,1.17
48600,0.977544903755188,-9.436910629272461,1.0,1.17
48700,0.977544903755188,-9.436910629272461,1.0,1.17
48800,0.977544903755188,-9.436910629272461,1.0,1.17
48900,0.977544903755188,-9.436910629272461,1.0,1.17
49000,0.977544903755188,-9.436910629272461,1.0,1.17
49100,0.977544903755188,-9.436910629272461,1.0,1.17
49200,0.977544903755188,-9.436910629272461,1.0,1.17
49300,0.977544903755188,-9.436910629272461,1.0,1.17
49400,0.977544903755188,-9.436910629272461,1.0,1.17
49500,0.977544903755188,-9.436910629272461,1.0,1.17
49600,0.977544903755188,-9.436910629272461,1.0,1.17
49700,0.977544903755188,-9.436910629272461,1.0,1.17
49800,0.977544903755188,-9.436910629272461,1.0,1.17
49900,0.977544903755188,-9.436910629272461,1.0,1.17
50000,0.977544903755188,-9.436910629272461,1.0,1.17
50100,0.977544903755188,-9.436910629272461,1.0,1.17
50200,0.977544903755188,-9.436910629272461,1.0,1.17
50300,0.977544903755188,-9.436910629272461,1.0,1.17
50400,0.977544903755188,-9.436910629272461,1.0,1.17
50500,0.977544903755188,-9.436910629272461,1.0,1.17
50600,0.977544903755188,-9.436910629272461,1.0,1.17
50700,0.977544903755188,-9.436910629272461,1.0,1.17
50800,0.977544903755188,-9.436910629272461,1.0,1.17
50900,0.977544903755188,-9.436910629272461,1.0,1.17
51000,0.977544903755188,-9.436910629272461,1.0,1.17
51100,0.977544903755188,-9.436910629272461,1.0,1.17
51200,0.977544903755188,-9.436910629272461,1.0,1.17
51300,0.977544903755188,-9.436910629272461,1.0,1.17
51400,0.977544903755188,-9.436910629272461,1.0,1.17
51500,0.977544903755188,-9.436910629272461,1.0,1.17
51600,0.977544903755188,-9.436910629272461,1.0,1.17
51700,0.977544903755188,-9.436910629272461,1.0,1.17
51800,0.977544903755188,-9.436910629272461,1.0,1.17
51900,0.977544903755188,-9.436910629272461,1.0,1.17
52000,0.977544903755188,-9.436910629272461,1.0,1.17
52100,0.977544903755188,-9.436910629272461,1.0,1.17
52200,0.977544903755188,-9.436910629272461,1.0,1.17
52300,0.977544903755188,-9.436910629272461,1.0,1.17
52400,0.977544903755188,-9.436910629272461,1.0,1.17
52500,0.977544903755188,-9.436910629272461,1.0,1.17
52600,0.977544903755188,-9.436910629272461,1.0,1.17
52700,0.977544903755188,-9.436910629272461,1.0,1.17
52800,0.977544903755188,-9.436910629272461,1.0,1.17
52900,0.977544903755188,-9.436910629272461,1.0,1.17
53000,0.977544903755188,-9.436910629272461,1.0,1.17
53100,0.977544903755188,-9.436910629272461,1.0,1.17
53200,0.977544903755188,-9.436910629272461,1.0,1.17
53300,0.977544903755188,-9.436910629272461,1.0,1.17
53400,0.977544903755188,-9.436910629272461,1.0,1.17
53500,0.977544903755188,-9.436910629272461,1.0,1.17
53600,0.977544903755188,-9.436910629272461,1.0,1.17
53700,0.977544903755188,-9.436910629272461,1.0,1.17
53800,0.977544903755188,-9.436910629272461,1.0,1.17
53900,0.977544903755188,-9.436910629272461,1.0,1.17
54000,0.977544903755188,-9.436910629272461,1.0,1.17
54100,0.977544903755188,-9.436910629272461,1.0,1.17
54200,0.977544903755188,-9.436910629272461,1.0,1.17
54300,0.977544903755188,-9.436910629272461,1.0,1.17
54400,0.977544903755188,-9.436910629272461,1.0,1.17
54500,0.977544903755188,-9.436910629272461,1.0,1.17
54600,0.977544903755188,-9.436910629272461,1.0,1.17
54700,0.977544903755188,-9.436910629272461,1.0,1.17
54800,0.977544903755188,-9.436910629272461,1.0,1.17
54900,0.977544903755188,-9.436910629272461,1.0,1.17
55000,0.977544903755188,-9.436910629272461,1.0,1.17
55100,0.977544903755188,-9.436910629272461,1.0,1.17
55200,0.977544903755188,-9.436910629272461,1.0,1.17
55300,0.977544903755188,-9.436910629272461,1.0,1.17
55400,0.977544903755188,-9.436910629272461,1.0,1.17
55500,0.977544903755188,-9.436910629272461,1.0,1.17
72949,0.977544903755188,0.9715872406959534,1.0,1.17
73049,0.977544903755188,0.9715872406959534,1.0,1.17
73149,0.977544903755188,0.9715872406959534,1.0,1.17
73249,0.977544903755188,0.9715872406959534,1.0,1.17
73349,0.977544903755188,0.9715872406959534,1.0,1.17
73449,0.977544903755188,0.9715872406959534,1.0,1.17
73549,0.977544903755188,0.9715872406959534,1.0,1.17
73649,0.977544903755188,0.9715872406959534,1.0,1.17
73749,0.977544903755188,0.9715872406959534,1.0,1.17
73849,0.977544903755188,0.9715872406959534,1.0,1.17
73949,0.977544903755188,0.9715872406959534,1.0,1.17
74049,0.977544903755188,0.9715872406959534,1.0,1.17
74149,0.977544903755188,0.9715872406959534,1.0,1.17
74249,0.977544903755188,0.9715872406959534,1.0,1.17
74349,0.977544903755188,0.9715872406959534,1.0,1.17
74449,0.977544903755188,0.9715872406959534,1.0,1.17
74549,0.977544903755188,0.9715872406959534,1.0,1.17
74649,0.977544903755188,0.9715872406959534,1.0,1.17
74749,0.977544903755188,0.9715872406959534,1.0,1.17
74849,0.977544903755188,0.9715872406959534,1.0,1.17
74949,0.977544903755188,0.9715872406959534,1.0,1.17
75049,0.977544903755188,0.9715872406959534,1.0,1.17
75149,0.977544903755188,0.9715872406959534,1.0,1.17
75249,0.977544903755188,0.9715872406959534,1.0,1.17
75349,0.977544903755188,0.9715872406959534,1.0,1.17
75449,0.977544903755188,0.9715872406959534,1.0,1.17
75549,0.977544903755188,0.9715872406959534,1.0,1.17
75649,0.977544903755188,0.9715872406959534,1.0,1.17
75749,0.977544903755188,0.9715872406959534,1.0,1.17
75849,0.977544903755188,0.9715872406959534,1.0,1.17
75949,0.977544903755188,0.9715872406959534,1.0,1.17
76049,0.977544903755188,0.9715872406959534,1.0,1.17
76149,0.977544903755188,0.9715872406959534,1.0,1.17
76249,0.977544903755188,0.9715872406959534,1.0,1.17
76349,0.977544903755188,0.9715872406959534,1.0,1.17
76449,0.977544903755188,0.9715872406959534,1.0,1.17
76549,0.977544903755188,0.9715872406959534,1.0,1.17
76649,0.977544903755188,0.9715872406959534,1.0,1.17
76749,0.977544903755188,0.9715872406959534,1.0,1.17
76849,0.977544903755188,0.9715872406959534,1.0,1.17
76949,0.977544903755188,0.9715872406959534,1.0,1.17
77049,0.977544903755188,0.9715872406959534,1.0,1.17
77149,0.977544903755188,0.9715872406959534,1.0,1.17
77249,0.977544903755188,0.9715872406959534,1.0,1.17
77349,0.977544903755188,0.9715872406959534,1.0,1.17
77449,0.977544903755188,0.9715872406959534,1.0,1.17
77549,0.977544903755188,0.9715872406959534,1.0,1.17
77649,0.977544903755188,0.9715872406959534,1.0,1.17
77749,0.977544903755188,0.9715872406959534,1.0,1.17
77849,0.977544903755188,0.9715872406959534,1.0,1.17
77949,0.977544903755188,0.9715872406959534,1.0,1.17
78049,0.977544903755188,0.9715872406959534,1.0,1.17
78149,0.977544903755188,0.9715872406959534,1.0,1.17
78249,0.977544903755188,0.9715872406959534,1.0,1.17
78349,0.977544903755188,0.9715872406959534,1.0,1.17
78449,0.977544903755188,0.9715872406959534,1.0,1.17
78549,0.977544903755188,0.9715872406959534,1.0,1.17
78649,0.977544903755188,0.9715872406959534,1.0,1.17
78749,0.977544903755188,0.9715872406959534,1.0,1.17
78849,0.977544903755188,0.9715872406959534,1.0,1.17
78949,0.977544903755188,0.9715872406959534,1.0,1.17
79049,0.977544903755188,0.9715872406959534,1.0,1.17
79149,0.977544903755188,0.9715872406959534,1.0,1.17
79249,0.977544903755188,0.9715872406959534,1.0,1.17
79349,0.977544903755188,0.9715872406959534,1.0,1.17
79449,0.977544903755188,0.9715872406959534,1.0,1.17
79549,0.977544903755188,0.9715872406959534,1.0,1.17
79649,0.977544903755188,0.9715872406959534,1.0,1.17
79749,0.977544903755188,0.9715872406959534,1.0,1.17
79849,0.977544903755188,0.9715872406959534,1.0,1.17
79949,0.977544903755188,0.9715872406959534,1.0,1.17
80049,0.977544903755188,0.9715872406959534,1.0,1.17
80149,0.977544903755188,0.9715872406959534,1.0,1.17
80249,0.977544903755188,0.9715872406959534,1.0,1.17
80349,0.977544903755188,0.9715872406959534,1.0,1.17
80449,0.977544903755188,0.9715872406959534,1.0,1.17
80549,0.977544903755188,0.9715872406959534,1.0,1.17
80649,0.977544903755188,0.9715872406959534,1.0,1.17
80749,0.977544903755188,0.9715872406959534,1.0,1.17
80849,0.977544903755188,0.9715872406959534,1.0,1.17
80949,0.977544903755188,0.9715872406959534,1.0,1.17
81049,0.977544903755188,0.9715872406959534,1.0,1.17
81149,0.977544903755188,0.9715872406959534,1.0,1.17
81249,0.977544903755188,0.9715872406959534,1.0,1.17
81349,0.977544903755188,0.9715872406959534,1.0,1.17
81449,0.977544903755188,0.9715872406959534,1.0,1.17
81549,0.977544903755188,0.9715872406959534,1.0,1.17
81649,0.977544903755188,0.9715872406959534,1.0,1.17
81749,0.977544903755188,0.9715872406959534,1.0,1.17
81849,0.977544903755188,0.9715872406959534,1.0,1.17
81949,0.977544903755188,0.9715872406959534,1.0,1.17
82049,0.977544903755188,0.9715872406959534,1.0,1.17
82149,0.977544903755188,0.9715872406959534,1.0,1.17
82249,0.977544903755188,0.9715872406959534,1.0,1.17
82349,0.977544903755188,0.9715872406959534,1.0,1.17
82449,0.977544903755188,0.9715872406959534,1.0,1.17
82549,0.977544903755188,0.9715872406959534,1.0,1.17
82649,0.977544903755188,0.9715872406959534,1.0,1.17
82749,0.977544903755188,0.9715872406959534,1.0,1.17
82849,0.977544903755188,0.9715872406959534,1.0,1.17
82949,0.977544903755188,0.9715872406959534,1.0,1.17
83049,0.977544903755188,0.9715872406959534,1.0,1.17
83149,0.977544903755188,0.9715872406959534,1.0,1.17
83249,0.977544903755188,0.9715872406959534,1.0,1.17
83349,0.977544903755188,0.9715872406959534,1.0,1.17
83449,0.977544903755188,0.9715872406959534,1.0,1.17
83549,0.977544903755188,0.9715872406959534,1.0,1.17
83649,0.977544903755188,0.9715872406959534,1.0,1.17
83749,0.977544903755188,0.9715872406959534,1.0,1.17
83849,0.977544903755188,0.9715872406959534,1.0,1.17
83949,0.977544903755188,0.9715872406959534,1.0,1.17
84049,0.977544903755188,0.9715872406959534,1.0,1.17
84149,0.977544903755188,0.9715872406959534,1.0,1.17
84249,0.977544903755188,0.9715872406959534,1.0,1.17
84349,0.977544903755188,0.9715872406959534,1.0,1.17
84449,0.977544903755188,0.9715872406959534,1.0,1.17
84549,0.977544903755188,0.9715872406959534,1.0,1.17
84649,0.977544903755188,0.9715872406959534,1.0,1.17
84749,0.977544903755188,0.9715872406959534,1.0,1.17
84849,0.977544903755188,0.9715872406959534,1.0,1.17
84949,0.977544903755188,0.9715872406959534,1.0,1.17
85049,0.977544903755188,0.9715872406959534,1.0,1.17
85149,0.977544903755188,0.9715872406959534,1.0,1.17
85249,0.977544903755188,0.9715872406959534,1.0,1.17
85349,0.977544903755188,0.9715872406959534,1.0,1.17
85449,0.977544903755188,0.9715872406959534,1.0,1.17
85549,0.977544903755188,0.9715872406959534,1.0,1.17
85649,0.977544903755188,0.9715872406959534,1.0,1.17
85749,0.977544903755188,0.9715872406959534,1.0,1.17
85849,0.977544903755188,0.9715872406959534,1.0,1.17
85949,0.977544903755188,0.9715872406959534,1.0,1.17
86049,0.977544903755188,0.9715872406959534,1.0,1.17
86149,0.977544903755188,0.9715872406959534,1.0,1.17
86249,0.977544903755188,0.9715872406959534,1.0,1.17
86349,0.977544903755188,0.9715872406959534,1.0,1.17
86449,0.977544903755188,0.9715872406959534,1.0,1.17
86549,0.977544903755188,0.9715872406959534,1.0,1.17
86649,0.977544903755188,0.9715872406959534,1.0,1.17
86749,0.977544903755188,0.9715872406959534,1.0,1.17
86849,0.977544903755188,0.9715872406959534,1.0,1.17
86949,0.977544903755188,0.9715872406959534,1.0,1.17
87049,0.977544903755188,0.9715872406959534,1.0,1.17
87149,0.977544903755188,0.9715872406959534,1.0,1.17
87249,0.977544903755188,0.9715872406959534,1.0,1.17
87349,0.977544903755188,0.9715872406959534,1.0,1.17
87449,0.977544903755188,0.9715872406959534,1.0,1.17
87549,0.977544903755188,0.9715872406959534,1.0,1.17
87649,0.977544903755188,0.9715872406959534,1.0,1.17
87749,0.977544903755188,0.9715872406959534,1.0,1.17
87849,0.977544903755188,0.9715872406959534,1.0,1.17
87949,0.977544903755188,0.9715872406959534,1.0,1.17
88049,0.977544903755188,0.9715872406959534,1.0,1.17
88149,0.977544903755188,0.9715872406959534,1.0,1.17
88249,0.977544903755188,0.9715872406959534,1.0,1.17
88349,0.977544903755188,0.9715872406959534,1.0,1.17
88449,0.977544903755188,0.9715872406959534,1.0,1.17
88549,0.977544903755188,0.9715872406959534,1.0,1.17
88649,0.977544903755188,0.9715872406959534,1.0,1.17
88749,0.977544903755188,0.9715872406959534,1.0,1.17
88849,0.977544903755188,0.9715872406959534,1.0,1.17
88949,0.977544903755188,0.9715872406959534,1.0,1.17
89049,0.977544903755188,0.9715872406959534,1.0,1.17
89149,0.977544903755188,0.9715872406959534,1.0,1.17
89249,0.977544903755188,0.9715872406959534,1.0,1.17
89349,0.977544903755188,0.9715872406959534,1.0,1.17
89449,0.977544903755188,0.9715872406959534,1.0,1.17
89549,0.977544903755188,0.9715872406959534,1.0,1.17
89649,0.9780306816101074,0.973176896572113,1.0,1.17
89749,0.9780306816101074,0.973176896572113,1.0,1.17
89849,0.9780306816101074,0.973176896572113,1.0,1.17
89949,0.9780306816101074,0.973176896572113,1.0,1.17
90049,0.9780306816101074,0.973176896572113,1.0,1.17
90149,0.9780306816101074,0.973176896572113,1.0,1.17
90249,0.9780306816101074,0.973176896572113,1.0,1.17
90349,0.9780306816101074,0.973176896572113,1.0,1.17
90449,0.9780306816101074,0.973176896572113,1.0,1.17
90549,0.9780306816101074,0.973176896572113,1.0,1.17
90649,0.9780306816101074,0.973176896572113,1.0,1.17
90749,0.9780306816101074,0.973176896572113,1.0,1.17
90849,0.9780306816101074,0.973176896572113,1.0,1.17
90949,0.9780306816101074,0.973176896572113,1.0,1.17
91049,0.9780306816101074,0.973176896572113,1.0,1.17
91149,0.9780306816101074,0.973176896572113,1.0,1.17
91249,0.9780306816101074,0.973176896572113,1.0,1.17
91349,0.9780306816101074,0.973176896572113,1.0,1.17
91449,0.9780306816101074,0.973176896572113,1.0,1.17
91549,0.9780306816101074,0.973176896572113,1.0,1.17
91649,0.9780306816101074,0.973176896572113,1.0,1.17
91749,0.9780306816101074,0.973176896572113,1.0,1.17
91849,0.9780306816101074,0.973176896572113,1.0,1.17
91949,0.9780306816101074,0.973176896572113,1.0,1.17
92049,0.9780306816101074,0.973176896572113,1.0,1.17
92149,0.9780306816101074,0.973176896572113,1.0,1.17
92249,0.9780306816101074,0.973176896572113,1.0,1.17
92349,0.9780306816101074,0.973176896572113,1.0,1.17
92449,0.9780306816101074,0.973176896572113,1.0,1.17
92549,0.9780306816101074,0.973176896572113,1.0,1.17
92649,0.9780306816101074,0.973176896572113,1.0,1.17
92749,0.9780306816101074,0.973176896572113,1.0,1.17
92849,0.9780306816101074,0.973176896572113,1.0,1.17
92949,0.9780306816101074,0.973176896572113,1.0,1.17
93049,0.9780306816101074,0.973176896572113,1.0,1.17
93149,0.9780306816101074,0.973176896572113,1.0,1.17
93249,0.9780306816101074,0.973176896572113,1.0,1.17
93349,0.9780306816101074,0.973176896572113,1.0,1.17
93449,0.9780306816101074,0.973176896572113,1.0,1.17
93549,0.9780306816101074,0.973176896572113,1.0,1.17
93649,0.9780306816101074,0.973176896572113,1.0,1.17
93749,0.9780306816101074,0.973176896572113,1.0,1.17
93849,0.9780306816101074,0.973176896572113,1.0,1.17
93949,0.9780306816101074,0.973176896572113,1.0,1.17
94049,0.9780306816101074,0.973176896572113,1.0,1.17
94149,0.9780306816101074,0.973176896572113,1.0,1.17
94249,0.9780306816101074,0.973176896572113,1.0,1.17
94349,0.9780306816101074,0.973176896572113,1.0,1.17
94449,0.9780306816101074,0.973176896572113,1.0,1.17
94549,0.9780306816101074,0.973176896572113,1.0,1.17
94649,0.9780306816101074,0.973176896572113,1.0,1.17
94749,0.9780306816101074,0.973176896572113,1.0,1.17
94849,0.9780306816101074,0.973176896572113,1.0,1.17
94949,0.9780306816101074,0.973176896572113,1.0,1.17
95049,0.9780306816101074,0.973176896572113,1.0,1.17
95149,0.9780306816101074,0.973176896572113,1.0,1.17
95249,0.9780306816101074,0.973176896572113,1.0,1.17
95349,0.9780306816101074,0.973176896572113,1.0,1.17
95449,0.9780306816101074,0.973176896572113,1.0,1.17
95549,0.9780306816101074,0.973176896572113,1.0,1.17
95649,0.9780306816101074,0.973176896572113,1.0,1.17
95749,0.9780306816101074,0.973176896572113,1.0,1.17
95849,0.9780306816101074,0.973176896572113,1.0,1.17
95949,0.9780306816101074,0.973176896572113,1.0,1.17
96049,0.9780306816101074,0.973176896572113,1.0,1.17
96149,0.9780306816101074,0.973176896572113,1.0,1.17
96249,0.9780306816101074,0.973176896572113,1.0,1.17
96349,0.9780306816101074,0.973176896572113,1.0,1.17
96449,0.9780306816101074,0.973176896572113,1.0,1.17
96549,0.9780306816101074,0.973176896572113,1.0,1.17
96649,0.9780306816101074,0.973176896572113,1.0,1.17
96749,0.9780306816101074,0.973176896572113,1.0,1.17
96849,0.9780306816101074,0.973176896572113,1.0,1.17
96949,0.9780306816101074,0.973176896572113,1.0,1.17
97049,0.9780306816101074,0.973176896572113,1.0,1.17
97149,0.9780306816101074,0.973176896572113,1.0,1.17
97249,0.9780306816101074,0.973176896572113,1.0,1.17
97349,0.9780306816101074,0.973176896572113,1.0,1.17
97449,0.9780306816101074,0.973176896572113,1.0,1.17
97549,0.9780306816101074,0.973176896572113,1.0,1.17
97649,0.9780306816101074,0.973176896572113,1.0,1.17
97749,0.9780306816101074,0.973176896572113,1.0,1.17
97849,0.9780306816101074,0.973176896572113,1.0,1.17
97949,0.9780306816101074,0.973176896572113,1.0,1.17
98049,0.9780306816101074,0.973176896572113,1.0,1.17
98149,0.9780306816101074,0.973176896572113,1.0,1.17
98249,0.9780306816101074,0.973176896572113,1.0,1.17
98349,0.9780306816101074,0.973176896572113,1.0,1.17
98449,0.9780306816101074,0.973176896572113,1.0,1.17
98549,0.9780306816101074,0.973176896572113,1.0,1.17
98649,0.9780306816101074,0.973176896572113,1.0,1.17
98749,0.9780306816101074,0.973176896572113,1.0,1.17
98849,0.9780306816101074,0.973176896572113,1.0,1.17
98949,0.9780306816101074,0.973176896572113,1.0,1.17
99049,0.9780306816101074,0.973176896572113,1.0,1.17
99149,0.9780306816101074,0.973176896572113,1.0,1.17
99249,0.9780306816101074,0.973176896572113,1.0,1.17
99349,0.9780306816101074,0.973176896572113,1.0,1.17
99449,0.9780306816101074,0.973176896572113,1.0,1.17
99549,0.9780306816101074,0.973176896572113,1.0,1.17
99649,0.9780306816101074,0.973176896572113,1.0,1.17
99749,0.9780306816101074,0.973176896572113,1.0,1.17
99849,0.9780306816101074,0.973176896572113,1.0,1.17
99949,0.9780306816101074,0.973176896572113,1.0,1.17
100049,0.9780306816101074,0.973176896572113,1.0,1.17
100149,0.9780306816101074,0.973176896572113,1.0,1.17
100249,0.9780306816101074,0.973176896572113,1.0,1.17
100349,0.9780306816101074,0.973176896572113,1.0,1.17
100449,0.9780306816101074,0.973176896572113,1.0,1.17
100549,0.9780306816101074,0.973176896572113,1.0,1.17
100649,0.9780306816101074,0.973176896572113,1.0,1.17
105532,0.9780306816101074,0.973176896572113,1.0,1.23
105632,0.9780306816101074,0.973176896572113,1.0,1.23
105732,0.9780306816101074,0.973176896572113,1.0,1.23
105832,0.9780306816101074,0.973176896572113,1.0,1.23
105932,0.9780306816101074,0.973176896572113,1.0,1.23
106032,0.9780306816101074,0.973176896572113,1.0,1.23
106132,0.9780306816101074,0.973176896572113,1.0,1.23
106232,0.9780306816101074,0.973176896572113,1.0,1.23
106332,0.9780306816101074,0.973176896572113,1.0,1.23
106432,0.9780306816101074,0.973176896572113,1.0,1.23
106532,0.9780306816101074,0.973176896572113,1.0,1.23
106632,0.9780306816101074,0.973176896572113,1.0,1.23
106732,0.9780306816101074,0.973176896572113,1.0,1.23
106832,0.9780306816101074,0.973176896572113,1.0,1.23
106932,0.9780306816101074,0.973176896572113,1.0,1.23
107032,0.9780306816101074,0.973176896572113,1.0,1.23
107132,0.9780306816101074,0.973176896572113,1.0,1.23
107232,0.9780306816101074,0.973176896572113,1.0,1.23
107332,0.9780306816101074,0.973176896572113,1.0,1.23
107432,0.9780306816101074,0.973176896572113,1.0,1.23
107532,0.9780306816101074,0.973176896572113,1.0,1.23
107632,0.9780306816101074,0.973176896572113,1.0,1.23
107732,0.9780306816101074,0.973176896572113,1.0,1.23
107832,0.9780306816101074,0.973176896572113,1.0,1.23
107932,0.9780306816101074,0.973176896572113,1.0,1.23
108032,0.9780306816101074,0.973176896572113,1.0,1.23
108132,0.9780306816101074,0.973176896572113,1.0,1.23
108232,0.9780306816101074,0.973176896572113,1.0,1.23
108332,0.9780306816101074,0.973176896572113,1.0,1.23
108432,0.9780306816101074,0.973176896572113,1.0,1.23
108532,0.9780306816101074,0.973176896572113,1.0,1.23
108632,0.9780306816101074,0.973176896572113,1.0,1.23
108732,0.9780306816101074,0.973176896572113,1.0,1.23
108832,0.9780306816101074,0.973176896572113,1.0,1.23
108932,0.9780306816101074,0.973176896572113,1.0,1.23
109032,0.9780306816101074,0.973176896572113,1.0,1.23
109132,0.9780306816101074,0.973176896572113,1.0,1.23
109232,0.9780306816101074,0.973176896572113,1.0,1.23
109332,0.9780306816101074,0.973176896572113,1.0,1.23
109432,0.9780306816101074,0.973176896572113,1.0,1.23
109532,0.9780306816101074,0.973176896572113,1.0,1.23
109632,0.9780306816101074,0.973176896572113,1.0,1.23
109732,0.9780306816101074,0.973176896572113,1.0,1.23
109832,0.9780306816101074,0.973176896572113,1.0,1.23
109932,0.9780306816101074,0.973176896572113,1.0,1.23
110032,0.9780306816101074,0.973176896572113,1.0,1.23
110132,0.9780306816101074,0.973176896572113,1.0,1.23
110232,0.9780306816101074,0.973176896572113,1.0,1.23
110332,0.9780306816101074,0.973176896572113,1.0,1.23
110432,0.9780306816101074,0.973176896572113,1.0,1.23
110532,0.9780306816101074,0.973176896572113,1.0,1.23
110632,0.9780306816101074,0.973176896572113,1.0,1.23
110732,0.9780306816101074,0.973176896572113,1.0,1.23
110832,0.9780306816101074,0.973176896572113,1.0,1.23
110932,0.9780306816101074,0.973176896572113,1.0,1.23
111032,0.9780306816101074,0.973176896572113,1.0,1.23
111132,0.9780306816101074,0.973176896572113,1.0,1.23
111232,0.9780306816101074,0.973176896572113,1.0,1.23
111332,0.9780306816101074,0.973176896572113,1.0,1.23
111432,0.9780306816101074,0.973176896572113,1.0,1.23
111532,0.9780306816101074,0.973176896572113,1.0,1.23
111632,0.9780306816101074,0.973176896572113,1.0,1.23
111732,0.9780306816101074,0.973176896572113,1.0,1.23
111832,0.9780306816101074,0.973176896572113,1.0,1.23
111932,0.9780306816101074,0.973176896572113,1.0,1.23
112032,0.9780306816101074,0.973176896572113,1.0,1.23
112132,0.9780306816101074,0.973176896572113,1.0,1.23
112232,0.9780306816101074,0.973176896572113,1.0,1.23
112332,0.9780306816101074,0.973176896572113,1.0,1.23
112432,0.9780306816101074,0.973176896572113,1.0,1.23
112532,0.9780306816101074,0.973176896572113,1.0,1.23
112632,0.9780306816101074,0.973176896572113,1.0,1.23
112732,0.9780306816101074,0.973176896572113,1.0,1.23
112832,0.9780306816101074,0.973176896572113,1.0,1.23
112932,0.9780306816101074,0.973176896572113,1.0,1.23
113032,0.9780306816101074,0.973176896572113,1.0,1.23
113132,0.9780306816101074,0.973176896572113,1.0,1.23
113232,0.9780306816101074,0.973176896572113,1.0,1.23
113332,0.9780306816101074,0.973176896572113,1.0,1.23
113432,0.9780306816101074,0.973176896572113,1.0,1.23
113532,0.9780306816101074,0.973176896572113,1.0,1.23
113632,0.9780306816101074,0.973176896572113,1.0,1.23
113732,0.9780306816101074,0.973176896572113,1.0,1.23
113832,0.9780306816101074,0.973176896572113,1.0,1.23
113932,0.9780306816101074,0.973176896572113,1.0,1.23
114032,0.9780306816101074,0.973176896572113,1.0,1.23
114132,0.9780306816101074,0.973176896572113,1.0,1.23
114232,0.9780306816101074,0.973176896572113,1.0,1.23
114332,0.9780306816101074,0.973176896572113,1.0,1.23
114432,0.9780306816101074,0.973176896572113,1.0,1.23
114532,0.9780306816101074,0.973176896572113,1.0,1.23
114632,0.9780306816101074,0.973176896572113,1.0,1.23
114732,0.9780306816101074,0.973176896572113,1.0,1.23
114832,0.9780306816101074,0.973176896572113,1.0,1.23
114932,0.9780306816101074,0.973176896572113,1.0,1.23
115032,0.9780306816101074,0.973176896572113,1.0,1.23
115132,0.9780306816101074,0.973176896572113,1.0,1.23
115232,0.9780306816101074,0.973176896572113,1.0,1.23
115332,0.9780306816101074,0.973176896572113,1.0,1.23
115432,0.9780306816101074,0.973176896572113,1.0,1.23
115532,0.9780306816101074,0.973176896572113,1.0,1.23
115632,0.9780306816101074,0.973176896572113,1.0,1.23
115732,0.9780306816101074,0.973176896572113,1.0,1.23
115832,0.9780306816101074,0.973176896572113,1.0,1.23
115932,0.9780306816101074,0.973176896572113,1.0,1.23
116032,0.9780306816101074,0.973176896572113,1.0,1.23
116132,0.9780306816101074,0.973176896572113,1.0,1.23
116232,0.9780306816101074,0.973176896572113,1.0,1.23
116332,0.9780306816101074,0.973176896572113,1.0,1.23
116432,0.9780306816101074,0.973176896572113,1.0,1.23
116532,0.9780306816101074,0.973176896572113,1.0,1.23
116632,0.9780306816101074,0.973176896572113,1.0,1.23
116732,0.9780306816101074,0.973176896572113,1.0,1.23
116832,0.9780306816101074,0.973176896572113,1.0,1.23
116932,0.9780306816101074,0.973176896572113,1.0,1.23
117032,0.9780306816101074,0.973176896572113,1.0,1.23
117132,0.9780306816101074,0.973176896572113,1.0,1.23
117232,0.9780306816101074,0.973176896572113,1.0,1.23
117332,0.9780306816101074,0.973176896572113,1.0,1.23
117432,0.9780306816101074,0.973176896572113,1.0,1.23
117532,0.9780306816101074,0.973176896572113,1.0,1.23
117632,0.9780306816101074,0.973176896572113,1.0,1.23
117732,0.9780306816101074,0.973176896572113,1.0,1.23
117832,0.9780306816101074,0.973176896572113,1.0,1.23
117932,0.9780306816101074,0.973176896572113,1.0,1.23
118032,0.9780306816101074,0.973176896572113,1.0,1.23
118132,0.9780306816101074,0.973176896572113,1.0,1.23
118232,0.9780306816101074,0.973176896572113,1.0,1.23
118332,0.9780306816101074,0.973176896572113,1.0,1.23
118432,0.9780306816101074,0.973176896572113,1.0,1.23
118532,0.9780306816101074,0.973176896572113,1.0,1.23
118632,0.9780306816101074,0.973176896572113,1.0,1.23
118732,0.9780306816101074,0.973176896572113,1.0,1.23
118832,0.9780306816101074,0.973176896572113,1.0,1.23
118932,0.9780306816101074,0.973176896572113,1.0,1.23
119032,0.9780306816101074,0.973176896572113,1.0,1.23
119132,0.9780306816101074,0.973176896572113,1.0,1.23
119232,0.9780306816101074,0.973176896572113,1.0,1.23
119332,0.9780306816101074,0.973176896572113,1.0,1.23
119432,0.9780306816101074,0.973176896572113,1.0,1.23
119532,0.9780306816101074,0.973176896572113,1.0,1.23
119632,0.9780306816101074,0.973176896572113,1.0,1.23
119732,0.9780306816101074,0.973176896572113,1.0,1.23
119832,0.9780306816101074,0.973176896572113,1.0,1.23
119932,0.9780306816101074,0.973176896572113,1.0,1.23
120032,0.9780306816101074,0.973176896572113,1.0,1.23
120132,0.9780306816101074,0.973176896572113,1.0,1.23
120232,0.9780306816101074,0.973176896572113,1.0,1.23
120332,0.9780306816101074,0.973176896572113,1.0,1.23
120432,0.9780306816101074,0.973176896572113,1.0,1.23
120532,0.9780306816101074,0.973176896572113,1.0,1.23
120632,0.9780306816101074,0.973176896572113,1.0,1.23
120732,0.9780306816101074,0.973176896572113,1.0,1.23
120832,0.9780306816101074,0.973176896572113,1.0,1.23
120932,0.9780306816101074,0.973176896572113,1.0,1.23
121032,0.9780306816101074,0.973176896572113,1.0,1.23
121132,0.9780306816101074,0.973176896572113,1.0,1.23
121232,0.9780306816101074,0.973176896572113,1.0,1.23
121332,0.9780306816101074,0.973176896572113,1.0,1.23
121432,0.9780306816101074,0.973176896572113,1.0,1.23
121532,0.9780306816101074,0.973176896572113,1.0,1.23
121632,0.9780306816101074,0.973176896572113,1.0,1.23
121732,0.9780306816101074,0.973176896572113,1.0,1.23
121832,0.9780306816101074,0.973176896572113,1.0,1.23
121932,0.9780306816101074,0.973176896572113,1.0,1.23
122032,0.9780306816101074,0.973176896572113,1.0,1.23
122132,0.9780306816101074,0.973176896572113,1.0,1.23
122232,0.9780306816101074,0.973176896572113,1.0,1.23
122332,0.9780306816101074,0.973176896572113,1.0,1.23
122432,0.9780306816101074,0.973176896572113,1.0,1.23
122532,0.9780306816101074,0.973176896572113,1.0,1.23
122632,0.9780306816101074,0.973176896572113,1.0,1.23
122732,0.9780306816101074,0.973176896572113,1.0,1.23
122832,0.9780306816101074,0.973176896572113,1.0,1.23
122932,0.9780306816101074,0.973176896572113,1.0,1.23
123032,0.9780306816101074,0.973176896572113,1.0,1.23
123132,0.9780306816101074,0.973176896572113,1.0,1.23
123232,0.9780306816101074,0.973176896572113,1.0,1.23
123332,0.9780306816101074,0.973176896572113,1.0,1.23
123432,0.9780306816101074,0.973176896572113,1.0,1.23
123532,0.9780306816101074,0.973176896572113,1.0,1.23
123632,0.9780306816101074,0.973176896572113,1.0,1.23
123732,0.9780306816101074,0.973176896572113,1.0,1.23
123832,0.9780306816101074,0.973176896572113,1.0,1.23
123932,0.9780306816101074,0.973176896572113,1.0,1.23
124032,0.9780306816101074,0.973176896572113,1.0,1.23
124132,0.9780306816101074,0.973176896572113,1.0,1.23
124232,0.9780306816101074,0.973176896572113,1.0,1.23
124332,0.9780306816101074,0.973176896572113,1.0,1.23
124432,0.9780306816101074,0.973176896572113,1.0,1.23
124532,0.9780306816101074,0.973176896572113,1.0,1.23
124632,0.9780306816101074,0.973176896572113,1.0,1.23
124732,0.9780306816101074,0.973176896572113,1.0,1.23
124832,0.9780306816101074,0.973176896572113,1.0,1.23
124932,0.9780306816101074,0.973176896572113,1.0,1.23
125032,0.9780306816101074,0.973176896572113,1.0,1.23
125132,0.9780306816101074,0.973176896572113,1.0,1.23
125232,0.9780306816101074,0.973176896572113,1.0,1.23
125332,0.9780306816101074,0.973176896572113,1.0,1.23
125432,0.9780306816101074,0.973176896572113,1.0,1.23
125532,0.9780306816101074,0.973176896572113,1.0,1.23
125632,0.9780306816101074,0.973176896572113,1.0,1.23
125732,0.9780306816101074,0.973176896572113,1.0,1.23
125832,0.9780306816101074,0.973176896572113,1.0,1.23
125932,0.9780306816101074,0.973176896572113,1.0,1.23
126032,0.9780306816101074,0.973176896572113,1.0,1.23
126132,0.9780306816101074,0.973176896572113,1.0,1.23
126232,0.9780306816101074,0.973176896572113,1.0,1.23
126332,0.9780306816101074,0.973176896572113,1.0,1.23
126432,0.9780306816101074,0.973176896572113,1.0,1.23
126532,0.9780306816101074,0.973176896572113,1.0,1.23
126632,0.9780306816101074,0.973176896572113,1.0,1.23
126732,0.9780306816101074,0.973176896572113,1.0,1.23
126832,0.9780306816101074,0.973176896572113,1.0,1.23
126932,0.9780306816101074,0.973176896572113,1.0,1.23
127032,0.9780306816101074,0.973176896572113,1.0,1.23
127132,0.9780306816101074,0.973176896572113,1.0,1.23
127232,0.9780306816101074,0.973176896572113,1.0,1.23
127332,0.9780306816101074,0.973176896572113,1.0,1.23
127432,0.9780306816101074,0.973176896572113,1.0,1.23
127532,0.9780306816101074,0.973176896572113,1.0,1.23
127632,0.9780306816101074,0.973176896572113,1.0,1.23
127732,0.9780306816101074,0.973176896572113,1.0,1.23
127832,0.9780306816101074,0.973176896572113,1.0,1.23
127932,0.9780306816101074,0.973176896572113,1.0,1.23
128032,0.9780306816101074,0.973176896572113,1.0,1.23
128132,0.9780306816101074,0.973176896572113,1.0,1.23
128232,0.9780306816101074,0.973176896572113,1.0,1.23
128332,0.9780306816101074,0.973176896572113,1.0,1.23
128432,0.9780306816101074,0.973176896572113,1.0,1.23
128532,0.9780306816101074,0.973176896572113,1.0,1.23
128632,0.9780306816101074,0.973176896572113,1.0,1.23
128732,0.9780306816101074,0.973176896572113,1.0,1.23
128832,0.9780306816101074,0.973176896572113,1.0,1.23
128932,0.9780306816101074,0.973176896572113,1.0,1.23
129032,0.9780306816101074,0.973176896572113,1.0,1.23
129132,0.9780306816101074,0.973176896572113,1.0,1.23
129232,0.9780306816101074,0.973176896572113,1.0,1.23
129332,0.9780306816101074,0.973176896572113,1.0,1.23
129432,0.9780306816101074,0.973176896572113,1.0,1.23
129532,0.9780306816101074,0.973176896572113,1.0,1.23
129632,0.9780306816101074,0.973176896572113,1.0,1.23
129732,0.9780306816101074,0.973176896572113,1.0,1.23
129832,0.9780306816101074,0.973176896572113,1.0,1.23
129932,0.9780306816101074,0.973176896572113,1.0,1.23
130032,0.9780306816101074,0.973176896572113,1.0,1.23
130132,0.9780306816101074,0.973176896572113,1.0,1.23
130232,0.9780306816101074,0.973176896572113,1.0,1.23
130332,0.9780306816101074,0.973176896572113,1.0,1.23
130432,0.9780306816101074,0.973176896572113,1.0,1.23
130532,0.9780306816101074,0.973176896572113,1.0,1.23
130632,0.9780306816101074,0.973176896572113,1.0,1.23
130732,0.9780306816101074,0.973176896572113,1.0,1.23
130832,0.9780306816101074,0.973176896572113,1.0,1.23
130932,0.9780306816101074,0.973176896572113,1.0,1.23
131032,0.9780306816101074,0.973176896572113,1.0,1.23
131132,0.9780306816101074,0.973176896572113,1.0,1.23
131232,0.9780306816101074,0.973176896572113,1.0,1.23
131332,0.9780306816101074,0.973176896572113,1.0,1.23
131432,0.9780306816101074,0.973176896572113,1.0,1.23
131532,0.9780306816101074,0.973176896572113,1.0,1.23
131632,0.9780306816101074,0.973176896572113,1.0,1.23
131732,0.9780306816101074,0.973176896572113,1.0,1.23
131832,0.9780306816101074,0.973176896572113,1.0,1.23
131932,0.9780306816101074,0.973176896572113,1.0,1.23
132032,0.9780306816101074,0.973176896572113,1.0,1.23
132132,0.9780306816101074,0.973176896572113,1.0,1.23
132232,0.9780306816101074,0.973176896572113,1.0,1.23
132332,0.9780306816101074,0.973176896572113,1.0,1.23
132432,0.9780306816101074,0.973176896572113,1.0,1.23
132532,0.9780306816101074,0.973176896572113,1.0,1.23
132632,0.9780306816101074,0.973176896572113,1.0,1.23
132732,0.9780306816101074,0.973176896572113,1.0,1.23
132832,0.9780306816101074,0.973176896572113,1.0,1.23
132932,0.9780306816101074,0.973176896572113,1.0,1.23
133032,0.9780306816101074,0.973176896572113,1.0,1.23
133132,0.9780306816101074,0.973176896572113,1.0,1.23
133232,0.9780306816101074,0.973176896572113,1.0,1.23
133610,0.9780306816101074,0.973176896572113,1.0,1.17
133710,0.9780306816101074,0.973176896572113,1.0,1.17
133810,0.9780306816101074,0.973176896572113,1.0,1.17
133910,0.9780306816101074,0.973176896572113,1.0,1.17
134010,0.9780306816101074,0.973176896572113,1.0,1.17
134110,0.9780306816101074,0.973176896572113,1.0,1.17
134210,0.9780306816101074,0.973176896572113,1.0,1.17
134310,0.9780306816101074,0.973176896572113,1.0,1.17
134410,0.9780306816101074,0.973176896572113,1.0,1.17
134510,0.9780306816101074,0.973176896572113,1.0,1.17
134610,0.9780306816101074,0.973176896572113,1.0,1.17
134710,0.9780306816101074,0.973176896572113,1.0,1.17
134810,0.9780306816101074,0.973176896572113,1.0,1.17
134910,0.9780306816101074,0.973176896572113,1.0,1.17
135010,0.9780306816101074,0.973176896572113,1.0,1.17
135110,0.9780306816101074,0.973176896572113,1.0,1.17
135210,0.9780306816101074,0.973176896572113,1.0,1.17
135310,0.9780306816101074,0.973176896572113,1.0,1.17
135410,0.9780306816101074,0.973176896572113,1.0,1.17
135510,0.9780306816101074,0.973176896572113,1.0,1.17
135610,0.9780306816101074,0.973176896572113,1.0,1.17
135710,0.9780306816101074,0.973176896572113,1.0,1.17
135810,0.9780306816101074,0.973176896572113,1.0,1.17
135910,0.9780306816101074,0.973176896572113,1.0,1.17
136010,0.9780306816101074,0.973176896572113,1.0,1.17
136110,0.9780306816101074,0.973176896572113,1.0,1.17
136210,0.9780306816101074,0.973176896572113,1.0,1.17
136310,0.9780306816101074,0.973176896572113,1.0,1.17
136410,0.9780306816101074,0.973176896572113,1.0,1.17
136510,0.9780306816101074,0.973176896572113,1.0,1.17
136610,0.9780306816101074,0.973176896572113,1.0,1.17
136710,0.9780306816101074,0.973176896572113,1.0,1.17
136810,0.9780306816101074,0.973176896572113,1.0,1.17
136910,0.9780306816101074,0.973176896572113,1.0,1.17
137010,0.9780306816101074,0.973176896572113,1.0,1.17
137110,0.9780306816101074,0.973176896572113,1.0,1.17
137210,0.9780306816101074,0.973176896572113,1.0,1.17
137310,0.9780306816101074,0.973176896572113,1.0,1.17
137410,0.9780306816101074,0.973176896572113,1.0,1.17
137510,0.9780306816101074,0.973176896572113,1.0,1.17
137610,0.9780306816101074,0.973176896572113,1.0,1.17
137710,0.9780306816101074,0.973176896572113,1.0,1.17
137810,0.9780306816101074,0.973176896572113,1.0,1.17
137910,0.9780306816101074,0.973176896572113,1.0,1.17
138010,0.9780306816101074,0.973176896572113,1.0,1.17
138110,0.9780306816101074,0.973176896572113,1.0,1.17
138210,0.9780306816101074,0.973176896572113,1.0,1.17
138310,0.9780306816101074,0.973176896572113,1.0,1.17
138410,0.9780306816101074,0.973176896572113,1.0,1.17
138510,0.9780306816101074,0.973176896572113,1.0,1.17
138610,0.9780306816101074,0.973176896572113,1.0,1.17
138710,0.9780306816101074,0.973176896572113,1.0,1.17
138810,0.9780306816101074,0.973176896572113,1.0,1.17
138910,0.9780306816101074,0.973176896572113,1.0,1.17
139010,0.9780306816101074,0.973176896572113,1.0,1.17
139110,0.9780306816101074,0.973176896572113,1.0,1.17
139210,0.9780306816101074,0.973176896572113,1.0,1.17
139310,0.9780306816101074,0.973176896572113,1.0,1.17
139410,0.9780306816101074,0.973176896572113,1.0,1.17
139510,0.9780306816101074,0.973176896572113,1.0,1.17
139610,0.9780306816101074,0.973176896572113,1.0,1.17
139710,0.9780306816101074,0.973176896572113,1.0,1.17
139810,0.9780306816101074,0.973176896572113,1.0,1.17
139910,0.9780306816101074,0.973176896572113,1.0,1.17
140010,0.9780306816101074,0.973176896572113,1.0,1.17
140110,0.9780306816101074,0.973176896572113,1.0,1.17
140210,0.9780306816101074,0.973176896572113,1.0,1.17
140310,0.9780306816101074,0.973176896572113,1.0,1.17
140410,0.9780306816101074,0.973176896572113,1.0,1.17
140510,0.9780306816101074,0.973176896572113,1.0,1.17
140610,0.9780306816101074,0.973176896572113,1.0,1.17
140710,0.9780306816101074,0.973176896572113,1.0,1.17
140810,0.9780306816101074,0.973176896572113,1.0,1.17
140910,0.9780306816101074,0.973176896572113,1.0,1.17
141010,0.9780306816101074,0.973176896572113,1.0,1.17
141110,0.9780306816101074,0.973176896572113,1.0,1.17
141210,0.9780306816101074,0.973176896572113,1.0,1.17
141310,0.9780306816101074,0.973176896572113,1.0,1.17
141410,0.9780306816101074,0.973176896572113,1.0,1.17
141510,0.9780306816101074,0.973176896572113,1.0,1.17
141610,0.9780306816101074,0.973176896572113,1.0,1.17
141710,0.9780306816101074,0.973176896572113,1.0,1.17
141810,0.9780306816101074,0.973176896572113,1.0,1.17
141910,0.9780306816101074,0.973176896572113,1.0,1.17
142010,0.9780306816101074,0.973176896572113,1.0,1.17
142110,0.9780306816101074,0.973176896572113,1.0,1.17
142210,0.9780306816101074,0.973176896572113,1.0,1.17
142310,0.9780306816101074,0.973176896572113,1.0,1.17
142410,0.9780306816101074,0.973176896572113,1.0,1.17
142510,0.9780306816101074,0.973176896572113,1.0,1.17
142610,0.9780306816101074,0.973176896572113,1.0,1.17
142710,0.9780306816101074,0.973176896572113,1.0,1.17
142810,0.9780306816101074,0.973176896572113,1.0,1.17
142910,0.9780306816101074,0.973176896572113,1.0,1.17
143010,0.9780306816101074,0.973176896572113,1.0,1.17
143110,0.9780306816101074,0.973176896572113,1.0,1.17
143210,0.9780306816101074,0.973176896572113,1.0,1.17
143310,0.9780306816101074,0.973176896572113,1.0,1.17
143410,0.9780306816101074,0.973176896572113,1.0,1.17
143510,0.9780306816101074,0.973176896572113,1.0,1.17
143610,0.9780306816101074,0.973176896572113,1.0,1.17
143710,0.9780306816101074,0.973176896572113,1.0,1.17
143810,0.9780306816101074,0.973176896572113,1.0,1.17
143910,0.9780306816101074,0.973176896572113,1.0,1.17
144010,0.9780306816101074,0.973176896572113,1.0,1.17
144110,0.9780306816101074,0.973176896572113,1.0,1.17
144210,0.9780306816101074,0.973176896572113,1.0,1.17
144310,0.9780306816101074,0.973176896572113,1.0,1.17
144410,0.9780306816101074,0.973176896572113,1.0,1.17
144510,0.979865312576294,0.9736515283584595,1.0,1.17
144610,0.979865312576294,0.9736515283584595,1.0,1.17
144710,0.979865312576294,0.9736515283584595,1.0,1.17
144810,0.979865312576294,0.9736515283584595,1.0,1.17
144910,0.979865312576294,0.9736515283584595,1.0,1.17
145010,0.979865312576294,0.9736515283584595,1.0,1.17
145110,0.979865312576294,0.9736515283584595,1.0,1.17
145210,0.979865312576294,0.9736515283584595,1.0,1.17
145310,0.979865312576294,0.9736515283584595,1.0,1.17
145410,0.979865312576294,0.9736515283584595,1.0,1.17
145510,0.979865312576294,0.9736515283584595,1.0,1.17
145610,0.979865312576294,0.9736515283584595,1.0,1.17
145710,0.979865312576294,0.9736515283584595,1.0,1.17
145810,0.979865312576294,0.9736515283584595,1.0,1.17
145910,0.979865312576294,0.9736515283584595,1.0,1.17
146010,0.979865312576294,0.9736515283584595,1.0,1.17
146110,0.979865312576294,0.9736515283584595,1.0,1.17
146210,0.979865312576294,0.9736515283584595,1.0,1.17
146310,0.979865312576294,0.9736515283584595,1.0,1.17
146410,0.979865312576294,0.9736515283584595,1.0,1.17
146510,0.979865312576294,0.9736515283584595,1.0,1.17
146610,0.979865312576294,0.9736515283584595,1.0,1.17
146710,0.979865312576294,0.9736515283584595,1.0,1.17
146810,0.979865312576294,0.9736515283584595,1.0,1.17
146910,0.979865312576294,0.9736515283584595,1.0,1.17
147010,0.979865312576294,0.9736515283584595,1.0,1.17
147110,0.979865312576294,0.9736515283584595,1.0,1.17
147210,0.979865312576294,0.9736515283584595,1.0,1.17
147310,0.979865312576294,0.9736515283584595,1.0,1.17
147410,0.979865312576294,0.9736515283584595,1.0,1.17
147510,0.979865312576294,0.9736515283584595,1.0,1.17
147610,0.979865312576294,0.9736515283584595,1.0,1.17
147710,0.979865312576294,0.9736515283584595,1.0,1.17
147810,0.979865312576294,0.9736515283584595,1.0,1.17
147910,0.979865312576294,0.9736515283584595,1.0,1.17
148010,0.979865312576294,0.9736515283584595,1.0,1.17
148110,0.979865312576294,0.9736515283584595,1.0,1.17
148210,0.979865312576294,0.9736515283584595,1.0,1.17
148310,0.979865312576294,0.9736515283584595,1.0,1.17
148410,0.979865312576294,0.9736515283584595,1.0,1.17
148510,0.979865312576294,0.9736515283584595,1.0,1.17
148610,0.979865312576294,0.9736515283584595,1.0,1.17
148710,0.979865312576294,0.9736515283584595,1.0,1.17
148810,0.979865312576294,0.9736515283584595,1.0,1.17
148910,0.979865312576294,0.9736515283584595,1.0,1.17
149010,0.979865312576294,0.9736515283584595,1.0,1.17
149110,0.979865312576294,0.9736515283584595,1.0,1.17
149210,0.979865312576294,0.9736515283584595,1.0,1.17
149310,0.979865312576294,0.9736515283584595,1.0,1.17
149410,0.979865312576294,0.9736515283584595,1.0,1.17
149510,0.979865312576294,0.9736515283584595,1.0,1.17
149610,0.979865312576294,0.9736515283584595,1.0,1.17
149710,0.979865312576294,0.9736515283584595,1.0,1.17
149810,0.979865312576294,0.9736515283584595,1.0,1.17
149910,0.979865312576294,0.9736515283584595,1.0,1.17
150010,0.979865312576294,0.9736515283584595,1.0,1.17
150110,0.979865312576294,0.9736515283584595,1.0,1.17
150210,0.979865312576294,0.9736515283584595,1.0,1.17
150310,0.979865312576294,0.9736515283584595,1.0,1.17
150410,0.979865312576294,0.9736515283584595,1.0,1.17
150510,0.979865312576294,0.9736515283584595,1.0,1.17
150610,0.979865312576294,0.9736515283584595,1.0,1.17
150710,0.979865312576294,0.9736515283584595,1.0,1.17
150810,0.979865312576294,0.9736515283584595,1.0,1.17
150910,0.979865312576294,0.9736515283584595,1.0,1.17
151010,0.979865312576294,0.9736515283584595,1.0,1.17
151110,0.979865312576294,0.9736515283584595,1.0,1.17
151210,0.979865312576294,0.9736515283584595,1.0,1.17
151310,0.979865312576294,0.9736515283584595,1.0,1.17
151410,0.979865312576294,0.9736515283584595,1.0,1.17
151510,0.979865312576294,0.9736515283584595,1.0,1.17
151610,0.979865312576294,0.9736515283584595,1.0,1.17
151710,0.979865312576294,0.9736515283584595,1.0,1.17
151810,0.979865312576294,0.9736515283584595,1.0,1.17
151910,0.979865312576294,0.9736515283584595,1.0,1.17
152010,0.979865312576294,0.9736515283584595,1.0,1.17
152110,0.979865312576294,0.9736515283584595,1.0,1.17
152210,0.979865312576294,0.9736515283584595,1.0,1.17
152310,0.979865312576294,0.9736515283584595,1.0,1.17
152410,0.979865312576294,0.9736515283584595,1.0,1.17
152510,0.979865312576294,0.9736515283584595,1.0,1.17
152610,0.979865312576294,0.9736515283584595,1.0,1.17
152710,0.979865312576294,0.9736515283584595,1.0,1.17
152810,0.979865312576294,0.9736515283584595,1.0,1.17
152910,0.979865312576294,0.9736515283584595,1.0,1.17
153010,0.979865312576294,0.9736515283584595,1.0,1.17
153110,0.979865312576294,0.9736515283584595,1.0,1.17
153210,0.979865312576294,0.9736515283584595,1.0,1.17
153310,0.979865312576294,0.9736515283584595,1.0,1.17
153410,0.979865312576294,0.9736515283584595,1.0,1.17
153510,0.979865312576294,0.9736515283584595,1.0,1.17
153610,0.979865312576294,0.9736515283584595,1.0,1.17
153710,0.979865312576294,0.9736515283584595,1.0,1.17
153810,0.979865312576294,0.9736515283584595,1.0,1.17
153910,0.979865312576294,0.9736515283584595,1.0,1.17
154010,0.979865312576294,0.9736515283584595,1.0,1.17
154110,0.979865312576294,0.9736515283584595,1.0,1.17
154210,0.979865312576294,0.9736515283584595,1.0,1.17
154310,0.979865312576294,0.9736515283584595,1.0,1.17
154410,0.979865312576294,0.9736515283584595,1.0,1.17
154510,0.979865312576294,0.9736515283584595,1.0,1.17
154610,0.979865312576294,0.9736515283584595,1.0,1.17
154710,0.979865312576294,0.9736515283584595,1.0,1.17
154810,0.979865312576294,0.9736515283584595,1.0,1.17
154910,0.979865312576294,0.9736515283584595,1.0,1.17
155010,0.979865312576294,0.9736515283584595,1.0,1.17
155110,0.979865312576294,0.9736515283584595,1.0,1.17
155210,0.979865312576294,0.9736515283584595,1.0,1.17
155310,0.979865312576294,0.9736515283584595,1.0,1.17
155410,0.979865312576294,0.9736515283584595,1.0,1.17
155510,0.979865312576294,0.9736515283584595,1.0,1.17
155610,0.979865312576294,0.9736515283584595,1.0,1.17
155710,0.979865312576294,0.9736515283584595,1.0,1.17
155810,0.979865312576294,0.9736515283584595,1.0,1.17
155910,0.979865312576294,0.9736515283584595,1.0,1.17
156010,0.979865312576294,0.9736515283584595,1.0,1.17
156110,0.979865312576294,0.9736515283584595,1.0,1.17
156210,0.979865312576294,0.9736515283584595,1.0,1.17
156310,0.979865312576294,0.9736515283584595,1.0,1.17
156410,0.979865312576294,0.9736515283584595,1.0,1.17
156510,0.979865312576294,0.9736515283584595,1.0,1.17
156610,0.979865312576294,0.9736515283584595,1.0,1.17
156710,0.979865312576294,0.9736515283584595,1.0,1.17
156810,0.979865312576294,0.9736515283584595,1.0,1.17
156910,0.979865312576294,0.9736515283584595,1.0,1.17
157010,0.979865312576294,0.9736515283584595,1.0,1.17
157110,0.979865312576294,0.9736515283584595,1.0,1.17
157210,0.979865312576294,0.9736515283584595,1.0,1.17
157310,0.979865312576294,0.9736515283584595,1.0,1.17
157410,0.979865312576294,0.9736515283584595,1.0,1.17
157510,0.979865312576294,0.9736515283584595,1.0,1.17
157610,0.979865312576294,0.9736515283584595,1.0,1.17
157710,0.979865312576294,0.9736515283584595,1.0,1.17
157810,0.979865312576294,0.9736515283584595,1.0,1.17
157910,0.979865312576294,0.9736515283584595,1.0,1.17
158010,0.979865312576294,0.9736515283584595,1.0,1.17
158110,0.979865312576294,0.9736515283584595,1.0,1.17
158210,0.979865312576294,0.9736515283584595,1.0,1.17
158310,0.979865312576294,0.9736515283584595,1.0,1.17
158410,0.979865312576294,0.9736515283584595,1.0,1.17
158510,0.979865312576294,0.9736515283584595,1.0,1.17
158610,0.979865312576294,0.9736515283584595,1.0,1.17
158710,0.979865312576294,0.9736515283584595,1.0,1.17
158810,0.979865312576294,0.9736515283584595,1.0,1.17
158910,0.979865312576294,0.9736515283584595,1.0,1.17
159010,0.979865312576294,0.9736515283584595,1.0,1.17
159110,0.979865312576294,0.9736515283584595,1.0,1.17
159210,0.979865312576294,0.9736515283584595,1.0,1.17
159310,0.979865312576294,0.9736515283584595,1.0,1.17
159410,0.979865312576294,0.9736515283584595,1.0,1.17
159510,0.979865312576294,0.9736515283584595,1.0,1.17
159610,0.979865312576294,0.9736515283584595,1.0,1.17
159710,0.979865312576294,0.9736515283584595,1.0,1.17
159810,0.979865312576294,0.9736515283584595,1.0,1.17
159910,0.979865312576294,0.9736515283584595,1.0,1.17
160010,0.979865312576294,0.9736515283584595,1.0,1.17
160110,0.979865312576294,0.9736515283584595,1.0,1.17
160210,0.979865312576294,0.9736515283584595,1.0,1.17
160310,0.979865312576294,0.9736515283584595,1.0,1.17
160410,0.979865312576294,0.9736515283584595,1.0,1.17
160510,0.979865312576294,0.9736515283584595,1.0,1.17
160610,0.979865312576294,0.9736515283584595,1.0,1.17
160710,0.979865312576294,0.9736515283584595,1.0,1.17
160810,0.979865312576294,0.9736515283584595,1.0,1.17
160910,0.979865312576294,0.9736515283584595,1.0,1.17
161010,0.979865312576294,0.9736515283584595,1.0,1.17
161110,0.979865312576294,0.9736515283584595,1.0,1.17
161210,0.979865312576294,0.9736515283584595,1.0,1.17
161310,0.979865312576294,0.9736515283584595,1.0,1.17
161410,0.979865312576294,0.973176896572113,1.0,1.15
161510,0.979865312576294,0.973176896572113,1.0,1.15
161610,0.979865312576294,0.973176896572113,1.0,1.15
161710,0.979865312576294,0.973176896572113,1.0,1.15
161810,0.979865312576294,0.973176896572113,1.0,1.15
161910,0.979865312576294,0.973176896572113,1.0,1.15
162010,0.979865312576294,0.973176896572113,1.0,1.15
162110,0.979865312576294,0.973176896572113,1.0,1.15
162210,0.979865312576294,0.973176896572113,1.0,1.15
162310,0.979865312576294,0.973176896572113,1.0,1.15
162410,0.979865312576294,0.973176896572113,1.0,1.15
162510,0.979865312576294,0.973176896572113,1.0,1.15
162610,0.979865312576294,0.973176896572113,1.0,1.15
162710,0.979865312576294,0.973176896572113,1.0,1.15
162810,0.979865312576294,0.973176896572113,1.0,1.15
162910,0.979865312576294,0.973176896572113,1.0,1.15
163010,0.979865312576294,0.973176896572113,1.0,1.15
163110,0.979865312576294,0.973176896572113,1.0,1.15
163210,0.979865312576294,0.973176896572113,1.0,1.15
163310,0.979865312576294,0.973176896572113,1.0,1.15
163410,0.979865312576294,0.973176896572113,1.0,1.15
163510,0.979865312576294,0.973176896572113,1.0,1.15
163610,0.979865312576294,0.973176896572113,1.0,1.15
163710,0.9805553555488586,0.9764460325241089,1.0,1.15
163810,0.9805553555488586,0.9764460325241089,1.0,1.15
163910,0.9805553555488586,0.9764460325241089,1.0,1.15
164010,0.9805553555488586,0.9764460325241089,1.0,1.15
164110,0.9805553555488586,0.9764460325241089,1.0,1.15
164210,0.9805553555488586,0.9764460325241089,1.0,1.15
164310,0.9805553555488586,0.9764460325241089,1.0,1.15
164410,0.9805553555488586,0.9764460325241089,1.0,1.15
164510,0.9805553555488586,0.9764460325241089,1.0,1.15
164610,0.9805553555488586,0.9764460325241089,1.0,1.15
164710,0.9805553555488586,0.9764460325241089,1.0,1.15
164810,0.9805553555488586,0.9764460325241089,1.0,1.15
164910,0.9805553555488586,0.9764460325241089,1.0,1.15
165010,0.9805553555488586,0.9764460325241089,1.0,1.15
165110,0.9805553555488586,0.9764460325241089,1.0,1.15
165210,0.9805553555488586,0.9764460325241089,1.0,1.15
165310,0.9805553555488586,0.9764460325241089,1.0,1.15
165410,0.9805553555488586,0.9764460325241089,1.0,1.15
165510,0.9805553555488586,0.9764460325241089,1.0,1.15
165610,0.9805553555488586,0.9764460325241089,1.0,1.15
165710,0.9805553555488586,0.9764460325241089,1.0,1.15
165810,0.9805553555488586,0.9764460325241089,1.0,1.15
165910,0.9805553555488586,0.9764460325241089,1.0,1.15
166010,0.9805553555488586,0.9764460325241089,1.0,1.15
166110,0.9805553555488586,0.9764460325241089,1.0,1.15
166210,0.9805553555488586,0.9764460325241089,1.0,1.15
166310,0.9805553555488586,0.9764460325241089,1.0,1.15
166410,0.9805553555488586,0.9764460325241089,1.0,1.15
166510,0.9805553555488586,0.9764460325241089,1.0,1.15
166610,0.9805553555488586,0.9764460325241089,1.0,1.15
166710,0.9805553555488586,0.9764460325241089,1.0,1.15
166810,0.9805553555488586,0.9764460325241089,1.0,1.15
166910,0.9805553555488586,0.9764460325241089,1.0,1.15
167010,0.9805553555488586,0.9764460325241089,1.0,1.15
167110,0.9805553555488586,0.9764460325241089,1.0,1.15
167210,0.9805553555488586,0.9764460325241089,1.0,1.15
167310,0.9805553555488586,0.9764460325241089,1.0,1.15
167410,0.9805553555488586,0.9764460325241089,1.0,1.15
167510,0.9805553555488586,0.9764460325241089,1.0,1.15
167610,0.9805553555488586,0.9764460325241089,1.0,1.15
167710,0.9805553555488586,0.9764460325241089,1.0,1.15
167810,0.9805553555488586,0.9764460325241089,1.0,1.15
167910,0.9805553555488586,0.9764460325241089,1.0,1.15
168010,0.9805553555488586,0.9764460325241089,1.0,1.15
168110,0.9805553555488586,0.9764460325241089,1.0,1.15
168210,0.9805553555488586,0.9764460325241089,1.0,1.15
168310,0.9805553555488586,0.9764460325241089,1.0,1.15
168410,0.9805553555488586,0.9764460325241089,1.0,1.15
168510,0.9805553555488586,0.9764460325241089,1.0,1.15
168610,0.9805553555488586,0.9764460325241089,1.0,1.15
168710,0.9805553555488586,0.9764460325241089,1.0,1.15
168810,0.9805553555488586,0.9764460325241089,1.0,1.15
168910,0.9805553555488586,0.9764460325241089,1.0,1.15
169010,0.9805553555488586,0.9764460325241089,1.0,1.15
169110,0.9805553555488586,0.9764460325241089,1.0,1.15
169210,0.9805553555488586,0.9764460325241089,1.0,1.15
169310,0.9805553555488586,0.9764460325241089,1.0,1.15
169410,0.9805553555488586,0.9764460325241089,1.0,1.15
169510,0.9805553555488586,0.9764460325241089,1.0,1.15
169610,0.9805553555488586,0.9764460325241089,1.0,1.15
169710,0.9805553555488586,0.9764460325241089,1.0,1.15
169810,0.9805553555488586,0.9764460325241089,1.0,1.15
169910,0.9805553555488586,0.9764460325241089,1.0,1.15
170010,0.9805553555488586,0.9764460325241089,1.0,1.15
170110,0.9805553555488586,0.9764460325241089,1.0,1.15
170210,0.9805553555488586,0.9764460325241089,1.0,1.15
170310,0.9805553555488586,0.9764460325241089,1.0,1.15
170410,0.9805553555488586,0.9764460325241089,1.0,1.15
170510,0.9805553555488586,0.9764460325241089,1.0,1.15
170610,0.9805553555488586,0.9764460325241089,1.0,1.15
170710,0.9805553555488586,0.9764460325241089,1.0,1.15
170810,0.9805553555488586,0.9764460325241089,1.0,1.15
170910,0.9805553555488586,0.9764460325241089,1.0,1.15
171010,0.9805553555488586,0.9764460325241089,1.0,1.15
171110,0.9805553555488586,0.9764460325241089,1.0,1.15
171210,0.9805553555488586,0.9764460325241089,1.0,1.15
171310,0.9805553555488586,0.9764460325241089,1.0,1.15
171410,0.9805553555488586,0.9764460325241089,1.0,1.15
171510,0.9805553555488586,0.9764460325241089,1.0,1.15
171610,0.9805553555488586,0.9764460325241089,1.0,1.15
171710,0.9805553555488586,0.9764460325241089,1.0,1.15
171810,0.9805553555488586,0.9764460325241089,1.0,1.15
171910,0.9805553555488586,0.9764460325241089,1.0,1.15
172010,0.9805553555488586,0.9764460325241089,1.0,1.15
172110,0.9805553555488586,0.9764460325241089,1.0,1.15
172210,0.9805553555488586,0.9764460325241089,1.0,1.15
172310,0.9805553555488586,0.9764460325241089,1.0,1.15
172410,0.9805553555488586,0.9764460325241089,1.0,1.15
172510,0.9805553555488586,0.9764460325241089,1.0,1.15
172610,0.9805553555488586,0.9764460325241089,1.0,1.15
172710,0.9805553555488586,0.9764460325241089,1.0,1.15
172810,0.9805553555488586,0.9764460325241089,1.0,1.15
172910,0.9805553555488586,0.9764460325241089,1.0,1.15
173010,0.9805553555488586,0.9764460325241089,1.0,1.15
173110,0.9805553555488586,0.9764460325241089,1.0,1.15
173210,0.9805553555488586,0.9764460325241089,1.0,1.15
173310,0.9805553555488586,0.9764460325241089,1.0,1.15
173410,0.9805553555488586,0.9764460325241089,1.0,1.15
173510,0.9805553555488586,0.9764460325241089,1.0,1.15
173610,0.9805553555488586,0.9764460325241089,1.0,1.15
173710,0.9805553555488586,0.9764460325241089,1.0,1.15
173810,0.9805553555488586,0.9764460325241089,1.0,1.15
173910,0.9805553555488586,0.9764460325241089,1.0,1.15
174010,0.9805553555488586,0.9764460325241089,1.0,1.15
174110,0.9805553555488586,0.9764460325241089,1.0,1.15
174210,0.9805553555488586,0.9764460325241089,1.0,1.15
174310,0.9805553555488586,0.9764460325241089,1.0,1.15
174410,0.9805553555488586,0.9764460325241089,1.0,1.15
174510,0.9805553555488586,0.9764460325241089,1.0,1.15
174610,0.9805553555488586,0.9764460325241089,1.0,1.15
174710,0.9805553555488586,0.9764460325241089,1.0,1.15
174810,0.9805553555488586,0.9764460325241089,1.0,1.15
174910,0.9805553555488586,0.9764460325241089,1.0,1.15
175010,0.9805553555488586,0.9764460325241089,1.0,1.15
175110,0.9805553555488586,0.9764460325241089,1.0,1.15
175210,0.9805553555488586,0.9764460325241089,1.0,1.15
175310,0.9805553555488586,0.9764460325241089,1.0,1.15
175410,0.9805553555488586,0.9764460325241089,1.0,1.15
175510,0.9805553555488586,0.9764460325241089,1.0,1.15
175610,0.9805553555488586,0.9764460325241089,1.0,1.15
175710,0.9805553555488586,0.9764460325241089,1.0,1.15
175810,0.9805553555488586,0.9764460325241089,1.0,1.15
175910,0.9805553555488586,0.9764460325241089,1.0,1.15
176010,0.9805553555488586,0.9764460325241089,1.0,1.15
176110,0.9805553555488586,0.9764460325241089,1.0,1.15
176210,0.9805553555488586,0.9764460325241089,1.0,1.15
176310,0.9805553555488586,0.9764460325241089,1.0,1.15
176410,0.9805553555488586,0.9764460325241089,1.0,1.15
176510,0.9805553555488586,0.9764460325241089,1.0,1.15
176610,0.9805553555488586,0.9764460325241089,1.0,1.15
176710,0.9805553555488586,0.9764460325241089,1.0,1.15
176810,0.9805553555488586,0.9764460325241089,1.0,1.15
176910,0.9805553555488586,0.9764460325241089,1.0,1.15
177010,0.9805553555488586,0.9764460325241089,1.0,1.15
177110,0.9805553555488586,0.9764460325241089,1.0,1.15
177210,0.9805553555488586,0.9764460325241089,1.0,1.15
177310,0.9805553555488586,0.9764460325241089,1.0,1.15
177410,0.9805553555488586,0.9764460325241089,1.0,1.15
177510,0.9805553555488586,0.9764460325241089,1.0,1.15
177610,0.9805553555488586,0.9764460325241089,1.0,1.15
177710,0.9805553555488586,0.9764460325241089,1.0,1.15
177810,0.9805553555488586,0.9764460325241089,1.0,1.15
177910,0.9805553555488586,0.9764460325241089,1.0,1.15
178010,0.9805553555488586,0.9764460325241089,1.0,1.15
178110,0.9805553555488586,0.9764460325241089,1.0,1.15
178210,0.9805553555488586,0.9764460325241089,1.0,1.15
178310,0.9805553555488586,0.9764460325241089,1.0,1.15
178410,0.9805553555488586,0.9764460325241089,1.0,1.15
178510,0.9805553555488586,0.9764460325241089,1.0,1.15
178610,0.9805553555488586,0.9764460325241089,1.0,1.15
178710,0.9805553555488586,0.9764460325241089,1.0,1.15
178810,0.9805553555488586,0.9764460325241089,1.0,1.15
178910,0.9805553555488586,0.9764460325241089,1.0,1.15
179010,0.9805553555488586,0.9764460325241089,1.0,1.15
179110,0.9805553555488586,0.9764460325241089,1.0,1.15
179210,0.9805553555488586,0.9764460325241089,1.0,1.15
179310,0.9805553555488586,0.9764460325241089,1.0,1.15
179410,0.9805553555488586,0.9764460325241089,1.0,1.15
179510,0.9805553555488586,0.9764460325241089,1.0,1.15
179610,0.9805553555488586,0.9764460325241089,1.0,1.15
179710,0.9805553555488586,0.9764460325241089,1.0,1.15
179810,0.9805553555488586,0.9764460325241089,1.0,1.15
179910,0.9805553555488586,0.9764460325241089,1.0,1.15
180010,0.9805553555488586,0.9764460325241089,1.0,1.15
180110,0.9805553555488586,0.9764460325241089,1.0,1.15
180210,0.9805553555488586,0.9764460325241089,1.0,1.15
180310,0.9805553555488586,0.9764460325241089,1.0,1.15
180410,0.9805553555488586,0.9764460325241089,1.0,1.15
180510,0.9805553555488586,0.9764460325241089,1.0,1.15
180610,0.9805553555488586,0.9764460325241089,1.0,1.15
180710,0.9805553555488586,0.9764460325241089,1.0,1.15
180810,0.9805553555488586,0.9764460325241089,1.0,1.15
180910,0.9805553555488586,0.9764460325241089,1.0,1.15
181010,0.9805553555488586,0.9764460325241089,1.0,1.15
181110,0.9805553555488586,0.9764460325241089,1.0,1.15
181210,0.9805553555488586,0.9764460325241089,1.0,1.15
181310,0.9805553555488586,0.9764460325241089,1.0,1.15
181410,0.9805553555488586,0.9764460325241089,1.0,1.15
181510,0.9805553555488586,0.9764460325241089,1.0,1.15
181610,0.9805553555488586,0.9764460325241089,1.0,1.15
181710,0.9805553555488586,0.9764460325241089,1.0,1.15
181810,0.9805553555488586,0.9764460325241089,1.0,1.15
181910,0.9805553555488586,0.9764460325241089,1.0,1.15
182010,0.9805553555488586,0.9764460325241089,1.0,1.15
182110,0.9805553555488586,0.9764460325241089,1.0,1.15
182210,0.9805553555488586,0.9764460325241089,1.0,1.15
182310,0.9805553555488586,0.9764460325241089,1.0,1.15
182410,0.9805553555488586,0.9764460325241089,1.0,1.15
182510,0.9805553555488586,0.9764460325241089,1.0,1.15
182610,0.9805553555488586,0.9764460325241089,1.0,1.15
182710,0.9805553555488586,0.9764460325241089,1.0,1.15
182810,0.9805553555488586,0.9764460325241089,1.0,1.15
182910,0.9805553555488586,0.9764460325241089,1.0,1.15
183010,0.9805553555488586,0.9764460325241089,1.0,1.15
183110,0.9805553555488586,0.9764460325241089,1.0,1.15
183210,0.9805553555488586,0.9764460325241089,1.0,1.15
183310,0.9805553555488586,0.9764460325241089,1.0,1.15
183410,0.9805553555488586,0.9764460325241089,1.0,1.15
183510,0.9805553555488586,0.9764460325241089,1.0,1.15
183610,0.9805553555488586,0.9764460325241089,1.0,1.15
183710,0.9805553555488586,0.9764460325241089,1.0,1.15
183810,0.9805553555488586,0.9764460325241089,1.0,1.15
183910,0.9805553555488586,0.9764460325241089,1.0,1.15
184010,0.9805553555488586,0.9764460325241089,1.0,1.15
184110,0.9805553555488586,0.9764460325241089,1.0,1.15
184210,0.9805553555488586,0.9764460325241089,1.0,1.15
184310,0.9805553555488586,0.9764460325241089,1.0,1.15
184410,0.9805553555488586,0.9764460325241089,1.0,1.15
184510,0.9805553555488586,0.9764460325241089,1.0,1.15
184610,0.9805553555488586,0.9764460325241089,1.0,1.15
184710,0.9805553555488586,0.9764460325241089,1.0,1.15
184810,0.9805553555488586,0.9764460325241089,1.0,1.15
184910,0.9805553555488586,0.9764460325241089,1.0,1.15
185010,0.9805553555488586,0.9764460325241089,1.0,1.15
185110,0.9805553555488586,0.9764460325241089,1.0,1.15
185210,0.9805553555488586,0.9764460325241089,1.0,1.15
185310,0.9805553555488586,0.9764460325241089,1.0,1.15
185410,0.9805553555488586,0.9764460325241089,1.0,1.15
185510,0.9805553555488586,0.9764460325241089,1.0,1.15
185610,0.9805553555488586,0.9764460325241089,1.0,1.15
185710,0.9805553555488586,0.9764460325241089,1.0,1.15
185810,0.9805553555488586,0.9764460325241089,1.0,1.15
185910,0.9805553555488586,0.9764460325241089,1.0,1.15
186010,0.9805553555488586,0.9764460325241089,1.0,1.15
186110,0.9805553555488586,0.9764460325241089,1.0,1.15
186210,0.9805553555488586,0.9764460325241089,1.0,1.15
186310,0.9805553555488586,0.9764460325241089,1.0,1.15
186410,0.9805553555488586,0.9764460325241089,1.0,1.15
186510,0.9805553555488586,0.9764460325241089,1.0,1.15
186610,0.9805553555488586,0.9764460325241089,1.0,1.15
186710,0.9805553555488586,0.9764460325241089,1.0,1.15
186810,0.9805553555488586,0.9764460325241089,1.0,1.15
186910,0.9805553555488586,0.9764460325241089,1.0,1.15
187010,0.9805553555488586,0.9764460325241089,1.0,1.15
187110,0.9805553555488586,0.9764460325241089,1.0,1.15
187210,0.9805553555488586,0.9764460325241089,1.0,1.15
187310,0.9805553555488586,0.9764460325241089,1.0,1.15
187410,0.9805553555488586,0.9764460325241089,1.0,1.15
187510,0.9805553555488586,0.9764460325241089,1.0,1.15
187610,0.9805553555488586,0.9764460325241089,1.0,1.15
187710,0.9805553555488586,0.9764460325241089,1.0,1.15
187810,0.9805553555488586,0.9764460325241089,1.0,1.15
187910,0.9805553555488586,0.9764460325241089,1.0,1.15
188010,0.9805553555488586,0.9764460325241089,1.0,1.15
188110,0.9805553555488586,0.9764460325241089,1.0,1.15
188210,0.9805553555488586,0.9764460325241089,1.0,1.15
188310,0.9805553555488586,0.9764460325241089,1.0,1.15
188410,0.9805553555488586,0.9764460325241089,1.0,1.15
188510,0.9805553555488586,0.9764460325241089,1.0,1.15
188610,0.9805553555488586,0.9764460325241089,1.0,1.15
188710,0.9805553555488586,0.9764460325241089,1.0,1.15
188810,0.9805553555488586,0.9764460325241089,1.0,1.15
188910,0.9805553555488586,0.9764460325241089,1.0,1.15
189010,0.9805553555488586,0.9764460325241089,1.0,1.15
189110,0.9805553555488586,0.9764460325241089,1.0,1.15
189819,0.9805553555488586,0.9764460325241089,1.0,1.14
189919,0.9805553555488586,0.9764460325241089,1.0,1.14
190019,0.9805553555488586,0.9764460325241089,1.0,1.14
190119,0.9805553555488586,0.9764460325241089,1.0,1.14
190219,0.9805553555488586,0.9764460325241089,1.0,1.14
190319,0.9805553555488586,0.9764460325241089,1.0,1.14
190419,0.9805553555488586,0.9764460325241089,1.0,1.14
190519,0.9805553555488586,0.9764460325241089,1.0,1.14
190619,0.9805553555488586,0.9764460325241089,1.0,1.14
190719,0.9805553555488586,0.9764460325241089,1.0,1.14
190819,0.9805553555488586,0.9764460325241089,1.0,1.14
190919,0.9805553555488586,0.9764460325241089,1.0,1.14
191019,0.9805553555488586,0.9764460325241089,1.0,1.14
191119,0.9805553555488586,0.9764460325241089,1.0,1.14
191219,0.9805553555488586,0.9764460325241089,1.0,1.14
191319,0.9805553555488586,0.9764460325241089,1.0,1.14
191419,0.9805553555488586,0.9764460325241089,1.0,1.14
191519,0.9805553555488586,0.9764460325241089,1.0,1.14
191619,0.9805553555488586,0.9764460325241089,1.0,1.14
191719,0.9805553555488586,0.9764460325241089,1.0,1.14
191819,0.9805553555488586,0.9764460325241089,1.0,1.14
191919,0.9805553555488586,0.9764460325241089,1.0,1.14
192019,0.9805553555488586,0.9764460325241089,1.0,1.14
192119,0.9805553555488586,0.9764460325241089,1.0,1.14
192219,0.9805553555488586,0.9764460325241089,1.0,1.14
192319,0.9805553555488586,0.9764460325241089,1.0,1.14
192419,0.9805553555488586,0.9764460325241089,1.0,1.14
192519,0.9805553555488586,0.9764460325241089,1.0,1.14
192619,0.9805553555488586,0.9764460325241089,1.0,1.14
192719,0.9805553555488586,0.9764460325241089,1.0,1.14
192819,0.9805553555488586,0.9764460325241089,1.0,1.14
192919,0.9805553555488586,0.9764460325241089,1.0,1.14
193019,0.9805553555488586,0.9764460325241089,1.0,1.14
193119,0.9805553555488586,0.9764460325241089,1.0,1.14
193219,0.9805553555488586,0.9764460325241089,1.0,1.14
193319,0.9805553555488586,0.9764460325241089,1.0,1.14
193419,0.9805553555488586,0.9764460325241089,1.0,1.14
193519,0.9805553555488586,0.9764460325241089,1.0,1.14
193619,0.9805553555488586,0.9764460325241089,1.0,1.14
193719,0.9805553555488586,0.9764460325241089,1.0,1.14
193819,0.9805553555488586,0.9764460325241089,1.0,1.14
193919,0.9805553555488586,0.9764460325241089,1.0,1.14
194019,0.9805553555488586,0.9764460325241089,1.0,1.14
194119,0.9805553555488586,0.9764460325241089,1.0,1.14
194219,0.9805553555488586,0.9764460325241089,1.0,1.14
194319,0.9805553555488586,0.9764460325241089,1.0,1.14
194419,0.9805553555488586,0.9764460325241089,1.0,1.14
194519,0.9805553555488586,0.9764460325241089,1.0,1.14
194619,0.9805553555488586,0.9764460325241089,1.0,1.14
194719,0.9805553555488586,0.9764460325241089,1.0,1.14
194819,0.9805553555488586,0.9764460325241089,1.0,1.14
194919,0.9805553555488586,0.9764460325241089,1.0,1.14
195019,0.9805553555488586,0.9764460325241089,1.0,1.14
195119,0.9805553555488586,0.9764460325241089,1.0,1.14
195219,0.9805553555488586,0.9764460325241089,1.0,1.14
195319,0.9805553555488586,0.9764460325241089,1.0,1.14
195419,0.9805553555488586,0.9764460325241089,1.0,1.14
195519,0.9805553555488586,0.9764460325241089,1.0,1.14
195619,0.9805553555488586,0.9764460325241089,1.0,1.14
195719,0.9805553555488586,0.9764460325241089,1.0,1.14
195819,0.9805553555488586,0.9764460325241089,1.0,1.14
195919,0.9805553555488586,0.9764460325241089,1.0,1.14
196019,0.9805553555488586,0.9764460325241089,1.0,1.14
196119,0.9805553555488586,0.9764460325241089,1.0,1.14
196219,0.9805553555488586,0.9764460325241089,1.0,1.14
196319,0.9805553555488586,0.9764460325241089,1.0,1.14
196419,0.9805553555488586,0.9764460325241089,1.0,1.14
196519,0.9805553555488586,0.9764460325241089,1.0,1.14
196619,0.9805553555488586,0.9764460325241089,1.0,1.14
196719,0.9805553555488586,0.9764460325241089,1.0,1.14
196819,0.9805553555488586,0.9764460325241089,1.0,1.14
196919,0.9805553555488586,0.9764460325241089,1.0,1.14
197019,0.9805553555488586,0.9764460325241089,1.0,1.14
197119,0.9805553555488586,0.9764460325241089,1.0,1.14
197219,0.9805553555488586,0.9764460325241089,1.0,1.14
197319,0.9805553555488586,0.9764460325241089,1.0,1.14
197419,0.9805553555488586,0.9764460325241089,1.0,1.14
197519,0.9805553555488586,0.9764460325241089,1.0,1.14
197619,0.9805553555488586,0.9764460325241089,1.0,1.14
197719,0.9805553555488586,0.9764460325241089,1.0,1.14
197819,0.9805553555488586,0.9764460325241089,1.0,1.14
197919,0.9805553555488586,0.9764460325241089,1.0,1.14
198019,0.9805553555488586,0.9764460325241089,1.0,1.14
198119,0.9805553555488586,0.9764460325241089,1.0,1.14
198219,0.9805553555488586,0.9764460325241089,1.0,1.14
198319,0.9805553555488586,0.9764460325241089,1.0,1.14
198419,0.9805553555488586,0.9764460325241089,1.0,1.14
198519,0.9805553555488586,0.9764460325241089,1.0,1.14
198619,0.9805553555488586,0.9764460325241089,1.0,1.14
198719,0.9805553555488586,0.9764460325241089,1.0,1.14
198819,0.9805553555488586,0.9764460325241089,1.0,1.14
198919,0.9805553555488586,0.9764460325241089,1.0,1.14
199019,0.9805553555488586,0.9764460325241089,1.0,1.14
199119,0.9805553555488586,0.9764460325241089,1.0,1.14
199219,0.9805553555488586,0.9764460325241089,1.0,1.14
199319,0.9805553555488586,0.9764460325241089,1.0,1.14
199419,0.9805553555488586,0.9764460325241089,1.0,1.14
199519,0.9805553555488586,0.9764460325241089,1.0,1.14
199619,0.9805553555488586,0.9764460325241089,1.0,1.14
199719,0.9805553555488586,0.9764460325241089,1.0,1.14
199819,0.9805553555488586,0.9764460325241089,1.0,1.14
199919,0.9805553555488586,0.9764460325241089,1.0,1.14
200019,0.9805553555488586,0.9764460325241089,1.0,1.14
200119,0.9805553555488586,0.9764460325241089,1.0,1.14
200219,0.9805553555488586,0.9764460325241089,1.0,1.14
200319,0.9805553555488586,0.9764460325241089,1.0,1.14
200419,0.9805553555488586,0.9764460325241089,1.0,1.14
200519,0.9805553555488586,0.9764460325241089,1.0,1.14
200619,0.9805553555488586,0.9764460325241089,1.0,1.14
200719,0.9805553555488586,0.9764460325241089,1.0,1.14
200819,0.9805553555488586,0.9764460325241089,1.0,1.14
200919,0.9805553555488586,0.9764460325241089,1.0,1.14
201019,0.9805553555488586,0.9764460325241089,1.0,1.14
201119,0.9805553555488586,0.9764460325241089,1.0,1.14
201219,0.9805553555488586,0.9764460325241089,1.0,1.14
201319,0.9805553555488586,0.9764460325241089,1.0,1.14
201419,0.9805553555488586,0.9764460325241089,1.0,1.14
201519,0.9805553555488586,0.9764460325241089,1.0,1.14
201619,0.9805553555488586,0.9764460325241089,1.0,1.14
201719,0.9805553555488586,0.9764460325241089,1.0,1.14
201819,0.9805553555488586,0.9764460325241089,1.0,1.14
201919,0.9805553555488586,0.9764460325241089,1.0,1.14
202019,0.9805553555488586,0.9764460325241089,1.0,1.14
202119,0.9805553555488586,0.9764460325241089,1.0,1.14
202219,0.9805553555488586,0.9764460325241089,1.0,1.14
202319,0.9805553555488586,0.9764460325241089,1.0,1.14
202419,0.9805553555488586,0.9764460325241089,1.0,1.14
202519,0.9805553555488586,0.9764460325241089,1.0,1.14
202619,0.9805553555488586,0.9764460325241089,1.0,1.14
202719,0.9805553555488586,0.9764460325241089,1.0,1.14
202819,0.9805553555488586,0.9764460325241089,1.0,1.14
202919,0.9805553555488586,0.9764460325241089,1.0,1.14
203019,0.9805553555488586,0.9764460325241089,1.0,1.14
203119,0.9805553555488586,0.9764460325241089,1.0,1.14
203219,0.9805553555488586,0.9764460325241089,1.0,1.14
203319,0.9805553555488586,0.9764460325241089,1.0,1.14
203419,0.9805553555488586,0.9764460325241089,1.0,1.14
203519,0.9805553555488586,0.9764460325241089,1.0,1.14
203619,0.9805553555488586,0.9764460325241089,1.0,1.14
203719,0.9805553555488586,0.9764460325241089,1.0,1.14
203819,0.9805553555488586,0.9764460325241089,1.0,1.14
203919,0.9805553555488586,0.9764460325241089,1.0,1.14
204019,0.9805553555488586,0.9764460325241089,1.0,1.14
204119,0.9805553555488586,0.9764460325241089,1.0,1.14
204219,0.9805553555488586,0.9764460325241089,1.0,1.14
204319,0.9805553555488586,0.9764460325241089,1.0,1.14
204419,0.9805553555488586,0.9764460325241089,1.0,1.14
204519,0.9805553555488586,0.9764460325241089,1.0,1.14
204619,0.9805553555488586,0.9764460325241089,1.0,1.14
204719,0.9805553555488586,0.9764460325241089,1.0,1.14
204819,0.9805553555488586,0.9764460325241089,1.0,1.14
204919,0.9805553555488586,0.9764460325241089,1.0,1.14
205019,0.9805553555488586,0.9764460325241089,1.0,1.14
205119,0.9805553555488586,0.9764460325241089,1.0,1.14
205219,0.9805553555488586,0.9764460325241089,1.0,1.14
205319,0.9805553555488586,0.9764460325241089,1.0,1.14
205419,0.9805553555488586,0.9764460325241089,1.0,1.14
205519,0.9805553555488586,0.9764460325241089,1.0,1.14
205619,0.9805553555488586,0.9764460325241089,1.0,1.14
205719,0.9805553555488586,0.9764460325241089,1.0,1.14
205819,0.9805553555488586,0.9764460325241089,1.0,1.14
205919,0.9805553555488586,0.9764460325241089,1.0,1.14
206019,0.9805553555488586,0.9764460325241089,1.0,1.14
206119,0.9805553555488586,0.9764460325241089,1.0,1.14
206219,0.9805553555488586,0.9764460325241089,1.0,1.14
206319,0.9805553555488586,0.9764460325241089,1.0,1.14
206419,0.9805553555488586,0.9764460325241089,1.0,1.14
206519,0.9805553555488586,0.9764460325241089,1.0,1.14
206619,0.9805553555488586,0.9764460325241089,1.0,1.14
206719,0.9805553555488586,0.9764460325241089,1.0,1.14
206819,0.9805553555488586,0.9764460325241089,1.0,1.14
206919,0.9805553555488586,0.9764460325241089,1.0,1.14
207019,0.9805553555488586,0.9764460325241089,1.0,1.14
207119,0.9805553555488586,0.9764460325241089,1.0,1.14
207219,0.9805553555488586,0.9764460325241089,1.0,1.14
207319,0.9805553555488586,0.9764460325241089,1.0,1.14
207419,0.9805553555488586,0.9764460325241089,1.0,1.14
207519,0.9805553555488586,0.9764460325241089,1.0,1.14
207619,0.9805553555488586,0.9764460325241089,1.0,1.14
207719,0.9805553555488586,0.9764460325241089,1.0,1.14
207819,0.9805553555488586,0.9764460325241089,1.0,1.14
207919,0.9805553555488586,0.9764460325241089,1.0,1.14
208019,0.9805553555488586,0.9764460325241089,1.0,1.14
208119,0.9805553555488586,0.9764460325241089,1.0,1.14
208219,0.9805553555488586,0.9764460325241089,1.0,1.14
208319,0.9805553555488586,0.9764460325241089,1.0,1.14
208419,0.9805553555488586,0.9764460325241089,1.0,1.14
208519,0.9805553555488586,0.9764460325241089,1.0,1.14
208619,0.9805553555488586,0.9764460325241089,1.0,1.14
208719,0.9805553555488586,0.9764460325241089,1.0,1.14
208819,0.9805553555488586,0.9764460325241089,1.0,1.14
208919,0.9805553555488586,0.9764460325241089,1.0,1.14
209019,0.9805553555488586,0.9764460325241089,1.0,1.14
209119,0.9805553555488586,0.9764460325241089,1.0,1.14
209219,0.9805553555488586,0.9764460325241089,1.0,1.14
209319,0.9805553555488586,0.9764460325241089,1.0,1.14
209419,0.9805553555488586,0.9764460325241089,1.0,1.14
209519,0.9805553555488586,0.9764460325241089,1.0,1.14
209619,0.9805553555488586,0.9764460325241089,1.0,1.14
209719,0.9805553555488586,0.9764460325241089,1.0,1.14
209819,0.9805553555488586,0.9764460325241089,1.0,1.14
209919,0.9805553555488586,0.9764460325241089,1.0,1.14
210019,0.9805553555488586,0.9764460325241089,1.0,1.14
210119,0.9805553555488586,0.9764460325241089,1.0,1.14
210219,0.9805553555488586,0.9764460325241089,1.0,1.14
210319,0.9805553555488586,0.9764460325241089,1.0,1.14
210419,0.9805553555488586,0.9764460325241089,1.0,1.14
210519,0.9805553555488586,0.9764460325241089,1.0,1.14
210619,0.9805553555488586,0.9764460325241089,1.0,1.14
210719,0.9805553555488586,0.9764460325241089,1.0,1.14
210819,0.9805553555488586,0.9764460325241089,1.0,1.14
210919,0.9805553555488586,0.9764460325241089,1.0,1.14
211019,0.9805553555488586,0.9764460325241089,1.0,1.14
211119,0.9805553555488586,0.9764460325241089,1.0,1.14
211219,0.9805553555488586,0.9764460325241089,1.0,1.14
211319,0.9805553555488586,0.9764460325241089,1.0,1.14
211419,0.9805553555488586,0.9764460325241089,1.0,1.14
211519,0.9805553555488586,0.9764460325241089,1.0,1.14
211619,0.9805553555488586,0.9764460325241089,1.0,1.14
211719,0.9805553555488586,0.9764460325241089,1.0,1.14
211819,0.9805553555488586,0.9764460325241089,1.0,1.14
211919,0.9805553555488586,0.9764460325241089,1.0,1.14
212019,0.9805553555488586,0.9764460325241089,1.0,1.14
212119,0.9805553555488586,0.9764460325241089,1.0,1.14
212219,0.9805553555488586,0.9764460325241089,1.0,1.14
212319,0.9805553555488586,0.9764460325241089,1.0,1.14
212419,0.9805553555488586,0.9764460325241089,1.0,1.14
212519,0.9805553555488586,0.9764460325241089,1.0,1.14
212619,0.9805553555488586,0.9764460325241089,1.0,1.14
212719,0.9805553555488586,0.9764460325241089,1.0,1.14
212819,0.9805553555488586,0.9764460325241089,1.0,1.14
212919,0.9805553555488586,0.9764460325241089,1.0,1.14
213019,0.9805553555488586,0.9764460325241089,1.0,1.14
213119,0.9805553555488586,0.9764460325241089,1.0,1.14
213219,0.9805553555488586,0.9764460325241089,1.0,1.14
213319,0.9805553555488586,0.9764460325241089,1.0,1.14
213419,0.9805553555488586,0.9764460325241089,1.0,1.14
213519,0.9805553555488586,0.9764460325241089,1.0,1.14
213619,0.9805553555488586,0.9764460325241089,1.0,1.14
213719,0.9805553555488586,0.9764460325241089,1.0,1.14
213819,0.9805553555488586,0.9764460325241089,1.0,1.14
213919,0.9805553555488586,0.9764460325241089,1.0,1.14
214019,0.9805553555488586,0.9764460325241089,1.0,1.14
214119,0.9805553555488586,0.9764460325241089,1.0,1.14
214219,0.9805553555488586,0.9764460325241089,1.0,1.14
214319,0.9805553555488586,0.9764460325241089,1.0,1.14
214419,0.9805553555488586,0.9764460325241089,1.0,1.14
214519,0.9805553555488586,0.9764460325241089,1.0,1.14
214619,0.9805553555488586,0.9764460325241089,1.0,1.14
214719,0.9805553555488586,0.9764460325241089,1.0,1.14
214819,0.9805553555488586,0.9764460325241089,1.0,1.14
214919,0.9805553555488586,0.9764460325241089,1.0,1.14
215019,0.9805553555488586,0.9764460325241089,1.0,1.14
215119,0.9805553555488586,0.9764460325241089,1.0,1.14
215219,0.9805553555488586,0.9764460325241089,1.0,1.14
215319,0.9805553555488586,0.9764460325241089,1.0,1.14
215419,0.9805553555488586,0.9764460325241089,1.0,1.14
215519,0.9805553555488586,0.9764460325241089,1.0,1.14
215619,0.9805553555488586,0.9764460325241089,1.0,1.14
215719,0.9805553555488586,0.9764460325241089,1.0,1.14
215819,0.9805553555488586,0.9764460325241089,1.0,1.14
215919,0.9805553555488586,0.9764460325241089,1.0,1.14
216019,0.9805553555488586,0.9764460325241089,1.0,1.14
216119,0.9805553555488586,0.9764460325241089,1.0,1.14
216219,0.9805553555488586,0.9764460325241089,1.0,1.14
216319,0.9805553555488586,0.9764460325241089,1.0,1.14
216419,0.9805553555488586,0.9764460325241089,1.0,1.14
216519,0.9805553555488586,0.9764460325241089,1.0,1.14
216619,0.9805553555488586,0.9764460325241089,1.0,1.14
216719,0.9805553555488586,0.9764460325241089,1.0,1.14
216819,0.9805553555488586,0.9764460325241089,1.0,1.14
216919,0.9805553555488586,0.9764460325241089,1.0,1.14
217019,0.9805553555488586,0.9764460325241089,1.0,1.14
217119,0.9805553555488586,0.9764460325241089,1.0,1.14
217219,0.9805553555488586,0.9764460325241089,1.0,1.14
217319,0.9805553555488586,0.9764460325241089,1.0,1.14
217419,0.9805553555488586,0.9764460325241089,1.0,1.14
217519,0.9805553555488586,0.9764460325241089,1.0,1.14
229624,0.9805553555488586,0.9764460325241089,1.0,1.14
229724,0.9805553555488586,0.9764460325241089,1.0,1.14
229824,0.9805553555488586,0.9764460325241089,1.0,1.14
229924,0.9805553555488586,0.9764460325241089,1.0,1.14
230024,0.9805553555488586,0.9764460325241089,1.0,1.14
230124,0.9805553555488586,0.9764460325241089,1.0,1.14
230224,0.9805553555488586,0.9764460325241089,1.0,1.14
230324,0.9805553555488586,0.9764460325241089,1.0,1.14
230424,0.9805553555488586,0.9764460325241089,1.0,1.14
230524,0.9805553555488586,0.9764460325241089,1.0,1.14
230624,0.9805553555488586,0.9764460325241089,1.0,1.14
230724,0.9805553555488586,0.9764460325241089,1.0,1.14
230824,0.9805553555488586,0.9764460325241089,1.0,1.14
230924,0.9805553555488586,0.9764460325241089,1.0,1.14
231024,0.9805553555488586,0.9764460325241089,1.0,1.14
231124,0.9805553555488586,0.9764460325241089,1.0,1.14
231224,0.9805553555488586,0.9764460325241089,1.0,1.14
231324,0.9805553555488586,0.9764460325241089,1.0,1.14
231424,0.9805553555488586,0.9764460325241089,1.0,1.14
231524,0.9805553555488586,0.9764460325241089,1.0,1.14
231624,0.9805553555488586,0.9764460325241089,1.0,1.14
231724,0.9805553555488586,0.9764460325241089,1.0,1.14
231824,0.9805553555488586,0.9764460325241089,1.0,1.14
231924,0.9805553555488586,0.9764460325241089,1.0,1.14
232024,0.9805553555488586,0.9764460325241089,1.0,1.14
232124,0.9805553555488586,0.9764460325241089,1.0,1.14
232224,0.9805553555488586,0.9764460325241089,1.0,1.14
232324,0.9805553555488586,0.9764460325241089,1.0,1.14
232424,0.9805553555488586,0.9764460325241089,1.0,1.14
232524,0.9805553555488586,0.9764460325241089,1.0,1.14
232624,0.9805553555488586,0.9764460325241089,1.0,1.14
232724,0.9805553555488586,0.9764460325241089,1.0,1.14
232824,0.9805553555488586,0.9764460325241089,1.0,1.14
232924,0.9805553555488586,0.9764460325241089,1.0,1.14
233024,0.9805553555488586,0.9764460325241089,1.0,1.14
233124,0.9805553555488586,0.9764460325241089,1.0,1.14
233224,0.9805553555488586,0.9764460325241089,1.0,1.14
233324,0.9805553555488586,0.9764460325241089,1.0,1.14
233424,0.9805553555488586,0.9764460325241089,1.0,1.14
233524,0.9805553555488586,0.9764460325241089,1.0,1.14
233624,0.9805553555488586,0.9764460325241089,1.0,1.14
233724,0.9805553555488586,0.9764460325241089,1.0,1.14
233824,0.9805553555488586,0.9764460325241089,1.0,1.14
233924,0.9805553555488586,0.9764460325241089,1.0,1.14
234024,0.9805553555488586,0.9764460325241089,1.0,1.14
234124,0.9805553555488586,0.9764460325241089,1.0,1.14
234224,0.9805553555488586,0.9764460325241089,1.0,1.14
234324,0.9805553555488586,0.9764460325241089,1.0,1.14
234424,0.9805553555488586,0.9764460325241089,1.0,1.14
234524,0.9805553555488586,0.9764460325241089,1.0,1.14
234624,0.9805553555488586,0.9764460325241089,1.0,1.14
234724,0.9805553555488586,0.9764460325241089,1.0,1.14
234824,0.9805553555488586,0.9764460325241089,1.0,1.14
234924,0.9805553555488586,0.9764460325241089,1.0,1.14
235024,0.9805553555488586,0.9764460325241089,1.0,1.14
235124,0.9805553555488586,0.9764460325241089,1.0,1.14
235224,0.9805553555488586,0.9764460325241089,1.0,1.14
235324,0.9805553555488586,0.9764460325241089,1.0,1.14
235424,0.9805553555488586,0.9764460325241089,1.0,1.14
235524,0.9805553555488586,0.9764460325241089,1.0,1.14
235624,0.9805553555488586,0.9764460325241089,1.0,1.14
235724,0.9805553555488586,0.9764460325241089,1.0,1.14
235824,0.9805553555488586,0.9764460325241089,1.0,1.14
235924,0.9805553555488586,0.9764460325241089,1.0,1.14
236024,0.9805553555488586,0.9764460325241089,1.0,1.14
236124,0.9805553555488586,0.9764460325241089,1.0,1.14
236224,0.9805553555488586,0.9764460325241089,1.0,1.14
236324,0.9805553555488586,0.9764460325241089,1.0,1.14
236424,0.9805553555488586,0.9764460325241089,1.0,1.14
236524,0.9805553555488586,0.9764460325241089,1.0,1.14
236624,0.9805553555488586,0.9764460325241089,1.0,1.14
236724,0.9805553555488586,0.9764460325241089,1.0,1.14
236824,0.9805553555488586,0.9764460325241089,1.0,1.14
236924,0.9805553555488586,0.9764460325241089,1.0,1.14
237024,0.9805553555488586,0.9764460325241089,1.0,1.14
237124,0.9805553555488586,0.9764460325241089,1.0,1.14
237224,0.9805553555488586,0.9764460325241089,1.0,1.14
237324,0.9805553555488586,0.9764460325241089,1.0,1.14
237424,0.9805553555488586,0.9764460325241089,1.0,1.14
237524,0.9805553555488586,0.9764460325241089,1.0,1.14
237624,0.9805553555488586,0.9764460325241089,1.0,1.14
237724,0.9805553555488586,0.9764460325241089,1.0,1.14
237824,0.9805553555488586,0.9764460325241089,1.0,1.14
237924,0.9805553555488586,0.9764460325241089,1.0,1.14
238024,0.9805553555488586,0.9764460325241089,1.0,1.14
238124,0.9805553555488586,0.9764460325241089,1.0,1.14
238224,0.9805553555488586,0.9764460325241089,1.0,1.14
238324,0.9805553555488586,0.9764460325241089,1.0,1.14
238424,0.9805553555488586,0.9764460325241089,1.0,1.14
238524,0.9805553555488586,0.9764460325241089,1.0,1.14
238624,0.9805553555488586,0.9764460325241089,1.0,1.14
238724,0.9805553555488586,0.9764460325241089,1.0,1.14
238824,0.9805553555488586,0.9764460325241089,1.0,1.14
238924,0.9805553555488586,0.9764460325241089,1.0,1.14
239024,0.9805553555488586,0.9764460325241089,1.0,1.14
239124,0.9805553555488586,0.9764460325241089,1.0,1.14
239224,0.9805553555488586,0.9764460325241089,1.0,1.14
239324,0.9805553555488586,0.9764460325241089,1.0,1.14
239424,0.9805553555488586,0.9764460325241089,1.0,1.14
239524,0.9805553555488586,0.9764460325241089,1.0,1.14
239624,0.9805553555488586,0.9764460325241089,1.0,1.14
239724,0.9805553555488586,0.9764460325241089,1.0,1.14
239824,0.9805553555488586,0.9764460325241089,1.0,1.14
239924,0.9805553555488586,0.9764460325241089,1.0,1.14
240024,0.9805553555488586,0.9764460325241089,1.0,1.14
240124,0.9805553555488586,0.9764460325241089,1.0,1.14
240224,0.9805553555488586,0.9764460325241089,1.0,1.14
240324,0.9805553555488586,0.9764460325241089,1.0,1.14
240424,0.9805553555488586,0.9764460325241089,1.0,1.14
240524,0.9805553555488586,0.9764460325241089,1.0,1.14
240624,0.9805553555488586,0.9764460325241089,1.0,1.14
240724,0.9805553555488586,0.9764460325241089,1.0,1.14
240824,0.9805553555488586,0.9764460325241089,1.0,1.14
240924,0.9805553555488586,0.9764460325241089,1.0,1.14
241024,0.9805553555488586,0.9764460325241089,1.0,1.14
241124,0.9805553555488586,0.9764460325241089,1.0,1.14
241224,0.9805553555488586,0.9764460325241089,1.0,1.14
241324,0.9805553555488586,0.9764460325241089,1.0,1.14
241424,0.9805553555488586,0.9764460325241089,1.0,1.14
241524,0.9805553555488586,0.9764460325241089,1.0,1.14
241624,0.9805553555488586,0.9764460325241089,1.0,1.14
241724,0.9805553555488586,0.9764460325241089,1.0,1.14
241824,0.9805553555488586,0.9764460325241089,1.0,1.14
241924,0.9805553555488586,0.9764460325241089,1.0,1.14
242024,0.9805553555488586,0.9764460325241089,1.0,1.14
242124,0.9805553555488586,0.9764460325241089,1.0,1.14
242224,0.9805553555488586,0.9764460325241089,1.0,1.14
242324,0.9805553555488586,0.9764460325241089,1.0,1.14
242424,0.9805553555488586,0.9764460325241089,1.0,1.14
242524,0.9805553555488586,0.9764460325241089,1.0,1.14
242624,0.9805553555488586,0.9764460325241089,1.0,1.14
242724,0.9805553555488586,0.9764460325241089,1.0,1.14
242824,0.9805553555488586,0.9764460325241089,1.0,1.14
242924,0.9805553555488586,0.9764460325241089,1.0,1.14
243024,0.9805553555488586,0.9764460325241089,1.0,1.14
243124,0.9805553555488586,0.9764460325241089,1.0,1.14
243224,0.9805553555488586,0.9764460325241089,1.0,1.14
243324,0.9805553555488586,0.9764460325241089,1.0,1.14
243424,0.9805553555488586,0.9764460325241089,1.0,1.14
243524,0.9805553555488586,0.9764460325241089,1.0,1.14
243624,0.9805553555488586,0.9764460325241089,1.0,1.14
243724,0.9805553555488586,0.9764460325241089,1.0,1.14
243824,0.9805553555488586,0.9764460325241089,1.0,1.14
243924,0.9805553555488586,0.9764460325241089,1.0,1.14
244024,0.9805553555488586,0.9764460325241089,1.0,1.14
244124,0.9805553555488586,0.9764460325241089,1.0,1.14
244224,0.9805553555488586,0.9764460325241089,1.0,1.14
244324,0.9805553555488586,0.9764460325241089,1.0,1.14
244424,0.9805553555488586,0.9764460325241089,1.0,1.14
244524,0.9805553555488586,0.9764460325241089,1.0,1.14
244624,0.9805553555488586,0.9764460325241089,1.0,1.14
244724,0.9805553555488586,0.9764460325241089,1.0,1.14
244824,0.9805553555488586,0.9764460325241089,1.0,1.14
244924,0.9805553555488586,0.9764460325241089,1.0,1.14
245024,0.9805553555488586,0.9764460325241089,1.0,1.14
245124,0.9805553555488586,0.9764460325241089,1.0,1.14
245224,0.9805553555488586,0.9764460325241089,1.0,1.14
245324,0.9805553555488586,0.9764460325241089,1.0,1.14
245424,0.9805553555488586,0.9764460325241089,1.0,1.14
245524,0.9805553555488586,0.9764460325241089,1.0,1.14
245624,0.9805553555488586,0.9764460325241089,1.0,1.14
245724,0.9805553555488586,0.9764460325241089,1.0,1.14
245824,0.9805553555488586,0.9764460325241089,1.0,1.14
245924,0.9805553555488586,0.9764460325241089,1.0,1.14
246024,0.9805553555488586,0.9764460325241089,1.0,1.14
246124,0.9805553555488586,0.9764460325241089,1.0,1.14
246224,0.9805553555488586,0.9764460325241089,1.0,1.14
246324,0.9805553555488586,0.9764460325241089,1.0,1.14
246424,0.9805553555488586,0.9764460325241089,1.0,1.14
246524,0.9805553555488586,0.9764460325241089,1.0,1.14
246624,0.9805553555488586,0.9764460325241089,1.0,1.14
246724,0.9805553555488586,0.9764460325241089,1.0,1.14
246824,0.9805553555488586,0.9764460325241089,1.0,1.14
246924,0.9805553555488586,0.9764460325241089,1.0,1.14
247024,0.9805553555488586,0.9764460325241089,1.0,1.14
247124,0.9805553555488586,0.9764460325241089,1.0,1.14
247224,0.9805553555488586,0.9764460325241089,1.0,1.14
247324,0.9805553555488586,0.9764460325241089,1.0,1.14
247424,0.9805553555488586,0.9764460325241089,1.0,1.14
247524,0.9805553555488586,0.9764460325241089,1.0,1.14
247624,0.9805553555488586,0.9764460325241089,1.0,1.14
247724,0.9805553555488586,0.9764460325241089,1.0,1.14
247824,0.9805553555488586,0.9764460325241089,1.0,1.14
247924,0.9805553555488586,0.9764460325241089,1.0,1.14
248024,0.9805553555488586,0.9764460325241089,1.0,1.14
248124,0.9805553555488586,0.9764460325241089,1.0,1.14
248224,0.9805553555488586,0.9764460325241089,1.0,1.14
248324,0.9805553555488586,0.9764460325241089,1.0,1.14
248424,0.9805553555488586,0.9764460325241089,1.0,1.14
248524,0.9805553555488586,0.9764460325241089,1.0,1.14
248624,0.9805553555488586,0.9764460325241089,1.0,1.14
248724,0.9805553555488586,0.9764460325241089,1.0,1.14
248824,0.9805553555488586,0.9764460325241089,1.0,1.14
248924,0.9805553555488586,0.9764460325241089,1.0,1.14
249024,0.9805553555488586,0.9764460325241089,1.0,1.14
249124,0.9805553555488586,0.9764460325241089,1.0,1.14
249224,0.9805553555488586,0.9764460325241089,1.0,1.14
249324,0.9805553555488586,0.9764460325241089,1.0,1.14
249424,0.9805553555488586,0.9764460325241089,1.0,1.14
249524,0.9805553555488586,0.9764460325241089,1.0,1.14
249624,0.9805553555488586,0.9764460325241089,1.0,1.14
249724,0.9805553555488586,0.9764460325241089,1.0,1.14
249824,0.9805553555488586,0.9764460325241089,1.0,1.14
249924,0.9805553555488586,0.9764460325241089,1.0,1.14
250024,0.9805553555488586,0.9764460325241089,1.0,1.14
250124,0.9805553555488586,0.9764460325241089,1.0,1.14
250224,0.9805553555488586,0.9764460325241089,1.0,1.14
250324,0.9805553555488586,0.9764460325241089,1.0,1.14
250424,0.9805553555488586,0.9764460325241089,1.0,1.14
250524,0.9805553555488586,0.9764460325241089,1.0,1.14
250624,0.9805553555488586,0.9764460325241089,1.0,1.14
250724,0.9805553555488586,0.9764460325241089,1.0,1.14
250824,0.9805553555488586,0.9764460325241089,1.0,1.14
250924,0.9805553555488586,0.9764460325241089,1.0,1.14
251024,0.9805553555488586,0.9764460325241089,1.0,1.14
251124,0.9805553555488586,0.9764460325241089,1.0,1.14
251224,0.9805553555488586,0.9764460325241089,1.0,1.14
251324,0.9805553555488586,0.9764460325241089,1.0,1.14
251424,0.9805553555488586,0.9764460325241089,1.0,1.14
251524,0.9805553555488586,0.9764460325241089,1.0,1.14
251624,0.9805553555488586,0.9764460325241089,1.0,1.14
251724,0.9805553555488586,0.9764460325241089,1.0,1.14
251824,0.9805553555488586,0.9764460325241089,1.0,1.14
251924,0.9805553555488586,0.9764460325241089,1.0,1.14
252024,0.9805553555488586,0.9764460325241089,1.0,1.14
252124,0.9805553555488586,0.9764460325241089,1.0,1.14
252224,0.9805553555488586,0.9764460325241089,1.0,1.14
252324,0.9805553555488586,0.9764460325241089,1.0,1.14
252424,0.9805553555488586,0.9764460325241089,1.0,1.14
252524,0.9805553555488586,0.9764460325241089,1.0,1.14
252624,0.9805553555488586,0.9764460325241089,1.0,1.14
252724,0.9805553555488586,0.9764460325241089,1.0,1.14
252824,0.9805553555488586,0.9764460325241089,1.0,1.14
252924,0.9805553555488586,0.9764460325241089,1.0,1.14
253024,0.9805553555488586,0.9764460325241089,1.0,1.14
253124,0.9805553555488586,0.9764460325241089,1.0,1.14
253224,0.9805553555488586,0.9764460325241089,1.0,1.14
253324,0.9805553555488586,0.9764460325241089,1.0,1.14
253424,0.9805553555488586,0.9764460325241089,1.0,1.14
253524,0.9805553555488586,0.9764460325241089,1.0,1.14
253624,0.9805553555488586,0.9764460325241089,1.0,1.14
253724,0.9805553555488586,0.9764460325241089,1.0,1.14
253824,0.9805553555488586,0.9764460325241089,1.0,1.14
253924,0.9805553555488586,0.9764460325241089,1.0,1.14
254024,0.9805553555488586,0.9764460325241089,1.0,1.14
254124,0.9805553555488586,0.9764460325241089,1.0,1.14
254224,0.9805553555488586,0.9764460325241089,1.0,1.14
254324,0.9805553555488586,0.9764460325241089,1.0,1.14
254424,0.9805553555488586,0.9764460325241089,1.0,1.14
254524,0.9805553555488586,0.9764460325241089,1.0,1.14
254624,0.9805553555488586,0.9764460325241089,1.0,1.14
254724,0.9805553555488586,0.9764460325241089,1.0,1.14
254824,0.9805553555488586,0.9764460325241089,1.0,1.14
254924,0.9805553555488586,0.9764460325241089,1.0,1.14
255024,0.9805553555488586,0.9764460325241089,1.0,1.14
255124,0.9805553555488586,0.9764460325241089,1.0,1.14
255224,0.9805553555488586,0.9764460325241089,1.0,1.14
255324,0.9805553555488586,0.9764460325241089,1.0,1.14
255424,0.9805553555488586,0.9764460325241089,1.0,1.14
255524,0.9805553555488586,0.9764460325241089,1.0,1.14
255624,0.9805553555488586,0.9764460325241089,1.0,1.14
255724,0.9805553555488586,0.9764460325241089,1.0,1.14
255824,0.9805553555488586,0.9764460325241089,1.0,1.14
255924,0.9805553555488586,0.9764460325241089,1.0,1.14
256024,0.9805553555488586,0.9764460325241089,1.0,1.14
256124,0.9805553555488586,0.9764460325241089,1.0,1.14
256224,0.9805553555488586,0.9764460325241089,1.0,1.14
256324,0.9805553555488586,0.9764460325241089,1.0,1.14
256424,0.9805553555488586,0.9764460325241089,1.0,1.14
256524,0.9805553555488586,0.9764460325241089,1.0,1.14
256624,0.9805553555488586,0.9764460325241089,1.0,1.14
256724,0.9805553555488586,0.9764460325241089,1.0,1.14
256824,0.9805553555488586,0.9764460325241089,1.0,1.14
256924,0.9805553555488586,0.9764460325241089,1.0,1.14
257024,0.9805553555488586,0.9764460325241089,1.0,1.14
257124,0.9805553555488586,0.9764460325241089,1.0,1.14
257224,0.9805553555488586,0.9764460325241089,1.0,1.14
257324,0.9805553555488586,0.9764460325241089,1.0,1.14
285224,0.9805553555488586,0.9764460325241089,1.0,1.16
285324,0.9805553555488586,0.9764460325241089,1.0,1.16
285424,0.9805553555488586,0.9764460325241089,1.0,1.16
285524,0.9805553555488586,0.9764460325241089,1.0,1.16
285624,0.9805553555488586,0.9764460325241089,1.0,1.16
285724,0.9805553555488586,0.9764460325241089,1.0,1.16
285824,0.9805553555488586,0.9764460325241089,1.0,1.16
285924,0.9805553555488586,0.9764460325241089,1.0,1.16
286024,0.9805553555488586,0.9764460325241089,1.0,1.16
286124,0.9805553555488586,0.9764460325241089,1.0,1.16
286224,0.9805553555488586,0.9764460325241089,1.0,1.16
286324,0.9805553555488586,0.9764460325241089,1.0,1.16
286424,0.9805553555488586,0.9764460325241089,1.0,1.16
286524,0.9805553555488586,0.9764460325241089,1.0,1.16
286624,0.9805553555488586,0.9764460325241089,1.0,1.16
286724,0.9805553555488586,0.9764460325241089,1.0,1.16
286824,0.9805553555488586,0.9764460325241089,1.0,1.16
286924,0.9805553555488586,0.9764460325241089,1.0,1.16
287024,0.9805553555488586,0.9764460325241089,1.0,1.16
287124,0.9805553555488586,0.9764460325241089,1.0,1.16
287224,0.9805553555488586,0.9764460325241089,1.0,1.16
287324,0.9805553555488586,0.9764460325241089,1.0,1.16
287424,0.9805553555488586,0.9764460325241089,1.0,1.16
287524,0.9805553555488586,0.9764460325241089,1.0,1.16
287624,0.9805553555488586,0.9764460325241089,1.0,1.16
287724,0.9805553555488586,0.9764460325241089,1.0,1.16
287824,0.9805553555488586,0.9764460325241089,1.0,1.16
287924,0.9805553555488586,0.9764460325241089,1.0,1.16
288024,0.9805553555488586,0.9764460325241089,1.0,1.16
288124,0.9805553555488586,0.9764460325241089,1.0,1.16
288224,0.9805553555488586,0.9764460325241089,1.0,1.16
288324,0.9805553555488586,0.9764460325241089,1.0,1.16
288424,0.9805553555488586,0.9764460325241089,1.0,1.16
288524,0.9805553555488586,0.9764460325241089,1.0,1.16
288624,0.9805553555488586,0.9764460325241089,1.0,1.16
288724,0.9805553555488586,0.9764460325241089,1.0,1.16
288824,0.9805553555488586,0.9764460325241089,1.0,1.16
288924,0.9805553555488586,0.9764460325241089,1.0,1.16
289024,0.9805553555488586,0.9764460325241089,1.0,1.16
289124,0.9805553555488586,0.9764460325241089,1.0,1.16
289224,0.9805553555488586,0.9764460325241089,1.0,1.16
289324,0.9805553555488586,0.9764460325241089,1.0,1.16
289424,0.9805553555488586,0.9764460325241089,1.0,1.16
289524,0.9805553555488586,0.9764460325241089,1.0,1.16
289624,0.9805553555488586,0.9764460325241089,1.0,1.16
289724,0.9805553555488586,0.9764460325241089,1.0,1.16
289824,0.9805553555488586,0.9764460325241089,1.0,1.16
289924,0.9805553555488586,0.9764460325241089,1.0,1.16
290024,0.9805553555488586,0.9764460325241089,1.0,1.16
290124,0.9805553555488586,0.9764460325241089,1.0,1.16
290224,0.9805553555488586,0.9764460325241089,1.0,1.16
290324,0.9805553555488586,0.9764460325241089,1.0,1.16
290424,0.9805553555488586,0.9764460325241089,1.0,1.16
290524,0.9805553555488586,0.9764460325241089,1.0,1.16
290624,0.9805553555488586,0.9764460325241089,1.0,1.16
290724,0.9805553555488586,0.9764460325241089,1.0,1.16
290824,0.9805553555488586,0.9764460325241089,1.0,1.16
290924,0.9805553555488586,0.9764460325241089,1.0,1.16
291024,0.9805553555488586,0.9764460325241089,1.0,1.16
291124,0.9805553555488586,0.9764460325241089,1.0,1.16
291224,0.9805553555488586,0.9764460325241089,1.0,1.16
291324,0.9805553555488586,0.9764460325241089,1.0,1.16
291424,0.9805553555488586,0.9764460325241089,1.0,1.16
291524,0.9805553555488586,0.9764460325241089,1.0,1.16
291624,0.9805553555488586,0.9764460325241089,1.0,1.16
291724,0.9805553555488586,0.9764460325241089,1.0,1.16
291824,0.9805553555488586,0.9764460325241089,1.0,1.16
291924,0.9805553555488586,0.9764460325241089,1.0,1.16
292024,0.9805553555488586,0.9764460325241089,1.0,1.16
292124,0.9805553555488586,0.9764460325241089,1.0,1.16
292224,0.9805553555488586,0.9764460325241089,1.0,1.16
292324,0.9805553555488586,0.9764460325241089,1.0,1.16
292424,0.9805553555488586,0.9764460325241089,1.0,1.16
292524,0.9805553555488586,0.9764460325241089,1.0,1.16
292624,0.9805553555488586,0.9764460325241089,1.0,1.16
292724,0.9805553555488586,0.9764460325241089,1.0,1.16
292824,0.9805553555488586,0.9764460325241089,1.0,1.16
292924,0.9805553555488586,0.9764460325241089,1.0,1.16
293024,0.9805553555488586,0.9764460325241089,1.0,1.16
293124,0.9805553555488586,0.9764460325241089,1.0,1.16
293224,0.9805553555488586,0.9764460325241089,1.0,1.16
293324,0.9805553555488586,0.9764460325241089,1.0,1.16
293424,0.9805553555488586,0.9764460325241089,1.0,1.16
293524,0.9805553555488586,0.9764460325241089,1.0,1.16
293624,0.9805553555488586,0.9764460325241089,1.0,1.16
293724,0.9805553555488586,0.9764460325241089,1.0,1.16
293824,0.9805553555488586,0.9764460325241089,1.0,1.16
293924,0.9805553555488586,0.9764460325241089,1.0,1.16
294024,0.9805553555488586,0.9764460325241089,1.0,1.16
294124,0.9805553555488586,0.9764460325241089,1.0,1.16
294224,0.9805553555488586,0.9764460325241089,1.0,1.16
294324,0.9805553555488586,0.9764460325241089,1.0,1.16
294424,0.9805553555488586,0.9764460325241089,1.0,1.16
294524,0.9805553555488586,0.9764460325241089,1.0,1.16
294624,0.9805553555488586,0.9764460325241089,1.0,1.16
294724,0.9805553555488586,0.9764460325241089,1.0,1.16
294824,0.9805553555488586,0.9764460325241089,1.0,1.16
294924,0.9805553555488586,0.9764460325241089,1.0,1.16
295024,0.9805553555488586,0.9764460325241089,1.0,1.16
295124,0.9805553555488586,0.9764460325241089,1.0,1.16
295224,0.9805553555488586,0.9764460325241089,1.0,1.16
295324,0.9805553555488586,0.9764460325241089,1.0,1.16
295424,0.9805553555488586,0.9764460325241089,1.0,1.16
295524,0.9805553555488586,0.9764460325241089,1.0,1.16
295624,0.9805553555488586,0.9764460325241089,1.0,1.16
295724,0.9805553555488586,0.9764460325241089,1.0,1.16
295824,0.9805553555488586,0.9764460325241089,1.0,1.16
295924,0.9805553555488586,0.9764460325241089,1.0,1.16
296024,0.9805553555488586,0.9764460325241089,1.0,1.16
296124,0.9805553555488586,0.9764460325241089,1.0,1.16
296224,0.9805553555488586,0.9764460325241089,1.0,1.16
296324,0.9805553555488586,0.9764460325241089,1.0,1.16
296424,0.9805553555488586,0.9764460325241089,1.0,1.16
296524,0.9805553555488586,0.9764460325241089,1.0,1.16
296624,0.9805553555488586,0.9764460325241089,1.0,1.16
296724,0.9805553555488586,0.9764460325241089,1.0,1.16
296824,0.9805553555488586,0.9764460325241089,1.0,1.16
296924,0.9805553555488586,0.9764460325241089,1.0,1.16
297024,0.9805553555488586,0.9764460325241089,1.0,1.16
297124,0.9805553555488586,0.9764460325241089,1.0,1.16
297224,0.9805553555488586,0.9764460325241089,1.0,1.16
297324,0.9805553555488586,0.9764460325241089,1.0,1.16
297424,0.9805553555488586,0.9764460325241089,1.0,1.16
297524,0.9805553555488586,0.9764460325241089,1.0,1.16
297624,0.9805553555488586,0.9764460325241089,1.0,1.16
297724,0.9805553555488586,0.9764460325241089,1.0,1.16
297824,0.9805553555488586,0.9764460325241089,1.0,1.16
297924,0.9805553555488586,0.9764460325241089,1.0,1.16
298024,0.9805553555488586,0.9764460325241089,1.0,1.16
298124,0.9805553555488586,0.9764460325241089,1.0,1.16
298224,0.9805553555488586,0.9764460325241089,1.0,1.16
298324,0.9805553555488586,0.9764460325241089,1.0,1.16
298424,0.9805553555488586,0.9764460325241089,1.0,1.16
298524,0.9805553555488586,0.9764460325241089,1.0,1.16
298624,0.9805553555488586,0.9764460325241089,1.0,1.16
298724,0.9805553555488586,0.9764460325241089,1.0,1.16
298824,0.9805553555488586,0.9764460325241089,1.0,1.16
298924,0.9805553555488586,0.9764460325241089,1.0,1.16
299024,0.9805553555488586,0.9764460325241089,1.0,1.16
299124,0.9805553555488586,0.9764460325241089,1.0,1.16
299224,0.9805553555488586,0.9764460325241089,1.0,1.16
299324,0.9805553555488586,0.9764460325241089,1.0,1.16
299424,0.9805553555488586,0.9764460325241089,1.0,1.16
299524,0.9805553555488586,0.9764460325241089,1.0,1.16
299624,0.9805553555488586,0.9764460325241089,1.0,1.16
299724,0.9805553555488586,0.9764460325241089,1.0,1.16
299824,0.9805553555488586,0.9764460325241089,1.0,1.16
299924,0.9805553555488586,0.9764460325241089,1.0,1.16
300024,0.9805553555488586,0.9764460325241089,1.0,1.16
300124,0.9805553555488586,0.9764460325241089,1.0,1.16
300224,0.9805553555488586,0.9764460325241089,1.0,1.16
300324,0.9805553555488586,0.9764460325241089,1.0,1.16
300424,0.9805553555488586,0.9764460325241089,1.0,1.16
300524,0.9805553555488586,0.9764460325241089,1.0,1.16
300624,0.9805553555488586,0.9764460325241089,1.0,1.16
300724,0.9805553555488586,0.9764460325241089,1.0,1.16
300824,0.9805553555488586,0.9764460325241089,1.0,1.16
300924,0.9805553555488586,0.9764460325241089,1.0,1.16
301024,0.9805553555488586,0.9764460325241089,1.0,1.16
301124,0.9805553555488586,0.9764460325241089,1.0,1.16
301224,0.9805553555488586,0.9764460325241089,1.0,1.16
301324,0.9805553555488586,0.9764460325241089,1.0,1.16
301424,0.9805553555488586,0.9764460325241089,1.0,1.16
301524,0.9805553555488586,0.9764460325241089,1.0,1.16
301624,0.9805553555488586,0.9764460325241089,1.0,1.16
301724,0.9805553555488586,0.9764460325241089,1.0,1.16
301824,0.9805553555488586,0.9764460325241089,1.0,1.16
301924,0.9805553555488586,0.9764460325241089,1.0,1.16
302024,0.9805553555488586,0.9764460325241089,1.0,1.16
302124,0.9805553555488586,0.9764460325241089,1.0,1.16
302224,0.9805553555488586,0.9764460325241089,1.0,1.16
302324,0.9805553555488586,0.9764460325241089,1.0,1.16
302424,0.9805553555488586,0.9764460325241089,1.0,1.16
302524,0.9805553555488586,0.9764460325241089,1.0,1.16
302624,0.9805553555488586,0.9764460325241089,1.0,1.16
302724,0.9805553555488586,0.9764460325241089,1.0,1.16
302824,0.9805553555488586,0.9764460325241089,1.0,1.16
302924,0.9805553555488586,0.9764460325241089,1.0,1.16
303024,0.9805553555488586,0.9764460325241089,1.0,1.16
303124,0.9805553555488586,0.9764460325241089,1.0,1.16
303224,0.9805553555488586,0.9764460325241089,1.0,1.16
303324,0.9805553555488586,0.9764460325241089,1.0,1.16
303424,0.9805553555488586,0.9764460325241089,1.0,1.16
303524,0.9805553555488586,0.9764460325241089,1.0,1.16
303624,0.9805553555488586,0.9764460325241089,1.0,1.16
303724,0.9805553555488586,0.9764460325241089,1.0,1.16
303824,0.9805553555488586,0.9764460325241089,1.0,1.16
303924,0.9805553555488586,0.9764460325241089,1.0,1.16
304024,0.9805553555488586,0.9764460325241089,1.0,1.16
304124,0.9805553555488586,0.9764460325241089,1.0,1.16
304224,0.9805553555488586,0.9764460325241089,1.0,1.16
304324,0.9805553555488586,0.9764460325241089,1.0,1.16
304424,0.9805553555488586,0.9764460325241089,1.0,1.16
304524,0.9805553555488586,0.9764460325241089,1.0,1.16
304624,0.9805553555488586,0.9764460325241089,1.0,1.16
304724,0.9805553555488586,0.9764460325241089,1.0,1.16
304824,0.9805553555488586,0.9764460325241089,1.0,1.16
304924,0.9805553555488586,0.9764460325241089,1.0,1.16
305024,0.9805553555488586,0.9764460325241089,1.0,1.16
305124,0.9805553555488586,0.9764460325241089,1.0,1.16
305224,0.9805553555488586,0.9764460325241089,1.0,1.16
305324,0.9805553555488586,0.9764460325241089,1.0,1.16
305424,0.9805553555488586,0.9764460325241089,1.0,1.16
305524,0.9805553555488586,0.9764460325241089,1.0,1.16
305624,0.9805553555488586,0.9764460325241089,1.0,1.16
305724,0.9805553555488586,0.9764460325241089,1.0,1.16
305824,0.9805553555488586,0.9764460325241089,1.0,1.16
305924,0.9805553555488586,0.9764460325241089,1.0,1.16
306024,0.9805553555488586,0.9764460325241089,1.0,1.16
306124,0.9805553555488586,0.9764460325241089,1.0,1.16
306224,0.9805553555488586,0.9764460325241089,1.0,1.16
306324,0.9805553555488586,0.9764460325241089,1.0,1.16
306424,0.9805553555488586,0.9764460325241089,1.0,1.16
306524,0.9805553555488586,0.9764460325241089,1.0,1.16
306624,0.9805553555488586,0.9764460325241089,1.0,1.16
306724,0.9805553555488586,0.9764460325241089,1.0,1.16
306824,0.9805553555488586,0.9764460325241089,1.0,1.16
306924,0.9805553555488586,0.9764460325241089,1.0,1.16
307024,0.9805553555488586,0.9764460325241089,1.0,1.16
307124,0.9805553555488586,0.9764460325241089,1.0,1.16
307224,0.9805553555488586,0.9764460325241089,1.0,1.16
307324,0.9805553555488586,0.9764460325241089,1.0,1.16
307424,0.9805553555488586,0.9764460325241089,1.0,1.16
307524,0.9805553555488586,0.9764460325241089,1.0,1.16
307624,0.9805553555488586,0.9764460325241089,1.0,1.16
307724,0.9805553555488586,0.9764460325241089,1.0,1.16
307824,0.9805553555488586,0.9764460325241089,1.0,1.16
307924,0.9805553555488586,0.9764460325241089,1.0,1.16
308024,0.9805553555488586,0.9764460325241089,1.0,1.16
308124,0.9805553555488586,0.9764460325241089,1.0,1.16
308224,0.9805553555488586,0.9764460325241089,1.0,1.16
308324,0.9805553555488586,0.9764460325241089,1.0,1.16
308424,0.9805553555488586,0.9764460325241089,1.0,1.16
308524,0.9805553555488586,0.9764460325241089,1.0,1.16
308624,0.9805553555488586,0.9764460325241089,1.0,1.16
308724,0.9805553555488586,0.9764460325241089,1.0,1.16
308824,0.9805553555488586,0.9764460325241089,1.0,1.16
308924,0.9805553555488586,0.9764460325241089,1.0,1.16
309024,0.9805553555488586,0.9764460325241089,1.0,1.16
309124,0.9805553555488586,0.9764460325241089,1.0,1.16
309224,0.9805553555488586,0.9764460325241089,1.0,1.16
309324,0.9805553555488586,0.9764460325241089,1.0,1.16
309424,0.9805553555488586,0.9764460325241089,1.0,1.16
309524,0.9805553555488586,0.9764460325241089,1.0,1.16
309624,0.9805553555488586,0.9764460325241089,1.0,1.16
309724,0.9805553555488586,0.9764460325241089,1.0,1.16
309824,0.9805553555488586,0.9764460325241089,1.0,1.16
309924,0.9805553555488586,0.9764460325241089,1.0,1.16
310024,0.9805553555488586,0.9764460325241089,1.0,1.16
310124,0.9805553555488586,0.9764460325241089,1.0,1.16
310224,0.9805553555488586,0.9764460325241089,1.0,1.16
310324,0.9805553555488586,0.9764460325241089,1.0,1.16
310424,0.9805553555488586,0.9764460325241089,1.0,1.16
310524,0.9805553555488586,0.9764460325241089,1.0,1.16
310624,0.9805553555488586,0.9764460325241089,1.0,1.16
310724,0.9805553555488586,0.9764460325241089,1.0,1.16
310824,0.9805553555488586,0.9764460325241089,1.0,1.16
310924,0.9805553555488586,0.9764460325241089,1.0,1.16
311024,0.9805553555488586,0.9764460325241089,1.0,1.16
311124,0.9805553555488586,0.9764460325241089,1.0,1.16
311224,0.9805553555488586,0.9764460325241089,1.0,1.16
311324,0.9805553555488586,0.9764460325241089,1.0,1.16
311424,0.9805553555488586,0.9764460325241089,1.0,1.16
311524,0.9805553555488586,0.9764460325241089,1.0,1.16
311624,0.9805553555488586,0.9764460325241089,1.0,1.16
311724,0.9805553555488586,0.9764460325241089,1.0,1.16
311824,0.9805553555488586,0.9764460325241089,1.0,1.16
311924,0.9805553555488586,0.9764460325241089,1.0,1.16
312024,0.9805553555488586,0.9764460325241089,1.0,1.16
312124,0.9805553555488586,0.9764460325241089,1.0,1.16
312224,0.9805553555488586,0.9764460325241089,1.0,1.16
312324,0.9805553555488586,0.9764460325241089,1.0,1.16
312424,0.9805553555488586,0.9764460325241089,1.0,1.16
312524,0.9805553555488586,0.9764460325241089,1.0,1.16
312624,0.9805553555488586,0.9764460325241089,1.0,1.16
312724,0.9805553555488586,0.9764460325241089,1.0,1.16
312824,0.9805553555488586,0.9764460325241089,1.0,1.16
312924,0.9805553555488586,0.9764460325241089,1.0,1.16
340824,0.9805553555488586,0.9764460325241089,1.0,1.16
340924,0.9805553555488586,0.9764460325241089,1.0,1.16
341024,0.9805553555488586,0.9764460325241089,1.0,1.16
341124,0.9805553555488586,0.9764460325241089,1.0,1.16
341224,0.9805553555488586,0.9764460325241089,1.0,1.16
341324,0.9805553555488586,0.9764460325241089,1.0,1.16
341424,0.9805553555488586,0.9764460325241089,1.0,1.16
341524,0.9805553555488586,0.9764460325241089,1.0,1.16
341624,0.9805553555488586,0.9764460325241089,1.0,1.16
341724,0.9805553555488586,0.9764460325241089,1.0,1.16
341824,0.9805553555488586,0.9764460325241089,1.0,1.16
341924,0.9805553555488586,0.9764460325241089,1.0,1.16
342024,0.9805553555488586,0.9764460325241089,1.0,1.16
342124,0.9805553555488586,0.9764460325241089,1.0,1.16
342224,0.9805553555488586,0.9764460325241089,1.0,1.16
342324,0.9805553555488586,0.9764460325241089,1.0,1.16
342424,0.9805553555488586,0.9764460325241089,1.0,1.16
342524,0.9805553555488586,0.9764460325241089,1.0,1.16
342624,0.9805553555488586,0.9764460325241089,1.0,1.16
342724,0.9805553555488586,0.9764460325241089,1.0,1.16
342824,0.9805553555488586,0.9764460325241089,1.0,1.16
342924,0.9805553555488586,0.9764460325241089,1.0,1.16
343024,0.9805553555488586,0.9764460325241089,1.0,1.16
343124,0.9805553555488586,0.9764460325241089,1.0,1.16
343224,0.9805553555488586,0.9764460325241089,1.0,1.16
343324,0.9805553555488586,0.9764460325241089,1.0,1.16
343424,0.9805553555488586,0.9764460325241089,1.0,1.16
343524,0.9805553555488586,0.9764460325241089,1.0,1.16
343624,0.9805553555488586,0.9764460325241089,1.0,1.16
343724,0.9805553555488586,0.9764460325241089,1.0,1.16
343824,0.9805553555488586,0.9764460325241089,1.0,1.16
343924,0.9805553555488586,0.9764460325241089,1.0,1.16
344024,0.9805553555488586,0.9764460325241089,1.0,1.16
344124,0.9805553555488586,0.9764460325241089,1.0,1.16
344224,0.9805553555488586,0.9764460325241089,1.0,1.16
344324,0.9805553555488586,0.9764460325241089,1.0,1.16
344424,0.9805553555488586,0.9764460325241089,1.0,1.16
344524,0.9805553555488586,0.9764460325241089,1.0,1.16
344624,0.9805553555488586,0.9764460325241089,1.0,1.16
344724,0.9805553555488586,0.9764460325241089,1.0,1.16
344824,0.9805553555488586,0.9764460325241089,1.0,1.16
344924,0.9805553555488586,0.9764460325241089,1.0,1.16
345024,0.9805553555488586,0.9764460325241089,1.0,1.16
345124,0.9805553555488586,0.9764460325241089,1.0,1.16
345224,0.9805553555488586,0.9764460325241089,1.0,1.16
345324,0.9805553555488586,0.9764460325241089,1.0,1.16
345424,0.9805553555488586,0.9764460325241089,1.0,1.16
345524,0.9805553555488586,0.9764460325241089,1.0,1.16
345624,0.9805553555488586,0.9764460325241089,1.0,1.16
345724,0.9805553555488586,0.9764460325241089,1.0,1.16
345824,0.9805553555488586,0.9764460325241089,1.0,1.16
345924,0.9805553555488586,0.9764460325241089,1.0,1.16
346024,0.9805553555488586,0.9764460325241089,1.0,1.16
346124,0.9805553555488586,0.9764460325241089,1.0,1.16
346224,0.9805553555488586,0.9764460325241089,1.0,1.16
346324,0.9805553555488586,0.9764460325241089,1.0,1.16
346424,0.9805553555488586,0.9764460325241089,1.0,1.16
346524,0.9805553555488586,0.9764460325241089,1.0,1.16
346624,0.9805553555488586,0.9764460325241089,1.0,1.16
346724,0.9805553555488586,0.9764460325241089,1.0,1.16
346824,0.9805553555488586,0.9764460325241089,1.0,1.16
346924,0.9805553555488586,0.9764460325241089,1.0,1.16
347024,0.9805553555488586,0.9764460325241089,1.0,1.16
347124,0.9805553555488586,0.9764460325241089,1.0,1.16
347224,0.9805553555488586,0.9764460325241089,1.0,1.16
347324,0.9805553555488586,0.9764460325241089,1.0,1.16
347424,0.9805553555488586,0.9764460325241089,1.0,1.16
347524,0.9805553555488586,0.9764460325241089,1.0,1.16
347624,0.9805553555488586,0.9764460325241089,1.0,1.16
347724,0.9805553555488586,0.9764460325241089,1.0,1.16
347824,0.9805553555488586,0.9764460325241089,1.0,1.16
347924,0.9805553555488586,0.9764460325241089,1.0,1.16
348024,0.9805553555488586,0.9764460325241089,1.0,1.16
348124,0.9805553555488586,0.9764460325241089,1.0,1.16
348224,0.9805553555488586,0.9764460325241089,1.0,1.16
348324,0.9805553555488586,0.9764460325241089,1.0,1.16
348424,0.9805553555488586,0.9764460325241089,1.0,1.16
348524,0.9805553555488586,0.9764460325241089,1.0,1.16
348624,0.9805553555488586,0.9764460325241089,1.0,1.16
348724,0.9805553555488586,0.9764460325241089,1.0,1.16
348824,0.9805553555488586,0.9764460325241089,1.0,1.16
348924,0.9805553555488586,0.9764460325241089,1.0,1.16
349024,0.9805553555488586,0.9764460325241089,1.0,1.16
349124,0.9805553555488586,0.9764460325241089,1.0,1.16
349224,0.9805553555488586,0.9764460325241089,1.0,1.16
349324,0.9805553555488586,0.9764460325241089,1.0,1.16
349424,0.9805553555488586,0.9764460325241089,1.0,1.16
349524,0.9805553555488586,0.9764460325241089,1.0,1.16
349624,0.9805553555488586,0.9764460325241089,1.0,1.16
349724,0.9805553555488586,0.9764460325241089,1.0,1.16
349824,0.9805553555488586,0.9764460325241089,1.0,1.16
349924,0.9805553555488586,0.9764460325241089,1.0,1.16
350024,0.9805553555488586,0.9764460325241089,1.0,1.16
350124,0.9805553555488586,0.9764460325241089,1.0,1.16
350224,0.9805553555488586,0.9764460325241089,1.0,1.16
350324,0.9805553555488586,0.9764460325241089,1.0,1.16
350424,0.9805553555488586,0.9764460325241089,1.0,1.16
350524,0.9805553555488586,0.9764460325241089,1.0,1.16
350624,0.9805553555488586,0.9764460325241089,1.0,1.16
350724,0.9805553555488586,0.9764460325241089,1.0,1.16
350824,0.9805553555488586,0.9764460325241089,1.0,1.16
350924,0.9805553555488586,0.9764460325241089,1.0,1.16
351024,0.9805553555488586,0.9764460325241089,1.0,1.16
351124,0.9805553555488586,0.9764460325241089,1.0,1.16
351224,0.9805553555488586,0.9764460325241089,1.0,1.16
351324,0.9805553555488586,0.9764460325241089,1.0,1.16
351424,0.9805553555488586,0.9764460325241089,1.0,1.16
351524,0.9805553555488586,0.9764460325241089,1.0,1.16
351624,0.9805553555488586,0.9764460325241089,1.0,1.16
351724,0.9805553555488586,0.9764460325241089,1.0,1.16
351824,0.9805553555488586,0.9764460325241089,1.0,1.16
351924,0.9805553555488586,0.9764460325241089,1.0,1.16
352024,0.9805553555488586,0.9764460325241089,1.0,1.16
352124,0.9805553555488586,0.9764460325241089,1.0,1.16
352224,0.9805553555488586,0.9764460325241089,1.0,1.16
352324,0.9805553555488586,0.9764460325241089,1.0,1.16
352424,0.9805553555488586,0.9764460325241089,1.0,1.16
352524,0.9805553555488586,0.9764460325241089,1.0,1.16
352624,0.9805553555488586,0.9764460325241089,1.0,1.16
352724,0.9805553555488586,0.9764460325241089,1.0,1.16
352824,0.9805553555488586,0.9764460325241089,1.0,1.16
352924,0.9805553555488586,0.9764460325241089,1.0,1.16
353024,0.9805553555488586,0.9764460325241089,1.0,1.16
353124,0.9805553555488586,0.9764460325241089,1.0,1.16
353224,0.9805553555488586,0.9764460325241089,1.0,1.16
353324,0.9805553555488586,0.9764460325241089,1.0,1.16
353424,0.9805553555488586,0.9764460325241089,1.0,1.16
353524,0.9805553555488586,0.9764460325241089,1.0,1.16
353624,0.9805553555488586,0.9764460325241089,1.0,1.16
353724,0.9805553555488586,0.9764460325241089,1.0,1.16
353824,0.9805553555488586,0.9764460325241089,1.0,1.16
353924,0.9805553555488586,0.9764460325241089,1.0,1.16
354024,0.9805553555488586,0.9764460325241089,1.0,1.16
354124,0.9805553555488586,0.9764460325241089,1.0,1.16
354224,0.9805553555488586,0.9764460325241089,1.0,1.16
354324,0.9805553555488586,0.9764460325241089,1.0,1.16
354424,0.9805553555488586,0.9764460325241089,1.0,1.16
354524,0.9805553555488586,0.9764460325241089,1.0,1.16
354624,0.9805553555488586,0.9764460325241089,1.0,1.16
354724,0.9805553555488586,0.9764460325241089,1.0,1.16
354824,0.9805553555488586,0.9764460325241089,1.0,1.16
354924,0.9805553555488586,0.9764460325241089,1.0,1.16
355024,0.9805553555488586,0.9764460325241089,1.0,1.16
355124,0.9805553555488586,0.9764460325241089,1.0,1.16
355224,0.9805553555488586,0.9764460325241089,1.0,1.16
355324,0.9805553555488586,0.9764460325241089,1.0,1.16
355424,0.9805553555488586,0.9764460325241089,1.0,1.16
355524,0.9805553555488586,0.9764460325241089,1.0,1.16
355624,0.9805553555488586,0.9764460325241089,1.0,1.16
355724,0.9805553555488586,0.9764460325241089,1.0,1.16
355824,0.9805553555488586,0.9764460325241089,1.0,1.16
355924,0.9805553555488586,0.9764460325241089,1.0,1.16
356024,0.9805553555488586,0.9764460325241089,1.0,1.16
356124,0.9805553555488586,0.9764460325241089,1.0,1.16
356224,0.9805553555488586,0.9764460325241089,1.0,1.16
356324,0.9805553555488586,0.9764460325241089,1.0,1.16
356424,0.9805553555488586,0.9764460325241089,1.0,1.16
356524,0.9805553555488586,0.9764460325241089,1.0,1.16
356624,0.9805553555488586,0.9764460325241089,1.0,1.16
356724,0.9805553555488586,0.9764460325241089,1.0,1.16
356824,0.9805553555488586,0.9764460325241089,1.0,1.16
356924,0.9805553555488586,0.9764460325241089,1.0,1.16
357024,0.9805553555488586,0.9764460325241089,1.0,1.16
357124,0.9805553555488586,0.9764460325241089,1.0,1.16
357224,0.9805553555488586,0.9764460325241089,1.0,1.16
357324,0.9805553555488586,0.9764460325241089,1.0,1.16
357424,0.9805553555488586,0.9764460325241089,1.0,1.16
357524,0.9805553555488586,0.9764460325241089,1.0,1.16
357624,0.9805553555488586,0.9764460325241089,1.0,1.16
357724,0.9805553555488586,0.9764460325241089,1.0,1.16
357824,0.9805553555488586,0.9764460325241089,1.0,1.16
357924,0.9805553555488586,0.9764460325241089,1.0,1.16
358024,0.9805553555488586,0.9764460325241089,1.0,1.16
358124,0.9805553555488586,0.9764460325241089,1.0,1.16
358224,0.9805553555488586,0.9764460325241089,1.0,1.16
358324,0.9805553555488586,0.9764460325241089,1.0,1.16
358424,0.9805553555488586,0.9764460325241089,1.0,1.16
358524,0.9805553555488586,0.9764460325241089,1.0,1.16
358624,0.9805553555488586,0.9764460325241089,1.0,1.16
358724,0.9805553555488586,0.9764460325241089,1.0,1.16
358824,0.9805553555488586,0.9764460325241089,1.0,1.16
358924,0.9805553555488586,0.9764460325241089,1.0,1.16
359024,0.9805553555488586,0.9764460325241089,1.0,1.16
359124,0.9805553555488586,0.9764460325241089,1.0,1.16
359224,0.9805553555488586,0.9764460325241089,1.0,1.16
359324,0.9805553555488586,0.9764460325241089,1.0,1.16
359424,0.9805553555488586,0.9764460325241089,1.0,1.16
359524,0.9805553555488586,0.9764460325241089,1.0,1.16
359624,0.9805553555488586,0.9764460325241089,1.0,1.16
359724,0.9805553555488586,0.9764460325241089,1.0,1.16
359824,0.9805553555488586,0.9764460325241089,1.0,1.16
359924,0.9805553555488586,0.9764460325241089,1.0,1.16
360024,0.9805553555488586,0.9764460325241089,1.0,1.16
360124,0.9805553555488586,0.9764460325241089,1.0,1.16
360224,0.9805553555488586,0.9764460325241089,1.0,1.16
360324,0.9805553555488586,0.9764460325241089,1.0,1.16
360424,0.9805553555488586,0.9764460325241089,1.0,1.16
360524,0.9805553555488586,0.9764460325241089,1.0,1.16
360624,0.9805553555488586,0.9764460325241089,1.0,1.16
360724,0.9805553555488586,0.9764460325241089,1.0,1.16
360824,0.9805553555488586,0.9764460325241089,1.0,1.16
360924,0.9805553555488586,0.9764460325241089,1.0,1.16
361024,0.9805553555488586,0.9764460325241089,1.0,1.16
361124,0.9805553555488586,0.9764460325241089,1.0,1.16
361224,0.9805553555488586,0.9764460325241089,1.0,1.16
361324,0.9805553555488586,0.9764460325241089,1.0,1.16
361424,0.9805553555488586,0.9764460325241089,1.0,1.16
361524,0.9805553555488586,0.9764460325241089,1.0,1.16
361624,0.9805553555488586,0.9764460325241089,1.0,1.16
361724,0.9805553555488586,0.9764460325241089,1.0,1.16
361824,0.9805553555488586,0.9764460325241089,1.0,1.16
361924,0.9805553555488586,0.9764460325241089,1.0,1.16
362024,0.9805553555488586,0.9764460325241089,1.0,1.16
362124,0.9805553555488586,0.9764460325241089,1.0,1.16
362224,0.9805553555488586,0.9764460325241089,1.0,1.16
362324,0.9805553555488586,0.9764460325241089,1.0,1.16
362424,0.9805553555488586,0.9764460325241089,1.0,1.16
362524,0.9805553555488586,0.9764460325241089,1.0,1.16
362624,0.9805553555488586,0.9764460325241089,1.0,1.16
362724,0.9805553555488586,0.9764460325241089,1.0,1.16
362824,0.9805553555488586,0.9764460325241089,1.0,1.16
362924,0.9805553555488586,0.9764460325241089,1.0,1.16
363024,0.9805553555488586,0.9764460325241089,1.0,1.16
363124,0.9805553555488586,0.9764460325241089,1.0,1.16
363224,0.9805553555488586,0.9764460325241089,1.0,1.16
363324,0.9805553555488586,0.9764460325241089,1.0,1.16
363424,0.9805553555488586,0.9764460325241089,1.0,1.16
363524,0.9805553555488586,0.9764460325241089,1.0,1.16
363624,0.9805553555488586,0.9764460325241089,1.0,1.16
363724,0.9805553555488586,0.9764460325241089,1.0,1.16
363824,0.9805553555488586,0.9764460325241089,1.0,1.16
363924,0.9805553555488586,0.9764460325241089,1.0,1.16
364024,0.9805553555488586,0.9764460325241089,1.0,1.16
364124,0.9805553555488586,0.9764460325241089,1.0,1.16
364224,0.9805553555488586,0.9764460325241089,1.0,1.16
364324,0.9805553555488586,0.9764460325241089,1.0,1.16
364424,0.9805553555488586,0.9764460325241089,1.0,1.16
364524,0.9805553555488586,0.9764460325241089,1.0,1.16
364624,0.9805553555488586,0.9764460325241089,1.0,1.16
364724,0.9805553555488586,0.9764460325241089,1.0,1.16
364824,0.9805553555488586,0.9764460325241089,1.0,1.16
364924,0.9805553555488586,0.9764460325241089,1.0,1.16
365024,0.9805553555488586,0.9764460325241089,1.0,1.16
365124,0.9805553555488586,0.9764460325241089,1.0,1.16
365224,0.9805553555488586,0.9764460325241089,1.0,1.16
365324,0.9805553555488586,0.9764460325241089,1.0,1.16
365424,0.9805553555488586,0.9764460325241089,1.0,1.16
365524,0.9805553555488586,0.9764460325241089,1.0,1.16
365624,0.9805553555488586,0.9764460325241089,1.0,1.16
365724,0.9805553555488586,0.9764460325241089,1.0,1.16
365824,0.9805553555488586,0.9764460325241089,1.0,1.16
365924,0.9805553555488586,0.9764460325241089,1.0,1.16
366024,0.9805553555488586,0.9764460325241089,1.0,1.16
366124,0.9805553555488586,0.9764460325241089,1.0,1.16
366224,0.9805553555488586,0.9764460325241089,1.0,1.16
366324,0.9805553555488586,0.9764460325241089,1.0,1.16
366424,0.9805553555488586,0.9764460325241089,1.0,1.16
366524,0.9805553555488586,0.9764460325241089,1.0,1.16
366624,0.9805553555488586,0.9764460325241089,1.0,1.16
366724,0.9805553555488586,0.9764460325241089,1.0,1.16
366824,0.9805553555488586,0.9764460325241089,1.0,1.16
366924,0.9805553555488586,0.9764460325241089,1.0,1.16
367024,0.9805553555488586,0.9764460325241089,1.0,1.16
367124,0.9805553555488586,0.9764460325241089,1.0,1.16
367224,0.9805553555488586,0.9764460325241089,1.0,1.16
367324,0.9805553555488586,0.9764460325241089,1.0,1.16
367424,0.9805553555488586,0.9764460325241089,1.0,1.16
367524,0.9805553555488586,0.9764460325241089,1.0,1.16
367624,0.9805553555488586,0.9764460325241089,1.0,1.16
367724,0.9805553555488586,0.9764460325241089,1.0,1.16
367824,0.9805553555488586,0.9764460325241089,1.0,1.16
367924,0.9805553555488586,0.9764460325241089,1.0,1.16
368024,0.9805553555488586,0.9764460325241089,1.0,1.16
368124,0.9805553555488586,0.9764460325241089,1.0,1.16
368224,0.9805553555488586,0.9764460325241089,1.0,1.16
368324,0.9805553555488586,0.9764460325241089,1.0,1.16
368424,0.9805553555488586,0.9764460325241089,1.0,1.16
368524,0.9805553555488586,0.9764460325241089,1.0,1.16
396424,0.9805553555488586,0.9764460325241089,1.0,1.13
396524,0.9805553555488586,0.9764460325241089,1.0,1.13
396624,0.9805553555488586,0.9764460325241089,1.0,1.13
396724,0.9805553555488586,0.9764460325241089,1.0,1.13
396824,0.9805553555488586,0.9764460325241089,1.0,1.13
396924,0.9805553555488586,0.9764460325241089,1.0,1.13
397024,0.9805553555488586,0.9764460325241089,1.0,1.13
397124,0.9805553555488586,0.9764460325241089,1.0,1.13
397224,0.9805553555488586,0.9764460325241089,1.0,1.13
397324,0.9805553555488586,0.9764460325241089,1.0,1.13
397424,0.9805553555488586,0.9764460325241089,1.0,1.13
397524,0.9805553555488586,0.9764460325241089,1.0,1.13
397624,0.9805553555488586,0.9764460325241089,1.0,1.13
397724,0.9805553555488586,0.9764460325241089,1.0,1.13
397824,0.9805553555488586,0.9764460325241089,1.0,1.13
397924,0.9805553555488586,0.9764460325241089,1.0,1.13
398024,0.9805553555488586,0.9764460325241089,1.0,1.13
398124,0.9805553555488586,0.9764460325241089,1.0,1.13
398224,0.9805553555488586,0.9764460325241089,1.0,1.13
398324,0.9805553555488586,0.9764460325241089,1.0,1.13
398424,0.9805553555488586,0.9764460325241089,1.0,1.13
398524,0.9805553555488586,0.9764460325241089,1.0,1.13
398624,0.9805553555488586,0.9764460325241089,1.0,1.13
398724,0.9805553555488586,0.9764460325241089,1.0,1.13
398824,0.9805553555488586,0.9764460325241089,1.0,1.13
398924,0.9805553555488586,0.9764460325241089,1.0,1.13
399024,0.9805553555488586,0.9764460325241089,1.0,1.13
399124,0.9805553555488586,0.9764460325241089,1.0,1.13
399224,0.9805553555488586,0.9764460325241089,1.0,1.13
399324,0.9805553555488586,0.9764460325241089,1.0,1.13
399424,0.9805553555488586,0.9764460325241089,1.0,1.13
399524,0.9805553555488586,0.9764460325241089,1.0,1.13
399624,0.9805553555488586,0.9764460325241089,1.0,1.13
399724,0.9805553555488586,0.9764460325241089,1.0,1.13
399824,0.9805553555488586,0.9764460325241089,1.0,1.13
399924,0.9805553555488586,0.9764460325241089,1.0,1.13
400024,0.9805553555488586,0.9764460325241089,1.0,1.13
400124,0.9805553555488586,0.9764460325241089,1.0,1.13
400224,0.9805553555488586,0.9764460325241089,1.0,1.13
400324,0.9805553555488586,0.9764460325241089,1.0,1.13
400424,0.9805553555488586,0.9764460325241089,1.0,1.13
400524,0.9805553555488586,0.9764460325241089,1.0,1.13
400624,0.9805553555488586,0.9764460325241089,1.0,1.13
400724,0.9805553555488586,0.9764460325241089,1.0,1.13
400824,0.9805553555488586,0.9764460325241089,1.0,1.13
400924,0.9805553555488586,0.9764460325241089,1.0,1.13
401024,0.9805553555488586,0.9764460325241089,1.0,1.13
401124,0.9805553555488586,0.9764460325241089,1.0,1.13
401224,0.9805553555488586,0.9764460325241089,1.0,1.13
401324,0.9805553555488586,0.9764460325241089,1.0,1.13
401424,0.9805553555488586,0.9764460325241089,1.0,1.13
401524,0.9805553555488586,0.9764460325241089,1.0,1.13
401624,0.9805553555488586,0.9764460325241089,1.0,1.13
401724,0.9805553555488586,0.9764460325241089,1.0,1.13
401824,0.9805553555488586,0.9764460325241089,1.0,1.13
401924,0.9805553555488586,0.9764460325241089,1.0,1.13
402024,0.9805553555488586,0.9764460325241089,1.0,1.13
402124,0.9805553555488586,0.9764460325241089,1.0,1.13
402224,0.9805553555488586,0.9764460325241089,1.0,1.13
402324,0.9805553555488586,0.9764460325241089,1.0,1.13
402424,0.9805553555488586,0.9764460325241089,1.0,1.13
402524,0.9805553555488586,0.9764460325241089,1.0,1.13
402624,0.9805553555488586,0.9764460325241089,1.0,1.13
402724,0.9805553555488586,0.9764460325241089,1.0,1.13
402824,0.9805553555488586,0.9764460325241089,1.0,1.13
402924,0.9805553555488586,0.9764460325241089,1.0,1.13
403024,0.9805553555488586,0.9764460325241089,1.0,1.13
403124,0.9805553555488586,0.9764460325241089,1.0,1.13
403224,0.9805553555488586,0.9764460325241089,1.0,1.13
403324,0.9805553555488586,0.9764460325241089,1.0,1.13
403424,0.9805553555488586,0.9764460325241089,1.0,1.13
403524,0.9805553555488586,0.9764460325241089,1.0,1.13
403624,0.9805553555488586,0.9764460325241089,1.0,1.13
403724,0.9805553555488586,0.9764460325241089,1.0,1.13
403824,0.9805553555488586,0.9764460325241089,1.0,1.13
403924,0.9805553555488586,0.9764460325241089,1.0,1.13
404024,0.9805553555488586,0.9764460325241089,1.0,1.13
404124,0.9805553555488586,0.9764460325241089,1.0,1.13
404224,0.9805553555488586,0.9764460325241089,1.0,1.13
404324,0.9805553555488586,0.9764460325241089,1.0,1.13
404424,0.9805553555488586,0.9764460325241089,1.0,1.13
404524,0.9805553555488586,0.9764460325241089,1.0,1.13
404624,0.9805553555488586,0.9764460325241089,1.0,1.13
404724,0.9805553555488586,0.9764460325241089,1.0,1.13
404824,0.9805553555488586,0.9764460325241089,1.0,1.13
404924,0.9805553555488586,0.9764460325241089,1.0,1.13
405024,0.9805553555488586,0.9764460325241089,1.0,1.13
405124,0.9805553555488586,0.9764460325241089,1.0,1.13
405224,0.9805553555488586,0.9764460325241089,1.0,1.13
405324,0.9805553555488586,0.9764460325241089,1.0,1.13
405424,0.9805553555488586,0.9764460325241089,1.0,1.13
405524,0.9805553555488586,0.9764460325241089,1.0,1.13
405624,0.9805553555488586,0.9764460325241089,1.0,1.13
405724,0.9805553555488586,0.9764460325241089,1.0,1.13
405824,0.9805553555488586,0.9764460325241089,1.0,1.13
405924,0.9805553555488586,0.9764460325241089,1.0,1.13
406024,0.9805553555488586,0.9764460325241089,1.0,1.13
406124,0.9805553555488586,0.9764460325241089,1.0,1.13
406224,0.9805553555488586,0.9764460325241089,1.0,1.13
406324,0.9805553555488586,0.9764460325241089,1.0,1.13
406424,0.9805553555488586,0.9764460325241089,1.0,1.13
406524,0.9805553555488586,0.9764460325241089,1.0,1.13
406624,0.9805553555488586,0.9764460325241089,1.0,1.13
406724,0.9805553555488586,0.9764460325241089,1.0,1.13
406824,0.9805553555488586,0.9764460325241089,1.0,1.13
406924,0.9805553555488586,0.9764460325241089,1.0,1.13
407024,0.9805553555488586,0.9764460325241089,1.0,1.13
407124,0.9805553555488586,0.9764460325241089,1.0,1.13
407224,0.9805553555488586,0.9764460325241089,1.0,1.13
407324,0.9805553555488586,0.9764460325241089,1.0,1.13
407424,0.9805553555488586,0.9764460325241089,1.0,1.13
407524,0.9805553555488586,0.9764460325241089,1.0,1.13
407624,0.9805553555488586,0.9764460325241089,1.0,1.13
407724,0.9805553555488586,0.9764460325241089,1.0,1.13
407824,0.9805553555488586,0.9764460325241089,1.0,1.13
407924,0.9805553555488586,0.9764460325241089,1.0,1.13
408024,0.9805553555488586,0.9764460325241089,1.0,1.13
408124,0.9805553555488586,0.9764460325241089,1.0,1.13
408224,0.9805553555488586,0.9764460325241089,1.0,1.13
408324,0.9805553555488586,0.9764460325241089,1.0,1.13
408424,0.9805553555488586,0.9764460325241089,1.0,1.13
408524,0.9805553555488586,0.9764460325241089,1.0,1.13
408624,0.9805553555488586,0.9764460325241089,1.0,1.13
408724,0.9805553555488586,0.9764460325241089,1.0,1.13
408824,0.9805553555488586,0.9764460325241089,1.0,1.13
408924,0.9805553555488586,0.9764460325241089,1.0,1.13
409024,0.9805553555488586,0.9764460325241089,1.0,1.13
409124,0.9805553555488586,0.9764460325241089,1.0,1.13
409224,0.9805553555488586,0.9764460325241089,1.0,1.13
409324,0.9805553555488586,0.9764460325241089,1.0,1.13
409424,0.9805553555488586,0.9764460325241089,1.0,1.13
409524,0.9805553555488586,0.9764460325241089,1.0,1.13
409624,0.9805553555488586,0.9764460325241089,1.0,1.13
409724,0.9805553555488586,0.9764460325241089,1.0,1.13
409824,0.9805553555488586,0.9764460325241089,1.0,1.13
409924,0.9805553555488586,0.9764460325241089,1.0,1.13
410024,0.9805553555488586,0.9764460325241089,1.0,1.13
410124,0.9805553555488586,0.9764460325241089,1.0,1.13
410224,0.9805553555488586,0.9764460325241089,1.0,1.13
410324,0.9805553555488586,0.9764460325241089,1.0,1.13
410424,0.9805553555488586,0.9764460325241089,1.0,1.13
410524,0.9805553555488586,0.9764460325241089,1.0,1.13
410624,0.9805553555488586,0.9764460325241089,1.0,1.13
410724,0.9805553555488586,0.9764460325241089,1.0,1.13
410824,0.9805553555488586,0.9764460325241089,1.0,1.13
410924,0.9805553555488586,0.9764460325241089,1.0,1.13
411024,0.9805553555488586,0.9764460325241089,1.0,1.13
411124,0.9805553555488586,0.9764460325241089,1.0,1.13
411224,0.9805553555488586,0.9764460325241089,1.0,1.13
411324,0.9805553555488586,0.9764460325241089,1.0,1.13
411424,0.9805553555488586,0.9764460325241089,1.0,1.13
411524,0.9805553555488586,0.9764460325241089,1.0,1.13
411624,0.9805553555488586,0.9764460325241089,1.0,1.13
411724,0.9805553555488586,0.9764460325241089,1.0,1.13
411824,0.9805553555488586,0.9764460325241089,1.0,1.13
411924,0.9805553555488586,0.9764460325241089,1.0,1.13
412024,0.9805553555488586,0.9764460325241089,1.0,1.13
412124,0.9805553555488586,0.9764460325241089,1.0,1.13
412224,0.9805553555488586,0.9764460325241089,1.0,1.13
412324,0.9805553555488586,0.9764460325241089,1.0,1.13
412424,0.9805553555488586,0.9764460325241089,1.0,1.13
412524,0.9805553555488586,0.9764460325241089,1.0,1.13
412624,0.9805553555488586,0.9764460325241089,1.0,1.13
412724,0.9805553555488586,0.9764460325241089,1.0,1.13
412824,0.9805553555488586,0.9764460325241089,1.0,1.13
412924,0.9805553555488586,0.9764460325241089,1.0,1.13
413024,0.9805553555488586,0.9764460325241089,1.0,1.13
413124,0.9805553555488586,0.9764460325241089,1.0,1.13
413224,0.9805553555488586,0.9764460325241089,1.0,1.13
413324,0.9805553555488586,0.9764460325241089,1.0,1.13
413424,0.9805553555488586,0.9764460325241089,1.0,1.13
413524,0.9805553555488586,0.9764460325241089,1.0,1.13
413624,0.9805553555488586,0.9764460325241089,1.0,1.13
413724,0.9805553555488586,0.9764460325241089,1.0,1.13
413824,0.9805553555488586,0.9764460325241089,1.0,1.13
413924,0.9805553555488586,0.9764460325241089,1.0,1.13
414024,0.9805553555488586,0.9764460325241089,1.0,1.13
414124,0.9805553555488586,0.9764460325241089,1.0,1.13
414224,0.9805553555488586,0.9764460325241089,1.0,1.13
414324,0.9805553555488586,0.9764460325241089,1.0,1.13
414424,0.9805553555488586,0.9764460325241089,1.0,1.13
414524,0.9805553555488586,0.9764460325241089,1.0,1.13
414624,0.9805553555488586,0.9764460325241089,1.0,1.13
414724,0.9805553555488586,0.9764460325241089,1.0,1.13
414824,0.9805553555488586,0.9764460325241089,1.0,1.13
414924,0.9805553555488586,0.9764460325241089,1.0,1.13
415024,0.9805553555488586,0.9764460325241089,1.0,1.13
415124,0.9805553555488586,0.9764460325241089,1.0,1.13
415224,0.9805553555488586,0.9764460325241089,1.0,1.13
415324,0.9805553555488586,0.9764460325241089,1.0,1.13
415424,0.9805553555488586,0.9764460325241089,1.0,1.13
415524,0.9805553555488586,0.9764460325241089,1.0,1.13
415624,0.9805553555488586,0.9764460325241089,1.0,1.13
415724,0.9805553555488586,0.9764460325241089,1.0,1.13
415824,0.9805553555488586,0.9764460325241089,1.0,1.13
415924,0.9805553555488586,0.9764460325241089,1.0,1.13
416024,0.9805553555488586,0.9764460325241089,1.0,1.13
416124,0.9805553555488586,0.9764460325241089,1.0,1.13
416224,0.9805553555488586,0.9764460325241089,1.0,1.13
416324,0.9805553555488586,0.9764460325241089,1.0,1.13
416424,0.9805553555488586,0.9764460325241089,1.0,1.13
416524,0.9805553555488586,0.9764460325241089,1.0,1.13
416624,0.9805553555488586,0.9764460325241089,1.0,1.13
416724,0.9805553555488586,0.9764460325241089,1.0,1.13
416824,0.9805553555488586,0.9764460325241089,1.0,1.13
416924,0.9805553555488586,0.9764460325241089,1.0,1.13
417024,0.9805553555488586,0.9764460325241089,1.0,1.13
417124,0.9805553555488586,0.9764460325241089,1.0,1.13
417224,0.9805553555488586,0.9764460325241089,1.0,1.13
417324,0.9805553555488586,0.9764460325241089,1.0,1.13
417424,0.9805553555488586,0.9764460325241089,1.0,1.13
417524,0.9805553555488586,0.9764460325241089,1.0,1.13
417624,0.9805553555488586,0.9764460325241089,1.0,1.13
417724,0.9805553555488586,0.9764460325241089,1.0,1.13
417824,0.9805553555488586,0.9764460325241089,1.0,1.13
417924,0.9805553555488586,0.9764460325241089,1.0,1.13
418024,0.9805553555488586,0.9764460325241089,1.0,1.13
418124,0.9805553555488586,0.9764460325241089,1.0,1.13
418224,0.9805553555488586,0.9764460325241089,1.0,1.13
418324,0.9805553555488586,0.9764460325241089,1.0,1.13
418424,0.9805553555488586,0.9764460325241089,1.0,1.13
418524,0.9805553555488586,0.9764460325241089,1.0,1.13
418624,0.9805553555488586,0.9764460325241089,1.0,1.13
418724,0.9805553555488586,0.9764460325241089,1.0,1.13
418824,0.9805553555488586,0.9764460325241089,1.0,1.13
418924,0.9805553555488586,0.9764460325241089,1.0,1.13
419024,0.9805553555488586,0.9764460325241089,1.0,1.13
419124,0.9805553555488586,0.9764460325241089,1.0,1.13
419224,0.9805553555488586,0.9764460325241089,1.0,1.13
419324,0.9805553555488586,0.9764460325241089,1.0,1.13
419424,0.9805553555488586,0.9764460325241089,1.0,1.13
419524,0.9805553555488586,0.9764460325241089,1.0,1.13
419624,0.9805553555488586,0.9764460325241089,1.0,1.13
419724,0.9805553555488586,0.9764460325241089,1.0,1.13
419824,0.9805553555488586,0.9764460325241089,1.0,1.13
419924,0.9805553555488586,0.9764460325241089,1.0,1.13
420024,0.9805553555488586,0.9764460325241089,1.0,1.13
420124,0.9805553555488586,0.9764460325241089,1.0,1.13
420224,0.9805553555488586,0.9764460325241089,1.0,1.13
420324,0.9805553555488586,0.9764460325241089,1.0,1.13
420424,0.9805553555488586,0.9764460325241089,1.0,1.13
420524,0.9805553555488586,0.9764460325241089,1.0,1.13
420624,0.9805553555488586,0.9764460325241089,1.0,1.13
420724,0.9805553555488586,0.9764460325241089,1.0,1.13
420824,0.9805553555488586,0.9764460325241089,1.0,1.13
420924,0.9805553555488586,0.9764460325241089,1.0,1.13
421024,0.9805553555488586,0.9764460325241089,1.0,1.13
421124,0.9805553555488586,0.9764460325241089,1.0,1.13
421224,0.9805553555488586,0.9764460325241089,1.0,1.13
421324,0.9805553555488586,0.9764460325241089,1.0,1.13
421424,0.9805553555488586,0.9764460325241089,1.0,1.13
421524,0.9805553555488586,0.9764460325241089,1.0,1.13
421624,0.9805553555488586,0.9764460325241089,1.0,1.13
421724,0.9805553555488586,0.9764460325241089,1.0,1.13
421824,0.9805553555488586,0.9764460325241089,1.0,1.13
421924,0.9805553555488586,0.9764460325241089,1.0,1.13
422024,0.9805553555488586,0.9764460325241089,1.0,1.13
422124,0.9805553555488586,0.9764460325241089,1.0,1.13
422224,0.9805553555488586,0.9764460325241089,1.0,1.13
422324,0.9805553555488586,0.9764460325241089,1.0,1.13
422424,0.9805553555488586,0.9764460325241089,1.0,1.13
422524,0.9805553555488586,0.9764460325241089,1.0,1.13
422624,0.9805553555488586,0.9764460325241089,1.0,1.13
422724,0.9805553555488586,0.9764460325241089,1.0,1.13
422824,0.9805553555488586,0.9764460325241089,1.0,1.13
422924,0.9805553555488586,0.9764460325241089,1.0,1.13
423024,0.9805553555488586,0.9764460325241089,1.0,1.13
423124,0.9805553555488586,0.9764460325241089,1.0,1.13
423224,0.9805553555488586,0.9764460325241089,1.0,1.13
423324,0.9805553555488586,0.9764460325241089,1.0,1.13
423424,0.9805553555488586,0.9764460325241089,1.0,1.13
423524,0.9805553555488586,0.9764460325241089,1.0,1.13
423624,0.9805553555488586,0.9764460325241089,1.0,1.13
423724,0.9805553555488586,0.9764460325241089,1.0,1.13
423824,0.9805553555488586,0.9764460325241089,1.0,1.13
423924,0.9805553555488586,0.9764460325241089,1.0,1.13
424024,0.9805553555488586,0.9764460325241089,1.0,1.13
424124,0.9805553555488586,0.9764460325241089,1.0,1.13
452024,0.9805553555488586,0.9764460325241089,1.0,1.10
452124,0.9805553555488586,0.9764460325241089,1.0,1.10
452224,0.9805553555488586,0.9764460325241089,1.0,1.10
452324,0.9805553555488586,0.9764460325241089,1.0,1.10
452424,0.9805553555488586,0.9764460325241089,1.0,1.10
452524,0.9805553555488586,0.9764460325241089,1.0,1.10
452624,0.9805553555488586,0.9764460325241089,1.0,1.10
452724,0.9805553555488586,0.9764460325241089,1.0,1.10
452824,0.9805553555488586,0.9764460325241089,1.0,1.10
452924,0.9805553555488586,0.9764460325241089,1.0,1.10
453024,0.9805553555488586,0.9764460325241089,1.0,1.10
453124,0.9805553555488586,0.9764460325241089,1.0,1.10
453224,0.9805553555488586,0.9764460325241089,1.0,1.10
453324,0.9805553555488586,0.9764460325241089,1.0,1.10
453424,0.9805553555488586,0.9764460325241089,1.0,1.10
453524,0.9805553555488586,0.9764460325241089,1.0,1.10
453624,0.9805553555488586,0.9764460325241089,1.0,1.10
453724,0.9805553555488586,0.9764460325241089,1.0,1.10
453824,0.9805553555488586,0.9764460325241089,1.0,1.10
453924,0.9805553555488586,0.9764460325241089,1.0,1.10
454024,0.9805553555488586,0.9764460325241089,1.0,1.10
454124,0.9805553555488586,0.9764460325241089,1.0,1.10
454224,0.9805553555488586,0.9764460325241089,1.0,1.10
454324,0.9805553555488586,0.9764460325241089,1.0,1.10
454424,0.9805553555488586,0.9764460325241089,1.0,1.10
454524,0.9805553555488586,0.9764460325241089,1.0,1.10
454624,0.9805553555488586,0.9764460325241089,1.0,1.10
454724,0.9805553555488586,0.9764460325241089,1.0,1.10
454824,0.9805553555488586,0.9764460325241089,1.0,1.10
454924,0.9805553555488586,0.9764460325241089,1.0,1.10
455024,0.9805553555488586,0.9764460325241089,1.0,1.10
455124,0.9805553555488586,0.9764460325241089,1.0,1.10
455224,0.9805553555488586,0.9764460325241089,1.0,1.10
455324,0.9805553555488586,0.9764460325241089,1.0,1.10
455424,0.9805553555488586,0.9764460325241089,1.0,1.10
455524,0.9805553555488586,0.9764460325241089,1.0,1.10
455624,0.9805553555488586,0.9764460325241089,1.0,1.10
455724,0.9805553555488586,0.9764460325241089,1.0,1.10
455824,0.9805553555488586,0.9764460325241089,1.0,1.10
455924,0.9805553555488586,0.9764460325241089,1.0,1.10
456024,0.9805553555488586,0.9764460325241089,1.0,1.10
456124,0.9805553555488586,0.9764460325241089,1.0,1.10
456224,0.9805553555488586,0.9764460325241089,1.0,1.10
456324,0.9805553555488586,0.9764460325241089,1.0,1.10
456424,0.9805553555488586,0.9764460325241089,1.0,1.10
456524,0.9805553555488586,0.9764460325241089,1.0,1.10
456624,0.9805553555488586,0.9764460325241089,1.0,1.10
456724,0.9805553555488586,0.9764460325241089,1.0,1.10
456824,0.9805553555488586,0.9764460325241089,1.0,1.10
456924,0.9805553555488586,0.9764460325241089,1.0,1.10
457024,0.9805553555488586,0.9764460325241089,1.0,1.10
457124,0.9805553555488586,0.9764460325241089,1.0,1.10
457224,0.9805553555488586,0.9764460325241089,1.0,1.10
457324,0.9805553555488586,0.9764460325241089,1.0,1.10
457424,0.9805553555488586,0.9764460325241089,1.0,1.10
457524,0.9805553555488586,0.9764460325241089,1.0,1.10
457624,0.9805553555488586,0.9764460325241089,1.0,1.10
457724,0.9805553555488586,0.9764460325241089,1.0,1.10
457824,0.9805553555488586,0.9764460325241089,1.0,1.10
457924,0.9805553555488586,0.9764460325241089,1.0,1.10
458024,0.9805553555488586,0.9764460325241089,1.0,1.10
458124,0.9805553555488586,0.9764460325241089,1.0,1.10
458224,0.9805553555488586,0.9764460325241089,1.0,1.10
458324,0.9805553555488586,0.9764460325241089,1.0,1.10
458424,0.9805553555488586,0.9764460325241089,1.0,1.10
458524,0.9805553555488586,0.9764460325241089,1.0,1.10
458624,0.9805553555488586,0.9764460325241089,1.0,1.10
458724,0.9805553555488586,0.9764460325241089,1.0,1.10
458824,0.9805553555488586,0.9764460325241089,1.0,1.10
458924,0.9805553555488586,0.9764460325241089,1.0,1.10
459024,0.9805553555488586,0.9764460325241089,1.0,1.10
459124,0.9805553555488586,0.9764460325241089,1.0,1.10
459224,0.9805553555488586,0.9764460325241089,1.0,1.10
459324,0.9805553555488586,0.9764460325241089,1.0,1.10
459424,0.9805553555488586,0.9764460325241089,1.0,1.10
459524,0.9805553555488586,0.9764460325241089,1.0,1.10
459624,0.9805553555488586,0.9764460325241089,1.0,1.10
459724,0.9805553555488586,0.9764460325241089,1.0,1.10
459824,0.9805553555488586,0.9764460325241089,1.0,1.10
459924,0.9805553555488586,0.9764460325241089,1.0,1.10
460024,0.9805553555488586,0.9764460325241089,1.0,1.10
460124,0.9805553555488586,0.9764460325241089,1.0,1.10
460224,0.9805553555488586,0.9764460325241089,1.0,1.10
460324,0.9805553555488586,0.9764460325241089,1.0,1.10
460424,0.9805553555488586,0.9764460325241089,1.0,1.10
460524,0.9805553555488586,0.9764460325241089,1.0,1.10
460624,0.9805553555488586,0.9764460325241089,1.0,1.10
460724,0.9805553555488586,0.9764460325241089,1.0,1.10
460824,0.9805553555488586,0.9764460325241089,1.0,1.10
460924,0.9805553555488586,0.9764460325241089,1.0,1.10
461024,0.9805553555488586,0.9764460325241089,1.0,1.10
461124,0.9805553555488586,0.9764460325241089,1.0,1.10
461224,0.9805553555488586,0.9764460325241089,1.0,1.10
461324,0.9805553555488586,0.9764460325241089,1.0,1.10
461424,0.9805553555488586,0.9764460325241089,1.0,1.10
461524,0.9805553555488586,0.9764460325241089,1.0,1.10
461624,0.9805553555488586,0.9764460325241089,1.0,1.10
461724,0.9805553555488586,0.9764460325241089,1.0,1.10
461824,0.9805553555488586,0.9764460325241089,1.0,1.10
461924,0.9805553555488586,0.9764460325241089,1.0,1.10
462024,0.9805553555488586,0.9764460325241089,1.0,1.10
462124,0.9805553555488586,0.9764460325241089,1.0,1.10
462224,0.9805553555488586,0.9764460325241089,1.0,1.10
462324,0.9805553555488586,0.9764460325241089,1.0,1.10
462424,0.9805553555488586,0.9764460325241089,1.0,1.10
462524,0.9805553555488586,0.9764460325241089,1.0,1.10
462624,0.9805553555488586,0.9764460325241089,1.0,1.10
462724,0.9805553555488586,0.9764460325241089,1.0,1.10
462824,0.9805553555488586,0.9764460325241089,1.0,1.10
462924,0.9805553555488586,0.9764460325241089,1.0,1.10
463024,0.9805553555488586,0.9764460325241089,1.0,1.10
463124,0.9805553555488586,0.9764460325241089,1.0,1.10
463224,0.9805553555488586,0.9764460325241089,1.0,1.10
463324,0.9805553555488586,0.9764460325241089,1.0,1.10
463424,0.9805553555488586,0.9764460325241089,1.0,1.10
463524,0.9805553555488586,0.9764460325241089,1.0,1.10
463624,0.9805553555488586,0.9764460325241089,1.0,1.10
463724,0.9805553555488586,0.9764460325241089,1.0,1.10
463824,0.9805553555488586,0.9764460325241089,1.0,1.10
463924,0.9805553555488586,0.9764460325241089,1.0,1.10
464024,0.9805553555488586,0.9764460325241089,1.0,1.10
464124,0.9805553555488586,0.9764460325241089,1.0,1.10
464224,0.9805553555488586,0.9764460325241089,1.0,1.10
464324,0.9805553555488586,0.9764460325241089,1.0,1.10
464424,0.9805553555488586,0.9764460325241089,1.0,1.10
464524,0.9805553555488586,0.9764460325241089,1.0,1.10
464624,0.9805553555488586,0.9764460325241089,1.0,1.10
464724,0.9805553555488586,0.9764460325241089,1.0,1.10
464824,0.9805553555488586,0.9764460325241089,1.0,1.10
464924,0.9805553555488586,0.9764460325241089,1.0,1.10
465024,0.9805553555488586,0.9764460325241089,1.0,1.10
465124,0.9805553555488586,0.9764460325241089,1.0,1.10
465224,0.9805553555488586,0.9764460325241089,1.0,1.10
465324,0.9805553555488586,0.9764460325241089,1.0,1.10
465424,0.9805553555488586,0.9764460325241089,1.0,1.10
465524,0.9805553555488586,0.9764460325241089,1.0,1.10
465624,0.9805553555488586,0.9764460325241089,1.0,1.10
465724,0.9805553555488586,0.9764460325241089,1.0,1.10
465824,0.9805553555488586,0.9764460325241089,1.0,1.10
465924,0.9805553555488586,0.9764460325241089,1.0,1.10
466024,0.9805553555488586,0.9764460325241089,1.0,1.10
466124,0.9805553555488586,0.9764460325241089,1.0,1.10
466224,0.9805553555488586,0.9764460325241089,1.0,1.10
466324,0.9805553555488586,0.9764460325241089,1.0,1.10
466424,0.9805553555488586,0.9764460325241089,1.0,1.10
466524,0.9805553555488586,0.9764460325241089,1.0,1.10
466624,0.9805553555488586,0.9764460325241089,1.0,1.10
466724,0.9805553555488586,0.9764460325241089,1.0,1.10
466824,0.9805553555488586,0.9764460325241089,1.0,1.10
466924,0.9805553555488586,0.9764460325241089,1.0,1.10
467024,0.9805553555488586,0.9764460325241089,1.0,1.10
467124,0.9805553555488586,0.9764460325241089,1.0,1.10
467224,0.9805553555488586,0.9764460325241089,1.0,1.10
467324,0.9805553555488586,0.9764460325241089,1.0,1.10
467424,0.9805553555488586,0.9764460325241089,1.0,1.10
467524,0.9805553555488586,0.9764460325241089,1.0,1.10
467624,0.9805553555488586,0.9764460325241089,1.0,1.10
467724,0.9805553555488586,0.9764460325241089,1.0,1.10
467824,0.9805553555488586,0.9764460325241089,1.0,1.10
467924,0.9805553555488586,0.9764460325241089,1.0,1.10
468024,0.9805553555488586,0.9764460325241089,1.0,1.10
468124,0.9805553555488586,0.9764460325241089,1.0,1.10
468224,0.9805553555488586,0.9764460325241089,1.0,1.10
468324,0.9805553555488586,0.9764460325241089,1.0,1.10
468424,0.9805553555488586,0.9764460325241089,1.0,1.10
468524,0.9805553555488586,0.9764460325241089,1.0,1.10
468624,0.9805553555488586,0.9764460325241089,1.0,1.10
468724,0.9805553555488586,0.9764460325241089,1.0,1.10
468824,0.9805553555488586,0.9764460325241089,1.0,1.10
468924,0.9805553555488586,0.9764460325241089,1.0,1.10
469024,0.9805553555488586,0.9764460325241089,1.0,1.10
469124,0.9805553555488586,0.9764460325241089,1.0,1.10
469224,0.9805553555488586,0.9764460325241089,1.0,1.10
469324,0.9805553555488586,0.9764460325241089,1.0,1.10
469424,0.9805553555488586,0.9764460325241089,1.0,1.10
469524,0.9805553555488586,0.9764460325241089,1.0,1.10
469624,0.9805553555488586,0.9764460325241089,1.0,1.10
469724,0.9805553555488586,0.9764460325241089,1.0,1.10
469824,0.9805553555488586,0.9764460325241089,1.0,1.10
469924,0.9805553555488586,0.9764460325241089,1.0,1.10
470024,0.9805553555488586,0.9764460325241089,1.0,1.10
470124,0.9805553555488586,0.9764460325241089,1.0,1.10
470224,0.9805553555488586,0.9764460325241089,1.0,1.10
470324,0.9805553555488586,0.9764460325241089,1.0,1.10
470424,0.9805553555488586,0.9764460325241089,1.0,1.10
470524,0.9805553555488586,0.9764460325241089,1.0,1.10
470624,0.9805553555488586,0.9764460325241089,1.0,1.10
470724,0.9805553555488586,0.9764460325241089,1.0,1.10
470824,0.9805553555488586,0.9764460325241089,1.0,1.10
470924,0.9805553555488586,0.9764460325241089,1.0,1.10
471024,0.9805553555488586,0.9764460325241089,1.0,1.10
471124,0.9805553555488586,0.9764460325241089,1.0,1.10
471224,0.9805553555488586,0.9764460325241089,1.0,1.10
471324,0.9805553555488586,0.9764460325241089,1.0,1.10
471424,0.9805553555488586,0.9764460325241089,1.0,1.10
471524,0.9805553555488586,0.9764460325241089,1.0,1.10
471624,0.9805553555488586,0.9764460325241089,1.0,1.10
471724,0.9805553555488586,0.9764460325241089,1.0,1.10
471824,0.9805553555488586,0.9764460325241089,1.0,1.10
471924,0.9805553555488586,0.9764460325241089,1.0,1.10
472024,0.9805553555488586,0.9764460325241089,1.0,1.10
472124,0.9805553555488586,0.9764460325241089,1.0,1.10
472224,0.9805553555488586,0.9764460325241089,1.0,1.10
472324,0.9805553555488586,0.9764460325241089,1.0,1.10
472424,0.9805553555488586,0.9764460325241089,1.0,1.10
472524,0.9805553555488586,0.9764460325241089,1.0,1.10
472624,0.9805553555488586,0.9764460325241089,1.0,1.10
472724,0.9805553555488586,0.9764460325241089,1.0,1.10
472824,0.9805553555488586,0.9764460325241089,1.0,1.10
472924,0.9805553555488586,0.9764460325241089,1.0,1.10
473024,0.9805553555488586,0.9764460325241089,1.0,1.10
473124,0.9805553555488586,0.9764460325241089,1.0,1.10
473224,0.9805553555488586,0.9764460325241089,1.0,1.10
473324,0.9805553555488586,0.9764460325241089,1.0,1.10
473424,0.9805553555488586,0.9764460325241089,1.0,1.10
473524,0.9805553555488586,0.9764460325241089,1.0,1.10
473624,0.9805553555488586,0.9764460325241089,1.0,1.10
473724,0.9805553555488586,0.9764460325241089,1.0,1.10
473824,0.9805553555488586,0.9764460325241089,1.0,1.10
473924,0.9805553555488586,0.9764460325241089,1.0,1.10
474024,0.9805553555488586,0.9764460325241089,1.0,1.10
474124,0.9805553555488586,0.9764460325241089,1.0,1.10
474224,0.9805553555488586,0.9764460325241089,1.0,1.10
474324,0.9805553555488586,0.9764460325241089,1.0,1.10
474424,0.9805553555488586,0.9764460325241089,1.0,1.10
474524,0.9805553555488586,0.9764460325241089,1.0,1.10
474624,0.9805553555488586,0.9764460325241089,1.0,1.10
474724,0.9805553555488586,0.9764460325241089,1.0,1.10
474824,0.9805553555488586,0.9764460325241089,1.0,1.10
474924,0.9805553555488586,0.9764460325241089,1.0,1.10
475024,0.9805553555488586,0.9764460325241089,1.0,1.10
475124,0.9805553555488586,0.9764460325241089,1.0,1.10
475224,0.9805553555488586,0.9764460325241089,1.0,1.10
475324,0.9805553555488586,0.9764460325241089,1.0,1.10
475424,0.9805553555488586,0.9764460325241089,1.0,1.10
475524,0.9805553555488586,0.9764460325241089,1.0,1.10
475624,0.9805553555488586,0.9764460325241089,1.0,1.10
475724,0.9805553555488586,0.9764460325241089,1.0,1.10
475824,0.9805553555488586,0.9764460325241089,1.0,1.10
475924,0.9805553555488586,0.9764460325241089,1.0,1.10
476024,0.9805553555488586,0.9764460325241089,1.0,1.10
476124,0.9805553555488586,0.9764460325241089,1.0,1.10
476224,0.9805553555488586,0.9764460325241089,1.0,1.10
476324,0.9805553555488586,0.9764460325241089,1.0,1.10
476424,0.9805553555488586,0.9764460325241089,1.0,1.10
476524,0.9805553555488586,0.9764460325241089,1.0,1.10
476624,0.9805553555488586,0.9764460325241089,1.0,1.10
476724,0.9805553555488586,0.9764460325241089,1.0,1.10
476824,0.9805553555488586,0.9764460325241089,1.0,1.10
476924,0.9805553555488586,0.9764460325241089,1.0,1.10
477024,0.9805553555488586,0.9764460325241089,1.0,1.10
477124,0.9805553555488586,0.9764460325241089,1.0,1.10
477224,0.9805553555488586,0.9764460325241089,1.0,1.10
477324,0.9805553555488586,0.9764460325241089,1.0,1.10
477424,0.9805553555488586,0.9764460325241089,1.0,1.10
477524,0.9805553555488586,0.9764460325241089,1.0,1.10
477624,0.9805553555488586,0.9764460325241089,1.0,1.10
477724,0.9805553555488586,0.9764460325241089,1.0,1.10
477824,0.9805553555488586,0.9764460325241089,1.0,1.10
477924,0.9805553555488586,0.9764460325241089,1.0,1.10
478024,0.9805553555488586,0.9764460325241089,1.0,1.10
478124,0.9805553555488586,0.9764460325241089,1.0,1.10
478224,0.9805553555488586,0.9764460325241089,1.0,1.10
478324,0.9805553555488586,0.9764460325241089,1.0,1.10
478424,0.9805553555488586,0.9764460325241089,1.0,1.10
478524,0.9805553555488586,0.9764460325241089,1.0,1.10
478624,0.9805553555488586,0.9764460325241089,1.0,1.10
478724,0.9805553555488586,0.9764460325241089,1.0,1.10
478824,0.9805553555488586,0.9764460325241089,1.0,1.10
478924,0.9805553555488586,0.9764460325241089,1.0,1.10
479024,0.9805553555488586,0.9764460325241089,1.0,1.10
479124,0.9805553555488586,0.9764460325241089,1.0,1.10
479224,0.9805553555488586,0.9764460325241089,1.0,1.10
479324,0.9805553555488586,0.9764460325241089,1.0,1.10
479424,0.9805553555488586,0.9764460325241089,1.0,1.10
479524,0.9805553555488586,0.9764460325241089,1.0,1.10
479624,0.9805553555488586,0.9764460325241089,1.0,1.10
479724,0.9805553555488586,0.9764460325241089,1.0,1.10
