evaluation,fitness,test_accuracy,uniqueness,time
0,0.5153569579124451,0.3245037794113159,1.0,0.89
100,0.5153569579124451,0.3245037794113159,1.0,0.89
200,0.5153569579124451,0.3245037794113159,1.0,0.89
300,0.5153569579124451,0.3245037794113159,1.0,0.89
400,0.5153569579124451,0.3245037794113159,1.0,0.89
500,0.5153569579124451,0.3245037794113159,1.0,0.89
600,0.5153569579124451,0.3245037794113159,1.0,0.89
700,0.5153569579124451,0.3245037794113159,1.0,0.89
800,0.5153569579124451,0.3245037794113159,1.0,0.89
900,0.5153569579124451,0.3245037794113159,1.0,0.89
1000,0.5153569579124451,0.3245037794113159,1.0,0.89
1100,0.5153569579124451,0.3245037794113159,1.0,0.89
1200,0.5153569579124451,0.3245037794113159,1.0,0.89
1300,0.5153569579124451,0.3245037794113159,1.0,0.89
1400,0.5153569579124451,0.3245037794113159,1.0,0.89
1500,0.5153569579124451,0.3245037794113159,1.0,0.89
1600,0.5153569579124451,0.3245037794113159,1.0,0.89
1700,0.7122806906700134,0.6035780906677246,1.0,0.89
1800,0.7122806906700134,0.6035780906677246,1.0,0.89
1900,0.7122806906700134,0.6035780906677246,1.0,0.89
2000,0.7122806906700134,0.6035780906677246,1.0,0.89
2100,0.7122806906700134,0.6035780906677246,1.0,0.89
2200,0.7122806906700134,0.6035780906677246,1.0,0.89
2300,0.7122806906700134,0.6035780906677246,1.0,0.89
2400,0.7122806906700134,0.6035780906677246,1.0,0.89
2500,0.7122806906700134,0.6035780906677246,1.0,0.89
2600,0.7122806906700134,0.6035780906677246,1.0,0.89
2700,0.7122806906700134,0.6035780906677246,1.0,0.89
2800,0.7122806906700134,0.6035780906677246,1.0,0.89
2900,0.7122806906700134,0.6035780906677246,1.0,0.89
3000,0.7122806906700134,0.6035780906677246,1.0,0.89
3100,0.7122806906700134,0.6035780906677246,1.0,0.89
3200,0.7122806906700134,0.6035780906677246,1.0,0.89
3300,0.7122806906700134,0.6035780906677246,1.0,0.89
3400,0.7122806906700134,0.6035780906677246,1.0,0.89
3500,0.7122806906700134,0.6035780906677246,1.0,0.89
3600,0.7122806906700134,0.6035780906677246,1.0,0.89
3700,0.7122806906700134,0.6035780906677246,1.0,0.89
3800,0.7122806906700134,0.6035780906677246,1.0,0.89
3900,0.7122806906700134,0.6035780906677246,1.0,0.89
4000,0.7122806906700134,0.6035780906677246,1.0,0.89
4100,0.7122806906700134,0.6035780906677246,1.0,0.89
4200,0.7122806906700134,0.6035780906677246,1.0,0.89
4300,0.7122806906700134,0.6035780906677246,1.0,0.89
4400,0.7122806906700134,0.6035780906677246,1.0,0.89
4500,0.7122806906700134,0.6035780906677246,1.0,0.89
4600,0.7122806906700134,0.6035780906677246,1.0,0.89
4700,0.7122806906700134,0.6035780906677246,1.0,0.89
4800,0.7122806906700134,0.6035780906677246,1.0,0.89
4900,0.7122806906700134,0.6035780906677246,1.0,0.89
5000,0.7122806906700134,0.6035780906677246,1.0,0.89
5100,0.7122806906700134,0.6035780906677246,1.0,0.89
5200,0.7122806906700134,0.6035780906677246,1.0,0.89
5300,0.7122806906700134,0.6035780906677246,1.0,0.89
5400,0.7122806906700134,0.6035780906677246,1.0,0.89
5500,0.7122806906700134,0.6035780906677246,1.0,0.89
5600,0.7122806906700134,0.6035780906677246,1.0,0.89
5700,0.7122806906700134,0.6035780906677246,1.0,0.89
5800,0.7122806906700134,0.6035780906677246,1.0,0.89
5900,0.7122806906700134,0.6035780906677246,1.0,0.89
6000,0.8268094062805176,0.789372980594635,1.0,0.89
6100,0.8268094062805176,0.789372980594635,1.0,0.89
6200,0.8268094062805176,0.789372980594635,1.0,0.89
6300,0.8268094062805176,0.789372980594635,1.0,0.89
6400,0.8268094062805176,0.789372980594635,1.0,0.89
6500,0.8268094062805176,0.789372980594635,1.0,0.89
6600,0.8268094062805176,0.789372980594635,1.0,0.89
6700,0.8268094062805176,0.789372980594635,1.0,0.89
6800,0.8268094062805176,0.789372980594635,1.0,0.89
6900,0.8268094062805176,0.789372980594635,1.0,0.89
7000,0.8268094062805176,0.789372980594635,1.0,0.89
7100,0.8268094062805176,0.789372980594635,1.0,0.89
7200,0.8268094062805176,0.789372980594635,1.0,0.89
7300,0.8268094062805176,0.789372980594635,1.0,0.89
7400,0.8268094062805176,0.789372980594635,1.0,0.89
7500,0.8268094062805176,0.789372980594635,1.0,0.89
7600,0.8268094062805176,0.789372980594635,1.0,0.89
7700,0.8268094062805176,0.789372980594635,1.0,0.89
7800,0.8268094062805176,0.789372980594635,1.0,0.89
7900,0.8268094062805176,0.789372980594635,1.0,0.89
8000,0.8268094062805176,0.789372980594635,1.0,0.89
8100,0.8268094062805176,0.789372980594635,1.0,0.89
8200,0.8268094062805176,0.789372980594635,1.0,0.89
8300,0.8268094062805176,0.789372980594635,1.0,0.89
8400,0.8268094062805176,0.789372980594635,1.0,0.89
8500,0.8268094062805176,0.789372980594635,1.0,0.89
8600,0.8268094062805176,0.789372980594635,1.0,0.89
8700,0.8268094062805176,0.789372980594635,1.0,0.89
8800,0.8268094062805176,0.789372980594635,1.0,0.89
8900,0.8268094062805176,0.789372980594635,1.0,0.89
9000,0.8268094062805176,0.789372980594635,1.0,0.89
9100,0.8268094062805176,0.789372980594635,1.0,0.89
9200,0.8268094062805176,0.789372980594635,1.0,0.89
9300,0.8268094062805176,0.789372980594635,1.0,0.89
9400,0.8268094062805176,0.789372980594635,1.0,0.89
9500,0.8268094062805176,0.789372980594635,1.0,0.89
9600,0.8268094062805176,0.789372980594635,1.0,0.89
9700,0.8268094062805176,0.789372980594635,1.0,0.89
9800,0.8268094062805176,0.789372980594635,1.0,0.89
9900,0.8268094062805176,0.789372980594635,1.0,0.89
10000,0.8268094062805176,0.789372980594635,1.0,0.89
10100,0.8268094062805176,0.789372980594635,1.0,0.89
10200,0.8268094062805176,0.789372980594635,1.0,0.89
10300,0.8268094062805176,0.789372980594635,1.0,0.89
10400,0.8268094062805176,0.789372980594635,1.0,0.89
10500,0.8268094062805176,0.789372980594635,1.0,0.89
10600,0.8268094062805176,0.789372980594635,1.0,0.89
10700,0.8268094062805176,0.789372980594635,1.0,0.89
10800,0.8268094062805176,0.789372980594635,1.0,0.89
10900,0.8268094062805176,0.789372980594635,1.0,0.89
11000,0.8268094062805176,0.789372980594635,1.0,0.89
11100,0.8268094062805176,0.789372980594635,1.0,0.89
11200,0.8268094062805176,0.789372980594635,1.0,0.89
11300,0.8268094062805176,0.789372980594635,1.0,0.89
11400,0.8268094062805176,0.789372980594635,1.0,0.89
11500,0.8268094062805176,0.789372980594635,1.0,0.89
11600,0.8268094062805176,0.789372980594635,1.0,0.89
11700,0.8268094062805176,0.789372980594635,1.0,0.89
11800,0.8268094062805176,0.789372980594635,1.0,0.89
11900,0.8268094062805176,0.789372980594635,1.0,0.89
12000,0.8268094062805176,0.789372980594635,1.0,0.89
12100,0.8268094062805176,0.789372980594635,1.0,0.89
12200,0.8268094062805176,0.789372980594635,1.0,0.89
12300,0.8268094062805176,0.789372980594635,1.0,0.89
12400,0.8268094062805176,0.789372980594635,1.0,0.89
12500,0.8268094062805176,0.789372980594635,1.0,0.89
12600,0.8268094062805176,0.789372980594635,1.0,0.89
12700,0.8268094062805176,0.789372980594635,1.0,0.89
12800,0.8268094062805176,0.789372980594635,1.0,0.89
12900,0.8268094062805176,0.789372980594635,1.0,0.89
13000,0.8268094062805176,0.789372980594635,1.0,0.89
13100,0.8268094062805176,0.789372980594635,1.0,0.89
13200,0.8268094062805176,0.789372980594635,1.0,0.89
13300,0.8975293636322021,0.9253743290901184,1.0,0.89
13400,0.8975293636322021,0.9253743290901184,1.0,0.89
13500,0.8975293636322021,0.9253743290901184,1.0,0.89
13600,0.8975293636322021,0.9253743290901184,1.0,0.89
13700,0.8975293636322021,0.9253743290901184,1.0,0.89
13800,0.8975293636322021,0.9253743290901184,1.0,0.89
13900,0.8975293636322021,0.9253743290901184,1.0,0.89
14000,0.8975293636322021,0.9253743290901184,1.0,0.89
14100,0.8975293636322021,0.9253743290901184,1.0,0.89
14200,0.8975293636322021,0.9253743290901184,1.0,0.89
14300,0.8975293636322021,0.9253743290901184,1.0,0.89
14400,0.9113003015518188,0.9409048557281494,1.0,0.89
14500,0.9132826328277588,0.9013935923576355,1.0,0.89
14600,0.9132826328277588,0.9013935923576355,1.0,0.89
14700,0.9132826328277588,0.9013935923576355,1.0,0.89
14800,0.9132826328277588,0.9013935923576355,1.0,0.89
14900,0.9132826328277588,0.9013935923576355,1.0,0.89
15000,0.9132826328277588,0.9013935923576355,1.0,0.89
15100,0.9132826328277588,0.9013935923576355,1.0,0.89
15200,0.9270470142364502,0.9189586043357849,1.0,0.89
15300,0.9270470142364502,0.9189586043357849,1.0,0.89
15400,0.9270470142364502,0.9189586043357849,1.0,0.89
15500,0.9270470142364502,0.9189586043357849,1.0,0.89
15600,0.9270470142364502,0.9189586043357849,1.0,0.89
15700,0.9270470142364502,0.9189586043357849,1.0,0.89
15800,0.9270470142364502,0.9189586043357849,1.0,0.89
15900,0.9270470142364502,0.9189586043357849,1.0,0.89
16000,0.9270470142364502,0.9189586043357849,1.0,0.89
16100,0.9270470142364502,0.9189586043357849,1.0,0.89
16200,0.9634307622909546,0.9721459150314331,1.0,0.89
16300,0.9634307622909546,0.9721459150314331,1.0,0.89
16400,0.9634307622909546,0.9721459150314331,1.0,0.89
16500,0.9634307622909546,0.9721459150314331,1.0,0.89
16600,0.9634307622909546,0.9721459150314331,1.0,0.89
16700,0.9634307622909546,0.9721459150314331,1.0,0.89
16800,0.9634307622909546,0.9721459150314331,1.0,0.89
16900,0.9634307622909546,0.9721459150314331,1.0,0.89
17000,0.9634307622909546,0.9721459150314331,1.0,0.89
17100,0.9634307622909546,0.9721459150314331,1.0,0.89
17200,0.9634307622909546,0.9721459150314331,1.0,0.89
17300,0.9634307622909546,0.9721459150314331,1.0,0.89
17400,0.9634307622909546,0.9721459150314331,1.0,0.89
17500,0.9634307622909546,0.9721459150314331,1.0,0.89
17600,0.9634307622909546,0.9721459150314331,1.0,0.89
17700,0.9634307622909546,0.9721459150314331,1.0,0.89
17800,0.9634307622909546,0.9721459150314331,1.0,0.89
17900,0.9634307622909546,0.9721459150314331,1.0,0.89
18000,0.9634307622909546,0.9721459150314331,1.0,0.89
18100,0.9634307622909546,0.9721459150314331,1.0,0.89
18200,0.9634307622909546,0.9721459150314331,1.0,0.89
18300,0.9634307622909546,0.9721459150314331,1.0,0.89
18400,0.9634307622909546,0.9721459150314331,1.0,0.89
18500,0.9634307622909546,0.9721459150314331,1.0,0.89
18600,0.9634307622909546,0.9721459150314331,1.0,0.89
18700,0.9634307622909546,0.9721459150314331,1.0,0.89
18800,0.9634307622909546,0.9721459150314331,1.0,0.89
18900,0.9634307622909546,0.9721459150314331,1.0,0.89
19000,0.9634307622909546,0.9721459150314331,1.0,0.89
19100,0.9634307622909546,0.9721459150314331,1.0,0.89
19200,0.9634307622909546,0.9721459150314331,1.0,0.89
19300,0.9634307622909546,0.9721459150314331,1.0,0.89
19400,0.9634307622909546,0.9721459150314331,1.0,0.89
19500,0.9634307622909546,0.9721459150314331,1.0,0.89
19600,0.9634307622909546,0.9721459150314331,1.0,0.89
19700,0.9634307622909546,0.9721459150314331,1.0,0.89
19800,0.9634307622909546,0.9721459150314331,1.0,0.89
19900,0.9634307622909546,0.9721459150314331,1.0,0.89
20000,0.9634307622909546,0.9721459150314331,1.0,0.89
20100,0.9634307622909546,0.9721459150314331,1.0,0.89
20200,0.9634307622909546,0.9721459150314331,1.0,0.89
20300,0.9634307622909546,0.9721459150314331,1.0,0.89
20400,0.9634307622909546,0.9721459150314331,1.0,0.89
20500,0.9634307622909546,0.9721459150314331,1.0,0.89
20600,0.9634307622909546,0.9721459150314331,1.0,0.89
20700,0.9634307622909546,0.9721459150314331,1.0,0.89
20800,0.9634307622909546,0.9721459150314331,1.0,0.89
20900,0.9634307622909546,0.9721459150314331,1.0,0.89
21000,0.9634307622909546,0.9721459150314331,1.0,0.89
21100,0.9634307622909546,0.9721459150314331,1.0,0.89
21200,0.9634307622909546,0.9721459150314331,1.0,0.89
21300,0.9634307622909546,0.9721459150314331,1.0,0.89
21400,0.9634307622909546,0.9721459150314331,1.0,0.89
21500,0.9634307622909546,0.9721459150314331,1.0,0.89
21600,0.9634307622909546,0.9721459150314331,1.0,0.89
21700,0.9634307622909546,0.9721459150314331,1.0,0.89
21800,0.9634307622909546,0.9721459150314331,1.0,0.89
21900,0.9634307622909546,0.9721459150314331,1.0,0.89
22000,0.9634307622909546,0.9721459150314331,1.0,0.89
22100,0.9634307622909546,0.9721459150314331,1.0,0.89
22200,0.9634307622909546,0.9721459150314331,1.0,0.89
22300,0.9634307622909546,0.9721459150314331,1.0,0.89
22400,0.9634307622909546,0.9721459150314331,1.0,0.89
22500,0.9634307622909546,0.9721459150314331,1.0,0.89
22600,0.9634307622909546,0.9721459150314331,1.0,0.89
22700,0.9634307622909546,0.9721459150314331,1.0,0.89
22800,0.9634307622909546,0.9721459150314331,1.0,0.89
22900,0.9634307622909546,0.9721459150314331,1.0,0.89
23000,0.9634307622909546,0.9721459150314331,1.0,0.89
23100,0.9634307622909546,0.9721459150314331,1.0,0.89
23200,0.9634307622909546,0.9721459150314331,1.0,0.89
23300,0.9634307622909546,0.9721459150314331,1.0,0.89
23400,0.9634307622909546,0.9721459150314331,1.0,0.89
23500,0.9634307622909546,0.9721459150314331,1.0,0.89
23600,0.9634307622909546,0.9721459150314331,1.0,0.89
23700,0.9634307622909546,0.9721459150314331,1.0,0.89
23800,0.9634307622909546,0.9721459150314331,1.0,0.89
23900,0.9634307622909546,0.9721459150314331,1.0,0.89
24000,0.9634307622909546,0.9721459150314331,1.0,0.89
24100,0.9634307622909546,0.9721459150314331,1.0,0.89
24200,0.9634307622909546,0.9721459150314331,1.0,0.89
24300,0.9634307622909546,0.9721459150314331,1.0,0.89
24400,0.9634307622909546,0.9721459150314331,1.0,0.89
24500,0.9634307622909546,0.9721459150314331,1.0,0.89
24600,0.9634307622909546,0.9721459150314331,1.0,0.89
24700,0.9634307622909546,0.9721459150314331,1.0,0.89
24800,0.9634307622909546,0.9721459150314331,1.0,0.89
24900,0.9634307622909546,0.9721459150314331,1.0,0.89
25000,0.9634307622909546,0.9721459150314331,1.0,0.89
25100,0.9634307622909546,0.9721459150314331,1.0,0.89
25200,0.9634307622909546,0.9721459150314331,1.0,0.89
25300,0.9634307622909546,0.9721459150314331,1.0,0.89
25400,0.9634307622909546,0.9721459150314331,1.0,0.89
25500,0.9634307622909546,0.9721459150314331,1.0,0.89
25600,0.9634307622909546,0.9721459150314331,1.0,0.89
25700,0.9634307622909546,0.9721459150314331,1.0,0.89
25800,0.9634307622909546,0.9721459150314331,1.0,0.89
25900,0.9634307622909546,0.9721459150314331,1.0,0.89
26000,0.9634307622909546,0.9721459150314331,1.0,0.89
26100,0.9634307622909546,0.9721459150314331,1.0,0.89
26200,0.9634307622909546,0.9721459150314331,1.0,0.89
26300,0.9634307622909546,0.9721459150314331,1.0,0.89
26400,0.9634307622909546,0.9721459150314331,1.0,0.89
26500,0.9634307622909546,0.9721459150314331,1.0,0.89
26600,0.9634307622909546,0.9721459150314331,1.0,0.89
26700,0.9634307622909546,0.9721459150314331,1.0,0.89
26800,0.9634307622909546,0.9721459150314331,1.0,0.89
26900,0.9634307622909546,0.9721459150314331,1.0,0.89
27000,0.9634307622909546,0.9721459150314331,1.0,0.89
27100,0.9634307622909546,0.9721459150314331,1.0,0.89
27200,0.9634307622909546,0.9721459150314331,1.0,0.89
27300,0.9634307622909546,0.9721459150314331,1.0,0.89
27400,0.9634307622909546,0.9721459150314331,1.0,0.89
27500,0.9634307622909546,0.9721459150314331,1.0,0.89
27600,0.9634307622909546,0.9721459150314331,1.0,0.89
27700,0.9634307622909546,0.9721459150314331,1.0,0.89
27800,0.9634307622909546,0.9721459150314331,1.0,0.89
27900,0.9634307622909546,0.9721459150314331,1.0,0.89
28000,0.9634307622909546,0.9721459150314331,1.0,0.89
28100,0.9634307622909546,0.9721459150314331,1.0,0.89
28200,0.9634307622909546,0.9721459150314331,1.0,0.89
28300,0.9634307622909546,0.9721459150314331,1.0,0.89
28400,0.9634307622909546,0.9721459150314331,1.0,0.89
28500,0.9634307622909546,0.9721459150314331,1.0,0.89
28600,0.9634307622909546,0.9721459150314331,1.0,0.89
28700,0.9634307622909546,0.9721459150314331,1.0,0.89
28800,0.9634307622909546,0.9721459150314331,1.0,0.89
28900,0.9634307622909546,0.9721459150314331,1.0,0.89
29000,0.9634307622909546,0.9721459150314331,1.0,0.89
29100,0.9634307622909546,0.9721459150314331,1.0,0.89
29200,0.9634307622909546,0.9721459150314331,1.0,0.89
29300,0.9634307622909546,0.9721459150314331,1.0,0.89
29400,0.9634307622909546,0.9721459150314331,1.0,0.89
29500,0.9634307622909546,0.9721459150314331,1.0,0.89
29600,0.9634307622909546,0.9721459150314331,1.0,0.89
29700,0.9634307622909546,0.9721459150314331,1.0,0.89
29800,0.9634307622909546,0.9721459150314331,1.0,0.89
29900,0.9634307622909546,0.9721459150314331,1.0,0.89
30000,0.9634307622909546,-3.500701427459717,1.0,0.89
30100,0.9634307622909546,-3.500701427459717,1.0,0.89
30200,0.9634307622909546,-3.500701427459717,1.0,0.89
30300,0.9634307622909546,-3.500701427459717,1.0,0.89
30400,0.9634307622909546,-3.500701427459717,1.0,0.89
30500,0.9634307622909546,-3.500701427459717,1.0,0.89
30600,0.9634307622909546,-3.500701427459717,1.0,0.89
30700,0.9634307622909546,-3.500701427459717,1.0,0.89
30800,0.9634307622909546,-3.500701427459717,1.0,0.89
30900,0.9634307622909546,-3.500701427459717,1.0,0.89
31000,0.9634307622909546,-3.500701427459717,1.0,0.89
31100,0.9634307622909546,-3.500701427459717,1.0,0.89
31200,0.9634307622909546,-3.500701427459717,1.0,0.89
31300,0.9634307622909546,-3.500701427459717,1.0,0.89
31400,0.9634307622909546,-3.500701427459717,1.0,0.89
31500,0.9634307622909546,-3.500701427459717,1.0,0.89
31600,0.9634307622909546,-3.500701427459717,1.0,0.89
31700,0.9634307622909546,-3.500701427459717,1.0,0.89
31800,0.9634307622909546,-3.500701427459717,1.0,0.89
31900,0.9634307622909546,-3.500701427459717,1.0,0.89
32000,0.9634307622909546,-3.500701427459717,1.0,0.89
32100,0.9634307622909546,-3.500701427459717,1.0,0.89
32200,0.9634307622909546,-3.500701427459717,1.0,0.89
32300,0.9634307622909546,-3.500701427459717,1.0,0.89
32400,0.9634307622909546,-3.500701427459717,1.0,0.89
32500,0.9634307622909546,-3.500701427459717,1.0,0.89
32600,0.9634307622909546,-3.500701427459717,1.0,0.89
32700,0.9634307622909546,-3.500701427459717,1.0,0.89
32800,0.9634307622909546,-3.500701427459717,1.0,0.89
32900,0.9634307622909546,-3.500701427459717,1.0,0.89
33000,0.9634307622909546,-3.500701427459717,1.0,0.89
33100,0.9634307622909546,-3.500701427459717,1.0,0.89
33200,0.9634307622909546,-3.500701427459717,1.0,0.89
33300,0.9634307622909546,-3.500701427459717,1.0,0.89
33400,0.9634307622909546,-3.500701427459717,1.0,0.89
33500,0.9634307622909546,-3.500701427459717,1.0,0.89
33600,0.9634307622909546,-3.500701427459717,1.0,0.89
33700,0.9634307622909546,-3.500701427459717,1.0,0.89
33800,0.9634307622909546,-3.500701427459717,1.0,0.89
33900,0.9634307622909546,-3.500701427459717,1.0,0.89
34000,0.9634307622909546,-3.500701427459717,1.0,0.89
34100,0.9634307622909546,-3.500701427459717,1.0,0.89
34200,0.9634307622909546,-3.500701427459717,1.0,0.89
34300,0.9634307622909546,-3.500701427459717,1.0,0.89
34400,0.9634307622909546,-3.500701427459717,1.0,0.89
34500,0.9634307622909546,-3.500701427459717,1.0,0.89
34600,0.9634307622909546,-3.500701427459717,1.0,0.89
34700,0.9634307622909546,-3.500701427459717,1.0,0.89
34800,0.9634307622909546,-3.500701427459717,1.0,0.89
34900,0.9634307622909546,-3.500701427459717,1.0,0.89
35000,0.9634307622909546,-3.500701427459717,1.0,0.89
35100,0.9634307622909546,-3.500701427459717,1.0,0.89
35200,0.9634307622909546,-3.500701427459717,1.0,0.89
35300,0.9634307622909546,-3.500701427459717,1.0,0.89
35400,0.9634307622909546,-3.500701427459717,1.0,0.89
35500,0.9634307622909546,-3.500701427459717,1.0,0.89
35600,0.9634307622909546,-3.500701427459717,1.0,0.89
35700,0.9634307622909546,-3.500701427459717,1.0,0.89
35800,0.9634307622909546,-3.500701427459717,1.0,0.89
35900,0.9634307622909546,-3.500701427459717,1.0,0.89
36000,0.9634307622909546,-3.500701427459717,1.0,0.89
36100,0.9634307622909546,-3.500701427459717,1.0,0.89
36200,0.9634307622909546,-3.500701427459717,1.0,0.89
36300,0.9634307622909546,-3.500701427459717,1.0,0.89
36400,0.9634307622909546,-3.500701427459717,1.0,0.89
36500,0.9634307622909546,-3.500701427459717,1.0,0.89
36600,0.9634307622909546,-3.500701427459717,1.0,0.89
36700,0.9634307622909546,-3.500701427459717,1.0,0.89
36800,0.9634307622909546,-3.500701427459717,1.0,0.89
36900,0.9634307622909546,-3.500701427459717,1.0,0.89
37000,0.9634307622909546,-3.500701427459717,1.0,0.89
37100,0.9634307622909546,-3.500701427459717,1.0,0.89
37200,0.9634307622909546,-3.500701427459717,1.0,0.89
37300,0.9634307622909546,-3.500701427459717,1.0,0.89
37400,0.9634307622909546,-3.500701427459717,1.0,0.89
37500,0.9634307622909546,-3.500701427459717,1.0,0.89
37600,0.9634307622909546,-3.500701427459717,1.0,0.89
37700,0.9634307622909546,-3.500701427459717,1.0,0.89
37800,0.9634307622909546,-3.500701427459717,1.0,0.89
37900,0.9634307622909546,-3.500701427459717,1.0,0.89
38000,0.9634307622909546,-3.500701427459717,1.0,0.89
38100,0.9634307622909546,-3.500701427459717,1.0,0.89
38200,0.9634307622909546,-3.500701427459717,1.0,0.89
38300,0.9634307622909546,-3.500701427459717,1.0,0.89
38400,0.9634307622909546,-3.500701427459717,1.0,0.89
38500,0.9634307622909546,-3.500701427459717,1.0,0.89
38600,0.9634307622909546,-3.500701427459717,1.0,0.89
38700,0.9634307622909546,-3.500701427459717,1.0,0.89
38800,0.9634307622909546,-3.500701427459717,1.0,0.89
38900,0.9634307622909546,-3.500701427459717,1.0,0.89
39000,0.9634307622909546,-3.500701427459717,1.0,0.89
39100,0.9634307622909546,-3.500701427459717,1.0,0.89
39200,0.9634307622909546,-3.500701427459717,1.0,0.89
39300,0.9634307622909546,-3.500701427459717,1.0,0.89
39400,0.9634307622909546,-3.500701427459717,1.0,0.89
39500,0.9634307622909546,-3.500701427459717,1.0,0.89
39600,0.9634307622909546,-3.500701427459717,1.0,0.89
39700,0.9634307622909546,-3.500701427459717,1.0,0.89
39800,0.9634307622909546,-3.500701427459717,1.0,0.89
39900,0.9634307622909546,-3.500701427459717,1.0,0.89
40000,0.9634307622909546,-3.500701427459717,1.0,0.89
40100,0.9634307622909546,-3.500701427459717,1.0,0.89
40200,0.9634307622909546,-3.500701427459717,1.0,0.89
40300,0.9634307622909546,-3.500701427459717,1.0,0.89
40400,0.9634307622909546,-3.500701427459717,1.0,0.89
40500,0.9634307622909546,-3.500701427459717,1.0,0.89
40600,0.9634307622909546,-3.500701427459717,1.0,0.89
40700,0.9634307622909546,-3.500701427459717,1.0,0.89
40800,0.9634307622909546,-3.500701427459717,1.0,0.89
40900,0.9634307622909546,-3.500701427459717,1.0,0.89
41000,0.9634307622909546,-3.500701427459717,1.0,0.89
41100,0.9634307622909546,-3.500701427459717,1.0,0.89
41200,0.9634307622909546,-3.500701427459717,1.0,0.89
41300,0.9634307622909546,-3.500701427459717,1.0,0.89
41400,0.9634307622909546,-3.500701427459717,1.0,0.89
41500,0.9634307622909546,-3.500701427459717,1.0,0.89
41600,0.9634307622909546,-3.500701427459717,1.0,0.89
41700,0.9634307622909546,-3.500701427459717,1.0,0.89
41800,0.9634307622909546,-3.500701427459717,1.0,0.89
41900,0.9634307622909546,-3.500701427459717,1.0,0.89
42000,0.9634307622909546,-3.500701427459717,1.0,0.89
42100,0.9634307622909546,-3.500701427459717,1.0,0.89
42200,0.9634307622909546,-3.500701427459717,1.0,0.89
42300,0.9634307622909546,-3.500701427459717,1.0,0.89
42400,0.9634307622909546,-3.500701427459717,1.0,0.89
42500,0.9634307622909546,-3.500701427459717,1.0,0.89
42600,0.9634307622909546,-3.500701427459717,1.0,0.89
42700,0.9634307622909546,-3.500701427459717,1.0,0.89
42800,0.9634307622909546,-3.500701427459717,1.0,0.89
42900,0.9634307622909546,-3.500701427459717,1.0,0.89
43000,0.9634307622909546,-3.500701427459717,1.0,0.89
43100,0.9634307622909546,-3.500701427459717,1.0,0.89
43200,0.9634307622909546,-3.500701427459717,1.0,0.89
43300,0.9634307622909546,-3.500701427459717,1.0,0.89
43400,0.9634307622909546,-3.500701427459717,1.0,0.89
43500,0.9634307622909546,-3.500701427459717,1.0,0.89
43600,0.9634307622909546,-3.500701427459717,1.0,0.89
43700,0.9634307622909546,-3.500701427459717,1.0,0.89
43800,0.9634307622909546,-3.500701427459717,1.0,0.89
43900,0.9634307622909546,-3.500701427459717,1.0,0.89
44000,0.9634307622909546,-3.500701427459717,1.0,0.89
44100,0.9634307622909546,-3.500701427459717,1.0,0.89
44200,0.9634307622909546,-3.500701427459717,1.0,0.89
44300,0.9634307622909546,-3.500701427459717,1.0,0.89
44400,0.9634307622909546,-3.500701427459717,1.0,0.89
44500,0.9634307622909546,-3.500701427459717,1.0,0.89
44600,0.9634307622909546,-3.500701427459717,1.0,0.89
44700,0.9634307622909546,-3.500701427459717,1.0,0.89
44800,0.9634307622909546,-3.500701427459717,1.0,0.89
44900,0.9634307622909546,-3.500701427459717,1.0,0.89
45000,0.9634307622909546,-3.500701427459717,1.0,0.89
45100,0.9634307622909546,-3.500701427459717,1.0,0.89
45200,0.9634307622909546,-3.500701427459717,1.0,0.89
45300,0.9634307622909546,-3.500701427459717,1.0,0.89
45400,0.9634307622909546,-3.500701427459717,1.0,0.89
45500,0.9634307622909546,-3.500701427459717,1.0,0.89
45600,0.9634307622909546,-3.500701427459717,1.0,0.89
45700,0.9634307622909546,-3.500701427459717,1.0,0.89
45800,0.9634307622909546,-3.500701427459717,1.0,0.89
45900,0.9634307622909546,-3.500701427459717,1.0,0.89
46000,0.9634307622909546,-3.500701427459717,1.0,0.89
46100,0.9634307622909546,-3.500701427459717,1.0,0.89
46200,0.9634307622909546,-3.500701427459717,1.0,0.89
46300,0.9634307622909546,-3.500701427459717,1.0,0.89
46400,0.9634307622909546,-3.500701427459717,1.0,0.89
46500,0.9634307622909546,-3.500701427459717,1.0,0.89
46600,0.9634307622909546,-3.500701427459717,1.0,0.89
46700,0.9634307622909546,-3.500701427459717,1.0,0.89
46800,0.9634307622909546,-3.500701427459717,1.0,0.89
46900,0.9634307622909546,-3.500701427459717,1.0,0.89
47000,0.9634307622909546,-3.500701427459717,1.0,0.89
47100,0.9634307622909546,-3.500701427459717,1.0,0.89
47200,0.9634307622909546,-3.500701427459717,1.0,0.89
47300,0.9634307622909546,-3.500701427459717,1.0,0.89
47400,0.9634307622909546,-3.500701427459717,1.0,0.89
47500,0.9634307622909546,-3.500701427459717,1.0,0.89
47600,0.9634307622909546,-3.500701427459717,1.0,0.89
47700,0.9634307622909546,-3.500701427459717,1.0,0.89
47800,0.9634307622909546,-3.500701427459717,1.0,0.89
47900,0.9634307622909546,-3.500701427459717,1.0,0.89
48000,0.9634307622909546,-3.500701427459717,1.0,0.89
48100,0.9634307622909546,-3.500701427459717,1.0,0.89
48200,0.9634307622909546,-3.500701427459717,1.0,0.89
48300,0.9634307622909546,-3.500701427459717,1.0,0.89
48400,0.9634307622909546,-3.500701427459717,1.0,0.89
48500,0.9634307622909546,-3.500701427459717,1.0,0.89
48600,0.9634307622909546,-3.500701427459717,1.0,0.89
48700,0.9634307622909546,-3.500701427459717,1.0,0.89
48800,0.9634307622909546,-3.500701427459717,1.0,0.89
48900,0.9634307622909546,-3.500701427459717,1.0,0.89
49000,0.9634307622909546,-3.500701427459717,1.0,0.89
49100,0.9634307622909546,-3.500701427459717,1.0,0.89
49200,0.9634307622909546,-3.500701427459717,1.0,0.89
49300,0.9634307622909546,-3.500701427459717,1.0,0.89
49400,0.9634307622909546,-3.500701427459717,1.0,0.89
49500,0.9634307622909546,-3.500701427459717,1.0,0.89
49600,0.9634307622909546,-3.500701427459717,1.0,0.89
49700,0.9634307622909546,-3.500701427459717,1.0,0.89
49800,0.9634307622909546,-3.500701427459717,1.0,0.89
49900,0.9634307622909546,-3.500701427459717,1.0,0.89
50000,0.9634307622909546,-3.500701427459717,1.0,0.89
50100,0.9634307622909546,-3.500701427459717,1.0,0.89
50200,0.9634307622909546,-3.500701427459717,1.0,0.89
50300,0.9634307622909546,-3.500701427459717,1.0,0.89
50400,0.9634307622909546,-3.500701427459717,1.0,0.89
50500,0.9634307622909546,-3.500701427459717,1.0,0.89
50600,0.9634307622909546,-3.500701427459717,1.0,0.89
50700,0.9634307622909546,-3.500701427459717,1.0,0.89
50800,0.9634307622909546,-3.500701427459717,1.0,0.89
50900,0.9634307622909546,-3.500701427459717,1.0,0.89
51000,0.9634307622909546,-3.500701427459717,1.0,0.89
51100,0.9634307622909546,-3.500701427459717,1.0,0.89
51200,0.9634307622909546,-3.500701427459717,1.0,0.89
51300,0.9634307622909546,-3.500701427459717,1.0,0.89
51400,0.9634307622909546,-3.500701427459717,1.0,0.89
51500,0.9634307622909546,-3.500701427459717,1.0,0.89
51600,0.9634307622909546,-3.500701427459717,1.0,0.89
51700,0.9634307622909546,-3.500701427459717,1.0,0.89
51800,0.9634307622909546,-3.500701427459717,1.0,0.89
51900,0.9634307622909546,-3.500701427459717,1.0,0.89
52000,0.9634307622909546,-3.500701427459717,1.0,0.89
52100,0.9634307622909546,-3.500701427459717,1.0,0.89
52200,0.9634307622909546,-3.500701427459717,1.0,0.89
52300,0.9634307622909546,-3.500701427459717,1.0,0.89
52400,0.9634307622909546,-3.500701427459717,1.0,0.89
52500,0.9634307622909546,-3.500701427459717,1.0,0.89
52600,0.9634307622909546,-3.500701427459717,1.0,0.89
52700,0.9634307622909546,-3.500701427459717,1.0,0.89
52800,0.9634307622909546,-3.500701427459717,1.0,0.89
52900,0.9634307622909546,-3.500701427459717,1.0,0.89
53000,0.9634307622909546,-3.500701427459717,1.0,0.89
53100,0.9634307622909546,-3.500701427459717,1.0,0.89
53200,0.9634307622909546,-3.500701427459717,1.0,0.89
53300,0.9634307622909546,-3.500701427459717,1.0,0.89
53400,0.9634307622909546,-3.500701427459717,1.0,0.89
53500,0.9634307622909546,-3.500701427459717,1.0,0.89
53600,0.9634307622909546,-3.500701427459717,1.0,0.89
53700,0.9634307622909546,-3.500701427459717,1.0,0.89
53800,0.9634307622909546,-3.500701427459717,1.0,0.89
53900,0.9634307622909546,-3.500701427459717,1.0,0.89
54000,0.9634307622909546,-3.500701427459717,1.0,0.89
54100,0.9634307622909546,-3.500701427459717,1.0,0.89
54200,0.9634307622909546,-3.500701427459717,1.0,0.89
54300,0.9634307622909546,-3.500701427459717,1.0,0.89
54400,0.9634307622909546,-3.500701427459717,1.0,0.89
54500,0.9634307622909546,-3.500701427459717,1.0,0.89
54600,0.9634307622909546,-3.500701427459717,1.0,0.89
54700,0.9634307622909546,-3.500701427459717,1.0,0.89
54800,0.9634307622909546,-3.500701427459717,1.0,0.89
54900,0.9634307622909546,-3.500701427459717,1.0,0.89
55000,0.9634307622909546,-3.500701427459717,1.0,0.89
55100,0.9634307622909546,-3.500701427459717,1.0,0.89
55200,0.9634307622909546,-3.500701427459717,1.0,0.89
55300,0.9634307622909546,-3.500701427459717,1.0,0.89
55400,0.9634307622909546,-3.500701427459717,1.0,0.89
55500,0.9634307622909546,-3.500701427459717,1.0,0.89
55600,0.9634307622909546,-3.500701427459717,1.0,0.89
55700,0.9634307622909546,-3.500701427459717,1.0,0.89
55800,0.9634307622909546,-3.500701427459717,1.0,0.89
55900,0.9634307622909546,-3.500701427459717,1.0,0.89
56000,0.9634307622909546,-3.500701427459717,1.0,0.89
56100,0.9634307622909546,-3.500701427459717,1.0,0.89
56200,0.9634307622909546,-3.500701427459717,1.0,0.89
56300,0.9634307622909546,-3.500701427459717,1.0,0.89
56400,0.9634307622909546,-3.500701427459717,1.0,0.89
56500,0.9634307622909546,-3.500701427459717,1.0,0.89
56600,0.9634307622909546,-3.500701427459717,1.0,0.89
56700,0.9634307622909546,-3.500701427459717,1.0,0.89
56800,0.9634307622909546,-3.500701427459717,1.0,0.89
56900,0.9634307622909546,-3.500701427459717,1.0,0.89
57000,0.9634307622909546,-3.500701427459717,1.0,0.89
57100,0.9634307622909546,-3.500701427459717,1.0,0.89
57200,0.9634307622909546,-3.500701427459717,1.0,0.89
57300,0.9634307622909546,-3.500701427459717,1.0,0.89
57400,0.9634307622909546,-3.500701427459717,1.0,0.89
57500,0.9634307622909546,-3.500701427459717,1.0,0.89
57600,0.9634307622909546,-3.500701427459717,1.0,0.89
57700,0.9634307622909546,-3.500701427459717,1.0,0.89
57800,0.9634307622909546,-3.500701427459717,1.0,0.89
57900,0.9634307622909546,-3.500701427459717,1.0,0.89
58000,0.9634307622909546,-3.500701427459717,1.0,0.89
58100,0.9634307622909546,-3.500701427459717,1.0,0.89
58200,0.9634307622909546,-3.500701427459717,1.0,0.89
58300,0.9634307622909546,-3.500701427459717,1.0,0.89
58400,0.9634307622909546,-3.500701427459717,1.0,0.89
58500,0.9634307622909546,-3.500701427459717,1.0,0.89
58600,0.9634307622909546,-3.500701427459717,1.0,0.89
58700,0.9634307622909546,-3.500701427459717,1.0,0.89
58800,0.9634307622909546,-3.500701427459717,1.0,0.89
58900,0.9634307622909546,-3.500701427459717,1.0,0.89
59000,0.9634307622909546,-3.500701427459717,1.0,0.89
59100,0.9634307622909546,-3.500701427459717,1.0,0.89
59200,0.9634307622909546,-3.500701427459717,1.0,0.89
59300,0.9634307622909546,-3.500701427459717,1.0,0.89
59400,0.9634307622909546,-3.500701427459717,1.0,0.89
59500,0.9634307622909546,-3.500701427459717,1.0,0.89
59600,0.9634307622909546,-3.500701427459717,1.0,0.89
59700,0.9634307622909546,-3.500701427459717,1.0,0.89
59800,0.9634307622909546,-3.500701427459717,1.0,0.89
59900,0.9634307622909546,-3.500701427459717,1.0,0.89
76734,0.9634307622909546,0.9721459150314331,0.59,0.89
76834,0.9634307622909546,0.9721459150314331,0.68,0.89
76934,0.9634307622909546,0.9721459150314331,0.69,0.89
77034,0.9634307622909546,0.9721459150314331,0.71,0.89
77134,0.9634307622909546,0.9721459150314331,0.74,0.89
77234,0.9634307622909546,0.9721459150314331,0.77,0.89
77334,0.9634307622909546,0.9721459150314331,0.81,0.89
77434,0.9634307622909546,0.9721459150314331,0.82,0.89
77534,0.9634307622909546,0.9721459150314331,0.84,0.89
77634,0.9665212035179138,0.9655786752700806,0.89,0.89
77734,0.9665212035179138,0.9655786752700806,0.9,0.89
77834,0.9665212035179138,0.9655786752700806,0.87,0.89
77934,0.9665212035179138,0.9655786752700806,0.84,0.89
78034,0.9665212035179138,0.9655786752700806,0.84,0.89
78134,0.9665212035179138,0.9655786752700806,0.85,0.89
78234,0.9665212035179138,0.9655786752700806,0.85,0.89
78334,0.9665212035179138,0.9655786752700806,0.89,0.89
78434,0.9665212035179138,0.9655786752700806,0.9,0.89
78534,0.9665212035179138,0.9655786752700806,0.9,0.89
78634,0.9665212035179138,0.9655786752700806,0.91,0.89
78734,0.9665212035179138,0.9655786752700806,0.9,0.89
78834,0.9665212035179138,0.9655786752700806,0.88,0.89
78934,0.9665212035179138,0.9655786752700806,0.87,0.89
79034,0.9665212035179138,0.9655786752700806,0.86,0.89
79134,0.9665212035179138,0.9655786752700806,0.87,0.89
79234,0.9665212035179138,0.9655786752700806,0.85,0.89
79334,0.9665212035179138,0.9655786752700806,0.9,0.89
79434,0.9665212035179138,0.9655786752700806,0.89,0.89
79534,0.9665212035179138,0.9655786752700806,0.86,0.89
79634,0.9665212035179138,0.9655786752700806,0.91,0.89
79734,0.9665212035179138,0.9655786752700806,0.9,0.89
79834,0.9665212035179138,0.9655786752700806,0.9,0.89
79934,0.9665212035179138,0.9655786752700806,0.91,0.89
80034,0.9665212035179138,0.9655786752700806,0.88,0.89
80134,0.9665212035179138,0.9655786752700806,0.93,0.89
80234,0.9665212035179138,0.9655786752700806,0.93,0.89
80334,0.9665212035179138,0.9655786752700806,0.95,0.89
80434,0.9665212035179138,0.9655786752700806,0.94,0.89
80534,0.9665212035179138,0.9655786752700806,0.91,0.89
80634,0.9665212035179138,0.9655786752700806,0.92,0.89
80734,0.9665212035179138,0.9655786752700806,0.92,0.89
80834,0.9665212035179138,0.9655786752700806,0.86,0.89
80934,0.9665212035179138,0.9655786752700806,0.93,0.89
81034,0.9665212035179138,0.9655786752700806,0.93,0.89
81134,0.9665212035179138,0.9655786752700806,0.92,0.89
81234,0.9665212035179138,0.9655786752700806,0.89,0.89
81334,0.9665212035179138,0.9655786752700806,0.87,0.89
81434,0.9665212035179138,0.9655786752700806,0.89,0.89
81534,0.9665212035179138,0.9655786752700806,0.88,0.89
81634,0.9665212035179138,0.9655786752700806,0.83,0.89
81734,0.9665212035179138,0.9655786752700806,0.88,0.89
81834,0.9665212035179138,0.9655786752700806,0.84,0.89
81934,0.9665212035179138,0.9655786752700806,0.86,0.89
82034,0.9665212035179138,0.9655786752700806,0.83,0.89
82134,0.9665212035179138,0.9655786752700806,0.86,0.89
82234,0.9665212035179138,0.9655786752700806,0.89,0.89
82334,0.9677738547325134,0.9759359359741211,0.89,0.89
82434,0.9677738547325134,0.9759359359741211,0.86,0.89
82534,0.9677738547325134,0.9759359359741211,0.84,0.89
82634,0.9677738547325134,0.9759359359741211,0.82,0.89
82734,0.9677738547325134,0.9759359359741211,0.83,0.89
82834,0.9677738547325134,0.9759359359741211,0.88,0.89
82934,0.9677738547325134,0.9759359359741211,0.86,0.89
83034,0.9677738547325134,0.9759359359741211,0.9,0.89
83134,0.9677738547325134,0.9759359359741211,0.91,0.89
83234,0.9677738547325134,0.9759359359741211,0.95,0.89
83334,0.9677738547325134,0.9759359359741211,0.92,0.89
83434,0.9677738547325134,0.9759359359741211,0.9,0.89
83534,0.9677738547325134,0.9759359359741211,0.9,0.89
83634,0.9677738547325134,0.9759359359741211,0.92,0.89
83734,0.9677738547325134,0.9759359359741211,0.92,0.89
83834,0.9677738547325134,0.9759359359741211,0.91,0.89
83934,0.9677738547325134,0.9759359359741211,0.9,0.89
84034,0.9677738547325134,0.9759359359741211,0.88,0.89
84134,0.9677738547325134,0.9759359359741211,0.91,0.89
84234,0.9677738547325134,0.9759359359741211,0.88,0.89
84334,0.9677738547325134,0.9759359359741211,0.88,0.89
84434,0.9677738547325134,0.9759359359741211,0.92,0.89
84534,0.9677738547325134,0.9759359359741211,0.91,0.89
84634,0.9677738547325134,0.9759359359741211,0.89,0.89
84734,0.9677738547325134,0.9759359359741211,0.92,0.89
84834,0.9677738547325134,0.9759359359741211,0.9,0.89
84934,0.9677738547325134,0.9759359359741211,0.93,0.89
85034,0.9677738547325134,0.9759359359741211,0.94,0.89
85134,0.9677738547325134,0.9759359359741211,0.94,0.89
85234,0.9677738547325134,0.9759359359741211,0.96,0.89
85334,0.9677738547325134,0.9759359359741211,0.95,0.89
85434,0.9677738547325134,0.9759359359741211,0.89,0.89
85534,0.9677738547325134,0.9759359359741211,0.9,0.89
85634,0.9677738547325134,0.9759359359741211,0.88,0.89
85734,0.9677738547325134,0.9759359359741211,0.88,0.89
85834,0.9677738547325134,0.9759359359741211,0.89,0.89
85934,0.9677738547325134,0.9759359359741211,0.89,0.89
86034,0.9677738547325134,0.9759359359741211,0.89,0.89
86134,0.9677738547325134,0.9759359359741211,0.88,0.89
86234,0.9677738547325134,0.9759359359741211,0.88,0.89
86334,0.9677738547325134,0.9759359359741211,0.9,0.89
86434,0.9677738547325134,0.9759359359741211,0.91,0.89
86534,0.9677738547325134,0.9759359359741211,0.91,0.89
86634,0.9677738547325134,0.9759359359741211,0.94,0.89
86734,0.9677738547325134,0.9759359359741211,0.94,0.89
86834,0.9677738547325134,0.9759359359741211,0.93,0.89
86934,0.9677738547325134,0.9759359359741211,0.9,0.89
87034,0.9677738547325134,0.9759359359741211,0.9,0.89
87134,0.9677738547325134,0.9759359359741211,0.93,0.89
87234,0.9677738547325134,0.9759359359741211,0.93,0.89
87334,0.9677738547325134,0.9759359359741211,0.93,0.89
87434,0.9677738547325134,0.9759359359741211,0.93,0.89
87534,0.9677738547325134,0.9759359359741211,0.94,0.89
87634,0.9677738547325134,0.9759359359741211,0.92,0.89
87734,0.9677738547325134,0.9759359359741211,0.91,0.89
87834,0.9677738547325134,0.9759359359741211,0.92,0.89
87934,0.9677738547325134,0.9759359359741211,0.86,0.89
88034,0.9677738547325134,0.9759359359741211,0.84,0.89
88134,0.9677738547325134,0.9759359359741211,0.89,0.89
88234,0.9677738547325134,0.9759359359741211,0.89,0.89
88334,0.9677738547325134,0.9759359359741211,0.87,0.89
88434,0.9677738547325134,0.9759359359741211,0.88,0.89
88534,0.9677738547325134,0.9759359359741211,0.91,0.89
88634,0.9677738547325134,0.9759359359741211,0.91,0.89
88734,0.9677738547325134,0.9759359359741211,0.92,0.89
88834,0.9677738547325134,0.9759359359741211,0.94,0.89
88934,0.9677738547325134,0.9759359359741211,0.92,0.89
89034,0.9677738547325134,0.9759359359741211,0.92,0.89
89134,0.9677738547325134,0.9759359359741211,0.87,0.89
89234,0.9677738547325134,0.9759359359741211,0.86,0.89
89334,0.9677738547325134,0.9759359359741211,0.91,0.89
89434,0.9677738547325134,0.9759359359741211,0.9,0.89
89534,0.9677738547325134,0.9759359359741211,0.91,0.89
89634,0.9677738547325134,0.9759359359741211,0.91,0.89
89734,0.9677738547325134,0.9759359359741211,0.95,0.89
89834,0.9677738547325134,0.9759359359741211,0.96,0.89
89934,0.9677738547325134,0.9759359359741211,0.95,0.89
90034,0.9677738547325134,0.9759359359741211,0.96,0.89
90134,0.9677738547325134,0.9759359359741211,0.96,0.89
90234,0.9677738547325134,0.9759359359741211,0.94,0.89
90334,0.9677738547325134,0.9759359359741211,0.95,0.89
90434,0.9677738547325134,0.9759359359741211,0.94,0.89
90534,0.9677738547325134,0.9759359359741211,0.93,0.89
90634,0.9677738547325134,0.9759359359741211,0.94,0.89
90734,0.9677738547325134,0.9759359359741211,0.96,0.89
90834,0.9677738547325134,0.9759359359741211,0.98,0.89
90934,0.9677738547325134,0.9759359359741211,0.97,0.89
91034,0.9677738547325134,0.9759359359741211,0.95,0.89
91134,0.9677738547325134,0.9759359359741211,0.91,0.89
91234,0.9677738547325134,0.9759359359741211,0.93,0.89
91334,0.9677738547325134,0.9759359359741211,0.92,0.89
91434,0.9677738547325134,0.9759359359741211,0.92,0.89
91534,0.9677738547325134,0.9759359359741211,0.89,0.89
91634,0.9677738547325134,0.9759359359741211,0.89,0.89
91734,0.9677738547325134,0.9759359359741211,0.9,0.89
91834,0.9677738547325134,0.9759359359741211,0.91,0.89
91934,0.9677738547325134,0.9759359359741211,0.93,0.89
92034,0.9677738547325134,0.9759359359741211,0.92,0.89
92134,0.9677738547325134,0.9759359359741211,0.91,0.89
92234,0.9677738547325134,0.9759359359741211,0.92,0.89
92334,0.9677738547325134,0.9759359359741211,0.93,0.89
92434,0.9677738547325134,0.9759359359741211,0.96,0.89
92534,0.9677738547325134,0.9759359359741211,0.95,0.89
92634,0.968729555606842,0.9649327397346497,0.95,0.89
92734,0.968729555606842,0.9649327397346497,0.94,0.89
92834,0.968729555606842,0.9649327397346497,0.93,0.89
92934,0.968729555606842,0.9649327397346497,0.94,0.89
93034,0.968729555606842,0.9649327397346497,0.92,0.89
93134,0.968729555606842,0.9649327397346497,0.94,0.89
93234,0.968729555606842,0.9649327397346497,0.94,0.89
93334,0.968729555606842,0.9649327397346497,0.91,0.89
93434,0.968729555606842,0.9649327397346497,0.92,0.89
93534,0.968729555606842,0.9649327397346497,0.92,0.89
93634,0.968729555606842,0.9649327397346497,0.93,0.89
93734,0.968729555606842,0.9649327397346497,0.95,0.89
93834,0.968729555606842,0.9649327397346497,0.94,0.89
93934,0.968729555606842,0.9649327397346497,0.94,0.89
94034,0.968729555606842,0.9649327397346497,0.93,0.89
94134,0.968729555606842,0.9649327397346497,0.96,0.89
94234,0.968729555606842,0.9649327397346497,0.96,0.89
94334,0.968729555606842,0.9649327397346497,0.98,0.89
94434,0.968729555606842,0.9649327397346497,1.0,0.89
94534,0.968729555606842,0.9649327397346497,1.0,0.89
94634,0.968729555606842,0.9649327397346497,1.0,0.89
94734,0.968729555606842,0.9649327397346497,1.0,0.89
94834,0.968729555606842,0.9649327397346497,0.99,0.89
94934,0.968729555606842,0.9649327397346497,0.99,0.89
95034,0.968729555606842,0.9649327397346497,0.96,0.89
95134,0.968729555606842,0.9649327397346497,0.98,0.89
95234,0.968729555606842,0.9649327397346497,0.97,0.89
95334,0.968729555606842,0.9649327397346497,0.96,0.89
95434,0.968729555606842,0.9649327397346497,0.96,0.89
95534,0.968729555606842,0.9649327397346497,0.96,0.89
95634,0.968729555606842,0.9649327397346497,0.98,0.89
95734,0.968729555606842,0.9649327397346497,0.97,0.89
95834,0.968729555606842,0.9649327397346497,0.96,0.89
95934,0.968729555606842,0.9649327397346497,0.98,0.89
96034,0.9714075922966003,0.9764730930328369,0.97,0.89
96134,0.9714075922966003,0.9764730930328369,0.95,0.89
96234,0.9714075922966003,0.9764730930328369,0.95,0.89
96334,0.9714075922966003,0.9764730930328369,0.94,0.89
96434,0.9714075922966003,0.9764730930328369,0.95,0.89
96534,0.9801633954048157,0.9661523699760437,0.98,0.89
96634,0.9801633954048157,0.9661523699760437,0.97,0.89
96734,0.9801633954048157,0.9661523699760437,0.97,0.89
96834,0.9801633954048157,0.9661523699760437,0.95,0.89
96934,0.9801633954048157,0.9661523699760437,0.94,0.89
97034,0.9801633954048157,0.9661523699760437,0.97,0.89
97134,0.9801633954048157,0.9661523699760437,0.97,0.89
97234,0.9801633954048157,0.9661523699760437,0.97,0.89
97334,0.9801633954048157,0.9661523699760437,0.96,0.89
97434,0.9801633954048157,0.9661523699760437,0.95,0.89
97534,0.9801633954048157,0.9661523699760437,0.95,0.89
97634,0.9801633954048157,0.9661523699760437,0.94,0.89
97734,0.9801633954048157,0.9661523699760437,0.95,0.89
97834,0.9801633954048157,0.9661523699760437,0.95,0.89
97934,0.9801633954048157,0.9661523699760437,0.96,0.89
98034,0.9801633954048157,0.9661523699760437,0.95,0.89
98134,0.9801633954048157,0.9661523699760437,0.96,0.89
98234,0.9801633954048157,0.9661523699760437,0.96,0.89
98334,0.9801633954048157,0.9661523699760437,0.95,0.89
98434,0.9801633954048157,0.9661523699760437,0.95,0.89
98534,0.9801633954048157,0.9661523699760437,0.96,0.89
98634,0.9801633954048157,0.9661523699760437,0.96,0.89
98734,0.9801633954048157,0.9661523699760437,0.96,0.89
98834,0.9801633954048157,0.9661523699760437,0.96,0.89
98934,0.9801633954048157,0.9661523699760437,0.97,0.89
99034,0.9801633954048157,0.9661523699760437,0.97,0.89
99134,0.9801633954048157,0.9661523699760437,0.97,0.89
99234,0.9801633954048157,0.9661523699760437,0.95,0.89
99334,0.9801633954048157,0.9661523699760437,0.96,0.89
99434,0.9801633954048157,0.9661523699760437,0.95,0.89
99534,0.9801633954048157,0.9661523699760437,0.96,0.89
99634,0.9801633954048157,0.9661523699760437,0.97,0.89
99734,0.9801633954048157,0.9661523699760437,0.96,0.89
99834,0.9801633954048157,0.9661523699760437,0.99,0.89
99934,0.9801633954048157,0.9661523699760437,0.99,0.89
100034,0.9801633954048157,0.9661523699760437,0.98,0.89
100134,0.9801633954048157,0.9661523699760437,0.99,0.89
100234,0.9801633954048157,0.9661523699760437,0.97,0.89
100334,0.9801633954048157,0.9661523699760437,0.94,0.89
100434,0.9801633954048157,0.9661523699760437,0.96,0.89
100534,0.9801633954048157,0.9661523699760437,0.96,0.89
100634,0.9801633954048157,0.9661523699760437,0.97,0.89
100734,0.9801633954048157,0.9661523699760437,0.97,0.89
100834,0.9801633954048157,0.9661523699760437,0.96,0.89
100934,0.9801633954048157,0.9661523699760437,0.95,0.89
101034,0.9801633954048157,0.9661523699760437,0.94,0.89
101134,0.9801633954048157,0.9661523699760437,0.91,0.89
101234,0.9801633954048157,0.9661523699760437,0.9,0.89
101334,0.9801633954048157,0.9661523699760437,0.91,0.89
101434,0.9801633954048157,0.9661523699760437,0.93,0.89
101534,0.9801633954048157,0.9661523699760437,0.92,0.89
101634,0.9801633954048157,0.9661523699760437,0.92,0.89
101734,0.9801633954048157,0.9661523699760437,0.93,0.89
101834,0.9801633954048157,0.9661523699760437,0.92,0.89
101934,0.9801633954048157,0.9661523699760437,0.93,0.89
102034,0.9801633954048157,0.9661523699760437,0.94,0.89
102134,0.9801633954048157,0.9661523699760437,0.96,0.89
102234,0.9801633954048157,0.9661523699760437,0.95,0.89
102334,0.9801633954048157,0.9661523699760437,0.95,0.89
102434,0.9801633954048157,0.9661523699760437,0.94,0.89
102534,0.9801633954048157,0.9661523699760437,0.95,0.89
102634,0.9801633954048157,0.9661523699760437,0.95,0.89
102734,0.9801633954048157,0.9661523699760437,0.96,0.89
102834,0.9801633954048157,0.9661523699760437,0.96,0.89
102934,0.9801633954048157,0.9661523699760437,0.98,0.89
103034,0.9801633954048157,0.9661523699760437,0.98,0.89
103134,0.9801633954048157,0.9661523699760437,0.99,0.89
103234,0.9801633954048157,0.9661523699760437,0.98,0.89
103334,0.9801633954048157,0.9661523699760437,0.97,0.89
103434,0.9801633954048157,0.9661523699760437,0.98,0.89
103534,0.9801633954048157,0.9661523699760437,0.96,0.89
103634,0.9801633954048157,0.9661523699760437,0.97,0.89
103734,0.9801633954048157,0.9661523699760437,0.93,0.89
103834,0.9801633954048157,0.9661523699760437,0.93,0.89
103934,0.9801633954048157,0.9661523699760437,0.93,0.89
104034,0.9801633954048157,0.9661523699760437,0.92,0.89
104134,0.9801633954048157,0.9661523699760437,0.92,0.89
104234,0.9801633954048157,0.9661523699760437,0.94,0.89
104334,0.9801633954048157,0.9661523699760437,0.93,0.89
104434,0.9801633954048157,0.9661523699760437,0.95,0.89
104534,0.9801633954048157,0.9661523699760437,0.94,0.89
104634,0.9801633954048157,0.9661523699760437,0.98,0.89
104734,0.9801633954048157,0.9661523699760437,0.96,0.89
104834,0.9801633954048157,0.9661523699760437,0.96,0.89
104934,0.9801633954048157,0.9661523699760437,0.94,0.89
105034,0.9801633954048157,0.9661523699760437,0.93,0.89
105134,0.9801633954048157,0.9661523699760437,0.92,0.89
105234,0.9801633954048157,0.9661523699760437,0.93,0.89
105334,0.9801633954048157,0.9661523699760437,0.93,0.89
105434,0.9801633954048157,0.9661523699760437,0.93,0.89
105534,0.9801633954048157,0.9661523699760437,0.95,0.89
105634,0.9801633954048157,0.9661523699760437,0.94,0.89
105734,0.9801633954048157,0.9661523699760437,0.95,0.89
105834,0.9801633954048157,0.9661523699760437,0.96,0.89
105934,0.9801633954048157,0.9661523699760437,0.95,0.89
106034,0.9801633954048157,0.9661523699760437,0.95,0.89
106134,0.9801633954048157,0.9661523699760437,0.94,0.89
106234,0.9801633954048157,0.9661523699760437,0.94,0.89
106334,0.9801633954048157,0.9661523699760437,0.95,0.89
106434,0.9801633954048157,0.9661523699760437,0.96,0.89
106534,0.9801633954048157,0.9661523699760437,0.96,0.89
106634,0.9801633954048157,0.9661523699760437,0.96,0.89
106848,0.9801633954048157,0.9661523699760437,0.96,0.86
106948,0.9801633954048157,0.9661523699760437,0.96,0.86
107048,0.9801633954048157,0.9661523699760437,0.97,0.86
107148,0.9801633954048157,0.9661523699760437,0.98,0.86
107248,0.9801633954048157,0.9661523699760437,0.98,0.86
107348,0.9801633954048157,0.9661523699760437,0.99,0.86
107448,0.9801633954048157,0.9661523699760437,0.99,0.86
107548,0.9801633954048157,0.9661523699760437,0.99,0.86
107648,0.9801633954048157,0.9661523699760437,0.98,0.86
107748,0.9801633954048157,0.9661523699760437,0.99,0.86
107848,0.9801633954048157,0.9661523699760437,0.99,0.86
107948,0.9801633954048157,0.9661523699760437,0.97,0.86
108048,0.9801633954048157,0.9661523699760437,0.98,0.86
108148,0.9801633954048157,0.9661523699760437,0.99,0.86
108248,0.9801633954048157,0.9661523699760437,1.0,0.86
108348,0.9801633954048157,0.9661523699760437,1.0,0.86
108448,0.9801633954048157,0.9661523699760437,1.0,0.86
108548,0.9801633954048157,0.9661523699760437,1.0,0.86
108648,0.9801633954048157,0.9661523699760437,1.0,0.86
108748,0.9801633954048157,0.9661523699760437,1.0,0.86
108848,0.9801633954048157,0.9661523699760437,1.0,0.86
108948,0.9801633954048157,0.9661523699760437,1.0,0.86
109048,0.9801633954048157,0.9661523699760437,1.0,0.86
109148,0.9801633954048157,0.9661523699760437,1.0,0.86
109248,0.9801633954048157,0.9661523699760437,1.0,0.86
109348,0.9801633954048157,0.9661523699760437,0.99,0.86
109448,0.9801633954048157,0.9661523699760437,1.0,0.86
109548,0.9801633954048157,0.9661523699760437,0.99,0.86
109648,0.9801633954048157,0.9661523699760437,0.99,0.86
109748,0.9801633954048157,0.9661523699760437,0.99,0.86
109848,0.9801633954048157,0.9661523699760437,0.99,0.86
109948,0.9801633954048157,0.9661523699760437,1.0,0.86
110048,0.9801633954048157,0.9661523699760437,1.0,0.86
110148,0.9801633954048157,0.9661523699760437,1.0,0.86
110248,0.9801633954048157,0.9661523699760437,1.0,0.86
110348,0.9801633954048157,0.9661523699760437,1.0,0.86
110448,0.9801633954048157,0.9661523699760437,1.0,0.86
110548,0.9801633954048157,0.9661523699760437,1.0,0.86
110648,0.9801633954048157,0.9661523699760437,1.0,0.86
110748,0.9801633954048157,0.9661523699760437,1.0,0.86
110848,0.9801633954048157,0.9661523699760437,1.0,0.86
110948,0.9801633954048157,0.9661523699760437,1.0,0.86
111048,0.9801633954048157,0.9661523699760437,1.0,0.86
111148,0.9801633954048157,0.9661523699760437,1.0,0.86
111248,0.9801633954048157,0.9661523699760437,1.0,0.86
111348,0.9801633954048157,0.9661523699760437,0.99,0.86
111448,0.9801633954048157,0.9661523699760437,0.99,0.86
111548,0.9801633954048157,0.9661523699760437,0.99,0.86
111648,0.9801633954048157,0.9661523699760437,0.99,0.86
111748,0.9801633954048157,0.9661523699760437,1.0,0.86
111848,0.9801633954048157,0.9661523699760437,1.0,0.86
111948,0.9801633954048157,0.9661523699760437,1.0,0.86
112048,0.9801633954048157,0.9661523699760437,1.0,0.86
112148,0.9801633954048157,0.9661523699760437,1.0,0.86
112248,0.9801633954048157,0.9661523699760437,1.0,0.86
112348,0.9801633954048157,0.9661523699760437,1.0,0.86
112448,0.9801633954048157,0.9661523699760437,1.0,0.86
112548,0.9801633954048157,0.9661523699760437,1.0,0.86
112648,0.9801633954048157,0.9661523699760437,0.99,0.86
112748,0.9801633954048157,0.9661523699760437,0.99,0.86
112848,0.9801633954048157,0.9661523699760437,0.99,0.86
112948,0.9801633954048157,0.9661523699760437,1.0,0.86
113048,0.9801633954048157,0.9661523699760437,1.0,0.86
113148,0.9801633954048157,0.9661523699760437,1.0,0.86
113248,0.9801633954048157,0.9661523699760437,1.0,0.86
113348,0.9801633954048157,0.9661523699760437,1.0,0.86
113448,0.9801633954048157,0.9661523699760437,1.0,0.86
113548,0.9801633954048157,0.9661523699760437,1.0,0.86
113648,0.9801633954048157,0.9661523699760437,1.0,0.86
113748,0.9801633954048157,0.9661523699760437,1.0,0.86
113848,0.9801633954048157,0.9661523699760437,1.0,0.86
113948,0.9801633954048157,0.9661523699760437,1.0,0.86
114048,0.9801633954048157,0.9661523699760437,1.0,0.86
114148,0.9801633954048157,0.9661523699760437,1.0,0.86
114248,0.9801633954048157,0.9661523699760437,1.0,0.86
114348,0.9801633954048157,0.9661523699760437,1.0,0.86
114448,0.9801633954048157,0.9661523699760437,1.0,0.86
114548,0.9801633954048157,0.9661523699760437,0.99,0.86
114648,0.9801633954048157,0.9661523699760437,0.99,0.86
114748,0.9801633954048157,0.9661523699760437,1.0,0.86
114848,0.9801633954048157,0.9661523699760437,0.99,0.86
114948,0.9801633954048157,0.9661523699760437,0.99,0.86
115048,0.9801633954048157,0.9661523699760437,1.0,0.86
115148,0.9801633954048157,0.9661523699760437,1.0,0.86
115248,0.9801633954048157,0.9661523699760437,1.0,0.86
115348,0.9801633954048157,0.9661523699760437,1.0,0.86
115448,0.9801633954048157,0.9661523699760437,1.0,0.86
115548,0.9801633954048157,0.9661523699760437,1.0,0.86
115648,0.9801633954048157,0.9661523699760437,1.0,0.86
115748,0.9801633954048157,0.9661523699760437,1.0,0.86
115848,0.9801633954048157,0.9661523699760437,1.0,0.86
115948,0.9801633954048157,0.9661523699760437,1.0,0.86
116048,0.9801633954048157,0.9661523699760437,1.0,0.86
116148,0.9801633954048157,0.9661523699760437,1.0,0.86
116248,0.9801633954048157,0.9661523699760437,1.0,0.86
116348,0.9801633954048157,0.9661523699760437,1.0,0.86
116448,0.9801633954048157,0.9661523699760437,1.0,0.86
116548,0.9801633954048157,0.9661523699760437,1.0,0.86
116648,0.9801633954048157,0.9661523699760437,1.0,0.86
116748,0.9801633954048157,0.9661523699760437,1.0,0.86
116848,0.9801633954048157,0.9661523699760437,1.0,0.86
116948,0.9801633954048157,0.9661523699760437,1.0,0.86
117048,0.9801633954048157,0.9661523699760437,1.0,0.86
117148,0.9801633954048157,0.9661523699760437,1.0,0.86
117248,0.9801633954048157,0.9661523699760437,1.0,0.86
117348,0.9801633954048157,0.9661523699760437,1.0,0.86
117448,0.9801633954048157,0.9661523699760437,1.0,0.86
117548,0.9801633954048157,0.9661523699760437,1.0,0.86
117648,0.9801633954048157,0.9661523699760437,1.0,0.86
117748,0.9801633954048157,0.9661523699760437,1.0,0.86
117848,0.9801633954048157,0.9661523699760437,1.0,0.86
117948,0.9801633954048157,0.9661523699760437,1.0,0.86
118048,0.9801633954048157,0.9661523699760437,1.0,0.86
118148,0.9801633954048157,0.9661523699760437,1.0,0.86
118248,0.9801633954048157,0.9661523699760437,1.0,0.86
118348,0.9801633954048157,0.9661523699760437,1.0,0.86
118448,0.9801633954048157,0.9661523699760437,1.0,0.86
118548,0.9801633954048157,0.9661523699760437,1.0,0.86
118648,0.9801633954048157,0.9661523699760437,1.0,0.86
118748,0.9801633954048157,0.9661523699760437,1.0,0.86
118848,0.9801633954048157,0.9661523699760437,1.0,0.86
118948,0.9801633954048157,0.9661523699760437,1.0,0.86
119048,0.9801633954048157,0.9661523699760437,1.0,0.86
119148,0.9801633954048157,0.9661523699760437,1.0,0.86
119248,0.9801633954048157,0.9661523699760437,1.0,0.86
119348,0.9801633954048157,0.9661523699760437,1.0,0.86
119448,0.9801633954048157,0.9661523699760437,1.0,0.86
119548,0.9801633954048157,0.9661523699760437,1.0,0.86
119648,0.9801633954048157,0.9661523699760437,1.0,0.86
119748,0.9801633954048157,0.9661523699760437,1.0,0.86
119848,0.9801633954048157,0.9661523699760437,1.0,0.86
119948,0.9801633954048157,0.9661523699760437,1.0,0.86
120048,0.9801633954048157,0.9661523699760437,1.0,0.86
120148,0.9801633954048157,0.9661523699760437,1.0,0.86
120248,0.9801633954048157,0.9661523699760437,1.0,0.86
120348,0.9801633954048157,0.9661523699760437,1.0,0.86
120448,0.9801633954048157,0.9661523699760437,1.0,0.86
120548,0.9801633954048157,0.9661523699760437,1.0,0.86
120648,0.9801633954048157,0.9661523699760437,1.0,0.86
120748,0.9801633954048157,0.9661523699760437,1.0,0.86
120848,0.9801633954048157,0.9661523699760437,1.0,0.86
120948,0.9801633954048157,0.9661523699760437,1.0,0.86
121048,0.9801633954048157,0.9661523699760437,1.0,0.86
121148,0.9801633954048157,0.9661523699760437,1.0,0.86
121248,0.9801633954048157,0.9661523699760437,1.0,0.86
121348,0.9801633954048157,0.9661523699760437,1.0,0.86
121448,0.9801633954048157,0.9661523699760437,1.0,0.86
121548,0.9801633954048157,0.9661523699760437,1.0,0.86
121648,0.9801633954048157,0.9661523699760437,1.0,0.86
121748,0.9801633954048157,0.9661523699760437,1.0,0.86
121848,0.9801633954048157,0.9661523699760437,1.0,0.86
121948,0.9801633954048157,0.9661523699760437,1.0,0.86
122048,0.9801633954048157,0.9661523699760437,1.0,0.86
122148,0.9801633954048157,0.9661523699760437,1.0,0.86
122248,0.9801633954048157,0.9661523699760437,1.0,0.86
122348,0.9801633954048157,0.9661523699760437,1.0,0.86
122448,0.9801633954048157,0.9661523699760437,1.0,0.86
122548,0.9801633954048157,0.9661523699760437,1.0,0.86
122648,0.9801633954048157,0.9661523699760437,1.0,0.86
122748,0.9801633954048157,0.9661523699760437,1.0,0.86
122848,0.9801633954048157,0.9661523699760437,1.0,0.86
122948,0.9801633954048157,0.9661523699760437,1.0,0.86
123048,0.9801633954048157,0.9661523699760437,1.0,0.86
123148,0.9801633954048157,0.9661523699760437,1.0,0.86
123248,0.9801633954048157,0.9661523699760437,1.0,0.86
123348,0.9801633954048157,0.9661523699760437,1.0,0.86
123448,0.9801633954048157,0.9661523699760437,1.0,0.86
123548,0.9801633954048157,0.9661523699760437,1.0,0.86
123648,0.9801633954048157,0.9661523699760437,1.0,0.86
123748,0.9801633954048157,0.9661523699760437,1.0,0.86
123848,0.9801633954048157,0.9661523699760437,1.0,0.86
123948,0.9801633954048157,0.9661523699760437,1.0,0.86
124048,0.9801633954048157,0.9661523699760437,1.0,0.86
124148,0.9801633954048157,0.9661523699760437,1.0,0.86
124248,0.9801633954048157,0.9661523699760437,1.0,0.86
124348,0.9801633954048157,0.9661523699760437,1.0,0.86
124448,0.9801633954048157,0.9661523699760437,1.0,0.86
124548,0.9801633954048157,0.9661523699760437,1.0,0.86
124648,0.9801633954048157,0.9661523699760437,1.0,0.86
124748,0.9801633954048157,0.9661523699760437,1.0,0.86
124848,0.9801633954048157,0.9661523699760437,1.0,0.86
124948,0.9801633954048157,0.9661523699760437,1.0,0.86
125048,0.9801633954048157,0.9661523699760437,1.0,0.86
125148,0.9801633954048157,0.9661523699760437,1.0,0.86
125248,0.9801633954048157,0.9661523699760437,1.0,0.86
125348,0.9801633954048157,0.9661523699760437,1.0,0.86
125448,0.9801633954048157,0.9661523699760437,1.0,0.86
125548,0.9801633954048157,0.9661523699760437,1.0,0.86
125648,0.9801633954048157,0.9661523699760437,1.0,0.86
125748,0.9801633954048157,0.9661523699760437,1.0,0.86
125848,0.9801633954048157,0.9661523699760437,1.0,0.86
125948,0.9801633954048157,0.9661523699760437,1.0,0.86
126048,0.9801633954048157,0.9661523699760437,1.0,0.86
126148,0.9801633954048157,0.9661523699760437,1.0,0.86
126248,0.9801633954048157,0.9661523699760437,1.0,0.86
126348,0.9801633954048157,0.9661523699760437,1.0,0.86
126448,0.9801633954048157,0.9661523699760437,1.0,0.86
126548,0.9801633954048157,0.9661523699760437,1.0,0.86
126648,0.9801633954048157,0.9661523699760437,1.0,0.86
126748,0.9801633954048157,0.9661523699760437,1.0,0.86
126848,0.9801633954048157,0.9661523699760437,1.0,0.86
126948,0.9801633954048157,0.9661523699760437,1.0,0.86
127048,0.9801633954048157,0.9661523699760437,1.0,0.86
127148,0.9801633954048157,0.9661523699760437,1.0,0.86
127248,0.9801633954048157,0.9661523699760437,1.0,0.86
127348,0.9801633954048157,0.9661523699760437,1.0,0.86
127448,0.9801633954048157,0.9661523699760437,1.0,0.86
127548,0.9801633954048157,0.9661523699760437,1.0,0.86
127648,0.9801633954048157,0.9661523699760437,1.0,0.86
127748,0.9801633954048157,0.9661523699760437,1.0,0.86
127848,0.9801633954048157,0.9661523699760437,1.0,0.86
127948,0.9801633954048157,0.9661523699760437,1.0,0.86
128048,0.9801633954048157,0.9661523699760437,1.0,0.86
128148,0.9801633954048157,0.9661523699760437,1.0,0.86
128248,0.9801633954048157,0.9661523699760437,1.0,0.86
128348,0.9801633954048157,0.9661523699760437,1.0,0.86
128448,0.9801633954048157,0.9661523699760437,1.0,0.86
128548,0.9801633954048157,0.9661523699760437,1.0,0.86
128648,0.9801633954048157,0.9661523699760437,1.0,0.86
128748,0.9801633954048157,0.9661523699760437,1.0,0.86
128848,0.9801633954048157,0.9661523699760437,1.0,0.86
128948,0.9801633954048157,0.9661523699760437,1.0,0.86
129048,0.9801633954048157,0.9661523699760437,1.0,0.86
129148,0.9801633954048157,0.9661523699760437,1.0,0.86
129248,0.9801633954048157,0.9661523699760437,1.0,0.86
129348,0.9801633954048157,0.9661523699760437,1.0,0.86
129448,0.9801633954048157,0.9661523699760437,1.0,0.86
129548,0.9801633954048157,0.9661523699760437,1.0,0.86
129648,0.9801633954048157,0.9661523699760437,1.0,0.86
129748,0.9801633954048157,0.9661523699760437,1.0,0.86
129848,0.9801633954048157,0.9661523699760437,1.0,0.86
129948,0.9801633954048157,0.9661523699760437,1.0,0.86
130048,0.9801633954048157,0.9661523699760437,1.0,0.86
130148,0.9801633954048157,0.9661523699760437,1.0,0.86
130248,0.9801633954048157,0.9661523699760437,1.0,0.86
130348,0.9801633954048157,0.9661523699760437,1.0,0.86
130448,0.9801633954048157,0.9661523699760437,1.0,0.86
130548,0.9801633954048157,0.9661523699760437,1.0,0.86
130648,0.9801633954048157,0.9661523699760437,1.0,0.86
130748,0.9801633954048157,0.9661523699760437,1.0,0.86
130848,0.9801633954048157,0.9661523699760437,1.0,0.86
130948,0.9801633954048157,0.9661523699760437,1.0,0.86
131048,0.9801633954048157,0.9661523699760437,1.0,0.86
131148,0.9801633954048157,0.9661523699760437,1.0,0.86
131248,0.9801633954048157,0.9661523699760437,1.0,0.86
131348,0.9801633954048157,0.9661523699760437,1.0,0.86
131448,0.9801633954048157,0.9661523699760437,1.0,0.86
131548,0.9801633954048157,0.9661523699760437,1.0,0.86
131648,0.9801633954048157,0.9661523699760437,1.0,0.86
131748,0.9801633954048157,0.9661523699760437,1.0,0.86
131848,0.9801633954048157,0.9661523699760437,1.0,0.86
131948,0.9801633954048157,0.9661523699760437,1.0,0.86
132048,0.9801633954048157,0.9661523699760437,1.0,0.86
132148,0.9801633954048157,0.9661523699760437,1.0,0.86
132248,0.9801633954048157,0.9661523699760437,1.0,0.86
132348,0.9801633954048157,0.9661523699760437,1.0,0.86
132448,0.9801633954048157,0.9661523699760437,1.0,0.86
132548,0.9801633954048157,0.9661523699760437,1.0,0.86
132648,0.9801633954048157,0.9661523699760437,1.0,0.86
132748,0.9801633954048157,0.9661523699760437,0.99,0.86
132848,0.9801633954048157,0.9661523699760437,0.99,0.86
132948,0.9801633954048157,0.9661523699760437,0.99,0.86
133048,0.9801633954048157,0.9661523699760437,0.99,0.86
133148,0.9801633954048157,0.9661523699760437,0.99,0.86
133248,0.9801633954048157,0.9661523699760437,0.99,0.86
133348,0.9801633954048157,0.9661523699760437,0.99,0.86
133448,0.9801633954048157,0.9661523699760437,0.99,0.86
133548,0.9801633954048157,0.9661523699760437,1.0,0.86
133648,0.9801633954048157,0.9661523699760437,1.0,0.86
133748,0.9801633954048157,0.9661523699760437,1.0,0.86
133848,0.9801633954048157,0.9661523699760437,1.0,0.86
133948,0.9801633954048157,0.9661523699760437,1.0,0.86
134048,0.9801633954048157,0.9661523699760437,1.0,0.86
134148,0.9801633954048157,0.9661523699760437,1.0,0.86
134248,0.9801633954048157,0.9661523699760437,1.0,0.86
134348,0.9801633954048157,0.9661523699760437,1.0,0.86
134448,0.9801633954048157,0.9661523699760437,1.0,0.86
134548,0.9801633954048157,0.9661523699760437,1.0,0.86
134648,0.9801633954048157,0.9661523699760437,1.0,0.86
134748,0.9801633954048157,0.9661523699760437,1.0,0.86
134848,0.9801633954048157,0.9661523699760437,1.0,0.86
134948,0.9801633954048157,0.9661523699760437,1.0,0.86
135048,0.9801633954048157,0.9661523699760437,1.0,0.86
135148,0.9801633954048157,0.9661523699760437,1.0,0.86
135248,0.9801633954048157,0.9661523699760437,1.0,0.86
135348,0.9801633954048157,0.9661523699760437,1.0,0.86
135448,0.9801633954048157,0.9661523699760437,1.0,0.86
135548,0.9801633954048157,0.9661523699760437,1.0,0.86
135648,0.9801633954048157,0.9661523699760437,1.0,0.86
135748,0.9801633954048157,0.9661523699760437,1.0,0.86
135848,0.9801633954048157,0.9661523699760437,1.0,0.86
135948,0.9801633954048157,0.9661523699760437,1.0,0.86
136048,0.9801633954048157,0.9661523699760437,1.0,0.86
136148,0.9801633954048157,0.9661523699760437,1.0,0.86
136248,0.9801633954048157,0.9661523699760437,1.0,0.86
136348,0.9801633954048157,0.9661523699760437,1.0,0.86
136448,0.9801633954048157,0.9661523699760437,1.0,0.86
136548,0.9801633954048157,0.9661523699760437,1.0,0.86
136648,0.9801633954048157,0.9661523699760437,1.0,0.86
136748,0.9801633954048157,0.9661523699760437,1.0,0.86
136848,0.9801633954048157,0.9721459150314331,0.95,0.86
136948,0.9801633954048157,0.9721459150314331,0.95,0.86
137048,0.9801633954048157,0.9721459150314331,0.95,0.86
137148,0.9801633954048157,0.9721459150314331,0.96,0.86
137248,0.9801633954048157,0.9661523699760437,0.97,0.86
137348,0.9801633954048157,0.9661523699760437,0.96,0.86
137448,0.9801633954048157,0.9661523699760437,0.96,0.86
137548,0.9801633954048157,0.9661523699760437,0.96,0.86
137648,0.9801633954048157,0.9661523699760437,0.96,0.86
137748,0.9801633954048157,0.9661523699760437,0.96,0.86
137848,0.9801633954048157,0.9661523699760437,0.96,0.86
137948,0.9801633954048157,0.9661523699760437,0.97,0.86
138048,0.9801633954048157,0.9661523699760437,0.98,0.86
138148,0.9801633954048157,0.9661523699760437,0.98,0.86
138248,0.9801633954048157,0.9661523699760437,0.98,0.86
138348,0.9801633954048157,0.9661523699760437,0.98,0.86
138448,0.9801633954048157,0.9661523699760437,0.98,0.86
138548,0.9801633954048157,0.9661523699760437,0.98,0.86
138648,0.9801633954048157,0.9661523699760437,0.98,0.86
138748,0.9801633954048157,0.9661523699760437,0.99,0.86
138848,0.9801633954048157,0.9661523699760437,0.99,0.86
138948,0.9801633954048157,0.9661523699760437,0.99,0.86
139048,0.9801633954048157,0.9661523699760437,0.99,0.86
139148,0.9801633954048157,0.9661523699760437,0.99,0.86
139248,0.9801633954048157,0.9661523699760437,0.99,0.86
139348,0.9801633954048157,0.9661523699760437,0.99,0.86
139448,0.9801633954048157,0.9661523699760437,0.99,0.86
139548,0.9801633954048157,0.9661523699760437,0.99,0.86
139648,0.9801633954048157,0.9661523699760437,0.99,0.86
139748,0.9801633954048157,0.9661523699760437,0.99,0.86
139848,0.9801633954048157,0.9661523699760437,0.99,0.86
139948,0.9801633954048157,0.9661523699760437,0.99,0.86
140048,0.9801633954048157,0.9661523699760437,0.99,0.86
140148,0.9801633954048157,0.9661523699760437,0.99,0.86
140248,0.9801633954048157,0.9661523699760437,0.99,0.86
140348,0.9801633954048157,0.9661523699760437,0.99,0.86
140448,0.9801633954048157,0.9661523699760437,0.99,0.86
140548,0.9801633954048157,0.9661523699760437,0.99,0.86
140648,0.9801633954048157,0.9661523699760437,0.99,0.86
140748,0.9801633954048157,0.9661523699760437,0.99,0.86
140848,0.9801633954048157,0.9661523699760437,0.99,0.86
140948,0.9801633954048157,0.9661523699760437,0.99,0.86
141048,0.9801633954048157,0.9661523699760437,0.99,0.86
141148,0.9801633954048157,0.9661523699760437,0.99,0.86
141248,0.9801633954048157,0.9661523699760437,0.99,0.86
141348,0.9801633954048157,0.9661523699760437,0.99,0.86
141448,0.9801633954048157,0.9661523699760437,0.99,0.86
141548,0.9801633954048157,0.9661523699760437,0.99,0.86
141648,0.9801633954048157,0.9661523699760437,0.99,0.86
141748,0.9801633954048157,0.9661523699760437,0.99,0.86
141848,0.9801633954048157,0.9661523699760437,0.99,0.86
141948,0.9801633954048157,0.9661523699760437,0.99,0.86
142048,0.9801633954048157,0.9661523699760437,0.99,0.86
142148,0.9801633954048157,0.9661523699760437,0.99,0.86
142248,0.9801633954048157,0.9661523699760437,0.99,0.86
142348,0.9801633954048157,0.9661523699760437,0.99,0.86
142448,0.9801633954048157,0.9661523699760437,0.99,0.86
142548,0.9801633954048157,0.9661523699760437,0.99,0.86
142648,0.9801633954048157,0.9661523699760437,0.99,0.86
142748,0.9801633954048157,0.9661523699760437,0.99,0.86
142848,0.9801633954048157,0.9661523699760437,0.99,0.86
142948,0.9801633954048157,0.9661523699760437,0.99,0.86
143048,0.9801633954048157,0.9661523699760437,0.99,0.86
143148,0.9801633954048157,0.9661523699760437,0.99,0.86
143248,0.9801633954048157,0.9661523699760437,0.99,0.86
143348,0.9801633954048157,0.9661523699760437,0.99,0.86
143448,0.9801633954048157,0.9661523699760437,0.99,0.86
143548,0.9801633954048157,0.9661523699760437,0.99,0.86
143648,0.9801633954048157,0.9661523699760437,0.99,0.86
143748,0.9801633954048157,0.9661523699760437,0.99,0.86
143848,0.9801633954048157,0.9661523699760437,0.99,0.86
143948,0.9801633954048157,0.9661523699760437,0.99,0.86
144048,0.9801633954048157,0.9661523699760437,0.99,0.86
144148,0.9801633954048157,0.9661523699760437,0.99,0.86
144248,0.9801633954048157,0.9661523699760437,0.99,0.86
144348,0.9801633954048157,0.9661523699760437,0.99,0.86
144448,0.9801633954048157,0.9661523699760437,0.99,0.86
144548,0.9801633954048157,0.9661523699760437,0.99,0.86
144648,0.9801633954048157,0.9661523699760437,0.99,0.86
144748,0.9801633954048157,0.9661523699760437,0.99,0.86
144848,0.9801633954048157,0.9661523699760437,0.99,0.86
144948,0.9801633954048157,0.9661523699760437,0.99,0.86
145048,0.9801633954048157,0.9661523699760437,0.99,0.86
145148,0.9801633954048157,0.9661523699760437,0.99,0.86
145248,0.9801633954048157,0.9661523699760437,0.99,0.86
145348,0.9801633954048157,0.9661523699760437,0.99,0.86
145448,0.9801633954048157,0.9661523699760437,0.99,0.86
145548,0.9801633954048157,0.9661523699760437,0.99,0.86
145648,0.9801633954048157,0.9661523699760437,0.99,0.86
145748,0.9801633954048157,0.9661523699760437,0.99,0.86
145848,0.9801633954048157,0.9661523699760437,0.99,0.86
145948,0.9801633954048157,0.9661523699760437,0.99,0.86
146048,0.9801633954048157,0.9661523699760437,0.99,0.86
146148,0.9801633954048157,0.9661523699760437,0.99,0.86
146248,0.9801633954048157,0.9661523699760437,0.99,0.86
146348,0.9801633954048157,0.9661523699760437,0.99,0.86
146448,0.9801633954048157,0.9661523699760437,0.99,0.86
146548,0.9801633954048157,0.9661523699760437,0.99,0.86
146648,0.9801633954048157,0.9661523699760437,0.99,0.86
146748,0.9801633954048157,0.9661523699760437,0.99,0.86
146848,0.9801633954048157,0.9661523699760437,0.99,0.86
146948,0.9801633954048157,0.9661523699760437,0.99,0.86
147048,0.9801633954048157,0.9661523699760437,0.99,0.86
147148,0.9801633954048157,0.9661523699760437,0.99,0.86
147248,0.9801633954048157,0.9661523699760437,0.99,0.86
147348,0.9801633954048157,0.9661523699760437,0.99,0.86
147448,0.9801633954048157,0.9661523699760437,0.99,0.86
147548,0.9801633954048157,0.9661523699760437,0.99,0.86
147648,0.9801633954048157,0.9661523699760437,0.99,0.86
147748,0.9801633954048157,0.9661523699760437,0.99,0.86
147848,0.9801633954048157,0.9661523699760437,0.99,0.86
147948,0.9801633954048157,0.9661523699760437,0.99,0.86
148048,0.9801633954048157,0.9661523699760437,0.99,0.86
148148,0.9801633954048157,0.9661523699760437,0.99,0.86
148248,0.9801633954048157,0.9661523699760437,0.99,0.86
148348,0.9801633954048157,0.9661523699760437,0.99,0.86
148448,0.9801633954048157,0.9661523699760437,0.99,0.86
148548,0.9801633954048157,0.9661523699760437,0.99,0.86
148648,0.9801633954048157,0.9661523699760437,0.99,0.86
148748,0.9801633954048157,0.9661523699760437,0.99,0.86
148848,0.9801633954048157,0.9661523699760437,0.99,0.86
148948,0.9801633954048157,0.9661523699760437,0.99,0.86
149048,0.9801633954048157,0.9661523699760437,0.99,0.86
149148,0.9801633954048157,0.9661523699760437,0.99,0.86
149248,0.9801633954048157,0.9661523699760437,0.99,0.86
149348,0.9801633954048157,0.9661523699760437,0.99,0.86
149448,0.9801633954048157,0.9661523699760437,0.99,0.86
149548,0.9801633954048157,0.9661523699760437,0.99,0.86
149648,0.9801633954048157,0.9661523699760437,0.99,0.86
149748,0.9801633954048157,0.9661523699760437,0.99,0.86
149848,0.9801633954048157,0.9661523699760437,0.99,0.86
149948,0.9801633954048157,0.9661523699760437,0.99,0.86
150048,0.9801633954048157,0.9661523699760437,0.99,0.86
150148,0.9801633954048157,0.9661523699760437,0.99,0.86
150248,0.9801633954048157,0.9661523699760437,0.99,0.86
150348,0.9801633954048157,0.9661523699760437,0.99,0.86
150448,0.9801633954048157,0.9661523699760437,0.99,0.86
150548,0.9801633954048157,0.9661523699760437,0.99,0.86
150648,0.9801633954048157,0.9661523699760437,0.99,0.86
150748,0.9801633954048157,0.9661523699760437,0.99,0.86
150848,0.9801633954048157,0.9661523699760437,0.99,0.86
150948,0.9801633954048157,0.9661523699760437,0.99,0.86
151048,0.9801633954048157,0.9661523699760437,0.99,0.86
151148,0.9801633954048157,0.9661523699760437,0.99,0.86
151248,0.9801633954048157,0.9661523699760437,0.99,0.86
151348,0.9801633954048157,0.9661523699760437,0.99,0.86
151448,0.9801633954048157,0.9661523699760437,0.99,0.86
151548,0.9801633954048157,0.9661523699760437,0.99,0.86
151648,0.9801633954048157,0.9661523699760437,0.99,0.86
151748,0.9801633954048157,0.9661523699760437,0.99,0.86
151848,0.9801633954048157,0.9661523699760437,0.99,0.86
151948,0.9801633954048157,0.9661523699760437,0.99,0.86
152048,0.9801633954048157,0.9661523699760437,0.99,0.86
152148,0.9801633954048157,0.9661523699760437,0.99,0.86
152248,0.9801633954048157,0.9661523699760437,0.99,0.86
152348,0.9801633954048157,0.9661523699760437,0.99,0.86
152448,0.9801633954048157,0.9661523699760437,0.99,0.86
152548,0.9801633954048157,0.9661523699760437,0.99,0.86
152648,0.9835857152938843,0.9771009087562561,0.99,0.86
152748,0.9835857152938843,0.9771009087562561,0.99,0.86
152848,0.9835857152938843,0.9771009087562561,0.99,0.86
152948,0.9835857152938843,0.9771009087562561,0.99,0.86
153048,0.9835857152938843,0.9771009087562561,0.99,0.86
153148,0.9835857152938843,0.9771009087562561,0.99,0.86
153248,0.9835857152938843,0.9771009087562561,0.99,0.86
153348,0.9835857152938843,0.9771009087562561,0.99,0.86
153448,0.9835857152938843,0.9771009087562561,0.99,0.86
153548,0.9835857152938843,0.9771009087562561,0.99,0.86
153648,0.9835857152938843,0.9771009087562561,0.99,0.86
153748,0.9835857152938843,0.9771009087562561,0.99,0.86
153848,0.9835857152938843,0.9771009087562561,0.99,0.86
153948,0.9835857152938843,0.9771009087562561,0.99,0.86
154048,0.9835857152938843,0.9771009087562561,0.99,0.86
154148,0.9835857152938843,0.9771009087562561,0.99,0.86
154248,0.9835857152938843,0.9771009087562561,0.99,0.86
154348,0.9835857152938843,0.9771009087562561,0.99,0.86
154448,0.9835857152938843,0.9771009087562561,0.99,0.86
154548,0.9835857152938843,0.9771009087562561,0.99,0.86
154648,0.9835857152938843,0.9771009087562561,0.99,0.86
154748,0.9835857152938843,0.9771009087562561,0.99,0.86
154848,0.9835857152938843,0.9771009087562561,0.99,0.86
154948,0.9835857152938843,0.9771009087562561,0.99,0.86
155048,0.9835857152938843,0.9771009087562561,0.99,0.86
155148,0.9835857152938843,0.9771009087562561,0.99,0.86
155248,0.9835857152938843,0.9771009087562561,0.99,0.86
155348,0.9835857152938843,0.9771009087562561,0.99,0.86
155448,0.9835857152938843,0.9771009087562561,0.99,0.86
155548,0.9835857152938843,0.9771009087562561,0.99,0.86
155648,0.9835857152938843,0.9771009087562561,0.99,0.86
155748,0.9835857152938843,0.9771009087562561,0.99,0.86
155848,0.9835857152938843,0.9771009087562561,0.99,0.86
155948,0.9835857152938843,0.9771009087562561,0.99,0.86
156048,0.9835857152938843,0.9771009087562561,0.99,0.86
156148,0.9835857152938843,0.9771009087562561,0.99,0.86
156248,0.9835857152938843,0.9771009087562561,0.99,0.86
156348,0.9835857152938843,0.9771009087562561,0.99,0.86
156448,0.9835857152938843,0.9771009087562561,0.99,0.86
156548,0.9835857152938843,0.9771009087562561,0.99,0.86
156648,0.9835857152938843,0.9771009087562561,0.99,0.86
156748,0.9835857152938843,0.9771009087562561,0.99,0.86
156848,0.9835857152938843,0.9771009087562561,0.99,0.86
156948,0.9835857152938843,0.9771009087562561,0.99,0.86
157048,0.9835857152938843,0.9771009087562561,0.99,0.86
157148,0.9835857152938843,0.9771009087562561,0.99,0.86
157248,0.9835857152938843,0.9771009087562561,0.99,0.86
157348,0.9835857152938843,0.9771009087562561,0.99,0.86
157448,0.9835857152938843,0.9771009087562561,0.99,0.86
157548,0.9835857152938843,0.9771009087562561,0.99,0.86
157648,0.9835857152938843,0.9771009087562561,0.99,0.86
157748,0.9835857152938843,0.9771009087562561,0.99,0.86
157848,0.9835857152938843,0.9771009087562561,0.99,0.86
157948,0.9835857152938843,0.9771009087562561,0.99,0.86
158048,0.9835857152938843,0.9771009087562561,0.99,0.86
158148,0.9835857152938843,0.9771009087562561,0.99,0.86
158248,0.9835857152938843,0.9771009087562561,0.99,0.86
158348,0.9835857152938843,0.9771009087562561,0.99,0.86
158448,0.9835857152938843,0.9771009087562561,0.99,0.86
158548,0.9835857152938843,0.9771009087562561,0.99,0.86
158648,0.9835857152938843,0.9771009087562561,0.99,0.86
158748,0.9835857152938843,0.9771009087562561,0.99,0.86
158848,0.9835857152938843,0.9771009087562561,0.99,0.86
158948,0.9835857152938843,0.9771009087562561,0.99,0.86
159048,0.9835857152938843,0.9771009087562561,0.99,0.86
159148,0.9835857152938843,0.9771009087562561,0.99,0.86
159248,0.9835857152938843,0.9771009087562561,0.99,0.86
159348,0.9835857152938843,0.9771009087562561,0.99,0.86
159448,0.9835857152938843,0.9771009087562561,0.99,0.86
159548,0.9835857152938843,0.9771009087562561,0.99,0.86
159648,0.9835857152938843,0.9771009087562561,0.99,0.86
159748,0.9835857152938843,0.9771009087562561,0.99,0.86
159848,0.9835857152938843,0.9771009087562561,0.99,0.86
159948,0.9835857152938843,0.9771009087562561,0.99,0.86
160048,0.9835857152938843,0.9771009087562561,0.99,0.86
160148,0.9835857152938843,0.9771009087562561,0.99,0.86
160248,0.9835857152938843,0.9771009087562561,0.99,0.86
160348,0.9835857152938843,0.9771009087562561,0.99,0.86
160448,0.9835857152938843,0.9771009087562561,0.99,0.86
160548,0.9835857152938843,0.9771009087562561,0.99,0.86
160648,0.9835857152938843,0.9771009087562561,0.99,0.86
160748,0.9835857152938843,0.9771009087562561,0.99,0.86
160848,0.9835857152938843,0.9771009087562561,0.99,0.86
160948,0.9835857152938843,0.9771009087562561,0.99,0.86
161048,0.9835857152938843,0.9771009087562561,0.99,0.86
161148,0.9835857152938843,0.9771009087562561,0.99,0.86
161248,0.9835857152938843,0.9771009087562561,0.99,0.86
161348,0.9835857152938843,0.9771009087562561,0.99,0.86
161448,0.9835857152938843,0.9771009087562561,0.99,0.86
161548,0.9835857152938843,0.9771009087562561,0.99,0.86
161648,0.9835857152938843,0.9771009087562561,0.99,0.86
161748,0.9835857152938843,0.9771009087562561,0.99,0.86
161848,0.9835857152938843,0.9771009087562561,0.99,0.86
161948,0.9835857152938843,0.9771009087562561,0.99,0.86
162048,0.9835857152938843,0.9771009087562561,0.99,0.86
162148,0.9835857152938843,0.9771009087562561,0.99,0.86
162248,0.9835857152938843,0.9771009087562561,0.99,0.86
162348,0.9835857152938843,0.9771009087562561,0.99,0.86
162448,0.9835857152938843,0.9771009087562561,0.99,0.86
162548,0.9835857152938843,0.9771009087562561,0.99,0.86
162648,0.9835857152938843,0.9771009087562561,0.99,0.86
162748,0.9835857152938843,0.9771009087562561,0.99,0.86
162848,0.9835857152938843,0.9771009087562561,0.99,0.86
162948,0.9835857152938843,0.9771009087562561,0.99,0.86
163048,0.9835857152938843,0.9771009087562561,0.99,0.86
163148,0.9835857152938843,0.9771009087562561,0.99,0.86
163248,0.9835857152938843,0.9771009087562561,0.99,0.86
163348,0.9835857152938843,0.9771009087562561,0.99,0.86
163448,0.9835857152938843,0.9771009087562561,0.99,0.86
163548,0.9835857152938843,0.9771009087562561,0.99,0.86
163648,0.9835857152938843,0.9771009087562561,0.99,0.86
163748,0.9835857152938843,0.9771009087562561,0.99,0.86
163848,0.9835857152938843,0.9771009087562561,0.99,0.86
163948,0.9835857152938843,0.9771009087562561,0.99,0.86
164048,0.9835857152938843,0.9771009087562561,0.99,0.86
164148,0.9835857152938843,0.9771009087562561,0.99,0.86
164248,0.9835857152938843,0.9771009087562561,0.99,0.86
164348,0.9835857152938843,0.9771009087562561,0.99,0.86
164448,0.9835857152938843,0.9771009087562561,0.99,0.86
164548,0.9835857152938843,0.9771009087562561,0.99,0.86
164648,0.9835857152938843,0.9771009087562561,0.99,0.86
164748,0.9835857152938843,0.9771009087562561,0.99,0.86
164848,0.9835857152938843,0.9771009087562561,0.99,0.86
164948,0.9835857152938843,0.9771009087562561,0.99,0.86
165048,0.9835857152938843,0.9771009087562561,0.99,0.86
165148,0.9835857152938843,0.9771009087562561,0.99,0.86
165248,0.9835857152938843,0.9771009087562561,0.99,0.86
165348,0.9835857152938843,0.9771009087562561,0.99,0.86
165448,0.9835857152938843,0.9771009087562561,0.99,0.86
165548,0.9835857152938843,0.9771009087562561,0.99,0.86
165648,0.9835857152938843,0.9771009087562561,0.99,0.86
165748,0.9835857152938843,0.9771009087562561,0.99,0.86
165848,0.9835857152938843,0.9771009087562561,0.99,0.86
165948,0.9835857152938843,0.9771009087562561,0.99,0.86
166048,0.9835857152938843,0.9771009087562561,0.99,0.86
166148,0.9835857152938843,0.9771009087562561,0.99,0.86
166248,0.9835857152938843,0.9771009087562561,0.99,0.86
166348,0.9835857152938843,0.9771009087562561,0.99,0.86
166448,0.9835857152938843,0.9771009087562561,0.99,0.86
166548,0.9835857152938843,0.9771009087562561,0.99,0.86
166648,0.9835857152938843,0.9771009087562561,0.99,0.86
166748,0.9835857152938843,0.9771009087562561,0.99,0.86
168376,0.9835857152938843,0.9771009087562561,0.87,0.89
168476,0.9835857152938843,0.9771009087562561,0.88,0.89
168576,0.9835857152938843,0.9771009087562561,0.91,0.89
168676,0.9835857152938843,0.9771009087562561,0.91,0.89
168776,0.9835857152938843,0.9771009087562561,0.92,0.89
168876,0.9835857152938843,0.9771009087562561,0.92,0.89
168976,0.9835857152938843,0.9771009087562561,0.94,0.89
169076,0.9835857152938843,0.9771009087562561,0.96,0.89
169176,0.9835857152938843,0.9771009087562561,0.96,0.89
169276,0.9835857152938843,0.9771009087562561,0.97,0.89
169376,0.9835857152938843,0.9771009087562561,0.97,0.89
169476,0.9835857152938843,0.9771009087562561,0.97,0.89
169576,0.9835857152938843,0.9771009087562561,0.98,0.89
169676,0.9835857152938843,0.9771009087562561,0.99,0.89
169776,0.9835857152938843,0.9771009087562561,0.98,0.89
169876,0.9835857152938843,0.9771009087562561,0.99,0.89
169976,0.9835857152938843,0.9771009087562561,1.0,0.89
170076,0.9835857152938843,0.9771009087562561,1.0,0.89
170176,0.9835857152938843,0.9771009087562561,1.0,0.89
170276,0.9835857152938843,0.9771009087562561,1.0,0.89
170376,0.9835857152938843,0.9771009087562561,0.99,0.89
170476,0.9835857152938843,0.9771009087562561,0.99,0.89
170576,0.9835857152938843,0.9771009087562561,0.99,0.89
170676,0.9835857152938843,0.9771009087562561,0.99,0.89
170776,0.9835857152938843,0.9771009087562561,0.99,0.89
170876,0.9835857152938843,0.9771009087562561,0.99,0.89
170976,0.9835857152938843,0.9771009087562561,0.98,0.89
171076,0.9835857152938843,0.9771009087562561,0.98,0.89
171176,0.9835857152938843,0.9771009087562561,0.97,0.89
171276,0.9835857152938843,0.9771009087562561,0.98,0.89
171376,0.9835857152938843,0.9771009087562561,0.97,0.89
171476,0.9835857152938843,0.9771009087562561,0.97,0.89
171576,0.9835857152938843,0.9771009087562561,0.98,0.89
171676,0.9835857152938843,0.9771009087562561,0.98,0.89
171776,0.9835857152938843,0.9771009087562561,0.97,0.89
171876,0.9835857152938843,0.9771009087562561,0.97,0.89
171976,0.9835857152938843,0.9771009087562561,0.97,0.89
172076,0.9835857152938843,0.9771009087562561,0.98,0.89
172176,0.9835857152938843,0.9771009087562561,0.99,0.89
172276,0.9835857152938843,0.9771009087562561,0.98,0.89
172376,0.9835857152938843,0.9771009087562561,0.99,0.89
172476,0.9835857152938843,0.9771009087562561,0.99,0.89
172576,0.9835857152938843,0.9771009087562561,1.0,0.89
172676,0.9835857152938843,0.9771009087562561,1.0,0.89
172776,0.9835857152938843,0.9771009087562561,1.0,0.89
172876,0.9835857152938843,0.9771009087562561,1.0,0.89
172976,0.9835857152938843,0.9771009087562561,1.0,0.89
173076,0.9835857152938843,0.9771009087562561,1.0,0.89
173176,0.9835857152938843,0.9771009087562561,1.0,0.89
173276,0.9835857152938843,0.9771009087562561,1.0,0.89
173376,0.9835857152938843,0.9771009087562561,1.0,0.89
173476,0.9835857152938843,0.9771009087562561,1.0,0.89
173576,0.9835857152938843,0.9771009087562561,1.0,0.89
173676,0.9835857152938843,0.9771009087562561,1.0,0.89
173776,0.9835857152938843,0.9771009087562561,1.0,0.89
173876,0.9835857152938843,0.9771009087562561,1.0,0.89
173976,0.9835857152938843,0.9771009087562561,0.99,0.89
174076,0.9835857152938843,0.9771009087562561,1.0,0.89
174176,0.9835857152938843,0.9771009087562561,1.0,0.89
174276,0.9835857152938843,0.9771009087562561,1.0,0.89
174376,0.9835857152938843,0.9771009087562561,0.98,0.89
174476,0.9835857152938843,0.9771009087562561,0.98,0.89
174576,0.9835857152938843,0.9771009087562561,0.98,0.89
174676,0.9835857152938843,0.9771009087562561,0.98,0.89
174776,0.9835857152938843,0.9771009087562561,0.98,0.89
174876,0.9835857152938843,0.9771009087562561,0.97,0.89
174976,0.9835857152938843,0.9771009087562561,0.97,0.89
175076,0.9835857152938843,0.9771009087562561,0.98,0.89
175176,0.9835857152938843,0.9771009087562561,0.98,0.89
175276,0.9835857152938843,0.9771009087562561,0.98,0.89
175376,0.9835857152938843,0.9771009087562561,0.98,0.89
175476,0.9835857152938843,0.9771009087562561,0.99,0.89
175576,0.9835857152938843,0.9771009087562561,0.99,0.89
175676,0.9835857152938843,0.9771009087562561,0.99,0.89
175776,0.9835857152938843,0.9771009087562561,0.99,0.89
175876,0.9835857152938843,0.9771009087562561,0.99,0.89
175976,0.9835857152938843,0.9771009087562561,0.98,0.89
176076,0.9835857152938843,0.9771009087562561,0.98,0.89
176176,0.9835857152938843,0.9771009087562561,0.97,0.89
176276,0.9835857152938843,0.9771009087562561,0.98,0.89
176376,0.9835857152938843,0.9771009087562561,0.98,0.89
176476,0.9835857152938843,0.9771009087562561,0.98,0.89
176576,0.9835857152938843,0.9771009087562561,0.98,0.89
176676,0.9835857152938843,0.9771009087562561,0.97,0.89
176776,0.9835857152938843,0.9771009087562561,0.97,0.89
176876,0.9835857152938843,0.9771009087562561,0.98,0.89
176976,0.9835857152938843,0.9771009087562561,0.97,0.89
177076,0.9835857152938843,0.9771009087562561,0.98,0.89
177176,0.9835857152938843,0.9771009087562561,0.98,0.89
177276,0.9835857152938843,0.9771009087562561,0.96,0.89
177376,0.9835857152938843,0.9771009087562561,0.97,0.89
177476,0.9835857152938843,0.9771009087562561,0.98,0.89
177576,0.9835857152938843,0.9771009087562561,0.97,0.89
177676,0.9835857152938843,0.9771009087562561,0.96,0.89
177776,0.9835857152938843,0.9771009087562561,0.97,0.89
177876,0.9835857152938843,0.9771009087562561,0.94,0.89
177976,0.9835857152938843,0.9771009087562561,0.93,0.89
178076,0.9835857152938843,0.9771009087562561,0.94,0.89
178176,0.9835857152938843,0.9771009087562561,0.95,0.89
178276,0.9835857152938843,0.9771009087562561,0.97,0.89
178376,0.9835857152938843,0.9771009087562561,0.96,0.89
178476,0.9835857152938843,0.9771009087562561,0.94,0.89
178576,0.9835857152938843,0.9771009087562561,0.95,0.89
178676,0.9835857152938843,0.9771009087562561,0.95,0.89
178776,0.9835857152938843,0.9771009087562561,0.97,0.89
178876,0.9835857152938843,0.9771009087562561,0.97,0.89
178976,0.9835857152938843,0.9771009087562561,0.97,0.89
179076,0.9835857152938843,0.9771009087562561,0.98,0.89
179176,0.9835857152938843,0.9771009087562561,0.98,0.89
179276,0.9835857152938843,0.9771009087562561,0.98,0.89
179376,0.9835857152938843,0.9771009087562561,0.97,0.89
179476,0.9835857152938843,0.9771009087562561,0.97,0.89
179576,0.9835857152938843,0.9771009087562561,0.98,0.89
179676,0.9835857152938843,0.9771009087562561,1.0,0.89
179776,0.9835857152938843,0.9771009087562561,0.98,0.89
179876,0.9835857152938843,0.9771009087562561,0.98,0.89
179976,0.9835857152938843,0.9771009087562561,0.98,0.89
180076,0.9835857152938843,0.9771009087562561,0.97,0.89
180176,0.9835857152938843,0.9771009087562561,0.97,0.89
180276,0.9835857152938843,0.9771009087562561,0.97,0.89
180376,0.9835857152938843,0.9771009087562561,0.98,0.89
180476,0.9835857152938843,0.9771009087562561,0.97,0.89
180576,0.9835857152938843,0.9771009087562561,0.97,0.89
180676,0.9835857152938843,0.9771009087562561,0.96,0.89
180776,0.9835857152938843,0.9771009087562561,0.97,0.89
180876,0.9835857152938843,0.9771009087562561,0.97,0.89
180976,0.9835857152938843,0.9771009087562561,0.97,0.89
181076,0.9835857152938843,0.9771009087562561,0.97,0.89
181176,0.9835857152938843,0.9771009087562561,0.97,0.89
181276,0.9835857152938843,0.9771009087562561,0.97,0.89
181376,0.9835857152938843,0.9771009087562561,0.98,0.89
181476,0.9835857152938843,0.9771009087562561,0.97,0.89
181576,0.9835857152938843,0.9771009087562561,0.97,0.89
181676,0.9835857152938843,0.9771009087562561,0.95,0.89
181776,0.9835857152938843,0.9771009087562561,0.96,0.89
181876,0.9835857152938843,0.9771009087562561,0.97,0.89
181976,0.9835857152938843,0.9771009087562561,0.97,0.89
182076,0.9835857152938843,0.9771009087562561,0.97,0.89
182176,0.9835857152938843,0.9771009087562561,0.97,0.89
182276,0.9835857152938843,0.9771009087562561,1.0,0.89
182376,0.9835857152938843,0.9771009087562561,0.98,0.89
182476,0.9835857152938843,0.9771009087562561,0.96,0.89
182576,0.9835857152938843,0.9771009087562561,0.96,0.89
182676,0.9835857152938843,0.9771009087562561,0.94,0.89
182776,0.9835857152938843,0.9771009087562561,0.96,0.89
182876,0.9835857152938843,0.9771009087562561,0.95,0.89
182976,0.9835857152938843,0.9771009087562561,0.97,0.89
183076,0.9835857152938843,0.9771009087562561,0.97,0.89
183176,0.9835857152938843,0.9771009087562561,0.97,0.89
183276,0.9835857152938843,0.9771009087562561,0.99,0.89
183376,0.9835857152938843,0.9771009087562561,1.0,0.89
183476,0.9835857152938843,0.9771009087562561,0.99,0.89
183576,0.9835857152938843,0.9771009087562561,0.99,0.89
183676,0.9835857152938843,0.9771009087562561,0.99,0.89
183776,0.9835857152938843,0.9771009087562561,1.0,0.89
183876,0.9835857152938843,0.9771009087562561,1.0,0.89
183976,0.9835857152938843,0.9771009087562561,0.99,0.89
184076,0.9835857152938843,0.9771009087562561,0.98,0.89
184176,0.9835857152938843,0.9771009087562561,1.0,0.89
184276,0.9835857152938843,0.9771009087562561,0.98,0.89
184376,0.9835857152938843,0.9771009087562561,0.99,0.89
184476,0.9835857152938843,0.9771009087562561,0.98,0.89
184576,0.9835857152938843,0.9771009087562561,0.98,0.89
184676,0.9835857152938843,0.9771009087562561,0.98,0.89
184776,0.9835857152938843,0.9771009087562561,0.96,0.89
184876,0.9835857152938843,0.9771009087562561,0.97,0.89
184976,0.9835857152938843,0.9771009087562561,0.96,0.89
185076,0.9835857152938843,0.9771009087562561,0.97,0.89
185176,0.9835857152938843,0.9771009087562561,0.97,0.89
185276,0.9835857152938843,0.9771009087562561,0.97,0.89
185376,0.9835857152938843,0.9771009087562561,0.97,0.89
185476,0.9835857152938843,0.9771009087562561,0.97,0.89
185576,0.9835857152938843,0.9771009087562561,0.95,0.89
185676,0.9835857152938843,0.9771009087562561,0.96,0.89
185776,0.9835857152938843,0.9771009087562561,0.96,0.89
185876,0.9835857152938843,0.9771009087562561,0.95,0.89
185976,0.9835857152938843,0.9771009087562561,0.94,0.89
186076,0.9835857152938843,0.9771009087562561,0.95,0.89
186176,0.9835857152938843,0.9771009087562561,0.97,0.89
186276,0.9835857152938843,0.9771009087562561,0.96,0.89
186376,0.9835857152938843,0.9771009087562561,0.97,0.89
186476,0.9835857152938843,0.9771009087562561,0.97,0.89
186576,0.9835857152938843,0.9771009087562561,0.96,0.89
186676,0.9835857152938843,0.9771009087562561,0.95,0.89
186776,0.9835857152938843,0.9771009087562561,0.97,0.89
186876,0.9835857152938843,0.9771009087562561,0.98,0.89
186976,0.9835857152938843,0.9771009087562561,0.98,0.89
187076,0.9835857152938843,0.9771009087562561,0.99,0.89
187176,0.9835857152938843,0.9771009087562561,0.99,0.89
187276,0.9835857152938843,0.9771009087562561,0.99,0.89
187376,0.9835857152938843,0.9771009087562561,1.0,0.89
187476,0.9835857152938843,0.9771009087562561,0.99,0.89
187576,0.9835857152938843,0.9771009087562561,0.99,0.89
187676,0.9835857152938843,0.9771009087562561,1.0,0.89
187776,0.9835857152938843,0.9771009087562561,1.0,0.89
187876,0.9835857152938843,0.9771009087562561,1.0,0.89
187976,0.9835857152938843,0.9771009087562561,1.0,0.89
188076,0.9835857152938843,0.9771009087562561,0.99,0.89
188176,0.9835857152938843,0.9771009087562561,0.99,0.89
188276,0.9835857152938843,0.9771009087562561,1.0,0.89
188376,0.9835857152938843,0.9771009087562561,1.0,0.89
188476,0.9835857152938843,0.9771009087562561,1.0,0.89
188576,0.9835857152938843,0.9771009087562561,0.99,0.89
188676,0.9835857152938843,0.9771009087562561,0.99,0.89
188776,0.9835857152938843,0.9771009087562561,0.98,0.89
188876,0.9835857152938843,0.9771009087562561,0.98,0.89
188976,0.9835857152938843,0.9771009087562561,0.98,0.89
189076,0.9835857152938843,0.9771009087562561,1.0,0.89
189176,0.9835857152938843,0.9771009087562561,0.98,0.89
189276,0.9835857152938843,0.9771009087562561,0.98,0.89
189376,0.9835857152938843,0.9771009087562561,0.98,0.89
189476,0.9835857152938843,0.9771009087562561,0.99,0.89
189576,0.9835857152938843,0.9771009087562561,0.99,0.89
189676,0.9835857152938843,0.9771009087562561,0.99,0.89
189776,0.9835857152938843,0.9771009087562561,0.99,0.89
189876,0.9835857152938843,0.9771009087562561,0.99,0.89
189976,0.9835857152938843,0.9771009087562561,0.98,0.89
190076,0.9835857152938843,0.9771009087562561,0.98,0.89
190176,0.9835857152938843,0.9771009087562561,0.96,0.89
190276,0.9835857152938843,0.9771009087562561,0.96,0.89
190376,0.9835857152938843,0.9771009087562561,0.95,0.89
190476,0.9835857152938843,0.9771009087562561,0.96,0.89
190576,0.9835857152938843,0.9771009087562561,0.97,0.89
190676,0.9835857152938843,0.9771009087562561,0.96,0.89
190776,0.9835857152938843,0.9771009087562561,0.97,0.89
190876,0.9835857152938843,0.9771009087562561,0.96,0.89
190976,0.9835857152938843,0.9771009087562561,0.96,0.89
191076,0.9835857152938843,0.9771009087562561,0.96,0.89
191176,0.9835857152938843,0.9771009087562561,0.94,0.89
191276,0.9835857152938843,0.9771009087562561,0.92,0.89
191376,0.9835857152938843,0.9771009087562561,0.92,0.89
191476,0.9835857152938843,0.9771009087562561,0.92,0.89
191576,0.9835857152938843,0.9771009087562561,0.91,0.89
191676,0.9835857152938843,0.9771009087562561,0.92,0.89
191776,0.9835857152938843,0.9771009087562561,0.92,0.89
191876,0.9835857152938843,0.9771009087562561,0.92,0.89
191976,0.9835857152938843,0.9771009087562561,0.92,0.89
192076,0.9835857152938843,0.9771009087562561,0.92,0.89
192176,0.9835857152938843,0.9771009087562561,0.93,0.89
192276,0.9835857152938843,0.9771009087562561,0.91,0.89
192376,0.9835857152938843,0.9771009087562561,0.91,0.89
192476,0.9835857152938843,0.9771009087562561,0.92,0.89
192576,0.9835857152938843,0.9771009087562561,0.92,0.89
192676,0.9835857152938843,0.9771009087562561,0.94,0.89
192776,0.9835857152938843,0.9771009087562561,0.95,0.89
192876,0.9835857152938843,0.9771009087562561,0.95,0.89
192976,0.9835857152938843,0.9771009087562561,0.96,0.89
193076,0.9835857152938843,0.9771009087562561,0.96,0.89
193176,0.9835857152938843,0.9771009087562561,0.97,0.89
193276,0.9835857152938843,0.9771009087562561,0.97,0.89
193376,0.9835857152938843,0.9771009087562561,0.98,0.89
193476,0.9835857152938843,0.9771009087562561,0.99,0.89
193576,0.9835857152938843,0.9771009087562561,1.0,0.89
193676,0.9835857152938843,0.9771009087562561,1.0,0.89
193776,0.9835857152938843,0.9771009087562561,0.98,0.89
193876,0.9835857152938843,0.9771009087562561,0.98,0.89
193976,0.9835857152938843,0.9771009087562561,0.98,0.89
194076,0.9835857152938843,0.9771009087562561,0.99,0.89
194176,0.9835857152938843,0.9771009087562561,1.0,0.89
194276,0.9835857152938843,0.9771009087562561,0.99,0.89
194376,0.9835857152938843,0.9771009087562561,0.98,0.89
194476,0.9835857152938843,0.9771009087562561,0.95,0.89
194576,0.9835857152938843,0.9771009087562561,0.97,0.89
194676,0.9835857152938843,0.9771009087562561,0.96,0.89
194776,0.9835857152938843,0.9771009087562561,0.96,0.89
194876,0.9835857152938843,0.9771009087562561,0.96,0.89
194976,0.9835857152938843,0.9771009087562561,0.96,0.89
195076,0.9835857152938843,0.9771009087562561,0.98,0.89
195176,0.9835857152938843,0.9771009087562561,0.98,0.89
195276,0.9835857152938843,0.9771009087562561,0.97,0.89
195376,0.9835857152938843,0.9771009087562561,0.96,0.89
195476,0.9835857152938843,0.9771009087562561,0.97,0.89
195576,0.9835857152938843,0.9771009087562561,0.99,0.89
195676,0.9835857152938843,0.9771009087562561,0.99,0.89
195776,0.9835857152938843,0.9771009087562561,0.99,0.89
195876,0.9835857152938843,0.9771009087562561,1.0,0.89
195976,0.9835857152938843,0.9771009087562561,0.99,0.89
196076,0.9835857152938843,0.9771009087562561,0.99,0.89
196176,0.9835857152938843,0.9771009087562561,1.0,0.89
196276,0.9835857152938843,0.9771009087562561,1.0,0.89
196376,0.9835857152938843,0.9771009087562561,1.0,0.89
196476,0.9835857152938843,0.9771009087562561,0.99,0.89
196576,0.9835857152938843,0.9771009087562561,0.97,0.89
196676,0.9835857152938843,0.9771009087562561,0.97,0.89
196776,0.9835857152938843,0.9771009087562561,0.98,0.89
196876,0.9835857152938843,0.9771009087562561,0.97,0.89
196976,0.9835857152938843,0.9771009087562561,0.97,0.89
197076,0.9835857152938843,0.9771009087562561,0.99,0.89
197176,0.9835857152938843,0.9771009087562561,0.97,0.89
197276,0.9835857152938843,0.9771009087562561,0.97,0.89
197376,0.9835857152938843,0.9771009087562561,0.97,0.89
197476,0.9835857152938843,0.9771009087562561,0.97,0.89
197576,0.9835857152938843,0.9771009087562561,0.96,0.89
197676,0.9835857152938843,0.9771009087562561,0.96,0.89
197776,0.9835857152938843,0.9771009087562561,0.97,0.89
197876,0.9835857152938843,0.9771009087562561,0.97,0.89
197976,0.9835857152938843,0.9771009087562561,0.99,0.89
198076,0.9835857152938843,0.9771009087562561,0.99,0.89
198176,0.9835857152938843,0.9771009087562561,0.98,0.89
198276,0.9835857152938843,0.9771009087562561,0.98,0.89
228082,0.9835857152938843,0.9771009087562561,0.02,0.91
228182,0.9835857152938843,0.9771009087562561,0.02,0.91
228282,0.9835857152938843,0.9771009087562561,0.02,0.91
228382,0.9835857152938843,0.9771009087562561,0.02,0.91
228482,0.9835857152938843,0.9771009087562561,0.02,0.91
228582,0.9835857152938843,0.9771009087562561,0.02,0.91
228682,0.9835857152938843,0.9771009087562561,0.02,0.91
228782,0.9835857152938843,0.9771009087562561,0.02,0.91
228882,0.9835857152938843,0.9771009087562561,0.02,0.91
228982,0.9835857152938843,0.9771009087562561,0.02,0.91
229082,0.9835857152938843,0.9771009087562561,0.02,0.91
229182,0.9835857152938843,0.9771009087562561,0.02,0.91
229282,0.9835857152938843,0.9771009087562561,0.02,0.91
229382,0.9835857152938843,0.9771009087562561,0.02,0.91
229482,0.9835857152938843,0.9771009087562561,0.02,0.91
229582,0.9835857152938843,0.9771009087562561,0.02,0.91
229682,0.9835857152938843,0.9771009087562561,0.02,0.91
229782,0.9835857152938843,0.9771009087562561,0.02,0.91
229882,0.9835857152938843,0.9771009087562561,0.02,0.91
229982,0.9835857152938843,0.9771009087562561,0.02,0.91
230082,0.9835857152938843,0.9771009087562561,0.02,0.91
230182,0.9835857152938843,0.9771009087562561,0.02,0.91
230282,0.9835857152938843,0.9771009087562561,0.02,0.91
230382,0.9835857152938843,0.9771009087562561,0.03,0.91
230482,0.9835857152938843,0.9771009087562561,0.03,0.91
230582,0.9835857152938843,0.9771009087562561,0.03,0.91
230682,0.9835857152938843,0.9771009087562561,0.03,0.91
230782,0.9835857152938843,0.9771009087562561,0.03,0.91
230882,0.9835857152938843,0.9771009087562561,0.03,0.91
230982,0.9835857152938843,0.9771009087562561,0.03,0.91
231082,0.9835857152938843,0.9771009087562561,0.03,0.91
231182,0.9835857152938843,0.9771009087562561,0.03,0.91
231282,0.9835857152938843,0.9771009087562561,0.03,0.91
231382,0.9835857152938843,0.9771009087562561,0.03,0.91
231482,0.9835857152938843,0.9771009087562561,0.03,0.91
231582,0.9835857152938843,0.9771009087562561,0.03,0.91
231682,0.9835857152938843,0.9771009087562561,0.03,0.91
231782,0.9835857152938843,0.9771009087562561,0.03,0.91
231882,0.9835857152938843,0.9771009087562561,0.03,0.91
231982,0.9835857152938843,0.9771009087562561,0.03,0.91
232082,0.9835857152938843,0.9771009087562561,0.04,0.91
232182,0.9835857152938843,0.9771009087562561,0.04,0.91
232282,0.9835857152938843,0.9771009087562561,0.04,0.91
232382,0.9835857152938843,0.9771009087562561,0.04,0.91
232482,0.9835857152938843,0.9771009087562561,0.04,0.91
232582,0.9835857152938843,0.9771009087562561,0.04,0.91
232682,0.9835857152938843,0.9771009087562561,0.04,0.91
232782,0.9835857152938843,0.9771009087562561,0.04,0.91
232882,0.9835857152938843,0.9771009087562561,0.04,0.91
232982,0.9835857152938843,0.9771009087562561,0.04,0.91
233082,0.9835857152938843,0.9771009087562561,0.04,0.91
233182,0.9835857152938843,0.9771009087562561,0.04,0.91
233282,0.9835857152938843,0.9771009087562561,0.04,0.91
233382,0.9835857152938843,0.9771009087562561,0.04,0.91
233482,0.9835857152938843,0.9771009087562561,0.04,0.91
233582,0.9835857152938843,0.9771009087562561,0.04,0.91
233682,0.9835857152938843,0.9771009087562561,0.04,0.91
233782,0.9835857152938843,0.9771009087562561,0.04,0.91
233882,0.9835857152938843,0.9771009087562561,0.04,0.91
233982,0.9835857152938843,0.9771009087562561,0.04,0.91
234082,0.9835857152938843,0.9771009087562561,0.04,0.91
234182,0.9835857152938843,0.9771009087562561,0.04,0.91
234282,0.9835857152938843,0.9771009087562561,0.04,0.91
234382,0.9835857152938843,0.9771009087562561,0.04,0.91
234482,0.9835857152938843,0.9771009087562561,0.04,0.91
234582,0.9835857152938843,0.9771009087562561,0.04,0.91
234682,0.9835857152938843,0.9771009087562561,0.04,0.91
234782,0.9835857152938843,0.9771009087562561,0.04,0.91
234882,0.9835857152938843,0.9771009087562561,0.04,0.91
234982,0.9835857152938843,0.9771009087562561,0.04,0.91
235082,0.9835857152938843,0.9771009087562561,0.04,0.91
235182,0.9835857152938843,0.9771009087562561,0.04,0.91
235282,0.9835857152938843,0.9771009087562561,0.04,0.91
235382,0.9835857152938843,0.9771009087562561,0.04,0.91
235482,0.9835857152938843,0.9771009087562561,0.04,0.91
235582,0.9835857152938843,0.9771009087562561,0.04,0.91
235682,0.9835857152938843,0.9771009087562561,0.04,0.91
235782,0.9835857152938843,0.9771009087562561,0.04,0.91
235882,0.9835857152938843,0.9771009087562561,0.04,0.91
235982,0.9835857152938843,0.9771009087562561,0.04,0.91
236082,0.9835857152938843,0.9771009087562561,0.04,0.91
236182,0.9835857152938843,0.9771009087562561,0.04,0.91
236282,0.9835857152938843,0.9771009087562561,0.04,0.91
236382,0.9835857152938843,0.9771009087562561,0.04,0.91
236482,0.9835857152938843,0.9771009087562561,0.04,0.91
236582,0.9835857152938843,0.9771009087562561,0.04,0.91
236682,0.9835857152938843,0.9771009087562561,0.04,0.91
236782,0.9835857152938843,0.9771009087562561,0.04,0.91
236882,0.9835857152938843,0.9771009087562561,0.04,0.91
236982,0.9835857152938843,0.9771009087562561,0.04,0.91
237082,0.9835857152938843,0.9771009087562561,0.04,0.91
237182,0.9835857152938843,0.9771009087562561,0.04,0.91
237282,0.9835857152938843,0.9771009087562561,0.04,0.91
237382,0.9835857152938843,0.9771009087562561,0.04,0.91
237482,0.9835857152938843,0.9771009087562561,0.05,0.91
237582,0.9835857152938843,0.9771009087562561,0.05,0.91
237682,0.9835857152938843,0.9771009087562561,0.05,0.91
237782,0.9835857152938843,0.9771009087562561,0.05,0.91
237882,0.9835857152938843,0.9771009087562561,0.05,0.91
237982,0.9835857152938843,0.9771009087562561,0.04,0.91
238082,0.9835857152938843,0.9771009087562561,0.04,0.91
238182,0.9835857152938843,0.9771009087562561,0.04,0.91
238282,0.9835857152938843,0.9771009087562561,0.04,0.91
238382,0.9835857152938843,0.9771009087562561,0.04,0.91
238482,0.9835857152938843,0.9771009087562561,0.04,0.91
238582,0.9835857152938843,0.9771009087562561,0.04,0.91
238682,0.9835857152938843,0.9771009087562561,0.04,0.91
238782,0.9835857152938843,0.9771009087562561,0.04,0.91
238882,0.9835857152938843,0.9771009087562561,0.04,0.91
238982,0.9835857152938843,0.9771009087562561,0.04,0.91
239082,0.9835857152938843,0.9771009087562561,0.04,0.91
239182,0.9835857152938843,0.9771009087562561,0.04,0.91
239282,0.9835857152938843,0.9771009087562561,0.04,0.91
239382,0.9835857152938843,0.9771009087562561,0.04,0.91
239482,0.9835857152938843,0.9771009087562561,0.04,0.91
239582,0.9835857152938843,0.9771009087562561,0.04,0.91
239682,0.9835857152938843,0.9771009087562561,0.04,0.91
239782,0.9835857152938843,0.9771009087562561,0.04,0.91
239882,0.9835857152938843,0.9771009087562561,0.04,0.91
239982,0.9835857152938843,0.9771009087562561,0.04,0.91
240082,0.9835857152938843,0.9771009087562561,0.04,0.91
240182,0.9835857152938843,0.9771009087562561,0.04,0.91
240282,0.9835857152938843,0.9771009087562561,0.04,0.91
240382,0.9835857152938843,0.9771009087562561,0.04,0.91
240482,0.9835857152938843,0.9771009087562561,0.04,0.91
240582,0.9835857152938843,0.9771009087562561,0.04,0.91
240682,0.9835857152938843,0.9771009087562561,0.04,0.91
240782,0.9835857152938843,0.9771009087562561,0.04,0.91
240882,0.9835857152938843,0.9771009087562561,0.04,0.91
240982,0.9835857152938843,0.9771009087562561,0.04,0.91
241082,0.9835857152938843,0.9771009087562561,0.04,0.91
241182,0.9835857152938843,0.9771009087562561,0.04,0.91
241282,0.9835857152938843,0.9771009087562561,0.04,0.91
241382,0.9835857152938843,0.9771009087562561,0.04,0.91
241482,0.9835857152938843,0.9771009087562561,0.04,0.91
241582,0.9835857152938843,0.9771009087562561,0.04,0.91
241682,0.9835857152938843,0.9771009087562561,0.04,0.91
241782,0.9835857152938843,0.9771009087562561,0.04,0.91
241882,0.9835857152938843,0.9771009087562561,0.04,0.91
241982,0.9835857152938843,0.9771009087562561,0.04,0.91
242082,0.9835857152938843,0.9771009087562561,0.04,0.91
242182,0.9835857152938843,0.9771009087562561,0.04,0.91
242282,0.9835857152938843,0.9771009087562561,0.04,0.91
242382,0.9835857152938843,0.9771009087562561,0.04,0.91
242482,0.9835857152938843,0.9771009087562561,0.04,0.91
242582,0.9835857152938843,0.9771009087562561,0.04,0.91
242682,0.9835857152938843,0.9771009087562561,0.04,0.91
242782,0.9835857152938843,0.9771009087562561,0.04,0.91
242882,0.9835857152938843,0.9771009087562561,0.04,0.91
242982,0.9835857152938843,0.9771009087562561,0.04,0.91
243082,0.9835857152938843,0.9771009087562561,0.04,0.91
243182,0.9835857152938843,0.9771009087562561,0.04,0.91
243282,0.9835857152938843,0.9771009087562561,0.04,0.91
243382,0.9835857152938843,0.9771009087562561,0.04,0.91
243482,0.9835857152938843,0.9771009087562561,0.04,0.91
243582,0.9835857152938843,0.9771009087562561,0.04,0.91
243682,0.9835857152938843,0.9771009087562561,0.04,0.91
243782,0.9835857152938843,0.9771009087562561,0.04,0.91
243882,0.9835857152938843,0.9771009087562561,0.04,0.91
243982,0.9835857152938843,0.9771009087562561,0.04,0.91
244082,0.9835857152938843,0.9771009087562561,0.04,0.91
244182,0.9835857152938843,0.9771009087562561,0.04,0.91
244282,0.9835857152938843,0.9771009087562561,0.04,0.91
244382,0.9835857152938843,0.9771009087562561,0.04,0.91
244482,0.9835857152938843,0.9771009087562561,0.04,0.91
244582,0.9835857152938843,0.9771009087562561,0.04,0.91
244682,0.9835857152938843,0.9771009087562561,0.04,0.91
244782,0.9835857152938843,0.9771009087562561,0.04,0.91
244882,0.9835857152938843,0.9771009087562561,0.04,0.91
244982,0.9835857152938843,0.9771009087562561,0.04,0.91
245082,0.9835857152938843,0.9771009087562561,0.04,0.91
245182,0.9835857152938843,0.9771009087562561,0.04,0.91
245282,0.9835857152938843,0.9771009087562561,0.04,0.91
245382,0.9835857152938843,0.9771009087562561,0.04,0.91
245482,0.9835857152938843,0.9771009087562561,0.04,0.91
245582,0.9835857152938843,0.9771009087562561,0.04,0.91
245682,0.9835857152938843,0.9771009087562561,0.04,0.91
245782,0.9835857152938843,0.9771009087562561,0.04,0.91
245882,0.9835857152938843,0.9771009087562561,0.04,0.91
245982,0.9835857152938843,0.9771009087562561,0.04,0.91
246082,0.9835857152938843,0.9771009087562561,0.04,0.91
246182,0.9835857152938843,0.9771009087562561,0.04,0.91
246282,0.9835857152938843,0.9771009087562561,0.04,0.91
246382,0.9835857152938843,0.9771009087562561,0.04,0.91
246482,0.9835857152938843,0.9771009087562561,0.04,0.91
246582,0.9835857152938843,0.9771009087562561,0.04,0.91
246682,0.9835857152938843,0.9771009087562561,0.04,0.91
246782,0.9835857152938843,0.9771009087562561,0.04,0.91
246882,0.9835857152938843,0.9771009087562561,0.04,0.91
246982,0.9835857152938843,0.9771009087562561,0.04,0.91
247082,0.9835857152938843,0.9771009087562561,0.04,0.91
247182,0.9835857152938843,0.9771009087562561,0.04,0.91
247282,0.9835857152938843,0.9771009087562561,0.04,0.91
247382,0.9835857152938843,0.9771009087562561,0.04,0.91
247482,0.9835857152938843,0.9771009087562561,0.04,0.91
247582,0.9835857152938843,0.9771009087562561,0.04,0.91
247682,0.9835857152938843,0.9771009087562561,0.04,0.91
247782,0.9835857152938843,0.9771009087562561,0.04,0.91
247882,0.9835857152938843,0.9771009087562561,0.04,0.91
247982,0.9835857152938843,0.9771009087562561,0.04,0.91
248082,0.9835857152938843,0.9771009087562561,0.04,0.91
248182,0.9835857152938843,0.9771009087562561,0.04,0.91
248282,0.9835857152938843,0.9771009087562561,0.04,0.91
248382,0.9835857152938843,0.9771009087562561,0.04,0.91
248482,0.9835857152938843,0.9771009087562561,0.04,0.91
248582,0.9835857152938843,0.9771009087562561,0.04,0.91
248682,0.9835857152938843,0.9771009087562561,0.04,0.91
248782,0.9835857152938843,0.9771009087562561,0.04,0.91
248882,0.9835857152938843,0.9771009087562561,0.04,0.91
248982,0.9835857152938843,0.9771009087562561,0.04,0.91
249082,0.9835857152938843,0.9771009087562561,0.04,0.91
249182,0.9835857152938843,0.9771009087562561,0.04,0.91
249282,0.9835857152938843,0.9771009087562561,0.04,0.91
249382,0.9835857152938843,0.9771009087562561,0.04,0.91
249482,0.9835857152938843,0.9771009087562561,0.04,0.91
249582,0.9835857152938843,0.9771009087562561,0.04,0.91
249682,0.9835857152938843,0.9771009087562561,0.04,0.91
249782,0.9835857152938843,0.9771009087562561,0.04,0.91
249882,0.9835857152938843,0.9771009087562561,0.04,0.91
249982,0.9835857152938843,0.9771009087562561,0.04,0.91
250082,0.9835857152938843,0.9771009087562561,0.04,0.91
250182,0.9835857152938843,0.9771009087562561,0.04,0.91
250282,0.9835857152938843,0.9771009087562561,0.04,0.91
250382,0.9835857152938843,0.9771009087562561,0.04,0.91
250482,0.9835857152938843,0.9771009087562561,0.04,0.91
250582,0.9835857152938843,0.9771009087562561,0.03,0.91
250682,0.9835857152938843,0.9771009087562561,0.03,0.91
250782,0.9835857152938843,0.9771009087562561,0.03,0.91
250882,0.9835857152938843,0.9771009087562561,0.03,0.91
250982,0.9835857152938843,0.9771009087562561,0.03,0.91
251082,0.9835857152938843,0.9771009087562561,0.03,0.91
251182,0.9835857152938843,0.9771009087562561,0.03,0.91
251282,0.9835857152938843,0.9771009087562561,0.03,0.91
251382,0.9835857152938843,0.9771009087562561,0.03,0.91
251482,0.9835857152938843,0.9771009087562561,0.03,0.91
251582,0.9835857152938843,0.9771009087562561,0.03,0.91
251682,0.9835857152938843,0.9771009087562561,0.03,0.91
251782,0.9835857152938843,0.9771009087562561,0.03,0.91
251882,0.9835857152938843,0.9771009087562561,0.03,0.91
251982,0.9835857152938843,0.9771009087562561,0.03,0.91
252082,0.9835857152938843,0.9771009087562561,0.03,0.91
252182,0.9835857152938843,0.9771009087562561,0.03,0.91
252282,0.9835857152938843,0.9771009087562561,0.03,0.91
252382,0.9835857152938843,0.9771009087562561,0.03,0.91
252482,0.9835857152938843,0.9771009087562561,0.03,0.91
252582,0.9835857152938843,0.9771009087562561,0.03,0.91
252682,0.9835857152938843,0.9771009087562561,0.03,0.91
252782,0.9835857152938843,0.9771009087562561,0.03,0.91
252882,0.9835857152938843,0.9771009087562561,0.03,0.91
252982,0.9835857152938843,0.9771009087562561,0.03,0.91
253082,0.9835857152938843,0.9771009087562561,0.03,0.91
253182,0.9835857152938843,0.9771009087562561,0.03,0.91
253282,0.9835857152938843,0.9771009087562561,0.03,0.91
253382,0.9835857152938843,0.9771009087562561,0.03,0.91
253482,0.9835857152938843,0.9771009087562561,0.03,0.91
253582,0.9835857152938843,0.9771009087562561,0.03,0.91
253682,0.9835857152938843,0.9771009087562561,0.03,0.91
253782,0.9835857152938843,0.9771009087562561,0.03,0.91
253882,0.9835857152938843,0.9771009087562561,0.03,0.91
253982,0.9835857152938843,0.9771009087562561,0.03,0.91
254082,0.9835857152938843,0.9771009087562561,0.03,0.91
254182,0.9835857152938843,0.9771009087562561,0.03,0.91
254282,0.9835857152938843,0.9771009087562561,0.03,0.91
254382,0.9835857152938843,0.9771009087562561,0.03,0.91
254482,0.9835857152938843,0.9771009087562561,0.03,0.91
254582,0.9835857152938843,0.9771009087562561,0.04,0.91
254682,0.9835857152938843,0.9771009087562561,0.04,0.91
254782,0.9835857152938843,0.9771009087562561,0.04,0.91
254882,0.9835857152938843,0.9771009087562561,0.04,0.91
254982,0.9835857152938843,0.9771009087562561,0.04,0.91
255082,0.9835857152938843,0.9771009087562561,0.04,0.91
255182,0.9835857152938843,0.9771009087562561,0.04,0.91
255282,0.9835857152938843,0.9771009087562561,0.04,0.91
255382,0.9835857152938843,0.9771009087562561,0.04,0.91
255482,0.9835857152938843,0.9771009087562561,0.04,0.91
255582,0.9835857152938843,0.9771009087562561,0.03,0.91
255682,0.9835857152938843,0.9771009087562561,0.03,0.91
255782,0.9835857152938843,0.9771009087562561,0.03,0.91
255882,0.9835857152938843,0.9771009087562561,0.03,0.91
255982,0.9835857152938843,0.9771009087562561,0.03,0.91
256082,0.9835857152938843,0.9771009087562561,0.03,0.91
256182,0.9835857152938843,0.9771009087562561,0.03,0.91
256282,0.9835857152938843,0.9771009087562561,0.03,0.91
256382,0.9835857152938843,0.9771009087562561,0.03,0.91
256482,0.9835857152938843,0.9771009087562561,0.03,0.91
256582,0.9835857152938843,0.9771009087562561,0.03,0.91
256682,0.9835857152938843,0.9771009087562561,0.03,0.91
256782,0.9835857152938843,0.9771009087562561,0.03,0.91
256882,0.9835857152938843,0.9771009087562561,0.03,0.91
256982,0.9835857152938843,0.9771009087562561,0.03,0.91
257082,0.9835857152938843,0.9771009087562561,0.03,0.91
257182,0.9835857152938843,0.9771009087562561,0.04,0.91
257282,0.9835857152938843,0.9771009087562561,0.04,0.91
257382,0.9835857152938843,0.9771009087562561,0.03,0.91
257482,0.9835857152938843,0.9771009087562561,0.03,0.91
257582,0.9835857152938843,0.9771009087562561,0.03,0.91
257682,0.9835857152938843,0.9771009087562561,0.03,0.91
257782,0.9835857152938843,0.9771009087562561,0.03,0.91
257882,0.9835857152938843,0.9771009087562561,0.03,0.91
257982,0.9835857152938843,0.9771009087562561,0.03,0.91
288082,0.9835857152938843,0.9771009087562561,0.01,0.89
288182,0.9835857152938843,0.9771009087562561,0.01,0.89
288282,0.9835857152938843,0.9771009087562561,0.01,0.89
288382,0.9835857152938843,0.9771009087562561,0.01,0.89
288482,0.9835857152938843,0.9771009087562561,0.01,0.89
288582,0.9835857152938843,0.9771009087562561,0.01,0.89
288682,0.9835857152938843,0.9771009087562561,0.01,0.89
288782,0.9835857152938843,0.9771009087562561,0.01,0.89
288882,0.9835857152938843,0.9771009087562561,0.01,0.89
288982,0.9835857152938843,0.9771009087562561,0.01,0.89
289082,0.9835857152938843,0.9771009087562561,0.01,0.89
289182,0.9835857152938843,0.9771009087562561,0.01,0.89
289282,0.9835857152938843,0.9771009087562561,0.01,0.89
289382,0.9835857152938843,0.9771009087562561,0.01,0.89
289482,0.9835857152938843,0.9771009087562561,0.01,0.89
289582,0.9835857152938843,0.9771009087562561,0.01,0.89
289682,0.9835857152938843,0.9771009087562561,0.01,0.89
289782,0.9835857152938843,0.9771009087562561,0.01,0.89
289882,0.9835857152938843,0.9771009087562561,0.01,0.89
289982,0.9835857152938843,0.9771009087562561,0.01,0.89
290082,0.9835857152938843,0.9771009087562561,0.01,0.89
290182,0.9835857152938843,0.9771009087562561,0.01,0.89
290282,0.9835857152938843,0.9771009087562561,0.01,0.89
290382,0.9835857152938843,0.9771009087562561,0.01,0.89
290482,0.9835857152938843,0.9771009087562561,0.01,0.89
290582,0.9835857152938843,0.9771009087562561,0.01,0.89
290682,0.9835857152938843,0.9771009087562561,0.01,0.89
290782,0.9835857152938843,0.9771009087562561,0.01,0.89
290882,0.9835857152938843,0.9771009087562561,0.01,0.89
290982,0.9835857152938843,0.9771009087562561,0.01,0.89
291082,0.9835857152938843,0.9771009087562561,0.01,0.89
291182,0.9835857152938843,0.9771009087562561,0.01,0.89
291282,0.9835857152938843,0.9771009087562561,0.01,0.89
291382,0.9835857152938843,0.9771009087562561,0.01,0.89
291482,0.9835857152938843,0.9771009087562561,0.01,0.89
291582,0.9835857152938843,0.9771009087562561,0.01,0.89
291682,0.9835857152938843,0.9771009087562561,0.01,0.89
291782,0.9835857152938843,0.9771009087562561,0.01,0.89
291882,0.9835857152938843,0.9771009087562561,0.01,0.89
291982,0.9835857152938843,0.9771009087562561,0.01,0.89
292082,0.9835857152938843,0.9771009087562561,0.01,0.89
292182,0.9835857152938843,0.9771009087562561,0.01,0.89
292282,0.9835857152938843,0.9771009087562561,0.01,0.89
292382,0.9835857152938843,0.9771009087562561,0.01,0.89
292482,0.9835857152938843,0.9771009087562561,0.01,0.89
292582,0.9835857152938843,0.9771009087562561,0.01,0.89
292682,0.9835857152938843,0.9771009087562561,0.01,0.89
292782,0.9835857152938843,0.9771009087562561,0.01,0.89
292882,0.9835857152938843,0.9771009087562561,0.01,0.89
292982,0.9835857152938843,0.9771009087562561,0.01,0.89
293082,0.9835857152938843,0.9771009087562561,0.01,0.89
293182,0.9835857152938843,0.9771009087562561,0.01,0.89
293282,0.9835857152938843,0.9771009087562561,0.01,0.89
293382,0.9835857152938843,0.9771009087562561,0.01,0.89
293482,0.9835857152938843,0.9771009087562561,0.01,0.89
293582,0.9835857152938843,0.9771009087562561,0.01,0.89
293682,0.9835857152938843,0.9771009087562561,0.01,0.89
293782,0.9835857152938843,0.9771009087562561,0.01,0.89
293882,0.9835857152938843,0.9771009087562561,0.01,0.89
293982,0.9835857152938843,0.9771009087562561,0.01,0.89
294082,0.9835857152938843,0.9771009087562561,0.01,0.89
294182,0.9835857152938843,0.9771009087562561,0.01,0.89
294282,0.9835857152938843,0.9771009087562561,0.01,0.89
294382,0.9835857152938843,0.9771009087562561,0.01,0.89
294482,0.9835857152938843,0.9771009087562561,0.01,0.89
294582,0.9835857152938843,0.9771009087562561,0.01,0.89
294682,0.9835857152938843,0.9771009087562561,0.01,0.89
294782,0.9835857152938843,0.9771009087562561,0.01,0.89
294882,0.9835857152938843,0.9771009087562561,0.01,0.89
294982,0.9835857152938843,0.9771009087562561,0.01,0.89
295082,0.9835857152938843,0.9771009087562561,0.01,0.89
295182,0.9835857152938843,0.9771009087562561,0.01,0.89
295282,0.9835857152938843,0.9771009087562561,0.01,0.89
295382,0.9835857152938843,0.9771009087562561,0.01,0.89
295482,0.9835857152938843,0.9771009087562561,0.01,0.89
295582,0.9835857152938843,0.9771009087562561,0.01,0.89
295682,0.9835857152938843,0.9771009087562561,0.01,0.89
295782,0.9835857152938843,0.9771009087562561,0.01,0.89
295882,0.9835857152938843,0.9771009087562561,0.01,0.89
295982,0.9835857152938843,0.9771009087562561,0.01,0.89
296082,0.9835857152938843,0.9771009087562561,0.01,0.89
296182,0.9835857152938843,0.9771009087562561,0.01,0.89
296282,0.9835857152938843,0.9771009087562561,0.01,0.89
296382,0.9835857152938843,0.9771009087562561,0.01,0.89
296482,0.9835857152938843,0.9771009087562561,0.01,0.89
296582,0.9835857152938843,0.9771009087562561,0.01,0.89
296682,0.9835857152938843,0.9771009087562561,0.01,0.89
296782,0.9835857152938843,0.9771009087562561,0.01,0.89
296882,0.9835857152938843,0.9771009087562561,0.01,0.89
296982,0.9835857152938843,0.9771009087562561,0.01,0.89
297082,0.9835857152938843,0.9771009087562561,0.01,0.89
297182,0.9835857152938843,0.9771009087562561,0.01,0.89
297282,0.9835857152938843,0.9771009087562561,0.01,0.89
297382,0.9835857152938843,0.9771009087562561,0.01,0.89
297482,0.9835857152938843,0.9771009087562561,0.01,0.89
297582,0.9835857152938843,0.9771009087562561,0.01,0.89
297682,0.9835857152938843,0.9771009087562561,0.01,0.89
297782,0.9835857152938843,0.9771009087562561,0.01,0.89
297882,0.9835857152938843,0.9771009087562561,0.01,0.89
297982,0.9835857152938843,0.9771009087562561,0.01,0.89
298082,0.9835857152938843,0.9771009087562561,0.01,0.89
298182,0.9835857152938843,0.9771009087562561,0.01,0.89
298282,0.9835857152938843,0.9771009087562561,0.01,0.89
298382,0.9835857152938843,0.9771009087562561,0.01,0.89
298482,0.9835857152938843,0.9771009087562561,0.01,0.89
298582,0.9835857152938843,0.9771009087562561,0.01,0.89
298682,0.9835857152938843,0.9771009087562561,0.01,0.89
298782,0.9835857152938843,0.9771009087562561,0.01,0.89
298882,0.9835857152938843,0.9771009087562561,0.01,0.89
298982,0.9835857152938843,0.9771009087562561,0.01,0.89
299082,0.9835857152938843,0.9771009087562561,0.01,0.89
299182,0.9835857152938843,0.9771009087562561,0.01,0.89
299282,0.9835857152938843,0.9771009087562561,0.01,0.89
299382,0.9835857152938843,0.9771009087562561,0.01,0.89
299482,0.9835857152938843,0.9771009087562561,0.01,0.89
299582,0.9835857152938843,0.9771009087562561,0.01,0.89
299682,0.9835857152938843,0.9771009087562561,0.01,0.89
299782,0.9835857152938843,0.9771009087562561,0.01,0.89
299882,0.9835857152938843,0.9771009087562561,0.01,0.89
299982,0.9835857152938843,0.9771009087562561,0.01,0.89
300082,0.9835857152938843,0.9771009087562561,0.01,0.89
300182,0.9835857152938843,0.9771009087562561,0.01,0.89
300282,0.9835857152938843,0.9771009087562561,0.01,0.89
300382,0.9835857152938843,0.9771009087562561,0.01,0.89
300482,0.9835857152938843,0.9771009087562561,0.01,0.89
300582,0.9835857152938843,0.9771009087562561,0.01,0.89
300682,0.9835857152938843,0.9771009087562561,0.01,0.89
300782,0.9835857152938843,0.9771009087562561,0.01,0.89
300882,0.9835857152938843,0.9771009087562561,0.01,0.89
300982,0.9835857152938843,0.9771009087562561,0.01,0.89
301082,0.9835857152938843,0.9771009087562561,0.01,0.89
301182,0.9835857152938843,0.9771009087562561,0.01,0.89
301282,0.9835857152938843,0.9771009087562561,0.01,0.89
301382,0.9835857152938843,0.9771009087562561,0.01,0.89
301482,0.9835857152938843,0.9771009087562561,0.01,0.89
301582,0.9835857152938843,0.9771009087562561,0.01,0.89
301682,0.9835857152938843,0.9771009087562561,0.01,0.89
301782,0.9835857152938843,0.9771009087562561,0.01,0.89
301882,0.9835857152938843,0.9771009087562561,0.01,0.89
301982,0.9835857152938843,0.9771009087562561,0.01,0.89
302082,0.9835857152938843,0.9771009087562561,0.01,0.89
302182,0.9835857152938843,0.9771009087562561,0.01,0.89
302282,0.9835857152938843,0.9771009087562561,0.01,0.89
302382,0.9835857152938843,0.9771009087562561,0.01,0.89
302482,0.9835857152938843,0.9771009087562561,0.01,0.89
302582,0.9835857152938843,0.9771009087562561,0.01,0.89
302682,0.9835857152938843,0.9771009087562561,0.01,0.89
302782,0.9835857152938843,0.9771009087562561,0.01,0.89
302882,0.9835857152938843,0.9771009087562561,0.01,0.89
302982,0.9835857152938843,0.9771009087562561,0.01,0.89
303082,0.9835857152938843,0.9771009087562561,0.01,0.89
303182,0.9835857152938843,0.9771009087562561,0.01,0.89
303282,0.9835857152938843,0.9771009087562561,0.01,0.89
303382,0.9835857152938843,0.9771009087562561,0.01,0.89
303482,0.9835857152938843,0.9771009087562561,0.01,0.89
303582,0.9835857152938843,0.9771009087562561,0.01,0.89
303682,0.9835857152938843,0.9771009087562561,0.01,0.89
303782,0.9835857152938843,0.9771009087562561,0.01,0.89
303882,0.9835857152938843,0.9771009087562561,0.01,0.89
303982,0.9835857152938843,0.9771009087562561,0.01,0.89
304082,0.9835857152938843,0.9771009087562561,0.01,0.89
304182,0.9835857152938843,0.9771009087562561,0.01,0.89
304282,0.9835857152938843,0.9771009087562561,0.01,0.89
304382,0.9835857152938843,0.9771009087562561,0.01,0.89
304482,0.9835857152938843,0.9771009087562561,0.01,0.89
304582,0.9835857152938843,0.9771009087562561,0.01,0.89
304682,0.9835857152938843,0.9771009087562561,0.01,0.89
304782,0.9835857152938843,0.9771009087562561,0.01,0.89
304882,0.9835857152938843,0.9771009087562561,0.01,0.89
304982,0.9835857152938843,0.9771009087562561,0.01,0.89
305082,0.9835857152938843,0.9771009087562561,0.01,0.89
305182,0.9835857152938843,0.9771009087562561,0.01,0.89
305282,0.9835857152938843,0.9771009087562561,0.01,0.89
305382,0.9835857152938843,0.9771009087562561,0.01,0.89
305482,0.9835857152938843,0.9771009087562561,0.01,0.89
305582,0.9835857152938843,0.9771009087562561,0.01,0.89
305682,0.9835857152938843,0.9771009087562561,0.01,0.89
305782,0.9835857152938843,0.9771009087562561,0.01,0.89
305882,0.9835857152938843,0.9771009087562561,0.01,0.89
305982,0.9835857152938843,0.9771009087562561,0.01,0.89
306082,0.9835857152938843,0.9771009087562561,0.01,0.89
306182,0.9835857152938843,0.9771009087562561,0.01,0.89
306282,0.9835857152938843,0.9771009087562561,0.01,0.89
306382,0.9835857152938843,0.9771009087562561,0.01,0.89
306482,0.9835857152938843,0.9771009087562561,0.01,0.89
306582,0.9835857152938843,0.9771009087562561,0.01,0.89
306682,0.9835857152938843,0.9771009087562561,0.01,0.89
306782,0.9835857152938843,0.9771009087562561,0.01,0.89
306882,0.9835857152938843,0.9771009087562561,0.01,0.89
306982,0.9835857152938843,0.9771009087562561,0.01,0.89
307082,0.9835857152938843,0.9771009087562561,0.01,0.89
307182,0.9835857152938843,0.9771009087562561,0.01,0.89
307282,0.9835857152938843,0.9771009087562561,0.01,0.89
307382,0.9835857152938843,0.9771009087562561,0.01,0.89
307482,0.9835857152938843,0.9771009087562561,0.01,0.89
307582,0.9835857152938843,0.9771009087562561,0.01,0.89
307682,0.9835857152938843,0.9771009087562561,0.01,0.89
307782,0.9835857152938843,0.9771009087562561,0.01,0.89
307882,0.9835857152938843,0.9771009087562561,0.01,0.89
307982,0.9835857152938843,0.9771009087562561,0.01,0.89
308082,0.9835857152938843,0.9771009087562561,0.01,0.89
308182,0.9835857152938843,0.9771009087562561,0.01,0.89
308282,0.9835857152938843,0.9771009087562561,0.01,0.89
308382,0.9835857152938843,0.9771009087562561,0.01,0.89
308482,0.9835857152938843,0.9771009087562561,0.01,0.89
308582,0.9835857152938843,0.9771009087562561,0.01,0.89
308682,0.9835857152938843,0.9771009087562561,0.01,0.89
308782,0.9835857152938843,0.9771009087562561,0.01,0.89
308882,0.9835857152938843,0.9771009087562561,0.01,0.89
308982,0.9835857152938843,0.9771009087562561,0.01,0.89
309082,0.9835857152938843,0.9771009087562561,0.01,0.89
309182,0.9835857152938843,0.9771009087562561,0.01,0.89
309282,0.9835857152938843,0.9771009087562561,0.01,0.89
309382,0.9835857152938843,0.9771009087562561,0.01,0.89
309482,0.9835857152938843,0.9771009087562561,0.01,0.89
309582,0.9835857152938843,0.9771009087562561,0.01,0.89
309682,0.9835857152938843,0.9771009087562561,0.01,0.89
309782,0.9835857152938843,0.9771009087562561,0.01,0.89
309882,0.9835857152938843,0.9771009087562561,0.01,0.89
309982,0.9835857152938843,0.9771009087562561,0.01,0.89
310082,0.9835857152938843,0.9771009087562561,0.01,0.89
310182,0.9835857152938843,0.9771009087562561,0.01,0.89
310282,0.9835857152938843,0.9771009087562561,0.01,0.89
310382,0.9835857152938843,0.9771009087562561,0.01,0.89
310482,0.9835857152938843,0.9771009087562561,0.01,0.89
310582,0.9835857152938843,0.9771009087562561,0.01,0.89
310682,0.9835857152938843,0.9771009087562561,0.01,0.89
310782,0.9835857152938843,0.9771009087562561,0.01,0.89
310882,0.9835857152938843,0.9771009087562561,0.01,0.89
310982,0.9835857152938843,0.9771009087562561,0.01,0.89
311082,0.9835857152938843,0.9771009087562561,0.01,0.89
311182,0.9835857152938843,0.9771009087562561,0.01,0.89
311282,0.9835857152938843,0.9771009087562561,0.01,0.89
311382,0.9835857152938843,0.9771009087562561,0.01,0.89
311482,0.9835857152938843,0.9771009087562561,0.01,0.89
311582,0.9835857152938843,0.9771009087562561,0.01,0.89
311682,0.9835857152938843,0.9771009087562561,0.01,0.89
311782,0.9835857152938843,0.9771009087562561,0.01,0.89
311882,0.9835857152938843,0.9771009087562561,0.01,0.89
311982,0.9835857152938843,0.9771009087562561,0.01,0.89
312082,0.9835857152938843,0.9771009087562561,0.01,0.89
312182,0.9835857152938843,0.9771009087562561,0.01,0.89
312282,0.9835857152938843,0.9771009087562561,0.01,0.89
312382,0.9835857152938843,0.9771009087562561,0.01,0.89
312482,0.9835857152938843,0.9771009087562561,0.01,0.89
312582,0.9835857152938843,0.9771009087562561,0.01,0.89
312682,0.9835857152938843,0.9771009087562561,0.01,0.89
312782,0.9835857152938843,0.9771009087562561,0.01,0.89
312882,0.9835857152938843,0.9771009087562561,0.01,0.89
312982,0.9835857152938843,0.9771009087562561,0.01,0.89
313082,0.9835857152938843,0.9771009087562561,0.01,0.89
313182,0.9835857152938843,0.9771009087562561,0.01,0.89
313282,0.9835857152938843,0.9771009087562561,0.01,0.89
313382,0.9835857152938843,0.9771009087562561,0.01,0.89
313482,0.9835857152938843,0.9771009087562561,0.01,0.89
313582,0.9835857152938843,0.9771009087562561,0.01,0.89
313682,0.9835857152938843,0.9771009087562561,0.01,0.89
313782,0.9835857152938843,0.9771009087562561,0.01,0.89
313882,0.9835857152938843,0.9771009087562561,0.01,0.89
313982,0.9835857152938843,0.9771009087562561,0.01,0.89
314082,0.9835857152938843,0.9771009087562561,0.01,0.89
314182,0.9835857152938843,0.9771009087562561,0.01,0.89
314282,0.9835857152938843,0.9771009087562561,0.01,0.89
314382,0.9835857152938843,0.9771009087562561,0.01,0.89
314482,0.9835857152938843,0.9771009087562561,0.01,0.89
314582,0.9835857152938843,0.9771009087562561,0.01,0.89
314682,0.9835857152938843,0.9771009087562561,0.01,0.89
314782,0.9835857152938843,0.9771009087562561,0.01,0.89
314882,0.9835857152938843,0.9771009087562561,0.01,0.89
314982,0.9835857152938843,0.9771009087562561,0.01,0.89
315082,0.9835857152938843,0.9771009087562561,0.01,0.89
315182,0.9835857152938843,0.9771009087562561,0.01,0.89
315282,0.9835857152938843,0.9771009087562561,0.01,0.89
315382,0.9835857152938843,0.9771009087562561,0.01,0.89
315482,0.9835857152938843,0.9771009087562561,0.01,0.89
315582,0.9835857152938843,0.9771009087562561,0.01,0.89
315682,0.9835857152938843,0.9771009087562561,0.01,0.89
315782,0.9835857152938843,0.9771009087562561,0.01,0.89
315882,0.9835857152938843,0.9771009087562561,0.01,0.89
315982,0.9835857152938843,0.9771009087562561,0.01,0.89
316082,0.9835857152938843,0.9771009087562561,0.01,0.89
316182,0.9835857152938843,0.9771009087562561,0.01,0.89
316282,0.9835857152938843,0.9771009087562561,0.01,0.89
316382,0.9835857152938843,0.9771009087562561,0.01,0.89
316482,0.9835857152938843,0.9771009087562561,0.01,0.89
316582,0.9835857152938843,0.9771009087562561,0.01,0.89
316682,0.9835857152938843,0.9771009087562561,0.01,0.89
316782,0.9835857152938843,0.9771009087562561,0.01,0.89
316882,0.9835857152938843,0.9771009087562561,0.01,0.89
316982,0.9835857152938843,0.9771009087562561,0.01,0.89
317082,0.9835857152938843,0.9771009087562561,0.01,0.89
317182,0.9835857152938843,0.9771009087562561,0.01,0.89
317282,0.9835857152938843,0.9771009087562561,0.01,0.89
317382,0.9835857152938843,0.9771009087562561,0.01,0.89
317482,0.9835857152938843,0.9771009087562561,0.01,0.89
317582,0.9835857152938843,0.9771009087562561,0.01,0.89
317682,0.9835857152938843,0.9771009087562561,0.01,0.89
317782,0.9835857152938843,0.9771009087562561,0.01,0.89
317882,0.9835857152938843,0.9771009087562561,0.01,0.89
317982,0.9835857152938843,0.9771009087562561,0.01,0.89
348082,0.9835857152938843,0.9771009087562561,0.01,0.90
348182,0.9835857152938843,0.9771009087562561,0.01,0.90
348282,0.9835857152938843,0.9771009087562561,0.01,0.90
348382,0.9835857152938843,0.9771009087562561,0.01,0.90
348482,0.9835857152938843,0.9771009087562561,0.01,0.90
348582,0.9835857152938843,0.9771009087562561,0.01,0.90
348682,0.9835857152938843,0.9771009087562561,0.01,0.90
348782,0.9835857152938843,0.9771009087562561,0.01,0.90
348882,0.9835857152938843,0.9771009087562561,0.01,0.90
348982,0.9835857152938843,0.9771009087562561,0.01,0.90
349082,0.9835857152938843,0.9771009087562561,0.01,0.90
349182,0.9835857152938843,0.9771009087562561,0.01,0.90
349282,0.9835857152938843,0.9771009087562561,0.01,0.90
349382,0.9835857152938843,0.9771009087562561,0.01,0.90
349482,0.9835857152938843,0.9771009087562561,0.01,0.90
349582,0.9835857152938843,0.9771009087562561,0.01,0.90
349682,0.9835857152938843,0.9771009087562561,0.01,0.90
349782,0.9835857152938843,0.9771009087562561,0.01,0.90
349882,0.9835857152938843,0.9771009087562561,0.01,0.90
349982,0.9835857152938843,0.9771009087562561,0.01,0.90
350082,0.9835857152938843,0.9771009087562561,0.01,0.90
350182,0.9835857152938843,0.9771009087562561,0.01,0.90
350282,0.9835857152938843,0.9771009087562561,0.01,0.90
350382,0.9835857152938843,0.9771009087562561,0.01,0.90
350482,0.9835857152938843,0.9771009087562561,0.01,0.90
350582,0.9835857152938843,0.9771009087562561,0.01,0.90
350682,0.9835857152938843,0.9771009087562561,0.01,0.90
350782,0.9835857152938843,0.9771009087562561,0.01,0.90
350882,0.9835857152938843,0.9771009087562561,0.01,0.90
350982,0.9835857152938843,0.9771009087562561,0.01,0.90
351082,0.9835857152938843,0.9771009087562561,0.01,0.90
351182,0.9835857152938843,0.9771009087562561,0.01,0.90
351282,0.9835857152938843,0.9771009087562561,0.01,0.90
351382,0.9835857152938843,0.9771009087562561,0.01,0.90
351482,0.9835857152938843,0.9771009087562561,0.01,0.90
351582,0.9835857152938843,0.9771009087562561,0.01,0.90
351682,0.9835857152938843,0.9771009087562561,0.01,0.90
351782,0.9835857152938843,0.9771009087562561,0.01,0.90
351882,0.9835857152938843,0.9771009087562561,0.01,0.90
351982,0.9835857152938843,0.9771009087562561,0.01,0.90
352082,0.9835857152938843,0.9771009087562561,0.01,0.90
352182,0.9835857152938843,0.9771009087562561,0.01,0.90
352282,0.9835857152938843,0.9771009087562561,0.01,0.90
352382,0.9835857152938843,0.9771009087562561,0.01,0.90
352482,0.9835857152938843,0.9771009087562561,0.01,0.90
352582,0.9835857152938843,0.9771009087562561,0.01,0.90
352682,0.9835857152938843,0.9771009087562561,0.01,0.90
352782,0.9835857152938843,0.9771009087562561,0.01,0.90
352882,0.9835857152938843,0.9771009087562561,0.01,0.90
352982,0.9835857152938843,0.9771009087562561,0.01,0.90
353082,0.9835857152938843,0.9771009087562561,0.01,0.90
353182,0.9835857152938843,0.9771009087562561,0.01,0.90
353282,0.9835857152938843,0.9771009087562561,0.01,0.90
353382,0.9835857152938843,0.9771009087562561,0.01,0.90
353482,0.9835857152938843,0.9771009087562561,0.01,0.90
353582,0.9835857152938843,0.9771009087562561,0.01,0.90
353682,0.9835857152938843,0.9771009087562561,0.01,0.90
353782,0.9835857152938843,0.9771009087562561,0.01,0.90
353882,0.9835857152938843,0.9771009087562561,0.01,0.90
353982,0.9835857152938843,0.9771009087562561,0.01,0.90
354082,0.9835857152938843,0.9771009087562561,0.01,0.90
354182,0.9835857152938843,0.9771009087562561,0.01,0.90
354282,0.9835857152938843,0.9771009087562561,0.01,0.90
354382,0.9835857152938843,0.9771009087562561,0.01,0.90
354482,0.9835857152938843,0.9771009087562561,0.01,0.90
354582,0.9835857152938843,0.9771009087562561,0.01,0.90
354682,0.9835857152938843,0.9771009087562561,0.01,0.90
354782,0.9835857152938843,0.9771009087562561,0.01,0.90
354882,0.9835857152938843,0.9771009087562561,0.01,0.90
354982,0.9835857152938843,0.9771009087562561,0.01,0.90
355082,0.9835857152938843,0.9771009087562561,0.01,0.90
355182,0.9835857152938843,0.9771009087562561,0.01,0.90
355282,0.9835857152938843,0.9771009087562561,0.01,0.90
355382,0.9835857152938843,0.9771009087562561,0.01,0.90
355482,0.9835857152938843,0.9771009087562561,0.01,0.90
355582,0.9835857152938843,0.9771009087562561,0.01,0.90
355682,0.9835857152938843,0.9771009087562561,0.01,0.90
355782,0.9835857152938843,0.9771009087562561,0.01,0.90
355882,0.9835857152938843,0.9771009087562561,0.01,0.90
355982,0.9835857152938843,0.9771009087562561,0.01,0.90
356082,0.9835857152938843,0.9771009087562561,0.01,0.90
356182,0.9835857152938843,0.9771009087562561,0.01,0.90
356282,0.9835857152938843,0.9771009087562561,0.01,0.90
356382,0.9835857152938843,0.9771009087562561,0.01,0.90
356482,0.9835857152938843,0.9771009087562561,0.01,0.90
356582,0.9835857152938843,0.9771009087562561,0.01,0.90
356682,0.9835857152938843,0.9771009087562561,0.01,0.90
356782,0.9835857152938843,0.9771009087562561,0.01,0.90
356882,0.9835857152938843,0.9771009087562561,0.01,0.90
356982,0.9835857152938843,0.9771009087562561,0.01,0.90
357082,0.9835857152938843,0.9771009087562561,0.01,0.90
357182,0.9835857152938843,0.9771009087562561,0.01,0.90
357282,0.9835857152938843,0.9771009087562561,0.01,0.90
357382,0.9835857152938843,0.9771009087562561,0.01,0.90
357482,0.9835857152938843,0.9771009087562561,0.01,0.90
357582,0.9835857152938843,0.9771009087562561,0.01,0.90
357682,0.9835857152938843,0.9771009087562561,0.01,0.90
357782,0.9835857152938843,0.9771009087562561,0.01,0.90
357882,0.9835857152938843,0.9771009087562561,0.01,0.90
357982,0.9835857152938843,0.9771009087562561,0.01,0.90
358082,0.9835857152938843,0.9771009087562561,0.01,0.90
358182,0.9835857152938843,0.9771009087562561,0.01,0.90
358282,0.9835857152938843,0.9771009087562561,0.01,0.90
358382,0.9835857152938843,0.9771009087562561,0.01,0.90
358482,0.9835857152938843,0.9771009087562561,0.01,0.90
358582,0.9835857152938843,0.9771009087562561,0.01,0.90
358682,0.9835857152938843,0.9771009087562561,0.01,0.90
358782,0.9835857152938843,0.9771009087562561,0.01,0.90
358882,0.9835857152938843,0.9771009087562561,0.01,0.90
358982,0.9835857152938843,0.9771009087562561,0.01,0.90
359082,0.9835857152938843,0.9771009087562561,0.01,0.90
359182,0.9835857152938843,0.9771009087562561,0.01,0.90
359282,0.9835857152938843,0.9771009087562561,0.01,0.90
359382,0.9835857152938843,0.9771009087562561,0.01,0.90
359482,0.9835857152938843,0.9771009087562561,0.01,0.90
359582,0.9835857152938843,0.9771009087562561,0.01,0.90
359682,0.9835857152938843,0.9771009087562561,0.01,0.90
359782,0.9835857152938843,0.9771009087562561,0.01,0.90
359882,0.9835857152938843,0.9771009087562561,0.01,0.90
359982,0.9835857152938843,0.9771009087562561,0.01,0.90
360082,0.9835857152938843,0.9771009087562561,0.01,0.90
360182,0.9835857152938843,0.9771009087562561,0.01,0.90
360282,0.9835857152938843,0.9771009087562561,0.01,0.90
360382,0.9835857152938843,0.9771009087562561,0.01,0.90
360482,0.9835857152938843,0.9771009087562561,0.01,0.90
360582,0.9835857152938843,0.9771009087562561,0.01,0.90
360682,0.9835857152938843,0.9771009087562561,0.01,0.90
360782,0.9835857152938843,0.9771009087562561,0.01,0.90
360882,0.9835857152938843,0.9771009087562561,0.01,0.90
360982,0.9835857152938843,0.9771009087562561,0.01,0.90
361082,0.9835857152938843,0.9771009087562561,0.01,0.90
361182,0.9835857152938843,0.9771009087562561,0.01,0.90
361282,0.9835857152938843,0.9771009087562561,0.01,0.90
361382,0.9835857152938843,0.9771009087562561,0.01,0.90
361482,0.9835857152938843,0.9771009087562561,0.01,0.90
361582,0.9835857152938843,0.9771009087562561,0.01,0.90
361682,0.9835857152938843,0.9771009087562561,0.01,0.90
361782,0.9835857152938843,0.9771009087562561,0.01,0.90
361882,0.9835857152938843,0.9771009087562561,0.01,0.90
361982,0.9835857152938843,0.9771009087562561,0.01,0.90
362082,0.9835857152938843,0.9771009087562561,0.01,0.90
362182,0.9835857152938843,0.9771009087562561,0.01,0.90
362282,0.9835857152938843,0.9771009087562561,0.01,0.90
362382,0.9835857152938843,0.9771009087562561,0.01,0.90
362482,0.9835857152938843,0.9771009087562561,0.01,0.90
362582,0.9835857152938843,0.9771009087562561,0.01,0.90
362682,0.9835857152938843,0.9771009087562561,0.01,0.90
362782,0.9835857152938843,0.9771009087562561,0.01,0.90
362882,0.9835857152938843,0.9771009087562561,0.01,0.90
362982,0.9835857152938843,0.9771009087562561,0.01,0.90
363082,0.9835857152938843,0.9771009087562561,0.01,0.90
363182,0.9835857152938843,0.9771009087562561,0.01,0.90
363282,0.9835857152938843,0.9771009087562561,0.01,0.90
363382,0.9835857152938843,0.9771009087562561,0.01,0.90
363482,0.9835857152938843,0.9771009087562561,0.01,0.90
363582,0.9835857152938843,0.9771009087562561,0.01,0.90
363682,0.9835857152938843,0.9771009087562561,0.01,0.90
363782,0.9835857152938843,0.9771009087562561,0.01,0.90
363882,0.9835857152938843,0.9771009087562561,0.01,0.90
363982,0.9835857152938843,0.9771009087562561,0.01,0.90
364082,0.9835857152938843,0.9771009087562561,0.01,0.90
364182,0.9835857152938843,0.9771009087562561,0.01,0.90
364282,0.9835857152938843,0.9771009087562561,0.01,0.90
364382,0.9835857152938843,0.9771009087562561,0.01,0.90
364482,0.9835857152938843,0.9771009087562561,0.01,0.90
364582,0.9835857152938843,0.9771009087562561,0.01,0.90
364682,0.9835857152938843,0.9771009087562561,0.01,0.90
364782,0.9835857152938843,0.9771009087562561,0.01,0.90
364882,0.9835857152938843,0.9771009087562561,0.01,0.90
364982,0.9835857152938843,0.9771009087562561,0.01,0.90
365082,0.9835857152938843,0.9771009087562561,0.01,0.90
365182,0.9835857152938843,0.9771009087562561,0.01,0.90
365282,0.9835857152938843,0.9771009087562561,0.01,0.90
365382,0.9835857152938843,0.9771009087562561,0.01,0.90
365482,0.9835857152938843,0.9771009087562561,0.01,0.90
365582,0.9835857152938843,0.9771009087562561,0.01,0.90
365682,0.9835857152938843,0.9771009087562561,0.01,0.90
365782,0.9835857152938843,0.9771009087562561,0.01,0.90
365882,0.9835857152938843,0.9771009087562561,0.01,0.90
365982,0.9835857152938843,0.9771009087562561,0.01,0.90
366082,0.9835857152938843,0.9771009087562561,0.01,0.90
366182,0.9835857152938843,0.9771009087562561,0.01,0.90
366282,0.9835857152938843,0.9771009087562561,0.01,0.90
366382,0.9835857152938843,0.9771009087562561,0.01,0.90
366482,0.9835857152938843,0.9771009087562561,0.01,0.90
366582,0.9835857152938843,0.9771009087562561,0.01,0.90
366682,0.9835857152938843,0.9771009087562561,0.01,0.90
366782,0.9835857152938843,0.9771009087562561,0.01,0.90
366882,0.9835857152938843,0.9771009087562561,0.01,0.90
366982,0.9835857152938843,0.9771009087562561,0.01,0.90
367082,0.9835857152938843,0.9771009087562561,0.01,0.90
367182,0.9835857152938843,0.9771009087562561,0.01,0.90
367282,0.9835857152938843,0.9771009087562561,0.01,0.90
367382,0.9835857152938843,0.9771009087562561,0.01,0.90
367482,0.9835857152938843,0.9771009087562561,0.01,0.90
367582,0.9835857152938843,0.9771009087562561,0.01,0.90
367682,0.9835857152938843,0.9771009087562561,0.01,0.90
367782,0.9835857152938843,0.9771009087562561,0.01,0.90
367882,0.9835857152938843,0.9771009087562561,0.01,0.90
367982,0.9835857152938843,0.9771009087562561,0.01,0.90
368082,0.9835857152938843,0.9771009087562561,0.01,0.90
368182,0.9835857152938843,0.9771009087562561,0.01,0.90
368282,0.9835857152938843,0.9771009087562561,0.01,0.90
368382,0.9835857152938843,0.9771009087562561,0.01,0.90
368482,0.9835857152938843,0.9771009087562561,0.01,0.90
368582,0.9835857152938843,0.9771009087562561,0.01,0.90
368682,0.9835857152938843,0.9771009087562561,0.01,0.90
368782,0.9835857152938843,0.9771009087562561,0.01,0.90
368882,0.9835857152938843,0.9771009087562561,0.01,0.90
368982,0.9835857152938843,0.9771009087562561,0.01,0.90
369082,0.9835857152938843,0.9771009087562561,0.01,0.90
369182,0.9835857152938843,0.9771009087562561,0.01,0.90
369282,0.9835857152938843,0.9771009087562561,0.01,0.90
369382,0.9835857152938843,0.9771009087562561,0.01,0.90
369482,0.9835857152938843,0.9771009087562561,0.01,0.90
369582,0.9835857152938843,0.9771009087562561,0.01,0.90
369682,0.9835857152938843,0.9771009087562561,0.01,0.90
369782,0.9835857152938843,0.9771009087562561,0.01,0.90
369882,0.9835857152938843,0.9771009087562561,0.01,0.90
369982,0.9835857152938843,0.9771009087562561,0.01,0.90
370082,0.9835857152938843,0.9771009087562561,0.01,0.90
370182,0.9835857152938843,0.9771009087562561,0.01,0.90
370282,0.9835857152938843,0.9771009087562561,0.01,0.90
370382,0.9835857152938843,0.9771009087562561,0.01,0.90
370482,0.9835857152938843,0.9771009087562561,0.01,0.90
370582,0.9835857152938843,0.9771009087562561,0.01,0.90
370682,0.9835857152938843,0.9771009087562561,0.01,0.90
370782,0.9835857152938843,0.9771009087562561,0.01,0.90
370882,0.9835857152938843,0.9771009087562561,0.01,0.90
370982,0.9835857152938843,0.9771009087562561,0.01,0.90
371082,0.9835857152938843,0.9771009087562561,0.01,0.90
371182,0.9835857152938843,0.9771009087562561,0.01,0.90
371282,0.9835857152938843,0.9771009087562561,0.01,0.90
371382,0.9835857152938843,0.9771009087562561,0.01,0.90
371482,0.9835857152938843,0.9771009087562561,0.01,0.90
371582,0.9835857152938843,0.9771009087562561,0.01,0.90
371682,0.9835857152938843,0.9771009087562561,0.01,0.90
371782,0.9835857152938843,0.9771009087562561,0.01,0.90
371882,0.9835857152938843,0.9771009087562561,0.01,0.90
371982,0.9835857152938843,0.9771009087562561,0.01,0.90
372082,0.9835857152938843,0.9771009087562561,0.01,0.90
372182,0.9835857152938843,0.9771009087562561,0.01,0.90
372282,0.9835857152938843,0.9771009087562561,0.01,0.90
372382,0.9835857152938843,0.9771009087562561,0.01,0.90
372482,0.9835857152938843,0.9771009087562561,0.01,0.90
372582,0.9835857152938843,0.9771009087562561,0.01,0.90
372682,0.9835857152938843,0.9771009087562561,0.01,0.90
372782,0.9835857152938843,0.9771009087562561,0.01,0.90
372882,0.9835857152938843,0.9771009087562561,0.01,0.90
372982,0.9835857152938843,0.9771009087562561,0.01,0.90
373082,0.9835857152938843,0.9771009087562561,0.01,0.90
373182,0.9835857152938843,0.9771009087562561,0.01,0.90
373282,0.9835857152938843,0.9771009087562561,0.01,0.90
373382,0.9835857152938843,0.9771009087562561,0.01,0.90
373482,0.9835857152938843,0.9771009087562561,0.01,0.90
373582,0.9835857152938843,0.9771009087562561,0.01,0.90
373682,0.9835857152938843,0.9771009087562561,0.01,0.90
373782,0.9835857152938843,0.9771009087562561,0.01,0.90
373882,0.9835857152938843,0.9771009087562561,0.01,0.90
373982,0.9835857152938843,0.9771009087562561,0.01,0.90
374082,0.9835857152938843,0.9771009087562561,0.01,0.90
374182,0.9835857152938843,0.9771009087562561,0.01,0.90
374282,0.9835857152938843,0.9771009087562561,0.01,0.90
374382,0.9835857152938843,0.9771009087562561,0.01,0.90
374482,0.9835857152938843,0.9771009087562561,0.01,0.90
374582,0.9835857152938843,0.9771009087562561,0.01,0.90
374682,0.9835857152938843,0.9771009087562561,0.01,0.90
374782,0.9835857152938843,0.9771009087562561,0.01,0.90
374882,0.9835857152938843,0.9771009087562561,0.01,0.90
374982,0.9835857152938843,0.9771009087562561,0.01,0.90
375082,0.9835857152938843,0.9771009087562561,0.01,0.90
375182,0.9835857152938843,0.9771009087562561,0.01,0.90
375282,0.9835857152938843,0.9771009087562561,0.01,0.90
375382,0.9835857152938843,0.9771009087562561,0.01,0.90
375482,0.9835857152938843,0.9771009087562561,0.01,0.90
375582,0.9835857152938843,0.9771009087562561,0.01,0.90
375682,0.9835857152938843,0.9771009087562561,0.01,0.90
375782,0.9835857152938843,0.9771009087562561,0.01,0.90
375882,0.9835857152938843,0.9771009087562561,0.01,0.90
375982,0.9835857152938843,0.9771009087562561,0.01,0.90
376082,0.9835857152938843,0.9771009087562561,0.01,0.90
376182,0.9835857152938843,0.9771009087562561,0.01,0.90
376282,0.9835857152938843,0.9771009087562561,0.01,0.90
376382,0.9835857152938843,0.9771009087562561,0.01,0.90
376482,0.9835857152938843,0.9771009087562561,0.01,0.90
376582,0.9835857152938843,0.9771009087562561,0.01,0.90
376682,0.9835857152938843,0.9771009087562561,0.01,0.90
376782,0.9835857152938843,0.9771009087562561,0.01,0.90
376882,0.9835857152938843,0.9771009087562561,0.01,0.90
376982,0.9835857152938843,0.9771009087562561,0.01,0.90
377082,0.9835857152938843,0.9771009087562561,0.01,0.90
377182,0.9835857152938843,0.9771009087562561,0.01,0.90
377282,0.9835857152938843,0.9771009087562561,0.01,0.90
377382,0.9835857152938843,0.9771009087562561,0.01,0.90
377482,0.9835857152938843,0.9771009087562561,0.01,0.90
377582,0.9835857152938843,0.9771009087562561,0.01,0.90
377682,0.9835857152938843,0.9771009087562561,0.01,0.90
377782,0.9835857152938843,0.9771009087562561,0.01,0.90
377882,0.9835857152938843,0.9771009087562561,0.01,0.90
377982,0.9835857152938843,0.9771009087562561,0.01,0.90
408082,0.9835857152938843,0.9771009087562561,0.01,0.90
408182,0.9835857152938843,0.9771009087562561,0.01,0.90
408282,0.9835857152938843,0.9771009087562561,0.01,0.90
408382,0.9835857152938843,0.9771009087562561,0.01,0.90
408482,0.9835857152938843,0.9771009087562561,0.01,0.90
408582,0.9835857152938843,0.9771009087562561,0.01,0.90
408682,0.9835857152938843,0.9771009087562561,0.01,0.90
408782,0.9835857152938843,0.9771009087562561,0.01,0.90
408882,0.9835857152938843,0.9771009087562561,0.01,0.90
408982,0.9835857152938843,0.9771009087562561,0.01,0.90
409082,0.9835857152938843,0.9771009087562561,0.01,0.90
409182,0.9835857152938843,0.9771009087562561,0.01,0.90
409282,0.9835857152938843,0.9771009087562561,0.01,0.90
409382,0.9835857152938843,0.9771009087562561,0.01,0.90
409482,0.9835857152938843,0.9771009087562561,0.01,0.90
409582,0.9835857152938843,0.9771009087562561,0.01,0.90
409682,0.9835857152938843,0.9771009087562561,0.01,0.90
409782,0.9835857152938843,0.9771009087562561,0.01,0.90
409882,0.9835857152938843,0.9771009087562561,0.01,0.90
409982,0.9835857152938843,0.9771009087562561,0.01,0.90
410082,0.9835857152938843,0.9771009087562561,0.01,0.90
410182,0.9835857152938843,0.9771009087562561,0.01,0.90
410282,0.9835857152938843,0.9771009087562561,0.01,0.90
410382,0.9835857152938843,0.9771009087562561,0.01,0.90
410482,0.9835857152938843,0.9771009087562561,0.01,0.90
410582,0.9835857152938843,0.9771009087562561,0.01,0.90
410682,0.9835857152938843,0.9771009087562561,0.01,0.90
410782,0.9835857152938843,0.9771009087562561,0.01,0.90
410882,0.9835857152938843,0.9771009087562561,0.01,0.90
410982,0.9835857152938843,0.9771009087562561,0.01,0.90
411082,0.9835857152938843,0.9771009087562561,0.01,0.90
411182,0.9835857152938843,0.9771009087562561,0.01,0.90
411282,0.9835857152938843,0.9771009087562561,0.01,0.90
411382,0.9835857152938843,0.9771009087562561,0.01,0.90
411482,0.9835857152938843,0.9771009087562561,0.01,0.90
411582,0.9835857152938843,0.9771009087562561,0.01,0.90
411682,0.9835857152938843,0.9771009087562561,0.01,0.90
411782,0.9835857152938843,0.9771009087562561,0.01,0.90
411882,0.9835857152938843,0.9771009087562561,0.01,0.90
411982,0.9835857152938843,0.9771009087562561,0.01,0.90
412082,0.9835857152938843,0.9771009087562561,0.01,0.90
412182,0.9835857152938843,0.9771009087562561,0.01,0.90
412282,0.9835857152938843,0.9771009087562561,0.01,0.90
412382,0.9835857152938843,0.9771009087562561,0.01,0.90
412482,0.9835857152938843,0.9771009087562561,0.01,0.90
412582,0.9835857152938843,0.9771009087562561,0.01,0.90
412682,0.9835857152938843,0.9771009087562561,0.01,0.90
412782,0.9835857152938843,0.9771009087562561,0.01,0.90
412882,0.9835857152938843,0.9771009087562561,0.01,0.90
412982,0.9835857152938843,0.9771009087562561,0.01,0.90
413082,0.9835857152938843,0.9771009087562561,0.01,0.90
413182,0.9835857152938843,0.9771009087562561,0.01,0.90
413282,0.9835857152938843,0.9771009087562561,0.01,0.90
413382,0.9835857152938843,0.9771009087562561,0.01,0.90
413482,0.9835857152938843,0.9771009087562561,0.01,0.90
413582,0.9835857152938843,0.9771009087562561,0.01,0.90
413682,0.9835857152938843,0.9771009087562561,0.01,0.90
413782,0.9835857152938843,0.9771009087562561,0.01,0.90
413882,0.9835857152938843,0.9771009087562561,0.01,0.90
413982,0.9835857152938843,0.9771009087562561,0.01,0.90
414082,0.9835857152938843,0.9771009087562561,0.01,0.90
414182,0.9835857152938843,0.9771009087562561,0.01,0.90
414282,0.9835857152938843,0.9771009087562561,0.01,0.90
414382,0.9835857152938843,0.9771009087562561,0.01,0.90
414482,0.9835857152938843,0.9771009087562561,0.01,0.90
414582,0.9835857152938843,0.9771009087562561,0.01,0.90
414682,0.9835857152938843,0.9771009087562561,0.01,0.90
414782,0.9835857152938843,0.9771009087562561,0.01,0.90
414882,0.9835857152938843,0.9771009087562561,0.01,0.90
414982,0.9835857152938843,0.9771009087562561,0.01,0.90
415082,0.9835857152938843,0.9771009087562561,0.01,0.90
415182,0.9835857152938843,0.9771009087562561,0.01,0.90
415282,0.9835857152938843,0.9771009087562561,0.01,0.90
415382,0.9835857152938843,0.9771009087562561,0.01,0.90
415482,0.9835857152938843,0.9771009087562561,0.01,0.90
415582,0.9835857152938843,0.9771009087562561,0.01,0.90
415682,0.9835857152938843,0.9771009087562561,0.01,0.90
415782,0.9835857152938843,0.9771009087562561,0.01,0.90
415882,0.9835857152938843,0.9771009087562561,0.01,0.90
415982,0.9835857152938843,0.9771009087562561,0.01,0.90
416082,0.9835857152938843,0.9771009087562561,0.01,0.90
416182,0.9835857152938843,0.9771009087562561,0.01,0.90
416282,0.9835857152938843,0.9771009087562561,0.01,0.90
416382,0.9835857152938843,0.9771009087562561,0.01,0.90
416482,0.9835857152938843,0.9771009087562561,0.01,0.90
416582,0.9835857152938843,0.9771009087562561,0.01,0.90
416682,0.9835857152938843,0.9771009087562561,0.01,0.90
416782,0.9835857152938843,0.9771009087562561,0.01,0.90
416882,0.9835857152938843,0.9771009087562561,0.01,0.90
416982,0.9835857152938843,0.9771009087562561,0.01,0.90
417082,0.9835857152938843,0.9771009087562561,0.01,0.90
417182,0.9835857152938843,0.9771009087562561,0.01,0.90
417282,0.9835857152938843,0.9771009087562561,0.01,0.90
417382,0.9835857152938843,0.9771009087562561,0.01,0.90
417482,0.9835857152938843,0.9771009087562561,0.01,0.90
417582,0.9835857152938843,0.9771009087562561,0.01,0.90
417682,0.9835857152938843,0.9771009087562561,0.01,0.90
417782,0.9835857152938843,0.9771009087562561,0.01,0.90
417882,0.9835857152938843,0.9771009087562561,0.01,0.90
417982,0.9835857152938843,0.9771009087562561,0.01,0.90
418082,0.9835857152938843,0.9771009087562561,0.01,0.90
418182,0.9835857152938843,0.9771009087562561,0.01,0.90
418282,0.9835857152938843,0.9771009087562561,0.01,0.90
418382,0.9835857152938843,0.9771009087562561,0.01,0.90
418482,0.9835857152938843,0.9771009087562561,0.01,0.90
418582,0.9835857152938843,0.9771009087562561,0.01,0.90
418682,0.9835857152938843,0.9771009087562561,0.01,0.90
418782,0.9835857152938843,0.9771009087562561,0.01,0.90
418882,0.9835857152938843,0.9771009087562561,0.01,0.90
418982,0.9835857152938843,0.9771009087562561,0.01,0.90
419082,0.9835857152938843,0.9771009087562561,0.01,0.90
419182,0.9835857152938843,0.9771009087562561,0.01,0.90
419282,0.9835857152938843,0.9771009087562561,0.01,0.90
419382,0.9835857152938843,0.9771009087562561,0.01,0.90
419482,0.9835857152938843,0.9771009087562561,0.01,0.90
419582,0.9835857152938843,0.9771009087562561,0.01,0.90
419682,0.9835857152938843,0.9771009087562561,0.01,0.90
419782,0.9835857152938843,0.9771009087562561,0.01,0.90
419882,0.9835857152938843,0.9771009087562561,0.01,0.90
419982,0.9835857152938843,0.9771009087562561,0.01,0.90
420082,0.9835857152938843,0.9771009087562561,0.01,0.90
420182,0.9835857152938843,0.9771009087562561,0.01,0.90
420282,0.9835857152938843,0.9771009087562561,0.01,0.90
420382,0.9835857152938843,0.9771009087562561,0.01,0.90
420482,0.9835857152938843,0.9771009087562561,0.01,0.90
420582,0.9835857152938843,0.9771009087562561,0.01,0.90
420682,0.9835857152938843,0.9771009087562561,0.01,0.90
420782,0.9835857152938843,0.9771009087562561,0.01,0.90
420882,0.9835857152938843,0.9771009087562561,0.01,0.90
420982,0.9835857152938843,0.9771009087562561,0.01,0.90
421082,0.9835857152938843,0.9771009087562561,0.01,0.90
421182,0.9835857152938843,0.9771009087562561,0.01,0.90
421282,0.9835857152938843,0.9771009087562561,0.01,0.90
421382,0.9835857152938843,0.9771009087562561,0.01,0.90
421482,0.9835857152938843,0.9771009087562561,0.01,0.90
421582,0.9835857152938843,0.9771009087562561,0.01,0.90
421682,0.9835857152938843,0.9771009087562561,0.01,0.90
421782,0.9835857152938843,0.9771009087562561,0.01,0.90
421882,0.9835857152938843,0.9771009087562561,0.01,0.90
421982,0.9835857152938843,0.9771009087562561,0.01,0.90
422082,0.9835857152938843,0.9771009087562561,0.01,0.90
422182,0.9835857152938843,0.9771009087562561,0.01,0.90
422282,0.9835857152938843,0.9771009087562561,0.01,0.90
422382,0.9835857152938843,0.9771009087562561,0.01,0.90
422482,0.9835857152938843,0.9771009087562561,0.01,0.90
422582,0.9835857152938843,0.9771009087562561,0.01,0.90
422682,0.9835857152938843,0.9771009087562561,0.01,0.90
422782,0.9835857152938843,0.9771009087562561,0.01,0.90
422882,0.9835857152938843,0.9771009087562561,0.01,0.90
422982,0.9835857152938843,0.9771009087562561,0.01,0.90
423082,0.9835857152938843,0.9771009087562561,0.01,0.90
423182,0.9835857152938843,0.9771009087562561,0.01,0.90
423282,0.9835857152938843,0.9771009087562561,0.01,0.90
423382,0.9835857152938843,0.9771009087562561,0.01,0.90
423482,0.9835857152938843,0.9771009087562561,0.01,0.90
423582,0.9835857152938843,0.9771009087562561,0.01,0.90
423682,0.9835857152938843,0.9771009087562561,0.01,0.90
423782,0.9835857152938843,0.9771009087562561,0.01,0.90
423882,0.9835857152938843,0.9771009087562561,0.01,0.90
423982,0.9835857152938843,0.9771009087562561,0.01,0.90
424082,0.9835857152938843,0.9771009087562561,0.01,0.90
424182,0.9835857152938843,0.9771009087562561,0.01,0.90
424282,0.9835857152938843,0.9771009087562561,0.01,0.90
424382,0.9835857152938843,0.9771009087562561,0.01,0.90
424482,0.9835857152938843,0.9771009087562561,0.01,0.90
424582,0.9835857152938843,0.9771009087562561,0.01,0.90
424682,0.9835857152938843,0.9771009087562561,0.01,0.90
424782,0.9835857152938843,0.9771009087562561,0.01,0.90
424882,0.9835857152938843,0.9771009087562561,0.01,0.90
424982,0.9835857152938843,0.9771009087562561,0.01,0.90
425082,0.9835857152938843,0.9771009087562561,0.01,0.90
425182,0.9835857152938843,0.9771009087562561,0.01,0.90
425282,0.9835857152938843,0.9771009087562561,0.01,0.90
425382,0.9835857152938843,0.9771009087562561,0.01,0.90
425482,0.9835857152938843,0.9771009087562561,0.01,0.90
425582,0.9835857152938843,0.9771009087562561,0.01,0.90
425682,0.9835857152938843,0.9771009087562561,0.01,0.90
425782,0.9835857152938843,0.9771009087562561,0.01,0.90
425882,0.9835857152938843,0.9771009087562561,0.01,0.90
425982,0.9835857152938843,0.9771009087562561,0.01,0.90
426082,0.9835857152938843,0.9771009087562561,0.01,0.90
426182,0.9835857152938843,0.9771009087562561,0.01,0.90
426282,0.9835857152938843,0.9771009087562561,0.01,0.90
426382,0.9835857152938843,0.9771009087562561,0.01,0.90
426482,0.9835857152938843,0.9771009087562561,0.01,0.90
426582,0.9835857152938843,0.9771009087562561,0.01,0.90
426682,0.9835857152938843,0.9771009087562561,0.01,0.90
426782,0.9835857152938843,0.9771009087562561,0.01,0.90
426882,0.9835857152938843,0.9771009087562561,0.01,0.90
426982,0.9835857152938843,0.9771009087562561,0.01,0.90
427082,0.9835857152938843,0.9771009087562561,0.01,0.90
427182,0.9835857152938843,0.9771009087562561,0.01,0.90
427282,0.9835857152938843,0.9771009087562561,0.01,0.90
427382,0.9835857152938843,0.9771009087562561,0.01,0.90
427482,0.9835857152938843,0.9771009087562561,0.01,0.90
427582,0.9835857152938843,0.9771009087562561,0.01,0.90
427682,0.9835857152938843,0.9771009087562561,0.01,0.90
427782,0.9835857152938843,0.9771009087562561,0.01,0.90
427882,0.9835857152938843,0.9771009087562561,0.01,0.90
427982,0.9835857152938843,0.9771009087562561,0.01,0.90
428082,0.9835857152938843,0.9771009087562561,0.01,0.90
428182,0.9835857152938843,0.9771009087562561,0.01,0.90
428282,0.9835857152938843,0.9771009087562561,0.01,0.90
428382,0.9835857152938843,0.9771009087562561,0.01,0.90
428482,0.9835857152938843,0.9771009087562561,0.01,0.90
428582,0.9835857152938843,0.9771009087562561,0.01,0.90
428682,0.9835857152938843,0.9771009087562561,0.01,0.90
428782,0.9835857152938843,0.9771009087562561,0.01,0.90
428882,0.9835857152938843,0.9771009087562561,0.01,0.90
428982,0.9835857152938843,0.9771009087562561,0.01,0.90
429082,0.9835857152938843,0.9771009087562561,0.01,0.90
429182,0.9835857152938843,0.9771009087562561,0.01,0.90
429282,0.9835857152938843,0.9771009087562561,0.01,0.90
429382,0.9835857152938843,0.9771009087562561,0.01,0.90
429482,0.9835857152938843,0.9771009087562561,0.01,0.90
429582,0.9835857152938843,0.9771009087562561,0.01,0.90
429682,0.9835857152938843,0.9771009087562561,0.01,0.90
429782,0.9835857152938843,0.9771009087562561,0.01,0.90
429882,0.9835857152938843,0.9771009087562561,0.01,0.90
429982,0.9835857152938843,0.9771009087562561,0.01,0.90
430082,0.9835857152938843,0.9771009087562561,0.01,0.90
430182,0.9835857152938843,0.9771009087562561,0.01,0.90
430282,0.9835857152938843,0.9771009087562561,0.01,0.90
430382,0.9835857152938843,0.9771009087562561,0.01,0.90
430482,0.9835857152938843,0.9771009087562561,0.01,0.90
430582,0.9835857152938843,0.9771009087562561,0.01,0.90
430682,0.9835857152938843,0.9771009087562561,0.01,0.90
430782,0.9835857152938843,0.9771009087562561,0.01,0.90
430882,0.9835857152938843,0.9771009087562561,0.01,0.90
430982,0.9835857152938843,0.9771009087562561,0.01,0.90
431082,0.9835857152938843,0.9771009087562561,0.01,0.90
431182,0.9835857152938843,0.9771009087562561,0.01,0.90
431282,0.9835857152938843,0.9771009087562561,0.01,0.90
431382,0.9835857152938843,0.9771009087562561,0.01,0.90
431482,0.9835857152938843,0.9771009087562561,0.01,0.90
431582,0.9835857152938843,0.9771009087562561,0.01,0.90
431682,0.9835857152938843,0.9771009087562561,0.01,0.90
431782,0.9835857152938843,0.9771009087562561,0.01,0.90
431882,0.9835857152938843,0.9771009087562561,0.01,0.90
431982,0.9835857152938843,0.9771009087562561,0.01,0.90
432082,0.9835857152938843,0.9771009087562561,0.01,0.90
432182,0.9835857152938843,0.9771009087562561,0.01,0.90
432282,0.9835857152938843,0.9771009087562561,0.01,0.90
432382,0.9835857152938843,0.9771009087562561,0.01,0.90
432482,0.9835857152938843,0.9771009087562561,0.01,0.90
432582,0.9835857152938843,0.9771009087562561,0.01,0.90
432682,0.9835857152938843,0.9771009087562561,0.01,0.90
432782,0.9835857152938843,0.9771009087562561,0.01,0.90
432882,0.9835857152938843,0.9771009087562561,0.01,0.90
432982,0.9835857152938843,0.9771009087562561,0.01,0.90
433082,0.9835857152938843,0.9771009087562561,0.01,0.90
433182,0.9835857152938843,0.9771009087562561,0.01,0.90
433282,0.9835857152938843,0.9771009087562561,0.01,0.90
433382,0.9835857152938843,0.9771009087562561,0.01,0.90
433482,0.9835857152938843,0.9771009087562561,0.01,0.90
433582,0.9835857152938843,0.9771009087562561,0.01,0.90
433682,0.9835857152938843,0.9771009087562561,0.01,0.90
433782,0.9835857152938843,0.9771009087562561,0.01,0.90
433882,0.9835857152938843,0.9771009087562561,0.01,0.90
433982,0.9835857152938843,0.9771009087562561,0.01,0.90
434082,0.9835857152938843,0.9771009087562561,0.01,0.90
434182,0.9835857152938843,0.9771009087562561,0.01,0.90
434282,0.9835857152938843,0.9771009087562561,0.01,0.90
434382,0.9835857152938843,0.9771009087562561,0.01,0.90
434482,0.9835857152938843,0.9771009087562561,0.01,0.90
434582,0.9835857152938843,0.9771009087562561,0.01,0.90
434682,0.9835857152938843,0.9771009087562561,0.01,0.90
434782,0.9835857152938843,0.9771009087562561,0.01,0.90
434882,0.9835857152938843,0.9771009087562561,0.01,0.90
434982,0.9835857152938843,0.9771009087562561,0.01,0.90
435082,0.9835857152938843,0.9771009087562561,0.01,0.90
435182,0.9835857152938843,0.9771009087562561,0.01,0.90
435282,0.9835857152938843,0.9771009087562561,0.01,0.90
435382,0.9835857152938843,0.9771009087562561,0.01,0.90
435482,0.9835857152938843,0.9771009087562561,0.01,0.90
435582,0.9835857152938843,0.9771009087562561,0.01,0.90
435682,0.9835857152938843,0.9771009087562561,0.01,0.90
435782,0.9835857152938843,0.9771009087562561,0.01,0.90
435882,0.9835857152938843,0.9771009087562561,0.01,0.90
435982,0.9835857152938843,0.9771009087562561,0.01,0.90
436082,0.9835857152938843,0.9771009087562561,0.01,0.90
436182,0.9835857152938843,0.9771009087562561,0.01,0.90
436282,0.9835857152938843,0.9771009087562561,0.01,0.90
436382,0.9835857152938843,0.9771009087562561,0.01,0.90
436482,0.9835857152938843,0.9771009087562561,0.01,0.90
436582,0.9835857152938843,0.9771009087562561,0.01,0.90
436682,0.9835857152938843,0.9771009087562561,0.01,0.90
436782,0.9835857152938843,0.9771009087562561,0.01,0.90
436882,0.9835857152938843,0.9771009087562561,0.01,0.90
436982,0.9835857152938843,0.9771009087562561,0.01,0.90
437082,0.9835857152938843,0.9771009087562561,0.01,0.90
437182,0.9835857152938843,0.9771009087562561,0.01,0.90
437282,0.9835857152938843,0.9771009087562561,0.01,0.90
437382,0.9835857152938843,0.9771009087562561,0.01,0.90
437482,0.9835857152938843,0.9771009087562561,0.01,0.90
437582,0.9835857152938843,0.9771009087562561,0.01,0.90
437682,0.9835857152938843,0.9771009087562561,0.01,0.90
437782,0.9835857152938843,0.9771009087562561,0.01,0.90
437882,0.9835857152938843,0.9771009087562561,0.01,0.90
437982,0.9835857152938843,0.9771009087562561,0.01,0.90
468082,0.9835857152938843,0.9771009087562561,0.01,0.89
468182,0.9835857152938843,0.9771009087562561,0.01,0.89
468282,0.9835857152938843,0.9771009087562561,0.01,0.89
468382,0.9835857152938843,0.9771009087562561,0.01,0.89
468482,0.9835857152938843,0.9771009087562561,0.01,0.89
468582,0.9835857152938843,0.9771009087562561,0.01,0.89
468682,0.9835857152938843,0.9771009087562561,0.01,0.89
468782,0.9835857152938843,0.9771009087562561,0.01,0.89
468882,0.9835857152938843,0.9771009087562561,0.01,0.89
468982,0.9835857152938843,0.9771009087562561,0.01,0.89
469082,0.9835857152938843,0.9771009087562561,0.01,0.89
469182,0.9835857152938843,0.9771009087562561,0.01,0.89
469282,0.9835857152938843,0.9771009087562561,0.01,0.89
469382,0.9835857152938843,0.9771009087562561,0.01,0.89
469482,0.9835857152938843,0.9771009087562561,0.01,0.89
469582,0.9835857152938843,0.9771009087562561,0.01,0.89
469682,0.9835857152938843,0.9771009087562561,0.01,0.89
469782,0.9835857152938843,0.9771009087562561,0.01,0.89
469882,0.9835857152938843,0.9771009087562561,0.01,0.89
469982,0.9835857152938843,0.9771009087562561,0.01,0.89
470082,0.9835857152938843,0.9771009087562561,0.01,0.89
470182,0.9835857152938843,0.9771009087562561,0.01,0.89
470282,0.9835857152938843,0.9771009087562561,0.01,0.89
470382,0.9835857152938843,0.9771009087562561,0.01,0.89
470482,0.9835857152938843,0.9771009087562561,0.01,0.89
470582,0.9835857152938843,0.9771009087562561,0.01,0.89
470682,0.9835857152938843,0.9771009087562561,0.01,0.89
470782,0.9835857152938843,0.9771009087562561,0.01,0.89
470882,0.9835857152938843,0.9771009087562561,0.01,0.89
470982,0.9835857152938843,0.9771009087562561,0.01,0.89
471082,0.9835857152938843,0.9771009087562561,0.01,0.89
471182,0.9835857152938843,0.9771009087562561,0.01,0.89
471282,0.9835857152938843,0.9771009087562561,0.01,0.89
471382,0.9835857152938843,0.9771009087562561,0.01,0.89
471482,0.9835857152938843,0.9771009087562561,0.01,0.89
471582,0.9835857152938843,0.9771009087562561,0.01,0.89
471682,0.9835857152938843,0.9771009087562561,0.01,0.89
471782,0.9835857152938843,0.9771009087562561,0.01,0.89
471882,0.9835857152938843,0.9771009087562561,0.01,0.89
471982,0.9835857152938843,0.9771009087562561,0.01,0.89
472082,0.9835857152938843,0.9771009087562561,0.01,0.89
472182,0.9835857152938843,0.9771009087562561,0.01,0.89
472282,0.9835857152938843,0.9771009087562561,0.01,0.89
472382,0.9835857152938843,0.9771009087562561,0.01,0.89
472482,0.9835857152938843,0.9771009087562561,0.01,0.89
472582,0.9835857152938843,0.9771009087562561,0.01,0.89
472682,0.9835857152938843,0.9771009087562561,0.01,0.89
472782,0.9835857152938843,0.9771009087562561,0.01,0.89
472882,0.9835857152938843,0.9771009087562561,0.01,0.89
472982,0.9835857152938843,0.9771009087562561,0.01,0.89
473082,0.9835857152938843,0.9771009087562561,0.01,0.89
473182,0.9835857152938843,0.9771009087562561,0.01,0.89
473282,0.9835857152938843,0.9771009087562561,0.01,0.89
473382,0.9835857152938843,0.9771009087562561,0.01,0.89
473482,0.9835857152938843,0.9771009087562561,0.01,0.89
473582,0.9835857152938843,0.9771009087562561,0.01,0.89
473682,0.9835857152938843,0.9771009087562561,0.01,0.89
473782,0.9835857152938843,0.9771009087562561,0.01,0.89
473882,0.9835857152938843,0.9771009087562561,0.01,0.89
473982,0.9835857152938843,0.9771009087562561,0.01,0.89
474082,0.9835857152938843,0.9771009087562561,0.01,0.89
474182,0.9835857152938843,0.9771009087562561,0.01,0.89
474282,0.9835857152938843,0.9771009087562561,0.01,0.89
474382,0.9835857152938843,0.9771009087562561,0.01,0.89
474482,0.9835857152938843,0.9771009087562561,0.01,0.89
474582,0.9835857152938843,0.9771009087562561,0.01,0.89
474682,0.9835857152938843,0.9771009087562561,0.01,0.89
474782,0.9835857152938843,0.9771009087562561,0.01,0.89
474882,0.9835857152938843,0.9771009087562561,0.01,0.89
474982,0.9835857152938843,0.9771009087562561,0.01,0.89
475082,0.9835857152938843,0.9771009087562561,0.01,0.89
475182,0.9835857152938843,0.9771009087562561,0.01,0.89
475282,0.9835857152938843,0.9771009087562561,0.01,0.89
475382,0.9835857152938843,0.9771009087562561,0.01,0.89
475482,0.9835857152938843,0.9771009087562561,0.01,0.89
475582,0.9835857152938843,0.9771009087562561,0.01,0.89
475682,0.9835857152938843,0.9771009087562561,0.01,0.89
475782,0.9835857152938843,0.9771009087562561,0.01,0.89
475882,0.9835857152938843,0.9771009087562561,0.01,0.89
475982,0.9835857152938843,0.9771009087562561,0.01,0.89
476082,0.9835857152938843,0.9771009087562561,0.01,0.89
476182,0.9835857152938843,0.9771009087562561,0.01,0.89
476282,0.9835857152938843,0.9771009087562561,0.01,0.89
476382,0.9835857152938843,0.9771009087562561,0.01,0.89
476482,0.9835857152938843,0.9771009087562561,0.01,0.89
476582,0.9835857152938843,0.9771009087562561,0.01,0.89
476682,0.9835857152938843,0.9771009087562561,0.01,0.89
476782,0.9835857152938843,0.9771009087562561,0.01,0.89
476882,0.9835857152938843,0.9771009087562561,0.01,0.89
476982,0.9835857152938843,0.9771009087562561,0.01,0.89
477082,0.9835857152938843,0.9771009087562561,0.01,0.89
477182,0.9835857152938843,0.9771009087562561,0.01,0.89
477282,0.9835857152938843,0.9771009087562561,0.01,0.89
477382,0.9835857152938843,0.9771009087562561,0.01,0.89
477482,0.9835857152938843,0.9771009087562561,0.01,0.89
477582,0.9835857152938843,0.9771009087562561,0.01,0.89
477682,0.9835857152938843,0.9771009087562561,0.01,0.89
477782,0.9835857152938843,0.9771009087562561,0.01,0.89
477882,0.9835857152938843,0.9771009087562561,0.01,0.89
477982,0.9835857152938843,0.9771009087562561,0.01,0.89
478082,0.9835857152938843,0.9771009087562561,0.01,0.89
478182,0.9835857152938843,0.9771009087562561,0.01,0.89
478282,0.9835857152938843,0.9771009087562561,0.01,0.89
478382,0.9835857152938843,0.9771009087562561,0.01,0.89
478482,0.9835857152938843,0.9771009087562561,0.01,0.89
478582,0.9835857152938843,0.9771009087562561,0.01,0.89
478682,0.9835857152938843,0.9771009087562561,0.01,0.89
478782,0.9835857152938843,0.9771009087562561,0.01,0.89
478882,0.9835857152938843,0.9771009087562561,0.01,0.89
478982,0.9835857152938843,0.9771009087562561,0.01,0.89
479082,0.9835857152938843,0.9771009087562561,0.01,0.89
479182,0.9835857152938843,0.9771009087562561,0.01,0.89
479282,0.9835857152938843,0.9771009087562561,0.01,0.89
479382,0.9835857152938843,0.9771009087562561,0.01,0.89
479482,0.9835857152938843,0.9771009087562561,0.01,0.89
479582,0.9835857152938843,0.9771009087562561,0.01,0.89
479682,0.9835857152938843,0.9771009087562561,0.01,0.89
479782,0.9835857152938843,0.9771009087562561,0.01,0.89
479882,0.9835857152938843,0.9771009087562561,0.01,0.89
479982,0.9835857152938843,0.9771009087562561,0.01,0.89
480082,0.9835857152938843,0.9771009087562561,0.01,0.89
480182,0.9835857152938843,0.9771009087562561,0.01,0.89
480282,0.9835857152938843,0.9771009087562561,0.01,0.89
480382,0.9835857152938843,0.9771009087562561,0.01,0.89
480482,0.9835857152938843,0.9771009087562561,0.01,0.89
480582,0.9835857152938843,0.9771009087562561,0.01,0.89
480682,0.9835857152938843,0.9771009087562561,0.01,0.89
480782,0.9835857152938843,0.9771009087562561,0.01,0.89
480882,0.9835857152938843,0.9771009087562561,0.01,0.89
480982,0.9835857152938843,0.9771009087562561,0.01,0.89
481082,0.9835857152938843,0.9771009087562561,0.01,0.89
481182,0.9835857152938843,0.9771009087562561,0.01,0.89
481282,0.9835857152938843,0.9771009087562561,0.01,0.89
481382,0.9835857152938843,0.9771009087562561,0.01,0.89
481482,0.9835857152938843,0.9771009087562561,0.01,0.89
481582,0.9835857152938843,0.9771009087562561,0.01,0.89
481682,0.9835857152938843,0.9771009087562561,0.01,0.89
481782,0.9835857152938843,0.9771009087562561,0.01,0.89
481882,0.9835857152938843,0.9771009087562561,0.01,0.89
481982,0.9835857152938843,0.9771009087562561,0.01,0.89
482082,0.9835857152938843,0.9771009087562561,0.01,0.89
482182,0.9835857152938843,0.9771009087562561,0.01,0.89
482282,0.9835857152938843,0.9771009087562561,0.01,0.89
482382,0.9835857152938843,0.9771009087562561,0.01,0.89
482482,0.9835857152938843,0.9771009087562561,0.01,0.89
482582,0.9835857152938843,0.9771009087562561,0.01,0.89
482682,0.9835857152938843,0.9771009087562561,0.01,0.89
482782,0.9835857152938843,0.9771009087562561,0.01,0.89
482882,0.9835857152938843,0.9771009087562561,0.01,0.89
482982,0.9835857152938843,0.9771009087562561,0.01,0.89
483082,0.9835857152938843,0.9771009087562561,0.01,0.89
483182,0.9835857152938843,0.9771009087562561,0.01,0.89
483282,0.9835857152938843,0.9771009087562561,0.01,0.89
483382,0.9835857152938843,0.9771009087562561,0.01,0.89
483482,0.9835857152938843,0.9771009087562561,0.01,0.89
483582,0.9835857152938843,0.9771009087562561,0.01,0.89
483682,0.9835857152938843,0.9771009087562561,0.01,0.89
483782,0.9835857152938843,0.9771009087562561,0.01,0.89
483882,0.9835857152938843,0.9771009087562561,0.01,0.89
483982,0.9835857152938843,0.9771009087562561,0.01,0.89
484082,0.9835857152938843,0.9771009087562561,0.01,0.89
484182,0.9835857152938843,0.9771009087562561,0.01,0.89
484282,0.9835857152938843,0.9771009087562561,0.01,0.89
484382,0.9835857152938843,0.9771009087562561,0.01,0.89
484482,0.9835857152938843,0.9771009087562561,0.01,0.89
484582,0.9835857152938843,0.9771009087562561,0.01,0.89
484682,0.9835857152938843,0.9771009087562561,0.01,0.89
484782,0.9835857152938843,0.9771009087562561,0.01,0.89
484882,0.9835857152938843,0.9771009087562561,0.01,0.89
484982,0.9835857152938843,0.9771009087562561,0.01,0.89
485082,0.9835857152938843,0.9771009087562561,0.01,0.89
485182,0.9835857152938843,0.9771009087562561,0.01,0.89
485282,0.9835857152938843,0.9771009087562561,0.01,0.89
485382,0.9835857152938843,0.9771009087562561,0.01,0.89
485482,0.9835857152938843,0.9771009087562561,0.01,0.89
485582,0.9835857152938843,0.9771009087562561,0.01,0.89
485682,0.9835857152938843,0.9771009087562561,0.01,0.89
485782,0.9835857152938843,0.9771009087562561,0.01,0.89
485882,0.9835857152938843,0.9771009087562561,0.01,0.89
485982,0.9835857152938843,0.9771009087562561,0.01,0.89
486082,0.9835857152938843,0.9771009087562561,0.01,0.89
486182,0.9835857152938843,0.9771009087562561,0.01,0.89
486282,0.9835857152938843,0.9771009087562561,0.01,0.89
486382,0.9835857152938843,0.9771009087562561,0.01,0.89
486482,0.9835857152938843,0.9771009087562561,0.01,0.89
486582,0.9835857152938843,0.9771009087562561,0.01,0.89
486682,0.9835857152938843,0.9771009087562561,0.01,0.89
486782,0.9835857152938843,0.9771009087562561,0.01,0.89
486882,0.9835857152938843,0.9771009087562561,0.01,0.89
486982,0.9835857152938843,0.9771009087562561,0.01,0.89
487082,0.9835857152938843,0.9771009087562561,0.01,0.89
487182,0.9835857152938843,0.9771009087562561,0.01,0.89
487282,0.9835857152938843,0.9771009087562561,0.01,0.89
487382,0.9835857152938843,0.9771009087562561,0.01,0.89
487482,0.9835857152938843,0.9771009087562561,0.01,0.89
487582,0.9835857152938843,0.9771009087562561,0.01,0.89
487682,0.9835857152938843,0.9771009087562561,0.01,0.89
487782,0.9835857152938843,0.9771009087562561,0.01,0.89
487882,0.9835857152938843,0.9771009087562561,0.01,0.89
487982,0.9835857152938843,0.9771009087562561,0.01,0.89
488082,0.9835857152938843,0.9771009087562561,0.01,0.89
488182,0.9835857152938843,0.9771009087562561,0.01,0.89
488282,0.9835857152938843,0.9771009087562561,0.01,0.89
488382,0.9835857152938843,0.9771009087562561,0.01,0.89
488482,0.9835857152938843,0.9771009087562561,0.01,0.89
488582,0.9835857152938843,0.9771009087562561,0.01,0.89
488682,0.9835857152938843,0.9771009087562561,0.01,0.89
488782,0.9835857152938843,0.9771009087562561,0.01,0.89
488882,0.9835857152938843,0.9771009087562561,0.01,0.89
488982,0.9835857152938843,0.9771009087562561,0.01,0.89
489082,0.9835857152938843,0.9771009087562561,0.01,0.89
489182,0.9835857152938843,0.9771009087562561,0.01,0.89
489282,0.9835857152938843,0.9771009087562561,0.01,0.89
489382,0.9835857152938843,0.9771009087562561,0.01,0.89
489482,0.9835857152938843,0.9771009087562561,0.01,0.89
489582,0.9835857152938843,0.9771009087562561,0.01,0.89
489682,0.9835857152938843,0.9771009087562561,0.01,0.89
489782,0.9835857152938843,0.9771009087562561,0.01,0.89
489882,0.9835857152938843,0.9771009087562561,0.01,0.89
489982,0.9835857152938843,0.9771009087562561,0.01,0.89
490082,0.9835857152938843,0.9771009087562561,0.01,0.89
490182,0.9835857152938843,0.9771009087562561,0.01,0.89
490282,0.9835857152938843,0.9771009087562561,0.01,0.89
490382,0.9835857152938843,0.9771009087562561,0.01,0.89
490482,0.9835857152938843,0.9771009087562561,0.01,0.89
490582,0.9835857152938843,0.9771009087562561,0.01,0.89
490682,0.9835857152938843,0.9771009087562561,0.01,0.89
490782,0.9835857152938843,0.9771009087562561,0.01,0.89
490882,0.9835857152938843,0.9771009087562561,0.01,0.89
490982,0.9835857152938843,0.9771009087562561,0.01,0.89
491082,0.9835857152938843,0.9771009087562561,0.01,0.89
491182,0.9835857152938843,0.9771009087562561,0.01,0.89
491282,0.9835857152938843,0.9771009087562561,0.01,0.89
491382,0.9835857152938843,0.9771009087562561,0.01,0.89
491482,0.9835857152938843,0.9771009087562561,0.01,0.89
491582,0.9835857152938843,0.9771009087562561,0.01,0.89
491682,0.9835857152938843,0.9771009087562561,0.01,0.89
491782,0.9835857152938843,0.9771009087562561,0.01,0.89
491882,0.9835857152938843,0.9771009087562561,0.01,0.89
491982,0.9835857152938843,0.9771009087562561,0.01,0.89
492082,0.9835857152938843,0.9771009087562561,0.01,0.89
492182,0.9835857152938843,0.9771009087562561,0.01,0.89
492282,0.9835857152938843,0.9771009087562561,0.01,0.89
492382,0.9835857152938843,0.9771009087562561,0.01,0.89
492482,0.9835857152938843,0.9771009087562561,0.01,0.89
492582,0.9835857152938843,0.9771009087562561,0.01,0.89
492682,0.9835857152938843,0.9771009087562561,0.01,0.89
492782,0.9835857152938843,0.9771009087562561,0.01,0.89
492882,0.9835857152938843,0.9771009087562561,0.01,0.89
492982,0.9835857152938843,0.9771009087562561,0.01,0.89
493082,0.9835857152938843,0.9771009087562561,0.01,0.89
493182,0.9835857152938843,0.9771009087562561,0.01,0.89
493282,0.9835857152938843,0.9771009087562561,0.01,0.89
493382,0.9835857152938843,0.9771009087562561,0.01,0.89
493482,0.9835857152938843,0.9771009087562561,0.01,0.89
493582,0.9835857152938843,0.9771009087562561,0.01,0.89
493682,0.9835857152938843,0.9771009087562561,0.01,0.89
493782,0.9835857152938843,0.9771009087562561,0.01,0.89
493882,0.9835857152938843,0.9771009087562561,0.01,0.89
493982,0.9835857152938843,0.9771009087562561,0.01,0.89
494082,0.9835857152938843,0.9771009087562561,0.01,0.89
494182,0.9835857152938843,0.9771009087562561,0.01,0.89
494282,0.9835857152938843,0.9771009087562561,0.01,0.89
494382,0.9835857152938843,0.9771009087562561,0.01,0.89
494482,0.9835857152938843,0.9771009087562561,0.01,0.89
494582,0.9835857152938843,0.9771009087562561,0.01,0.89
494682,0.9835857152938843,0.9771009087562561,0.01,0.89
494782,0.9835857152938843,0.9771009087562561,0.01,0.89
494882,0.9835857152938843,0.9771009087562561,0.01,0.89
494982,0.9835857152938843,0.9771009087562561,0.01,0.89
495082,0.9835857152938843,0.9771009087562561,0.01,0.89
495182,0.9835857152938843,0.9771009087562561,0.01,0.89
495282,0.9835857152938843,0.9771009087562561,0.01,0.89
495382,0.9835857152938843,0.9771009087562561,0.01,0.89
495482,0.9835857152938843,0.9771009087562561,0.01,0.89
495582,0.9835857152938843,0.9771009087562561,0.01,0.89
495682,0.9835857152938843,0.9771009087562561,0.01,0.89
495782,0.9835857152938843,0.9771009087562561,0.01,0.89
495882,0.9835857152938843,0.9771009087562561,0.01,0.89
495982,0.9835857152938843,0.9771009087562561,0.01,0.89
496082,0.9835857152938843,0.9771009087562561,0.01,0.89
496182,0.9835857152938843,0.9771009087562561,0.01,0.89
496282,0.9835857152938843,0.9771009087562561,0.01,0.89
496382,0.9835857152938843,0.9771009087562561,0.01,0.89
496482,0.9835857152938843,0.9771009087562561,0.01,0.89
496582,0.9835857152938843,0.9771009087562561,0.01,0.89
496682,0.9835857152938843,0.9771009087562561,0.01,0.89
496782,0.9835857152938843,0.9771009087562561,0.01,0.89
496882,0.9835857152938843,0.9771009087562561,0.01,0.89
496982,0.9835857152938843,0.9771009087562561,0.01,0.89
497082,0.9835857152938843,0.9771009087562561,0.01,0.89
497182,0.9835857152938843,0.9771009087562561,0.01,0.89
497282,0.9835857152938843,0.9771009087562561,0.01,0.89
497382,0.9835857152938843,0.9771009087562561,0.01,0.89
497482,0.9835857152938843,0.9771009087562561,0.01,0.89
497582,0.9835857152938843,0.9771009087562561,0.01,0.89
497682,0.9835857152938843,0.9771009087562561,0.01,0.89
497782,0.9835857152938843,0.9771009087562561,0.01,0.89
497882,0.9835857152938843,0.9771009087562561,0.01,0.89
497982,0.9835857152938843,0.9771009087562561,0.01,0.89
