evaluation,fitness,test_accuracy,uniqueness,time
0,0.5188472270965576,0.5627119541168213,1.0,0.86
100,0.5188472270965576,0.5627119541168213,1.0,0.86
200,0.5188472270965576,0.5627119541168213,1.0,0.86
300,0.5188472270965576,0.5627119541168213,1.0,0.86
400,0.5188472270965576,0.5627119541168213,1.0,0.86
500,0.5188472270965576,0.5627119541168213,1.0,0.86
600,0.5188472270965576,0.5627119541168213,1.0,0.86
700,0.5188472270965576,0.5627119541168213,1.0,0.86
800,0.5188472270965576,0.5627119541168213,1.0,0.86
900,0.5188472270965576,0.5627119541168213,1.0,0.86
1000,0.5188472270965576,0.5627119541168213,1.0,0.86
1100,0.5188472270965576,0.5627119541168213,1.0,0.86
1200,0.5188472270965576,0.5627119541168213,1.0,0.86
1300,0.5188472270965576,0.5627119541168213,1.0,0.86
1400,0.5188472270965576,0.5627119541168213,1.0,0.86
1500,0.5188472270965576,0.5627119541168213,1.0,0.86
1600,0.5188472270965576,0.5627119541168213,1.0,0.86
1700,0.5902508497238159,0.6791923642158508,1.0,0.86
1800,0.5902508497238159,0.6791923642158508,1.0,0.86
1900,0.5902508497238159,0.6791923642158508,1.0,0.86
2000,0.5902508497238159,0.6791923642158508,1.0,0.86
2100,0.5902508497238159,0.6791923642158508,1.0,0.86
2200,0.6788861751556396,0.7378574013710022,1.0,0.86
2300,0.6788861751556396,0.7378574013710022,1.0,0.86
2400,0.6788861751556396,0.7378574013710022,1.0,0.86
2500,0.6788861751556396,0.7378574013710022,1.0,0.86
2600,0.6788861751556396,0.7378574013710022,1.0,0.86
2700,0.6788861751556396,0.7378574013710022,1.0,0.86
2800,0.6788861751556396,0.7378574013710022,1.0,0.86
2900,0.6788861751556396,0.7378574013710022,1.0,0.86
3000,0.6788861751556396,0.7378574013710022,1.0,0.86
3100,0.6788861751556396,0.7378574013710022,1.0,0.86
3200,0.6788861751556396,0.7378574013710022,1.0,0.86
3300,0.6788861751556396,0.7378574013710022,1.0,0.86
3400,0.6788861751556396,0.7378574013710022,1.0,0.86
3500,0.6788861751556396,0.7378574013710022,1.0,0.86
3600,0.6788861751556396,0.7378574013710022,1.0,0.86
3700,0.6788861751556396,0.7378574013710022,1.0,0.86
3800,0.6788861751556396,0.7378574013710022,1.0,0.86
3900,0.6970579624176025,0.7869047522544861,1.0,0.86
4000,0.6970579624176025,0.7869047522544861,1.0,0.86
4100,0.6970579624176025,0.7869047522544861,1.0,0.86
4200,0.6970579624176025,0.7869047522544861,1.0,0.86
4300,0.6970579624176025,0.7869047522544861,1.0,0.86
4400,0.6970579624176025,0.7869047522544861,1.0,0.86
4500,0.6970579624176025,0.7869047522544861,1.0,0.86
4600,0.6970579624176025,0.7869047522544861,1.0,0.86
4700,0.6970579624176025,0.7869047522544861,1.0,0.86
4800,0.6970579624176025,0.7869047522544861,1.0,0.86
4900,0.6970579624176025,0.7869047522544861,1.0,0.86
5000,0.8457366824150085,0.8741499781608582,1.0,0.86
5100,0.8457366824150085,0.8741499781608582,1.0,0.86
5200,0.8457366824150085,0.8741499781608582,1.0,0.86
5300,0.8457366824150085,0.8741499781608582,1.0,0.86
5400,0.8457366824150085,0.8741499781608582,1.0,0.86
5500,0.8457366824150085,0.8741499781608582,1.0,0.86
5600,0.8818025588989258,0.889664351940155,1.0,0.86
5700,0.8818025588989258,0.889664351940155,1.0,0.86
5800,0.8818025588989258,0.889664351940155,1.0,0.86
5900,0.8818025588989258,0.889664351940155,1.0,0.86
6000,0.8818025588989258,0.889664351940155,1.0,0.86
6100,0.8818025588989258,0.889664351940155,1.0,0.86
6200,0.8818025588989258,0.889664351940155,1.0,0.86
6300,0.8818025588989258,0.889664351940155,1.0,0.86
6400,0.8818025588989258,0.889664351940155,1.0,0.86
6500,0.8818025588989258,0.889664351940155,1.0,0.86
6600,0.8818025588989258,0.889664351940155,1.0,0.86
6700,0.8818025588989258,0.889664351940155,1.0,0.86
6800,0.8818025588989258,0.889664351940155,1.0,0.86
6900,0.8818025588989258,0.889664351940155,1.0,0.86
7000,0.8818025588989258,0.889664351940155,1.0,0.86
7100,0.8818025588989258,0.889664351940155,1.0,0.86
7200,0.8818025588989258,0.889664351940155,1.0,0.86
7300,0.8818025588989258,0.889664351940155,1.0,0.86
7400,0.8818025588989258,0.889664351940155,1.0,0.86
7500,0.8818025588989258,0.889664351940155,1.0,0.86
7600,0.8818025588989258,0.889664351940155,1.0,0.86
7700,0.8818025588989258,0.889664351940155,1.0,0.86
7800,0.8818025588989258,0.889664351940155,1.0,0.86
7900,0.8818025588989258,0.889664351940155,1.0,0.86
8000,0.8818025588989258,0.889664351940155,1.0,0.86
8100,0.8818025588989258,0.889664351940155,1.0,0.86
8200,0.8818025588989258,0.889664351940155,1.0,0.86
8300,0.8818025588989258,0.889664351940155,1.0,0.86
8400,0.8818025588989258,0.889664351940155,1.0,0.86
8500,0.8818025588989258,0.889664351940155,1.0,0.86
8600,0.8818025588989258,0.889664351940155,1.0,0.86
8700,0.8818025588989258,0.889664351940155,1.0,0.86
8800,0.8818025588989258,0.889664351940155,1.0,0.86
8900,0.8818025588989258,0.889664351940155,1.0,0.86
9000,0.8818025588989258,0.889664351940155,1.0,0.86
9100,0.8818025588989258,0.889664351940155,1.0,0.86
9200,0.8818025588989258,0.889664351940155,1.0,0.86
9300,0.8818025588989258,0.889664351940155,1.0,0.86
9400,0.8818025588989258,0.889664351940155,1.0,0.86
9500,0.8818025588989258,0.889664351940155,1.0,0.86
9600,0.8818025588989258,0.889664351940155,1.0,0.86
9700,0.8818025588989258,0.889664351940155,1.0,0.86
9800,0.8818025588989258,0.889664351940155,1.0,0.86
9900,0.8818025588989258,0.889664351940155,1.0,0.86
10000,0.8818025588989258,0.889664351940155,1.0,0.86
10100,0.8818025588989258,0.889664351940155,1.0,0.86
10200,0.8818025588989258,0.889664351940155,1.0,0.86
10300,0.8818025588989258,0.889664351940155,1.0,0.86
10400,0.8818025588989258,0.889664351940155,1.0,0.86
10500,0.8818025588989258,0.889664351940155,1.0,0.86
10600,0.8818025588989258,0.889664351940155,1.0,0.86
10700,0.8818025588989258,0.889664351940155,1.0,0.86
10800,0.8818025588989258,0.889664351940155,1.0,0.86
10900,0.8818025588989258,0.889664351940155,1.0,0.86
11000,0.8818025588989258,0.889664351940155,1.0,0.86
11100,0.8818025588989258,0.889664351940155,1.0,0.86
11200,0.8818025588989258,0.889664351940155,1.0,0.86
11300,0.8818025588989258,0.889664351940155,1.0,0.86
11400,0.8818025588989258,0.889664351940155,1.0,0.86
11500,0.8818025588989258,0.889664351940155,1.0,0.86
11600,0.8818025588989258,0.889664351940155,1.0,0.86
11700,0.8818025588989258,0.889664351940155,1.0,0.86
11800,0.8818025588989258,0.889664351940155,1.0,0.86
11900,0.8818025588989258,0.889664351940155,1.0,0.86
12000,0.8818025588989258,0.889664351940155,1.0,0.86
12100,0.8818025588989258,0.889664351940155,1.0,0.86
12200,0.8818025588989258,0.889664351940155,1.0,0.86
12300,0.8818025588989258,0.889664351940155,1.0,0.86
12400,0.8818025588989258,0.889664351940155,1.0,0.86
12500,0.8818025588989258,0.889664351940155,1.0,0.86
12600,0.8818025588989258,0.889664351940155,1.0,0.86
12700,0.8818025588989258,0.889664351940155,1.0,0.86
12800,0.8818025588989258,0.889664351940155,1.0,0.86
12900,0.8818025588989258,0.889664351940155,1.0,0.86
13000,0.8818025588989258,0.889664351940155,1.0,0.86
13100,0.8818025588989258,0.889664351940155,1.0,0.86
13200,0.8818025588989258,0.889664351940155,1.0,0.86
13300,0.8818025588989258,0.889664351940155,1.0,0.86
13400,0.890532374382019,0.931961715221405,1.0,0.86
13500,0.890532374382019,0.931961715221405,1.0,0.86
13600,0.890532374382019,0.931961715221405,1.0,0.86
13700,0.890532374382019,0.931961715221405,1.0,0.86
13800,0.890532374382019,0.931961715221405,1.0,0.86
13900,0.890532374382019,0.931961715221405,1.0,0.86
14000,0.890532374382019,0.931961715221405,1.0,0.86
14100,0.890532374382019,0.931961715221405,1.0,0.86
14200,0.890532374382019,0.931961715221405,1.0,0.86
14300,0.890532374382019,0.931961715221405,1.0,0.86
14400,0.890532374382019,0.931961715221405,1.0,0.86
14500,0.890532374382019,0.931961715221405,1.0,0.86
14600,0.890532374382019,0.931961715221405,1.0,0.86
14700,0.890532374382019,0.931961715221405,1.0,0.86
14800,0.890532374382019,0.931961715221405,1.0,0.86
14900,0.890532374382019,0.931961715221405,1.0,0.86
15000,0.890532374382019,0.931961715221405,1.0,0.86
15100,0.890532374382019,0.931961715221405,1.0,0.86
15200,0.890532374382019,0.931961715221405,1.0,0.86
15300,0.890532374382019,0.931961715221405,1.0,0.86
15400,0.890532374382019,0.931961715221405,1.0,0.86
15500,0.890532374382019,0.931961715221405,1.0,0.86
15600,0.890532374382019,0.931961715221405,1.0,0.86
15700,0.890532374382019,0.931961715221405,1.0,0.86
15800,0.890532374382019,0.931961715221405,1.0,0.86
15900,0.890532374382019,0.931961715221405,1.0,0.86
16000,0.890532374382019,0.931961715221405,1.0,0.86
16100,0.890532374382019,0.931961715221405,1.0,0.86
16200,0.890532374382019,0.931961715221405,1.0,0.86
16300,0.890532374382019,0.931961715221405,1.0,0.86
16400,0.890532374382019,0.931961715221405,1.0,0.86
16500,0.890532374382019,0.931961715221405,1.0,0.86
16600,0.890532374382019,0.931961715221405,1.0,0.86
16700,0.890532374382019,0.931961715221405,1.0,0.86
16800,0.890532374382019,0.931961715221405,1.0,0.86
16900,0.890532374382019,0.931961715221405,1.0,0.86
17000,0.890532374382019,0.931961715221405,1.0,0.86
17100,0.890532374382019,0.931961715221405,1.0,0.86
17200,0.890532374382019,0.931961715221405,1.0,0.86
17300,0.890532374382019,0.931961715221405,1.0,0.86
17400,0.890532374382019,0.931961715221405,1.0,0.86
17500,0.890532374382019,0.931961715221405,1.0,0.86
17600,0.890532374382019,0.931961715221405,1.0,0.86
17700,0.890532374382019,0.931961715221405,1.0,0.86
17800,0.890532374382019,0.931961715221405,1.0,0.86
17900,0.890532374382019,0.931961715221405,1.0,0.86
18000,0.890532374382019,0.931961715221405,1.0,0.86
18100,0.890532374382019,0.931961715221405,1.0,0.86
18200,0.890532374382019,0.931961715221405,1.0,0.86
18300,0.890532374382019,0.931961715221405,1.0,0.86
18400,0.890532374382019,0.931961715221405,1.0,0.86
18500,0.890532374382019,0.931961715221405,1.0,0.86
18600,0.890532374382019,0.931961715221405,1.0,0.86
18700,0.890532374382019,0.931961715221405,1.0,0.86
18800,0.890532374382019,0.931961715221405,1.0,0.86
18900,0.890532374382019,0.931961715221405,1.0,0.86
19000,0.890532374382019,0.931961715221405,1.0,0.86
19100,0.890532374382019,0.931961715221405,1.0,0.86
19200,0.890532374382019,0.931961715221405,1.0,0.86
19300,0.890532374382019,0.931961715221405,1.0,0.86
19400,0.890532374382019,0.931961715221405,1.0,0.86
19500,0.890532374382019,0.931961715221405,1.0,0.86
19600,0.890532374382019,0.931961715221405,1.0,0.86
19700,0.890532374382019,0.931961715221405,1.0,0.86
19800,0.890532374382019,0.931961715221405,1.0,0.86
19900,0.890532374382019,0.931961715221405,1.0,0.86
20000,0.890532374382019,0.931961715221405,1.0,0.86
20100,0.890532374382019,0.931961715221405,1.0,0.86
20200,0.890532374382019,0.931961715221405,1.0,0.86
20300,0.890532374382019,0.931961715221405,1.0,0.86
20400,0.890532374382019,0.931961715221405,1.0,0.86
20500,0.890532374382019,0.931961715221405,1.0,0.86
20600,0.890532374382019,0.931961715221405,1.0,0.86
20700,0.890532374382019,0.931961715221405,1.0,0.86
20800,0.890532374382019,0.931961715221405,1.0,0.86
20900,0.890532374382019,0.931961715221405,1.0,0.86
21000,0.890532374382019,0.931961715221405,1.0,0.86
21100,0.890532374382019,0.931961715221405,1.0,0.86
21200,0.890532374382019,0.931961715221405,1.0,0.86
21300,0.890532374382019,0.931961715221405,1.0,0.86
21400,0.890532374382019,0.931961715221405,1.0,0.86
21500,0.890532374382019,0.931961715221405,1.0,0.86
21600,0.890532374382019,0.931961715221405,1.0,0.86
21700,0.890532374382019,0.931961715221405,1.0,0.86
21800,0.890532374382019,0.931961715221405,1.0,0.86
21900,0.890532374382019,0.931961715221405,1.0,0.86
22000,0.890532374382019,0.931961715221405,1.0,0.86
22100,0.890532374382019,0.931961715221405,1.0,0.86
22200,0.890532374382019,0.931961715221405,1.0,0.86
22300,0.890532374382019,0.931961715221405,1.0,0.86
22400,0.890532374382019,0.931961715221405,1.0,0.86
22500,0.890532374382019,0.931961715221405,1.0,0.86
22600,0.890532374382019,0.931961715221405,1.0,0.86
22700,0.890532374382019,0.931961715221405,1.0,0.86
22800,0.890532374382019,0.931961715221405,1.0,0.86
22900,0.890532374382019,0.931961715221405,1.0,0.86
23000,0.890532374382019,0.931961715221405,1.0,0.86
23100,0.890532374382019,0.931961715221405,1.0,0.86
23200,0.890532374382019,0.931961715221405,1.0,0.86
23300,0.890532374382019,0.931961715221405,1.0,0.86
23400,0.890532374382019,0.931961715221405,1.0,0.86
23500,0.890532374382019,0.931961715221405,1.0,0.86
23600,0.890532374382019,0.931961715221405,1.0,0.86
23700,0.890532374382019,0.931961715221405,1.0,0.86
23800,0.890532374382019,0.931961715221405,1.0,0.86
23900,0.890532374382019,0.931961715221405,1.0,0.86
24000,0.890532374382019,0.931961715221405,1.0,0.86
24100,0.890532374382019,0.931961715221405,1.0,0.86
24200,0.890532374382019,0.931961715221405,1.0,0.86
24300,0.890532374382019,0.931961715221405,1.0,0.86
24400,0.890532374382019,0.931961715221405,1.0,0.86
24500,0.890532374382019,0.931961715221405,1.0,0.86
24600,0.890532374382019,0.931961715221405,1.0,0.86
24700,0.890532374382019,0.931961715221405,1.0,0.86
24800,0.890532374382019,0.931961715221405,1.0,0.86
24900,0.890532374382019,0.931961715221405,1.0,0.86
25000,0.890532374382019,0.931961715221405,1.0,0.86
25100,0.890532374382019,0.931961715221405,1.0,0.86
25200,0.890532374382019,0.931961715221405,1.0,0.86
25300,0.890532374382019,0.931961715221405,1.0,0.86
25400,0.890532374382019,0.931961715221405,1.0,0.86
25500,0.890532374382019,0.931961715221405,1.0,0.86
25600,0.890532374382019,0.931961715221405,1.0,0.86
25700,0.890532374382019,0.931961715221405,1.0,0.86
25800,0.890532374382019,0.931961715221405,1.0,0.86
25900,0.890532374382019,0.931961715221405,1.0,0.86
26000,0.890532374382019,0.931961715221405,1.0,0.86
26100,0.890532374382019,0.931961715221405,1.0,0.86
26200,0.890532374382019,0.931961715221405,1.0,0.86
26300,0.890532374382019,0.931961715221405,1.0,0.86
26400,0.890532374382019,0.931961715221405,1.0,0.86
26500,0.890532374382019,0.931961715221405,1.0,0.86
26600,0.890532374382019,0.931961715221405,1.0,0.86
26700,0.890532374382019,0.931961715221405,1.0,0.86
26800,0.890532374382019,0.931961715221405,1.0,0.86
26900,0.890532374382019,0.931961715221405,1.0,0.86
27000,0.890532374382019,0.931961715221405,1.0,0.86
27100,0.890532374382019,0.931961715221405,1.0,0.86
27200,0.890532374382019,0.931961715221405,1.0,0.86
27300,0.890532374382019,0.931961715221405,1.0,0.86
27400,0.890532374382019,0.931961715221405,1.0,0.86
27500,0.890532374382019,0.931961715221405,1.0,0.86
27600,0.890532374382019,0.931961715221405,1.0,0.86
27700,0.890532374382019,0.931961715221405,1.0,0.86
27800,0.890532374382019,0.931961715221405,1.0,0.86
27900,0.890532374382019,0.931961715221405,1.0,0.86
28000,0.890532374382019,0.931961715221405,1.0,0.86
28100,0.890532374382019,0.931961715221405,1.0,0.86
28200,0.890532374382019,0.931961715221405,1.0,0.86
28300,0.890532374382019,0.931961715221405,1.0,0.86
28400,0.890532374382019,0.931961715221405,1.0,0.86
28500,0.890532374382019,0.931961715221405,1.0,0.86
28600,0.890532374382019,0.931961715221405,1.0,0.86
28700,0.890532374382019,0.931961715221405,1.0,0.86
28800,0.890532374382019,0.931961715221405,1.0,0.86
28900,0.890532374382019,0.931961715221405,1.0,0.86
29000,0.890532374382019,0.931961715221405,1.0,0.86
29100,0.890532374382019,0.931961715221405,1.0,0.86
29200,0.890532374382019,0.931961715221405,1.0,0.86
29300,0.890532374382019,0.931961715221405,1.0,0.86
29400,0.890532374382019,0.931961715221405,1.0,0.86
29500,0.890532374382019,0.931961715221405,1.0,0.86
29600,0.890532374382019,0.931961715221405,1.0,0.86
29700,0.890532374382019,0.931961715221405,1.0,0.86
29800,0.890532374382019,0.931961715221405,1.0,0.86
29900,0.890532374382019,0.931961715221405,1.0,0.86
30000,0.890532374382019,-2.525973320007324,1.0,0.85
30100,0.890532374382019,-2.525973320007324,1.0,0.85
30200,0.890532374382019,-2.525973320007324,1.0,0.85
30300,0.890532374382019,-2.525973320007324,1.0,0.85
30400,0.890532374382019,-2.525973320007324,1.0,0.85
30500,0.890532374382019,-2.525973320007324,1.0,0.85
30600,0.890532374382019,-2.525973320007324,1.0,0.85
30700,0.890532374382019,-2.525973320007324,1.0,0.85
30800,0.890532374382019,-2.525973320007324,1.0,0.85
30900,0.890532374382019,-2.525973320007324,1.0,0.85
31000,0.890532374382019,-2.525973320007324,1.0,0.85
31100,0.890532374382019,-2.525973320007324,1.0,0.85
31200,0.890532374382019,-2.525973320007324,1.0,0.85
31300,0.890532374382019,-2.525973320007324,1.0,0.85
31400,0.890532374382019,-2.525973320007324,1.0,0.85
31500,0.890532374382019,-2.525973320007324,1.0,0.85
31600,0.890532374382019,-2.525973320007324,1.0,0.85
31700,0.890532374382019,-2.525973320007324,1.0,0.85
31800,0.890532374382019,-2.525973320007324,1.0,0.85
31900,0.890532374382019,-2.525973320007324,1.0,0.85
32000,0.890532374382019,-2.525973320007324,1.0,0.85
32100,0.890532374382019,-2.525973320007324,1.0,0.85
32200,0.890532374382019,-2.525973320007324,1.0,0.85
32300,0.890532374382019,-2.525973320007324,1.0,0.85
32400,0.890532374382019,-2.525973320007324,1.0,0.85
32500,0.890532374382019,-2.525973320007324,1.0,0.85
32600,0.890532374382019,-2.525973320007324,1.0,0.85
32700,0.890532374382019,-2.525973320007324,1.0,0.85
32800,0.890532374382019,-2.525973320007324,1.0,0.85
32900,0.8936207890510559,0.9300912618637085,1.0,0.85
33000,0.8936207890510559,0.9300912618637085,1.0,0.85
33100,0.8936207890510559,0.9300912618637085,1.0,0.85
33200,0.8936207890510559,0.9300912618637085,1.0,0.85
33300,0.8936207890510559,0.9300912618637085,1.0,0.85
33400,0.8936207890510559,0.9300912618637085,1.0,0.85
33500,0.8936207890510559,0.9300912618637085,1.0,0.85
33600,0.8936207890510559,0.9300912618637085,1.0,0.85
33700,0.8936207890510559,0.9300912618637085,1.0,0.85
33800,0.8936207890510559,0.9300912618637085,1.0,0.85
33900,0.8936207890510559,0.9300912618637085,1.0,0.85
34000,0.8936207890510559,0.9300912618637085,1.0,0.85
34100,0.8936207890510559,0.9300912618637085,1.0,0.85
34200,0.8936207890510559,0.9300912618637085,1.0,0.85
34300,0.8936207890510559,0.9300912618637085,1.0,0.85
34400,0.8936207890510559,0.9300912618637085,1.0,0.85
34500,0.8936207890510559,0.9300912618637085,1.0,0.85
34600,0.8936207890510559,0.9300912618637085,1.0,0.85
34700,0.8936207890510559,0.9300912618637085,1.0,0.85
34800,0.8936207890510559,0.9300912618637085,1.0,0.85
34900,0.8936207890510559,0.9300912618637085,1.0,0.85
35000,0.8936207890510559,0.9300912618637085,1.0,0.85
35100,0.8936207890510559,0.9300912618637085,1.0,0.85
35200,0.8936207890510559,0.9300912618637085,1.0,0.85
35300,0.8936207890510559,0.9300912618637085,1.0,0.85
35400,0.8936207890510559,0.9300912618637085,1.0,0.85
35500,0.8936207890510559,0.9300912618637085,1.0,0.85
35600,0.8936207890510559,0.9300912618637085,1.0,0.85
35700,0.8936207890510559,0.9300912618637085,1.0,0.85
35800,0.8936207890510559,0.9300912618637085,1.0,0.85
35900,0.8936207890510559,0.9300912618637085,1.0,0.85
36000,0.8936207890510559,0.9300912618637085,1.0,0.85
36100,0.8936207890510559,0.9300912618637085,1.0,0.85
36200,0.8936207890510559,0.9300912618637085,1.0,0.85
36300,0.8936207890510559,0.9300912618637085,1.0,0.85
36400,0.8936207890510559,0.9300912618637085,1.0,0.85
36500,0.8936207890510559,0.9300912618637085,1.0,0.85
36600,0.8936207890510559,0.9300912618637085,1.0,0.85
36700,0.8936207890510559,0.9300912618637085,1.0,0.85
36800,0.8936207890510559,0.9300912618637085,1.0,0.85
36900,0.8936207890510559,0.9300912618637085,1.0,0.85
37000,0.8936207890510559,0.9300912618637085,1.0,0.85
37100,0.8936207890510559,0.9300912618637085,1.0,0.85
37200,0.8936207890510559,0.9300912618637085,1.0,0.85
37300,0.8936207890510559,0.9300912618637085,1.0,0.85
37400,0.8936207890510559,0.9300912618637085,1.0,0.85
37500,0.8936207890510559,0.9300912618637085,1.0,0.85
37600,0.8936207890510559,0.9300912618637085,1.0,0.85
37700,0.8936207890510559,0.9300912618637085,1.0,0.85
37800,0.8936207890510559,0.9300912618637085,1.0,0.85
37900,0.8936207890510559,0.9300912618637085,1.0,0.85
38000,0.8936207890510559,0.9300912618637085,1.0,0.85
38100,0.8936207890510559,0.9300912618637085,1.0,0.85
38200,0.8936207890510559,0.9300912618637085,1.0,0.85
38300,0.8936207890510559,0.9300912618637085,1.0,0.85
38400,0.8936207890510559,0.9300912618637085,1.0,0.85
38500,0.8936207890510559,0.9300912618637085,1.0,0.85
38600,0.8936207890510559,0.9300912618637085,1.0,0.85
38700,0.8936207890510559,0.9300912618637085,1.0,0.85
38800,0.8936207890510559,0.9300912618637085,1.0,0.85
38900,0.8936207890510559,0.9300912618637085,1.0,0.85
39000,0.8936207890510559,0.9300912618637085,1.0,0.85
39100,0.8936207890510559,0.9300912618637085,1.0,0.85
39200,0.8936207890510559,0.9300912618637085,1.0,0.85
39300,0.8936207890510559,0.9300912618637085,1.0,0.85
39400,0.8936207890510559,0.9300912618637085,1.0,0.85
39500,0.8936207890510559,0.9300912618637085,1.0,0.85
39600,0.8936207890510559,0.9300912618637085,1.0,0.85
39700,0.8936207890510559,0.9300912618637085,1.0,0.85
39800,0.8936207890510559,0.9300912618637085,1.0,0.85
39900,0.8936207890510559,0.9300912618637085,1.0,0.85
40000,0.8936207890510559,0.9300912618637085,1.0,0.85
40100,0.8936207890510559,0.9300912618637085,1.0,0.85
40200,0.8936207890510559,0.9300912618637085,1.0,0.85
40300,0.8936207890510559,0.9300912618637085,1.0,0.85
40400,0.8936207890510559,0.9300912618637085,1.0,0.85
40500,0.8936207890510559,0.9300912618637085,1.0,0.85
40600,0.8936207890510559,0.9300912618637085,1.0,0.85
40700,0.8936207890510559,0.9300912618637085,1.0,0.85
40800,0.8936207890510559,0.9300912618637085,1.0,0.85
40900,0.8936207890510559,0.9300912618637085,1.0,0.85
41000,0.8936207890510559,0.9300912618637085,1.0,0.85
41100,0.8936207890510559,0.9300912618637085,1.0,0.85
41200,0.8936207890510559,0.9300912618637085,1.0,0.85
41300,0.8936207890510559,0.9300912618637085,1.0,0.85
41400,0.8936207890510559,0.9300912618637085,1.0,0.85
41500,0.8936207890510559,0.9300912618637085,1.0,0.85
41600,0.8936207890510559,0.9300912618637085,1.0,0.85
41700,0.8936207890510559,0.9300912618637085,1.0,0.85
41800,0.8936207890510559,0.9300912618637085,1.0,0.85
41900,0.8936207890510559,0.9300912618637085,1.0,0.85
42000,0.8936207890510559,0.9300912618637085,1.0,0.85
42100,0.8936207890510559,0.9300912618637085,1.0,0.85
42200,0.8936207890510559,0.9300912618637085,1.0,0.85
42300,0.8936207890510559,0.9300912618637085,1.0,0.85
42400,0.8936207890510559,0.9300912618637085,1.0,0.85
42500,0.8936207890510559,0.9300912618637085,1.0,0.85
42600,0.8936207890510559,0.9300912618637085,1.0,0.85
42700,0.8936207890510559,0.9300912618637085,1.0,0.85
42800,0.932531476020813,0.9519245624542236,1.0,0.85
42900,0.932531476020813,0.9519245624542236,1.0,0.85
43000,0.932531476020813,0.9519245624542236,1.0,0.85
43100,0.932531476020813,0.9519245624542236,1.0,0.85
43200,0.932531476020813,0.9519245624542236,1.0,0.85
43300,0.9760562181472778,0.9743249416351318,1.0,0.85
43400,0.9760562181472778,0.9743249416351318,1.0,0.85
43500,0.9760562181472778,0.9743249416351318,1.0,0.85
43600,0.9760562181472778,0.9743249416351318,1.0,0.85
43700,0.9760562181472778,0.9743249416351318,1.0,0.85
43800,0.9760562181472778,0.9743249416351318,1.0,0.85
43900,0.9760562181472778,0.9743249416351318,1.0,0.85
44000,0.9760562181472778,0.9743249416351318,1.0,0.85
44100,0.9760562181472778,0.9743249416351318,1.0,0.85
44200,0.9760562181472778,0.9743249416351318,1.0,0.85
44300,0.9760562181472778,0.9743249416351318,1.0,0.85
44400,0.9760562181472778,0.9743249416351318,1.0,0.85
44500,0.9760562181472778,0.9743249416351318,1.0,0.85
44600,0.9760562181472778,0.9743249416351318,1.0,0.85
44700,0.9760562181472778,0.9743249416351318,1.0,0.85
44800,0.9760562181472778,0.9743249416351318,1.0,0.85
44900,0.9760562181472778,0.9743249416351318,1.0,0.85
45000,0.9760562181472778,0.9743249416351318,1.0,0.85
45100,0.9760562181472778,0.9743249416351318,1.0,0.85
45200,0.9760562181472778,0.9743249416351318,1.0,0.85
45300,0.9760562181472778,0.9743249416351318,1.0,0.85
45400,0.9760562181472778,0.9743249416351318,1.0,0.85
45500,0.9760562181472778,0.9743249416351318,1.0,0.85
45600,0.9760562181472778,0.9743249416351318,1.0,0.85
45700,0.9760562181472778,0.9743249416351318,1.0,0.85
45800,0.9760562181472778,0.9743249416351318,1.0,0.85
45900,0.9760562181472778,0.9743249416351318,1.0,0.85
46000,0.9760562181472778,0.9743249416351318,1.0,0.85
46100,0.9760562181472778,0.9743249416351318,1.0,0.85
46200,0.9760562181472778,0.9743249416351318,1.0,0.85
46300,0.9760562181472778,0.9743249416351318,1.0,0.85
46400,0.9760562181472778,0.9743249416351318,1.0,0.85
46500,0.9760562181472778,0.9743249416351318,1.0,0.85
46600,0.9760562181472778,0.9743249416351318,1.0,0.85
46700,0.9760562181472778,0.9743249416351318,1.0,0.85
46800,0.9760562181472778,0.9743249416351318,1.0,0.85
46900,0.9760562181472778,0.9743249416351318,1.0,0.85
47000,0.9760562181472778,0.9743249416351318,1.0,0.85
47100,0.9760562181472778,0.9743249416351318,1.0,0.85
47200,0.9760562181472778,0.9743249416351318,1.0,0.85
47300,0.9760562181472778,0.9743249416351318,1.0,0.85
47400,0.9760562181472778,0.9743249416351318,1.0,0.85
47500,0.9760562181472778,0.9743249416351318,1.0,0.85
47600,0.9760562181472778,0.9743249416351318,1.0,0.85
47700,0.9760562181472778,0.9743249416351318,1.0,0.85
47800,0.9760562181472778,0.9743249416351318,1.0,0.85
47900,0.9760562181472778,0.9743249416351318,1.0,0.85
48000,0.9760562181472778,0.9743249416351318,1.0,0.85
48100,0.9760562181472778,0.9743249416351318,1.0,0.85
48200,0.9760562181472778,0.9743249416351318,1.0,0.85
48300,0.9760562181472778,0.9743249416351318,1.0,0.85
48400,0.9760562181472778,0.9743249416351318,1.0,0.85
48500,0.9760562181472778,0.9743249416351318,1.0,0.85
48600,0.9760562181472778,0.9743249416351318,1.0,0.85
48700,0.9760562181472778,0.9743249416351318,1.0,0.85
48800,0.9760562181472778,0.9743249416351318,1.0,0.85
48900,0.9760562181472778,0.9743249416351318,1.0,0.85
49000,0.9760562181472778,0.9743249416351318,1.0,0.85
49100,0.9760562181472778,0.9743249416351318,1.0,0.85
49200,0.9760562181472778,0.9743249416351318,1.0,0.85
49300,0.9760562181472778,0.9743249416351318,1.0,0.85
49400,0.9760562181472778,0.9743249416351318,1.0,0.85
49500,0.9760562181472778,0.9743249416351318,1.0,0.85
49600,0.9760562181472778,0.9743249416351318,1.0,0.85
49700,0.9760562181472778,0.9743249416351318,1.0,0.85
49800,0.9760562181472778,0.9743249416351318,1.0,0.85
49900,0.9760562181472778,0.9743249416351318,1.0,0.85
50000,0.9760562181472778,0.9743249416351318,1.0,0.85
50100,0.9760562181472778,0.9743249416351318,1.0,0.85
50200,0.9760562181472778,0.9743249416351318,1.0,0.85
50300,0.9760562181472778,0.9743249416351318,1.0,0.85
50400,0.9760562181472778,0.9743249416351318,1.0,0.85
50500,0.9760562181472778,0.9743249416351318,1.0,0.85
50600,0.9760562181472778,0.9743249416351318,1.0,0.85
50700,0.9760562181472778,0.9743249416351318,1.0,0.85
50800,0.9760562181472778,0.9743249416351318,1.0,0.85
50900,0.9760562181472778,0.9743249416351318,1.0,0.85
51000,0.9760562181472778,0.9743249416351318,1.0,0.85
51100,0.9760562181472778,0.9743249416351318,1.0,0.85
51200,0.9760562181472778,0.9743249416351318,1.0,0.85
51300,0.9760562181472778,0.9743249416351318,1.0,0.85
51400,0.9760562181472778,0.9743249416351318,1.0,0.85
51500,0.9760562181472778,0.9743249416351318,1.0,0.85
51600,0.9760562181472778,0.9743249416351318,1.0,0.85
51700,0.9760562181472778,0.9743249416351318,1.0,0.85
51800,0.9815701842308044,0.9796184301376343,1.0,0.85
51900,0.9815701842308044,0.9796184301376343,1.0,0.85
52000,0.9815701842308044,0.9796184301376343,1.0,0.85
52100,0.9815701842308044,0.9796184301376343,1.0,0.85
52200,0.9815701842308044,0.9796184301376343,1.0,0.85
52300,0.9815701842308044,0.9796184301376343,1.0,0.85
52400,0.9815701842308044,0.9796184301376343,1.0,0.85
52500,0.9815701842308044,0.9796184301376343,1.0,0.85
52600,0.9815701842308044,0.9796184301376343,1.0,0.85
52700,0.9815701842308044,0.9796184301376343,1.0,0.85
52800,0.9815701842308044,0.9796184301376343,1.0,0.85
52900,0.9815701842308044,0.9796184301376343,1.0,0.85
53000,0.9815701842308044,0.9796184301376343,1.0,0.85
53100,0.9815701842308044,0.9796184301376343,1.0,0.85
53200,0.9815701842308044,0.9796184301376343,1.0,0.85
53300,0.9815701842308044,0.9796184301376343,1.0,0.85
53400,0.9815701842308044,0.9796184301376343,1.0,0.85
53500,0.9815701842308044,0.9796184301376343,1.0,0.85
53600,0.9815701842308044,0.9796184301376343,1.0,0.85
53700,0.9815701842308044,0.9796184301376343,1.0,0.85
53800,0.9815701842308044,0.9796184301376343,1.0,0.85
53900,0.9815701842308044,0.9796184301376343,1.0,0.85
54000,0.9815701842308044,0.9796184301376343,1.0,0.85
54100,0.9815701842308044,0.9796184301376343,1.0,0.85
54200,0.9815701842308044,0.9796184301376343,1.0,0.85
54300,0.9815701842308044,0.9796184301376343,1.0,0.85
54400,0.9815701842308044,0.9796184301376343,1.0,0.85
54500,0.9815701842308044,0.9796184301376343,1.0,0.85
54600,0.9815701842308044,0.9796184301376343,1.0,0.85
54700,0.9815701842308044,0.9796184301376343,1.0,0.85
54800,0.9815701842308044,0.9796184301376343,1.0,0.85
54900,0.9815701842308044,0.9796184301376343,1.0,0.85
55000,0.9815701842308044,0.9796184301376343,1.0,0.85
55100,0.9815701842308044,0.9796184301376343,1.0,0.85
55200,0.9815701842308044,0.9796184301376343,1.0,0.85
55300,0.9815701842308044,0.9796184301376343,1.0,0.85
55400,0.9815701842308044,0.9796184301376343,1.0,0.85
55500,0.9815701842308044,0.9796184301376343,1.0,0.85
55600,0.9815701842308044,0.9796184301376343,1.0,0.85
55700,0.9815701842308044,0.9796184301376343,1.0,0.85
55800,0.9815701842308044,0.9796184301376343,1.0,0.85
55900,0.9815701842308044,0.9796184301376343,1.0,0.85
56000,0.9815701842308044,0.9796184301376343,1.0,0.85
56100,0.9815701842308044,0.9796184301376343,1.0,0.85
56200,0.9815701842308044,0.9796184301376343,1.0,0.85
56300,0.9815701842308044,0.9796184301376343,1.0,0.85
56400,0.9815701842308044,0.9796184301376343,1.0,0.85
56500,0.9815701842308044,0.9796184301376343,1.0,0.85
56600,0.9815701842308044,0.9796184301376343,1.0,0.85
56700,0.9815701842308044,0.9796184301376343,1.0,0.85
56800,0.9815701842308044,0.9796184301376343,1.0,0.85
56900,0.9815701842308044,0.9796184301376343,1.0,0.85
57000,0.9815701842308044,0.9796184301376343,1.0,0.85
57100,0.9815701842308044,0.9796184301376343,1.0,0.85
57200,0.9815701842308044,0.9796184301376343,1.0,0.85
57300,0.9815701842308044,0.9796184301376343,1.0,0.85
57400,0.9815701842308044,0.9796184301376343,1.0,0.85
57500,0.9815701842308044,0.9796184301376343,1.0,0.85
57600,0.9815701842308044,0.9796184301376343,1.0,0.85
57700,0.9815701842308044,0.9796184301376343,1.0,0.85
57800,0.9815701842308044,0.9796184301376343,1.0,0.85
57900,0.9815701842308044,0.9796184301376343,1.0,0.85
58000,0.9815701842308044,0.9796184301376343,1.0,0.85
58100,0.9815701842308044,0.9796184301376343,1.0,0.85
58200,0.9815701842308044,0.9796184301376343,1.0,0.85
58300,0.9815701842308044,0.9796184301376343,1.0,0.85
58400,0.9815701842308044,0.9796184301376343,1.0,0.85
58500,0.9815701842308044,0.9796184301376343,1.0,0.85
58600,0.9815701842308044,0.9796184301376343,1.0,0.85
58700,0.9815701842308044,0.9796184301376343,1.0,0.85
58800,0.9815701842308044,0.9796184301376343,1.0,0.85
58900,0.9815701842308044,0.9796184301376343,1.0,0.85
59000,0.9815701842308044,0.9796184301376343,1.0,0.85
59100,0.9815701842308044,0.9796184301376343,1.0,0.85
59200,0.9815701842308044,0.9796184301376343,1.0,0.85
59300,0.9815701842308044,0.9796184301376343,1.0,0.85
59400,0.9815701842308044,0.9796184301376343,1.0,0.85
59500,0.9815701842308044,0.9796184301376343,1.0,0.85
59600,0.9815701842308044,0.9796184301376343,1.0,0.85
59700,0.9815701842308044,0.9796184301376343,1.0,0.85
59800,0.9815701842308044,0.9796184301376343,1.0,0.85
59900,0.9815701842308044,0.9796184301376343,1.0,0.85
64766,0.9815701842308044,0.9796184301376343,1.0,0.88
64866,0.9815701842308044,0.9796184301376343,1.0,0.88
64966,0.9815701842308044,0.9796184301376343,1.0,0.88
65066,0.9815701842308044,0.9796184301376343,1.0,0.88
65166,0.9815701842308044,0.9796184301376343,1.0,0.88
65266,0.9815701842308044,0.9796184301376343,1.0,0.88
65366,0.9815701842308044,0.9796184301376343,1.0,0.88
65466,0.9815701842308044,0.9796184301376343,1.0,0.88
65566,0.9815701842308044,0.9796184301376343,1.0,0.88
65666,0.9815701842308044,0.9796184301376343,1.0,0.88
65766,0.9815701842308044,0.9796184301376343,1.0,0.88
65866,0.9815701842308044,0.9796184301376343,1.0,0.88
65966,0.9815701842308044,0.9796184301376343,1.0,0.88
66066,0.9815701842308044,0.9796184301376343,1.0,0.88
66166,0.9815701842308044,0.9796184301376343,1.0,0.88
66266,0.9815701842308044,0.9796184301376343,1.0,0.88
66366,0.9815701842308044,0.9796184301376343,1.0,0.88
66466,0.9815701842308044,0.9796184301376343,1.0,0.88
66566,0.9815701842308044,0.9796184301376343,1.0,0.88
66666,0.9815701842308044,0.9796184301376343,1.0,0.88
66766,0.9815701842308044,0.9796184301376343,1.0,0.88
66866,0.9815701842308044,0.9796184301376343,1.0,0.88
66966,0.9815701842308044,0.9796184301376343,1.0,0.88
67066,0.9815701842308044,0.9796184301376343,1.0,0.88
67166,0.9815701842308044,0.9796184301376343,1.0,0.88
67266,0.9815701842308044,0.9796184301376343,1.0,0.88
67366,0.9815701842308044,0.9796184301376343,1.0,0.88
67466,0.9815701842308044,0.9796184301376343,1.0,0.88
67566,0.9815701842308044,0.9796184301376343,1.0,0.88
67666,0.9816904067993164,0.9796305298805237,1.0,0.88
67766,0.9816904067993164,0.9796305298805237,1.0,0.88
67866,0.9816904067993164,0.9796305298805237,1.0,0.88
67966,0.9816904067993164,0.9796305298805237,1.0,0.88
68066,0.9816904067993164,0.9796305298805237,1.0,0.88
68166,0.9816904067993164,0.9796305298805237,1.0,0.88
68266,0.9816904067993164,0.9796305298805237,1.0,0.88
68366,0.9816904067993164,0.9796305298805237,1.0,0.88
68466,0.9816904067993164,0.9796305298805237,1.0,0.88
68566,0.9816904067993164,0.9796305298805237,1.0,0.88
68666,0.9816904067993164,0.9796305298805237,1.0,0.88
68766,0.9816904067993164,0.9796305298805237,1.0,0.88
68866,0.9816904067993164,0.9796305298805237,1.0,0.88
68966,0.9816904067993164,0.9796305298805237,1.0,0.88
69066,0.9816904067993164,0.9796305298805237,1.0,0.88
69166,0.9816904067993164,0.9796305298805237,1.0,0.88
69266,0.9816904067993164,0.9796305298805237,1.0,0.88
69366,0.9816904067993164,0.9796305298805237,1.0,0.88
69466,0.9816904067993164,0.9796305298805237,1.0,0.88
69566,0.9816904067993164,0.9796305298805237,1.0,0.88
69666,0.9816904067993164,0.9796305298805237,1.0,0.88
69766,0.9816904067993164,0.9796305298805237,1.0,0.88
69866,0.9816904067993164,0.9796305298805237,1.0,0.88
69966,0.9816904067993164,0.9796305298805237,1.0,0.88
70066,0.9816904067993164,0.9796305298805237,1.0,0.88
70166,0.9816904067993164,0.9796305298805237,1.0,0.88
70266,0.9816904067993164,0.9796305298805237,1.0,0.88
70366,0.9816904067993164,0.9796305298805237,1.0,0.88
70466,0.9816904067993164,0.9796305298805237,1.0,0.88
70566,0.9816904067993164,0.9796305298805237,1.0,0.88
70666,0.9816904067993164,0.9796305298805237,1.0,0.88
70766,0.9816904067993164,0.9796305298805237,1.0,0.88
70866,0.9816904067993164,0.9796305298805237,1.0,0.88
70966,0.9816904067993164,0.9796305298805237,1.0,0.88
71066,0.9816904067993164,0.9796305298805237,1.0,0.88
71166,0.9816904067993164,0.9796305298805237,1.0,0.88
71266,0.9816904067993164,0.9796305298805237,1.0,0.88
71366,0.9816904067993164,0.9796305298805237,1.0,0.88
71466,0.9816904067993164,0.9796305298805237,1.0,0.88
71566,0.9816904067993164,0.9796305298805237,1.0,0.88
71666,0.9816904067993164,0.9796305298805237,1.0,0.88
71766,0.9816904067993164,0.9796305298805237,1.0,0.88
71866,0.9816904067993164,0.9796305298805237,1.0,0.88
71966,0.9816904067993164,0.9796305298805237,1.0,0.88
72066,0.9816904067993164,0.9796305298805237,1.0,0.88
72166,0.9816904067993164,0.9796305298805237,1.0,0.88
72266,0.9816904067993164,0.9796305298805237,1.0,0.88
72366,0.9816904067993164,0.9796305298805237,1.0,0.88
72466,0.9816904067993164,0.9796305298805237,1.0,0.88
72566,0.9816904067993164,0.9796305298805237,1.0,0.88
72666,0.9816904067993164,0.9796305298805237,1.0,0.88
72766,0.9816904067993164,0.9796305298805237,1.0,0.88
72866,0.9816904067993164,0.9796305298805237,1.0,0.88
72966,0.9816904067993164,0.9796305298805237,1.0,0.88
73066,0.9816904067993164,0.9796305298805237,1.0,0.88
73166,0.9816904067993164,0.9796305298805237,1.0,0.88
73266,0.9816904067993164,0.9796305298805237,1.0,0.88
73366,0.9816904067993164,0.9796305298805237,1.0,0.88
73466,0.9816904067993164,0.9796305298805237,1.0,0.88
73566,0.9816904067993164,0.9796305298805237,1.0,0.88
73666,0.9816904067993164,0.9796305298805237,1.0,0.88
73766,0.9816904067993164,0.9796305298805237,1.0,0.88
73866,0.9816904067993164,0.9796305298805237,1.0,0.88
73966,0.9816904067993164,0.9796305298805237,1.0,0.88
74066,0.9816904067993164,0.9796305298805237,1.0,0.88
74166,0.9816904067993164,0.9796305298805237,1.0,0.88
74266,0.9816904067993164,0.9796305298805237,1.0,0.88
74366,0.9816904067993164,0.9796305298805237,1.0,0.88
74466,0.9816904067993164,0.9796305298805237,1.0,0.88
74566,0.9816904067993164,0.9796305298805237,1.0,0.88
74666,0.9816904067993164,0.9796305298805237,1.0,0.88
74766,0.9816904067993164,0.9796305298805237,1.0,0.88
74866,0.9816904067993164,0.9796305298805237,1.0,0.88
74966,0.9816904067993164,0.9796305298805237,1.0,0.88
75066,0.9816904067993164,0.9796305298805237,1.0,0.88
75166,0.9816904067993164,0.9796305298805237,1.0,0.88
75266,0.9816904067993164,0.9796305298805237,1.0,0.88
75366,0.9816904067993164,0.9796305298805237,1.0,0.88
75466,0.9816904067993164,0.9796305298805237,1.0,0.88
75566,0.9816904067993164,0.9796305298805237,1.0,0.88
75666,0.9816904067993164,0.9796305298805237,1.0,0.88
75766,0.9816904067993164,0.9796305298805237,1.0,0.88
75866,0.9816904067993164,0.9796305298805237,1.0,0.88
75966,0.9816904067993164,0.9796305298805237,1.0,0.88
76066,0.9816904067993164,0.9796305298805237,1.0,0.88
76166,0.9816904067993164,0.9796305298805237,1.0,0.88
76266,0.9816904067993164,0.9796305298805237,1.0,0.88
76366,0.9816904067993164,0.9796305298805237,1.0,0.88
76466,0.9816904067993164,0.9796305298805237,1.0,0.88
76566,0.9816904067993164,0.9796305298805237,1.0,0.88
76666,0.9816904067993164,0.9796305298805237,1.0,0.88
76766,0.9816904067993164,0.9796305298805237,1.0,0.88
76866,0.9816904067993164,0.9796305298805237,1.0,0.88
76966,0.9816904067993164,0.9796305298805237,1.0,0.88
77066,0.9816904067993164,0.9796305298805237,1.0,0.88
77166,0.9816904067993164,0.9796305298805237,1.0,0.88
77266,0.9816904067993164,0.9796305298805237,1.0,0.88
77366,0.9816904067993164,0.9796305298805237,1.0,0.88
77466,0.9816904067993164,0.9796305298805237,1.0,0.88
77566,0.9816904067993164,0.9796305298805237,1.0,0.88
77666,0.9816904067993164,0.9796305298805237,1.0,0.88
77766,0.9816904067993164,0.9796305298805237,1.0,0.88
77866,0.9816904067993164,0.9796305298805237,1.0,0.88
77966,0.9816904067993164,0.9796305298805237,1.0,0.88
78066,0.9816904067993164,0.9796305298805237,1.0,0.88
78166,0.9816904067993164,0.9796305298805237,1.0,0.88
78266,0.9816904067993164,0.9796305298805237,1.0,0.88
78366,0.9816904067993164,0.9796305298805237,1.0,0.88
78466,0.9816904067993164,0.9796305298805237,1.0,0.88
78566,0.9816904067993164,0.9796305298805237,1.0,0.88
78666,0.9816904067993164,0.9796305298805237,1.0,0.88
78766,0.9816904067993164,0.9796305298805237,1.0,0.88
78866,0.9816904067993164,0.9796305298805237,1.0,0.88
78966,0.9816904067993164,0.9796305298805237,1.0,0.88
79066,0.9816904067993164,0.9796305298805237,1.0,0.88
79166,0.9816904067993164,0.9796305298805237,1.0,0.88
79266,0.9816904067993164,0.9796305298805237,1.0,0.88
79366,0.9816904067993164,0.9796305298805237,1.0,0.88
79466,0.9816904067993164,0.9796305298805237,1.0,0.88
79566,0.9816904067993164,0.9796305298805237,1.0,0.88
79666,0.9816904067993164,0.9796305298805237,1.0,0.88
79766,0.9816904067993164,0.9796305298805237,1.0,0.88
79866,0.9816904067993164,0.9796305298805237,1.0,0.88
79966,0.9816904067993164,0.9796305298805237,1.0,0.88
80066,0.9816904067993164,0.9796305298805237,1.0,0.88
80166,0.9816904067993164,0.9796305298805237,1.0,0.88
80266,0.9816904067993164,0.9796305298805237,1.0,0.88
80366,0.9816904067993164,0.9796305298805237,1.0,0.88
80466,0.9816904067993164,0.9796305298805237,1.0,0.88
80566,0.9816904067993164,0.9796305298805237,1.0,0.88
80666,0.9816904067993164,0.9796305298805237,1.0,0.88
80766,0.9816904067993164,0.9796305298805237,1.0,0.88
80866,0.9816904067993164,0.9796305298805237,1.0,0.88
80966,0.9816904067993164,0.9796305298805237,1.0,0.88
81066,0.9816904067993164,0.9796305298805237,1.0,0.88
81166,0.9816904067993164,0.9796305298805237,1.0,0.88
81266,0.9816904067993164,0.9796305298805237,1.0,0.88
81366,0.9816904067993164,0.9796305298805237,1.0,0.88
81466,0.9816904067993164,0.9796305298805237,1.0,0.88
81566,0.9816904067993164,0.9796305298805237,1.0,0.88
81666,0.9816904067993164,0.9796305298805237,1.0,0.88
81766,0.9816904067993164,0.9796305298805237,1.0,0.88
81866,0.9816904067993164,0.9796305298805237,1.0,0.88
81966,0.9816904067993164,0.9796305298805237,1.0,0.88
82066,0.9816904067993164,0.9796305298805237,1.0,0.88
82166,0.9816904067993164,0.9796305298805237,1.0,0.88
82266,0.9816904067993164,0.9796305298805237,1.0,0.88
82366,0.9816904067993164,0.9796305298805237,1.0,0.88
82466,0.9816904067993164,0.9796305298805237,1.0,0.88
82566,0.9816904067993164,0.9796305298805237,1.0,0.88
82666,0.9816904067993164,0.9796305298805237,1.0,0.88
82766,0.9816904067993164,0.9796305298805237,1.0,0.88
82866,0.9816904067993164,0.9796305298805237,1.0,0.88
82966,0.9816904067993164,0.9796305298805237,1.0,0.88
83066,0.9816904067993164,0.9796305298805237,1.0,0.88
83166,0.9816904067993164,0.9796305298805237,1.0,0.88
83266,0.9816904067993164,0.9796305298805237,1.0,0.88
83366,0.9816904067993164,0.9796305298805237,1.0,0.88
83466,0.9816904067993164,0.9796305298805237,1.0,0.88
83566,0.9816904067993164,0.9796305298805237,1.0,0.88
83666,0.9816904067993164,0.9796305298805237,1.0,0.88
83766,0.9816904067993164,0.9796305298805237,1.0,0.88
83866,0.9816904067993164,0.9796305298805237,1.0,0.88
83966,0.9816904067993164,0.9796305298805237,1.0,0.88
84066,0.9816904067993164,0.9796305298805237,1.0,0.88
84166,0.9816904067993164,0.9796305298805237,1.0,0.88
84266,0.9816904067993164,0.9796305298805237,1.0,0.88
84366,0.9816904067993164,0.9796305298805237,1.0,0.88
84466,0.9816904067993164,0.9796305298805237,1.0,0.88
84566,0.9816904067993164,0.9796305298805237,1.0,0.88
84666,0.9816904067993164,0.9796305298805237,1.0,0.88
84766,0.9816904067993164,0.9796305298805237,1.0,0.88
84866,0.9816904067993164,0.9796305298805237,1.0,0.88
84966,0.9816904067993164,0.9796305298805237,1.0,0.88
85066,0.9816904067993164,0.9796305298805237,1.0,0.88
85166,0.9816904067993164,0.9796305298805237,1.0,0.88
85266,0.9816904067993164,0.9796305298805237,1.0,0.88
85366,0.9816904067993164,0.9796305298805237,1.0,0.88
85466,0.9816904067993164,0.9796305298805237,1.0,0.88
85566,0.9816904067993164,0.9796305298805237,1.0,0.88
85666,0.9816904067993164,0.9796305298805237,1.0,0.88
85766,0.9816904067993164,0.9796305298805237,1.0,0.88
85866,0.9816904067993164,0.9796305298805237,1.0,0.88
85966,0.9816904067993164,0.9796305298805237,1.0,0.88
86066,0.9816904067993164,0.9796305298805237,1.0,0.88
86166,0.9816904067993164,0.9796305298805237,1.0,0.88
86266,0.9816904067993164,0.9796305298805237,1.0,0.88
86366,0.9816904067993164,0.9796305298805237,1.0,0.88
86466,0.9816904067993164,0.9796305298805237,1.0,0.88
86566,0.9816904067993164,0.9796305298805237,1.0,0.88
86666,0.9816904067993164,0.9796305298805237,1.0,0.88
86766,0.9816904067993164,0.9796305298805237,1.0,0.88
86866,0.9816904067993164,0.9796305298805237,1.0,0.88
86966,0.9816904067993164,0.9796305298805237,1.0,0.88
87066,0.9816904067993164,0.9796305298805237,1.0,0.88
87166,0.9816904067993164,0.9796305298805237,1.0,0.88
87266,0.9816904067993164,0.9796305298805237,1.0,0.88
87366,0.9816904067993164,0.9796305298805237,1.0,0.88
87466,0.9816904067993164,0.9796305298805237,1.0,0.88
87566,0.9816904067993164,0.9796305298805237,1.0,0.88
87666,0.9816904067993164,0.9796305298805237,1.0,0.88
87766,0.9816904067993164,0.9796305298805237,1.0,0.88
87866,0.9816904067993164,0.9796305298805237,1.0,0.88
87966,0.9816904067993164,0.9796305298805237,1.0,0.88
88066,0.9816904067993164,0.9796305298805237,1.0,0.88
88166,0.9816904067993164,0.9796305298805237,1.0,0.88
88266,0.9816904067993164,0.9796305298805237,1.0,0.88
88366,0.9816904067993164,0.9796305298805237,1.0,0.88
88466,0.9816904067993164,0.9796305298805237,1.0,0.88
88566,0.9816904067993164,0.9796305298805237,1.0,0.88
88666,0.9816904067993164,0.9796305298805237,1.0,0.88
88766,0.9816904067993164,0.9796305298805237,1.0,0.88
88866,0.9816904067993164,0.9796305298805237,1.0,0.88
88966,0.9816904067993164,0.9796305298805237,1.0,0.88
89066,0.9816904067993164,0.9796305298805237,1.0,0.88
89166,0.9816904067993164,0.9796305298805237,1.0,0.88
89266,0.9816904067993164,0.9796305298805237,1.0,0.88
89366,0.9816904067993164,0.9796305298805237,1.0,0.88
89466,0.9816904067993164,0.9796305298805237,1.0,0.88
89566,0.9816904067993164,0.9796305298805237,1.0,0.88
89666,0.9816904067993164,0.9796305298805237,1.0,0.88
89766,0.9816904067993164,0.9796305298805237,1.0,0.88
89866,0.9816904067993164,0.9796305298805237,1.0,0.88
89966,0.9816904067993164,0.9796305298805237,1.0,0.88
90066,0.9816904067993164,0.9796305298805237,1.0,0.88
90166,0.9816904067993164,0.9796305298805237,1.0,0.88
90266,0.9816904067993164,0.9796305298805237,1.0,0.88
90366,0.9816904067993164,0.9796305298805237,1.0,0.88
90466,0.9816904067993164,0.9796305298805237,1.0,0.88
90566,0.9816904067993164,0.9796305298805237,1.0,0.88
90666,0.9816904067993164,0.9796305298805237,1.0,0.88
90766,0.9816904067993164,0.9796305298805237,1.0,0.88
90866,0.9816904067993164,0.9796305298805237,1.0,0.88
90966,0.9816904067993164,0.9796305298805237,1.0,0.88
91066,0.9816904067993164,0.9796305298805237,1.0,0.88
91166,0.9816904067993164,0.9796305298805237,1.0,0.88
91266,0.9816904067993164,0.9796305298805237,1.0,0.88
91366,0.9816904067993164,0.9796305298805237,1.0,0.88
91466,0.9816904067993164,0.9796305298805237,1.0,0.88
91566,0.9816904067993164,0.9796305298805237,1.0,0.88
91666,0.9816904067993164,0.9796305298805237,1.0,0.88
91766,0.9816904067993164,0.9796305298805237,1.0,0.88
91866,0.9816904067993164,0.9796305298805237,1.0,0.88
91966,0.9816904067993164,0.9796305298805237,1.0,0.88
92066,0.9816904067993164,0.9796305298805237,1.0,0.88
92166,0.9816904067993164,0.9796305298805237,1.0,0.88
92266,0.9816904067993164,0.9796305298805237,1.0,0.88
92366,0.9816904067993164,0.9796305298805237,1.0,0.88
92466,0.9816904067993164,0.9796305298805237,1.0,0.88
92566,0.9816904067993164,0.9796305298805237,1.0,0.88
92666,0.9816904067993164,0.9796305298805237,1.0,0.88
92766,0.9816904067993164,0.9796305298805237,1.0,0.88
92866,0.9816904067993164,0.9796305298805237,1.0,0.88
92966,0.9816904067993164,0.9796305298805237,1.0,0.88
93066,0.9816904067993164,0.9796305298805237,1.0,0.88
93166,0.9816904067993164,0.9796305298805237,1.0,0.88
93266,0.9816904067993164,0.9796305298805237,1.0,0.88
93366,0.9816904067993164,0.9796305298805237,1.0,0.88
93466,0.9816904067993164,0.9796305298805237,1.0,0.88
93566,0.9816904067993164,0.9796305298805237,1.0,0.88
93666,0.9816904067993164,0.9796305298805237,1.0,0.88
93766,0.9816904067993164,0.9796305298805237,1.0,0.88
93866,0.9816904067993164,0.9796305298805237,1.0,0.88
93966,0.9816904067993164,0.9796305298805237,1.0,0.88
94066,0.9816904067993164,0.9796305298805237,1.0,0.88
94166,0.9816904067993164,0.9796305298805237,1.0,0.88
94266,0.9816904067993164,0.9796305298805237,1.0,0.88
94366,0.9816904067993164,0.9796305298805237,1.0,0.88
94466,0.9816904067993164,0.9796305298805237,1.0,0.88
94566,0.9816904067993164,0.9796305298805237,1.0,0.88
94666,0.9816904067993164,0.9796305298805237,1.0,0.88
94766,0.9816904067993164,0.9796184301376343,1.0,0.83
94866,0.9816904067993164,0.9796184301376343,1.0,0.83
94966,0.9816904067993164,0.9796184301376343,1.0,0.83
95066,0.9816904067993164,0.9796184301376343,1.0,0.83
95166,0.9816904067993164,0.9796184301376343,1.0,0.83
95266,0.9816904067993164,0.9796184301376343,1.0,0.83
95366,0.9816904067993164,0.9796184301376343,1.0,0.83
95466,0.9816904067993164,0.9796184301376343,1.0,0.83
95566,0.9816904067993164,0.9796184301376343,1.0,0.83
95666,0.9816904067993164,0.9796184301376343,1.0,0.83
95766,0.9816904067993164,0.9796184301376343,1.0,0.83
95866,0.9816904067993164,0.9796184301376343,1.0,0.83
95966,0.9816904067993164,0.9796184301376343,1.0,0.83
96066,0.9816904067993164,0.9796184301376343,1.0,0.83
96166,0.9816904067993164,0.9796184301376343,1.0,0.83
96266,0.9816904067993164,0.9796184301376343,1.0,0.83
96366,0.9816904067993164,0.9796184301376343,1.0,0.83
96466,0.9816904067993164,0.9796184301376343,1.0,0.83
96566,0.9816904067993164,0.9796184301376343,1.0,0.83
96666,0.9816904067993164,0.9796184301376343,1.0,0.83
96766,0.9816904067993164,0.9796184301376343,1.0,0.83
96866,0.9816904067993164,0.9796184301376343,1.0,0.83
96966,0.9816904067993164,0.9796184301376343,1.0,0.83
97066,0.9816904067993164,0.9796184301376343,1.0,0.83
97166,0.9816904067993164,0.9796184301376343,1.0,0.83
97266,0.9816904067993164,0.9796184301376343,1.0,0.83
97366,0.9816904067993164,0.9796184301376343,1.0,0.83
97466,0.9816904067993164,0.9796184301376343,1.0,0.83
97566,0.9816904067993164,0.9796184301376343,1.0,0.83
97666,0.9816904067993164,0.9796184301376343,1.0,0.83
97766,0.9816904067993164,0.9796184301376343,1.0,0.83
97866,0.9816904067993164,0.9796184301376343,1.0,0.83
97966,0.9816904067993164,0.9796184301376343,1.0,0.83
98066,0.9816904067993164,0.9796184301376343,1.0,0.83
98166,0.9816904067993164,0.9796184301376343,1.0,0.83
98266,0.9816904067993164,0.9796184301376343,1.0,0.83
98366,0.9816904067993164,0.9796184301376343,1.0,0.83
98466,0.9816904067993164,0.9796184301376343,1.0,0.83
98566,0.9816904067993164,0.9796184301376343,1.0,0.83
98666,0.9816904067993164,0.9796184301376343,1.0,0.83
98766,0.9816904067993164,0.9796184301376343,1.0,0.83
98866,0.9816904067993164,0.9796184301376343,1.0,0.83
98966,0.9816904067993164,0.9796184301376343,1.0,0.83
99066,0.9816904067993164,0.9796184301376343,1.0,0.83
99166,0.9816904067993164,0.9796184301376343,1.0,0.83
99266,0.9816904067993164,0.9796184301376343,1.0,0.83
99366,0.9816904067993164,0.9796184301376343,1.0,0.83
99466,0.9816904067993164,0.9796184301376343,1.0,0.83
99566,0.9816904067993164,0.9796184301376343,1.0,0.83
99666,0.9816904067993164,0.9796184301376343,1.0,0.83
99766,0.9816904067993164,0.9796184301376343,1.0,0.83
99866,0.9816904067993164,0.9796184301376343,1.0,0.83
99966,0.9816904067993164,0.9796184301376343,1.0,0.83
100066,0.9816904067993164,0.9796184301376343,1.0,0.83
100166,0.9816904067993164,0.9796184301376343,1.0,0.83
100266,0.9816904067993164,0.9796184301376343,1.0,0.83
100366,0.9816904067993164,0.9796184301376343,1.0,0.83
100466,0.9816904067993164,0.9796184301376343,1.0,0.83
100566,0.9816904067993164,0.9796184301376343,1.0,0.83
100666,0.9816904067993164,0.9796184301376343,1.0,0.83
100766,0.9816904067993164,0.9796184301376343,1.0,0.83
100866,0.9816904067993164,0.9796184301376343,1.0,0.83
100966,0.9816904067993164,0.9796184301376343,1.0,0.83
101066,0.9816904067993164,0.9796184301376343,1.0,0.83
101166,0.9816904067993164,0.9796184301376343,1.0,0.83
101266,0.9816904067993164,0.9796184301376343,1.0,0.83
101366,0.9816904067993164,0.9796184301376343,1.0,0.83
101466,0.9816904067993164,0.9796184301376343,1.0,0.83
101566,0.9816904067993164,0.9796184301376343,1.0,0.83
101666,0.9816904067993164,0.9796184301376343,1.0,0.83
101766,0.9816904067993164,0.9796184301376343,1.0,0.83
101866,0.9816904067993164,0.9796184301376343,1.0,0.83
101966,0.9816904067993164,0.9796184301376343,1.0,0.83
102066,0.9816904067993164,0.9796184301376343,1.0,0.83
102166,0.9816904067993164,0.9796184301376343,1.0,0.83
102266,0.9816904067993164,0.9796184301376343,1.0,0.83
102366,0.9816904067993164,0.9796184301376343,1.0,0.83
102466,0.9816904067993164,0.9796184301376343,1.0,0.83
102566,0.9816904067993164,0.9796184301376343,1.0,0.83
102666,0.9816904067993164,0.9796184301376343,1.0,0.83
102766,0.9816904067993164,0.9796184301376343,1.0,0.83
102866,0.9816904067993164,0.9796184301376343,1.0,0.83
102966,0.9816904067993164,0.9796184301376343,1.0,0.83
103066,0.9816904067993164,0.9796184301376343,1.0,0.83
103166,0.9816904067993164,0.9796184301376343,1.0,0.83
103266,0.9816904067993164,0.9796184301376343,1.0,0.83
103366,0.9816904067993164,0.9796184301376343,1.0,0.83
103466,0.9816904067993164,0.9796184301376343,1.0,0.83
103566,0.9816904067993164,0.9796184301376343,1.0,0.83
103666,0.9816904067993164,0.9796184301376343,1.0,0.83
103766,0.9816904067993164,0.9796184301376343,1.0,0.83
103866,0.9816904067993164,0.9796184301376343,1.0,0.83
103966,0.9816904067993164,0.9796184301376343,1.0,0.83
104066,0.9816904067993164,0.9796184301376343,1.0,0.83
104166,0.9816904067993164,0.9796184301376343,1.0,0.83
104266,0.9816904067993164,0.9796184301376343,1.0,0.83
104366,0.9816904067993164,0.9796184301376343,1.0,0.83
104466,0.9816904067993164,0.9796184301376343,1.0,0.83
104566,0.9816904067993164,0.9796184301376343,1.0,0.83
104666,0.9816904067993164,0.9796184301376343,1.0,0.83
104766,0.9816904067993164,0.9796184301376343,1.0,0.83
104866,0.9816904067993164,0.9796184301376343,1.0,0.83
104966,0.9816904067993164,0.9796184301376343,1.0,0.83
105066,0.9816904067993164,0.9796184301376343,1.0,0.83
105166,0.9816904067993164,0.9796184301376343,1.0,0.83
105266,0.9816904067993164,0.9796184301376343,1.0,0.83
105366,0.9816904067993164,0.9796184301376343,1.0,0.83
105466,0.9816904067993164,0.9796184301376343,1.0,0.83
105566,0.9816904067993164,0.9796184301376343,1.0,0.83
105666,0.9816904067993164,0.9796184301376343,1.0,0.83
105766,0.9816904067993164,0.9796184301376343,1.0,0.83
105866,0.9816904067993164,0.9796184301376343,1.0,0.83
105966,0.9816904067993164,0.9796184301376343,1.0,0.83
106066,0.9816904067993164,0.9796184301376343,1.0,0.83
106166,0.9816904067993164,0.9796184301376343,1.0,0.83
106266,0.9816904067993164,0.9796184301376343,1.0,0.83
106366,0.9816904067993164,0.9796184301376343,1.0,0.83
106466,0.9816904067993164,0.9796184301376343,1.0,0.83
106566,0.9816904067993164,0.9796184301376343,1.0,0.83
106666,0.9816904067993164,0.9796184301376343,1.0,0.83
106766,0.9816904067993164,0.9796184301376343,1.0,0.83
106866,0.9816904067993164,0.9796184301376343,1.0,0.83
106966,0.9816904067993164,0.9796184301376343,1.0,0.83
107066,0.9816904067993164,0.9796184301376343,1.0,0.83
107166,0.9816904067993164,0.9796184301376343,1.0,0.83
107266,0.9816904067993164,0.9796184301376343,1.0,0.83
107366,0.9816904067993164,0.9796184301376343,1.0,0.83
107466,0.9816904067993164,0.9796184301376343,1.0,0.83
107566,0.9816904067993164,0.9796184301376343,1.0,0.83
107666,0.9816904067993164,0.9796184301376343,1.0,0.83
107766,0.9816904067993164,0.9796184301376343,1.0,0.83
107866,0.9816904067993164,0.9796184301376343,1.0,0.83
107966,0.9816904067993164,0.9796184301376343,1.0,0.83
108066,0.9816904067993164,0.9796184301376343,1.0,0.83
108166,0.9816904067993164,0.9796184301376343,1.0,0.83
108266,0.9816904067993164,0.9796184301376343,1.0,0.83
108366,0.9816904067993164,0.9796184301376343,1.0,0.83
108466,0.9816904067993164,0.9796184301376343,1.0,0.83
108566,0.9816904067993164,0.9796184301376343,1.0,0.83
108666,0.9816904067993164,0.9796184301376343,1.0,0.83
108766,0.9816904067993164,0.9796184301376343,1.0,0.83
108866,0.9816904067993164,0.9796184301376343,1.0,0.83
108966,0.9816904067993164,0.9796184301376343,1.0,0.83
109066,0.9816904067993164,0.9796184301376343,1.0,0.83
109166,0.9816904067993164,0.9796184301376343,1.0,0.83
109266,0.9816904067993164,0.9796184301376343,1.0,0.83
109366,0.9816904067993164,0.9796184301376343,1.0,0.83
109466,0.9816904067993164,0.9796184301376343,1.0,0.83
109566,0.9816904067993164,0.9796184301376343,1.0,0.83
109666,0.9816904067993164,0.9796184301376343,1.0,0.83
109766,0.9816904067993164,0.9796184301376343,1.0,0.83
109866,0.9816904067993164,0.9796184301376343,1.0,0.83
109966,0.9816904067993164,0.9796184301376343,1.0,0.83
110066,0.9816904067993164,0.9796184301376343,1.0,0.83
110166,0.9816904067993164,0.9796184301376343,1.0,0.83
110266,0.9816904067993164,0.9796184301376343,1.0,0.83
110366,0.9816904067993164,0.9796184301376343,1.0,0.83
110466,0.9816904067993164,0.9796184301376343,1.0,0.83
110566,0.9816904067993164,0.9796184301376343,1.0,0.83
110666,0.9816904067993164,0.9796184301376343,1.0,0.83
110766,0.9816904067993164,0.9796184301376343,1.0,0.83
110866,0.9816904067993164,0.9796184301376343,1.0,0.83
110966,0.9816904067993164,0.9796184301376343,1.0,0.83
111066,0.9816904067993164,0.9796184301376343,1.0,0.83
111166,0.9816904067993164,0.9796184301376343,1.0,0.83
111266,0.9816904067993164,0.9796184301376343,1.0,0.83
111366,0.9816904067993164,0.9796184301376343,1.0,0.83
111466,0.9816904067993164,0.9796184301376343,1.0,0.83
111566,0.9816904067993164,0.9796184301376343,1.0,0.83
111666,0.9816904067993164,0.9796184301376343,1.0,0.83
111766,0.9816904067993164,0.9796184301376343,1.0,0.83
111866,0.9816904067993164,0.9796184301376343,1.0,0.83
111966,0.9816904067993164,0.9796184301376343,1.0,0.83
112066,0.9816904067993164,0.9796184301376343,1.0,0.83
112166,0.9816904067993164,0.9796184301376343,1.0,0.83
112266,0.9816904067993164,0.9796184301376343,1.0,0.83
112366,0.9816904067993164,0.9796184301376343,1.0,0.83
112466,0.9816904067993164,0.9796184301376343,1.0,0.83
112566,0.9816904067993164,0.9796184301376343,1.0,0.83
112666,0.9816904067993164,0.9796184301376343,1.0,0.83
112766,0.9816904067993164,0.9796184301376343,1.0,0.83
112866,0.9816904067993164,0.9796184301376343,1.0,0.83
112966,0.9816904067993164,0.9796184301376343,1.0,0.83
113066,0.9816904067993164,0.9796184301376343,1.0,0.83
113166,0.9816904067993164,0.9796184301376343,1.0,0.83
113266,0.9816904067993164,0.9796184301376343,1.0,0.83
113366,0.9816904067993164,0.9796184301376343,1.0,0.83
113466,0.9816904067993164,0.9796184301376343,1.0,0.83
113566,0.9816904067993164,0.9796184301376343,1.0,0.83
113666,0.9816904067993164,0.9796184301376343,1.0,0.83
113766,0.9816904067993164,0.9796184301376343,1.0,0.83
113866,0.9816904067993164,0.9796184301376343,1.0,0.83
113966,0.9816904067993164,0.9796184301376343,1.0,0.83
114066,0.9816904067993164,0.9796184301376343,1.0,0.83
114166,0.9816904067993164,0.9796184301376343,1.0,0.83
114266,0.9816904067993164,0.9796184301376343,1.0,0.83
114366,0.9816904067993164,0.9796184301376343,1.0,0.83
114466,0.9816904067993164,0.9796184301376343,1.0,0.83
114566,0.9816904067993164,0.9796184301376343,1.0,0.83
114666,0.9816904067993164,0.9796184301376343,1.0,0.83
114766,0.9816904067993164,0.9796184301376343,1.0,0.83
114866,0.9816904067993164,0.9796184301376343,1.0,0.83
114966,0.9816904067993164,0.9796184301376343,1.0,0.83
115066,0.9816904067993164,0.9796184301376343,1.0,0.83
115166,0.9816904067993164,0.9796184301376343,1.0,0.83
115266,0.9816904067993164,0.9796184301376343,1.0,0.83
115366,0.9816904067993164,0.9796184301376343,1.0,0.83
115466,0.9816904067993164,0.9796184301376343,1.0,0.83
115566,0.9816904067993164,0.9796184301376343,1.0,0.83
115666,0.9816904067993164,0.9796184301376343,1.0,0.83
115766,0.9816904067993164,0.9796184301376343,1.0,0.83
115866,0.9816904067993164,0.9796184301376343,1.0,0.83
115966,0.9816904067993164,0.9796184301376343,1.0,0.83
116066,0.9816904067993164,0.9796184301376343,1.0,0.83
116166,0.9816904067993164,0.9796184301376343,1.0,0.83
116266,0.9816904067993164,0.9796184301376343,1.0,0.83
116366,0.9816904067993164,0.9796184301376343,1.0,0.83
116466,0.9816904067993164,0.9796184301376343,1.0,0.83
116566,0.9816904067993164,0.9796184301376343,1.0,0.83
116666,0.9816904067993164,0.9796184301376343,1.0,0.83
116766,0.9816904067993164,0.9796184301376343,1.0,0.83
116866,0.9816904067993164,0.9796184301376343,1.0,0.83
116966,0.9816904067993164,0.9796184301376343,1.0,0.83
117066,0.9816904067993164,0.9796184301376343,1.0,0.83
117166,0.9816904067993164,0.9796184301376343,1.0,0.83
117266,0.9816904067993164,0.9796184301376343,1.0,0.83
117366,0.9816904067993164,0.9796184301376343,1.0,0.83
117466,0.9816904067993164,0.9796184301376343,1.0,0.83
117566,0.9816904067993164,0.9796184301376343,1.0,0.83
117666,0.9816904067993164,0.9796184301376343,1.0,0.83
117766,0.9816904067993164,0.9796184301376343,1.0,0.83
117866,0.9816904067993164,0.9796184301376343,1.0,0.83
117966,0.9816904067993164,0.9796184301376343,1.0,0.83
118066,0.9816904067993164,0.9796184301376343,1.0,0.83
118166,0.9816904067993164,0.9796184301376343,1.0,0.83
118266,0.9816904067993164,0.9796184301376343,1.0,0.83
118366,0.9816904067993164,0.9796184301376343,1.0,0.83
118466,0.9816904067993164,0.9796184301376343,1.0,0.83
118566,0.9816904067993164,0.9796184301376343,1.0,0.83
118666,0.9816904067993164,0.9796184301376343,1.0,0.83
118766,0.9816904067993164,0.9796184301376343,1.0,0.83
118866,0.9816904067993164,0.9796184301376343,1.0,0.83
118966,0.9816904067993164,0.9796184301376343,1.0,0.83
119066,0.9816904067993164,0.9796184301376343,1.0,0.83
119166,0.9816904067993164,0.9796184301376343,1.0,0.83
119266,0.9816904067993164,0.9796184301376343,1.0,0.83
119366,0.9816904067993164,0.9796184301376343,1.0,0.83
119466,0.9816904067993164,0.9796184301376343,1.0,0.83
119566,0.9816904067993164,0.9796184301376343,1.0,0.83
119666,0.9816904067993164,0.9796184301376343,1.0,0.83
119766,0.9816904067993164,0.9796184301376343,1.0,0.83
119866,0.9816904067993164,0.9796184301376343,1.0,0.83
119966,0.9816904067993164,0.9796184301376343,1.0,0.83
120066,0.9816904067993164,0.9796184301376343,1.0,0.83
120166,0.9816904067993164,0.9796184301376343,1.0,0.83
120266,0.9816904067993164,0.9796184301376343,1.0,0.83
120366,0.9816904067993164,0.9796184301376343,1.0,0.83
120466,0.9816904067993164,0.9796184301376343,1.0,0.83
120566,0.9816904067993164,0.9796184301376343,1.0,0.83
120666,0.9816904067993164,0.9796184301376343,1.0,0.83
120766,0.9816904067993164,0.9796184301376343,1.0,0.83
120866,0.9816904067993164,0.9796184301376343,1.0,0.83
120966,0.9816904067993164,0.9796184301376343,1.0,0.83
121066,0.9816904067993164,0.9796184301376343,1.0,0.83
121166,0.9816904067993164,0.9796184301376343,1.0,0.83
121266,0.9816904067993164,0.9796184301376343,1.0,0.83
121366,0.9816904067993164,0.9796184301376343,1.0,0.83
121466,0.9816904067993164,0.9796184301376343,1.0,0.83
121566,0.9816904067993164,0.9796184301376343,1.0,0.83
121666,0.9816904067993164,0.9796184301376343,1.0,0.83
121766,0.9816904067993164,0.9796184301376343,1.0,0.83
121866,0.9816904067993164,0.9796184301376343,1.0,0.83
121966,0.9816904067993164,0.9796184301376343,1.0,0.83
122066,0.9816904067993164,0.9796184301376343,1.0,0.83
122166,0.9816904067993164,0.9796184301376343,1.0,0.83
122266,0.9816904067993164,0.9796184301376343,1.0,0.83
122366,0.9816904067993164,0.9796184301376343,1.0,0.83
122466,0.9816904067993164,0.9796184301376343,1.0,0.83
122566,0.9816904067993164,0.9796184301376343,1.0,0.83
122666,0.9816904067993164,0.9796184301376343,1.0,0.83
122766,0.9816904067993164,0.9796184301376343,1.0,0.83
122866,0.9816904067993164,0.9796184301376343,1.0,0.83
122966,0.9816904067993164,0.9796184301376343,1.0,0.83
123066,0.9816904067993164,0.9796184301376343,1.0,0.83
123166,0.9816904067993164,0.9796184301376343,1.0,0.83
123266,0.9816904067993164,0.9796184301376343,1.0,0.83
123366,0.9816904067993164,0.9796184301376343,1.0,0.83
123466,0.9816904067993164,0.9796184301376343,1.0,0.83
123566,0.9816904067993164,0.9796184301376343,1.0,0.83
123666,0.9816904067993164,0.9796184301376343,1.0,0.83
123766,0.9816904067993164,0.9796184301376343,1.0,0.83
123866,0.9816904067993164,0.9796184301376343,1.0,0.83
123966,0.9816904067993164,0.9796184301376343,1.0,0.83
124066,0.9816904067993164,0.9796184301376343,1.0,0.83
124166,0.9816904067993164,0.9796184301376343,1.0,0.83
124266,0.9816904067993164,0.9796184301376343,1.0,0.83
124366,0.9816904067993164,0.9796184301376343,1.0,0.83
124466,0.9816904067993164,0.9796184301376343,1.0,0.83
124566,0.9816904067993164,0.9796184301376343,1.0,0.83
124666,0.9816904067993164,0.9796184301376343,1.0,0.83
125509,0.9816904067993164,0.9796305298805237,0.99,0.84
125609,0.9816904067993164,0.9796305298805237,1.0,0.84
125709,0.9816904067993164,0.9796305298805237,1.0,0.84
125809,0.9816904067993164,0.9796305298805237,1.0,0.84
125909,0.9816904067993164,0.9796305298805237,1.0,0.84
126009,0.9816904067993164,0.9796305298805237,1.0,0.84
126109,0.9816904067993164,0.9796305298805237,1.0,0.84
126209,0.9816904067993164,0.9796305298805237,1.0,0.84
126309,0.9816904067993164,0.9796305298805237,1.0,0.84
126409,0.9816904067993164,0.9796305298805237,1.0,0.84
126509,0.9816904067993164,0.9796305298805237,1.0,0.84
126609,0.9816904067993164,0.9796305298805237,1.0,0.84
126709,0.9816904067993164,0.9796305298805237,1.0,0.84
126809,0.9816904067993164,0.9796305298805237,1.0,0.84
126909,0.9816904067993164,0.9796305298805237,1.0,0.84
127009,0.9816904067993164,0.9796305298805237,1.0,0.84
127109,0.9816904067993164,0.9796305298805237,1.0,0.84
127209,0.9816904067993164,0.9796305298805237,1.0,0.84
127309,0.9816904067993164,0.9796305298805237,1.0,0.84
127409,0.9816904067993164,0.9796305298805237,1.0,0.84
127509,0.9816904067993164,0.9796305298805237,1.0,0.84
127609,0.9816904067993164,0.9796305298805237,1.0,0.84
127709,0.9816904067993164,0.9796305298805237,1.0,0.84
127809,0.9816904067993164,0.9796305298805237,1.0,0.84
127909,0.9816904067993164,0.9796305298805237,1.0,0.84
128009,0.9816904067993164,0.9796305298805237,1.0,0.84
128109,0.9816904067993164,0.9796305298805237,1.0,0.84
128209,0.9816904067993164,0.9796305298805237,1.0,0.84
128309,0.9816904067993164,0.9796305298805237,1.0,0.84
128409,0.9816904067993164,0.9796305298805237,1.0,0.84
128509,0.9816904067993164,0.9796305298805237,1.0,0.84
128609,0.9816904067993164,0.9796305298805237,1.0,0.84
128709,0.9816904067993164,0.9796305298805237,1.0,0.84
128809,0.9816904067993164,0.9796305298805237,1.0,0.84
128909,0.9816904067993164,0.9796305298805237,1.0,0.84
129009,0.9816904067993164,0.9796305298805237,1.0,0.84
129109,0.9816904067993164,0.9796305298805237,1.0,0.84
129209,0.9816904067993164,0.9796305298805237,1.0,0.84
129309,0.9816904067993164,0.9796305298805237,1.0,0.84
129409,0.9816904067993164,0.9796305298805237,1.0,0.84
129509,0.9816904067993164,0.9796305298805237,1.0,0.84
129609,0.9816904067993164,0.9796305298805237,1.0,0.84
129709,0.9816904067993164,0.9796305298805237,1.0,0.84
129809,0.9816904067993164,0.9796305298805237,1.0,0.84
129909,0.9816904067993164,0.9796305298805237,1.0,0.84
130009,0.9816904067993164,0.9796305298805237,1.0,0.84
130109,0.9816904067993164,0.9796305298805237,1.0,0.84
130209,0.9816904067993164,0.9796305298805237,1.0,0.84
130309,0.9816904067993164,0.9796305298805237,1.0,0.84
130409,0.9816904067993164,0.9796305298805237,1.0,0.84
130509,0.9816904067993164,0.9796305298805237,1.0,0.84
130609,0.9816904067993164,0.9796305298805237,1.0,0.84
130709,0.9816904067993164,0.9796305298805237,1.0,0.84
130809,0.9816904067993164,0.9796305298805237,1.0,0.84
130909,0.9816904067993164,0.9796305298805237,1.0,0.84
131009,0.9816904067993164,0.9796305298805237,1.0,0.84
131109,0.9816904067993164,0.9796305298805237,1.0,0.84
131209,0.9816904067993164,0.9796305298805237,1.0,0.84
131309,0.9816904067993164,0.9796305298805237,1.0,0.84
131409,0.9816904067993164,0.9796305298805237,1.0,0.84
131509,0.9816904067993164,0.9796305298805237,1.0,0.84
131609,0.9816904067993164,0.9796305298805237,1.0,0.84
131709,0.9816904067993164,0.9796305298805237,1.0,0.84
131809,0.9816904067993164,0.9796305298805237,1.0,0.84
131909,0.9816904067993164,0.9796305298805237,1.0,0.84
132009,0.9816904067993164,0.9796305298805237,1.0,0.84
132109,0.9816904067993164,0.9796305298805237,1.0,0.84
132209,0.9816904067993164,0.9796305298805237,1.0,0.84
132309,0.9816904067993164,0.9796305298805237,1.0,0.84
132409,0.9816904067993164,0.9796305298805237,1.0,0.84
132509,0.9816904067993164,0.9796305298805237,1.0,0.84
132609,0.9816904067993164,0.9796305298805237,1.0,0.84
132709,0.9816904067993164,0.9796305298805237,1.0,0.84
132809,0.9816904067993164,0.9796305298805237,1.0,0.84
132909,0.9816904067993164,0.9796305298805237,1.0,0.84
133009,0.9816904067993164,0.9796305298805237,1.0,0.84
133109,0.9816904067993164,0.9796305298805237,1.0,0.84
133209,0.9816904067993164,0.9796305298805237,1.0,0.84
133309,0.9816904067993164,0.9796305298805237,1.0,0.84
133409,0.9816904067993164,0.9796305298805237,1.0,0.84
133509,0.9816904067993164,0.9796305298805237,1.0,0.84
133609,0.9816904067993164,0.9796305298805237,1.0,0.84
133709,0.9816904067993164,0.9796305298805237,1.0,0.84
133809,0.9816904067993164,0.9796305298805237,1.0,0.84
133909,0.9816904067993164,0.9796305298805237,1.0,0.84
134009,0.9816904067993164,0.9796305298805237,1.0,0.84
134109,0.9816904067993164,0.9796305298805237,1.0,0.84
134209,0.9816904067993164,0.9796305298805237,1.0,0.84
134309,0.9816904067993164,0.9796305298805237,1.0,0.84
134409,0.9816904067993164,0.9796305298805237,1.0,0.84
134509,0.9816904067993164,0.9796305298805237,1.0,0.84
134609,0.9816904067993164,0.9796305298805237,1.0,0.84
134709,0.9816904067993164,0.9796305298805237,1.0,0.84
134809,0.9816904067993164,0.9796305298805237,1.0,0.84
134909,0.9816904067993164,0.9796305298805237,1.0,0.84
135009,0.9816904067993164,0.9796305298805237,1.0,0.84
135109,0.9816904067993164,0.9796305298805237,1.0,0.84
135209,0.9816904067993164,0.9796305298805237,1.0,0.84
135309,0.9816904067993164,0.9796305298805237,1.0,0.84
135409,0.9816904067993164,0.9796305298805237,1.0,0.84
135509,0.9816904067993164,0.9796305298805237,1.0,0.84
135609,0.9816904067993164,0.9796305298805237,1.0,0.84
135709,0.9816904067993164,0.9796305298805237,1.0,0.84
135809,0.9816904067993164,0.9796305298805237,1.0,0.84
135909,0.9816904067993164,0.9796305298805237,1.0,0.84
136009,0.9816904067993164,0.9796305298805237,1.0,0.84
136109,0.9816904067993164,0.9796305298805237,1.0,0.84
136209,0.9816904067993164,0.9796305298805237,1.0,0.84
136309,0.9816904067993164,0.9796305298805237,1.0,0.84
136409,0.9816904067993164,0.9796305298805237,1.0,0.84
136509,0.9816904067993164,0.9796305298805237,1.0,0.84
136609,0.9816904067993164,0.9796305298805237,1.0,0.84
136709,0.9816904067993164,0.9796305298805237,1.0,0.84
136809,0.9816904067993164,0.9796305298805237,1.0,0.84
136909,0.9816904067993164,0.9796305298805237,1.0,0.84
137009,0.9816904067993164,0.9796305298805237,1.0,0.84
137109,0.9816904067993164,0.9796305298805237,1.0,0.84
137209,0.9816904067993164,0.9796305298805237,1.0,0.84
137309,0.9816904067993164,0.9796305298805237,1.0,0.84
137409,0.9816904067993164,0.9796305298805237,1.0,0.84
137509,0.9816904067993164,0.9796305298805237,1.0,0.84
137609,0.9816904067993164,0.9796305298805237,1.0,0.84
137709,0.9816904067993164,0.9796305298805237,1.0,0.84
137809,0.9816904067993164,0.9796305298805237,1.0,0.84
137909,0.9816904067993164,0.9796305298805237,1.0,0.84
138009,0.9816904067993164,0.9796305298805237,1.0,0.84
138109,0.9816904067993164,0.9796305298805237,1.0,0.84
138209,0.9816904067993164,0.9796305298805237,1.0,0.84
138309,0.9816904067993164,0.9796305298805237,1.0,0.84
138409,0.9816904067993164,0.9796305298805237,1.0,0.84
138509,0.9816904067993164,0.9796305298805237,1.0,0.84
138609,0.9816904067993164,0.9796305298805237,1.0,0.84
138709,0.9816904067993164,0.9796305298805237,1.0,0.84
138809,0.9816904067993164,0.9796305298805237,1.0,0.84
138909,0.9816904067993164,0.9796305298805237,1.0,0.84
139009,0.9816904067993164,0.9796305298805237,1.0,0.84
139109,0.9816904067993164,0.9796305298805237,1.0,0.84
139209,0.9816904067993164,0.9796305298805237,1.0,0.84
139309,0.9816904067993164,0.9796305298805237,1.0,0.84
139409,0.9816904067993164,0.9796305298805237,1.0,0.84
139509,0.9816904067993164,0.9796305298805237,1.0,0.84
139609,0.9816904067993164,0.9796305298805237,1.0,0.84
139709,0.9816904067993164,0.9796305298805237,1.0,0.84
139809,0.9816904067993164,0.9796305298805237,1.0,0.84
139909,0.9816904067993164,0.9796305298805237,1.0,0.84
140009,0.9816904067993164,0.9796305298805237,1.0,0.84
140109,0.9816904067993164,0.9796305298805237,1.0,0.84
140209,0.9816904067993164,0.9796305298805237,1.0,0.84
140309,0.9816904067993164,0.9796305298805237,1.0,0.84
140409,0.9816904067993164,0.9796305298805237,1.0,0.84
140509,0.9816904067993164,0.9796305298805237,1.0,0.84
140609,0.9816904067993164,0.9796305298805237,1.0,0.84
140709,0.9816904067993164,0.9796305298805237,1.0,0.84
140809,0.9816904067993164,0.9796305298805237,1.0,0.84
140909,0.9816904067993164,0.9796305298805237,1.0,0.84
141009,0.9816904067993164,0.9796305298805237,1.0,0.84
141109,0.9816904067993164,0.9796305298805237,1.0,0.84
141209,0.9816904067993164,0.9796305298805237,1.0,0.84
141309,0.9816904067993164,0.9796305298805237,1.0,0.84
141409,0.9816904067993164,0.9796305298805237,1.0,0.84
141509,0.9816904067993164,0.9796305298805237,1.0,0.84
141609,0.9816904067993164,0.9796305298805237,1.0,0.84
141709,0.9816904067993164,0.9796305298805237,1.0,0.84
141809,0.9816904067993164,0.9796305298805237,1.0,0.84
141909,0.9816904067993164,0.9796305298805237,1.0,0.84
142009,0.9816904067993164,0.9796305298805237,1.0,0.84
142109,0.9816904067993164,0.9796305298805237,1.0,0.84
142209,0.9816904067993164,0.9796305298805237,1.0,0.84
142309,0.9816904067993164,0.9796305298805237,1.0,0.84
142409,0.9816904067993164,0.9796305298805237,1.0,0.84
142509,0.9816904067993164,0.9796305298805237,1.0,0.84
142609,0.9816904067993164,0.9796305298805237,1.0,0.84
142709,0.9816904067993164,0.9796305298805237,1.0,0.84
142809,0.9816904067993164,0.9796305298805237,1.0,0.84
142909,0.9816904067993164,0.9796305298805237,1.0,0.84
143009,0.9816904067993164,0.9796305298805237,1.0,0.84
143109,0.9816904067993164,0.9796305298805237,1.0,0.84
143209,0.9816904067993164,0.9796305298805237,1.0,0.84
143309,0.9816904067993164,0.9796305298805237,1.0,0.84
143409,0.9816904067993164,0.9796305298805237,1.0,0.84
143509,0.9816904067993164,0.9796305298805237,1.0,0.84
143609,0.9816904067993164,0.9796305298805237,1.0,0.84
143709,0.9816904067993164,0.9796305298805237,1.0,0.84
143809,0.9816904067993164,0.9796305298805237,1.0,0.84
143909,0.9816904067993164,0.9796305298805237,1.0,0.84
144009,0.9816904067993164,0.9796305298805237,1.0,0.84
144109,0.9816904067993164,0.9796305298805237,1.0,0.84
144209,0.9816904067993164,0.9796305298805237,1.0,0.84
144309,0.9816904067993164,0.9796305298805237,1.0,0.84
144409,0.9816904067993164,0.9796305298805237,1.0,0.84
144509,0.9816904067993164,0.9796305298805237,1.0,0.84
144609,0.9816904067993164,0.9796305298805237,1.0,0.84
144709,0.9816904067993164,0.9796305298805237,1.0,0.84
144809,0.9816904067993164,0.9796305298805237,1.0,0.84
144909,0.9816904067993164,0.9796305298805237,1.0,0.84
145009,0.9816904067993164,0.9796305298805237,1.0,0.84
145109,0.9816904067993164,0.9796305298805237,1.0,0.84
145209,0.9816904067993164,0.9796305298805237,1.0,0.84
145309,0.9816904067993164,0.9796305298805237,1.0,0.84
145409,0.9816904067993164,0.9796305298805237,1.0,0.84
145509,0.9816904067993164,0.9796305298805237,1.0,0.84
145609,0.9816904067993164,0.9796305298805237,1.0,0.84
145709,0.9816904067993164,0.9796305298805237,1.0,0.84
145809,0.9816904067993164,0.9796305298805237,1.0,0.84
145909,0.9816904067993164,0.9796305298805237,1.0,0.84
146009,0.9816904067993164,0.9796305298805237,1.0,0.84
146109,0.9816904067993164,0.9796305298805237,1.0,0.84
146209,0.9816904067993164,0.9796305298805237,1.0,0.84
146309,0.9816904067993164,0.9796305298805237,1.0,0.84
146409,0.9816904067993164,0.9796305298805237,1.0,0.84
146509,0.9816904067993164,0.9796305298805237,1.0,0.84
146609,0.9816904067993164,0.9796305298805237,1.0,0.84
146709,0.9816904067993164,0.9796305298805237,1.0,0.84
146809,0.9816904067993164,0.9796305298805237,1.0,0.84
146909,0.9816904067993164,0.9796305298805237,1.0,0.84
147009,0.9816904067993164,0.9796305298805237,1.0,0.84
147109,0.9816904067993164,0.9796305298805237,1.0,0.84
147209,0.9816904067993164,0.9796305298805237,1.0,0.84
147309,0.9816904067993164,0.9796305298805237,1.0,0.84
147409,0.9816904067993164,0.9796305298805237,1.0,0.84
147509,0.9816904067993164,0.9796305298805237,1.0,0.84
147609,0.9816904067993164,0.9796305298805237,1.0,0.84
147709,0.9816904067993164,0.9796305298805237,1.0,0.84
147809,0.9816904067993164,0.9796305298805237,1.0,0.84
147909,0.9816904067993164,0.9796305298805237,1.0,0.84
148009,0.9816904067993164,0.9796305298805237,1.0,0.84
148109,0.9816904067993164,0.9796305298805237,1.0,0.84
148209,0.9816904067993164,0.9796305298805237,1.0,0.84
148309,0.9816904067993164,0.9796305298805237,1.0,0.84
148409,0.9816904067993164,0.9796305298805237,1.0,0.84
148509,0.9816904067993164,0.9796305298805237,1.0,0.84
148609,0.9816904067993164,0.9796305298805237,1.0,0.84
148709,0.9816904067993164,0.9796305298805237,1.0,0.84
148809,0.9816904067993164,0.9796305298805237,1.0,0.84
148909,0.9816904067993164,0.9796305298805237,1.0,0.84
149009,0.9816904067993164,0.9796305298805237,1.0,0.84
149109,0.9816904067993164,0.9796305298805237,1.0,0.84
149209,0.9816904067993164,0.9796305298805237,1.0,0.84
149309,0.9816904067993164,0.9796305298805237,1.0,0.84
149409,0.9816904067993164,0.9796305298805237,1.0,0.84
149509,0.9816904067993164,0.9796305298805237,1.0,0.84
149609,0.9816904067993164,0.9796305298805237,1.0,0.84
149709,0.9816904067993164,0.9796305298805237,1.0,0.84
149809,0.9816904067993164,0.9796305298805237,1.0,0.84
149909,0.9816904067993164,0.9796305298805237,1.0,0.84
150009,0.9816904067993164,0.9796305298805237,1.0,0.84
150109,0.9816904067993164,0.9796305298805237,1.0,0.84
150209,0.9816904067993164,0.9796305298805237,1.0,0.84
150309,0.9816904067993164,0.9796305298805237,1.0,0.84
150409,0.9816904067993164,0.9796305298805237,1.0,0.84
150509,0.9816904067993164,0.9796305298805237,1.0,0.84
150609,0.9816904067993164,0.9796305298805237,1.0,0.84
150709,0.9816904067993164,0.9796305298805237,1.0,0.84
150809,0.9816904067993164,0.9796305298805237,1.0,0.84
150909,0.9816904067993164,0.9796305298805237,1.0,0.84
151009,0.9816904067993164,0.9796305298805237,1.0,0.84
151109,0.9816904067993164,0.9796305298805237,1.0,0.84
151209,0.9816904067993164,0.9796305298805237,1.0,0.84
151309,0.9816904067993164,0.9796305298805237,1.0,0.84
151409,0.9816904067993164,0.9796305298805237,1.0,0.84
151509,0.9816904067993164,0.9796305298805237,1.0,0.84
151609,0.9816904067993164,0.9796305298805237,1.0,0.84
151709,0.9816904067993164,0.9796305298805237,1.0,0.84
151809,0.9816904067993164,0.9796305298805237,1.0,0.84
151909,0.9816904067993164,0.9796305298805237,1.0,0.84
152009,0.9816904067993164,0.9796305298805237,1.0,0.84
152109,0.9816904067993164,0.9796305298805237,1.0,0.84
152209,0.9816904067993164,0.9796305298805237,1.0,0.84
152309,0.9816904067993164,0.9796305298805237,1.0,0.84
152409,0.9816904067993164,0.9796305298805237,1.0,0.84
152509,0.9816904067993164,0.9796305298805237,1.0,0.84
152609,0.9816904067993164,0.9796305298805237,1.0,0.84
152709,0.9816904067993164,0.9796305298805237,1.0,0.84
152809,0.9816904067993164,0.9796305298805237,1.0,0.84
152909,0.9816904067993164,0.9796305298805237,1.0,0.84
153009,0.9816904067993164,0.9796305298805237,1.0,0.84
153109,0.9816904067993164,0.9796305298805237,1.0,0.84
153209,0.9816904067993164,0.9796305298805237,1.0,0.84
153309,0.9816904067993164,0.9796305298805237,1.0,0.84
153409,0.9816904067993164,0.9796305298805237,1.0,0.84
153509,0.9816904067993164,0.9796305298805237,1.0,0.84
153609,0.9816904067993164,0.9796305298805237,1.0,0.84
153709,0.9816904067993164,0.9796305298805237,1.0,0.84
153809,0.9816904067993164,0.9796305298805237,1.0,0.84
153909,0.9816904067993164,0.9796305298805237,1.0,0.84
154009,0.9816904067993164,0.9796305298805237,1.0,0.84
154109,0.9816904067993164,0.9796305298805237,1.0,0.84
154209,0.9816904067993164,0.9796305298805237,1.0,0.84
154309,0.9816904067993164,0.9796305298805237,1.0,0.84
154409,0.9816904067993164,0.9796305298805237,1.0,0.84
154509,0.9816904067993164,0.9796305298805237,1.0,0.84
154609,0.9816904067993164,0.9796305298805237,1.0,0.84
154709,0.9816904067993164,0.9796305298805237,1.0,0.84
154809,0.9816904067993164,0.9796305298805237,1.0,0.84
154909,0.9816904067993164,0.9796305298805237,1.0,0.84
155009,0.9816904067993164,0.9796305298805237,1.0,0.84
155109,0.9816904067993164,0.9796305298805237,1.0,0.84
155209,0.9816904067993164,0.9796305298805237,1.0,0.84
155309,0.9816904067993164,0.9796305298805237,1.0,0.84
155409,0.9816904067993164,0.9796305298805237,1.0,0.84
155509,0.9816904067993164,0.9796184301376343,0.99,0.83
155609,0.9816904067993164,0.9796184301376343,0.99,0.83
155709,0.9816904067993164,0.9796184301376343,1.0,0.83
155809,0.9816904067993164,0.9796184301376343,1.0,0.83
155909,0.9816904067993164,0.9796184301376343,1.0,0.83
156009,0.9816904067993164,0.9796184301376343,1.0,0.83
156109,0.9816904067993164,0.9796184301376343,1.0,0.83
156209,0.9816904067993164,0.9796184301376343,1.0,0.83
156309,0.9816904067993164,0.9796184301376343,1.0,0.83
156409,0.9816904067993164,0.9796184301376343,1.0,0.83
156509,0.9816904067993164,0.9796184301376343,1.0,0.83
156609,0.9816904067993164,0.9796184301376343,1.0,0.83
156709,0.9816904067993164,0.9796184301376343,1.0,0.83
156809,0.9816904067993164,0.9796184301376343,1.0,0.83
156909,0.9816904067993164,0.9796184301376343,1.0,0.83
157009,0.9816904067993164,0.9796184301376343,1.0,0.83
157109,0.9816904067993164,0.9796184301376343,1.0,0.83
157209,0.9816904067993164,0.9796184301376343,1.0,0.83
157309,0.9816904067993164,0.9796184301376343,1.0,0.83
157409,0.9816904067993164,0.9796184301376343,1.0,0.83
157509,0.9816904067993164,0.9796184301376343,1.0,0.83
157609,0.9816904067993164,0.9796184301376343,1.0,0.83
157709,0.9816904067993164,0.9796184301376343,1.0,0.83
157809,0.9816904067993164,0.9796184301376343,1.0,0.83
157909,0.9816904067993164,0.9796184301376343,1.0,0.83
158009,0.9816904067993164,0.9796184301376343,1.0,0.83
158109,0.9816904067993164,0.9796184301376343,1.0,0.83
158209,0.9816904067993164,0.9796184301376343,1.0,0.83
158309,0.9816904067993164,0.9796184301376343,1.0,0.83
158409,0.9816904067993164,0.9796184301376343,1.0,0.83
158509,0.9816904067993164,0.9796184301376343,1.0,0.83
158609,0.9816904067993164,0.9796184301376343,1.0,0.83
158709,0.9816904067993164,0.9796184301376343,1.0,0.83
158809,0.9816904067993164,0.9796184301376343,1.0,0.83
158909,0.9816904067993164,0.9796184301376343,1.0,0.83
159009,0.9816904067993164,0.9796184301376343,1.0,0.83
159109,0.9816904067993164,0.9796184301376343,1.0,0.83
159209,0.9816904067993164,0.9796184301376343,1.0,0.83
159309,0.9816904067993164,0.9796184301376343,1.0,0.83
159409,0.9816904067993164,0.9796184301376343,1.0,0.83
159509,0.9816904067993164,0.9796184301376343,1.0,0.83
159609,0.9816904067993164,0.9796184301376343,1.0,0.83
159709,0.9816904067993164,0.9796184301376343,1.0,0.83
159809,0.9816904067993164,0.9796184301376343,1.0,0.83
159909,0.9816904067993164,0.9796184301376343,1.0,0.83
160009,0.9816904067993164,0.9796184301376343,1.0,0.83
160109,0.9816904067993164,0.9796184301376343,1.0,0.83
160209,0.9816904067993164,0.9796184301376343,1.0,0.83
160309,0.9816904067993164,0.9796184301376343,1.0,0.83
160409,0.9816904067993164,0.9796184301376343,1.0,0.83
160509,0.9816904067993164,0.9796184301376343,1.0,0.83
160609,0.9816904067993164,0.9796184301376343,1.0,0.83
160709,0.9816904067993164,0.9796184301376343,1.0,0.83
160809,0.9816904067993164,0.9796184301376343,1.0,0.83
160909,0.9816904067993164,0.9796184301376343,1.0,0.83
161009,0.9816904067993164,0.9796184301376343,1.0,0.83
161109,0.9816904067993164,0.9796184301376343,1.0,0.83
161209,0.9816904067993164,0.9796184301376343,1.0,0.83
161309,0.9816904067993164,0.9796184301376343,1.0,0.83
161409,0.9816904067993164,0.9796184301376343,1.0,0.83
161509,0.9816904067993164,0.9796184301376343,1.0,0.83
161609,0.9816904067993164,0.9796184301376343,1.0,0.83
161709,0.9816904067993164,0.9796184301376343,1.0,0.83
161809,0.9816904067993164,0.9796184301376343,1.0,0.83
161909,0.9816904067993164,0.9796184301376343,1.0,0.83
162009,0.9816904067993164,0.9796184301376343,1.0,0.83
162109,0.9816904067993164,0.9796184301376343,1.0,0.83
162209,0.9816904067993164,0.9796184301376343,1.0,0.83
162309,0.9816904067993164,0.9796184301376343,1.0,0.83
162409,0.9816904067993164,0.9796184301376343,1.0,0.83
162509,0.9816904067993164,0.9796184301376343,1.0,0.83
162609,0.9816904067993164,0.9796184301376343,1.0,0.83
162709,0.9816904067993164,0.9796184301376343,1.0,0.83
162809,0.9816904067993164,0.9796184301376343,1.0,0.83
162909,0.9816904067993164,0.9796184301376343,1.0,0.83
163009,0.9816904067993164,0.9796184301376343,1.0,0.83
163109,0.9816904067993164,0.9796184301376343,1.0,0.83
163209,0.9816904067993164,0.9796184301376343,1.0,0.83
163309,0.9816904067993164,0.9796184301376343,1.0,0.83
163409,0.9816904067993164,0.9796184301376343,1.0,0.83
163509,0.9816904067993164,0.9796184301376343,1.0,0.83
163609,0.9816904067993164,0.9796184301376343,1.0,0.83
163709,0.9816904067993164,0.9796184301376343,1.0,0.83
163809,0.9816904067993164,0.9796184301376343,1.0,0.83
163909,0.9816904067993164,0.9796184301376343,1.0,0.83
164009,0.9816904067993164,0.9796184301376343,1.0,0.83
164109,0.9816904067993164,0.9796184301376343,1.0,0.83
164209,0.9816904067993164,0.9796184301376343,1.0,0.83
164309,0.9816904067993164,0.9796184301376343,1.0,0.83
164409,0.9816904067993164,0.9796184301376343,1.0,0.83
164509,0.9816904067993164,0.9796184301376343,1.0,0.83
164609,0.9816904067993164,0.9796184301376343,1.0,0.83
164709,0.9816904067993164,0.9796184301376343,1.0,0.83
164809,0.9816904067993164,0.9796184301376343,1.0,0.83
164909,0.9816904067993164,0.9796184301376343,1.0,0.83
165009,0.9816904067993164,0.9796184301376343,1.0,0.83
165109,0.9816904067993164,0.9796184301376343,1.0,0.83
165209,0.9816904067993164,0.9796184301376343,1.0,0.83
165309,0.9816904067993164,0.9796184301376343,1.0,0.83
165409,0.9816904067993164,0.9796184301376343,1.0,0.83
165509,0.9816904067993164,0.9796184301376343,1.0,0.83
165609,0.9816904067993164,0.9796184301376343,1.0,0.83
165709,0.9816904067993164,0.9796184301376343,1.0,0.83
165809,0.9816904067993164,0.9796184301376343,1.0,0.83
165909,0.9816904067993164,0.9796184301376343,1.0,0.83
166009,0.9816904067993164,0.9796184301376343,1.0,0.83
166109,0.9816904067993164,0.9796184301376343,1.0,0.83
166209,0.9816904067993164,0.9796184301376343,1.0,0.83
166309,0.9816904067993164,0.9796184301376343,1.0,0.83
166409,0.9816904067993164,0.9796184301376343,1.0,0.83
166509,0.9816904067993164,0.9796184301376343,1.0,0.83
166609,0.9816904067993164,0.9796184301376343,1.0,0.83
166709,0.9816904067993164,0.9796184301376343,1.0,0.83
166809,0.9816904067993164,0.9796184301376343,1.0,0.83
166909,0.9816904067993164,0.9796184301376343,1.0,0.83
167009,0.9816904067993164,0.9796184301376343,1.0,0.83
167109,0.9816904067993164,0.9796184301376343,1.0,0.83
167209,0.9816904067993164,0.9796184301376343,1.0,0.83
167309,0.9816904067993164,0.9796184301376343,1.0,0.83
167409,0.9816904067993164,0.9796184301376343,1.0,0.83
167509,0.9816904067993164,0.9796184301376343,1.0,0.83
167609,0.9816904067993164,0.9796184301376343,1.0,0.83
167709,0.9816904067993164,0.9796184301376343,1.0,0.83
167809,0.9816904067993164,0.9796184301376343,1.0,0.83
167909,0.9816904067993164,0.9796184301376343,1.0,0.83
168009,0.9816904067993164,0.9796184301376343,1.0,0.83
168109,0.9816904067993164,0.9796184301376343,1.0,0.83
168209,0.9816904067993164,0.9796184301376343,1.0,0.83
168309,0.9816904067993164,0.9796184301376343,1.0,0.83
168409,0.9816904067993164,0.9796184301376343,1.0,0.83
168509,0.9816904067993164,0.9796184301376343,1.0,0.83
168609,0.9816904067993164,0.9796184301376343,1.0,0.83
168709,0.9816904067993164,0.9796184301376343,1.0,0.83
168809,0.9816904067993164,0.9796184301376343,1.0,0.83
168909,0.9816904067993164,0.9796184301376343,1.0,0.83
169009,0.9816904067993164,0.9796184301376343,1.0,0.83
169109,0.9816904067993164,0.9796184301376343,1.0,0.83
169209,0.9816904067993164,0.9796184301376343,1.0,0.83
169309,0.9816904067993164,0.9796184301376343,1.0,0.83
169409,0.9816904067993164,0.9796184301376343,1.0,0.83
169509,0.9816904067993164,0.9796184301376343,1.0,0.83
169609,0.9816904067993164,0.9796184301376343,1.0,0.83
169709,0.9816904067993164,0.9796184301376343,1.0,0.83
169809,0.9816904067993164,0.9796184301376343,1.0,0.83
169909,0.9816904067993164,0.9796184301376343,1.0,0.83
170009,0.9816904067993164,0.9796184301376343,1.0,0.83
170109,0.9816904067993164,0.9796184301376343,1.0,0.83
170209,0.9816904067993164,0.9796184301376343,1.0,0.83
170309,0.9816904067993164,0.9796184301376343,1.0,0.83
170409,0.9816904067993164,0.9796184301376343,1.0,0.83
170509,0.9816904067993164,0.9796184301376343,1.0,0.83
170609,0.9816904067993164,0.9796184301376343,1.0,0.83
170709,0.9816904067993164,0.9796184301376343,1.0,0.83
170809,0.9816904067993164,0.9796184301376343,1.0,0.83
170909,0.9816904067993164,0.9796184301376343,1.0,0.83
171009,0.9816904067993164,0.9796184301376343,1.0,0.83
171109,0.9816904067993164,0.9796184301376343,1.0,0.83
171209,0.9816904067993164,0.9796184301376343,1.0,0.83
171309,0.9816904067993164,0.9796184301376343,1.0,0.83
171409,0.9816904067993164,0.9796184301376343,1.0,0.83
171509,0.9816904067993164,0.9796184301376343,1.0,0.83
171609,0.9816904067993164,0.9796184301376343,1.0,0.83
171709,0.9816904067993164,0.9796184301376343,1.0,0.83
171809,0.9816904067993164,0.9796184301376343,1.0,0.83
171909,0.9816904067993164,0.9796184301376343,1.0,0.83
172009,0.9816904067993164,0.9796184301376343,1.0,0.83
172109,0.9816904067993164,0.9796184301376343,1.0,0.83
172209,0.9816904067993164,0.9796184301376343,1.0,0.83
172309,0.9816904067993164,0.9796184301376343,1.0,0.83
172409,0.9816904067993164,0.9796184301376343,1.0,0.83
172509,0.9816904067993164,0.9796184301376343,1.0,0.83
172609,0.9816904067993164,0.9796184301376343,1.0,0.83
172709,0.9816904067993164,0.9796184301376343,1.0,0.83
172809,0.9816904067993164,0.9796184301376343,1.0,0.83
172909,0.9816904067993164,0.9796184301376343,1.0,0.83
173009,0.9816904067993164,0.9796184301376343,1.0,0.83
173109,0.9816904067993164,0.9796184301376343,1.0,0.83
173209,0.9816904067993164,0.9796184301376343,1.0,0.83
173309,0.9816904067993164,0.9796184301376343,1.0,0.83
173409,0.9816904067993164,0.9796184301376343,1.0,0.83
173509,0.9816904067993164,0.9796184301376343,1.0,0.83
173609,0.9816904067993164,0.9796184301376343,1.0,0.83
173709,0.9816904067993164,0.9796184301376343,1.0,0.83
173809,0.9816904067993164,0.9796184301376343,1.0,0.83
173909,0.9816904067993164,0.9796184301376343,1.0,0.83
174009,0.9816904067993164,0.9796184301376343,1.0,0.83
174109,0.9816904067993164,0.9796184301376343,1.0,0.83
174209,0.9816904067993164,0.9796184301376343,1.0,0.83
174309,0.9816904067993164,0.9796184301376343,1.0,0.83
174409,0.9816904067993164,0.9796184301376343,1.0,0.83
174509,0.9816904067993164,0.9796184301376343,1.0,0.83
174609,0.9816904067993164,0.9796184301376343,1.0,0.83
174709,0.9816904067993164,0.9796184301376343,1.0,0.83
174809,0.9816904067993164,0.9796184301376343,1.0,0.83
174909,0.9816904067993164,0.9796184301376343,1.0,0.83
175009,0.9816904067993164,0.9796184301376343,1.0,0.83
175109,0.9816904067993164,0.9796184301376343,1.0,0.83
175209,0.9816904067993164,0.9796184301376343,1.0,0.83
175309,0.9816904067993164,0.9796184301376343,1.0,0.83
175409,0.9816904067993164,0.9796184301376343,1.0,0.83
175509,0.9816904067993164,0.9796184301376343,1.0,0.83
175609,0.9816904067993164,0.9796184301376343,1.0,0.83
175709,0.9816904067993164,0.9796184301376343,1.0,0.83
175809,0.9816904067993164,0.9796184301376343,1.0,0.83
175909,0.9816904067993164,0.9796184301376343,1.0,0.83
176009,0.9816904067993164,0.9796184301376343,1.0,0.83
176109,0.9816904067993164,0.9796184301376343,1.0,0.83
176209,0.9816904067993164,0.9796184301376343,1.0,0.83
176309,0.9816904067993164,0.9796184301376343,1.0,0.83
176409,0.9816904067993164,0.9796184301376343,1.0,0.83
176509,0.9816904067993164,0.9796184301376343,1.0,0.83
176609,0.9816904067993164,0.9796184301376343,1.0,0.83
176709,0.9816904067993164,0.9796184301376343,1.0,0.83
176809,0.9816904067993164,0.9796184301376343,1.0,0.83
176909,0.9816904067993164,0.9796184301376343,1.0,0.83
177009,0.9816904067993164,0.9796184301376343,1.0,0.83
177109,0.9816904067993164,0.9796184301376343,1.0,0.83
177209,0.9816904067993164,0.9796184301376343,1.0,0.83
177309,0.9816904067993164,0.9796184301376343,1.0,0.83
177409,0.9816904067993164,0.9796184301376343,1.0,0.83
177509,0.9816904067993164,0.9796184301376343,1.0,0.83
177609,0.9816904067993164,0.9796184301376343,1.0,0.83
177709,0.9816904067993164,0.9796184301376343,1.0,0.83
177809,0.9816904067993164,0.9796184301376343,1.0,0.83
177909,0.9816904067993164,0.9796184301376343,1.0,0.83
178009,0.9816904067993164,0.9796184301376343,1.0,0.83
178109,0.9816904067993164,0.9796184301376343,1.0,0.83
178209,0.9816904067993164,0.9796184301376343,1.0,0.83
178309,0.9816904067993164,0.9796184301376343,1.0,0.83
178409,0.9816904067993164,0.9796184301376343,1.0,0.83
178509,0.9816904067993164,0.9796184301376343,1.0,0.83
178609,0.9816904067993164,0.9796184301376343,1.0,0.83
178709,0.9816904067993164,0.9796184301376343,1.0,0.83
178809,0.9816904067993164,0.9796184301376343,1.0,0.83
178909,0.9816904067993164,0.9796184301376343,1.0,0.83
179009,0.9816904067993164,0.9796184301376343,1.0,0.83
179109,0.9816904067993164,0.9796184301376343,1.0,0.83
179209,0.9816904067993164,0.9796184301376343,1.0,0.83
179309,0.9816904067993164,0.9796184301376343,1.0,0.83
179409,0.9816904067993164,0.9796184301376343,1.0,0.83
179509,0.9816904067993164,0.9796184301376343,1.0,0.83
179609,0.9816904067993164,0.9796184301376343,1.0,0.83
179709,0.9816904067993164,0.9796184301376343,1.0,0.83
179809,0.9816904067993164,0.9796184301376343,1.0,0.83
179909,0.9816904067993164,0.9796184301376343,1.0,0.83
180009,0.9816904067993164,0.9796184301376343,1.0,0.83
180109,0.9816904067993164,0.9796184301376343,1.0,0.83
180209,0.9816904067993164,0.9796184301376343,1.0,0.83
180309,0.9816904067993164,0.9796184301376343,1.0,0.83
180409,0.9816904067993164,0.9796184301376343,1.0,0.83
180509,0.9816904067993164,0.9796184301376343,1.0,0.83
180609,0.9816904067993164,0.9796184301376343,1.0,0.83
180709,0.9816904067993164,0.9796184301376343,1.0,0.83
180809,0.9816904067993164,0.9796184301376343,1.0,0.83
180909,0.9816904067993164,0.9796184301376343,1.0,0.83
181009,0.9816904067993164,0.9796184301376343,1.0,0.83
181109,0.9816904067993164,0.9796184301376343,1.0,0.83
181209,0.9816904067993164,0.9796184301376343,1.0,0.83
181309,0.9816904067993164,0.9796184301376343,1.0,0.83
181409,0.9816904067993164,0.9796184301376343,1.0,0.83
181509,0.9816904067993164,0.9796184301376343,1.0,0.83
181609,0.9816904067993164,0.9796184301376343,1.0,0.83
181709,0.9816904067993164,0.9796184301376343,1.0,0.83
181809,0.9816904067993164,0.9796184301376343,1.0,0.83
181909,0.9816904067993164,0.9796184301376343,1.0,0.83
182009,0.9816904067993164,0.9796184301376343,1.0,0.83
182109,0.9816904067993164,0.9796184301376343,1.0,0.83
182209,0.9816904067993164,0.9796184301376343,1.0,0.83
182309,0.9816904067993164,0.9796184301376343,1.0,0.83
182409,0.9816904067993164,0.9796184301376343,1.0,0.83
182509,0.9816904067993164,0.9796184301376343,1.0,0.83
182609,0.9816904067993164,0.9796184301376343,1.0,0.83
182709,0.9816904067993164,0.9796184301376343,1.0,0.83
182809,0.9816904067993164,0.9796184301376343,1.0,0.83
182909,0.9816904067993164,0.9796184301376343,1.0,0.83
183009,0.9816904067993164,0.9796184301376343,1.0,0.83
183109,0.9816904067993164,0.9796184301376343,1.0,0.83
183209,0.9816904067993164,0.9796184301376343,1.0,0.83
183309,0.9816904067993164,0.9796184301376343,1.0,0.83
183409,0.9816904067993164,0.9796184301376343,1.0,0.83
183509,0.9816904067993164,0.9796184301376343,1.0,0.83
183609,0.9816904067993164,0.9796184301376343,1.0,0.83
183709,0.9816904067993164,0.9796184301376343,1.0,0.83
183809,0.9816904067993164,0.9796184301376343,1.0,0.83
183909,0.9816904067993164,0.9796184301376343,1.0,0.83
184009,0.9816904067993164,0.9796184301376343,1.0,0.83
184109,0.9816904067993164,0.9796184301376343,1.0,0.83
184209,0.9816904067993164,0.9796184301376343,1.0,0.83
184309,0.9816904067993164,0.9796184301376343,1.0,0.83
184409,0.9816904067993164,0.9796184301376343,1.0,0.83
184509,0.9816904067993164,0.9796184301376343,1.0,0.83
184609,0.9816904067993164,0.9796184301376343,1.0,0.83
184709,0.9816904067993164,0.9796184301376343,1.0,0.83
184809,0.9816904067993164,0.9796184301376343,1.0,0.83
184909,0.9816904067993164,0.9796184301376343,1.0,0.83
185009,0.9816904067993164,0.9796184301376343,1.0,0.83
185109,0.9816904067993164,0.9796184301376343,1.0,0.83
185209,0.9816904067993164,0.9796184301376343,1.0,0.83
185309,0.9816904067993164,0.9796184301376343,1.0,0.83
185409,0.9816904067993164,0.9796184301376343,1.0,0.83
212887,0.9816904067993164,0.9796305298805237,0.1,0.90
212987,0.9816904067993164,0.9796305298805237,0.11,0.90
213087,0.9816904067993164,0.9796305298805237,0.13,0.90
213187,0.9816904067993164,0.9796305298805237,0.13,0.90
213287,0.9816904067993164,0.9796305298805237,0.15,0.90
213387,0.9816904067993164,0.9796305298805237,0.15,0.90
213487,0.9816904067993164,0.9796305298805237,0.17,0.90
213587,0.9816904067993164,0.9796305298805237,0.17,0.90
213687,0.9816904067993164,0.9796305298805237,0.18,0.90
213787,0.9816904067993164,0.9796305298805237,0.2,0.90
213887,0.9816904067993164,0.9796305298805237,0.22,0.90
213987,0.9816904067993164,0.9796305298805237,0.26,0.90
214087,0.9816904067993164,0.9796305298805237,0.26,0.90
214187,0.9816904067993164,0.9796305298805237,0.25,0.90
214287,0.9816904067993164,0.9796305298805237,0.25,0.90
214387,0.9816904067993164,0.9796305298805237,0.25,0.90
214487,0.9816904067993164,0.9796305298805237,0.25,0.90
214587,0.9816904067993164,0.9796305298805237,0.27,0.90
214687,0.9816904067993164,0.9796305298805237,0.27,0.90
214787,0.9816904067993164,0.9796305298805237,0.29,0.90
214887,0.9816904067993164,0.9796305298805237,0.28,0.90
214987,0.9816904067993164,0.9796305298805237,0.29,0.90
215087,0.9816904067993164,0.9796305298805237,0.29,0.90
215187,0.9816904067993164,0.9796305298805237,0.3,0.90
215287,0.9816904067993164,0.9796305298805237,0.31,0.90
215387,0.9816904067993164,0.9796305298805237,0.31,0.90
215487,0.9816904067993164,0.9796305298805237,0.31,0.90
215587,0.9816904067993164,0.9796305298805237,0.31,0.90
215687,0.9816904067993164,0.9796305298805237,0.31,0.90
215787,0.9816904067993164,0.9796305298805237,0.32,0.90
215887,0.9816904067993164,0.9796305298805237,0.31,0.90
215987,0.9816904067993164,0.9796305298805237,0.33,0.90
216087,0.9816904067993164,0.9796305298805237,0.34,0.90
216187,0.9816904067993164,0.9796305298805237,0.35,0.90
216287,0.9816904067993164,0.9796305298805237,0.37,0.90
216387,0.9816904067993164,0.9796305298805237,0.39,0.90
216487,0.9816904067993164,0.9796305298805237,0.37,0.90
216587,0.9816904067993164,0.9796305298805237,0.37,0.90
216687,0.9816904067993164,0.9796305298805237,0.38,0.90
216787,0.9816904067993164,0.9796305298805237,0.39,0.90
216887,0.9816904067993164,0.9796305298805237,0.38,0.90
216987,0.9816904067993164,0.9796305298805237,0.39,0.90
217087,0.9816904067993164,0.9796305298805237,0.39,0.90
217187,0.9816904067993164,0.9796305298805237,0.38,0.90
217287,0.9816904067993164,0.9796305298805237,0.42,0.90
217387,0.9816904067993164,0.9796305298805237,0.41,0.90
217487,0.9816904067993164,0.9796305298805237,0.44,0.90
217587,0.9816904067993164,0.9796305298805237,0.44,0.90
217687,0.9816904067993164,0.9796305298805237,0.44,0.90
217787,0.9816904067993164,0.9796305298805237,0.45,0.90
217887,0.9816904067993164,0.9796305298805237,0.46,0.90
217987,0.9816904067993164,0.9796305298805237,0.48,0.90
218087,0.9816904067993164,0.9796305298805237,0.48,0.90
218187,0.9816904067993164,0.9796305298805237,0.48,0.90
218287,0.9816904067993164,0.9796305298805237,0.48,0.90
218387,0.9816904067993164,0.9796305298805237,0.47,0.90
218487,0.9816904067993164,0.9796305298805237,0.47,0.90
218587,0.9816904067993164,0.9796305298805237,0.46,0.90
218687,0.9816904067993164,0.9796305298805237,0.48,0.90
218787,0.9816904067993164,0.9796305298805237,0.47,0.90
218887,0.9816904067993164,0.9796305298805237,0.46,0.90
218987,0.9816904067993164,0.9796305298805237,0.46,0.90
219087,0.9816904067993164,0.9796305298805237,0.46,0.90
219187,0.9816904067993164,0.9796305298805237,0.42,0.90
219287,0.9816904067993164,0.9796305298805237,0.42,0.90
219387,0.9816904067993164,0.9796305298805237,0.46,0.90
219487,0.9816904067993164,0.9796305298805237,0.45,0.90
219587,0.9816904067993164,0.9796305298805237,0.46,0.90
219687,0.9816904067993164,0.9796305298805237,0.44,0.90
219787,0.9816904067993164,0.9796305298805237,0.44,0.90
219887,0.9816904067993164,0.9796305298805237,0.45,0.90
219987,0.9816904067993164,0.9796305298805237,0.47,0.90
220087,0.9816904067993164,0.9796305298805237,0.47,0.90
220187,0.9816904067993164,0.9796305298805237,0.48,0.90
220287,0.9816904067993164,0.9796305298805237,0.47,0.90
220387,0.9816904067993164,0.9796305298805237,0.46,0.90
220487,0.9816904067993164,0.9796305298805237,0.47,0.90
220587,0.9816904067993164,0.9796305298805237,0.47,0.90
220687,0.9816904067993164,0.9796305298805237,0.49,0.90
220787,0.9816904067993164,0.9796305298805237,0.49,0.90
220887,0.9816904067993164,0.9796305298805237,0.48,0.90
220987,0.9816904067993164,0.9796305298805237,0.51,0.90
221087,0.9816904067993164,0.9796305298805237,0.5,0.90
221187,0.9816904067993164,0.9796305298805237,0.53,0.90
221287,0.9816904067993164,0.9796305298805237,0.52,0.90
221387,0.9816904067993164,0.9796305298805237,0.52,0.90
221487,0.9816904067993164,0.9796305298805237,0.52,0.90
221587,0.9816904067993164,0.9796305298805237,0.52,0.90
221687,0.9816904067993164,0.9796305298805237,0.5,0.90
221787,0.9816904067993164,0.9796305298805237,0.51,0.90
221887,0.9816904067993164,0.9796305298805237,0.52,0.90
221987,0.9816904067993164,0.9796305298805237,0.52,0.90
222087,0.9816904067993164,0.9796305298805237,0.52,0.90
222187,0.9816904067993164,0.9796305298805237,0.54,0.90
222287,0.9816904067993164,0.9796305298805237,0.54,0.90
222387,0.9816904067993164,0.9796305298805237,0.55,0.90
222487,0.9816904067993164,0.9796305298805237,0.54,0.90
222587,0.9816904067993164,0.9796305298805237,0.53,0.90
222687,0.9816904067993164,0.9796305298805237,0.53,0.90
222787,0.9816904067993164,0.9796305298805237,0.53,0.90
222887,0.9816904067993164,0.9796305298805237,0.54,0.90
222987,0.9816904067993164,0.9796305298805237,0.55,0.90
223087,0.9816904067993164,0.9796305298805237,0.54,0.90
223187,0.9816904067993164,0.9796305298805237,0.53,0.90
223287,0.9816904067993164,0.9796305298805237,0.54,0.90
223387,0.9816904067993164,0.9796305298805237,0.56,0.90
223487,0.9816904067993164,0.9796305298805237,0.56,0.90
223587,0.9816904067993164,0.9796305298805237,0.58,0.90
223687,0.9816904067993164,0.9796305298805237,0.58,0.90
223787,0.9816904067993164,0.9796305298805237,0.58,0.90
223887,0.9816904067993164,0.9796305298805237,0.6,0.90
223987,0.9816904067993164,0.9796305298805237,0.61,0.90
224087,0.9816904067993164,0.9796305298805237,0.62,0.90
224187,0.9816904067993164,0.9796305298805237,0.6,0.90
224287,0.9816904067993164,0.9796305298805237,0.57,0.90
224387,0.9816904067993164,0.9796305298805237,0.56,0.90
224487,0.9816904067993164,0.9796305298805237,0.57,0.90
224587,0.9816904067993164,0.9796305298805237,0.55,0.90
224687,0.9816904067993164,0.9796305298805237,0.55,0.90
224787,0.9816904067993164,0.9796305298805237,0.54,0.90
224887,0.9816904067993164,0.9796305298805237,0.56,0.90
224987,0.9816904067993164,0.9796305298805237,0.56,0.90
225087,0.9816904067993164,0.9796305298805237,0.53,0.90
225187,0.9816904067993164,0.9796305298805237,0.53,0.90
225287,0.9816904067993164,0.9796305298805237,0.53,0.90
225387,0.9816904067993164,0.9796305298805237,0.52,0.90
225487,0.9816904067993164,0.9796305298805237,0.52,0.90
225587,0.9816904067993164,0.9796305298805237,0.52,0.90
225687,0.9816904067993164,0.9796305298805237,0.51,0.90
225787,0.9816904067993164,0.9796305298805237,0.52,0.90
225887,0.9816904067993164,0.9796305298805237,0.49,0.90
225987,0.9816904067993164,0.9796305298805237,0.49,0.90
226087,0.9816904067993164,0.9796305298805237,0.49,0.90
226187,0.9816904067993164,0.9796305298805237,0.49,0.90
226287,0.9816904067993164,0.9796305298805237,0.49,0.90
226387,0.9816904067993164,0.9796305298805237,0.48,0.90
226487,0.9816904067993164,0.9796305298805237,0.48,0.90
226587,0.9816904067993164,0.9796305298805237,0.47,0.90
226687,0.9816904067993164,0.9796305298805237,0.46,0.90
226787,0.9816904067993164,0.9796305298805237,0.46,0.90
226887,0.9816904067993164,0.9796305298805237,0.43,0.90
226987,0.9816904067993164,0.9796305298805237,0.42,0.90
227087,0.9816904067993164,0.9796305298805237,0.41,0.90
227187,0.9816904067993164,0.9796305298805237,0.4,0.90
227287,0.9816904067993164,0.9796305298805237,0.42,0.90
227387,0.9816904067993164,0.9796305298805237,0.42,0.90
227487,0.9816904067993164,0.9796305298805237,0.41,0.90
227587,0.9816904067993164,0.9796305298805237,0.4,0.90
227687,0.9816904067993164,0.9796305298805237,0.4,0.90
227787,0.9816904067993164,0.9796305298805237,0.4,0.90
227887,0.9816904067993164,0.9796305298805237,0.42,0.90
227987,0.9816904067993164,0.9796305298805237,0.42,0.90
228087,0.9816904067993164,0.9796305298805237,0.42,0.90
228187,0.9816904067993164,0.9796305298805237,0.42,0.90
228287,0.9816904067993164,0.9796305298805237,0.43,0.90
228387,0.9816904067993164,0.9796305298805237,0.45,0.90
228487,0.9816904067993164,0.9796305298805237,0.44,0.90
228587,0.9816904067993164,0.9796305298805237,0.44,0.90
228687,0.9816904067993164,0.9796305298805237,0.44,0.90
228787,0.9816904067993164,0.9796305298805237,0.42,0.90
228887,0.9816904067993164,0.9796305298805237,0.4,0.90
228987,0.9816904067993164,0.9796305298805237,0.44,0.90
229087,0.9816904067993164,0.9796305298805237,0.46,0.90
229187,0.9816904067993164,0.9796305298805237,0.46,0.90
229287,0.9816904067993164,0.9796305298805237,0.44,0.90
229387,0.9816904067993164,0.9796305298805237,0.45,0.90
229487,0.9816904067993164,0.9796305298805237,0.45,0.90
229587,0.9816904067993164,0.9796305298805237,0.45,0.90
229687,0.9816904067993164,0.9796305298805237,0.46,0.90
229787,0.9816904067993164,0.9796305298805237,0.44,0.90
229887,0.9816904067993164,0.9796305298805237,0.44,0.90
229987,0.9816904067993164,0.9796305298805237,0.43,0.90
230087,0.9816904067993164,0.9796305298805237,0.44,0.90
230187,0.9816904067993164,0.9796305298805237,0.44,0.90
230287,0.9816904067993164,0.9796305298805237,0.43,0.90
230387,0.9816904067993164,0.9796305298805237,0.43,0.90
230487,0.9816904067993164,0.9796305298805237,0.42,0.90
230587,0.9816904067993164,0.9796305298805237,0.43,0.90
230687,0.9816904067993164,0.9796305298805237,0.46,0.90
230787,0.9816904067993164,0.9796305298805237,0.47,0.90
230887,0.9816904067993164,0.9796305298805237,0.45,0.90
230987,0.9816904067993164,0.9796305298805237,0.45,0.90
231087,0.9816904067993164,0.9796305298805237,0.47,0.90
231187,0.9816904067993164,0.9796305298805237,0.48,0.90
231287,0.9816904067993164,0.9796305298805237,0.49,0.90
231387,0.9816904067993164,0.9796305298805237,0.44,0.90
231487,0.9816904067993164,0.9796305298805237,0.44,0.90
231587,0.9816904067993164,0.9796305298805237,0.43,0.90
231687,0.9816904067993164,0.9796305298805237,0.44,0.90
231787,0.9816904067993164,0.9796305298805237,0.44,0.90
231887,0.9816904067993164,0.9796305298805237,0.43,0.90
231987,0.9816904067993164,0.9796305298805237,0.44,0.90
232087,0.9816904067993164,0.9796305298805237,0.44,0.90
232187,0.9816904067993164,0.9796305298805237,0.45,0.90
232287,0.9816904067993164,0.9796305298805237,0.45,0.90
232387,0.9816904067993164,0.9796305298805237,0.46,0.90
232487,0.9816904067993164,0.9796305298805237,0.44,0.90
232587,0.9816904067993164,0.9796305298805237,0.44,0.90
232687,0.9816904067993164,0.9796305298805237,0.45,0.90
232787,0.9816904067993164,0.9796305298805237,0.46,0.90
232887,0.9816904067993164,0.9796305298805237,0.44,0.90
232987,0.9816904067993164,0.9796305298805237,0.43,0.90
233087,0.9816904067993164,0.9796305298805237,0.42,0.90
233187,0.9816904067993164,0.9796305298805237,0.4,0.90
233287,0.9816904067993164,0.9796305298805237,0.4,0.90
233387,0.9816904067993164,0.9796305298805237,0.4,0.90
233487,0.9816904067993164,0.9796305298805237,0.4,0.90
233587,0.9816904067993164,0.9796305298805237,0.4,0.90
233687,0.9816904067993164,0.9796305298805237,0.42,0.90
233787,0.9816904067993164,0.9796305298805237,0.43,0.90
233887,0.9816904067993164,0.9796305298805237,0.43,0.90
233987,0.9816904067993164,0.9796305298805237,0.43,0.90
234087,0.9816904067993164,0.9796305298805237,0.46,0.90
234187,0.9816904067993164,0.9796305298805237,0.46,0.90
234287,0.9816904067993164,0.9796305298805237,0.46,0.90
234387,0.9816904067993164,0.9796305298805237,0.44,0.90
234487,0.9816904067993164,0.9796305298805237,0.44,0.90
234587,0.9816904067993164,0.9796305298805237,0.44,0.90
234687,0.9816904067993164,0.9796305298805237,0.43,0.90
234787,0.9816904067993164,0.9796305298805237,0.43,0.90
234887,0.9816904067993164,0.9796305298805237,0.43,0.90
234987,0.9816904067993164,0.9796305298805237,0.43,0.90
235087,0.9816904067993164,0.9796305298805237,0.43,0.90
235187,0.9816904067993164,0.9796305298805237,0.43,0.90
235287,0.9816904067993164,0.9796305298805237,0.43,0.90
235387,0.9816904067993164,0.9796305298805237,0.44,0.90
235487,0.9816904067993164,0.9796305298805237,0.45,0.90
235587,0.9816904067993164,0.9796305298805237,0.46,0.90
235687,0.9816904067993164,0.9796305298805237,0.46,0.90
235787,0.9816904067993164,0.9796305298805237,0.45,0.90
235887,0.9816904067993164,0.9796305298805237,0.45,0.90
235987,0.9816904067993164,0.9796305298805237,0.45,0.90
236087,0.9816904067993164,0.9796305298805237,0.44,0.90
236187,0.9816904067993164,0.9796305298805237,0.44,0.90
236287,0.9816904067993164,0.9796305298805237,0.43,0.90
236387,0.9816904067993164,0.9796305298805237,0.43,0.90
236487,0.9816904067993164,0.9796305298805237,0.4,0.90
236587,0.9816904067993164,0.9796305298805237,0.39,0.90
236687,0.9816904067993164,0.9796305298805237,0.4,0.90
236787,0.9816904067993164,0.9796305298805237,0.41,0.90
236887,0.9816904067993164,0.9796305298805237,0.4,0.90
236987,0.9816904067993164,0.9796305298805237,0.39,0.90
237087,0.9816904067993164,0.9796305298805237,0.38,0.90
237187,0.9816904067993164,0.9796305298805237,0.39,0.90
237287,0.9816904067993164,0.9796305298805237,0.4,0.90
237387,0.9816904067993164,0.9796305298805237,0.39,0.90
237487,0.9816904067993164,0.9796305298805237,0.41,0.90
237587,0.9816904067993164,0.9796305298805237,0.39,0.90
237687,0.9816904067993164,0.9796305298805237,0.39,0.90
237787,0.9816904067993164,0.9796305298805237,0.4,0.90
237887,0.9816904067993164,0.9796305298805237,0.37,0.90
237987,0.9816904067993164,0.9796305298805237,0.35,0.90
238087,0.9816904067993164,0.9796305298805237,0.35,0.90
238187,0.9816904067993164,0.9796305298805237,0.35,0.90
238287,0.9816904067993164,0.9796305298805237,0.36,0.90
238387,0.9816904067993164,0.9796305298805237,0.35,0.90
238487,0.9816904067993164,0.9796305298805237,0.36,0.90
238587,0.9816904067993164,0.9796305298805237,0.35,0.90
238687,0.9816904067993164,0.9796305298805237,0.37,0.90
238787,0.9816904067993164,0.9796305298805237,0.36,0.90
238887,0.9816904067993164,0.9796305298805237,0.36,0.90
238987,0.9816904067993164,0.9796305298805237,0.36,0.90
239087,0.9816904067993164,0.9796305298805237,0.35,0.90
239187,0.9816904067993164,0.9796305298805237,0.36,0.90
239287,0.9816904067993164,0.9796305298805237,0.37,0.90
239387,0.9816904067993164,0.9796305298805237,0.37,0.90
239487,0.9816904067993164,0.9796305298805237,0.37,0.90
239587,0.9816904067993164,0.9796305298805237,0.36,0.90
239687,0.9816904067993164,0.9796305298805237,0.38,0.90
239787,0.9816904067993164,0.9796305298805237,0.4,0.90
239887,0.9816904067993164,0.9796305298805237,0.4,0.90
239987,0.9816904067993164,0.9796305298805237,0.43,0.90
240087,0.9816904067993164,0.9796305298805237,0.43,0.90
240187,0.9816904067993164,0.9796305298805237,0.43,0.90
240287,0.9816904067993164,0.9796305298805237,0.45,0.90
240387,0.9816904067993164,0.9796305298805237,0.47,0.90
240487,0.9816904067993164,0.9796305298805237,0.48,0.90
240587,0.9816904067993164,0.9796305298805237,0.48,0.90
240687,0.9816904067993164,0.9796305298805237,0.47,0.90
240787,0.9816904067993164,0.9796305298805237,0.46,0.90
240887,0.9816904067993164,0.9796305298805237,0.46,0.90
240987,0.9816904067993164,0.9796305298805237,0.44,0.90
241087,0.9816904067993164,0.9796305298805237,0.42,0.90
241187,0.9816904067993164,0.9796305298805237,0.42,0.90
241287,0.9816904067993164,0.9796305298805237,0.41,0.90
241387,0.9816904067993164,0.9796305298805237,0.41,0.90
241487,0.9816904067993164,0.9796305298805237,0.46,0.90
241587,0.9816904067993164,0.9796305298805237,0.47,0.90
241687,0.9816904067993164,0.9796305298805237,0.46,0.90
241787,0.9816904067993164,0.9796305298805237,0.47,0.90
241887,0.9816904067993164,0.9796305298805237,0.46,0.90
241987,0.9816904067993164,0.9796305298805237,0.47,0.90
242087,0.9816904067993164,0.9796305298805237,0.48,0.90
242187,0.9816904067993164,0.9796305298805237,0.47,0.90
242287,0.9816904067993164,0.9796305298805237,0.47,0.90
242387,0.9816904067993164,0.9796305298805237,0.49,0.90
242487,0.9816904067993164,0.9796305298805237,0.47,0.90
242587,0.9816904067993164,0.9796305298805237,0.47,0.90
242687,0.9816904067993164,0.9796305298805237,0.48,0.90
242787,0.9816904067993164,0.9796305298805237,0.47,0.90
272887,0.9816904067993164,0.9796305298805237,0.01,0.88
272987,0.9816904067993164,0.9796305298805237,0.01,0.88
273087,0.9816904067993164,0.9796305298805237,0.01,0.88
273187,0.9816904067993164,0.9796305298805237,0.01,0.88
273287,0.9816904067993164,0.9796305298805237,0.01,0.88
273387,0.9816904067993164,0.9796305298805237,0.01,0.88
273487,0.9816904067993164,0.9796305298805237,0.01,0.88
273587,0.9816904067993164,0.9796305298805237,0.01,0.88
273687,0.9816904067993164,0.9796305298805237,0.01,0.88
273787,0.9816904067993164,0.9796305298805237,0.01,0.88
273887,0.9816904067993164,0.9796305298805237,0.01,0.88
273987,0.9816904067993164,0.9796305298805237,0.01,0.88
274087,0.9816904067993164,0.9796305298805237,0.01,0.88
274187,0.9816904067993164,0.9796305298805237,0.01,0.88
274287,0.9816904067993164,0.9796305298805237,0.01,0.88
274387,0.9816904067993164,0.9796305298805237,0.01,0.88
274487,0.9816904067993164,0.9796305298805237,0.01,0.88
274587,0.9816904067993164,0.9796305298805237,0.01,0.88
274687,0.9816904067993164,0.9796305298805237,0.01,0.88
274787,0.9816904067993164,0.9796305298805237,0.01,0.88
274887,0.9816904067993164,0.9796305298805237,0.01,0.88
274987,0.9816904067993164,0.9796305298805237,0.01,0.88
275087,0.9816904067993164,0.9796305298805237,0.01,0.88
275187,0.9816904067993164,0.9796305298805237,0.01,0.88
275287,0.9816904067993164,0.9796305298805237,0.01,0.88
275387,0.9816904067993164,0.9796305298805237,0.01,0.88
275487,0.9816904067993164,0.9796305298805237,0.01,0.88
275587,0.9816904067993164,0.9796305298805237,0.01,0.88
275687,0.9816904067993164,0.9796305298805237,0.01,0.88
275787,0.9816904067993164,0.9796305298805237,0.01,0.88
275887,0.9816904067993164,0.9796305298805237,0.01,0.88
275987,0.9816904067993164,0.9796305298805237,0.01,0.88
276087,0.9816904067993164,0.9796305298805237,0.01,0.88
276187,0.9816904067993164,0.9796305298805237,0.01,0.88
276287,0.9816904067993164,0.9796305298805237,0.01,0.88
276387,0.9816904067993164,0.9796305298805237,0.01,0.88
276487,0.9816904067993164,0.9796305298805237,0.01,0.88
276587,0.9816904067993164,0.9796305298805237,0.01,0.88
276687,0.9816904067993164,0.9796305298805237,0.01,0.88
276787,0.9816904067993164,0.9796305298805237,0.01,0.88
276887,0.9816904067993164,0.9796305298805237,0.01,0.88
276987,0.9816904067993164,0.9796305298805237,0.01,0.88
277087,0.9816904067993164,0.9796305298805237,0.01,0.88
277187,0.9816904067993164,0.9796305298805237,0.01,0.88
277287,0.9816904067993164,0.9796305298805237,0.01,0.88
277387,0.9816904067993164,0.9796305298805237,0.01,0.88
277487,0.9816904067993164,0.9796305298805237,0.01,0.88
277587,0.9816904067993164,0.9796305298805237,0.01,0.88
277687,0.9816904067993164,0.9796305298805237,0.01,0.88
277787,0.9816904067993164,0.9796305298805237,0.01,0.88
277887,0.9816904067993164,0.9796305298805237,0.01,0.88
277987,0.9816904067993164,0.9796305298805237,0.01,0.88
278087,0.9816904067993164,0.9796305298805237,0.01,0.88
278187,0.9816904067993164,0.9796305298805237,0.01,0.88
278287,0.9816904067993164,0.9796305298805237,0.01,0.88
278387,0.9816904067993164,0.9796305298805237,0.01,0.88
278487,0.9816904067993164,0.9796305298805237,0.01,0.88
278587,0.9816904067993164,0.9796305298805237,0.01,0.88
278687,0.9816904067993164,0.9796305298805237,0.01,0.88
278787,0.9816904067993164,0.9796305298805237,0.01,0.88
278887,0.9816904067993164,0.9796305298805237,0.01,0.88
278987,0.9816904067993164,0.9796305298805237,0.01,0.88
279087,0.9816904067993164,0.9796305298805237,0.01,0.88
279187,0.9816904067993164,0.9796305298805237,0.01,0.88
279287,0.9816904067993164,0.9796305298805237,0.01,0.88
279387,0.9816904067993164,0.9796305298805237,0.01,0.88
279487,0.9816904067993164,0.9796305298805237,0.01,0.88
279587,0.9816904067993164,0.9796305298805237,0.01,0.88
279687,0.9816904067993164,0.9796305298805237,0.01,0.88
279787,0.9816904067993164,0.9796305298805237,0.01,0.88
279887,0.9816904067993164,0.9796305298805237,0.01,0.88
279987,0.9816904067993164,0.9796305298805237,0.01,0.88
280087,0.9816904067993164,0.9796305298805237,0.01,0.88
280187,0.9816904067993164,0.9796305298805237,0.01,0.88
280287,0.9816904067993164,0.9796305298805237,0.01,0.88
280387,0.9816904067993164,0.9796305298805237,0.01,0.88
280487,0.9816904067993164,0.9796305298805237,0.01,0.88
280587,0.9816904067993164,0.9796305298805237,0.01,0.88
280687,0.9816904067993164,0.9796305298805237,0.01,0.88
280787,0.9816904067993164,0.9796305298805237,0.01,0.88
280887,0.9816904067993164,0.9796305298805237,0.01,0.88
280987,0.9816904067993164,0.9796305298805237,0.01,0.88
281087,0.9816904067993164,0.9796305298805237,0.01,0.88
281187,0.9816904067993164,0.9796305298805237,0.01,0.88
281287,0.9816904067993164,0.9796305298805237,0.01,0.88
281387,0.9816904067993164,0.9796305298805237,0.01,0.88
281487,0.9816904067993164,0.9796305298805237,0.01,0.88
281587,0.9816904067993164,0.9796305298805237,0.01,0.88
281687,0.9816904067993164,0.9796305298805237,0.01,0.88
281787,0.9816904067993164,0.9796305298805237,0.01,0.88
281887,0.9816904067993164,0.9796305298805237,0.01,0.88
281987,0.9816904067993164,0.9796305298805237,0.01,0.88
282087,0.9816904067993164,0.9796305298805237,0.01,0.88
282187,0.9816904067993164,0.9796305298805237,0.01,0.88
282287,0.9816904067993164,0.9796305298805237,0.01,0.88
282387,0.9816904067993164,0.9796305298805237,0.01,0.88
282487,0.9816904067993164,0.9796305298805237,0.01,0.88
282587,0.9816904067993164,0.9796305298805237,0.01,0.88
282687,0.9816904067993164,0.9796305298805237,0.01,0.88
282787,0.9816904067993164,0.9796305298805237,0.01,0.88
282887,0.9816904067993164,0.9796305298805237,0.01,0.88
282987,0.9816904067993164,0.9796305298805237,0.01,0.88
283087,0.9816904067993164,0.9796305298805237,0.01,0.88
283187,0.9816904067993164,0.9796305298805237,0.01,0.88
283287,0.9816904067993164,0.9796305298805237,0.01,0.88
283387,0.9816904067993164,0.9796305298805237,0.01,0.88
283487,0.9816904067993164,0.9796305298805237,0.01,0.88
283587,0.9816904067993164,0.9796305298805237,0.01,0.88
283687,0.9816904067993164,0.9796305298805237,0.01,0.88
283787,0.9816904067993164,0.9796305298805237,0.01,0.88
283887,0.9816904067993164,0.9796305298805237,0.01,0.88
283987,0.9816904067993164,0.9796305298805237,0.01,0.88
284087,0.9816904067993164,0.9796305298805237,0.01,0.88
284187,0.9816904067993164,0.9796305298805237,0.01,0.88
284287,0.9816904067993164,0.9796305298805237,0.01,0.88
284387,0.9816904067993164,0.9796305298805237,0.01,0.88
284487,0.9816904067993164,0.9796305298805237,0.01,0.88
284587,0.9816904067993164,0.9796305298805237,0.01,0.88
284687,0.9816904067993164,0.9796305298805237,0.01,0.88
284787,0.9816904067993164,0.9796305298805237,0.01,0.88
284887,0.9816904067993164,0.9796305298805237,0.01,0.88
284987,0.9816904067993164,0.9796305298805237,0.01,0.88
285087,0.9816904067993164,0.9796305298805237,0.01,0.88
285187,0.9816904067993164,0.9796305298805237,0.01,0.88
285287,0.9816904067993164,0.9796305298805237,0.01,0.88
285387,0.9816904067993164,0.9796305298805237,0.01,0.88
285487,0.9816904067993164,0.9796305298805237,0.01,0.88
285587,0.9816904067993164,0.9796305298805237,0.01,0.88
285687,0.9816904067993164,0.9796305298805237,0.01,0.88
285787,0.9816904067993164,0.9796305298805237,0.01,0.88
285887,0.9816904067993164,0.9796305298805237,0.01,0.88
285987,0.9816904067993164,0.9796305298805237,0.01,0.88
286087,0.9816904067993164,0.9796305298805237,0.01,0.88
286187,0.9816904067993164,0.9796305298805237,0.01,0.88
286287,0.9816904067993164,0.9796305298805237,0.01,0.88
286387,0.9816904067993164,0.9796305298805237,0.01,0.88
286487,0.9816904067993164,0.9796305298805237,0.01,0.88
286587,0.9816904067993164,0.9796305298805237,0.01,0.88
286687,0.9816904067993164,0.9796305298805237,0.01,0.88
286787,0.9816904067993164,0.9796305298805237,0.01,0.88
286887,0.9816904067993164,0.9796305298805237,0.01,0.88
286987,0.9816904067993164,0.9796305298805237,0.01,0.88
287087,0.9816904067993164,0.9796305298805237,0.01,0.88
287187,0.9816904067993164,0.9796305298805237,0.01,0.88
287287,0.9816904067993164,0.9796305298805237,0.01,0.88
287387,0.9816904067993164,0.9796305298805237,0.01,0.88
287487,0.9816904067993164,0.9796305298805237,0.01,0.88
287587,0.9816904067993164,0.9796305298805237,0.01,0.88
287687,0.9816904067993164,0.9796305298805237,0.01,0.88
287787,0.9816904067993164,0.9796305298805237,0.01,0.88
287887,0.9816904067993164,0.9796305298805237,0.01,0.88
287987,0.9816904067993164,0.9796305298805237,0.01,0.88
288087,0.9816904067993164,0.9796305298805237,0.01,0.88
288187,0.9816904067993164,0.9796305298805237,0.01,0.88
288287,0.9816904067993164,0.9796305298805237,0.01,0.88
288387,0.9816904067993164,0.9796305298805237,0.01,0.88
288487,0.9816904067993164,0.9796305298805237,0.01,0.88
288587,0.9816904067993164,0.9796305298805237,0.01,0.88
288687,0.9816904067993164,0.9796305298805237,0.01,0.88
288787,0.9816904067993164,0.9796305298805237,0.01,0.88
288887,0.9816904067993164,0.9796305298805237,0.01,0.88
288987,0.9816904067993164,0.9796305298805237,0.01,0.88
289087,0.9816904067993164,0.9796305298805237,0.01,0.88
289187,0.9816904067993164,0.9796305298805237,0.01,0.88
289287,0.9816904067993164,0.9796305298805237,0.01,0.88
289387,0.9816904067993164,0.9796305298805237,0.01,0.88
289487,0.9816904067993164,0.9796305298805237,0.01,0.88
289587,0.9816904067993164,0.9796305298805237,0.01,0.88
289687,0.9816904067993164,0.9796305298805237,0.01,0.88
289787,0.9816904067993164,0.9796305298805237,0.01,0.88
289887,0.9816904067993164,0.9796305298805237,0.01,0.88
289987,0.9816904067993164,0.9796305298805237,0.01,0.88
290087,0.9816904067993164,0.9796305298805237,0.01,0.88
290187,0.9816904067993164,0.9796305298805237,0.01,0.88
290287,0.9816904067993164,0.9796305298805237,0.01,0.88
290387,0.9816904067993164,0.9796305298805237,0.01,0.88
290487,0.9816904067993164,0.9796305298805237,0.01,0.88
290587,0.9816904067993164,0.9796305298805237,0.01,0.88
290687,0.9816904067993164,0.9796305298805237,0.01,0.88
290787,0.9816904067993164,0.9796305298805237,0.01,0.88
290887,0.9816904067993164,0.9796305298805237,0.01,0.88
290987,0.9816904067993164,0.9796305298805237,0.01,0.88
291087,0.9816904067993164,0.9796305298805237,0.01,0.88
291187,0.9816904067993164,0.9796305298805237,0.01,0.88
291287,0.9816904067993164,0.9796305298805237,0.01,0.88
291387,0.9816904067993164,0.9796305298805237,0.01,0.88
291487,0.9816904067993164,0.9796305298805237,0.01,0.88
291587,0.9816904067993164,0.9796305298805237,0.01,0.88
291687,0.9816904067993164,0.9796305298805237,0.01,0.88
291787,0.9816904067993164,0.9796305298805237,0.01,0.88
291887,0.9816904067993164,0.9796305298805237,0.01,0.88
291987,0.9816904067993164,0.9796305298805237,0.01,0.88
292087,0.9816904067993164,0.9796305298805237,0.01,0.88
292187,0.9816904067993164,0.9796305298805237,0.01,0.88
292287,0.9816904067993164,0.9796305298805237,0.01,0.88
292387,0.9816904067993164,0.9796305298805237,0.01,0.88
292487,0.9816904067993164,0.9796305298805237,0.01,0.88
292587,0.9816904067993164,0.9796305298805237,0.01,0.88
292687,0.9816904067993164,0.9796305298805237,0.01,0.88
292787,0.9816904067993164,0.9796305298805237,0.01,0.88
292887,0.9816904067993164,0.9796305298805237,0.01,0.88
292987,0.9816904067993164,0.9796305298805237,0.01,0.88
293087,0.9816904067993164,0.9796305298805237,0.01,0.88
293187,0.9816904067993164,0.9796305298805237,0.01,0.88
293287,0.9816904067993164,0.9796305298805237,0.01,0.88
293387,0.9816904067993164,0.9796305298805237,0.01,0.88
293487,0.9816904067993164,0.9796305298805237,0.01,0.88
293587,0.9816904067993164,0.9796305298805237,0.01,0.88
293687,0.9816904067993164,0.9796305298805237,0.01,0.88
293787,0.9816904067993164,0.9796305298805237,0.01,0.88
293887,0.9816904067993164,0.9796305298805237,0.01,0.88
293987,0.9816904067993164,0.9796305298805237,0.01,0.88
294087,0.9816904067993164,0.9796305298805237,0.01,0.88
294187,0.9816904067993164,0.9796305298805237,0.01,0.88
294287,0.9816904067993164,0.9796305298805237,0.01,0.88
294387,0.9816904067993164,0.9796305298805237,0.01,0.88
294487,0.9816904067993164,0.9796305298805237,0.01,0.88
294587,0.9816904067993164,0.9796305298805237,0.01,0.88
294687,0.9816904067993164,0.9796305298805237,0.01,0.88
294787,0.9816904067993164,0.9796305298805237,0.01,0.88
294887,0.9816904067993164,0.9796305298805237,0.01,0.88
294987,0.9816904067993164,0.9796305298805237,0.01,0.88
295087,0.9816904067993164,0.9796305298805237,0.01,0.88
295187,0.9816904067993164,0.9796305298805237,0.01,0.88
295287,0.9816904067993164,0.9796305298805237,0.01,0.88
295387,0.9816904067993164,0.9796305298805237,0.01,0.88
295487,0.9816904067993164,0.9796305298805237,0.01,0.88
295587,0.9816904067993164,0.9796305298805237,0.01,0.88
295687,0.9816904067993164,0.9796305298805237,0.01,0.88
295787,0.9816904067993164,0.9796305298805237,0.01,0.88
295887,0.9816904067993164,0.9796305298805237,0.01,0.88
295987,0.9816904067993164,0.9796305298805237,0.01,0.88
296087,0.9816904067993164,0.9796305298805237,0.01,0.88
296187,0.9816904067993164,0.9796305298805237,0.01,0.88
296287,0.9816904067993164,0.9796305298805237,0.01,0.88
296387,0.9816904067993164,0.9796305298805237,0.01,0.88
296487,0.9816904067993164,0.9796305298805237,0.01,0.88
296587,0.9816904067993164,0.9796305298805237,0.01,0.88
296687,0.9816904067993164,0.9796305298805237,0.01,0.88
296787,0.9816904067993164,0.9796305298805237,0.01,0.88
296887,0.9816904067993164,0.9796305298805237,0.01,0.88
296987,0.9816904067993164,0.9796305298805237,0.01,0.88
297087,0.9816904067993164,0.9796305298805237,0.01,0.88
297187,0.9816904067993164,0.9796305298805237,0.01,0.88
297287,0.9816904067993164,0.9796305298805237,0.01,0.88
297387,0.9816904067993164,0.9796305298805237,0.01,0.88
297487,0.9816904067993164,0.9796305298805237,0.01,0.88
297587,0.9816904067993164,0.9796305298805237,0.01,0.88
297687,0.9816904067993164,0.9796305298805237,0.01,0.88
297787,0.9816904067993164,0.9796305298805237,0.01,0.88
297887,0.9816904067993164,0.9796305298805237,0.01,0.88
297987,0.9816904067993164,0.9796305298805237,0.01,0.88
298087,0.9816904067993164,0.9796305298805237,0.01,0.88
298187,0.9816904067993164,0.9796305298805237,0.01,0.88
298287,0.9816904067993164,0.9796305298805237,0.01,0.88
298387,0.9816904067993164,0.9796305298805237,0.01,0.88
298487,0.9816904067993164,0.9796305298805237,0.01,0.88
298587,0.9816904067993164,0.9796305298805237,0.01,0.88
298687,0.9816904067993164,0.9796305298805237,0.01,0.88
298787,0.9816904067993164,0.9796305298805237,0.01,0.88
298887,0.9816904067993164,0.9796305298805237,0.01,0.88
298987,0.9816904067993164,0.9796305298805237,0.01,0.88
299087,0.9816904067993164,0.9796305298805237,0.01,0.88
299187,0.9816904067993164,0.9796305298805237,0.01,0.88
299287,0.9816904067993164,0.9796305298805237,0.01,0.88
299387,0.9816904067993164,0.9796305298805237,0.01,0.88
299487,0.9816904067993164,0.9796305298805237,0.01,0.88
299587,0.9816904067993164,0.9796305298805237,0.01,0.88
299687,0.9816904067993164,0.9796305298805237,0.01,0.88
299787,0.9816904067993164,0.9796305298805237,0.01,0.88
299887,0.9816904067993164,0.9796305298805237,0.01,0.88
299987,0.9816904067993164,0.9796305298805237,0.01,0.88
300087,0.9816904067993164,0.9796305298805237,0.01,0.88
300187,0.9816904067993164,0.9796305298805237,0.01,0.88
300287,0.9816904067993164,0.9796305298805237,0.01,0.88
300387,0.9816904067993164,0.9796305298805237,0.01,0.88
300487,0.9816904067993164,0.9796305298805237,0.01,0.88
300587,0.9816904067993164,0.9796305298805237,0.01,0.88
300687,0.9816904067993164,0.9796305298805237,0.01,0.88
300787,0.9816904067993164,0.9796305298805237,0.01,0.88
300887,0.9816904067993164,0.9796305298805237,0.01,0.88
300987,0.9816904067993164,0.9796305298805237,0.01,0.88
301087,0.9816904067993164,0.9796305298805237,0.01,0.88
301187,0.9816904067993164,0.9796305298805237,0.01,0.88
301287,0.9816904067993164,0.9796305298805237,0.01,0.88
301387,0.9816904067993164,0.9796305298805237,0.01,0.88
301487,0.9816904067993164,0.9796305298805237,0.01,0.88
301587,0.9816904067993164,0.9796305298805237,0.01,0.88
301687,0.9816904067993164,0.9796305298805237,0.01,0.88
301787,0.9816904067993164,0.9796305298805237,0.01,0.88
301887,0.9816904067993164,0.9796305298805237,0.01,0.88
301987,0.9816904067993164,0.9796305298805237,0.01,0.88
302087,0.9816904067993164,0.9796305298805237,0.01,0.88
302187,0.9816904067993164,0.9796305298805237,0.01,0.88
302287,0.9816904067993164,0.9796305298805237,0.01,0.88
302387,0.9816904067993164,0.9796305298805237,0.01,0.88
302487,0.9816904067993164,0.9796305298805237,0.01,0.88
302587,0.9816904067993164,0.9796305298805237,0.01,0.88
302687,0.9816904067993164,0.9796305298805237,0.01,0.88
302787,0.9816904067993164,0.9796305298805237,0.01,0.88
332887,0.9816904067993164,0.9796305298805237,0.01,0.89
332987,0.9816904067993164,0.9796305298805237,0.01,0.89
333087,0.9816904067993164,0.9796305298805237,0.01,0.89
333187,0.9816904067993164,0.9796305298805237,0.01,0.89
333287,0.9816904067993164,0.9796305298805237,0.01,0.89
333387,0.9816904067993164,0.9796305298805237,0.01,0.89
333487,0.9816904067993164,0.9796305298805237,0.01,0.89
333587,0.9816904067993164,0.9796305298805237,0.01,0.89
333687,0.9816904067993164,0.9796305298805237,0.01,0.89
333787,0.9816904067993164,0.9796305298805237,0.01,0.89
333887,0.9816904067993164,0.9796305298805237,0.01,0.89
333987,0.9816904067993164,0.9796305298805237,0.01,0.89
334087,0.9816904067993164,0.9796305298805237,0.01,0.89
334187,0.9816904067993164,0.9796305298805237,0.01,0.89
334287,0.9816904067993164,0.9796305298805237,0.01,0.89
334387,0.9816904067993164,0.9796305298805237,0.01,0.89
334487,0.9816904067993164,0.9796305298805237,0.01,0.89
334587,0.9816904067993164,0.9796305298805237,0.01,0.89
334687,0.9816904067993164,0.9796305298805237,0.01,0.89
334787,0.9816904067993164,0.9796305298805237,0.01,0.89
334887,0.9816904067993164,0.9796305298805237,0.01,0.89
334987,0.9816904067993164,0.9796305298805237,0.01,0.89
335087,0.9816904067993164,0.9796305298805237,0.01,0.89
335187,0.9816904067993164,0.9796305298805237,0.01,0.89
335287,0.9816904067993164,0.9796305298805237,0.01,0.89
335387,0.9816904067993164,0.9796305298805237,0.01,0.89
335487,0.9816904067993164,0.9796305298805237,0.01,0.89
335587,0.9816904067993164,0.9796305298805237,0.01,0.89
335687,0.9816904067993164,0.9796305298805237,0.01,0.89
335787,0.9816904067993164,0.9796305298805237,0.01,0.89
335887,0.9816904067993164,0.9796305298805237,0.01,0.89
335987,0.9816904067993164,0.9796305298805237,0.01,0.89
336087,0.9816904067993164,0.9796305298805237,0.01,0.89
336187,0.9816904067993164,0.9796305298805237,0.01,0.89
336287,0.9816904067993164,0.9796305298805237,0.01,0.89
336387,0.9816904067993164,0.9796305298805237,0.01,0.89
336487,0.9816904067993164,0.9796305298805237,0.01,0.89
336587,0.9816904067993164,0.9796305298805237,0.01,0.89
336687,0.9816904067993164,0.9796305298805237,0.01,0.89
336787,0.9816904067993164,0.9796305298805237,0.01,0.89
336887,0.9816904067993164,0.9796305298805237,0.01,0.89
336987,0.9816904067993164,0.9796305298805237,0.01,0.89
337087,0.9816904067993164,0.9796305298805237,0.01,0.89
337187,0.9816904067993164,0.9796305298805237,0.01,0.89
337287,0.9816904067993164,0.9796305298805237,0.01,0.89
337387,0.9816904067993164,0.9796305298805237,0.01,0.89
337487,0.9816904067993164,0.9796305298805237,0.01,0.89
337587,0.9816904067993164,0.9796305298805237,0.01,0.89
337687,0.9816904067993164,0.9796305298805237,0.01,0.89
337787,0.9816904067993164,0.9796305298805237,0.01,0.89
337887,0.9816904067993164,0.9796305298805237,0.01,0.89
337987,0.9816904067993164,0.9796305298805237,0.01,0.89
338087,0.9816904067993164,0.9796305298805237,0.01,0.89
338187,0.9816904067993164,0.9796305298805237,0.01,0.89
338287,0.9816904067993164,0.9796305298805237,0.01,0.89
338387,0.9816904067993164,0.9796305298805237,0.01,0.89
338487,0.9816904067993164,0.9796305298805237,0.01,0.89
338587,0.9816904067993164,0.9796305298805237,0.01,0.89
338687,0.9816904067993164,0.9796305298805237,0.01,0.89
338787,0.9816904067993164,0.9796305298805237,0.01,0.89
338887,0.9816904067993164,0.9796305298805237,0.01,0.89
338987,0.9816904067993164,0.9796305298805237,0.01,0.89
339087,0.9816904067993164,0.9796305298805237,0.01,0.89
339187,0.9816904067993164,0.9796305298805237,0.01,0.89
339287,0.9816904067993164,0.9796305298805237,0.01,0.89
339387,0.9816904067993164,0.9796305298805237,0.01,0.89
339487,0.9816904067993164,0.9796305298805237,0.01,0.89
339587,0.9816904067993164,0.9796305298805237,0.01,0.89
339687,0.9816904067993164,0.9796305298805237,0.01,0.89
339787,0.9816904067993164,0.9796305298805237,0.01,0.89
339887,0.9816904067993164,0.9796305298805237,0.01,0.89
339987,0.9816904067993164,0.9796305298805237,0.01,0.89
340087,0.9816904067993164,0.9796305298805237,0.01,0.89
340187,0.9816904067993164,0.9796305298805237,0.01,0.89
340287,0.9816904067993164,0.9796305298805237,0.01,0.89
340387,0.9816904067993164,0.9796305298805237,0.01,0.89
340487,0.9816904067993164,0.9796305298805237,0.01,0.89
340587,0.9816904067993164,0.9796305298805237,0.01,0.89
340687,0.9816904067993164,0.9796305298805237,0.01,0.89
340787,0.9816904067993164,0.9796305298805237,0.01,0.89
340887,0.9816904067993164,0.9796305298805237,0.01,0.89
340987,0.9816904067993164,0.9796305298805237,0.01,0.89
341087,0.9816904067993164,0.9796305298805237,0.01,0.89
341187,0.9816904067993164,0.9796305298805237,0.01,0.89
341287,0.9816904067993164,0.9796305298805237,0.01,0.89
341387,0.9816904067993164,0.9796305298805237,0.01,0.89
341487,0.9816904067993164,0.9796305298805237,0.01,0.89
341587,0.9816904067993164,0.9796305298805237,0.01,0.89
341687,0.9816904067993164,0.9796305298805237,0.01,0.89
341787,0.9816904067993164,0.9796305298805237,0.01,0.89
341887,0.9816904067993164,0.9796305298805237,0.01,0.89
341987,0.9816904067993164,0.9796305298805237,0.01,0.89
342087,0.9816904067993164,0.9796305298805237,0.01,0.89
342187,0.9816904067993164,0.9796305298805237,0.01,0.89
342287,0.9816904067993164,0.9796305298805237,0.01,0.89
342387,0.9816904067993164,0.9796305298805237,0.01,0.89
342487,0.9816904067993164,0.9796305298805237,0.01,0.89
342587,0.9816904067993164,0.9796305298805237,0.01,0.89
342687,0.9816904067993164,0.9796305298805237,0.01,0.89
342787,0.9816904067993164,0.9796305298805237,0.01,0.89
342887,0.9816904067993164,0.9796305298805237,0.01,0.89
342987,0.9816904067993164,0.9796305298805237,0.01,0.89
343087,0.9816904067993164,0.9796305298805237,0.01,0.89
343187,0.9816904067993164,0.9796305298805237,0.01,0.89
343287,0.9816904067993164,0.9796305298805237,0.01,0.89
343387,0.9816904067993164,0.9796305298805237,0.01,0.89
343487,0.9816904067993164,0.9796305298805237,0.01,0.89
343587,0.9816904067993164,0.9796305298805237,0.01,0.89
343687,0.9816904067993164,0.9796305298805237,0.01,0.89
343787,0.9816904067993164,0.9796305298805237,0.01,0.89
343887,0.9816904067993164,0.9796305298805237,0.01,0.89
343987,0.9816904067993164,0.9796305298805237,0.01,0.89
344087,0.9816904067993164,0.9796305298805237,0.01,0.89
344187,0.9816904067993164,0.9796305298805237,0.01,0.89
344287,0.9816904067993164,0.9796305298805237,0.01,0.89
344387,0.9816904067993164,0.9796305298805237,0.01,0.89
344487,0.9816904067993164,0.9796305298805237,0.01,0.89
344587,0.9816904067993164,0.9796305298805237,0.01,0.89
344687,0.9816904067993164,0.9796305298805237,0.01,0.89
344787,0.9816904067993164,0.9796305298805237,0.01,0.89
344887,0.9816904067993164,0.9796305298805237,0.01,0.89
344987,0.9816904067993164,0.9796305298805237,0.01,0.89
345087,0.9816904067993164,0.9796305298805237,0.01,0.89
345187,0.9816904067993164,0.9796305298805237,0.01,0.89
345287,0.9816904067993164,0.9796305298805237,0.01,0.89
345387,0.9816904067993164,0.9796305298805237,0.01,0.89
345487,0.9816904067993164,0.9796305298805237,0.01,0.89
345587,0.9816904067993164,0.9796305298805237,0.01,0.89
345687,0.9816904067993164,0.9796305298805237,0.01,0.89
345787,0.9816904067993164,0.9796305298805237,0.01,0.89
345887,0.9816904067993164,0.9796305298805237,0.01,0.89
345987,0.9816904067993164,0.9796305298805237,0.01,0.89
346087,0.9816904067993164,0.9796305298805237,0.01,0.89
346187,0.9816904067993164,0.9796305298805237,0.01,0.89
346287,0.9816904067993164,0.9796305298805237,0.01,0.89
346387,0.9816904067993164,0.9796305298805237,0.01,0.89
346487,0.9816904067993164,0.9796305298805237,0.01,0.89
346587,0.9816904067993164,0.9796305298805237,0.01,0.89
346687,0.9816904067993164,0.9796305298805237,0.01,0.89
346787,0.9816904067993164,0.9796305298805237,0.01,0.89
346887,0.9816904067993164,0.9796305298805237,0.01,0.89
346987,0.9816904067993164,0.9796305298805237,0.01,0.89
347087,0.9816904067993164,0.9796305298805237,0.01,0.89
347187,0.9816904067993164,0.9796305298805237,0.01,0.89
347287,0.9816904067993164,0.9796305298805237,0.01,0.89
347387,0.9816904067993164,0.9796305298805237,0.01,0.89
347487,0.9816904067993164,0.9796305298805237,0.01,0.89
347587,0.9816904067993164,0.9796305298805237,0.01,0.89
347687,0.9816904067993164,0.9796305298805237,0.01,0.89
347787,0.9816904067993164,0.9796305298805237,0.01,0.89
347887,0.9816904067993164,0.9796305298805237,0.01,0.89
347987,0.9816904067993164,0.9796305298805237,0.01,0.89
348087,0.9816904067993164,0.9796305298805237,0.01,0.89
348187,0.9816904067993164,0.9796305298805237,0.01,0.89
348287,0.9816904067993164,0.9796305298805237,0.01,0.89
348387,0.9816904067993164,0.9796305298805237,0.01,0.89
348487,0.9816904067993164,0.9796305298805237,0.01,0.89
348587,0.9816904067993164,0.9796305298805237,0.01,0.89
348687,0.9816904067993164,0.9796305298805237,0.01,0.89
348787,0.9816904067993164,0.9796305298805237,0.01,0.89
348887,0.9816904067993164,0.9796305298805237,0.01,0.89
348987,0.9816904067993164,0.9796305298805237,0.01,0.89
349087,0.9816904067993164,0.9796305298805237,0.01,0.89
349187,0.9816904067993164,0.9796305298805237,0.01,0.89
349287,0.9816904067993164,0.9796305298805237,0.01,0.89
349387,0.9816904067993164,0.9796305298805237,0.01,0.89
349487,0.9816904067993164,0.9796305298805237,0.01,0.89
349587,0.9816904067993164,0.9796305298805237,0.01,0.89
349687,0.9816904067993164,0.9796305298805237,0.01,0.89
349787,0.9816904067993164,0.9796305298805237,0.01,0.89
349887,0.9816904067993164,0.9796305298805237,0.01,0.89
349987,0.9816904067993164,0.9796305298805237,0.01,0.89
350087,0.9816904067993164,0.9796305298805237,0.01,0.89
350187,0.9816904067993164,0.9796305298805237,0.01,0.89
350287,0.9816904067993164,0.9796305298805237,0.01,0.89
350387,0.9816904067993164,0.9796305298805237,0.01,0.89
350487,0.9816904067993164,0.9796305298805237,0.01,0.89
350587,0.9816904067993164,0.9796305298805237,0.01,0.89
350687,0.9816904067993164,0.9796305298805237,0.01,0.89
350787,0.9816904067993164,0.9796305298805237,0.01,0.89
350887,0.9816904067993164,0.9796305298805237,0.01,0.89
350987,0.9816904067993164,0.9796305298805237,0.01,0.89
351087,0.9816904067993164,0.9796305298805237,0.01,0.89
351187,0.9816904067993164,0.9796305298805237,0.01,0.89
351287,0.9816904067993164,0.9796305298805237,0.01,0.89
351387,0.9816904067993164,0.9796305298805237,0.01,0.89
351487,0.9816904067993164,0.9796305298805237,0.01,0.89
351587,0.9816904067993164,0.9796305298805237,0.01,0.89
351687,0.9816904067993164,0.9796305298805237,0.01,0.89
351787,0.9816904067993164,0.9796305298805237,0.01,0.89
351887,0.9816904067993164,0.9796305298805237,0.01,0.89
351987,0.9816904067993164,0.9796305298805237,0.01,0.89
352087,0.9816904067993164,0.9796305298805237,0.01,0.89
352187,0.9816904067993164,0.9796305298805237,0.01,0.89
352287,0.9816904067993164,0.9796305298805237,0.01,0.89
352387,0.9816904067993164,0.9796305298805237,0.01,0.89
352487,0.9816904067993164,0.9796305298805237,0.01,0.89
352587,0.9816904067993164,0.9796305298805237,0.01,0.89
352687,0.9816904067993164,0.9796305298805237,0.01,0.89
352787,0.9816904067993164,0.9796305298805237,0.01,0.89
352887,0.9816904067993164,0.9796305298805237,0.01,0.89
352987,0.9816904067993164,0.9796305298805237,0.01,0.89
353087,0.9816904067993164,0.9796305298805237,0.01,0.89
353187,0.9816904067993164,0.9796305298805237,0.01,0.89
353287,0.9816904067993164,0.9796305298805237,0.01,0.89
353387,0.9816904067993164,0.9796305298805237,0.01,0.89
353487,0.9816904067993164,0.9796305298805237,0.01,0.89
353587,0.9816904067993164,0.9796305298805237,0.01,0.89
353687,0.9816904067993164,0.9796305298805237,0.01,0.89
353787,0.9816904067993164,0.9796305298805237,0.01,0.89
353887,0.9816904067993164,0.9796305298805237,0.01,0.89
353987,0.9816904067993164,0.9796305298805237,0.01,0.89
354087,0.9816904067993164,0.9796305298805237,0.01,0.89
354187,0.9816904067993164,0.9796305298805237,0.01,0.89
354287,0.9816904067993164,0.9796305298805237,0.01,0.89
354387,0.9816904067993164,0.9796305298805237,0.01,0.89
354487,0.9816904067993164,0.9796305298805237,0.01,0.89
354587,0.9816904067993164,0.9796305298805237,0.01,0.89
354687,0.9816904067993164,0.9796305298805237,0.01,0.89
354787,0.9816904067993164,0.9796305298805237,0.01,0.89
354887,0.9816904067993164,0.9796305298805237,0.01,0.89
354987,0.9816904067993164,0.9796305298805237,0.01,0.89
355087,0.9816904067993164,0.9796305298805237,0.01,0.89
355187,0.9816904067993164,0.9796305298805237,0.01,0.89
355287,0.9816904067993164,0.9796305298805237,0.01,0.89
355387,0.9816904067993164,0.9796305298805237,0.01,0.89
355487,0.9816904067993164,0.9796305298805237,0.01,0.89
355587,0.9816904067993164,0.9796305298805237,0.01,0.89
355687,0.9816904067993164,0.9796305298805237,0.01,0.89
355787,0.9816904067993164,0.9796305298805237,0.01,0.89
355887,0.9816904067993164,0.9796305298805237,0.01,0.89
355987,0.9816904067993164,0.9796305298805237,0.01,0.89
356087,0.9816904067993164,0.9796305298805237,0.01,0.89
356187,0.9816904067993164,0.9796305298805237,0.01,0.89
356287,0.9816904067993164,0.9796305298805237,0.01,0.89
356387,0.9816904067993164,0.9796305298805237,0.01,0.89
356487,0.9816904067993164,0.9796305298805237,0.01,0.89
356587,0.9816904067993164,0.9796305298805237,0.01,0.89
356687,0.9816904067993164,0.9796305298805237,0.01,0.89
356787,0.9816904067993164,0.9796305298805237,0.01,0.89
356887,0.9816904067993164,0.9796305298805237,0.01,0.89
356987,0.9816904067993164,0.9796305298805237,0.01,0.89
357087,0.9816904067993164,0.9796305298805237,0.01,0.89
357187,0.9816904067993164,0.9796305298805237,0.01,0.89
357287,0.9816904067993164,0.9796305298805237,0.01,0.89
357387,0.9816904067993164,0.9796305298805237,0.01,0.89
357487,0.9816904067993164,0.9796305298805237,0.01,0.89
357587,0.9816904067993164,0.9796305298805237,0.01,0.89
357687,0.9816904067993164,0.9796305298805237,0.01,0.89
357787,0.9816904067993164,0.9796305298805237,0.01,0.89
357887,0.9816904067993164,0.9796305298805237,0.01,0.89
357987,0.9816904067993164,0.9796305298805237,0.01,0.89
358087,0.9816904067993164,0.9796305298805237,0.01,0.89
358187,0.9816904067993164,0.9796305298805237,0.01,0.89
358287,0.9816904067993164,0.9796305298805237,0.01,0.89
358387,0.9816904067993164,0.9796305298805237,0.01,0.89
358487,0.9816904067993164,0.9796305298805237,0.01,0.89
358587,0.9816904067993164,0.9796305298805237,0.01,0.89
358687,0.9816904067993164,0.9796305298805237,0.01,0.89
358787,0.9816904067993164,0.9796305298805237,0.01,0.89
358887,0.9816904067993164,0.9796305298805237,0.01,0.89
358987,0.9816904067993164,0.9796305298805237,0.01,0.89
359087,0.9816904067993164,0.9796305298805237,0.01,0.89
359187,0.9816904067993164,0.9796305298805237,0.01,0.89
359287,0.9816904067993164,0.9796305298805237,0.01,0.89
359387,0.9816904067993164,0.9796305298805237,0.01,0.89
359487,0.9816904067993164,0.9796305298805237,0.01,0.89
359587,0.9816904067993164,0.9796305298805237,0.01,0.89
359687,0.9816904067993164,0.9796305298805237,0.01,0.89
359787,0.9816904067993164,0.9796305298805237,0.01,0.89
359887,0.9816904067993164,0.9796305298805237,0.01,0.89
359987,0.9816904067993164,0.9796305298805237,0.01,0.89
360087,0.9816904067993164,0.9796305298805237,0.01,0.89
360187,0.9816904067993164,0.9796305298805237,0.01,0.89
360287,0.9816904067993164,0.9796305298805237,0.01,0.89
360387,0.9816904067993164,0.9796305298805237,0.01,0.89
360487,0.9816904067993164,0.9796305298805237,0.01,0.89
360587,0.9816904067993164,0.9796305298805237,0.01,0.89
360687,0.9816904067993164,0.9796305298805237,0.01,0.89
360787,0.9816904067993164,0.9796305298805237,0.01,0.89
360887,0.9816904067993164,0.9796305298805237,0.01,0.89
360987,0.9816904067993164,0.9796305298805237,0.01,0.89
361087,0.9816904067993164,0.9796305298805237,0.01,0.89
361187,0.9816904067993164,0.9796305298805237,0.01,0.89
361287,0.9816904067993164,0.9796305298805237,0.01,0.89
361387,0.9816904067993164,0.9796305298805237,0.01,0.89
361487,0.9816904067993164,0.9796305298805237,0.01,0.89
361587,0.9816904067993164,0.9796305298805237,0.01,0.89
361687,0.9816904067993164,0.9796305298805237,0.01,0.89
361787,0.9816904067993164,0.9796305298805237,0.01,0.89
361887,0.9816904067993164,0.9796305298805237,0.01,0.89
361987,0.9816904067993164,0.9796305298805237,0.01,0.89
362087,0.9816904067993164,0.9796305298805237,0.01,0.89
362187,0.9816904067993164,0.9796305298805237,0.01,0.89
362287,0.9816904067993164,0.9796305298805237,0.01,0.89
362387,0.9816904067993164,0.9796305298805237,0.01,0.89
362487,0.9816904067993164,0.9796305298805237,0.01,0.89
362587,0.9816904067993164,0.9796305298805237,0.01,0.89
362687,0.9816904067993164,0.9796305298805237,0.01,0.89
362787,0.9816904067993164,0.9796305298805237,0.01,0.89
392887,0.9816904067993164,0.9796305298805237,0.01,0.87
392987,0.9816904067993164,0.9796305298805237,0.01,0.87
393087,0.9816904067993164,0.9796305298805237,0.01,0.87
393187,0.9816904067993164,0.9796305298805237,0.01,0.87
393287,0.9816904067993164,0.9796305298805237,0.01,0.87
393387,0.9816904067993164,0.9796305298805237,0.01,0.87
393487,0.9816904067993164,0.9796305298805237,0.01,0.87
393587,0.9816904067993164,0.9796305298805237,0.01,0.87
393687,0.9816904067993164,0.9796305298805237,0.01,0.87
393787,0.9816904067993164,0.9796305298805237,0.01,0.87
393887,0.9816904067993164,0.9796305298805237,0.01,0.87
393987,0.9816904067993164,0.9796305298805237,0.01,0.87
394087,0.9816904067993164,0.9796305298805237,0.01,0.87
394187,0.9816904067993164,0.9796305298805237,0.01,0.87
394287,0.9816904067993164,0.9796305298805237,0.01,0.87
394387,0.9816904067993164,0.9796305298805237,0.01,0.87
394487,0.9816904067993164,0.9796305298805237,0.01,0.87
394587,0.9816904067993164,0.9796305298805237,0.01,0.87
394687,0.9816904067993164,0.9796305298805237,0.01,0.87
394787,0.9816904067993164,0.9796305298805237,0.01,0.87
394887,0.9816904067993164,0.9796305298805237,0.01,0.87
394987,0.9816904067993164,0.9796305298805237,0.01,0.87
395087,0.9816904067993164,0.9796305298805237,0.01,0.87
395187,0.9816904067993164,0.9796305298805237,0.01,0.87
395287,0.9816904067993164,0.9796305298805237,0.01,0.87
395387,0.9816904067993164,0.9796305298805237,0.01,0.87
395487,0.9816904067993164,0.9796305298805237,0.01,0.87
395587,0.9816904067993164,0.9796305298805237,0.01,0.87
395687,0.9816904067993164,0.9796305298805237,0.01,0.87
395787,0.9816904067993164,0.9796305298805237,0.01,0.87
395887,0.9816904067993164,0.9796305298805237,0.01,0.87
395987,0.9816904067993164,0.9796305298805237,0.01,0.87
396087,0.9816904067993164,0.9796305298805237,0.01,0.87
396187,0.9816904067993164,0.9796305298805237,0.01,0.87
396287,0.9816904067993164,0.9796305298805237,0.01,0.87
396387,0.9816904067993164,0.9796305298805237,0.01,0.87
396487,0.9816904067993164,0.9796305298805237,0.01,0.87
396587,0.9816904067993164,0.9796305298805237,0.01,0.87
396687,0.9816904067993164,0.9796305298805237,0.01,0.87
396787,0.9816904067993164,0.9796305298805237,0.01,0.87
396887,0.9816904067993164,0.9796305298805237,0.01,0.87
396987,0.9816904067993164,0.9796305298805237,0.01,0.87
397087,0.9816904067993164,0.9796305298805237,0.01,0.87
397187,0.9816904067993164,0.9796305298805237,0.01,0.87
397287,0.9816904067993164,0.9796305298805237,0.01,0.87
397387,0.9816904067993164,0.9796305298805237,0.01,0.87
397487,0.9816904067993164,0.9796305298805237,0.01,0.87
397587,0.9816904067993164,0.9796305298805237,0.01,0.87
397687,0.9816904067993164,0.9796305298805237,0.01,0.87
397787,0.9816904067993164,0.9796305298805237,0.01,0.87
397887,0.9816904067993164,0.9796305298805237,0.01,0.87
397987,0.9816904067993164,0.9796305298805237,0.01,0.87
398087,0.9816904067993164,0.9796305298805237,0.01,0.87
398187,0.9816904067993164,0.9796305298805237,0.01,0.87
398287,0.9816904067993164,0.9796305298805237,0.01,0.87
398387,0.9816904067993164,0.9796305298805237,0.01,0.87
398487,0.9816904067993164,0.9796305298805237,0.01,0.87
398587,0.9816904067993164,0.9796305298805237,0.01,0.87
398687,0.9816904067993164,0.9796305298805237,0.01,0.87
398787,0.9816904067993164,0.9796305298805237,0.01,0.87
398887,0.9816904067993164,0.9796305298805237,0.01,0.87
398987,0.9816904067993164,0.9796305298805237,0.01,0.87
399087,0.9816904067993164,0.9796305298805237,0.01,0.87
399187,0.9816904067993164,0.9796305298805237,0.01,0.87
399287,0.9816904067993164,0.9796305298805237,0.01,0.87
399387,0.9816904067993164,0.9796305298805237,0.01,0.87
399487,0.9816904067993164,0.9796305298805237,0.01,0.87
399587,0.9816904067993164,0.9796305298805237,0.01,0.87
399687,0.9816904067993164,0.9796305298805237,0.01,0.87
399787,0.9816904067993164,0.9796305298805237,0.01,0.87
399887,0.9816904067993164,0.9796305298805237,0.01,0.87
399987,0.9816904067993164,0.9796305298805237,0.01,0.87
400087,0.9816904067993164,0.9796305298805237,0.01,0.87
400187,0.9816904067993164,0.9796305298805237,0.01,0.87
400287,0.9816904067993164,0.9796305298805237,0.01,0.87
400387,0.9816904067993164,0.9796305298805237,0.01,0.87
400487,0.9816904067993164,0.9796305298805237,0.01,0.87
400587,0.9816904067993164,0.9796305298805237,0.01,0.87
400687,0.9816904067993164,0.9796305298805237,0.01,0.87
400787,0.9816904067993164,0.9796305298805237,0.01,0.87
400887,0.9816904067993164,0.9796305298805237,0.01,0.87
400987,0.9816904067993164,0.9796305298805237,0.01,0.87
401087,0.9816904067993164,0.9796305298805237,0.01,0.87
401187,0.9816904067993164,0.9796305298805237,0.01,0.87
401287,0.9816904067993164,0.9796305298805237,0.01,0.87
401387,0.9816904067993164,0.9796305298805237,0.01,0.87
401487,0.9816904067993164,0.9796305298805237,0.01,0.87
401587,0.9816904067993164,0.9796305298805237,0.01,0.87
401687,0.9816904067993164,0.9796305298805237,0.01,0.87
401787,0.9816904067993164,0.9796305298805237,0.01,0.87
401887,0.9816904067993164,0.9796305298805237,0.01,0.87
401987,0.9816904067993164,0.9796305298805237,0.01,0.87
402087,0.9816904067993164,0.9796305298805237,0.01,0.87
402187,0.9816904067993164,0.9796305298805237,0.01,0.87
402287,0.9816904067993164,0.9796305298805237,0.01,0.87
402387,0.9816904067993164,0.9796305298805237,0.01,0.87
402487,0.9816904067993164,0.9796305298805237,0.01,0.87
402587,0.9816904067993164,0.9796305298805237,0.01,0.87
402687,0.9816904067993164,0.9796305298805237,0.01,0.87
402787,0.9816904067993164,0.9796305298805237,0.01,0.87
402887,0.9816904067993164,0.9796305298805237,0.01,0.87
402987,0.9816904067993164,0.9796305298805237,0.01,0.87
403087,0.9816904067993164,0.9796305298805237,0.01,0.87
403187,0.9816904067993164,0.9796305298805237,0.01,0.87
403287,0.9816904067993164,0.9796305298805237,0.01,0.87
403387,0.9816904067993164,0.9796305298805237,0.01,0.87
403487,0.9816904067993164,0.9796305298805237,0.01,0.87
403587,0.9816904067993164,0.9796305298805237,0.01,0.87
403687,0.9816904067993164,0.9796305298805237,0.01,0.87
403787,0.9816904067993164,0.9796305298805237,0.01,0.87
403887,0.9816904067993164,0.9796305298805237,0.01,0.87
403987,0.9816904067993164,0.9796305298805237,0.01,0.87
404087,0.9816904067993164,0.9796305298805237,0.01,0.87
404187,0.9816904067993164,0.9796305298805237,0.01,0.87
404287,0.9816904067993164,0.9796305298805237,0.01,0.87
404387,0.9816904067993164,0.9796305298805237,0.01,0.87
404487,0.9816904067993164,0.9796305298805237,0.01,0.87
404587,0.9816904067993164,0.9796305298805237,0.01,0.87
404687,0.9816904067993164,0.9796305298805237,0.01,0.87
404787,0.9816904067993164,0.9796305298805237,0.01,0.87
404887,0.9816904067993164,0.9796305298805237,0.01,0.87
404987,0.9816904067993164,0.9796305298805237,0.01,0.87
405087,0.9816904067993164,0.9796305298805237,0.01,0.87
405187,0.9816904067993164,0.9796305298805237,0.01,0.87
405287,0.9816904067993164,0.9796305298805237,0.01,0.87
405387,0.9816904067993164,0.9796305298805237,0.01,0.87
405487,0.9816904067993164,0.9796305298805237,0.01,0.87
405587,0.9816904067993164,0.9796305298805237,0.01,0.87
405687,0.9816904067993164,0.9796305298805237,0.01,0.87
405787,0.9816904067993164,0.9796305298805237,0.01,0.87
405887,0.9816904067993164,0.9796305298805237,0.01,0.87
405987,0.9816904067993164,0.9796305298805237,0.01,0.87
406087,0.9816904067993164,0.9796305298805237,0.01,0.87
406187,0.9816904067993164,0.9796305298805237,0.01,0.87
406287,0.9816904067993164,0.9796305298805237,0.01,0.87
406387,0.9816904067993164,0.9796305298805237,0.01,0.87
406487,0.9816904067993164,0.9796305298805237,0.01,0.87
406587,0.9816904067993164,0.9796305298805237,0.01,0.87
406687,0.9816904067993164,0.9796305298805237,0.01,0.87
406787,0.9816904067993164,0.9796305298805237,0.01,0.87
406887,0.9816904067993164,0.9796305298805237,0.01,0.87
406987,0.9816904067993164,0.9796305298805237,0.01,0.87
407087,0.9816904067993164,0.9796305298805237,0.01,0.87
407187,0.9816904067993164,0.9796305298805237,0.01,0.87
407287,0.9816904067993164,0.9796305298805237,0.01,0.87
407387,0.9816904067993164,0.9796305298805237,0.01,0.87
407487,0.9816904067993164,0.9796305298805237,0.01,0.87
407587,0.9816904067993164,0.9796305298805237,0.01,0.87
407687,0.9816904067993164,0.9796305298805237,0.01,0.87
407787,0.9816904067993164,0.9796305298805237,0.01,0.87
407887,0.9816904067993164,0.9796305298805237,0.01,0.87
407987,0.9816904067993164,0.9796305298805237,0.01,0.87
408087,0.9816904067993164,0.9796305298805237,0.01,0.87
408187,0.9816904067993164,0.9796305298805237,0.01,0.87
408287,0.9816904067993164,0.9796305298805237,0.01,0.87
408387,0.9816904067993164,0.9796305298805237,0.01,0.87
408487,0.9816904067993164,0.9796305298805237,0.01,0.87
408587,0.9816904067993164,0.9796305298805237,0.01,0.87
408687,0.9816904067993164,0.9796305298805237,0.01,0.87
408787,0.9816904067993164,0.9796305298805237,0.01,0.87
408887,0.9816904067993164,0.9796305298805237,0.01,0.87
408987,0.9816904067993164,0.9796305298805237,0.01,0.87
409087,0.9816904067993164,0.9796305298805237,0.01,0.87
409187,0.9816904067993164,0.9796305298805237,0.01,0.87
409287,0.9816904067993164,0.9796305298805237,0.01,0.87
409387,0.9816904067993164,0.9796305298805237,0.01,0.87
409487,0.9816904067993164,0.9796305298805237,0.01,0.87
409587,0.9816904067993164,0.9796305298805237,0.01,0.87
409687,0.9816904067993164,0.9796305298805237,0.01,0.87
409787,0.9816904067993164,0.9796305298805237,0.01,0.87
409887,0.9816904067993164,0.9796305298805237,0.01,0.87
409987,0.9816904067993164,0.9796305298805237,0.01,0.87
410087,0.9816904067993164,0.9796305298805237,0.01,0.87
410187,0.9816904067993164,0.9796305298805237,0.01,0.87
410287,0.9816904067993164,0.9796305298805237,0.01,0.87
410387,0.9816904067993164,0.9796305298805237,0.01,0.87
410487,0.9816904067993164,0.9796305298805237,0.01,0.87
410587,0.9816904067993164,0.9796305298805237,0.01,0.87
410687,0.9816904067993164,0.9796305298805237,0.01,0.87
410787,0.9816904067993164,0.9796305298805237,0.01,0.87
410887,0.9816904067993164,0.9796305298805237,0.01,0.87
410987,0.9816904067993164,0.9796305298805237,0.01,0.87
411087,0.9816904067993164,0.9796305298805237,0.01,0.87
411187,0.9816904067993164,0.9796305298805237,0.01,0.87
411287,0.9816904067993164,0.9796305298805237,0.01,0.87
411387,0.9816904067993164,0.9796305298805237,0.01,0.87
411487,0.9816904067993164,0.9796305298805237,0.01,0.87
411587,0.9816904067993164,0.9796305298805237,0.01,0.87
411687,0.9816904067993164,0.9796305298805237,0.01,0.87
411787,0.9816904067993164,0.9796305298805237,0.01,0.87
411887,0.9816904067993164,0.9796305298805237,0.01,0.87
411987,0.9816904067993164,0.9796305298805237,0.01,0.87
412087,0.9816904067993164,0.9796305298805237,0.01,0.87
412187,0.9816904067993164,0.9796305298805237,0.01,0.87
412287,0.9816904067993164,0.9796305298805237,0.01,0.87
412387,0.9816904067993164,0.9796305298805237,0.01,0.87
412487,0.9816904067993164,0.9796305298805237,0.01,0.87
412587,0.9816904067993164,0.9796305298805237,0.01,0.87
412687,0.9816904067993164,0.9796305298805237,0.01,0.87
412787,0.9816904067993164,0.9796305298805237,0.01,0.87
412887,0.9816904067993164,0.9796305298805237,0.01,0.87
412987,0.9816904067993164,0.9796305298805237,0.01,0.87
413087,0.9816904067993164,0.9796305298805237,0.01,0.87
413187,0.9816904067993164,0.9796305298805237,0.01,0.87
413287,0.9816904067993164,0.9796305298805237,0.01,0.87
413387,0.9816904067993164,0.9796305298805237,0.01,0.87
413487,0.9816904067993164,0.9796305298805237,0.01,0.87
413587,0.9816904067993164,0.9796305298805237,0.01,0.87
413687,0.9816904067993164,0.9796305298805237,0.01,0.87
413787,0.9816904067993164,0.9796305298805237,0.01,0.87
413887,0.9816904067993164,0.9796305298805237,0.01,0.87
413987,0.9816904067993164,0.9796305298805237,0.01,0.87
414087,0.9816904067993164,0.9796305298805237,0.01,0.87
414187,0.9816904067993164,0.9796305298805237,0.01,0.87
414287,0.9816904067993164,0.9796305298805237,0.01,0.87
414387,0.9816904067993164,0.9796305298805237,0.01,0.87
414487,0.9816904067993164,0.9796305298805237,0.01,0.87
414587,0.9816904067993164,0.9796305298805237,0.01,0.87
414687,0.9816904067993164,0.9796305298805237,0.01,0.87
414787,0.9816904067993164,0.9796305298805237,0.01,0.87
414887,0.9816904067993164,0.9796305298805237,0.01,0.87
414987,0.9816904067993164,0.9796305298805237,0.01,0.87
415087,0.9816904067993164,0.9796305298805237,0.01,0.87
415187,0.9816904067993164,0.9796305298805237,0.01,0.87
415287,0.9816904067993164,0.9796305298805237,0.01,0.87
415387,0.9816904067993164,0.9796305298805237,0.01,0.87
415487,0.9816904067993164,0.9796305298805237,0.01,0.87
415587,0.9816904067993164,0.9796305298805237,0.01,0.87
415687,0.9816904067993164,0.9796305298805237,0.01,0.87
415787,0.9816904067993164,0.9796305298805237,0.01,0.87
415887,0.9816904067993164,0.9796305298805237,0.01,0.87
415987,0.9816904067993164,0.9796305298805237,0.01,0.87
416087,0.9816904067993164,0.9796305298805237,0.01,0.87
416187,0.9816904067993164,0.9796305298805237,0.01,0.87
416287,0.9816904067993164,0.9796305298805237,0.01,0.87
416387,0.9816904067993164,0.9796305298805237,0.01,0.87
416487,0.9816904067993164,0.9796305298805237,0.01,0.87
416587,0.9816904067993164,0.9796305298805237,0.01,0.87
416687,0.9816904067993164,0.9796305298805237,0.01,0.87
416787,0.9816904067993164,0.9796305298805237,0.01,0.87
416887,0.9816904067993164,0.9796305298805237,0.01,0.87
416987,0.9816904067993164,0.9796305298805237,0.01,0.87
417087,0.9816904067993164,0.9796305298805237,0.01,0.87
417187,0.9816904067993164,0.9796305298805237,0.01,0.87
417287,0.9816904067993164,0.9796305298805237,0.01,0.87
417387,0.9816904067993164,0.9796305298805237,0.01,0.87
417487,0.9816904067993164,0.9796305298805237,0.01,0.87
417587,0.9816904067993164,0.9796305298805237,0.01,0.87
417687,0.9816904067993164,0.9796305298805237,0.01,0.87
417787,0.9816904067993164,0.9796305298805237,0.01,0.87
417887,0.9816904067993164,0.9796305298805237,0.01,0.87
417987,0.9816904067993164,0.9796305298805237,0.01,0.87
418087,0.9816904067993164,0.9796305298805237,0.01,0.87
418187,0.9816904067993164,0.9796305298805237,0.01,0.87
418287,0.9816904067993164,0.9796305298805237,0.01,0.87
418387,0.9816904067993164,0.9796305298805237,0.01,0.87
418487,0.9816904067993164,0.9796305298805237,0.01,0.87
418587,0.9816904067993164,0.9796305298805237,0.01,0.87
418687,0.9816904067993164,0.9796305298805237,0.01,0.87
418787,0.9816904067993164,0.9796305298805237,0.01,0.87
418887,0.9816904067993164,0.9796305298805237,0.01,0.87
418987,0.9816904067993164,0.9796305298805237,0.01,0.87
419087,0.9816904067993164,0.9796305298805237,0.01,0.87
419187,0.9816904067993164,0.9796305298805237,0.01,0.87
419287,0.9816904067993164,0.9796305298805237,0.01,0.87
419387,0.9816904067993164,0.9796305298805237,0.01,0.87
419487,0.9816904067993164,0.9796305298805237,0.01,0.87
419587,0.9816904067993164,0.9796305298805237,0.01,0.87
419687,0.9816904067993164,0.9796305298805237,0.01,0.87
419787,0.9816904067993164,0.9796305298805237,0.01,0.87
419887,0.9816904067993164,0.9796305298805237,0.01,0.87
419987,0.9816904067993164,0.9796305298805237,0.01,0.87
420087,0.9816904067993164,0.9796305298805237,0.01,0.87
420187,0.9816904067993164,0.9796305298805237,0.01,0.87
420287,0.9816904067993164,0.9796305298805237,0.01,0.87
420387,0.9816904067993164,0.9796305298805237,0.01,0.87
420487,0.9816904067993164,0.9796305298805237,0.01,0.87
420587,0.9816904067993164,0.9796305298805237,0.01,0.87
420687,0.9816904067993164,0.9796305298805237,0.01,0.87
420787,0.9816904067993164,0.9796305298805237,0.01,0.87
420887,0.9816904067993164,0.9796305298805237,0.01,0.87
420987,0.9816904067993164,0.9796305298805237,0.01,0.87
421087,0.9816904067993164,0.9796305298805237,0.01,0.87
421187,0.9816904067993164,0.9796305298805237,0.01,0.87
421287,0.9816904067993164,0.9796305298805237,0.01,0.87
421387,0.9816904067993164,0.9796305298805237,0.01,0.87
421487,0.9816904067993164,0.9796305298805237,0.01,0.87
421587,0.9816904067993164,0.9796305298805237,0.01,0.87
421687,0.9816904067993164,0.9796305298805237,0.01,0.87
421787,0.9816904067993164,0.9796305298805237,0.01,0.87
421887,0.9816904067993164,0.9796305298805237,0.01,0.87
421987,0.9816904067993164,0.9796305298805237,0.01,0.87
422087,0.9816904067993164,0.9796305298805237,0.01,0.87
422187,0.9816904067993164,0.9796305298805237,0.01,0.87
422287,0.9816904067993164,0.9796305298805237,0.01,0.87
422387,0.9816904067993164,0.9796305298805237,0.01,0.87
422487,0.9816904067993164,0.9796305298805237,0.01,0.87
422587,0.9816904067993164,0.9796305298805237,0.01,0.87
422687,0.9816904067993164,0.9796305298805237,0.01,0.87
422787,0.9816904067993164,0.9796305298805237,0.01,0.87
452887,0.9816904067993164,0.9796305298805237,0.01,0.87
452987,0.9816904067993164,0.9796305298805237,0.01,0.87
453087,0.9816904067993164,0.9796305298805237,0.01,0.87
453187,0.9816904067993164,0.9796305298805237,0.01,0.87
453287,0.9816904067993164,0.9796305298805237,0.01,0.87
453387,0.9816904067993164,0.9796305298805237,0.01,0.87
453487,0.9816904067993164,0.9796305298805237,0.01,0.87
453587,0.9816904067993164,0.9796305298805237,0.01,0.87
453687,0.9816904067993164,0.9796305298805237,0.01,0.87
453787,0.9816904067993164,0.9796305298805237,0.01,0.87
453887,0.9816904067993164,0.9796305298805237,0.01,0.87
453987,0.9816904067993164,0.9796305298805237,0.01,0.87
454087,0.9816904067993164,0.9796305298805237,0.01,0.87
454187,0.9816904067993164,0.9796305298805237,0.01,0.87
454287,0.9816904067993164,0.9796305298805237,0.01,0.87
454387,0.9816904067993164,0.9796305298805237,0.01,0.87
454487,0.9816904067993164,0.9796305298805237,0.01,0.87
454587,0.9816904067993164,0.9796305298805237,0.01,0.87
454687,0.9816904067993164,0.9796305298805237,0.01,0.87
454787,0.9816904067993164,0.9796305298805237,0.01,0.87
454887,0.9816904067993164,0.9796305298805237,0.01,0.87
454987,0.9816904067993164,0.9796305298805237,0.01,0.87
455087,0.9816904067993164,0.9796305298805237,0.01,0.87
455187,0.9816904067993164,0.9796305298805237,0.01,0.87
455287,0.9816904067993164,0.9796305298805237,0.01,0.87
455387,0.9816904067993164,0.9796305298805237,0.01,0.87
455487,0.9816904067993164,0.9796305298805237,0.01,0.87
455587,0.9816904067993164,0.9796305298805237,0.01,0.87
455687,0.9816904067993164,0.9796305298805237,0.01,0.87
455787,0.9816904067993164,0.9796305298805237,0.01,0.87
455887,0.9816904067993164,0.9796305298805237,0.01,0.87
455987,0.9816904067993164,0.9796305298805237,0.01,0.87
456087,0.9816904067993164,0.9796305298805237,0.01,0.87
456187,0.9816904067993164,0.9796305298805237,0.01,0.87
456287,0.9816904067993164,0.9796305298805237,0.01,0.87
456387,0.9816904067993164,0.9796305298805237,0.01,0.87
456487,0.9816904067993164,0.9796305298805237,0.01,0.87
456587,0.9816904067993164,0.9796305298805237,0.01,0.87
456687,0.9816904067993164,0.9796305298805237,0.01,0.87
456787,0.9816904067993164,0.9796305298805237,0.01,0.87
456887,0.9816904067993164,0.9796305298805237,0.01,0.87
456987,0.9816904067993164,0.9796305298805237,0.01,0.87
457087,0.9816904067993164,0.9796305298805237,0.01,0.87
457187,0.9816904067993164,0.9796305298805237,0.01,0.87
457287,0.9816904067993164,0.9796305298805237,0.01,0.87
457387,0.9816904067993164,0.9796305298805237,0.01,0.87
457487,0.9816904067993164,0.9796305298805237,0.01,0.87
457587,0.9816904067993164,0.9796305298805237,0.01,0.87
457687,0.9816904067993164,0.9796305298805237,0.01,0.87
457787,0.9816904067993164,0.9796305298805237,0.01,0.87
457887,0.9816904067993164,0.9796305298805237,0.01,0.87
457987,0.9816904067993164,0.9796305298805237,0.01,0.87
458087,0.9816904067993164,0.9796305298805237,0.01,0.87
458187,0.9816904067993164,0.9796305298805237,0.01,0.87
458287,0.9816904067993164,0.9796305298805237,0.01,0.87
458387,0.9816904067993164,0.9796305298805237,0.01,0.87
458487,0.9816904067993164,0.9796305298805237,0.01,0.87
458587,0.9816904067993164,0.9796305298805237,0.01,0.87
458687,0.9816904067993164,0.9796305298805237,0.01,0.87
458787,0.9816904067993164,0.9796305298805237,0.01,0.87
458887,0.9816904067993164,0.9796305298805237,0.01,0.87
458987,0.9816904067993164,0.9796305298805237,0.01,0.87
459087,0.9816904067993164,0.9796305298805237,0.01,0.87
459187,0.9816904067993164,0.9796305298805237,0.01,0.87
459287,0.9816904067993164,0.9796305298805237,0.01,0.87
459387,0.9816904067993164,0.9796305298805237,0.01,0.87
459487,0.9816904067993164,0.9796305298805237,0.01,0.87
459587,0.9816904067993164,0.9796305298805237,0.01,0.87
459687,0.9816904067993164,0.9796305298805237,0.01,0.87
459787,0.9816904067993164,0.9796305298805237,0.01,0.87
459887,0.9816904067993164,0.9796305298805237,0.01,0.87
459987,0.9816904067993164,0.9796305298805237,0.01,0.87
460087,0.9816904067993164,0.9796305298805237,0.01,0.87
460187,0.9816904067993164,0.9796305298805237,0.01,0.87
460287,0.9816904067993164,0.9796305298805237,0.01,0.87
460387,0.9816904067993164,0.9796305298805237,0.01,0.87
460487,0.9816904067993164,0.9796305298805237,0.01,0.87
460587,0.9816904067993164,0.9796305298805237,0.01,0.87
460687,0.9816904067993164,0.9796305298805237,0.01,0.87
460787,0.9816904067993164,0.9796305298805237,0.01,0.87
460887,0.9816904067993164,0.9796305298805237,0.01,0.87
460987,0.9816904067993164,0.9796305298805237,0.01,0.87
461087,0.9816904067993164,0.9796305298805237,0.01,0.87
461187,0.9816904067993164,0.9796305298805237,0.01,0.87
461287,0.9816904067993164,0.9796305298805237,0.01,0.87
461387,0.9816904067993164,0.9796305298805237,0.01,0.87
461487,0.9816904067993164,0.9796305298805237,0.01,0.87
461587,0.9816904067993164,0.9796305298805237,0.01,0.87
461687,0.9816904067993164,0.9796305298805237,0.01,0.87
461787,0.9816904067993164,0.9796305298805237,0.01,0.87
461887,0.9816904067993164,0.9796305298805237,0.01,0.87
461987,0.9816904067993164,0.9796305298805237,0.01,0.87
462087,0.9816904067993164,0.9796305298805237,0.01,0.87
462187,0.9816904067993164,0.9796305298805237,0.01,0.87
462287,0.9816904067993164,0.9796305298805237,0.01,0.87
462387,0.9816904067993164,0.9796305298805237,0.01,0.87
462487,0.9816904067993164,0.9796305298805237,0.01,0.87
462587,0.9816904067993164,0.9796305298805237,0.01,0.87
462687,0.9816904067993164,0.9796305298805237,0.01,0.87
462787,0.9816904067993164,0.9796305298805237,0.01,0.87
462887,0.9816904067993164,0.9796305298805237,0.01,0.87
462987,0.9816904067993164,0.9796305298805237,0.01,0.87
463087,0.9816904067993164,0.9796305298805237,0.01,0.87
463187,0.9816904067993164,0.9796305298805237,0.01,0.87
463287,0.9816904067993164,0.9796305298805237,0.01,0.87
463387,0.9816904067993164,0.9796305298805237,0.01,0.87
463487,0.9816904067993164,0.9796305298805237,0.01,0.87
463587,0.9816904067993164,0.9796305298805237,0.01,0.87
463687,0.9816904067993164,0.9796305298805237,0.01,0.87
463787,0.9816904067993164,0.9796305298805237,0.01,0.87
463887,0.9816904067993164,0.9796305298805237,0.01,0.87
463987,0.9816904067993164,0.9796305298805237,0.01,0.87
464087,0.9816904067993164,0.9796305298805237,0.01,0.87
464187,0.9816904067993164,0.9796305298805237,0.01,0.87
464287,0.9816904067993164,0.9796305298805237,0.01,0.87
464387,0.9816904067993164,0.9796305298805237,0.01,0.87
464487,0.9816904067993164,0.9796305298805237,0.01,0.87
464587,0.9816904067993164,0.9796305298805237,0.01,0.87
464687,0.9816904067993164,0.9796305298805237,0.01,0.87
464787,0.9816904067993164,0.9796305298805237,0.01,0.87
464887,0.9816904067993164,0.9796305298805237,0.01,0.87
464987,0.9816904067993164,0.9796305298805237,0.01,0.87
465087,0.9816904067993164,0.9796305298805237,0.01,0.87
465187,0.9816904067993164,0.9796305298805237,0.01,0.87
465287,0.9816904067993164,0.9796305298805237,0.01,0.87
465387,0.9816904067993164,0.9796305298805237,0.01,0.87
465487,0.9816904067993164,0.9796305298805237,0.01,0.87
465587,0.9816904067993164,0.9796305298805237,0.01,0.87
465687,0.9816904067993164,0.9796305298805237,0.01,0.87
465787,0.9816904067993164,0.9796305298805237,0.01,0.87
465887,0.9816904067993164,0.9796305298805237,0.01,0.87
465987,0.9816904067993164,0.9796305298805237,0.01,0.87
466087,0.9816904067993164,0.9796305298805237,0.01,0.87
466187,0.9816904067993164,0.9796305298805237,0.01,0.87
466287,0.9816904067993164,0.9796305298805237,0.01,0.87
466387,0.9816904067993164,0.9796305298805237,0.01,0.87
466487,0.9816904067993164,0.9796305298805237,0.01,0.87
466587,0.9816904067993164,0.9796305298805237,0.01,0.87
466687,0.9816904067993164,0.9796305298805237,0.01,0.87
466787,0.9816904067993164,0.9796305298805237,0.01,0.87
466887,0.9816904067993164,0.9796305298805237,0.01,0.87
466987,0.9816904067993164,0.9796305298805237,0.01,0.87
467087,0.9816904067993164,0.9796305298805237,0.01,0.87
467187,0.9816904067993164,0.9796305298805237,0.01,0.87
467287,0.9816904067993164,0.9796305298805237,0.01,0.87
467387,0.9816904067993164,0.9796305298805237,0.01,0.87
467487,0.9816904067993164,0.9796305298805237,0.01,0.87
467587,0.9816904067993164,0.9796305298805237,0.01,0.87
467687,0.9816904067993164,0.9796305298805237,0.01,0.87
467787,0.9816904067993164,0.9796305298805237,0.01,0.87
467887,0.9816904067993164,0.9796305298805237,0.01,0.87
467987,0.9816904067993164,0.9796305298805237,0.01,0.87
468087,0.9816904067993164,0.9796305298805237,0.01,0.87
468187,0.9816904067993164,0.9796305298805237,0.01,0.87
468287,0.9816904067993164,0.9796305298805237,0.01,0.87
468387,0.9816904067993164,0.9796305298805237,0.01,0.87
468487,0.9816904067993164,0.9796305298805237,0.01,0.87
468587,0.9816904067993164,0.9796305298805237,0.01,0.87
468687,0.9816904067993164,0.9796305298805237,0.01,0.87
468787,0.9816904067993164,0.9796305298805237,0.01,0.87
468887,0.9816904067993164,0.9796305298805237,0.01,0.87
468987,0.9816904067993164,0.9796305298805237,0.01,0.87
469087,0.9816904067993164,0.9796305298805237,0.01,0.87
469187,0.9816904067993164,0.9796305298805237,0.01,0.87
469287,0.9816904067993164,0.9796305298805237,0.01,0.87
469387,0.9816904067993164,0.9796305298805237,0.01,0.87
469487,0.9816904067993164,0.9796305298805237,0.01,0.87
469587,0.9816904067993164,0.9796305298805237,0.01,0.87
469687,0.9816904067993164,0.9796305298805237,0.01,0.87
469787,0.9816904067993164,0.9796305298805237,0.01,0.87
469887,0.9816904067993164,0.9796305298805237,0.01,0.87
469987,0.9816904067993164,0.9796305298805237,0.01,0.87
470087,0.9816904067993164,0.9796305298805237,0.01,0.87
470187,0.9816904067993164,0.9796305298805237,0.01,0.87
470287,0.9816904067993164,0.9796305298805237,0.01,0.87
470387,0.9816904067993164,0.9796305298805237,0.01,0.87
470487,0.9816904067993164,0.9796305298805237,0.01,0.87
470587,0.9816904067993164,0.9796305298805237,0.01,0.87
470687,0.9816904067993164,0.9796305298805237,0.01,0.87
470787,0.9816904067993164,0.9796305298805237,0.01,0.87
470887,0.9816904067993164,0.9796305298805237,0.01,0.87
470987,0.9816904067993164,0.9796305298805237,0.01,0.87
471087,0.9816904067993164,0.9796305298805237,0.01,0.87
471187,0.9816904067993164,0.9796305298805237,0.01,0.87
471287,0.9816904067993164,0.9796305298805237,0.01,0.87
471387,0.9816904067993164,0.9796305298805237,0.01,0.87
471487,0.9816904067993164,0.9796305298805237,0.01,0.87
471587,0.9816904067993164,0.9796305298805237,0.01,0.87
471687,0.9816904067993164,0.9796305298805237,0.01,0.87
471787,0.9816904067993164,0.9796305298805237,0.01,0.87
471887,0.9816904067993164,0.9796305298805237,0.01,0.87
471987,0.9816904067993164,0.9796305298805237,0.01,0.87
472087,0.9816904067993164,0.9796305298805237,0.01,0.87
472187,0.9816904067993164,0.9796305298805237,0.01,0.87
472287,0.9816904067993164,0.9796305298805237,0.01,0.87
472387,0.9816904067993164,0.9796305298805237,0.01,0.87
472487,0.9816904067993164,0.9796305298805237,0.01,0.87
472587,0.9816904067993164,0.9796305298805237,0.01,0.87
472687,0.9816904067993164,0.9796305298805237,0.01,0.87
472787,0.9816904067993164,0.9796305298805237,0.01,0.87
472887,0.9816904067993164,0.9796305298805237,0.01,0.87
472987,0.9816904067993164,0.9796305298805237,0.01,0.87
473087,0.9816904067993164,0.9796305298805237,0.01,0.87
473187,0.9816904067993164,0.9796305298805237,0.01,0.87
473287,0.9816904067993164,0.9796305298805237,0.01,0.87
473387,0.9816904067993164,0.9796305298805237,0.01,0.87
473487,0.9816904067993164,0.9796305298805237,0.01,0.87
473587,0.9816904067993164,0.9796305298805237,0.01,0.87
473687,0.9816904067993164,0.9796305298805237,0.01,0.87
473787,0.9816904067993164,0.9796305298805237,0.01,0.87
473887,0.9816904067993164,0.9796305298805237,0.01,0.87
473987,0.9816904067993164,0.9796305298805237,0.01,0.87
474087,0.9816904067993164,0.9796305298805237,0.01,0.87
474187,0.9816904067993164,0.9796305298805237,0.01,0.87
474287,0.9816904067993164,0.9796305298805237,0.01,0.87
474387,0.9816904067993164,0.9796305298805237,0.01,0.87
474487,0.9816904067993164,0.9796305298805237,0.01,0.87
474587,0.9816904067993164,0.9796305298805237,0.01,0.87
474687,0.9816904067993164,0.9796305298805237,0.01,0.87
474787,0.9816904067993164,0.9796305298805237,0.01,0.87
474887,0.9816904067993164,0.9796305298805237,0.01,0.87
474987,0.9816904067993164,0.9796305298805237,0.01,0.87
475087,0.9816904067993164,0.9796305298805237,0.01,0.87
475187,0.9816904067993164,0.9796305298805237,0.01,0.87
475287,0.9816904067993164,0.9796305298805237,0.01,0.87
475387,0.9816904067993164,0.9796305298805237,0.01,0.87
475487,0.9816904067993164,0.9796305298805237,0.01,0.87
475587,0.9816904067993164,0.9796305298805237,0.01,0.87
475687,0.9816904067993164,0.9796305298805237,0.01,0.87
475787,0.9816904067993164,0.9796305298805237,0.01,0.87
475887,0.9816904067993164,0.9796305298805237,0.01,0.87
475987,0.9816904067993164,0.9796305298805237,0.01,0.87
476087,0.9816904067993164,0.9796305298805237,0.01,0.87
476187,0.9816904067993164,0.9796305298805237,0.01,0.87
476287,0.9816904067993164,0.9796305298805237,0.01,0.87
476387,0.9816904067993164,0.9796305298805237,0.01,0.87
476487,0.9816904067993164,0.9796305298805237,0.01,0.87
476587,0.9816904067993164,0.9796305298805237,0.01,0.87
476687,0.9816904067993164,0.9796305298805237,0.01,0.87
476787,0.9816904067993164,0.9796305298805237,0.01,0.87
476887,0.9816904067993164,0.9796305298805237,0.01,0.87
476987,0.9816904067993164,0.9796305298805237,0.01,0.87
477087,0.9816904067993164,0.9796305298805237,0.01,0.87
477187,0.9816904067993164,0.9796305298805237,0.01,0.87
477287,0.9816904067993164,0.9796305298805237,0.01,0.87
477387,0.9816904067993164,0.9796305298805237,0.01,0.87
477487,0.9816904067993164,0.9796305298805237,0.01,0.87
477587,0.9816904067993164,0.9796305298805237,0.01,0.87
477687,0.9816904067993164,0.9796305298805237,0.01,0.87
477787,0.9816904067993164,0.9796305298805237,0.01,0.87
477887,0.9816904067993164,0.9796305298805237,0.01,0.87
477987,0.9816904067993164,0.9796305298805237,0.01,0.87
478087,0.9816904067993164,0.9796305298805237,0.01,0.87
478187,0.9816904067993164,0.9796305298805237,0.01,0.87
478287,0.9816904067993164,0.9796305298805237,0.01,0.87
478387,0.9816904067993164,0.9796305298805237,0.01,0.87
478487,0.9816904067993164,0.9796305298805237,0.01,0.87
478587,0.9816904067993164,0.9796305298805237,0.01,0.87
478687,0.9816904067993164,0.9796305298805237,0.01,0.87
478787,0.9816904067993164,0.9796305298805237,0.01,0.87
478887,0.9816904067993164,0.9796305298805237,0.01,0.87
478987,0.9816904067993164,0.9796305298805237,0.01,0.87
479087,0.9816904067993164,0.9796305298805237,0.01,0.87
479187,0.9816904067993164,0.9796305298805237,0.01,0.87
479287,0.9816904067993164,0.9796305298805237,0.01,0.87
479387,0.9816904067993164,0.9796305298805237,0.01,0.87
479487,0.9816904067993164,0.9796305298805237,0.01,0.87
479587,0.9816904067993164,0.9796305298805237,0.01,0.87
479687,0.9816904067993164,0.9796305298805237,0.01,0.87
479787,0.9816904067993164,0.9796305298805237,0.01,0.87
479887,0.9816904067993164,0.9796305298805237,0.01,0.87
479987,0.9816904067993164,0.9796305298805237,0.01,0.87
480087,0.9816904067993164,0.9796305298805237,0.01,0.87
480187,0.9816904067993164,0.9796305298805237,0.01,0.87
480287,0.9816904067993164,0.9796305298805237,0.01,0.87
480387,0.9816904067993164,0.9796305298805237,0.01,0.87
480487,0.9816904067993164,0.9796305298805237,0.01,0.87
480587,0.9816904067993164,0.9796305298805237,0.01,0.87
480687,0.9816904067993164,0.9796305298805237,0.01,0.87
480787,0.9816904067993164,0.9796305298805237,0.01,0.87
480887,0.9816904067993164,0.9796305298805237,0.01,0.87
480987,0.9816904067993164,0.9796305298805237,0.01,0.87
481087,0.9816904067993164,0.9796305298805237,0.01,0.87
481187,0.9816904067993164,0.9796305298805237,0.01,0.87
481287,0.9816904067993164,0.9796305298805237,0.01,0.87
481387,0.9816904067993164,0.9796305298805237,0.01,0.87
481487,0.9816904067993164,0.9796305298805237,0.01,0.87
481587,0.9816904067993164,0.9796305298805237,0.01,0.87
481687,0.9816904067993164,0.9796305298805237,0.01,0.87
481787,0.9816904067993164,0.9796305298805237,0.01,0.87
481887,0.9816904067993164,0.9796305298805237,0.01,0.87
481987,0.9816904067993164,0.9796305298805237,0.01,0.87
482087,0.9816904067993164,0.9796305298805237,0.01,0.87
482187,0.9816904067993164,0.9796305298805237,0.01,0.87
482287,0.9816904067993164,0.9796305298805237,0.01,0.87
482387,0.9816904067993164,0.9796305298805237,0.01,0.87
482487,0.9816904067993164,0.9796305298805237,0.01,0.87
482587,0.9816904067993164,0.9796305298805237,0.01,0.87
482687,0.9816904067993164,0.9796305298805237,0.01,0.87
482787,0.9816904067993164,0.9796305298805237,0.01,0.87
