evaluation,fitness,test_accuracy,uniqueness,time
0,-1.4250563383102417,-1.6352028846740723,1.0,0.77
100,-1.4250563383102417,-1.6352028846740723,1.0,0.77
200,-1.4250563383102417,-1.6352028846740723,1.0,0.77
300,-1.4250563383102417,-1.6352028846740723,1.0,0.77
400,-1.4250563383102417,-1.6352028846740723,1.0,0.77
500,-1.4250563383102417,-1.6352028846740723,1.0,0.77
600,-1.4250563383102417,-1.6352028846740723,1.0,0.77
700,-1.4250563383102417,-1.6352028846740723,1.0,0.77
800,-0.32979804277420044,-0.34942883253097534,1.0,0.77
900,-0.32979804277420044,-0.34942883253097534,1.0,0.77
1000,-0.32979804277420044,-0.34942883253097534,1.0,0.77
1100,-0.32979804277420044,-0.34942883253097534,1.0,0.77
1200,-0.32979804277420044,-0.34942883253097534,1.0,0.77
1300,-0.32979804277420044,-0.34942883253097534,1.0,0.77
1400,-0.32979804277420044,-0.34942883253097534,1.0,0.77
1500,-0.32979804277420044,-0.34942883253097534,1.0,0.77
1600,-0.32979804277420044,-0.34942883253097534,1.0,0.77
1700,-0.32979804277420044,-0.34942883253097534,1.0,0.77
1800,-0.32979804277420044,-0.34942883253097534,1.0,0.77
1900,-0.32979804277420044,-0.34942883253097534,1.0,0.77
2000,-0.32979804277420044,-0.34942883253097534,1.0,0.77
2100,-0.32979804277420044,-0.34942883253097534,1.0,0.77
2200,-0.32979804277420044,-0.34942883253097534,1.0,0.77
2300,-0.32979804277420044,-0.34942883253097534,1.0,0.77
2400,-0.32979804277420044,-0.34942883253097534,1.0,0.77
2500,-0.32979804277420044,-0.34942883253097534,1.0,0.77
2600,-0.32979804277420044,-0.34942883253097534,1.0,0.77
2700,-0.32979804277420044,-0.34942883253097534,1.0,0.77
2800,-0.32979804277420044,-0.34942883253097534,1.0,0.77
2900,-0.32979804277420044,-0.34942883253097534,1.0,0.77
3000,-0.010263592004776001,-0.046912938356399536,1.0,0.77
3100,-0.010263592004776001,-0.046912938356399536,1.0,0.77
3200,-0.010263592004776001,-0.046912938356399536,1.0,0.77
3300,-0.010263592004776001,-0.046912938356399536,1.0,0.77
3400,-0.010263592004776001,-0.046912938356399536,1.0,0.77
3500,-0.010263592004776001,-0.046912938356399536,1.0,0.77
3600,-0.010263592004776001,-0.046912938356399536,1.0,0.77
3700,-0.010263592004776001,-0.046912938356399536,1.0,0.77
3800,-0.010263592004776001,-0.046912938356399536,1.0,0.77
3900,-0.010263592004776001,-0.046912938356399536,1.0,0.77
4000,-0.010263592004776001,-0.046912938356399536,1.0,0.77
4100,-0.010263592004776001,-0.046912938356399536,1.0,0.77
4200,-0.010263592004776001,-0.046912938356399536,1.0,0.77
4300,-0.010263592004776001,-0.046912938356399536,1.0,0.77
4400,-0.010263592004776001,-0.046912938356399536,1.0,0.77
4500,-0.010263592004776001,-0.046912938356399536,1.0,0.77
4600,-0.010263592004776001,-0.046912938356399536,1.0,0.77
4700,-0.010263592004776001,-0.046912938356399536,1.0,0.77
4800,-0.010263592004776001,-0.046912938356399536,1.0,0.77
4900,-0.010263592004776001,-0.046912938356399536,1.0,0.77
5000,-0.010263592004776001,-0.046912938356399536,1.0,0.77
5100,-0.010263592004776001,-0.046912938356399536,1.0,0.77
5200,-0.010263592004776001,-0.046912938356399536,1.0,0.77
5300,-0.010263592004776001,-0.046912938356399536,1.0,0.77
5400,-0.010263592004776001,-0.046912938356399536,1.0,0.77
5500,-0.010263592004776001,-0.046912938356399536,1.0,0.77
5600,-0.010263592004776001,-0.046912938356399536,1.0,0.77
5700,-0.010263592004776001,-0.046912938356399536,1.0,0.77
5800,-0.010263592004776001,-0.046912938356399536,1.0,0.77
5900,-0.010263592004776001,-0.046912938356399536,1.0,0.77
6000,-0.010263592004776001,-0.046912938356399536,1.0,0.77
6100,-0.010263592004776001,-0.046912938356399536,1.0,0.77
6200,-0.010263592004776001,-0.046912938356399536,1.0,0.77
6300,-0.010263592004776001,-0.046912938356399536,1.0,0.77
6400,-0.010263592004776001,-0.046912938356399536,1.0,0.77
6500,-0.010263592004776001,-0.046912938356399536,1.0,0.77
6600,-0.010263592004776001,-0.046912938356399536,1.0,0.77
6700,-0.010263592004776001,-0.046912938356399536,1.0,0.77
6800,-0.010263592004776001,-0.046912938356399536,1.0,0.77
6900,-0.010263592004776001,-0.046912938356399536,1.0,0.77
7000,-0.010263592004776001,-0.046912938356399536,1.0,0.77
7100,-0.010263592004776001,-0.046912938356399536,1.0,0.77
7200,-0.010263592004776001,-0.046912938356399536,1.0,0.77
7300,-0.010263592004776001,-0.046912938356399536,1.0,0.77
7400,-0.010263592004776001,-0.046912938356399536,1.0,0.77
7500,-0.010263592004776001,-0.046912938356399536,1.0,0.77
7600,-0.010263592004776001,-0.046912938356399536,1.0,0.77
7700,-0.010263592004776001,-0.046912938356399536,1.0,0.77
7800,-0.010263592004776001,-0.046912938356399536,1.0,0.77
7900,-0.010263592004776001,-0.046912938356399536,1.0,0.77
8000,-0.010263592004776001,-0.046912938356399536,1.0,0.77
8100,-0.010263592004776001,-0.046912938356399536,1.0,0.77
8200,-0.010263592004776001,-0.046912938356399536,1.0,0.77
8300,-0.010263592004776001,-0.046912938356399536,1.0,0.77
8400,-0.010263592004776001,-0.046912938356399536,1.0,0.77
8500,-0.010263592004776001,-0.046912938356399536,1.0,0.77
8600,-0.010263592004776001,-0.046912938356399536,1.0,0.77
8700,-0.010263592004776001,-0.046912938356399536,1.0,0.77
8800,-0.010263592004776001,-0.046912938356399536,1.0,0.77
8900,-0.010263592004776001,-0.046912938356399536,1.0,0.77
9000,-0.010263592004776001,-0.046912938356399536,1.0,0.77
9100,-0.010263592004776001,-0.046912938356399536,1.0,0.77
9200,-0.010263592004776001,-0.046912938356399536,1.0,0.77
9300,-0.010263592004776001,-0.046912938356399536,1.0,0.77
9400,-0.010263592004776001,-0.046912938356399536,1.0,0.77
9500,-0.010263592004776001,-0.046912938356399536,1.0,0.77
9600,-0.010263592004776001,-0.046912938356399536,1.0,0.77
9700,-0.010263592004776001,-0.046912938356399536,1.0,0.77
9800,-0.010263592004776001,-0.046912938356399536,1.0,0.77
9900,-0.010263592004776001,-0.046912938356399536,1.0,0.77
10000,-0.010263592004776001,-0.046912938356399536,1.0,0.77
10100,-0.010263592004776001,-0.046912938356399536,1.0,0.77
10200,-0.010263592004776001,-0.046912938356399536,1.0,0.77
10300,-0.010263592004776001,-0.046912938356399536,1.0,0.77
10400,-0.010263592004776001,-0.046912938356399536,1.0,0.77
10500,-0.010263592004776001,-0.046912938356399536,1.0,0.77
10600,-0.010263592004776001,-0.046912938356399536,1.0,0.77
10700,-0.010263592004776001,-0.046912938356399536,1.0,0.77
10800,-0.010263592004776001,-0.046912938356399536,1.0,0.77
10900,-0.010263592004776001,-0.046912938356399536,1.0,0.77
11000,-0.010263592004776001,-0.046912938356399536,1.0,0.77
11100,-0.010263592004776001,-0.046912938356399536,1.0,0.77
11200,-0.010263592004776001,-0.046912938356399536,1.0,0.77
11300,-0.010263592004776001,-0.046912938356399536,1.0,0.77
11400,-0.010263592004776001,-0.046912938356399536,1.0,0.77
11500,-0.010263592004776001,-0.046912938356399536,1.0,0.77
11600,-0.010263592004776001,-0.046912938356399536,1.0,0.77
11700,-0.010263592004776001,-0.046912938356399536,1.0,0.77
11800,-0.010263592004776001,-0.046912938356399536,1.0,0.77
11900,-0.010263592004776001,-0.046912938356399536,1.0,0.77
12000,-0.010263592004776001,-0.046912938356399536,1.0,0.77
12100,-0.010263592004776001,-0.046912938356399536,1.0,0.77
12200,-0.010263592004776001,-0.046912938356399536,1.0,0.77
12300,-0.010263592004776001,-0.046912938356399536,1.0,0.77
12400,-0.010263592004776001,-0.046912938356399536,1.0,0.77
12500,-0.010263592004776001,-0.046912938356399536,1.0,0.77
12600,-0.010263592004776001,-0.046912938356399536,1.0,0.77
12700,-0.010263592004776001,-0.046912938356399536,1.0,0.77
12800,-0.010263592004776001,-0.046912938356399536,1.0,0.77
12900,-0.010263592004776001,-0.046912938356399536,1.0,0.77
13000,-0.010263592004776001,-0.046912938356399536,1.0,0.77
13100,-0.010263592004776001,-0.046912938356399536,1.0,0.77
13200,-0.010263592004776001,-0.046912938356399536,1.0,0.77
13300,-0.010263592004776001,-0.046912938356399536,1.0,0.77
13400,-0.010263592004776001,-0.046912938356399536,1.0,0.77
13500,-0.010263592004776001,-0.046912938356399536,1.0,0.77
13600,-0.010263592004776001,-0.046912938356399536,1.0,0.77
13700,-0.010263592004776001,-0.046912938356399536,1.0,0.77
13800,-0.010263592004776001,-0.046912938356399536,1.0,0.77
13900,-0.010263592004776001,-0.046912938356399536,1.0,0.77
14000,-0.010263592004776001,-1.6352028846740723,1.0,0.75
14100,-0.010263592004776001,-1.6352028846740723,1.0,0.75
14200,-0.010263592004776001,-1.6352028846740723,1.0,0.75
14300,-0.010263592004776001,-1.6352028846740723,1.0,0.75
14400,-0.010263592004776001,-1.6352028846740723,1.0,0.75
14500,-0.010263592004776001,-1.6352028846740723,1.0,0.75
14600,-0.010263592004776001,-1.6352028846740723,1.0,0.75
14700,-0.010263592004776001,-1.6352028846740723,1.0,0.75
14800,-0.010263592004776001,-1.6352028846740723,1.0,0.75
14900,-0.010263592004776001,-1.6352028846740723,1.0,0.75
15000,-0.010263592004776001,-1.6352028846740723,1.0,0.75
15100,-0.010263592004776001,-1.6352028846740723,1.0,0.75
15200,-0.010263592004776001,-1.6352028846740723,1.0,0.75
15300,-0.010263592004776001,-1.6352028846740723,1.0,0.75
15400,-0.010263592004776001,-1.6352028846740723,1.0,0.75
15500,-0.010263592004776001,-1.6352028846740723,1.0,0.75
15600,-0.010263592004776001,-1.6352028846740723,1.0,0.75
15700,-0.010263592004776001,-1.6352028846740723,1.0,0.75
15800,-0.010263592004776001,-1.6352028846740723,1.0,0.75
15900,-0.010263592004776001,-1.6352028846740723,1.0,0.75
16000,-0.010263592004776001,-1.6352028846740723,1.0,0.75
16100,-0.010263592004776001,-1.6352028846740723,1.0,0.75
16200,-0.010263592004776001,-1.6352028846740723,1.0,0.75
16300,-0.010263592004776001,-1.6352028846740723,1.0,0.75
16400,-0.010263592004776001,-1.6352028846740723,1.0,0.75
16500,-0.010263592004776001,-1.6352028846740723,1.0,0.75
16600,-0.010263592004776001,-1.6352028846740723,1.0,0.75
16700,-0.010263592004776001,-1.6352028846740723,1.0,0.75
16800,-0.010263592004776001,-1.6352028846740723,1.0,0.75
16900,-0.010263592004776001,-1.6352028846740723,1.0,0.75
17000,0.08335989713668823,-0.15947401523590088,1.0,0.75
17100,0.08335989713668823,-0.15947401523590088,1.0,0.75
17200,0.08335989713668823,-0.15947401523590088,1.0,0.75
17300,0.08335989713668823,-0.15947401523590088,1.0,0.75
17400,0.08335989713668823,-0.15947401523590088,1.0,0.75
17500,0.08335989713668823,-0.15947401523590088,1.0,0.75
17600,0.08335989713668823,-0.15947401523590088,1.0,0.75
17700,0.08335989713668823,-0.15947401523590088,1.0,0.75
17800,0.08335989713668823,-0.15947401523590088,1.0,0.75
17900,0.08335989713668823,-0.15947401523590088,1.0,0.75
18000,0.08335989713668823,-0.15947401523590088,1.0,0.75
18100,0.08335989713668823,-0.15947401523590088,1.0,0.75
18200,0.08335989713668823,-0.15947401523590088,1.0,0.75
18300,0.08335989713668823,-0.15947401523590088,1.0,0.75
18400,0.08335989713668823,-0.15947401523590088,1.0,0.75
18500,0.08335989713668823,-0.1594739556312561,1.0,0.75
18600,0.08335989713668823,-0.1594739556312561,1.0,0.75
18700,0.08335989713668823,-0.1594739556312561,1.0,0.75
18800,0.08335989713668823,-0.1594739556312561,1.0,0.75
18900,0.08335989713668823,-0.1594739556312561,1.0,0.75
19000,0.08335989713668823,-0.1594739556312561,1.0,0.75
19100,0.08335989713668823,-0.1594739556312561,1.0,0.75
19200,0.08335989713668823,-0.1594739556312561,1.0,0.75
19300,0.08335989713668823,-0.1594739556312561,1.0,0.75
19400,0.08335989713668823,-0.1594739556312561,1.0,0.75
19500,0.08335989713668823,-0.1594739556312561,1.0,0.75
19600,0.08335989713668823,-0.1594739556312561,1.0,0.75
19700,0.08335989713668823,-0.1594739556312561,1.0,0.75
19800,0.08335989713668823,-0.1594739556312561,1.0,0.75
19900,0.08335989713668823,-0.1594739556312561,1.0,0.75
20000,0.08335989713668823,-0.1594739556312561,1.0,0.75
20100,0.08335989713668823,-0.1594739556312561,1.0,0.75
20200,0.08335989713668823,-0.1594739556312561,1.0,0.75
20300,0.08335989713668823,-0.1594739556312561,1.0,0.75
20400,0.08335989713668823,-0.1594739556312561,1.0,0.75
20500,0.08335989713668823,-0.1594739556312561,1.0,0.75
20600,0.08335989713668823,-0.1594739556312561,1.0,0.75
20700,0.08335989713668823,-0.1594739556312561,1.0,0.75
20800,0.08335989713668823,-0.1594739556312561,1.0,0.75
20900,0.08335989713668823,-0.1594739556312561,1.0,0.75
21000,0.08335989713668823,-0.1594739556312561,1.0,0.75
21100,0.08335989713668823,-0.1594739556312561,1.0,0.75
21200,0.08335989713668823,-0.1594739556312561,1.0,0.75
21300,0.08335989713668823,-0.1594739556312561,1.0,0.75
21400,0.08335989713668823,-0.1594739556312561,1.0,0.75
21500,0.08335989713668823,-0.1594739556312561,1.0,0.75
21600,0.08335989713668823,-0.1594739556312561,1.0,0.75
21700,0.08335989713668823,-0.1594739556312561,1.0,0.75
21800,0.08335989713668823,-0.1594739556312561,1.0,0.75
21900,0.08335989713668823,-0.1594739556312561,1.0,0.75
22000,0.08335989713668823,-0.1594739556312561,1.0,0.75
22100,0.08335989713668823,-0.1594739556312561,1.0,0.75
22200,0.08335989713668823,-0.1594739556312561,1.0,0.75
22300,0.08335989713668823,-0.1594739556312561,1.0,0.75
22400,0.08335989713668823,-0.1594739556312561,1.0,0.75
22500,0.08335989713668823,-0.1594739556312561,1.0,0.75
22600,0.08335989713668823,-0.1594739556312561,1.0,0.75
22700,0.08335989713668823,-0.1594739556312561,1.0,0.75
22800,0.08335989713668823,-0.1594739556312561,1.0,0.75
22900,0.08335989713668823,-0.1594739556312561,1.0,0.75
23000,0.08335989713668823,-0.1594739556312561,1.0,0.75
23100,0.08335989713668823,-0.1594739556312561,1.0,0.75
23200,0.08335989713668823,-0.1594739556312561,1.0,0.75
23300,0.08335989713668823,-0.1594739556312561,1.0,0.75
23400,0.08335989713668823,-0.1594739556312561,1.0,0.75
23500,0.08335989713668823,-0.1594739556312561,1.0,0.75
23600,0.08335989713668823,-0.1594739556312561,1.0,0.75
23700,0.08335989713668823,-0.1594739556312561,1.0,0.75
23800,0.08335989713668823,-0.1594739556312561,1.0,0.75
23900,0.08335989713668823,-0.1594739556312561,1.0,0.75
24000,0.08335989713668823,-0.1594739556312561,1.0,0.75
24100,0.08335989713668823,-0.1594739556312561,1.0,0.75
24200,0.08335989713668823,-0.1594739556312561,1.0,0.75
24300,0.08335989713668823,-0.1594739556312561,1.0,0.75
24400,0.08335989713668823,-0.1594739556312561,1.0,0.75
24500,0.08335989713668823,-0.1594739556312561,1.0,0.75
24600,0.08335989713668823,-0.1594739556312561,1.0,0.75
24700,0.08335989713668823,-0.1594739556312561,1.0,0.75
24800,0.2764383852481842,-0.08414089679718018,1.0,0.75
24900,0.2764383852481842,-0.08414098620414734,1.0,0.75
25000,0.2764383852481842,-0.08414098620414734,1.0,0.75
25100,0.2764383852481842,-0.08414098620414734,1.0,0.75
25200,0.2764384150505066,-0.08414098620414734,1.0,0.75
25300,0.2764384150505066,-0.08414098620414734,1.0,0.75
25400,0.2764384150505066,-0.08414098620414734,1.0,0.75
25500,0.2764384150505066,-0.08414098620414734,1.0,0.75
25600,0.2764384150505066,-0.08414098620414734,1.0,0.75
25700,0.2764384150505066,-0.08414089679718018,1.0,0.75
25800,0.2764384150505066,-0.08414089679718018,1.0,0.75
25900,0.2764384150505066,-0.08414089679718018,1.0,0.75
26000,0.2764384150505066,-0.08414089679718018,1.0,0.75
26100,0.2764384150505066,-0.08414089679718018,1.0,0.75
26200,0.2764384150505066,-0.08414089679718018,1.0,0.75
26300,0.2764384150505066,-0.08414089679718018,1.0,0.75
26400,0.2764384150505066,-0.08414089679718018,1.0,0.75
26500,0.2764384150505066,-0.08414089679718018,1.0,0.75
26600,0.2764384150505066,-0.08414089679718018,1.0,0.75
26700,0.2764384150505066,-0.08414089679718018,1.0,0.75
26800,0.2764384150505066,-0.08414089679718018,1.0,0.75
26900,0.2764384150505066,-0.08414089679718018,1.0,0.75
27000,0.2764384150505066,-0.08414089679718018,1.0,0.75
27100,0.2764384150505066,-0.08414089679718018,1.0,0.75
27200,0.2764384150505066,-0.08414089679718018,1.0,0.75
27300,0.2764384150505066,-0.08414089679718018,1.0,0.75
27400,0.2764384150505066,-0.08414089679718018,1.0,0.75
27500,0.2764384150505066,-0.08414089679718018,1.0,0.75
27600,0.2764384150505066,-0.08414089679718018,1.0,0.75
27700,0.2764384150505066,-0.08414089679718018,1.0,0.75
27800,0.2764384150505066,-0.08414089679718018,1.0,0.75
27900,0.2764384150505066,-0.08414089679718018,1.0,0.75
36747,0.2764384150505066,-0.08414089679718018,0.66,0.77
36847,0.2764384150505066,-0.08414089679718018,0.77,0.77
36947,0.2764384150505066,-0.08414089679718018,0.84,0.77
37047,0.2764384150505066,-0.08414089679718018,0.9,0.77
37147,0.2764384150505066,-0.08414089679718018,0.93,0.77
37247,0.2764384150505066,-0.08414089679718018,0.97,0.77
37347,0.2764384150505066,-0.08414089679718018,0.97,0.77
37447,0.2764384150505066,-0.08414089679718018,0.98,0.77
37547,0.2764384150505066,-0.08414089679718018,0.99,0.77
37647,0.2764384150505066,-0.08414089679718018,0.99,0.77
37747,0.2764384150505066,-0.08414089679718018,1.0,0.77
37847,0.2764384150505066,-0.08414089679718018,1.0,0.77
37947,0.2764384150505066,-0.08414089679718018,1.0,0.77
38047,0.2764384150505066,-0.08414089679718018,1.0,0.77
38147,0.2764384150505066,-0.08414089679718018,1.0,0.77
38247,0.2764384150505066,-0.08414089679718018,1.0,0.77
38347,0.2764384150505066,-0.08414089679718018,1.0,0.77
38447,0.2764384150505066,-0.08414089679718018,1.0,0.77
38547,0.2764384150505066,-0.08414089679718018,1.0,0.77
38647,0.2764384150505066,-0.08414089679718018,1.0,0.77
38747,0.2764384150505066,-0.08414089679718018,1.0,0.77
38847,0.2764384150505066,-0.08414089679718018,1.0,0.77
38947,0.2764384150505066,-0.08414089679718018,1.0,0.77
39047,0.2764384150505066,-0.08414089679718018,1.0,0.77
39147,0.2764384150505066,-0.08414089679718018,1.0,0.77
39247,0.2764384150505066,-0.08414089679718018,1.0,0.77
39347,0.2764384150505066,-0.08414089679718018,1.0,0.77
39447,0.2764384150505066,-0.08414089679718018,1.0,0.77
39547,0.2764384150505066,-0.08414089679718018,1.0,0.77
39647,0.2764384150505066,-0.08414089679718018,1.0,0.77
39747,0.2764384150505066,-0.08414089679718018,1.0,0.77
39847,0.2764384150505066,-0.08414089679718018,1.0,0.77
39947,0.2764384150505066,-0.08414089679718018,1.0,0.77
40047,0.2764384150505066,-0.08414089679718018,1.0,0.77
40147,0.2764384150505066,-0.08414089679718018,1.0,0.77
40247,0.2764384150505066,-0.08414089679718018,1.0,0.77
40347,0.2764384150505066,-0.08414089679718018,1.0,0.77
40447,0.2764384150505066,-0.08414089679718018,1.0,0.77
40547,0.2764384150505066,-0.08414089679718018,1.0,0.77
40647,0.2764384150505066,-0.08414089679718018,1.0,0.77
40747,0.2764384150505066,-0.08414089679718018,1.0,0.77
40847,0.2764384150505066,-0.08414089679718018,1.0,0.77
40947,0.2764384150505066,-0.08414089679718018,1.0,0.77
41047,0.2764384150505066,-0.08414089679718018,1.0,0.77
41147,0.2764384150505066,-0.08414089679718018,1.0,0.77
41247,0.2764384150505066,-0.08414089679718018,1.0,0.77
41347,0.2764384150505066,-0.08414089679718018,1.0,0.77
41447,0.2764384150505066,-0.08414089679718018,1.0,0.77
41547,0.2764384150505066,-0.08414089679718018,1.0,0.77
41647,0.2764384150505066,-0.08414089679718018,1.0,0.77
41747,0.2764384150505066,-0.08414089679718018,1.0,0.77
41847,0.2764384150505066,-0.08414089679718018,1.0,0.77
41947,0.2764384150505066,-0.08414089679718018,1.0,0.77
42047,0.2764384150505066,-0.08414089679718018,1.0,0.77
42147,0.2764384150505066,-0.08414089679718018,1.0,0.77
42247,0.2764384150505066,-0.08414089679718018,1.0,0.77
42347,0.2764384150505066,-0.08414089679718018,1.0,0.77
42447,0.2764384150505066,-0.08414089679718018,1.0,0.77
42547,0.2764384150505066,-0.08414089679718018,1.0,0.77
42647,0.2764384150505066,-0.08414089679718018,1.0,0.77
42747,0.2764384150505066,-0.08414089679718018,1.0,0.77
42847,0.2764384150505066,-0.08414089679718018,1.0,0.77
42947,0.2764384150505066,-0.08414089679718018,1.0,0.77
43047,0.2764384150505066,-0.08414089679718018,1.0,0.77
43147,0.2764384150505066,-0.08414089679718018,1.0,0.77
43247,0.2764384150505066,-0.08414089679718018,1.0,0.77
43347,0.2764384150505066,-0.08414089679718018,1.0,0.77
43447,0.2764384150505066,-0.08414089679718018,1.0,0.77
43547,0.2764384150505066,-0.08414089679718018,1.0,0.77
43647,0.43158766627311707,0.12508660554885864,1.0,0.77
43747,0.43158766627311707,0.12508660554885864,1.0,0.77
43847,0.43158766627311707,0.12508660554885864,1.0,0.77
43947,0.43158766627311707,0.12508660554885864,1.0,0.77
44047,0.43158766627311707,0.12508660554885864,1.0,0.77
44147,0.43158766627311707,0.12508660554885864,1.0,0.77
44247,0.43158766627311707,0.12508660554885864,1.0,0.77
44347,0.43158766627311707,0.12508660554885864,1.0,0.77
44447,0.43158766627311707,0.12508660554885864,1.0,0.77
44547,0.43158766627311707,0.12508660554885864,1.0,0.77
44647,0.43158766627311707,0.12508660554885864,1.0,0.77
44747,0.43158766627311707,0.12508660554885864,1.0,0.77
44847,0.43158766627311707,0.12508660554885864,1.0,0.77
44947,0.43158766627311707,0.12508660554885864,1.0,0.77
45047,0.43158766627311707,0.12508660554885864,1.0,0.77
45147,0.43158766627311707,0.12508660554885864,1.0,0.77
45247,0.5420604348182678,0.39238518476486206,1.0,0.77
45347,0.5420604348182678,0.39238518476486206,1.0,0.77
45447,0.5420604348182678,0.39238518476486206,1.0,0.77
45547,0.5420604348182678,0.39238518476486206,1.0,0.77
45647,0.5420604348182678,0.39238518476486206,1.0,0.77
45747,0.5420604348182678,0.39238518476486206,1.0,0.77
45847,0.5420604348182678,0.39238518476486206,1.0,0.77
45947,0.5420604348182678,0.39238518476486206,1.0,0.77
46047,0.5420604348182678,0.39238518476486206,1.0,0.77
46147,0.5420604348182678,0.39238518476486206,1.0,0.77
46247,0.5420604348182678,0.39238518476486206,1.0,0.77
46347,0.5420604348182678,0.39238518476486206,1.0,0.77
46447,0.5420604348182678,0.39238518476486206,1.0,0.77
46547,0.5420604348182678,0.39238518476486206,1.0,0.77
46647,0.5420604348182678,0.39238518476486206,1.0,0.77
46747,0.5420604348182678,0.39238518476486206,1.0,0.77
46847,0.5420604348182678,0.39238518476486206,1.0,0.77
46947,0.5420604348182678,0.39238518476486206,1.0,0.77
47047,0.5420604348182678,0.39238518476486206,1.0,0.77
47147,0.5420604348182678,0.39238518476486206,1.0,0.77
47247,0.5420604348182678,0.39238518476486206,1.0,0.77
47347,0.5420604348182678,0.39238518476486206,1.0,0.77
47447,0.5420604348182678,0.39238518476486206,1.0,0.77
47547,0.5420604348182678,0.39238518476486206,1.0,0.77
47647,0.5420604348182678,0.39238518476486206,1.0,0.77
47747,0.5420604348182678,0.39238518476486206,1.0,0.77
47847,0.5420604348182678,0.39238518476486206,1.0,0.77
47947,0.5420604348182678,0.39238518476486206,1.0,0.77
48047,0.5420604348182678,0.39238518476486206,1.0,0.77
48147,0.5420604348182678,0.39238518476486206,1.0,0.77
48247,0.5420604348182678,0.39238518476486206,1.0,0.77
48347,0.5420604348182678,0.39238518476486206,1.0,0.77
48447,0.5420604348182678,0.39238518476486206,1.0,0.77
48547,0.5420604348182678,0.39238518476486206,1.0,0.77
48647,0.5420604348182678,0.39238518476486206,1.0,0.77
48747,0.5420604348182678,0.39238518476486206,1.0,0.77
48847,0.5420604348182678,0.39238518476486206,1.0,0.77
48947,0.5420604348182678,0.39238518476486206,1.0,0.77
49047,0.5420604348182678,0.39238518476486206,1.0,0.77
49147,0.5420604348182678,0.39238518476486206,1.0,0.77
49247,0.5420604348182678,0.39238518476486206,1.0,0.77
49347,0.5420604348182678,0.39238518476486206,1.0,0.77
49447,0.5420604348182678,0.39238518476486206,1.0,0.77
49547,0.5420604348182678,0.39238518476486206,1.0,0.77
49647,0.5420604348182678,0.39238518476486206,1.0,0.77
49747,0.5420604348182678,0.39238518476486206,1.0,0.77
49847,0.5420604348182678,0.39238518476486206,1.0,0.77
49947,0.5420604348182678,0.39238518476486206,1.0,0.77
50047,0.5420604348182678,0.39238518476486206,1.0,0.77
50147,0.5420604348182678,0.39238518476486206,1.0,0.77
50247,0.5420604348182678,0.39238518476486206,1.0,0.77
50347,0.5420604348182678,0.39238518476486206,1.0,0.77
50447,0.5420604348182678,0.39238518476486206,1.0,0.77
50547,0.5420604348182678,0.39238518476486206,1.0,0.77
50647,0.5420604348182678,0.39238518476486206,1.0,0.77
50747,0.5420604348182678,-0.08414089679718018,0.59,0.76
50847,0.5420604348182678,-0.08414089679718018,0.72,0.76
50947,0.5420604348182678,-0.08414089679718018,0.83,0.76
51047,0.5420604348182678,-0.08414089679718018,0.85,0.76
51147,0.5420604348182678,-0.08414089679718018,0.88,0.76
51247,0.5420604348182678,-0.08414089679718018,0.9,0.76
51347,0.5420604348182678,-0.08414089679718018,0.94,0.76
51447,0.5420604348182678,-0.08414089679718018,0.96,0.76
51547,0.5420604348182678,-0.08414089679718018,0.98,0.76
51647,0.5420604348182678,-0.08414089679718018,0.98,0.76
51747,0.5420604348182678,-0.08414089679718018,0.99,0.76
51847,0.5420604348182678,-0.08414089679718018,0.99,0.76
51947,0.5420604348182678,-0.08414089679718018,0.99,0.76
52047,0.5420604348182678,-0.08414089679718018,0.99,0.76
52147,0.5420604348182678,-0.08414089679718018,0.99,0.76
52247,0.5420604348182678,-0.08414089679718018,0.99,0.76
52347,0.5420604348182678,-0.08414089679718018,0.99,0.76
52447,0.5420604348182678,-0.08414089679718018,0.99,0.76
52547,0.5420604348182678,-0.08414089679718018,0.99,0.76
52647,0.5420604348182678,-0.08414089679718018,0.99,0.76
52747,0.5420604348182678,-0.08414089679718018,0.99,0.76
52847,0.5420604348182678,-0.08414089679718018,0.99,0.76
52947,0.5420604348182678,0.39238518476486206,0.99,0.76
53047,0.5420604348182678,0.39238518476486206,0.99,0.76
53147,0.5420604348182678,0.39238518476486206,0.99,0.76
53247,0.5420604348182678,0.3923850357532501,0.99,0.76
53347,0.5420604348182678,0.3923850357532501,0.99,0.76
53447,0.5420604348182678,0.3923850357532501,0.99,0.76
53547,0.5420604348182678,0.3923850357532501,0.99,0.76
53647,0.5420604348182678,0.3923850357532501,0.99,0.76
53747,0.5420604348182678,0.3923850357532501,0.99,0.76
53847,0.5420604348182678,0.3923850357532501,0.99,0.76
53947,0.5420604348182678,0.3923850357532501,0.99,0.76
54047,0.5420604348182678,0.3923850357532501,0.99,0.76
54147,0.5420604348182678,0.3923850357532501,0.99,0.76
54247,0.5420604348182678,0.3923850357532501,0.99,0.76
54347,0.5420604348182678,0.3923850357532501,0.99,0.76
54447,0.5420604348182678,0.3923850357532501,0.99,0.76
54547,0.5420604348182678,0.3923850357532501,0.99,0.76
54647,0.5420604348182678,0.3923850357532501,0.99,0.76
54747,0.5420604348182678,0.3923850357532501,0.99,0.76
54847,0.5420604348182678,0.3923850357532501,0.99,0.76
54947,0.5420604348182678,0.3923850357532501,0.99,0.76
55047,0.5420604348182678,0.3923850357532501,0.99,0.76
55147,0.5420604348182678,0.3923850357532501,0.99,0.76
55247,0.5420604348182678,0.3923850357532501,0.99,0.76
55347,0.5420604348182678,0.3923850357532501,0.99,0.76
55447,0.5420604348182678,0.3923850357532501,0.99,0.76
55547,0.5420604348182678,0.3923850357532501,0.99,0.76
55647,0.5420604348182678,0.3923850357532501,0.99,0.76
55747,0.5420604348182678,0.3923850357532501,0.99,0.76
55847,0.5420604348182678,0.3923850357532501,0.99,0.76
55947,0.5420604348182678,0.3923850357532501,0.99,0.76
56047,0.5420604348182678,0.3923850357532501,0.99,0.76
56147,0.5420604348182678,0.3923850357532501,0.99,0.76
56247,0.5420604348182678,0.3923850357532501,0.99,0.76
56347,0.5420604348182678,0.3923850357532501,0.99,0.76
56447,0.5420604348182678,0.3923850357532501,0.99,0.76
56547,0.5420604348182678,0.3923850357532501,0.99,0.76
56647,0.5420604348182678,0.3923850357532501,0.99,0.76
56747,0.5420604348182678,0.3923850357532501,0.99,0.76
56847,0.5420604348182678,0.3923850357532501,0.99,0.76
56947,0.5420604348182678,0.3923850357532501,0.99,0.76
57047,0.5420604348182678,0.3923850357532501,0.99,0.76
57147,0.5420604348182678,0.3923850357532501,0.99,0.76
57247,0.6792629361152649,0.5167086720466614,0.99,0.76
57347,0.6792629361152649,0.5167086720466614,0.99,0.76
57447,0.6792629361152649,0.5167086720466614,0.99,0.76
57547,0.6792629361152649,0.5167086720466614,0.99,0.76
57647,0.6792629361152649,0.5167086720466614,0.99,0.76
57747,0.6792629361152649,0.5167086720466614,0.99,0.76
57847,0.6792629361152649,0.5167086720466614,0.99,0.76
57947,0.6792629361152649,0.5167086720466614,0.99,0.76
58047,0.6792629361152649,0.5167086720466614,0.99,0.76
58147,0.6792629361152649,0.5167086720466614,0.99,0.76
58247,0.6792629361152649,0.5167086720466614,0.99,0.76
58347,0.6792629361152649,0.5167086720466614,0.99,0.76
58447,0.6792629361152649,0.5167086720466614,0.99,0.76
58547,0.6792629361152649,0.5167086720466614,0.99,0.76
58647,0.6792629361152649,0.5167086720466614,0.99,0.76
58747,0.6792629361152649,0.5167086720466614,0.99,0.76
58847,0.6792629361152649,0.5167086720466614,0.99,0.76
58947,0.6792629361152649,0.5167086720466614,0.99,0.76
59047,0.6792629361152649,0.5167086720466614,0.99,0.76
59147,0.6792629361152649,0.5167086720466614,0.99,0.76
59247,0.6792629361152649,0.5167086720466614,0.99,0.76
59347,0.6792629361152649,0.5167086720466614,0.99,0.76
59447,0.6792629361152649,0.5167086720466614,0.99,0.76
59547,0.6792629361152649,0.5167086720466614,0.99,0.76
59647,0.6792629361152649,0.5167086720466614,0.99,0.76
59747,0.6792629361152649,0.5167086720466614,0.99,0.76
59847,0.6792629361152649,0.5167086720466614,0.99,0.76
59947,0.6792629361152649,0.5167086720466614,0.99,0.76
60047,0.6792629361152649,0.5167086720466614,0.99,0.76
60147,0.6792629361152649,0.5167086720466614,0.99,0.76
60247,0.6792629361152649,0.5167086720466614,0.99,0.76
60347,0.6792629361152649,0.5167086720466614,0.99,0.76
60447,0.6792629361152649,0.5167086720466614,0.99,0.76
60547,0.6792629361152649,0.5167086720466614,0.99,0.76
60647,0.6792629361152649,0.5167086720466614,0.99,0.76
60747,0.6792629361152649,0.5167086720466614,0.99,0.76
60847,0.6792629361152649,0.5167086720466614,0.99,0.76
60947,0.6792629361152649,0.5167086720466614,0.99,0.76
61047,0.6792629361152649,0.5167086720466614,0.99,0.76
61147,0.6792629361152649,0.5167086720466614,0.99,0.76
61247,0.6792629361152649,0.5167086720466614,0.99,0.76
61347,0.6792629361152649,0.5167086720466614,0.99,0.76
61447,0.6792629361152649,0.5167086720466614,0.99,0.76
61547,0.6792629361152649,0.5167086720466614,0.99,0.76
61647,0.6792629361152649,0.5167086720466614,0.99,0.76
61747,0.6792629361152649,0.5167086720466614,0.99,0.76
61847,0.6792629361152649,0.5167086720466614,0.99,0.76
61947,0.6792629361152649,0.5167086720466614,0.99,0.76
62047,0.6792629361152649,0.5167086720466614,0.99,0.76
62147,0.6792629361152649,0.5167086720466614,0.99,0.76
62247,0.6792629361152649,0.5167086720466614,0.99,0.76
62347,0.6792629361152649,0.5167086720466614,0.99,0.76
62447,0.6792629361152649,0.5167086720466614,0.99,0.76
62547,0.6792629361152649,0.5167086720466614,0.99,0.76
62647,0.6792629361152649,0.5167086720466614,0.99,0.76
62747,0.6792629361152649,0.5167086720466614,0.99,0.76
62847,0.6792629361152649,0.5167086720466614,0.99,0.76
62947,0.6792629361152649,0.5167086720466614,0.99,0.76
63047,0.6792629361152649,0.5167086720466614,0.99,0.76
63147,0.6792629361152649,0.5167086720466614,0.99,0.76
63247,0.6792629361152649,0.5167086720466614,0.99,0.76
63347,0.6792629361152649,0.5167086720466614,0.99,0.76
63447,0.6792629361152649,0.5167086720466614,0.99,0.76
63547,0.6792629361152649,0.5167086720466614,0.99,0.76
63647,0.6792629361152649,0.5167086720466614,0.99,0.76
63747,0.6792629361152649,0.5167086720466614,0.99,0.76
63847,0.6792629361152649,0.5167086720466614,0.99,0.76
63947,0.6792629361152649,0.5167086720466614,0.99,0.76
64047,0.6792629361152649,0.5167086720466614,0.99,0.76
64147,0.6792629361152649,0.5167086720466614,0.99,0.76
64247,0.6792629361152649,0.5167086720466614,0.99,0.76
64347,0.6792629361152649,0.5167086720466614,0.99,0.76
64447,0.6792629361152649,0.5167086720466614,0.99,0.76
64547,0.6792629361152649,0.5167086720466614,0.99,0.76
64647,0.6792629361152649,0.5167086720466614,0.99,0.76
67523,0.6792629361152649,0.5167086720466614,0.89,0.76
67623,0.6792629361152649,0.5167086720466614,0.93,0.76
67723,0.6792629361152649,0.5167086720466614,0.96,0.76
67823,0.6792629361152649,0.5167086720466614,0.98,0.76
67923,0.6792629361152649,0.5167086720466614,0.99,0.76
68023,0.6792629361152649,0.5167086720466614,0.99,0.76
68123,0.6792629361152649,0.5167086720466614,0.99,0.76
68223,0.6792629361152649,0.5167086720466614,1.0,0.76
68323,0.6792629361152649,0.5167086720466614,1.0,0.76
68423,0.6792629361152649,0.5167086720466614,1.0,0.76
68523,0.6792629361152649,0.5167086720466614,1.0,0.76
68623,0.6792629361152649,0.5167086720466614,1.0,0.76
68723,0.6792629361152649,0.5167086720466614,1.0,0.76
68823,0.6792629361152649,0.5167086720466614,1.0,0.76
68923,0.6792629361152649,0.5167086720466614,1.0,0.76
69023,0.6792629361152649,0.5167086720466614,1.0,0.76
69123,0.6792629361152649,0.5167086720466614,1.0,0.76
69223,0.6792629361152649,0.5167086720466614,1.0,0.76
69323,0.6792629361152649,0.5167086720466614,1.0,0.76
69423,0.6792629361152649,0.5167086720466614,1.0,0.76
69523,0.6792629361152649,0.5167086720466614,1.0,0.76
69623,0.6792629361152649,0.5167086720466614,1.0,0.76
69723,0.6792629361152649,0.5167086720466614,1.0,0.76
69823,0.6792629361152649,0.5167086720466614,1.0,0.76
69923,0.6792629361152649,0.5167086720466614,1.0,0.76
70023,0.6792629361152649,0.5167086720466614,1.0,0.76
70123,0.6792629361152649,0.5167086720466614,1.0,0.76
70223,0.6792629361152649,0.5167086720466614,1.0,0.76
70323,0.6792629361152649,0.5167086720466614,1.0,0.76
70423,0.6792629361152649,0.5167086720466614,1.0,0.76
70523,0.6792629361152649,0.5167086720466614,1.0,0.76
70623,0.6792629361152649,0.5167086720466614,1.0,0.76
70723,0.6792629361152649,0.5167086720466614,1.0,0.76
70823,0.6792629361152649,0.5167086720466614,1.0,0.76
70923,0.6792629361152649,0.5167086720466614,1.0,0.76
71023,0.6792629361152649,0.5167086720466614,1.0,0.76
71123,0.6792629361152649,0.5167086720466614,1.0,0.76
71223,0.6792629361152649,0.5167086720466614,1.0,0.76
71323,0.6792629361152649,0.5167086720466614,1.0,0.76
71423,0.6792629361152649,0.5167086720466614,1.0,0.76
71523,0.6792629361152649,0.5167086720466614,1.0,0.76
71623,0.6792629361152649,0.5167086720466614,1.0,0.76
71723,0.6792629361152649,0.5167086720466614,1.0,0.76
71823,0.6792629361152649,0.5167086720466614,1.0,0.76
71923,0.6792629361152649,0.5167086720466614,1.0,0.76
72023,0.6792629361152649,0.5167086720466614,1.0,0.76
72123,0.6792629361152649,0.5167086720466614,1.0,0.76
72223,0.6792629361152649,0.5167086720466614,1.0,0.76
72323,0.6792629361152649,0.5167086720466614,1.0,0.76
72423,0.6792629361152649,0.5167086720466614,1.0,0.76
72523,0.6792629361152649,0.5167086720466614,1.0,0.76
72623,0.6792629361152649,0.5167086720466614,1.0,0.76
72723,0.6792629361152649,0.5167086720466614,1.0,0.76
72823,0.6792629361152649,0.5167086720466614,1.0,0.76
72923,0.6792629361152649,0.5167086720466614,1.0,0.76
73023,0.6792629361152649,0.5167086720466614,1.0,0.76
73123,0.6792629361152649,0.5167086720466614,1.0,0.76
73223,0.6792629361152649,0.5167086720466614,1.0,0.76
73323,0.6792629361152649,0.5167086720466614,1.0,0.76
73423,0.6792629361152649,0.5167086720466614,1.0,0.76
73523,0.6792629361152649,0.5167086720466614,1.0,0.76
73623,0.6792629361152649,0.5167086720466614,1.0,0.76
73723,0.6792629361152649,0.5167086720466614,1.0,0.76
73823,0.6792629361152649,0.5167086720466614,1.0,0.76
73923,0.6792629361152649,0.5167086720466614,1.0,0.76
74023,0.6792629361152649,0.5167086720466614,1.0,0.76
74123,0.6792629361152649,0.5167086720466614,1.0,0.76
74223,0.6792629361152649,0.5167086720466614,1.0,0.76
74323,0.6792629361152649,0.5167086720466614,1.0,0.76
74423,0.6792629361152649,0.5167086720466614,1.0,0.76
74523,0.6792629361152649,0.5167086720466614,1.0,0.76
74623,0.6792629361152649,0.5167086720466614,1.0,0.76
74723,0.6792629361152649,0.5167086720466614,1.0,0.76
74823,0.6792629361152649,0.5167086720466614,1.0,0.76
74923,0.6792629361152649,0.5167086720466614,1.0,0.76
75023,0.6792629361152649,0.5167086720466614,1.0,0.76
75123,0.6792629361152649,0.5167086720466614,1.0,0.76
75223,0.6792629361152649,0.5167086720466614,1.0,0.76
75323,0.6792629361152649,0.5167086720466614,1.0,0.76
75423,0.6792629361152649,0.5167086720466614,1.0,0.76
75523,0.6792629361152649,0.5167086720466614,1.0,0.76
75623,0.6792629361152649,0.5167086720466614,1.0,0.76
75723,0.6792629361152649,0.5167086720466614,1.0,0.76
75823,0.6792629361152649,0.5167086720466614,1.0,0.76
75923,0.6792629361152649,0.5167086720466614,1.0,0.76
76023,0.6792629361152649,0.5167086720466614,1.0,0.76
76123,0.6792629361152649,0.5167086720466614,1.0,0.76
76223,0.6792629361152649,0.5167086720466614,1.0,0.76
76323,0.6792629361152649,0.5167086720466614,1.0,0.76
76423,0.6792629361152649,0.5167086720466614,1.0,0.76
76523,0.6792629361152649,0.5167086720466614,1.0,0.76
76623,0.6792629361152649,0.5167086720466614,1.0,0.76
76723,0.6792629361152649,0.5167086720466614,1.0,0.76
76823,0.6792629361152649,0.5167086720466614,1.0,0.76
76923,0.6792629361152649,0.5167086720466614,1.0,0.76
77023,0.6792629361152649,0.5167086720466614,1.0,0.76
77123,0.6792629361152649,0.5167086720466614,1.0,0.76
77223,0.6792629361152649,0.5167086720466614,1.0,0.76
77323,0.6792629361152649,0.5167086720466614,1.0,0.76
77423,0.6792629361152649,0.5167086720466614,1.0,0.76
77523,0.6792629361152649,0.5167086720466614,1.0,0.76
77623,0.6792629361152649,0.5167086720466614,1.0,0.76
77723,0.6792629361152649,0.5167086720466614,1.0,0.76
77823,0.6792629361152649,0.5167086720466614,1.0,0.76
77923,0.6792629361152649,0.5167086720466614,1.0,0.76
78023,0.6792629361152649,0.5167086720466614,1.0,0.76
78123,0.6792629361152649,0.5167086720466614,1.0,0.76
78223,0.6792629361152649,0.5167086720466614,1.0,0.76
78323,0.6792629361152649,0.5167086720466614,1.0,0.76
78423,0.6792629361152649,0.5167086720466614,1.0,0.76
78523,0.6792629361152649,0.5167086720466614,1.0,0.76
78623,0.6792629361152649,0.5167086720466614,1.0,0.76
78723,0.6792629361152649,0.5167086720466614,1.0,0.76
78823,0.6792629361152649,0.5167086720466614,1.0,0.76
78923,0.6792629361152649,0.5167086720466614,1.0,0.76
79023,0.6792629361152649,0.5167086720466614,1.0,0.76
79123,0.6792629361152649,0.5167086720466614,1.0,0.76
79223,0.6792629361152649,0.5167086720466614,1.0,0.76
79323,0.6792629361152649,0.5167086720466614,1.0,0.76
79423,0.6792629361152649,0.5167086720466614,1.0,0.76
79523,0.6792629361152649,0.5167086720466614,1.0,0.76
79623,0.6792629361152649,0.5167086720466614,1.0,0.76
79723,0.6792629361152649,0.5167086720466614,1.0,0.76
79823,0.6792629361152649,0.5167086720466614,1.0,0.76
79923,0.6792629361152649,0.5167086720466614,1.0,0.76
80023,0.6792629361152649,0.5167086720466614,1.0,0.76
80123,0.6792629361152649,0.5167086720466614,1.0,0.76
80223,0.6792629361152649,0.5167086720466614,1.0,0.76
80323,0.6792629361152649,0.5167086720466614,1.0,0.76
80423,0.6792629361152649,0.5167086720466614,1.0,0.76
80523,0.6792629361152649,0.5167086720466614,1.0,0.76
80623,0.6792629361152649,0.5167086720466614,1.0,0.76
80723,0.6792629361152649,0.5167086720466614,1.0,0.76
80823,0.6792629361152649,0.5167086720466614,1.0,0.76
80923,0.6792629361152649,0.5167086720466614,1.0,0.76
81023,0.6792629361152649,0.5167086720466614,1.0,0.76
81123,0.6792629361152649,0.5167086720466614,1.0,0.76
81223,0.6792629361152649,0.5167086720466614,1.0,0.76
81323,0.6792629361152649,0.5167086720466614,1.0,0.76
81423,0.6792629361152649,0.5167086720466614,1.0,0.76
81523,0.6792629361152649,0.5167086720466614,0.91,0.76
81623,0.6792629361152649,0.5167086720466614,0.95,0.76
81723,0.6792629361152649,0.5167086720466614,0.99,0.76
81823,0.6792629361152649,0.5167086720466614,1.0,0.76
81923,0.6792629361152649,0.5167086720466614,1.0,0.76
82023,0.6792629361152649,0.5167086720466614,1.0,0.76
82123,0.6792629361152649,0.5167086720466614,1.0,0.76
82223,0.6792629361152649,0.5167086720466614,1.0,0.76
82323,0.6792629361152649,0.5167086720466614,1.0,0.76
82423,0.6792629361152649,0.5167086720466614,1.0,0.76
82523,0.6792629361152649,0.5167086720466614,1.0,0.76
82623,0.6792629361152649,0.5167086720466614,1.0,0.76
82723,0.6792629361152649,0.5167086720466614,1.0,0.76
82823,0.6792629361152649,0.5167086720466614,1.0,0.76
82923,0.6792629361152649,0.5167086720466614,1.0,0.76
83023,0.6792629361152649,0.5167086720466614,1.0,0.76
83123,0.6792629361152649,0.5167086720466614,1.0,0.76
83223,0.6792629361152649,0.5167086720466614,1.0,0.76
83323,0.6792629361152649,0.5167086720466614,1.0,0.76
83423,0.6792629361152649,0.5167086720466614,1.0,0.76
83523,0.6792629361152649,0.5167086720466614,1.0,0.76
83623,0.6792629361152649,0.5167086720466614,1.0,0.76
83723,0.6792629361152649,0.5167086720466614,1.0,0.76
83823,0.6792629361152649,0.5167086720466614,1.0,0.76
83923,0.6792629361152649,0.5167086720466614,1.0,0.76
84023,0.6792629361152649,0.5167086720466614,1.0,0.76
84123,0.6792629361152649,0.5167086720466614,1.0,0.76
84223,0.6792629361152649,0.5167086720466614,1.0,0.76
84323,0.6792629361152649,0.5167086720466614,1.0,0.76
84423,0.6792629361152649,0.5167086720466614,1.0,0.76
84523,0.6792629361152649,0.5167086720466614,1.0,0.76
84623,0.6792629361152649,0.5167086720466614,1.0,0.76
84723,0.6792629361152649,0.5167086720466614,1.0,0.76
84823,0.6792629361152649,0.5167086720466614,1.0,0.76
84923,0.6792629361152649,0.5167086720466614,1.0,0.76
85023,0.6792629361152649,0.5167086720466614,1.0,0.76
85123,0.6792629361152649,0.5167086720466614,1.0,0.76
85223,0.6792629361152649,0.5167086720466614,1.0,0.76
85323,0.6792629361152649,0.5167086720466614,1.0,0.76
85423,0.6792629361152649,0.5167086720466614,1.0,0.76
85523,0.6792629361152649,0.5167086720466614,1.0,0.76
85623,0.6792629361152649,0.5167086720466614,1.0,0.76
85723,0.6792629361152649,0.5167086720466614,1.0,0.76
85823,0.6792629361152649,0.5167086720466614,1.0,0.76
85923,0.6792629361152649,0.5167086720466614,1.0,0.76
86023,0.6792629361152649,0.5167086720466614,1.0,0.76
86123,0.6792629361152649,0.5167086720466614,1.0,0.76
86223,0.6792629361152649,0.5167086720466614,1.0,0.76
86323,0.6792629361152649,0.5167086720466614,1.0,0.76
86423,0.6792629361152649,0.5167086720466614,1.0,0.76
86523,0.6792629361152649,0.5167086720466614,1.0,0.76
86623,0.7438878417015076,0.5614866018295288,1.0,0.76
86723,0.7438878417015076,0.5614866018295288,1.0,0.76
86823,0.7438878417015076,0.5614866018295288,1.0,0.76
86923,0.7438878417015076,0.5614866018295288,1.0,0.76
87023,0.7438878417015076,0.5614866018295288,1.0,0.76
87123,0.7438878417015076,0.5614866018295288,1.0,0.76
87223,0.7438878417015076,0.5614866018295288,1.0,0.76
87323,0.7438878417015076,0.5614866018295288,1.0,0.76
87423,0.7438878417015076,0.5614866018295288,1.0,0.76
87523,0.7438878417015076,0.5614866018295288,1.0,0.76
87623,0.7438878417015076,0.5614866018295288,1.0,0.76
87723,0.7438878417015076,0.5614866018295288,1.0,0.76
87823,0.7438878417015076,0.5614866018295288,1.0,0.76
87923,0.7438878417015076,0.5614866018295288,1.0,0.76
88023,0.7438878417015076,0.5614866018295288,1.0,0.76
88123,0.7438878417015076,0.5614866018295288,1.0,0.76
88223,0.7438878417015076,0.5614866018295288,1.0,0.76
88323,0.7438878417015076,0.5614866018295288,1.0,0.76
88423,0.7438878417015076,0.5614866018295288,1.0,0.76
88523,0.7438878417015076,0.5614866018295288,1.0,0.76
88623,0.7438878417015076,0.5614866018295288,1.0,0.76
88723,0.7438878417015076,0.5614866018295288,1.0,0.76
88823,0.7438878417015076,0.5614866018295288,1.0,0.76
88923,0.7438878417015076,0.5614866018295288,1.0,0.76
89023,0.7438878417015076,0.5614866018295288,1.0,0.76
89123,0.7438878417015076,0.5614866018295288,1.0,0.76
89223,0.7438878417015076,0.5614866018295288,1.0,0.76
89323,0.7438878417015076,0.5614866018295288,1.0,0.76
89423,0.7438878417015076,0.5614866018295288,1.0,0.76
89523,0.7438878417015076,0.5614866018295288,1.0,0.76
89623,0.7438878417015076,0.5614866018295288,1.0,0.76
89723,0.7438878417015076,0.5614866018295288,1.0,0.76
89823,0.7438878417015076,0.5614866018295288,1.0,0.76
89923,0.7438878417015076,0.5614866018295288,1.0,0.76
90023,0.7438878417015076,0.5614866018295288,1.0,0.76
90123,0.7438878417015076,0.5614866018295288,1.0,0.76
90223,0.7438878417015076,0.5614866018295288,1.0,0.76
90323,0.7438878417015076,0.5614866018295288,1.0,0.76
90423,0.7438878417015076,0.5614866018295288,1.0,0.76
90523,0.7438878417015076,0.5614866018295288,1.0,0.76
90623,0.7438878417015076,0.5614866018295288,1.0,0.76
90723,0.7438878417015076,0.5614866018295288,1.0,0.76
90823,0.7438878417015076,0.5614866018295288,1.0,0.76
90923,0.7438878417015076,0.5614866018295288,1.0,0.76
91023,0.7438878417015076,0.5614866018295288,1.0,0.76
91123,0.7438878417015076,0.5614866018295288,1.0,0.76
91223,0.7438878417015076,0.5614866018295288,1.0,0.76
91323,0.7438878417015076,0.5614866018295288,1.0,0.76
91423,0.7438878417015076,0.5614866018295288,1.0,0.76
91523,0.7438878417015076,0.5614866018295288,1.0,0.76
91623,0.7438878417015076,0.5614866018295288,1.0,0.76
91723,0.7438878417015076,0.5614866018295288,1.0,0.76
91823,0.7438878417015076,0.5614866018295288,1.0,0.76
91923,0.7438878417015076,0.5614866018295288,1.0,0.76
92023,0.7438878417015076,0.5614866018295288,1.0,0.76
92123,0.7438878417015076,0.5614866018295288,1.0,0.76
92223,0.7438878417015076,0.5614866018295288,1.0,0.76
92323,0.7438878417015076,0.5614866018295288,1.0,0.76
92423,0.7438878417015076,0.5614866018295288,1.0,0.76
92523,0.7438878417015076,0.5614866018295288,1.0,0.76
92623,0.7438878417015076,0.5614866018295288,1.0,0.76
92723,0.7438878417015076,0.5614866018295288,1.0,0.76
92823,0.7438878417015076,0.5614866018295288,1.0,0.76
92923,0.7438878417015076,0.5614866018295288,1.0,0.76
93023,0.7438878417015076,0.5614866018295288,1.0,0.76
93123,0.7438878417015076,0.5614866018295288,1.0,0.76
93223,0.7438878417015076,0.5614866018295288,1.0,0.76
93323,0.7438878417015076,0.5614866018295288,1.0,0.76
93423,0.7438878417015076,0.5614866018295288,1.0,0.76
93523,0.7438878417015076,0.5614866018295288,1.0,0.76
93623,0.7438878417015076,0.5614866018295288,1.0,0.76
93723,0.7438878417015076,0.5614866018295288,1.0,0.76
93823,0.7438878417015076,0.5614866018295288,1.0,0.76
93923,0.7438878417015076,0.5614866018295288,1.0,0.76
94023,0.7438878417015076,0.5614866018295288,1.0,0.76
94123,0.7438878417015076,0.5614866018295288,1.0,0.76
94223,0.7438878417015076,0.5614866018295288,1.0,0.76
94323,0.7438878417015076,0.5614866018295288,1.0,0.76
94423,0.7438878417015076,0.5614866018295288,1.0,0.76
94523,0.7438878417015076,0.5614866018295288,1.0,0.76
94623,0.7438878417015076,0.5614866018295288,1.0,0.76
94723,0.7438878417015076,0.5614866018295288,1.0,0.76
94823,0.7438878417015076,0.5614866018295288,1.0,0.76
94923,0.7438878417015076,0.5614866018295288,1.0,0.76
95023,0.7438878417015076,0.5614866018295288,1.0,0.76
95123,0.7438878417015076,0.5614866018295288,1.0,0.76
95223,0.7438878417015076,0.5614866018295288,1.0,0.76
95323,0.7438878417015076,0.5614866018295288,1.0,0.76
95423,0.7438878417015076,0.5614866018295288,1.0,0.76
96743,0.7438878417015076,0.5614866018295288,0.97,0.75
96843,0.7438878417015076,0.5614866018295288,1.0,0.75
96943,0.7438878417015076,0.5614866018295288,1.0,0.75
97043,0.7438878417015076,0.5614866018295288,1.0,0.75
97143,0.7438878417015076,0.5614866018295288,1.0,0.75
97243,0.7438878417015076,0.5614866018295288,1.0,0.75
97343,0.7438878417015076,0.5614866018295288,1.0,0.75
97443,0.7438878417015076,0.5614866018295288,1.0,0.75
97543,0.7438878417015076,0.5614866018295288,1.0,0.75
97643,0.7438878417015076,0.5614866018295288,1.0,0.75
97743,0.7438878417015076,0.5614866018295288,1.0,0.75
97843,0.7438878417015076,0.5614866018295288,1.0,0.75
97943,0.7438878417015076,0.5614866018295288,1.0,0.75
98043,0.7438878417015076,0.5614866018295288,1.0,0.75
98143,0.7438878417015076,0.5614866018295288,1.0,0.75
98243,0.7438878417015076,0.5614866018295288,1.0,0.75
98343,0.7438878417015076,0.5614866018295288,1.0,0.75
98443,0.7438878417015076,0.5614866018295288,1.0,0.75
98543,0.7438878417015076,0.5614866018295288,1.0,0.75
98643,0.7438878417015076,0.5614866018295288,1.0,0.75
98743,0.7438878417015076,0.5614866018295288,1.0,0.75
98843,0.7438878417015076,0.5614866018295288,1.0,0.75
98943,0.7438878417015076,0.5614866018295288,1.0,0.75
99043,0.7438878417015076,0.5614866018295288,1.0,0.75
99143,0.7438878417015076,0.5614866018295288,1.0,0.75
99243,0.7438878417015076,0.5614866018295288,1.0,0.75
99343,0.7438878417015076,0.5614866018295288,1.0,0.75
99443,0.7438878417015076,0.5614866018295288,1.0,0.75
99543,0.7438878417015076,0.5614866018295288,1.0,0.75
99643,0.7438878417015076,0.5614866018295288,1.0,0.75
99743,0.7438878417015076,0.5614866018295288,1.0,0.75
99843,0.7438878417015076,0.5614866018295288,1.0,0.75
99943,0.7438878417015076,0.5614866018295288,1.0,0.75
100043,0.7438878417015076,0.5614866018295288,1.0,0.75
100143,0.7438878417015076,0.5614866018295288,1.0,0.75
100243,0.7438878417015076,0.5614866018295288,1.0,0.75
100343,0.7438878417015076,0.5614866018295288,1.0,0.75
100443,0.7438878417015076,0.5614866018295288,1.0,0.75
100543,0.7438878417015076,0.5614866018295288,1.0,0.75
100643,0.7438878417015076,0.5614866018295288,1.0,0.75
100743,0.7438878417015076,0.5614866018295288,1.0,0.75
100843,0.7438878417015076,0.5614866018295288,1.0,0.75
100943,0.7438878417015076,0.5614866018295288,1.0,0.75
101043,0.7438878417015076,0.5614866018295288,1.0,0.75
101143,0.7438878417015076,0.5614866018295288,1.0,0.75
101243,0.7438878417015076,0.5614866018295288,1.0,0.75
101343,0.7438878417015076,0.5614866018295288,1.0,0.75
101443,0.7438878417015076,0.5614866018295288,1.0,0.75
101543,0.7438878417015076,0.5614866018295288,1.0,0.75
101643,0.7438878417015076,0.5614866018295288,1.0,0.75
101743,0.7438878417015076,0.5614866018295288,1.0,0.75
101843,0.7438878417015076,0.5614866018295288,1.0,0.75
101943,0.7438878417015076,0.5614866018295288,1.0,0.75
102043,0.7438878417015076,0.5614866018295288,1.0,0.75
102143,0.7438878417015076,0.5614866018295288,1.0,0.75
102243,0.7438878417015076,0.5614866018295288,1.0,0.75
102343,0.7438878417015076,0.5614866018295288,1.0,0.75
102443,0.7438878417015076,0.5614866018295288,1.0,0.75
102543,0.7438878417015076,0.5614866018295288,1.0,0.75
102643,0.7438878417015076,0.5614866018295288,1.0,0.75
102743,0.7438878417015076,0.5614866018295288,1.0,0.75
102843,0.7438878417015076,0.5614866018295288,1.0,0.75
102943,0.7438878417015076,0.5614866018295288,1.0,0.75
103043,0.7438878417015076,0.5614866018295288,1.0,0.75
103143,0.7438878417015076,0.5614866018295288,1.0,0.75
103243,0.7438878417015076,0.5614866018295288,1.0,0.75
103343,0.7438878417015076,0.5614866018295288,1.0,0.75
103443,0.7438878417015076,0.5614866018295288,1.0,0.75
103543,0.7438878417015076,0.5614866018295288,1.0,0.75
103643,0.7438878417015076,0.5614866018295288,1.0,0.75
103743,0.7438878417015076,0.5614866018295288,1.0,0.75
103843,0.7438878417015076,0.5614866018295288,1.0,0.75
103943,0.7438878417015076,0.5614866018295288,1.0,0.75
104043,0.7438878417015076,0.5614866018295288,1.0,0.75
104143,0.7438878417015076,0.5614866018295288,1.0,0.75
104243,0.7438878417015076,0.5614866018295288,1.0,0.75
104343,0.7438878417015076,0.5614866018295288,1.0,0.75
104443,0.7438878417015076,0.5614866018295288,1.0,0.75
104543,0.7438878417015076,0.5614866018295288,1.0,0.75
104643,0.7438878417015076,0.5614866018295288,1.0,0.75
104743,0.7438878417015076,0.5614866018295288,1.0,0.75
104843,0.7438878417015076,0.5614866018295288,1.0,0.75
104943,0.7438878417015076,0.5614866018295288,1.0,0.75
105043,0.7438878417015076,0.5614866018295288,1.0,0.75
105143,0.7438878417015076,0.5614866018295288,1.0,0.75
105243,0.7438878417015076,0.5614866018295288,1.0,0.75
105343,0.7438878417015076,0.5614866018295288,1.0,0.75
105443,0.7438878417015076,0.5614866018295288,1.0,0.75
105543,0.7438878417015076,0.5614866018295288,1.0,0.75
105643,0.7438878417015076,0.5614866018295288,1.0,0.75
105743,0.7438878417015076,0.5614866018295288,1.0,0.75
105843,0.7438878417015076,0.5614866018295288,1.0,0.75
105943,0.7438878417015076,0.5614866018295288,1.0,0.75
106043,0.7438878417015076,0.5614866018295288,1.0,0.75
106143,0.7438878417015076,0.5614866018295288,1.0,0.75
106243,0.7438878417015076,0.5614866018295288,1.0,0.75
106343,0.7438878417015076,0.5614866018295288,1.0,0.75
106443,0.7438878417015076,0.5614866018295288,1.0,0.75
106543,0.7438878417015076,0.5614866018295288,1.0,0.75
106643,0.7438878417015076,0.5614866018295288,1.0,0.75
106743,0.7438878417015076,0.5614866018295288,1.0,0.75
106843,0.7438878417015076,0.5614866018295288,1.0,0.75
106943,0.7438878417015076,0.5614866018295288,1.0,0.75
107043,0.7438878417015076,0.5614866018295288,1.0,0.75
107143,0.7438878417015076,0.5614866018295288,1.0,0.75
107243,0.7438878417015076,0.5614866018295288,1.0,0.75
107343,0.7438878417015076,0.5614866018295288,1.0,0.75
107443,0.7438878417015076,0.5614866018295288,1.0,0.75
107543,0.7438878417015076,0.5614866018295288,1.0,0.75
107643,0.7438878417015076,0.5614866018295288,1.0,0.75
107743,0.7438878417015076,0.5614866018295288,1.0,0.75
107843,0.7438878417015076,0.5614866018295288,1.0,0.75
107943,0.7438878417015076,0.5614866018295288,1.0,0.75
108043,0.7438878417015076,0.5614866018295288,1.0,0.75
108143,0.7438878417015076,0.5614866018295288,1.0,0.75
108243,0.7438878417015076,0.5614866018295288,1.0,0.75
108343,0.7438878417015076,0.5614866018295288,1.0,0.75
108443,0.7438878417015076,0.5614866018295288,1.0,0.75
108543,0.7438878417015076,0.5614866018295288,1.0,0.75
108643,0.7438878417015076,0.5614866018295288,1.0,0.75
108743,0.7438878417015076,0.5614866018295288,1.0,0.75
108843,0.7438878417015076,0.5614866018295288,1.0,0.75
108943,0.7438878417015076,0.5614866018295288,1.0,0.75
109043,0.7438878417015076,0.5614866018295288,1.0,0.75
109143,0.7438878417015076,0.5614866018295288,1.0,0.75
109243,0.7438878417015076,0.5614866018295288,1.0,0.75
109343,0.7438878417015076,0.5614866018295288,1.0,0.75
109443,0.7438878417015076,0.5614866018295288,1.0,0.75
109543,0.7438878417015076,0.5614866018295288,1.0,0.75
109643,0.7438878417015076,0.5614866018295288,1.0,0.75
109743,0.7438878417015076,0.5614866018295288,1.0,0.75
109843,0.7438878417015076,0.5614866018295288,1.0,0.75
109943,0.7438878417015076,0.5614866018295288,1.0,0.75
110043,0.7438878417015076,0.5614866018295288,1.0,0.75
110143,0.7438878417015076,0.5614866018295288,1.0,0.75
110243,0.7438878417015076,0.5614866018295288,1.0,0.75
110343,0.7438878417015076,0.5614866018295288,1.0,0.75
110443,0.7438878417015076,0.5614866018295288,1.0,0.75
110543,0.7438878417015076,0.5614866018295288,1.0,0.75
110643,0.7438878417015076,0.5614866018295288,1.0,0.75
110743,0.7438878417015076,0.5614866018295288,0.95,0.76
110843,0.7438878417015076,0.5614866018295288,0.98,0.76
110943,0.7438878417015076,0.5614866018295288,0.99,0.76
111043,0.7438878417015076,0.5614866018295288,1.0,0.76
111143,0.7438878417015076,0.5614866018295288,1.0,0.76
111243,0.7438878417015076,0.5614866018295288,1.0,0.76
111343,0.7438878417015076,0.5614866018295288,1.0,0.76
111443,0.7438878417015076,0.5614866018295288,1.0,0.76
111543,0.7438878417015076,0.5614866018295288,1.0,0.76
111643,0.7438878417015076,0.5614866018295288,1.0,0.76
111743,0.7438878417015076,0.5614866018295288,1.0,0.76
111843,0.7438878417015076,0.5614866018295288,1.0,0.76
111943,0.7438878417015076,0.5614866018295288,1.0,0.76
112043,0.7438878417015076,0.5614866018295288,1.0,0.76
112143,0.7438878417015076,0.5614866018295288,1.0,0.76
112243,0.7438878417015076,0.5614866018295288,1.0,0.76
112343,0.7438878417015076,0.5614866018295288,1.0,0.76
112443,0.7438878417015076,0.5614866018295288,1.0,0.76
112543,0.7438878417015076,0.5614866018295288,1.0,0.76
112643,0.7438878417015076,0.5614866018295288,1.0,0.76
112743,0.7438878417015076,0.5614866018295288,1.0,0.76
112843,0.7438878417015076,0.5614866018295288,1.0,0.76
112943,0.7438878417015076,0.5614866018295288,1.0,0.76
113043,0.7438878417015076,0.5614866018295288,1.0,0.76
113143,0.7438878417015076,0.5614866018295288,1.0,0.76
113243,0.7438878417015076,0.5614866018295288,1.0,0.76
113343,0.7438878417015076,0.5614866018295288,1.0,0.76
113443,0.7438878417015076,0.5614866018295288,1.0,0.76
113543,0.7438878417015076,0.5614866018295288,1.0,0.76
113643,0.7438878417015076,0.5614866018295288,1.0,0.76
113743,0.7438878417015076,0.5614866018295288,1.0,0.76
113843,0.7438878417015076,0.5614866018295288,1.0,0.76
113943,0.7438878417015076,0.5614866018295288,1.0,0.76
114043,0.7438878417015076,0.5614866018295288,1.0,0.76
114143,0.7438878417015076,0.5614866018295288,1.0,0.76
114243,0.7438878417015076,0.5614866018295288,1.0,0.76
114343,0.7438878417015076,0.5614866018295288,1.0,0.76
114443,0.7438878417015076,0.5614866018295288,1.0,0.76
114543,0.7438878417015076,0.5614866018295288,1.0,0.76
114643,0.7438878417015076,0.5614866018295288,1.0,0.76
114743,0.7438878417015076,0.5614866018295288,1.0,0.76
114843,0.7438878417015076,0.5614866018295288,1.0,0.76
114943,0.7438878417015076,0.5614866018295288,1.0,0.76
115043,0.7438878417015076,0.5614866018295288,1.0,0.76
115143,0.7438878417015076,0.5614866018295288,1.0,0.76
115243,0.7438878417015076,0.5614866018295288,1.0,0.76
115343,0.7438878417015076,0.5614866018295288,1.0,0.76
115443,0.7438878417015076,0.5614866018295288,1.0,0.76
115543,0.7438878417015076,0.5614866018295288,1.0,0.76
115643,0.7438878417015076,0.5614866018295288,1.0,0.76
115743,0.7438878417015076,0.5614866018295288,1.0,0.76
115843,0.7438878417015076,0.5614866018295288,1.0,0.76
115943,0.7438878417015076,0.5614866018295288,1.0,0.76
116043,0.7438878417015076,0.5614866018295288,1.0,0.76
116143,0.7438878417015076,0.5614866018295288,1.0,0.76
116243,0.7438878417015076,0.5614866018295288,1.0,0.76
116343,0.7438878417015076,0.5614866018295288,1.0,0.76
116443,0.7438878417015076,0.5614866018295288,1.0,0.76
116543,0.7438878417015076,0.5614866018295288,1.0,0.76
116643,0.7438878417015076,0.5614866018295288,1.0,0.76
116743,0.7438878417015076,0.5614866018295288,1.0,0.76
116843,0.7438878417015076,0.5614866018295288,1.0,0.76
116943,0.7438878417015076,0.5614866018295288,1.0,0.76
117043,0.7438878417015076,0.5614866018295288,1.0,0.76
117143,0.7438878417015076,0.5614866018295288,1.0,0.76
117243,0.7438878417015076,0.5614866018295288,1.0,0.76
117343,0.7438878417015076,0.5614866018295288,1.0,0.76
117443,0.7438878417015076,0.5614866018295288,1.0,0.76
117543,0.7438878417015076,0.5614866018295288,1.0,0.76
117643,0.7438878417015076,0.5614866018295288,1.0,0.76
117743,0.7438878417015076,0.5614866018295288,1.0,0.76
117843,0.7438878417015076,0.5614866018295288,1.0,0.76
117943,0.7438878417015076,0.5614866018295288,1.0,0.76
118043,0.7438878417015076,0.5614866018295288,1.0,0.76
118143,0.7438878417015076,0.5614866018295288,1.0,0.76
118243,0.7438878417015076,0.5614866018295288,1.0,0.76
118343,0.7438878417015076,0.5614866018295288,1.0,0.76
118443,0.7438878417015076,0.5614866018295288,1.0,0.76
118543,0.7438878417015076,0.5614866018295288,1.0,0.76
118643,0.7438878417015076,0.5614866018295288,1.0,0.76
118743,0.7438878417015076,0.5614866018295288,1.0,0.76
118843,0.7438878417015076,0.5614866018295288,1.0,0.76
118943,0.7438878417015076,0.5614866018295288,1.0,0.76
119043,0.7438878417015076,0.5614866018295288,1.0,0.76
119143,0.7438878417015076,0.5614866018295288,1.0,0.76
119243,0.7438878417015076,0.5614866018295288,1.0,0.76
119343,0.7438878417015076,0.5614866018295288,1.0,0.76
119443,0.7438878417015076,0.5614866018295288,1.0,0.76
119543,0.7438878417015076,0.5614866018295288,1.0,0.76
119643,0.7438878417015076,0.5614866018295288,1.0,0.76
119743,0.7438878417015076,0.5614866018295288,1.0,0.76
119843,0.7438878417015076,0.5614866018295288,1.0,0.76
119943,0.7438878417015076,0.5614866018295288,1.0,0.76
120043,0.7438878417015076,0.5614866018295288,1.0,0.76
120143,0.7438878417015076,0.5614866018295288,1.0,0.76
120243,0.7438878417015076,0.5614866018295288,1.0,0.76
120343,0.7438878417015076,0.5614866018295288,1.0,0.76
120443,0.7438878417015076,0.5614866018295288,1.0,0.76
120543,0.7438878417015076,0.5614866018295288,1.0,0.76
120643,0.7438878417015076,0.5614866018295288,1.0,0.76
120743,0.7438878417015076,0.5614866018295288,1.0,0.76
120843,0.7438878417015076,0.5614866018295288,1.0,0.76
120943,0.7438878417015076,0.5614866018295288,1.0,0.76
121043,0.7438878417015076,0.5614866018295288,1.0,0.76
121143,0.7438878417015076,0.5614866018295288,1.0,0.76
121243,0.7438878417015076,0.5614866018295288,1.0,0.76
121343,0.7438878417015076,0.5614866018295288,1.0,0.76
121443,0.7438878417015076,0.5614866018295288,1.0,0.76
121543,0.7438878417015076,0.5614866018295288,1.0,0.76
121643,0.7438878417015076,0.5614866018295288,1.0,0.76
121743,0.7438878417015076,0.5614866018295288,1.0,0.76
121843,0.7438878417015076,0.5614866018295288,1.0,0.76
121943,0.7438878417015076,0.5614866018295288,1.0,0.76
122043,0.7438878417015076,0.5614866018295288,1.0,0.76
122143,0.7438878417015076,0.5614866018295288,1.0,0.76
122243,0.7438878417015076,0.5614866018295288,1.0,0.76
122343,0.7438878417015076,0.5614866018295288,1.0,0.76
122443,0.7438878417015076,0.5614866018295288,1.0,0.76
122543,0.7438878417015076,0.5614866018295288,1.0,0.76
122643,0.7438878417015076,0.5614866018295288,1.0,0.76
122743,0.7438878417015076,0.5614866018295288,1.0,0.76
122843,0.7438878417015076,0.5614866018295288,1.0,0.76
122943,0.7438878417015076,0.5614866018295288,1.0,0.76
123043,0.7438878417015076,0.5614866018295288,1.0,0.76
123143,0.7438878417015076,0.5614866018295288,1.0,0.76
123243,0.7438878417015076,0.5614866018295288,1.0,0.76
123343,0.7438878417015076,0.5614866018295288,1.0,0.76
123443,0.7438878417015076,0.5614866018295288,1.0,0.76
123543,0.7438878417015076,0.5614866018295288,1.0,0.76
123643,0.7438878417015076,0.5614866018295288,1.0,0.76
123743,0.7438878417015076,0.5614866018295288,1.0,0.76
123843,0.7438878417015076,0.5614866018295288,1.0,0.76
123943,0.7438878417015076,0.5614866018295288,1.0,0.76
124043,0.7438878417015076,0.5614866018295288,1.0,0.76
124143,0.7438878417015076,0.5614866018295288,1.0,0.76
124243,0.7438878417015076,0.5614866018295288,1.0,0.76
124343,0.7438878417015076,0.5614866018295288,1.0,0.76
124443,0.7438878417015076,0.5614866018295288,1.0,0.76
124543,0.7438878417015076,0.5614866018295288,1.0,0.76
124643,0.7438878417015076,0.5614866018295288,1.0,0.76
137190,0.7438878417015076,0.5614866018295288,0.21,0.76
137290,0.7438878417015076,0.5614866018295288,0.3,0.76
137390,0.7438878417015076,0.5614866018295288,0.33,0.76
137490,0.7438878417015076,0.5614866018295288,0.36,0.76
137590,0.7438878417015076,0.5614866018295288,0.39,0.76
137690,0.7438878417015076,0.5614866018295288,0.42,0.76
137790,0.7438878417015076,0.5614866018295288,0.48,0.76
137890,0.7438878417015076,0.5614866018295288,0.5,0.76
137990,0.7438878417015076,0.5614866018295288,0.52,0.76
138090,0.7438878417015076,0.5614866018295288,0.57,0.76
138190,0.7438878417015076,0.5614866018295288,0.59,0.76
138290,0.7438878417015076,0.5614866018295288,0.61,0.76
138390,0.7438878417015076,0.5614866018295288,0.65,0.76
138490,0.7438878417015076,0.5614866018295288,0.67,0.76
138590,0.7438878417015076,0.5614866018295288,0.67,0.76
138690,0.7438878417015076,0.5614866018295288,0.68,0.76
138790,0.7438878417015076,0.5614866018295288,0.71,0.76
138890,0.7438878417015076,0.5614866018295288,0.71,0.76
138990,0.7438878417015076,0.5614866018295288,0.76,0.76
139090,0.7438878417015076,0.5614866018295288,0.77,0.76
139190,0.7438878417015076,0.5614866018295288,0.78,0.76
139290,0.7438878417015076,0.5614866018295288,0.8,0.76
139390,0.7438878417015076,0.5614866018295288,0.84,0.76
139490,0.7438878417015076,0.5614866018295288,0.84,0.76
139590,0.7438878417015076,0.5614866018295288,0.87,0.76
139690,0.7438878417015076,0.5614866018295288,0.88,0.76
139790,0.7438878417015076,0.5614866018295288,0.89,0.76
139890,0.7438878417015076,0.5614866018295288,0.9,0.76
139990,0.7438878417015076,0.5614866018295288,0.91,0.76
140090,0.7438878417015076,0.5614866018295288,0.91,0.76
140190,0.7438878417015076,0.5614866018295288,0.92,0.76
140290,0.7438878417015076,0.5614866018295288,0.92,0.76
140390,0.7438878417015076,0.5614866018295288,0.93,0.76
140490,0.7438878417015076,0.5614866018295288,0.94,0.76
140590,0.7438878417015076,0.5614866018295288,0.94,0.76
140690,0.7438878417015076,0.5614866018295288,0.95,0.76
140790,0.7438878417015076,0.5614866018295288,0.95,0.76
140890,0.7438878417015076,0.5614866018295288,0.95,0.76
140990,0.7438878417015076,0.5614866018295288,0.95,0.76
141090,0.7438878417015076,0.5614866018295288,0.96,0.76
141190,0.7438878417015076,0.5614866018295288,0.97,0.76
141290,0.7438878417015076,0.5614866018295288,0.97,0.76
141390,0.7438878417015076,0.5614866018295288,0.97,0.76
141490,0.7438878417015076,0.5614866018295288,0.97,0.76
141590,0.7438878417015076,0.5614866018295288,0.97,0.76
141690,0.7438878417015076,0.5614866018295288,0.97,0.76
141790,0.7438878417015076,0.5614866018295288,0.97,0.76
141890,0.7438878417015076,0.5614866018295288,0.97,0.76
141990,0.7438878417015076,0.5614866018295288,0.97,0.76
142090,0.7438878417015076,0.5614866018295288,0.97,0.76
142190,0.7438878417015076,0.5614866018295288,0.98,0.76
142290,0.7438878417015076,0.5614866018295288,0.98,0.76
142390,0.7438878417015076,0.5614866018295288,0.98,0.76
142490,0.7438878417015076,0.5614866018295288,0.98,0.76
142590,0.7438878417015076,0.5614866018295288,0.98,0.76
142690,0.7438878417015076,0.5614866018295288,0.99,0.76
142790,0.7438878417015076,0.5614866018295288,0.99,0.76
142890,0.7438878417015076,0.5614866018295288,0.99,0.76
142990,0.7438878417015076,0.5614866018295288,0.99,0.76
143090,0.7438878417015076,0.5614866018295288,0.99,0.76
143190,0.7438878417015076,0.5614866018295288,0.99,0.76
143290,0.7438878417015076,0.5614866018295288,0.99,0.76
143390,0.7438878417015076,0.5614866018295288,0.99,0.76
143490,0.7438878417015076,0.5614866018295288,0.99,0.76
143590,0.7438878417015076,0.5614866018295288,0.99,0.76
143690,0.7438878417015076,0.5614866018295288,0.99,0.76
143790,0.7438878417015076,0.5614866018295288,0.99,0.76
143890,0.7438878417015076,0.5614866018295288,0.99,0.76
143990,0.7438878417015076,0.5614866018295288,1.0,0.76
144090,0.7438878417015076,0.5614866018295288,1.0,0.76
144190,0.7438878417015076,0.5614866018295288,1.0,0.76
144290,0.7438878417015076,0.5614866018295288,1.0,0.76
144390,0.7438878417015076,0.5614866018295288,1.0,0.76
144490,0.7438878417015076,0.5614866018295288,1.0,0.76
144590,0.7438878417015076,0.5614866018295288,1.0,0.76
144690,0.7438878417015076,0.5614866018295288,1.0,0.76
144790,0.7438878417015076,0.5614866018295288,1.0,0.76
144890,0.7438878417015076,0.5614866018295288,1.0,0.76
144990,0.7438878417015076,0.5614866018295288,1.0,0.76
145090,0.7438878417015076,0.5614866018295288,1.0,0.76
145190,0.7438878417015076,0.5614866018295288,1.0,0.76
145290,0.7438878417015076,0.5614866018295288,1.0,0.76
145390,0.7438878417015076,0.5614866018295288,1.0,0.76
145490,0.7438878417015076,0.5614866018295288,1.0,0.76
145590,0.7438878417015076,0.5614866018295288,1.0,0.76
145690,0.7438878417015076,0.5614866018295288,1.0,0.76
145790,0.7438878417015076,0.5614866018295288,1.0,0.76
145890,0.7438878417015076,0.5614866018295288,1.0,0.76
145990,0.7438878417015076,0.5614866018295288,1.0,0.76
146090,0.7438878417015076,0.5614866018295288,1.0,0.76
146190,0.7438878417015076,0.5614866018295288,1.0,0.76
146290,0.7438878417015076,0.5614866018295288,1.0,0.76
146390,0.7438878417015076,0.5614866018295288,1.0,0.76
146490,0.7438878417015076,0.5614866018295288,1.0,0.76
146590,0.7438878417015076,0.5614866018295288,1.0,0.76
146690,0.7438878417015076,0.5614866018295288,1.0,0.76
146790,0.7438878417015076,0.5614866018295288,1.0,0.76
146890,0.7438878417015076,0.5614866018295288,1.0,0.76
146990,0.7438878417015076,0.5614866018295288,1.0,0.76
147090,0.7438878417015076,0.5614866018295288,1.0,0.76
147190,0.7438878417015076,0.5614866018295288,1.0,0.76
147290,0.7438878417015076,0.5614866018295288,1.0,0.76
147390,0.7438878417015076,0.5614866018295288,1.0,0.76
147490,0.7438878417015076,0.5614866018295288,1.0,0.76
147590,0.7438878417015076,0.5614866018295288,1.0,0.76
147690,0.7438878417015076,0.5614866018295288,1.0,0.76
147790,0.7438878417015076,0.5614866018295288,1.0,0.76
147890,0.7438878417015076,0.5614866018295288,1.0,0.76
147990,0.7438878417015076,0.5614866018295288,1.0,0.76
148090,0.7438878417015076,0.5614866018295288,1.0,0.76
148190,0.7438878417015076,0.5614866018295288,1.0,0.76
148290,0.7438878417015076,0.5614866018295288,1.0,0.76
148390,0.7438878417015076,0.5614866018295288,1.0,0.76
148490,0.7438878417015076,0.5614866018295288,1.0,0.76
148590,0.7438878417015076,0.5614866018295288,1.0,0.76
148690,0.7585374116897583,0.5761377811431885,1.0,0.76
148790,0.7585374116897583,0.5761377811431885,1.0,0.76
148890,0.7585374116897583,0.5761377811431885,1.0,0.76
148990,0.7585374116897583,0.5761377811431885,1.0,0.76
149090,0.7585374116897583,0.5761377811431885,1.0,0.76
149190,0.7585374116897583,0.5761377811431885,1.0,0.76
149290,0.7585374116897583,0.5761377811431885,1.0,0.76
149390,0.7585374116897583,0.5761377811431885,1.0,0.76
149490,0.7585374116897583,0.5761377811431885,1.0,0.76
149590,0.7585374116897583,0.5761377811431885,1.0,0.76
149690,0.7585374116897583,0.5761377811431885,1.0,0.76
149790,0.7585374116897583,0.5761377811431885,1.0,0.76
149890,0.7585374116897583,0.5761377811431885,1.0,0.76
149990,0.7585374116897583,0.5761377811431885,1.0,0.76
150090,0.7585374116897583,0.5761377811431885,1.0,0.76
150190,0.7585374116897583,0.5761377811431885,1.0,0.76
150290,0.7585374116897583,0.5761377811431885,1.0,0.76
150390,0.7585374116897583,0.5761377811431885,1.0,0.76
150490,0.7585374116897583,0.5761377811431885,1.0,0.76
150590,0.7585374116897583,0.5761377811431885,1.0,0.76
150690,0.7585374116897583,0.5761377811431885,1.0,0.76
150790,0.7585374116897583,0.5761377811431885,1.0,0.76
150890,0.7585374116897583,0.5761377811431885,1.0,0.76
150990,0.7585374116897583,0.5761377811431885,1.0,0.76
151090,0.7585374116897583,0.5761377811431885,1.0,0.76
160128,0.7610739469528198,0.5756018161773682,0.65,0.76
160128,0.7610739469528198,0.5756018161773682,0.68,0.77
160228,0.7610739469528198,0.5756018161773682,0.7,0.77
160328,0.7610739469528198,0.5756018161773682,0.71,0.77
160428,0.7610739469528198,0.5756018161773682,0.75,0.77
160528,0.7610739469528198,0.5756018161773682,0.79,0.77
160628,0.7610739469528198,0.5756018161773682,0.81,0.77
160728,0.7610739469528198,0.5756018161773682,0.82,0.77
160828,0.7610739469528198,0.5756018161773682,0.82,0.77
160928,0.7610739469528198,0.5756018161773682,0.82,0.77
161028,0.7610739469528198,0.5756018161773682,0.84,0.77
161128,0.7610739469528198,0.5756018161773682,0.85,0.77
161228,0.7610739469528198,0.5756018161773682,0.89,0.77
161328,0.7610739469528198,0.5756018161773682,0.89,0.77
161428,0.7610739469528198,0.5756018161773682,0.9,0.77
161528,0.7610739469528198,0.5756018161773682,0.92,0.77
161628,0.7610739469528198,0.5756018161773682,0.93,0.77
161728,0.7610739469528198,0.5756018161773682,0.93,0.77
161828,0.7610739469528198,0.5756018161773682,0.93,0.77
161928,0.7610739469528198,0.5756018161773682,0.93,0.77
162028,0.7610739469528198,0.5756018161773682,0.93,0.77
162128,0.7610739469528198,0.5756018161773682,0.94,0.77
162228,0.7610739469528198,0.5756018161773682,0.94,0.77
162328,0.7610739469528198,0.5756018161773682,0.96,0.77
162428,0.7610739469528198,0.5756018161773682,0.96,0.77
162528,0.7610739469528198,0.5756018161773682,0.96,0.77
162628,0.7610739469528198,0.5756018161773682,0.97,0.77
162728,0.7610739469528198,0.5756018161773682,0.97,0.77
162828,0.7610739469528198,0.5756018161773682,0.98,0.77
162928,0.7610739469528198,0.5756018161773682,0.98,0.77
163028,0.7610739469528198,0.5756018161773682,0.97,0.77
163128,0.7610739469528198,0.5756018161773682,0.97,0.77
163228,0.7610739469528198,0.5756018161773682,0.98,0.77
163328,0.7610739469528198,0.5756018161773682,0.98,0.77
163428,0.7610739469528198,0.5756018161773682,0.98,0.77
163528,0.7610739469528198,0.5756018161773682,0.99,0.77
163628,0.7610739469528198,0.5756018161773682,0.99,0.77
163728,0.7610739469528198,0.5756018161773682,0.99,0.77
163828,0.7610739469528198,0.5756018161773682,0.99,0.77
163928,0.7610739469528198,0.5756018161773682,0.99,0.77
164028,0.7610739469528198,0.5756018161773682,1.0,0.77
164128,0.7610739469528198,0.5756018161773682,1.0,0.77
164228,0.7610739469528198,0.5756018161773682,1.0,0.77
164328,0.7610739469528198,0.5756018161773682,1.0,0.77
164428,0.7610739469528198,0.5756018161773682,1.0,0.77
164528,0.7610739469528198,0.5756018161773682,1.0,0.77
164628,0.7610739469528198,0.5756018161773682,1.0,0.77
164728,0.7610739469528198,0.5756018161773682,1.0,0.77
164828,0.7610739469528198,0.5756018161773682,1.0,0.77
164928,0.7610739469528198,0.5756018161773682,1.0,0.77
165028,0.7610739469528198,0.5756018161773682,1.0,0.77
165128,0.7610739469528198,0.5756018161773682,1.0,0.77
165228,0.7610739469528198,0.5756018161773682,1.0,0.77
165328,0.7610739469528198,0.5756018161773682,1.0,0.77
165428,0.7610739469528198,0.5756018161773682,1.0,0.77
165528,0.7610739469528198,0.5756018161773682,1.0,0.77
165628,0.7610739469528198,0.5756018161773682,1.0,0.77
165728,0.7610739469528198,0.5756018161773682,1.0,0.77
165828,0.7610739469528198,0.5756018161773682,1.0,0.77
165928,0.7610739469528198,0.5756018161773682,1.0,0.77
166028,0.7610739469528198,0.5756018161773682,1.0,0.77
166128,0.7610739469528198,0.5756018161773682,1.0,0.77
166228,0.7610739469528198,0.5756018161773682,1.0,0.77
166328,0.7610739469528198,0.5756018161773682,1.0,0.77
166428,0.7610739469528198,0.5756018161773682,1.0,0.77
166528,0.7610739469528198,0.5756018161773682,1.0,0.77
166628,0.7610739469528198,0.5756018161773682,1.0,0.77
166728,0.7610739469528198,0.5756018161773682,1.0,0.77
166828,0.7610739469528198,0.5756018161773682,1.0,0.77
166928,0.7610739469528198,0.5756018161773682,1.0,0.77
167028,0.7610739469528198,0.5756018161773682,1.0,0.77
167128,0.7610739469528198,0.5756018161773682,1.0,0.77
167228,0.7610739469528198,0.5756018161773682,1.0,0.77
167328,0.7610739469528198,0.5756018161773682,1.0,0.77
167428,0.7610739469528198,0.5756018161773682,1.0,0.77
167528,0.7610739469528198,0.5756018161773682,1.0,0.77
167628,0.7610739469528198,0.5756018161773682,1.0,0.77
167728,0.7610739469528198,0.5756018161773682,1.0,0.77
167828,0.7610739469528198,0.5756018161773682,1.0,0.77
167928,0.7610739469528198,0.5756018161773682,1.0,0.77
168028,0.7610739469528198,0.5756018161773682,1.0,0.77
168128,0.7610739469528198,0.5756018161773682,1.0,0.77
168228,0.7610739469528198,0.5756018161773682,1.0,0.77
168328,0.7610739469528198,0.5756018161773682,1.0,0.77
168428,0.7610739469528198,0.5756018161773682,1.0,0.77
168528,0.7610739469528198,0.5756018161773682,1.0,0.77
168628,0.7610739469528198,0.5756018161773682,1.0,0.77
168728,0.7610739469528198,0.5756018161773682,1.0,0.77
168828,0.7610739469528198,0.5756018161773682,1.0,0.77
168928,0.7610739469528198,0.5756018161773682,1.0,0.77
169028,0.7610739469528198,0.5756018161773682,1.0,0.77
169128,0.7610739469528198,0.5756018161773682,1.0,0.77
169228,0.7610739469528198,0.5756018161773682,1.0,0.77
169328,0.7610739469528198,0.5756018161773682,1.0,0.77
169428,0.7610739469528198,0.5756018161773682,1.0,0.77
169528,0.7610739469528198,0.5756018161773682,1.0,0.77
169628,0.7610739469528198,0.5756018161773682,1.0,0.77
169728,0.7610739469528198,0.5756018161773682,1.0,0.77
169828,0.7610739469528198,0.5756018161773682,1.0,0.77
169928,0.7610739469528198,0.5756018161773682,1.0,0.77
170028,0.7610739469528198,0.5756018161773682,1.0,0.77
170128,0.7610739469528198,0.5756018161773682,1.0,0.77
170228,0.7610739469528198,0.5756018161773682,1.0,0.77
170328,0.7610739469528198,0.5756018161773682,1.0,0.77
170428,0.7610739469528198,0.5756018161773682,1.0,0.77
170528,0.7610739469528198,0.5756018161773682,1.0,0.77
170628,0.7610739469528198,0.5756018161773682,1.0,0.77
170728,0.7610739469528198,0.5756018161773682,1.0,0.77
170828,0.7610739469528198,0.5756018161773682,1.0,0.77
170928,0.7610739469528198,0.5756018161773682,1.0,0.77
171028,0.7610739469528198,0.5756018161773682,1.0,0.77
171128,0.7610739469528198,0.5756018161773682,1.0,0.77
171228,0.7610739469528198,0.5756018161773682,1.0,0.77
171328,0.7610739469528198,0.5756018161773682,1.0,0.77
171428,0.7610739469528198,0.5756018161773682,1.0,0.77
171528,0.7610739469528198,0.5756018161773682,1.0,0.77
171628,0.7610739469528198,0.5756018161773682,1.0,0.77
171728,0.7610739469528198,0.5756018161773682,1.0,0.77
171828,0.7610739469528198,0.5756018161773682,1.0,0.77
171928,0.7610739469528198,0.5756018161773682,1.0,0.77
172028,0.7610739469528198,0.5756018161773682,1.0,0.77
172128,0.7610739469528198,0.5756018161773682,1.0,0.77
172228,0.7610739469528198,0.5756018161773682,1.0,0.77
172328,0.7610739469528198,0.5756018161773682,1.0,0.77
172428,0.7610739469528198,0.5756018161773682,1.0,0.77
172528,0.7610739469528198,0.5756018161773682,1.0,0.77
172628,0.7610739469528198,0.5756018161773682,1.0,0.77
172728,0.7610739469528198,0.5756018161773682,1.0,0.77
172828,0.7610739469528198,0.5756018161773682,1.0,0.77
172928,0.7610739469528198,0.5756018161773682,1.0,0.77
173028,0.7610739469528198,0.5756018161773682,1.0,0.77
173128,0.7610739469528198,0.5756018161773682,1.0,0.77
173228,0.7610739469528198,0.5756018161773682,1.0,0.77
173328,0.7610739469528198,0.5756018161773682,1.0,0.77
173428,0.7610739469528198,0.5756018161773682,1.0,0.77
173528,0.7610739469528198,0.5756018161773682,1.0,0.77
173628,0.7610739469528198,0.5756018161773682,1.0,0.77
173728,0.7610739469528198,0.5756018161773682,1.0,0.77
173828,0.7610739469528198,0.5756018161773682,1.0,0.77
173928,0.7610739469528198,0.5756018161773682,1.0,0.77
174028,0.7610739469528198,0.5756018161773682,1.0,0.77
181546,0.7610739469528198,0.5756018161773682,0.96,0.76
181646,0.7610739469528198,0.5756018161773682,0.96,0.76
181746,0.7610739469528198,0.5756018161773682,0.96,0.76
181846,0.7610739469528198,0.5756018161773682,0.96,0.76
181946,0.7610739469528198,0.5756018161773682,0.96,0.76
182046,0.7610739469528198,0.5756018161773682,0.96,0.76
182146,0.7610739469528198,0.5756018161773682,0.96,0.76
182246,0.7610739469528198,0.5756018161773682,0.96,0.76
182346,0.7610739469528198,0.5756018161773682,0.96,0.76
182446,0.7610739469528198,0.5756018161773682,0.96,0.76
182546,0.7610739469528198,0.5756018161773682,0.96,0.76
182646,0.7610739469528198,0.5756018161773682,0.96,0.76
182746,0.7610739469528198,0.5756018161773682,0.96,0.76
182846,0.7610739469528198,0.5756018161773682,0.96,0.76
182946,0.7610739469528198,0.5756018161773682,0.96,0.76
183046,0.7610739469528198,0.5756018161773682,0.96,0.76
183146,0.7610739469528198,0.5756018161773682,0.96,0.76
183246,0.7610739469528198,0.5756018161773682,0.96,0.76
183346,0.7610739469528198,0.5756018161773682,0.96,0.76
183446,0.7610739469528198,0.5756018161773682,0.96,0.76
183546,0.7610739469528198,0.5756018161773682,0.96,0.76
183646,0.7610739469528198,0.5756018161773682,0.96,0.76
183746,0.7610739469528198,0.5756018161773682,0.96,0.76
183846,0.7610739469528198,0.5756018161773682,0.96,0.76
183946,0.7610739469528198,0.5756018161773682,0.96,0.76
184046,0.7610739469528198,0.5756018161773682,0.96,0.76
184146,0.7610739469528198,0.5756018161773682,0.96,0.76
184246,0.7610739469528198,0.5756018161773682,0.96,0.76
184346,0.7610739469528198,0.5756018161773682,0.96,0.76
184446,0.7610739469528198,0.5756018161773682,0.96,0.76
184546,0.7610739469528198,0.5756018161773682,0.96,0.76
184646,0.7610739469528198,0.5756018161773682,0.96,0.76
184746,0.7610739469528198,0.5756018161773682,0.96,0.76
184846,0.7610739469528198,0.5756018161773682,0.96,0.76
184946,0.7610739469528198,0.5756018161773682,0.96,0.76
185046,0.7610739469528198,0.5756018161773682,0.96,0.76
185146,0.7610739469528198,0.5756018161773682,0.97,0.76
185246,0.7610739469528198,0.5756018161773682,0.97,0.76
185346,0.7610739469528198,0.5756018161773682,0.97,0.76
185446,0.7610739469528198,0.5756018161773682,0.97,0.76
185546,0.7610739469528198,0.5756018161773682,0.97,0.76
185646,0.7610739469528198,0.5756018161773682,0.97,0.76
185746,0.7610739469528198,0.5756018161773682,0.97,0.76
185846,0.7610739469528198,0.5756018161773682,0.97,0.76
185946,0.7610739469528198,0.5756018161773682,0.97,0.76
186046,0.7610739469528198,0.5756018161773682,0.97,0.76
186146,0.7610739469528198,0.5756018161773682,0.97,0.76
186246,0.7610739469528198,0.5756018161773682,0.97,0.76
186346,0.7610739469528198,0.5756018161773682,0.97,0.76
186446,0.7610739469528198,0.5756018161773682,0.97,0.76
186546,0.7610739469528198,0.5756018161773682,0.97,0.76
186646,0.7610739469528198,0.5756018161773682,0.97,0.76
186746,0.7610739469528198,0.5756018161773682,0.97,0.76
186846,0.7610739469528198,0.5756018161773682,0.97,0.76
186946,0.7610739469528198,0.5756018161773682,0.97,0.76
187046,0.7610739469528198,0.5756018161773682,0.97,0.76
187146,0.7610739469528198,0.5756018161773682,0.97,0.76
187246,0.7610739469528198,0.5756018161773682,0.97,0.76
187346,0.7610739469528198,0.5756018161773682,0.97,0.76
187446,0.7610739469528198,0.5756018161773682,0.97,0.76
187546,0.7610739469528198,0.5756018161773682,0.97,0.76
187646,0.7610739469528198,0.5756018161773682,0.97,0.76
187746,0.7610739469528198,0.5756018161773682,0.97,0.76
187846,0.7610739469528198,0.5756018161773682,0.97,0.76
187946,0.7610739469528198,0.5756018161773682,0.97,0.76
188046,0.7610739469528198,0.5756018161773682,0.97,0.76
188146,0.7610739469528198,0.5756018161773682,0.98,0.76
188246,0.7610739469528198,0.5756018161773682,0.98,0.76
188346,0.7610739469528198,0.5756018161773682,0.98,0.76
188446,0.7610739469528198,0.5756018161773682,0.98,0.76
188546,0.7610739469528198,0.5756018161773682,0.98,0.76
188646,0.7610739469528198,0.5756018161773682,0.99,0.76
188746,0.7610739469528198,0.5756018161773682,0.99,0.76
188846,0.7610739469528198,0.5756018161773682,0.99,0.76
188946,0.7610739469528198,0.5756018161773682,0.99,0.76
189046,0.7610739469528198,0.5756018161773682,0.99,0.76
189146,0.7610739469528198,0.5756018161773682,0.99,0.76
189246,0.7610739469528198,0.5756018161773682,0.99,0.76
189346,0.7610739469528198,0.5756018161773682,0.99,0.76
189446,0.7610739469528198,0.5756018161773682,0.99,0.76
189546,0.7610739469528198,0.5756018161773682,0.99,0.76
189646,0.7610739469528198,0.5756018161773682,0.99,0.76
189746,0.7610739469528198,0.5756018161773682,0.99,0.76
189846,0.7610739469528198,0.5756018161773682,0.99,0.76
189946,0.7610739469528198,0.5756018161773682,0.99,0.76
190046,0.7610739469528198,0.5756018161773682,0.99,0.76
190146,0.7610739469528198,0.5756018161773682,0.99,0.76
190246,0.7610739469528198,0.5756018161773682,0.99,0.76
190346,0.7610739469528198,0.5756018161773682,0.99,0.76
190446,0.7610739469528198,0.5756018161773682,0.99,0.76
190546,0.7610739469528198,0.5756018161773682,0.99,0.76
190646,0.7610739469528198,0.5756018161773682,0.99,0.76
190746,0.7610739469528198,0.5756018161773682,0.99,0.76
190846,0.7610739469528198,0.5756018161773682,0.99,0.76
190946,0.7610739469528198,0.5756018161773682,0.99,0.76
191046,0.7610739469528198,0.5756018161773682,0.99,0.76
191146,0.7610739469528198,0.5756018161773682,0.99,0.76
191246,0.7610739469528198,0.5756018161773682,0.99,0.76
191346,0.7610739469528198,0.5756018161773682,0.99,0.76
191446,0.7610739469528198,0.5756018161773682,0.99,0.76
191546,0.7610739469528198,0.5756018161773682,0.99,0.76
191646,0.7610739469528198,0.5756018161773682,0.99,0.76
191746,0.7610739469528198,0.5756018161773682,0.99,0.76
191846,0.7610739469528198,0.5756018161773682,1.0,0.76
191946,0.7610739469528198,0.5756018161773682,1.0,0.76
192046,0.7610739469528198,0.5756018161773682,1.0,0.76
192146,0.7610739469528198,0.5756018161773682,1.0,0.76
192246,0.7610739469528198,0.5756018161773682,1.0,0.76
192346,0.7610739469528198,0.5756018161773682,1.0,0.76
192446,0.7610739469528198,0.5756018161773682,1.0,0.76
192546,0.7610739469528198,0.5756018161773682,1.0,0.76
192646,0.7610739469528198,0.5756018161773682,1.0,0.76
192746,0.7610739469528198,0.5756018161773682,1.0,0.76
192846,0.7610739469528198,0.5756018161773682,1.0,0.76
192946,0.7610739469528198,0.5756018161773682,1.0,0.76
193046,0.7610739469528198,0.5756018161773682,1.0,0.76
193146,0.7610739469528198,0.5756018161773682,1.0,0.76
193246,0.7610739469528198,0.5756018161773682,1.0,0.76
193346,0.7610739469528198,0.5756018161773682,1.0,0.76
193446,0.7610739469528198,0.5756018161773682,1.0,0.76
193546,0.7610739469528198,0.5756018161773682,1.0,0.76
193646,0.7610739469528198,0.5756018161773682,1.0,0.76
193746,0.7610739469528198,0.5756018161773682,1.0,0.76
193846,0.7610739469528198,0.5756018161773682,1.0,0.76
193946,0.7610739469528198,0.5756018161773682,1.0,0.76
194046,0.7610739469528198,0.5756018161773682,1.0,0.76
194146,0.7610739469528198,0.5756018161773682,1.0,0.76
194246,0.7610739469528198,0.5756018161773682,1.0,0.76
194346,0.7610739469528198,0.5756018161773682,1.0,0.76
194446,0.7610739469528198,0.5756018161773682,1.0,0.76
194546,0.7610739469528198,0.5756018161773682,1.0,0.76
194646,0.7610739469528198,0.5756018161773682,1.0,0.76
194746,0.7610739469528198,0.5756018161773682,1.0,0.76
194846,0.7610739469528198,0.5756018161773682,1.0,0.76
194946,0.7610739469528198,0.5756018161773682,1.0,0.76
195046,0.7610739469528198,0.5756018161773682,1.0,0.76
195146,0.7610739469528198,0.5756018161773682,1.0,0.76
195246,0.7610739469528198,0.5756018161773682,1.0,0.76
195346,0.7610739469528198,0.5756018161773682,1.0,0.76
195446,0.7610739469528198,0.5756018161773682,1.0,0.76
209546,0.7610739469528198,0.5614866018295288,0.01,0.77
209646,0.7610739469528198,0.5614866018295288,0.01,0.77
209746,0.7610739469528198,0.5614866018295288,0.01,0.77
209846,0.7610739469528198,0.5614866018295288,0.01,0.77
209946,0.7610739469528198,0.5614866018295288,0.01,0.77
210046,0.7610739469528198,0.5614866018295288,0.01,0.77
210146,0.7610739469528198,0.5614866018295288,0.01,0.77
210246,0.7610739469528198,0.5614866018295288,0.01,0.77
210346,0.7610739469528198,0.5614866018295288,0.01,0.77
210446,0.7610739469528198,0.5614866018295288,0.01,0.77
210546,0.7610739469528198,0.5614866018295288,0.01,0.77
210646,0.7610739469528198,0.5614866018295288,0.01,0.77
210746,0.7610739469528198,0.5614866018295288,0.01,0.77
210846,0.7610739469528198,0.5614866018295288,0.01,0.77
210946,0.7610739469528198,0.5614866018295288,0.01,0.77
211046,0.7610739469528198,0.5614866018295288,0.01,0.77
211146,0.7610739469528198,0.5614866018295288,0.01,0.77
211246,0.7610739469528198,0.5614866018295288,0.01,0.77
211346,0.7610739469528198,0.5614866018295288,0.01,0.77
211446,0.7610739469528198,0.5614866018295288,0.01,0.77
211546,0.7610739469528198,0.5614866018295288,0.01,0.77
211646,0.7610739469528198,0.5614866018295288,0.01,0.77
211746,0.7610739469528198,0.5614866018295288,0.01,0.77
211846,0.7610739469528198,0.5614866018295288,0.01,0.77
211946,0.7610739469528198,0.5614866018295288,0.01,0.77
212046,0.7610739469528198,0.5614866018295288,0.01,0.77
212146,0.7610739469528198,0.5614866018295288,0.01,0.77
212246,0.7610739469528198,0.5614866018295288,0.01,0.77
212346,0.7610739469528198,0.5614866018295288,0.01,0.77
212446,0.7610739469528198,0.5614866018295288,0.01,0.77
212546,0.7610739469528198,0.5614866018295288,0.01,0.77
212646,0.7610739469528198,0.5614866018295288,0.01,0.77
212746,0.7610739469528198,0.5614866018295288,0.01,0.77
212846,0.7610739469528198,0.5614866018295288,0.01,0.77
212946,0.7610739469528198,0.5614866018295288,0.01,0.77
213046,0.7610739469528198,0.5614866018295288,0.01,0.77
213146,0.7610739469528198,0.5614866018295288,0.01,0.77
213246,0.7610739469528198,0.5614866018295288,0.01,0.77
213346,0.7610739469528198,0.5614866018295288,0.01,0.77
213446,0.7610739469528198,0.5614866018295288,0.01,0.77
213546,0.7610739469528198,0.5614866018295288,0.01,0.77
213646,0.7610739469528198,0.5614866018295288,0.01,0.77
213746,0.7610739469528198,0.5614866018295288,0.01,0.77
213846,0.7610739469528198,0.5614866018295288,0.01,0.77
213946,0.7610739469528198,0.5614866018295288,0.01,0.77
214046,0.7610739469528198,0.5614866018295288,0.01,0.77
214146,0.7610739469528198,0.5614866018295288,0.01,0.77
214246,0.7610739469528198,0.5614866018295288,0.01,0.77
214346,0.7610739469528198,0.5614866018295288,0.01,0.77
214446,0.7610739469528198,0.5614866018295288,0.01,0.77
214546,0.7610739469528198,0.5614866018295288,0.01,0.77
214646,0.7610739469528198,0.5614866018295288,0.01,0.77
214746,0.7610739469528198,0.5614866018295288,0.01,0.77
214846,0.7610739469528198,0.5614866018295288,0.01,0.77
214946,0.7610739469528198,0.5614866018295288,0.01,0.77
215046,0.7610739469528198,0.5614866018295288,0.01,0.77
215146,0.7610739469528198,0.5614866018295288,0.01,0.77
215246,0.7610739469528198,0.5614866018295288,0.01,0.77
215346,0.7610739469528198,0.5614866018295288,0.01,0.77
215446,0.7610739469528198,0.5614866018295288,0.01,0.77
215546,0.7610739469528198,0.5614866018295288,0.01,0.77
215646,0.7610739469528198,0.5614866018295288,0.01,0.77
215746,0.7610739469528198,0.5614866018295288,0.01,0.77
215846,0.7610739469528198,0.5614866018295288,0.01,0.77
215946,0.7610739469528198,0.5614866018295288,0.01,0.77
216046,0.7610739469528198,0.5614866018295288,0.01,0.77
216146,0.7610739469528198,0.5614866018295288,0.01,0.77
216246,0.7610739469528198,0.5614866018295288,0.01,0.77
216346,0.7610739469528198,0.5614866018295288,0.01,0.77
216446,0.7610739469528198,0.5614866018295288,0.01,0.77
216546,0.7610739469528198,0.5614866018295288,0.01,0.77
216646,0.7610739469528198,0.5614866018295288,0.01,0.77
216746,0.7610739469528198,0.5614866018295288,0.01,0.77
216846,0.7610739469528198,0.5614866018295288,0.01,0.77
216946,0.7610739469528198,0.5614866018295288,0.01,0.77
217046,0.7610739469528198,0.5614866018295288,0.01,0.77
217146,0.7610739469528198,0.5614866018295288,0.01,0.77
217246,0.7610739469528198,0.5614866018295288,0.01,0.77
217346,0.7610739469528198,0.5614866018295288,0.01,0.77
217446,0.7610739469528198,0.5614866018295288,0.01,0.77
217546,0.7610739469528198,0.5614866018295288,0.01,0.77
217646,0.7610739469528198,0.5614866018295288,0.01,0.77
217746,0.7610739469528198,0.5614866018295288,0.01,0.77
217846,0.7610739469528198,0.5614866018295288,0.01,0.77
217946,0.7610739469528198,0.5614866018295288,0.01,0.77
218046,0.7610739469528198,0.5614866018295288,0.01,0.77
218146,0.7610739469528198,0.5614866018295288,0.01,0.77
218246,0.7610739469528198,0.5614866018295288,0.01,0.77
218346,0.7610739469528198,0.5614866018295288,0.01,0.77
218446,0.7610739469528198,0.5614866018295288,0.01,0.77
218546,0.7610739469528198,0.5614866018295288,0.01,0.77
218646,0.7610739469528198,0.5614866018295288,0.01,0.77
218746,0.7610739469528198,0.5614866018295288,0.01,0.77
218846,0.7610739469528198,0.5614866018295288,0.01,0.77
218946,0.7610739469528198,0.5614866018295288,0.01,0.77
219046,0.7610739469528198,0.5614866018295288,0.01,0.77
219146,0.7610739469528198,0.5614866018295288,0.01,0.77
219246,0.7610739469528198,0.5614866018295288,0.01,0.77
219346,0.7610739469528198,0.5614866018295288,0.01,0.77
219446,0.7610739469528198,0.5614866018295288,0.01,0.77
219546,0.7610739469528198,0.5614866018295288,0.01,0.77
219646,0.7610739469528198,0.5614866018295288,0.01,0.77
219746,0.7610739469528198,0.5614866018295288,0.01,0.77
219846,0.7610739469528198,0.5614866018295288,0.01,0.77
219946,0.7610739469528198,0.5614866018295288,0.01,0.77
220046,0.7610739469528198,0.5614866018295288,0.01,0.77
220146,0.7610739469528198,0.5614866018295288,0.01,0.77
220246,0.7610739469528198,0.5614866018295288,0.01,0.77
220346,0.7610739469528198,0.5614866018295288,0.01,0.77
220446,0.7610739469528198,0.5614866018295288,0.01,0.77
220546,0.7610739469528198,0.5614866018295288,0.01,0.77
220646,0.7610739469528198,0.5614866018295288,0.01,0.77
220746,0.7610739469528198,0.5614866018295288,0.01,0.77
220846,0.7610739469528198,0.5614866018295288,0.01,0.77
220946,0.7610739469528198,0.5614866018295288,0.01,0.77
221046,0.7610739469528198,0.5614866018295288,0.01,0.77
221146,0.7610739469528198,0.5614866018295288,0.01,0.77
221246,0.7610739469528198,0.5614866018295288,0.01,0.77
221346,0.7610739469528198,0.5614866018295288,0.01,0.77
221446,0.7610739469528198,0.5614866018295288,0.01,0.77
221546,0.7610739469528198,0.5614866018295288,0.01,0.77
221646,0.7610739469528198,0.5614866018295288,0.01,0.77
221746,0.7610739469528198,0.5614866018295288,0.01,0.77
221846,0.7610739469528198,0.5614866018295288,0.01,0.77
221946,0.7610739469528198,0.5614866018295288,0.01,0.77
222046,0.7610739469528198,0.5614866018295288,0.01,0.77
222146,0.7610739469528198,0.5614866018295288,0.01,0.77
222246,0.7610739469528198,0.5614866018295288,0.01,0.77
222346,0.7610739469528198,0.5614866018295288,0.01,0.77
222446,0.7610739469528198,0.5614866018295288,0.01,0.77
222546,0.7610739469528198,0.5614866018295288,0.01,0.77
222646,0.7610739469528198,0.5614866018295288,0.01,0.77
222746,0.7610739469528198,0.5614866018295288,0.01,0.77
222846,0.7610739469528198,0.5614866018295288,0.01,0.77
222946,0.7610739469528198,0.5614866018295288,0.01,0.77
223046,0.7610739469528198,0.5614866018295288,0.01,0.77
223146,0.7610739469528198,0.5614866018295288,0.01,0.77
223246,0.7610739469528198,0.5614866018295288,0.01,0.77
223346,0.7610739469528198,0.5614866018295288,0.01,0.77
223446,0.7610739469528198,0.5614866018295288,0.01,0.77
237546,0.7610739469528198,0.5614866018295288,0.01,0.77
237646,0.7610739469528198,0.5614866018295288,0.01,0.77
237746,0.7610739469528198,0.5614866018295288,0.01,0.77
237846,0.7610739469528198,0.5614866018295288,0.01,0.77
237946,0.7610739469528198,0.5614866018295288,0.01,0.77
238046,0.7610739469528198,0.5614866018295288,0.01,0.77
238146,0.7610739469528198,0.5614866018295288,0.01,0.77
238246,0.7610739469528198,0.5614866018295288,0.01,0.77
238346,0.7610739469528198,0.5614866018295288,0.01,0.77
238446,0.7610739469528198,0.5614866018295288,0.01,0.77
238546,0.7610739469528198,0.5614866018295288,0.01,0.77
238646,0.7610739469528198,0.5614866018295288,0.01,0.77
238746,0.7610739469528198,0.5614866018295288,0.01,0.77
238846,0.7610739469528198,0.5614866018295288,0.01,0.77
238946,0.7610739469528198,0.5614866018295288,0.01,0.77
239046,0.7610739469528198,0.5614866018295288,0.01,0.77
239146,0.7610739469528198,0.5614866018295288,0.01,0.77
239246,0.7610739469528198,0.5614866018295288,0.01,0.77
239346,0.7610739469528198,0.5614866018295288,0.01,0.77
239446,0.7610739469528198,0.5614866018295288,0.01,0.77
239546,0.7610739469528198,0.5614866018295288,0.01,0.77
239646,0.7610739469528198,0.5614866018295288,0.01,0.77
239746,0.7610739469528198,0.5614866018295288,0.01,0.77
239846,0.7610739469528198,0.5614866018295288,0.01,0.77
239946,0.7610739469528198,0.5614866018295288,0.01,0.77
240046,0.7610739469528198,0.5614866018295288,0.01,0.77
240146,0.7610739469528198,0.5614866018295288,0.01,0.77
240246,0.7610739469528198,0.5614866018295288,0.01,0.77
240346,0.7610739469528198,0.5614866018295288,0.01,0.77
240446,0.7610739469528198,0.5614866018295288,0.01,0.77
240546,0.7610739469528198,0.5614866018295288,0.01,0.77
240646,0.7610739469528198,0.5614866018295288,0.01,0.77
240746,0.7610739469528198,0.5614866018295288,0.01,0.77
240846,0.7610739469528198,0.5614866018295288,0.01,0.77
240946,0.7610739469528198,0.5614866018295288,0.01,0.77
241046,0.7610739469528198,0.5614866018295288,0.01,0.77
241146,0.7610739469528198,0.5614866018295288,0.01,0.77
241246,0.7610739469528198,0.5614866018295288,0.01,0.77
241346,0.7610739469528198,0.5614866018295288,0.01,0.77
241446,0.7610739469528198,0.5614866018295288,0.01,0.77
241546,0.7610739469528198,0.5614866018295288,0.01,0.77
241646,0.7610739469528198,0.5614866018295288,0.01,0.77
241746,0.7610739469528198,0.5614866018295288,0.01,0.77
241846,0.7610739469528198,0.5614866018295288,0.01,0.77
241946,0.7610739469528198,0.5614866018295288,0.01,0.77
242046,0.7610739469528198,0.5614866018295288,0.01,0.77
242146,0.7610739469528198,0.5614866018295288,0.01,0.77
242246,0.7610739469528198,0.5614866018295288,0.01,0.77
242346,0.7610739469528198,0.5614866018295288,0.01,0.77
242446,0.7610739469528198,0.5614866018295288,0.01,0.77
242546,0.7610739469528198,0.5614866018295288,0.01,0.77
242646,0.7610739469528198,0.5614866018295288,0.01,0.77
242746,0.7610739469528198,0.5614866018295288,0.01,0.77
242846,0.7610739469528198,0.5614866018295288,0.01,0.77
242946,0.7610739469528198,0.5614866018295288,0.01,0.77
243046,0.7610739469528198,0.5614866018295288,0.01,0.77
243146,0.7610739469528198,0.5614866018295288,0.01,0.77
243246,0.7610739469528198,0.5614866018295288,0.01,0.77
243346,0.7610739469528198,0.5614866018295288,0.01,0.77
243446,0.7610739469528198,0.5614866018295288,0.01,0.77
243546,0.7610739469528198,0.5614866018295288,0.01,0.77
243646,0.7610739469528198,0.5614866018295288,0.01,0.77
243746,0.7610739469528198,0.5614866018295288,0.01,0.77
243846,0.7610739469528198,0.5614866018295288,0.01,0.77
243946,0.7610739469528198,0.5614866018295288,0.01,0.77
244046,0.7610739469528198,0.5614866018295288,0.01,0.77
244146,0.7610739469528198,0.5614866018295288,0.01,0.77
244246,0.7610739469528198,0.5614866018295288,0.01,0.77
244346,0.7610739469528198,0.5614866018295288,0.01,0.77
244446,0.7610739469528198,0.5614866018295288,0.01,0.77
244546,0.7610739469528198,0.5614866018295288,0.01,0.77
244646,0.7610739469528198,0.5614866018295288,0.01,0.77
244746,0.7610739469528198,0.5614866018295288,0.01,0.77
244846,0.7610739469528198,0.5614866018295288,0.01,0.77
244946,0.7610739469528198,0.5614866018295288,0.01,0.77
245046,0.7610739469528198,0.5614866018295288,0.01,0.77
245146,0.7610739469528198,0.5614866018295288,0.01,0.77
245246,0.7610739469528198,0.5614866018295288,0.01,0.77
245346,0.7610739469528198,0.5614866018295288,0.01,0.77
245446,0.7610739469528198,0.5614866018295288,0.01,0.77
245546,0.7610739469528198,0.5614866018295288,0.01,0.77
245646,0.7610739469528198,0.5614866018295288,0.01,0.77
245746,0.7610739469528198,0.5614866018295288,0.01,0.77
245846,0.7610739469528198,0.5614866018295288,0.01,0.77
245946,0.7610739469528198,0.5614866018295288,0.01,0.77
246046,0.7610739469528198,0.5614866018295288,0.01,0.77
246146,0.7610739469528198,0.5614866018295288,0.01,0.77
246246,0.7610739469528198,0.5614866018295288,0.01,0.77
246346,0.7610739469528198,0.5614866018295288,0.01,0.77
246446,0.7610739469528198,0.5614866018295288,0.01,0.77
246546,0.7610739469528198,0.5614866018295288,0.01,0.77
246646,0.7610739469528198,0.5614866018295288,0.01,0.77
246746,0.7610739469528198,0.5614866018295288,0.01,0.77
246846,0.7610739469528198,0.5614866018295288,0.01,0.77
246946,0.7610739469528198,0.5614866018295288,0.01,0.77
247046,0.7610739469528198,0.5614866018295288,0.01,0.77
247146,0.7610739469528198,0.5614866018295288,0.01,0.77
247246,0.7610739469528198,0.5614866018295288,0.01,0.77
247346,0.7610739469528198,0.5614866018295288,0.01,0.77
247446,0.7610739469528198,0.5614866018295288,0.01,0.77
247546,0.7610739469528198,0.5614866018295288,0.01,0.77
247646,0.7610739469528198,0.5614866018295288,0.01,0.77
247746,0.7610739469528198,0.5614866018295288,0.01,0.77
247846,0.7610739469528198,0.5614866018295288,0.01,0.77
247946,0.7610739469528198,0.5614866018295288,0.01,0.77
248046,0.7610739469528198,0.5614866018295288,0.01,0.77
248146,0.7610739469528198,0.5614866018295288,0.01,0.77
248246,0.7610739469528198,0.5614866018295288,0.01,0.77
248346,0.7610739469528198,0.5614866018295288,0.01,0.77
248446,0.7610739469528198,0.5614866018295288,0.01,0.77
248546,0.7610739469528198,0.5614866018295288,0.01,0.77
248646,0.7610739469528198,0.5614866018295288,0.01,0.77
248746,0.7610739469528198,0.5614866018295288,0.01,0.77
248846,0.7610739469528198,0.5614866018295288,0.01,0.77
248946,0.7610739469528198,0.5614866018295288,0.01,0.77
249046,0.7610739469528198,0.5614866018295288,0.01,0.77
249146,0.7610739469528198,0.5614866018295288,0.01,0.77
249246,0.7610739469528198,0.5614866018295288,0.01,0.77
249346,0.7610739469528198,0.5614866018295288,0.01,0.77
249446,0.7610739469528198,0.5614866018295288,0.01,0.77
249546,0.7610739469528198,0.5614866018295288,0.01,0.77
249646,0.7610739469528198,0.5614866018295288,0.01,0.77
249746,0.7610739469528198,0.5614866018295288,0.01,0.77
249846,0.7610739469528198,0.5614866018295288,0.01,0.77
249946,0.7610739469528198,0.5614866018295288,0.01,0.77
250046,0.7610739469528198,0.5614866018295288,0.01,0.77
250146,0.7610739469528198,0.5614866018295288,0.01,0.77
250246,0.7610739469528198,0.5614866018295288,0.01,0.77
250346,0.7610739469528198,0.5614866018295288,0.01,0.77
250446,0.7610739469528198,0.5614866018295288,0.01,0.77
250546,0.7610739469528198,0.5614866018295288,0.01,0.77
250646,0.7610739469528198,0.5614866018295288,0.01,0.77
250746,0.7610739469528198,0.5614866018295288,0.01,0.77
250846,0.7610739469528198,0.5614866018295288,0.01,0.77
250946,0.7610739469528198,0.5614866018295288,0.01,0.77
251046,0.7610739469528198,0.5614866018295288,0.01,0.77
251146,0.7610739469528198,0.5614866018295288,0.01,0.77
251246,0.7610739469528198,0.5614866018295288,0.01,0.77
251346,0.7610739469528198,0.5614866018295288,0.01,0.77
251446,0.7610739469528198,0.5614866018295288,0.01,0.77
265546,0.7610739469528198,0.5614866018295288,0.01,0.77
265646,0.7610739469528198,0.5614866018295288,0.01,0.77
265746,0.7610739469528198,0.5614866018295288,0.01,0.77
265846,0.7610739469528198,0.5614866018295288,0.01,0.77
265946,0.7610739469528198,0.5614866018295288,0.01,0.77
266046,0.7610739469528198,0.5614866018295288,0.01,0.77
266146,0.7610739469528198,0.5614866018295288,0.01,0.77
266246,0.7610739469528198,0.5614866018295288,0.01,0.77
266346,0.7610739469528198,0.5614866018295288,0.01,0.77
266446,0.7610739469528198,0.5614866018295288,0.01,0.77
266546,0.7610739469528198,0.5614866018295288,0.01,0.77
266646,0.7610739469528198,0.5614866018295288,0.01,0.77
266746,0.7610739469528198,0.5614866018295288,0.01,0.77
266846,0.7610739469528198,0.5614866018295288,0.01,0.77
266946,0.7610739469528198,0.5614866018295288,0.01,0.77
267046,0.7610739469528198,0.5614866018295288,0.01,0.77
267146,0.7610739469528198,0.5614866018295288,0.01,0.77
267246,0.7610739469528198,0.5614866018295288,0.01,0.77
267346,0.7610739469528198,0.5614866018295288,0.01,0.77
267446,0.7610739469528198,0.5614866018295288,0.01,0.77
267546,0.7610739469528198,0.5614866018295288,0.01,0.77
267646,0.7610739469528198,0.5614866018295288,0.01,0.77
267746,0.7610739469528198,0.5614866018295288,0.01,0.77
267846,0.7610739469528198,0.5614866018295288,0.01,0.77
267946,0.7610739469528198,0.5614866018295288,0.01,0.77
268046,0.7610739469528198,0.5614866018295288,0.01,0.77
268146,0.7610739469528198,0.5614866018295288,0.01,0.77
268246,0.7610739469528198,0.5614866018295288,0.01,0.77
268346,0.7610739469528198,0.5614866018295288,0.01,0.77
268446,0.7610739469528198,0.5614866018295288,0.01,0.77
268546,0.7610739469528198,0.5614866018295288,0.01,0.77
268646,0.7610739469528198,0.5614866018295288,0.01,0.77
268746,0.7610739469528198,0.5614866018295288,0.01,0.77
268846,0.7610739469528198,0.5614866018295288,0.01,0.77
268946,0.7610739469528198,0.5614866018295288,0.01,0.77
269046,0.7610739469528198,0.5614866018295288,0.01,0.77
269146,0.7610739469528198,0.5614866018295288,0.01,0.77
269246,0.7610739469528198,0.5614866018295288,0.01,0.77
269346,0.7610739469528198,0.5614866018295288,0.01,0.77
269446,0.7610739469528198,0.5614866018295288,0.01,0.77
269546,0.7610739469528198,0.5614866018295288,0.01,0.77
269646,0.7610739469528198,0.5614866018295288,0.01,0.77
269746,0.7610739469528198,0.5614866018295288,0.01,0.77
269846,0.7610739469528198,0.5614866018295288,0.01,0.77
269946,0.7610739469528198,0.5614866018295288,0.01,0.77
270046,0.7610739469528198,0.5614866018295288,0.01,0.77
270146,0.7610739469528198,0.5614866018295288,0.01,0.77
270246,0.7610739469528198,0.5614866018295288,0.01,0.77
270346,0.7610739469528198,0.5614866018295288,0.01,0.77
270446,0.7610739469528198,0.5614866018295288,0.01,0.77
270546,0.7610739469528198,0.5614866018295288,0.01,0.77
270646,0.7610739469528198,0.5614866018295288,0.01,0.77
270746,0.7610739469528198,0.5614866018295288,0.01,0.77
270846,0.7610739469528198,0.5614866018295288,0.01,0.77
270946,0.7610739469528198,0.5614866018295288,0.01,0.77
271046,0.7610739469528198,0.5614866018295288,0.01,0.77
271146,0.7610739469528198,0.5614866018295288,0.01,0.77
271246,0.7610739469528198,0.5614866018295288,0.01,0.77
271346,0.7610739469528198,0.5614866018295288,0.01,0.77
271446,0.7610739469528198,0.5614866018295288,0.01,0.77
271546,0.7610739469528198,0.5614866018295288,0.01,0.77
271646,0.7610739469528198,0.5614866018295288,0.01,0.77
271746,0.7610739469528198,0.5614866018295288,0.01,0.77
271846,0.7610739469528198,0.5614866018295288,0.01,0.77
271946,0.7610739469528198,0.5614866018295288,0.01,0.77
272046,0.7610739469528198,0.5614866018295288,0.01,0.77
272146,0.7610739469528198,0.5614866018295288,0.01,0.77
272246,0.7610739469528198,0.5614866018295288,0.01,0.77
272346,0.7610739469528198,0.5614866018295288,0.01,0.77
272446,0.7610739469528198,0.5614866018295288,0.01,0.77
272546,0.7610739469528198,0.5614866018295288,0.01,0.77
272646,0.7610739469528198,0.5614866018295288,0.01,0.77
272746,0.7610739469528198,0.5614866018295288,0.01,0.77
272846,0.7610739469528198,0.5614866018295288,0.01,0.77
272946,0.7610739469528198,0.5614866018295288,0.01,0.77
273046,0.7610739469528198,0.5614866018295288,0.01,0.77
273146,0.7610739469528198,0.5614866018295288,0.01,0.77
273246,0.7610739469528198,0.5614866018295288,0.01,0.77
273346,0.7610739469528198,0.5614866018295288,0.01,0.77
273446,0.7610739469528198,0.5614866018295288,0.01,0.77
273546,0.7610739469528198,0.5614866018295288,0.01,0.77
273646,0.7610739469528198,0.5614866018295288,0.01,0.77
273746,0.7610739469528198,0.5614866018295288,0.01,0.77
273846,0.7610739469528198,0.5614866018295288,0.01,0.77
273946,0.7610739469528198,0.5614866018295288,0.01,0.77
274046,0.7610739469528198,0.5614866018295288,0.01,0.77
274146,0.7610739469528198,0.5614866018295288,0.01,0.77
274246,0.7610739469528198,0.5614866018295288,0.01,0.77
274346,0.7610739469528198,0.5614866018295288,0.01,0.77
274446,0.7610739469528198,0.5614866018295288,0.01,0.77
274546,0.7610739469528198,0.5614866018295288,0.01,0.77
274646,0.7610739469528198,0.5614866018295288,0.01,0.77
274746,0.7610739469528198,0.5614866018295288,0.01,0.77
274846,0.7610739469528198,0.5614866018295288,0.01,0.77
274946,0.7610739469528198,0.5614866018295288,0.01,0.77
275046,0.7610739469528198,0.5614866018295288,0.01,0.77
275146,0.7610739469528198,0.5614866018295288,0.01,0.77
275246,0.7610739469528198,0.5614866018295288,0.01,0.77
275346,0.7610739469528198,0.5614866018295288,0.01,0.77
275446,0.7610739469528198,0.5614866018295288,0.01,0.77
275546,0.7610739469528198,0.5614866018295288,0.01,0.77
275646,0.7610739469528198,0.5614866018295288,0.01,0.77
275746,0.7610739469528198,0.5614866018295288,0.01,0.77
275846,0.7610739469528198,0.5614866018295288,0.01,0.77
275946,0.7610739469528198,0.5614866018295288,0.01,0.77
276046,0.7610739469528198,0.5614866018295288,0.01,0.77
276146,0.7610739469528198,0.5614866018295288,0.01,0.77
276246,0.7610739469528198,0.5614866018295288,0.01,0.77
276346,0.7610739469528198,0.5614866018295288,0.01,0.77
276446,0.7610739469528198,0.5614866018295288,0.01,0.77
276546,0.7610739469528198,0.5614866018295288,0.01,0.77
276646,0.7610739469528198,0.5614866018295288,0.01,0.77
276746,0.7610739469528198,0.5614866018295288,0.01,0.77
276846,0.7610739469528198,0.5614866018295288,0.01,0.77
276946,0.7610739469528198,0.5614866018295288,0.01,0.77
277046,0.7610739469528198,0.5614866018295288,0.01,0.77
277146,0.7610739469528198,0.5614866018295288,0.01,0.77
277246,0.7610739469528198,0.5614866018295288,0.01,0.77
277346,0.7610739469528198,0.5614866018295288,0.01,0.77
277446,0.7610739469528198,0.5614866018295288,0.01,0.77
277546,0.7610739469528198,0.5614866018295288,0.01,0.77
277646,0.7610739469528198,0.5614866018295288,0.01,0.77
277746,0.7610739469528198,0.5614866018295288,0.01,0.77
277846,0.7610739469528198,0.5614866018295288,0.01,0.77
277946,0.7610739469528198,0.5614866018295288,0.01,0.77
278046,0.7610739469528198,0.5614866018295288,0.01,0.77
278146,0.7610739469528198,0.5614866018295288,0.01,0.77
278246,0.7610739469528198,0.5614866018295288,0.01,0.77
278346,0.7610739469528198,0.5614866018295288,0.01,0.77
278446,0.7610739469528198,0.5614866018295288,0.01,0.77
278546,0.7610739469528198,0.5614866018295288,0.01,0.77
278646,0.7610739469528198,0.5614866018295288,0.01,0.77
278746,0.7610739469528198,0.5614866018295288,0.01,0.77
278846,0.7610739469528198,0.5614866018295288,0.01,0.77
278946,0.7610739469528198,0.5614866018295288,0.01,0.77
279046,0.7610739469528198,0.5614866018295288,0.01,0.77
279146,0.7610739469528198,0.5614866018295288,0.01,0.77
279246,0.7610739469528198,0.5614866018295288,0.01,0.77
279346,0.7610739469528198,0.5614866018295288,0.01,0.77
279446,0.7610739469528198,0.5614866018295288,0.01,0.77
293546,0.7610739469528198,0.5614866018295288,0.01,0.77
293646,0.7610739469528198,0.5614866018295288,0.01,0.77
293746,0.7610739469528198,0.5614866018295288,0.01,0.77
293846,0.7610739469528198,0.5614866018295288,0.01,0.77
293946,0.7610739469528198,0.5614866018295288,0.01,0.77
294046,0.7610739469528198,0.5614866018295288,0.01,0.77
294146,0.7610739469528198,0.5614866018295288,0.01,0.77
294246,0.7610739469528198,0.5614866018295288,0.01,0.77
294346,0.7610739469528198,0.5614866018295288,0.01,0.77
294446,0.7610739469528198,0.5614866018295288,0.01,0.77
294546,0.7610739469528198,0.5614866018295288,0.01,0.77
294646,0.7610739469528198,0.5614866018295288,0.01,0.77
294746,0.7610739469528198,0.5614866018295288,0.01,0.77
294846,0.7610739469528198,0.5614866018295288,0.01,0.77
294946,0.7610739469528198,0.5614866018295288,0.01,0.77
295046,0.7610739469528198,0.5614866018295288,0.01,0.77
295146,0.7610739469528198,0.5614866018295288,0.01,0.77
295246,0.7610739469528198,0.5614866018295288,0.01,0.77
295346,0.7610739469528198,0.5614866018295288,0.01,0.77
295446,0.7610739469528198,0.5614866018295288,0.01,0.77
295546,0.7610739469528198,0.5614866018295288,0.01,0.77
295646,0.7610739469528198,0.5614866018295288,0.01,0.77
295746,0.7610739469528198,0.5614866018295288,0.01,0.77
295846,0.7610739469528198,0.5614866018295288,0.01,0.77
295946,0.7610739469528198,0.5614866018295288,0.01,0.77
296046,0.7610739469528198,0.5614866018295288,0.01,0.77
296146,0.7610739469528198,0.5614866018295288,0.01,0.77
296246,0.7610739469528198,0.5614866018295288,0.01,0.77
296346,0.7610739469528198,0.5614866018295288,0.01,0.77
296446,0.7610739469528198,0.5614866018295288,0.01,0.77
296546,0.7610739469528198,0.5614866018295288,0.01,0.77
296646,0.7610739469528198,0.5614866018295288,0.01,0.77
296746,0.7610739469528198,0.5614866018295288,0.01,0.77
296846,0.7610739469528198,0.5614866018295288,0.01,0.77
296946,0.7610739469528198,0.5614866018295288,0.01,0.77
297046,0.7610739469528198,0.5614866018295288,0.01,0.77
297146,0.7610739469528198,0.5614866018295288,0.01,0.77
297246,0.7610739469528198,0.5614866018295288,0.01,0.77
297346,0.7610739469528198,0.5614866018295288,0.01,0.77
297446,0.7610739469528198,0.5614866018295288,0.01,0.77
297546,0.7610739469528198,0.5614866018295288,0.01,0.77
297646,0.7610739469528198,0.5614866018295288,0.01,0.77
297746,0.7610739469528198,0.5614866018295288,0.01,0.77
297846,0.7610739469528198,0.5614866018295288,0.01,0.77
297946,0.7610739469528198,0.5614866018295288,0.01,0.77
298046,0.7610739469528198,0.5614866018295288,0.01,0.77
298146,0.7610739469528198,0.5614866018295288,0.01,0.77
298246,0.7610739469528198,0.5614866018295288,0.01,0.77
298346,0.7610739469528198,0.5614866018295288,0.01,0.77
298446,0.7610739469528198,0.5614866018295288,0.01,0.77
298546,0.7610739469528198,0.5614866018295288,0.01,0.77
298646,0.7610739469528198,0.5614866018295288,0.01,0.77
298746,0.7610739469528198,0.5614866018295288,0.01,0.77
298846,0.7610739469528198,0.5614866018295288,0.01,0.77
298946,0.7610739469528198,0.5614866018295288,0.01,0.77
299046,0.7610739469528198,0.5614866018295288,0.01,0.77
299146,0.7610739469528198,0.5614866018295288,0.01,0.77
299246,0.7610739469528198,0.5614866018295288,0.01,0.77
299346,0.7610739469528198,0.5614866018295288,0.01,0.77
299446,0.7610739469528198,0.5614866018295288,0.01,0.77
299546,0.7610739469528198,0.5614866018295288,0.01,0.77
299646,0.7610739469528198,0.5614866018295288,0.01,0.77
299746,0.7610739469528198,0.5614866018295288,0.01,0.77
299846,0.7610739469528198,0.5614866018295288,0.01,0.77
299946,0.7610739469528198,0.5614866018295288,0.01,0.77
300046,0.7610739469528198,0.5614866018295288,0.01,0.77
300146,0.7610739469528198,0.5614866018295288,0.01,0.77
300246,0.7610739469528198,0.5614866018295288,0.01,0.77
300346,0.7610739469528198,0.5614866018295288,0.01,0.77
300446,0.7610739469528198,0.5614866018295288,0.01,0.77
300546,0.7610739469528198,0.5614866018295288,0.01,0.77
300646,0.7610739469528198,0.5614866018295288,0.01,0.77
300746,0.7610739469528198,0.5614866018295288,0.01,0.77
300846,0.7610739469528198,0.5614866018295288,0.01,0.77
300946,0.7610739469528198,0.5614866018295288,0.01,0.77
301046,0.7610739469528198,0.5614866018295288,0.01,0.77
301146,0.7610739469528198,0.5614866018295288,0.01,0.77
301246,0.7610739469528198,0.5614866018295288,0.01,0.77
301346,0.7610739469528198,0.5614866018295288,0.01,0.77
301446,0.7610739469528198,0.5614866018295288,0.01,0.77
301546,0.7610739469528198,0.5614866018295288,0.01,0.77
301646,0.7610739469528198,0.5614866018295288,0.01,0.77
301746,0.7610739469528198,0.5614866018295288,0.01,0.77
301846,0.7610739469528198,0.5614866018295288,0.01,0.77
301946,0.7610739469528198,0.5614866018295288,0.01,0.77
302046,0.7610739469528198,0.5614866018295288,0.01,0.77
302146,0.7610739469528198,0.5614866018295288,0.01,0.77
302246,0.7610739469528198,0.5614866018295288,0.01,0.77
302346,0.7610739469528198,0.5614866018295288,0.01,0.77
302446,0.7610739469528198,0.5614866018295288,0.01,0.77
302546,0.7610739469528198,0.5614866018295288,0.01,0.77
302646,0.7610739469528198,0.5614866018295288,0.01,0.77
302746,0.7610739469528198,0.5614866018295288,0.01,0.77
302846,0.7610739469528198,0.5614866018295288,0.01,0.77
302946,0.7610739469528198,0.5614866018295288,0.01,0.77
303046,0.7610739469528198,0.5614866018295288,0.01,0.77
303146,0.7610739469528198,0.5614866018295288,0.01,0.77
303246,0.7610739469528198,0.5614866018295288,0.01,0.77
303346,0.7610739469528198,0.5614866018295288,0.01,0.77
303446,0.7610739469528198,0.5614866018295288,0.01,0.77
303546,0.7610739469528198,0.5614866018295288,0.01,0.77
303646,0.7610739469528198,0.5614866018295288,0.01,0.77
303746,0.7610739469528198,0.5614866018295288,0.01,0.77
303846,0.7610739469528198,0.5614866018295288,0.01,0.77
303946,0.7610739469528198,0.5614866018295288,0.01,0.77
304046,0.7610739469528198,0.5614866018295288,0.01,0.77
304146,0.7610739469528198,0.5614866018295288,0.01,0.77
304246,0.7610739469528198,0.5614866018295288,0.01,0.77
304346,0.7610739469528198,0.5614866018295288,0.01,0.77
304446,0.7610739469528198,0.5614866018295288,0.01,0.77
304546,0.7610739469528198,0.5614866018295288,0.01,0.77
304646,0.7610739469528198,0.5614866018295288,0.01,0.77
304746,0.7610739469528198,0.5614866018295288,0.01,0.77
304846,0.7610739469528198,0.5614866018295288,0.01,0.77
304946,0.7610739469528198,0.5614866018295288,0.01,0.77
305046,0.7610739469528198,0.5614866018295288,0.01,0.77
305146,0.7610739469528198,0.5614866018295288,0.01,0.77
305246,0.7610739469528198,0.5614866018295288,0.01,0.77
305346,0.7610739469528198,0.5614866018295288,0.01,0.77
305446,0.7610739469528198,0.5614866018295288,0.01,0.77
305546,0.7610739469528198,0.5614866018295288,0.01,0.77
305646,0.7610739469528198,0.5614866018295288,0.01,0.77
305746,0.7610739469528198,0.5614866018295288,0.01,0.77
305846,0.7610739469528198,0.5614866018295288,0.01,0.77
305946,0.7610739469528198,0.5614866018295288,0.01,0.77
306046,0.7610739469528198,0.5614866018295288,0.01,0.77
306146,0.7610739469528198,0.5614866018295288,0.01,0.77
306246,0.7610739469528198,0.5614866018295288,0.01,0.77
306346,0.7610739469528198,0.5614866018295288,0.01,0.77
306446,0.7610739469528198,0.5614866018295288,0.01,0.77
306546,0.7610739469528198,0.5614866018295288,0.01,0.77
306646,0.7610739469528198,0.5614866018295288,0.01,0.77
306746,0.7610739469528198,0.5614866018295288,0.01,0.77
306846,0.7610739469528198,0.5614866018295288,0.01,0.77
306946,0.7610739469528198,0.5614866018295288,0.01,0.77
307046,0.7610739469528198,0.5614866018295288,0.01,0.77
307146,0.7610739469528198,0.5614866018295288,0.01,0.77
307246,0.7610739469528198,0.5614866018295288,0.01,0.77
307346,0.7610739469528198,0.5614866018295288,0.01,0.77
307446,0.7610739469528198,0.5614866018295288,0.01,0.77
321546,0.7610739469528198,0.5614866018295288,0.01,0.77
321646,0.7610739469528198,0.5614866018295288,0.01,0.77
321746,0.7610739469528198,0.5614866018295288,0.01,0.77
321846,0.7610739469528198,0.5614866018295288,0.01,0.77
321946,0.7610739469528198,0.5614866018295288,0.01,0.77
322046,0.7610739469528198,0.5614866018295288,0.01,0.77
322146,0.7610739469528198,0.5614866018295288,0.01,0.77
322246,0.7610739469528198,0.5614866018295288,0.01,0.77
322346,0.7610739469528198,0.5614866018295288,0.01,0.77
322446,0.7610739469528198,0.5614866018295288,0.01,0.77
322546,0.7610739469528198,0.5614866018295288,0.01,0.77
322646,0.7610739469528198,0.5614866018295288,0.01,0.77
322746,0.7610739469528198,0.5614866018295288,0.01,0.77
322846,0.7610739469528198,0.5614866018295288,0.01,0.77
322946,0.7610739469528198,0.5614866018295288,0.01,0.77
323046,0.7610739469528198,0.5614866018295288,0.01,0.77
323146,0.7610739469528198,0.5614866018295288,0.01,0.77
323246,0.7610739469528198,0.5614866018295288,0.01,0.77
323346,0.7610739469528198,0.5614866018295288,0.01,0.77
323446,0.7610739469528198,0.5614866018295288,0.01,0.77
323546,0.7610739469528198,0.5614866018295288,0.01,0.77
323646,0.7610739469528198,0.5614866018295288,0.01,0.77
323746,0.7610739469528198,0.5614866018295288,0.01,0.77
323846,0.7610739469528198,0.5614866018295288,0.01,0.77
323946,0.7610739469528198,0.5614866018295288,0.01,0.77
324046,0.7610739469528198,0.5614866018295288,0.01,0.77
324146,0.7610739469528198,0.5614866018295288,0.01,0.77
324246,0.7610739469528198,0.5614866018295288,0.01,0.77
324346,0.7610739469528198,0.5614866018295288,0.01,0.77
324446,0.7610739469528198,0.5614866018295288,0.01,0.77
324546,0.7610739469528198,0.5614866018295288,0.01,0.77
324646,0.7610739469528198,0.5614866018295288,0.01,0.77
324746,0.7610739469528198,0.5614866018295288,0.01,0.77
324846,0.7610739469528198,0.5614866018295288,0.01,0.77
324946,0.7610739469528198,0.5614866018295288,0.01,0.77
325046,0.7610739469528198,0.5614866018295288,0.01,0.77
325146,0.7610739469528198,0.5614866018295288,0.01,0.77
325246,0.7610739469528198,0.5614866018295288,0.01,0.77
325346,0.7610739469528198,0.5614866018295288,0.01,0.77
325446,0.7610739469528198,0.5614866018295288,0.01,0.77
325546,0.7610739469528198,0.5614866018295288,0.01,0.77
325646,0.7610739469528198,0.5614866018295288,0.01,0.77
325746,0.7610739469528198,0.5614866018295288,0.01,0.77
325846,0.7610739469528198,0.5614866018295288,0.01,0.77
325946,0.7610739469528198,0.5614866018295288,0.01,0.77
326046,0.7610739469528198,0.5614866018295288,0.01,0.77
326146,0.7610739469528198,0.5614866018295288,0.01,0.77
326246,0.7610739469528198,0.5614866018295288,0.01,0.77
326346,0.7610739469528198,0.5614866018295288,0.01,0.77
326446,0.7610739469528198,0.5614866018295288,0.01,0.77
326546,0.7610739469528198,0.5614866018295288,0.01,0.77
326646,0.7610739469528198,0.5614866018295288,0.01,0.77
326746,0.7610739469528198,0.5614866018295288,0.01,0.77
326846,0.7610739469528198,0.5614866018295288,0.01,0.77
326946,0.7610739469528198,0.5614866018295288,0.01,0.77
327046,0.7610739469528198,0.5614866018295288,0.01,0.77
327146,0.7610739469528198,0.5614866018295288,0.01,0.77
327246,0.7610739469528198,0.5614866018295288,0.01,0.77
327346,0.7610739469528198,0.5614866018295288,0.01,0.77
327446,0.7610739469528198,0.5614866018295288,0.01,0.77
327546,0.7610739469528198,0.5614866018295288,0.01,0.77
327646,0.7610739469528198,0.5614866018295288,0.01,0.77
327746,0.7610739469528198,0.5614866018295288,0.01,0.77
327846,0.7610739469528198,0.5614866018295288,0.01,0.77
327946,0.7610739469528198,0.5614866018295288,0.01,0.77
328046,0.7610739469528198,0.5614866018295288,0.01,0.77
328146,0.7610739469528198,0.5614866018295288,0.01,0.77
328246,0.7610739469528198,0.5614866018295288,0.01,0.77
328346,0.7610739469528198,0.5614866018295288,0.01,0.77
328446,0.7610739469528198,0.5614866018295288,0.01,0.77
328546,0.7610739469528198,0.5614866018295288,0.01,0.77
328646,0.7610739469528198,0.5614866018295288,0.01,0.77
328746,0.7610739469528198,0.5614866018295288,0.01,0.77
328846,0.7610739469528198,0.5614866018295288,0.01,0.77
328946,0.7610739469528198,0.5614866018295288,0.01,0.77
329046,0.7610739469528198,0.5614866018295288,0.01,0.77
329146,0.7610739469528198,0.5614866018295288,0.01,0.77
329246,0.7610739469528198,0.5614866018295288,0.01,0.77
329346,0.7610739469528198,0.5614866018295288,0.01,0.77
329446,0.7610739469528198,0.5614866018295288,0.01,0.77
329546,0.7610739469528198,0.5614866018295288,0.01,0.77
329646,0.7610739469528198,0.5614866018295288,0.01,0.77
329746,0.7610739469528198,0.5614866018295288,0.01,0.77
329846,0.7610739469528198,0.5614866018295288,0.01,0.77
329946,0.7610739469528198,0.5614866018295288,0.01,0.77
330046,0.7610739469528198,0.5614866018295288,0.01,0.77
330146,0.7610739469528198,0.5614866018295288,0.01,0.77
330246,0.7610739469528198,0.5614866018295288,0.01,0.77
330346,0.7610739469528198,0.5614866018295288,0.01,0.77
330446,0.7610739469528198,0.5614866018295288,0.01,0.77
330546,0.7610739469528198,0.5614866018295288,0.01,0.77
330646,0.7610739469528198,0.5614866018295288,0.01,0.77
330746,0.7610739469528198,0.5614866018295288,0.01,0.77
330846,0.7610739469528198,0.5614866018295288,0.01,0.77
330946,0.7610739469528198,0.5614866018295288,0.01,0.77
331046,0.7610739469528198,0.5614866018295288,0.01,0.77
331146,0.7610739469528198,0.5614866018295288,0.01,0.77
331246,0.7610739469528198,0.5614866018295288,0.01,0.77
331346,0.7610739469528198,0.5614866018295288,0.01,0.77
331446,0.7610739469528198,0.5614866018295288,0.01,0.77
331546,0.7610739469528198,0.5614866018295288,0.01,0.77
331646,0.7610739469528198,0.5614866018295288,0.01,0.77
331746,0.7610739469528198,0.5614866018295288,0.01,0.77
331846,0.7610739469528198,0.5614866018295288,0.01,0.77
331946,0.7610739469528198,0.5614866018295288,0.01,0.77
332046,0.7610739469528198,0.5614866018295288,0.01,0.77
332146,0.7610739469528198,0.5614866018295288,0.01,0.77
332246,0.7610739469528198,0.5614866018295288,0.01,0.77
332346,0.7610739469528198,0.5614866018295288,0.01,0.77
332446,0.7610739469528198,0.5614866018295288,0.01,0.77
332546,0.7610739469528198,0.5614866018295288,0.01,0.77
332646,0.7610739469528198,0.5614866018295288,0.01,0.77
332746,0.7610739469528198,0.5614866018295288,0.01,0.77
332846,0.7610739469528198,0.5614866018295288,0.01,0.77
332946,0.7610739469528198,0.5614866018295288,0.01,0.77
333046,0.7610739469528198,0.5614866018295288,0.01,0.77
333146,0.7610739469528198,0.5614866018295288,0.01,0.77
333246,0.7610739469528198,0.5614866018295288,0.01,0.77
333346,0.7610739469528198,0.5614866018295288,0.01,0.77
333446,0.7610739469528198,0.5614866018295288,0.01,0.77
333546,0.7610739469528198,0.5614866018295288,0.01,0.77
333646,0.7610739469528198,0.5614866018295288,0.01,0.77
333746,0.7610739469528198,0.5614866018295288,0.01,0.77
333846,0.7610739469528198,0.5614866018295288,0.01,0.77
333946,0.7610739469528198,0.5614866018295288,0.01,0.77
334046,0.7610739469528198,0.5614866018295288,0.01,0.77
334146,0.7610739469528198,0.5614866018295288,0.01,0.77
334246,0.7610739469528198,0.5614866018295288,0.01,0.77
334346,0.7610739469528198,0.5614866018295288,0.01,0.77
334446,0.7610739469528198,0.5614866018295288,0.01,0.77
334546,0.7610739469528198,0.5614866018295288,0.01,0.77
334646,0.7610739469528198,0.5614866018295288,0.01,0.77
334746,0.7610739469528198,0.5614866018295288,0.01,0.77
334846,0.7610739469528198,0.5614866018295288,0.01,0.77
334946,0.7610739469528198,0.5614866018295288,0.01,0.77
335046,0.7610739469528198,0.5614866018295288,0.01,0.77
335146,0.7610739469528198,0.5614866018295288,0.01,0.77
335246,0.7610739469528198,0.5614866018295288,0.01,0.77
335346,0.7610739469528198,0.5614866018295288,0.01,0.77
335446,0.7610739469528198,0.5614866018295288,0.01,0.77
349546,0.7610739469528198,0.5614866018295288,0.01,0.77
349646,0.7610739469528198,0.5614866018295288,0.01,0.77
349746,0.7610739469528198,0.5614866018295288,0.01,0.77
349846,0.7610739469528198,0.5614866018295288,0.01,0.77
349946,0.7610739469528198,0.5614866018295288,0.01,0.77
350046,0.7610739469528198,0.5614866018295288,0.01,0.77
350146,0.7610739469528198,0.5614866018295288,0.01,0.77
350246,0.7610739469528198,0.5614866018295288,0.01,0.77
350346,0.7610739469528198,0.5614866018295288,0.01,0.77
350446,0.7610739469528198,0.5614866018295288,0.01,0.77
350546,0.7610739469528198,0.5614866018295288,0.01,0.77
350646,0.7610739469528198,0.5614866018295288,0.01,0.77
350746,0.7610739469528198,0.5614866018295288,0.01,0.77
350846,0.7610739469528198,0.5614866018295288,0.01,0.77
350946,0.7610739469528198,0.5614866018295288,0.01,0.77
351046,0.7610739469528198,0.5614866018295288,0.01,0.77
351146,0.7610739469528198,0.5614866018295288,0.01,0.77
351246,0.7610739469528198,0.5614866018295288,0.01,0.77
351346,0.7610739469528198,0.5614866018295288,0.01,0.77
351446,0.7610739469528198,0.5614866018295288,0.01,0.77
351546,0.7610739469528198,0.5614866018295288,0.01,0.77
351646,0.7610739469528198,0.5614866018295288,0.01,0.77
351746,0.7610739469528198,0.5614866018295288,0.01,0.77
351846,0.7610739469528198,0.5614866018295288,0.01,0.77
351946,0.7610739469528198,0.5614866018295288,0.01,0.77
352046,0.7610739469528198,0.5614866018295288,0.01,0.77
352146,0.7610739469528198,0.5614866018295288,0.01,0.77
352246,0.7610739469528198,0.5614866018295288,0.01,0.77
352346,0.7610739469528198,0.5614866018295288,0.01,0.77
352446,0.7610739469528198,0.5614866018295288,0.01,0.77
352546,0.7610739469528198,0.5614866018295288,0.01,0.77
352646,0.7610739469528198,0.5614866018295288,0.01,0.77
352746,0.7610739469528198,0.5614866018295288,0.01,0.77
352846,0.7610739469528198,0.5614866018295288,0.01,0.77
352946,0.7610739469528198,0.5614866018295288,0.01,0.77
353046,0.7610739469528198,0.5614866018295288,0.01,0.77
353146,0.7610739469528198,0.5614866018295288,0.01,0.77
353246,0.7610739469528198,0.5614866018295288,0.01,0.77
353346,0.7610739469528198,0.5614866018295288,0.01,0.77
353446,0.7610739469528198,0.5614866018295288,0.01,0.77
353546,0.7610739469528198,0.5614866018295288,0.01,0.77
353646,0.7610739469528198,0.5614866018295288,0.01,0.77
353746,0.7610739469528198,0.5614866018295288,0.01,0.77
353846,0.7610739469528198,0.5614866018295288,0.01,0.77
353946,0.7610739469528198,0.5614866018295288,0.01,0.77
354046,0.7610739469528198,0.5614866018295288,0.01,0.77
354146,0.7610739469528198,0.5614866018295288,0.01,0.77
354246,0.7610739469528198,0.5614866018295288,0.01,0.77
354346,0.7610739469528198,0.5614866018295288,0.01,0.77
354446,0.7610739469528198,0.5614866018295288,0.01,0.77
354546,0.7610739469528198,0.5614866018295288,0.01,0.77
354646,0.7610739469528198,0.5614866018295288,0.01,0.77
354746,0.7610739469528198,0.5614866018295288,0.01,0.77
354846,0.7610739469528198,0.5614866018295288,0.01,0.77
354946,0.7610739469528198,0.5614866018295288,0.01,0.77
355046,0.7610739469528198,0.5614866018295288,0.01,0.77
355146,0.7610739469528198,0.5614866018295288,0.01,0.77
355246,0.7610739469528198,0.5614866018295288,0.01,0.77
355346,0.7610739469528198,0.5614866018295288,0.01,0.77
355446,0.7610739469528198,0.5614866018295288,0.01,0.77
355546,0.7610739469528198,0.5614866018295288,0.01,0.77
355646,0.7610739469528198,0.5614866018295288,0.01,0.77
355746,0.7610739469528198,0.5614866018295288,0.01,0.77
355846,0.7610739469528198,0.5614866018295288,0.01,0.77
355946,0.7610739469528198,0.5614866018295288,0.01,0.77
356046,0.7610739469528198,0.5614866018295288,0.01,0.77
356146,0.7610739469528198,0.5614866018295288,0.01,0.77
356246,0.7610739469528198,0.5614866018295288,0.01,0.77
356346,0.7610739469528198,0.5614866018295288,0.01,0.77
356446,0.7610739469528198,0.5614866018295288,0.01,0.77
356546,0.7610739469528198,0.5614866018295288,0.01,0.77
356646,0.7610739469528198,0.5614866018295288,0.01,0.77
356746,0.7610739469528198,0.5614866018295288,0.01,0.77
356846,0.7610739469528198,0.5614866018295288,0.01,0.77
356946,0.7610739469528198,0.5614866018295288,0.01,0.77
357046,0.7610739469528198,0.5614866018295288,0.01,0.77
357146,0.7610739469528198,0.5614866018295288,0.01,0.77
357246,0.7610739469528198,0.5614866018295288,0.01,0.77
357346,0.7610739469528198,0.5614866018295288,0.01,0.77
357446,0.7610739469528198,0.5614866018295288,0.01,0.77
357546,0.7610739469528198,0.5614866018295288,0.01,0.77
357646,0.7610739469528198,0.5614866018295288,0.01,0.77
357746,0.7610739469528198,0.5614866018295288,0.01,0.77
357846,0.7610739469528198,0.5614866018295288,0.01,0.77
357946,0.7610739469528198,0.5614866018295288,0.01,0.77
358046,0.7610739469528198,0.5614866018295288,0.01,0.77
358146,0.7610739469528198,0.5614866018295288,0.01,0.77
358246,0.7610739469528198,0.5614866018295288,0.01,0.77
358346,0.7610739469528198,0.5614866018295288,0.01,0.77
358446,0.7610739469528198,0.5614866018295288,0.01,0.77
358546,0.7610739469528198,0.5614866018295288,0.01,0.77
358646,0.7610739469528198,0.5614866018295288,0.01,0.77
358746,0.7610739469528198,0.5614866018295288,0.01,0.77
358846,0.7610739469528198,0.5614866018295288,0.01,0.77
358946,0.7610739469528198,0.5614866018295288,0.01,0.77
359046,0.7610739469528198,0.5614866018295288,0.01,0.77
359146,0.7610739469528198,0.5614866018295288,0.01,0.77
359246,0.7610739469528198,0.5614866018295288,0.01,0.77
359346,0.7610739469528198,0.5614866018295288,0.01,0.77
359446,0.7610739469528198,0.5614866018295288,0.01,0.77
359546,0.7610739469528198,0.5614866018295288,0.01,0.77
359646,0.7610739469528198,0.5614866018295288,0.01,0.77
359746,0.7610739469528198,0.5614866018295288,0.01,0.77
359846,0.7610739469528198,0.5614866018295288,0.01,0.77
359946,0.7610739469528198,0.5614866018295288,0.01,0.77
360046,0.7610739469528198,0.5614866018295288,0.01,0.77
360146,0.7610739469528198,0.5614866018295288,0.01,0.77
360246,0.7610739469528198,0.5614866018295288,0.01,0.77
360346,0.7610739469528198,0.5614866018295288,0.01,0.77
360446,0.7610739469528198,0.5614866018295288,0.01,0.77
360546,0.7610739469528198,0.5614866018295288,0.01,0.77
360646,0.7610739469528198,0.5614866018295288,0.01,0.77
360746,0.7610739469528198,0.5614866018295288,0.01,0.77
360846,0.7610739469528198,0.5614866018295288,0.01,0.77
360946,0.7610739469528198,0.5614866018295288,0.01,0.77
361046,0.7610739469528198,0.5614866018295288,0.01,0.77
361146,0.7610739469528198,0.5614866018295288,0.01,0.77
361246,0.7610739469528198,0.5614866018295288,0.01,0.77
361346,0.7610739469528198,0.5614866018295288,0.01,0.77
361446,0.7610739469528198,0.5614866018295288,0.01,0.77
361546,0.7610739469528198,0.5614866018295288,0.01,0.77
361646,0.7610739469528198,0.5614866018295288,0.01,0.77
361746,0.7610739469528198,0.5614866018295288,0.01,0.77
361846,0.7610739469528198,0.5614866018295288,0.01,0.77
361946,0.7610739469528198,0.5614866018295288,0.01,0.77
362046,0.7610739469528198,0.5614866018295288,0.01,0.77
362146,0.7610739469528198,0.5614866018295288,0.01,0.77
362246,0.7610739469528198,0.5614866018295288,0.01,0.77
362346,0.7610739469528198,0.5614866018295288,0.01,0.77
362446,0.7610739469528198,0.5614866018295288,0.01,0.77
362546,0.7610739469528198,0.5614866018295288,0.01,0.77
362646,0.7610739469528198,0.5614866018295288,0.01,0.77
362746,0.7610739469528198,0.5614866018295288,0.01,0.77
362846,0.7610739469528198,0.5614866018295288,0.01,0.77
362946,0.7610739469528198,0.5614866018295288,0.01,0.77
363046,0.7610739469528198,0.5614866018295288,0.01,0.77
363146,0.7610739469528198,0.5614866018295288,0.01,0.77
363246,0.7610739469528198,0.5614866018295288,0.01,0.77
363346,0.7610739469528198,0.5614866018295288,0.01,0.77
363446,0.7610739469528198,0.5614866018295288,0.01,0.77
377546,0.7610739469528198,0.5614866018295288,0.01,0.77
377646,0.7610739469528198,0.5614866018295288,0.01,0.77
377746,0.7610739469528198,0.5614866018295288,0.01,0.77
377846,0.7610739469528198,0.5614866018295288,0.01,0.77
377946,0.7610739469528198,0.5614866018295288,0.01,0.77
378046,0.7610739469528198,0.5614866018295288,0.01,0.77
378146,0.7610739469528198,0.5614866018295288,0.01,0.77
378246,0.7610739469528198,0.5614866018295288,0.01,0.77
378346,0.7610739469528198,0.5614866018295288,0.01,0.77
378446,0.7610739469528198,0.5614866018295288,0.01,0.77
378546,0.7610739469528198,0.5614866018295288,0.01,0.77
378646,0.7610739469528198,0.5614866018295288,0.01,0.77
378746,0.7610739469528198,0.5614866018295288,0.01,0.77
378846,0.7610739469528198,0.5614866018295288,0.01,0.77
378946,0.7610739469528198,0.5614866018295288,0.01,0.77
379046,0.7610739469528198,0.5614866018295288,0.01,0.77
379146,0.7610739469528198,0.5614866018295288,0.01,0.77
379246,0.7610739469528198,0.5614866018295288,0.01,0.77
379346,0.7610739469528198,0.5614866018295288,0.01,0.77
379446,0.7610739469528198,0.5614866018295288,0.01,0.77
379546,0.7610739469528198,0.5614866018295288,0.01,0.77
379646,0.7610739469528198,0.5614866018295288,0.01,0.77
379746,0.7610739469528198,0.5614866018295288,0.01,0.77
379846,0.7610739469528198,0.5614866018295288,0.01,0.77
379946,0.7610739469528198,0.5614866018295288,0.01,0.77
380046,0.7610739469528198,0.5614866018295288,0.01,0.77
380146,0.7610739469528198,0.5614866018295288,0.01,0.77
380246,0.7610739469528198,0.5614866018295288,0.01,0.77
380346,0.7610739469528198,0.5614866018295288,0.01,0.77
380446,0.7610739469528198,0.5614866018295288,0.01,0.77
380546,0.7610739469528198,0.5614866018295288,0.01,0.77
380646,0.7610739469528198,0.5614866018295288,0.01,0.77
380746,0.7610739469528198,0.5614866018295288,0.01,0.77
380846,0.7610739469528198,0.5614866018295288,0.01,0.77
380946,0.7610739469528198,0.5614866018295288,0.01,0.77
381046,0.7610739469528198,0.5614866018295288,0.01,0.77
381146,0.7610739469528198,0.5614866018295288,0.01,0.77
381246,0.7610739469528198,0.5614866018295288,0.01,0.77
381346,0.7610739469528198,0.5614866018295288,0.01,0.77
381446,0.7610739469528198,0.5614866018295288,0.01,0.77
381546,0.7610739469528198,0.5614866018295288,0.01,0.77
381646,0.7610739469528198,0.5614866018295288,0.01,0.77
381746,0.7610739469528198,0.5614866018295288,0.01,0.77
381846,0.7610739469528198,0.5614866018295288,0.01,0.77
381946,0.7610739469528198,0.5614866018295288,0.01,0.77
382046,0.7610739469528198,0.5614866018295288,0.01,0.77
382146,0.7610739469528198,0.5614866018295288,0.01,0.77
382246,0.7610739469528198,0.5614866018295288,0.01,0.77
382346,0.7610739469528198,0.5614866018295288,0.01,0.77
382446,0.7610739469528198,0.5614866018295288,0.01,0.77
382546,0.7610739469528198,0.5614866018295288,0.01,0.77
382646,0.7610739469528198,0.5614866018295288,0.01,0.77
382746,0.7610739469528198,0.5614866018295288,0.01,0.77
382846,0.7610739469528198,0.5614866018295288,0.01,0.77
382946,0.7610739469528198,0.5614866018295288,0.01,0.77
383046,0.7610739469528198,0.5614866018295288,0.01,0.77
383146,0.7610739469528198,0.5614866018295288,0.01,0.77
383246,0.7610739469528198,0.5614866018295288,0.01,0.77
383346,0.7610739469528198,0.5614866018295288,0.01,0.77
383446,0.7610739469528198,0.5614866018295288,0.01,0.77
383546,0.7610739469528198,0.5614866018295288,0.01,0.77
383646,0.7610739469528198,0.5614866018295288,0.01,0.77
383746,0.7610739469528198,0.5614866018295288,0.01,0.77
383846,0.7610739469528198,0.5614866018295288,0.01,0.77
383946,0.7610739469528198,0.5614866018295288,0.01,0.77
384046,0.7610739469528198,0.5614866018295288,0.01,0.77
384146,0.7610739469528198,0.5614866018295288,0.01,0.77
384246,0.7610739469528198,0.5614866018295288,0.01,0.77
384346,0.7610739469528198,0.5614866018295288,0.01,0.77
384446,0.7610739469528198,0.5614866018295288,0.01,0.77
384546,0.7610739469528198,0.5614866018295288,0.01,0.77
384646,0.7610739469528198,0.5614866018295288,0.01,0.77
384746,0.7610739469528198,0.5614866018295288,0.01,0.77
384846,0.7610739469528198,0.5614866018295288,0.01,0.77
384946,0.7610739469528198,0.5614866018295288,0.01,0.77
385046,0.7610739469528198,0.5614866018295288,0.01,0.77
385146,0.7610739469528198,0.5614866018295288,0.01,0.77
385246,0.7610739469528198,0.5614866018295288,0.01,0.77
385346,0.7610739469528198,0.5614866018295288,0.01,0.77
385446,0.7610739469528198,0.5614866018295288,0.01,0.77
385546,0.7610739469528198,0.5614866018295288,0.01,0.77
385646,0.7610739469528198,0.5614866018295288,0.01,0.77
385746,0.7610739469528198,0.5614866018295288,0.01,0.77
385846,0.7610739469528198,0.5614866018295288,0.01,0.77
385946,0.7610739469528198,0.5614866018295288,0.01,0.77
386046,0.7610739469528198,0.5614866018295288,0.01,0.77
386146,0.7610739469528198,0.5614866018295288,0.01,0.77
386246,0.7610739469528198,0.5614866018295288,0.01,0.77
386346,0.7610739469528198,0.5614866018295288,0.01,0.77
386446,0.7610739469528198,0.5614866018295288,0.01,0.77
386546,0.7610739469528198,0.5614866018295288,0.01,0.77
386646,0.7610739469528198,0.5614866018295288,0.01,0.77
386746,0.7610739469528198,0.5614866018295288,0.01,0.77
386846,0.7610739469528198,0.5614866018295288,0.01,0.77
386946,0.7610739469528198,0.5614866018295288,0.01,0.77
387046,0.7610739469528198,0.5614866018295288,0.01,0.77
387146,0.7610739469528198,0.5614866018295288,0.01,0.77
387246,0.7610739469528198,0.5614866018295288,0.01,0.77
387346,0.7610739469528198,0.5614866018295288,0.01,0.77
387446,0.7610739469528198,0.5614866018295288,0.01,0.77
387546,0.7610739469528198,0.5614866018295288,0.01,0.77
387646,0.7610739469528198,0.5614866018295288,0.01,0.77
387746,0.7610739469528198,0.5614866018295288,0.01,0.77
387846,0.7610739469528198,0.5614866018295288,0.01,0.77
387946,0.7610739469528198,0.5614866018295288,0.01,0.77
388046,0.7610739469528198,0.5614866018295288,0.01,0.77
388146,0.7610739469528198,0.5614866018295288,0.01,0.77
388246,0.7610739469528198,0.5614866018295288,0.01,0.77
388346,0.7610739469528198,0.5614866018295288,0.01,0.77
388446,0.7610739469528198,0.5614866018295288,0.01,0.77
388546,0.7610739469528198,0.5614866018295288,0.01,0.77
388646,0.7610739469528198,0.5614866018295288,0.01,0.77
388746,0.7610739469528198,0.5614866018295288,0.01,0.77
388846,0.7610739469528198,0.5614866018295288,0.01,0.77
388946,0.7610739469528198,0.5614866018295288,0.01,0.77
389046,0.7610739469528198,0.5614866018295288,0.01,0.77
389146,0.7610739469528198,0.5614866018295288,0.01,0.77
389246,0.7610739469528198,0.5614866018295288,0.01,0.77
389346,0.7610739469528198,0.5614866018295288,0.01,0.77
389446,0.7610739469528198,0.5614866018295288,0.01,0.77
389546,0.7610739469528198,0.5614866018295288,0.01,0.77
389646,0.7610739469528198,0.5614866018295288,0.01,0.77
389746,0.7610739469528198,0.5614866018295288,0.01,0.77
389846,0.7610739469528198,0.5614866018295288,0.01,0.77
389946,0.7610739469528198,0.5614866018295288,0.01,0.77
390046,0.7610739469528198,0.5614866018295288,0.01,0.77
390146,0.7610739469528198,0.5614866018295288,0.01,0.77
390246,0.7610739469528198,0.5614866018295288,0.01,0.77
390346,0.7610739469528198,0.5614866018295288,0.01,0.77
390446,0.7610739469528198,0.5614866018295288,0.01,0.77
390546,0.7610739469528198,0.5614866018295288,0.01,0.77
390646,0.7610739469528198,0.5614866018295288,0.01,0.77
390746,0.7610739469528198,0.5614866018295288,0.01,0.77
390846,0.7610739469528198,0.5614866018295288,0.01,0.77
390946,0.7610739469528198,0.5614866018295288,0.01,0.77
391046,0.7610739469528198,0.5614866018295288,0.01,0.77
391146,0.7610739469528198,0.5614866018295288,0.01,0.77
391246,0.7610739469528198,0.5614866018295288,0.01,0.77
391346,0.7610739469528198,0.5614866018295288,0.01,0.77
391446,0.7610739469528198,0.5614866018295288,0.01,0.77
405546,0.7610739469528198,0.5614866018295288,0.01,0.77
405646,0.7610739469528198,0.5614866018295288,0.01,0.77
405746,0.7610739469528198,0.5614866018295288,0.01,0.77
405846,0.7610739469528198,0.5614866018295288,0.01,0.77
405946,0.7610739469528198,0.5614866018295288,0.01,0.77
406046,0.7610739469528198,0.5614866018295288,0.01,0.77
406146,0.7610739469528198,0.5614866018295288,0.01,0.77
406246,0.7610739469528198,0.5614866018295288,0.01,0.77
406346,0.7610739469528198,0.5614866018295288,0.01,0.77
406446,0.7610739469528198,0.5614866018295288,0.01,0.77
406546,0.7610739469528198,0.5614866018295288,0.01,0.77
406646,0.7610739469528198,0.5614866018295288,0.01,0.77
406746,0.7610739469528198,0.5614866018295288,0.01,0.77
406846,0.7610739469528198,0.5614866018295288,0.01,0.77
406946,0.7610739469528198,0.5614866018295288,0.01,0.77
407046,0.7610739469528198,0.5614866018295288,0.01,0.77
407146,0.7610739469528198,0.5614866018295288,0.01,0.77
407246,0.7610739469528198,0.5614866018295288,0.01,0.77
407346,0.7610739469528198,0.5614866018295288,0.01,0.77
407446,0.7610739469528198,0.5614866018295288,0.01,0.77
407546,0.7610739469528198,0.5614866018295288,0.01,0.77
407646,0.7610739469528198,0.5614866018295288,0.01,0.77
407746,0.7610739469528198,0.5614866018295288,0.01,0.77
407846,0.7610739469528198,0.5614866018295288,0.01,0.77
407946,0.7610739469528198,0.5614866018295288,0.01,0.77
408046,0.7610739469528198,0.5614866018295288,0.01,0.77
408146,0.7610739469528198,0.5614866018295288,0.01,0.77
408246,0.7610739469528198,0.5614866018295288,0.01,0.77
408346,0.7610739469528198,0.5614866018295288,0.01,0.77
408446,0.7610739469528198,0.5614866018295288,0.01,0.77
408546,0.7610739469528198,0.5614866018295288,0.01,0.77
408646,0.7610739469528198,0.5614866018295288,0.01,0.77
408746,0.7610739469528198,0.5614866018295288,0.01,0.77
408846,0.7610739469528198,0.5614866018295288,0.01,0.77
408946,0.7610739469528198,0.5614866018295288,0.01,0.77
409046,0.7610739469528198,0.5614866018295288,0.01,0.77
409146,0.7610739469528198,0.5614866018295288,0.01,0.77
409246,0.7610739469528198,0.5614866018295288,0.01,0.77
409346,0.7610739469528198,0.5614866018295288,0.01,0.77
409446,0.7610739469528198,0.5614866018295288,0.01,0.77
409546,0.7610739469528198,0.5614866018295288,0.01,0.77
409646,0.7610739469528198,0.5614866018295288,0.01,0.77
409746,0.7610739469528198,0.5614866018295288,0.01,0.77
409846,0.7610739469528198,0.5614866018295288,0.01,0.77
409946,0.7610739469528198,0.5614866018295288,0.01,0.77
410046,0.7610739469528198,0.5614866018295288,0.01,0.77
410146,0.7610739469528198,0.5614866018295288,0.01,0.77
410246,0.7610739469528198,0.5614866018295288,0.01,0.77
410346,0.7610739469528198,0.5614866018295288,0.01,0.77
410446,0.7610739469528198,0.5614866018295288,0.01,0.77
410546,0.7610739469528198,0.5614866018295288,0.01,0.77
410646,0.7610739469528198,0.5614866018295288,0.01,0.77
410746,0.7610739469528198,0.5614866018295288,0.01,0.77
410846,0.7610739469528198,0.5614866018295288,0.01,0.77
410946,0.7610739469528198,0.5614866018295288,0.01,0.77
411046,0.7610739469528198,0.5614866018295288,0.01,0.77
411146,0.7610739469528198,0.5614866018295288,0.01,0.77
411246,0.7610739469528198,0.5614866018295288,0.01,0.77
411346,0.7610739469528198,0.5614866018295288,0.01,0.77
411446,0.7610739469528198,0.5614866018295288,0.01,0.77
411546,0.7610739469528198,0.5614866018295288,0.01,0.77
411646,0.7610739469528198,0.5614866018295288,0.01,0.77
411746,0.7610739469528198,0.5614866018295288,0.01,0.77
411846,0.7610739469528198,0.5614866018295288,0.01,0.77
411946,0.7610739469528198,0.5614866018295288,0.01,0.77
412046,0.7610739469528198,0.5614866018295288,0.01,0.77
412146,0.7610739469528198,0.5614866018295288,0.01,0.77
412246,0.7610739469528198,0.5614866018295288,0.01,0.77
412346,0.7610739469528198,0.5614866018295288,0.01,0.77
412446,0.7610739469528198,0.5614866018295288,0.01,0.77
412546,0.7610739469528198,0.5614866018295288,0.01,0.77
412646,0.7610739469528198,0.5614866018295288,0.01,0.77
412746,0.7610739469528198,0.5614866018295288,0.01,0.77
412846,0.7610739469528198,0.5614866018295288,0.01,0.77
412946,0.7610739469528198,0.5614866018295288,0.01,0.77
413046,0.7610739469528198,0.5614866018295288,0.01,0.77
413146,0.7610739469528198,0.5614866018295288,0.01,0.77
413246,0.7610739469528198,0.5614866018295288,0.01,0.77
413346,0.7610739469528198,0.5614866018295288,0.01,0.77
413446,0.7610739469528198,0.5614866018295288,0.01,0.77
413546,0.7610739469528198,0.5614866018295288,0.01,0.77
413646,0.7610739469528198,0.5614866018295288,0.01,0.77
413746,0.7610739469528198,0.5614866018295288,0.01,0.77
413846,0.7610739469528198,0.5614866018295288,0.01,0.77
413946,0.7610739469528198,0.5614866018295288,0.01,0.77
414046,0.7610739469528198,0.5614866018295288,0.01,0.77
414146,0.7610739469528198,0.5614866018295288,0.01,0.77
414246,0.7610739469528198,0.5614866018295288,0.01,0.77
414346,0.7610739469528198,0.5614866018295288,0.01,0.77
414446,0.7610739469528198,0.5614866018295288,0.01,0.77
414546,0.7610739469528198,0.5614866018295288,0.01,0.77
414646,0.7610739469528198,0.5614866018295288,0.01,0.77
414746,0.7610739469528198,0.5614866018295288,0.01,0.77
414846,0.7610739469528198,0.5614866018295288,0.01,0.77
414946,0.7610739469528198,0.5614866018295288,0.01,0.77
415046,0.7610739469528198,0.5614866018295288,0.01,0.77
415146,0.7610739469528198,0.5614866018295288,0.01,0.77
415246,0.7610739469528198,0.5614866018295288,0.01,0.77
415346,0.7610739469528198,0.5614866018295288,0.01,0.77
415446,0.7610739469528198,0.5614866018295288,0.01,0.77
415546,0.7610739469528198,0.5614866018295288,0.01,0.77
415646,0.7610739469528198,0.5614866018295288,0.01,0.77
415746,0.7610739469528198,0.5614866018295288,0.01,0.77
415846,0.7610739469528198,0.5614866018295288,0.01,0.77
415946,0.7610739469528198,0.5614866018295288,0.01,0.77
416046,0.7610739469528198,0.5614866018295288,0.01,0.77
416146,0.7610739469528198,0.5614866018295288,0.01,0.77
416246,0.7610739469528198,0.5614866018295288,0.01,0.77
416346,0.7610739469528198,0.5614866018295288,0.01,0.77
416446,0.7610739469528198,0.5614866018295288,0.01,0.77
416546,0.7610739469528198,0.5614866018295288,0.01,0.77
416646,0.7610739469528198,0.5614866018295288,0.01,0.77
416746,0.7610739469528198,0.5614866018295288,0.01,0.77
416846,0.7610739469528198,0.5614866018295288,0.01,0.77
416946,0.7610739469528198,0.5614866018295288,0.01,0.77
417046,0.7610739469528198,0.5614866018295288,0.01,0.77
417146,0.7610739469528198,0.5614866018295288,0.01,0.77
417246,0.7610739469528198,0.5614866018295288,0.01,0.77
417346,0.7610739469528198,0.5614866018295288,0.01,0.77
417446,0.7610739469528198,0.5614866018295288,0.01,0.77
417546,0.7610739469528198,0.5614866018295288,0.01,0.77
417646,0.7610739469528198,0.5614866018295288,0.01,0.77
417746,0.7610739469528198,0.5614866018295288,0.01,0.77
417846,0.7610739469528198,0.5614866018295288,0.01,0.77
417946,0.7610739469528198,0.5614866018295288,0.01,0.77
418046,0.7610739469528198,0.5614866018295288,0.01,0.77
418146,0.7610739469528198,0.5614866018295288,0.01,0.77
418246,0.7610739469528198,0.5614866018295288,0.01,0.77
418346,0.7610739469528198,0.5614866018295288,0.01,0.77
418446,0.7610739469528198,0.5614866018295288,0.01,0.77
418546,0.7610739469528198,0.5614866018295288,0.01,0.77
418646,0.7610739469528198,0.5614866018295288,0.01,0.77
418746,0.7610739469528198,0.5614866018295288,0.01,0.77
418846,0.7610739469528198,0.5614866018295288,0.01,0.77
418946,0.7610739469528198,0.5614866018295288,0.01,0.77
419046,0.7610739469528198,0.5614866018295288,0.01,0.77
419146,0.7610739469528198,0.5614866018295288,0.01,0.77
419246,0.7610739469528198,0.5614866018295288,0.01,0.77
419346,0.7610739469528198,0.5614866018295288,0.01,0.77
419446,0.7610739469528198,0.5614866018295288,0.01,0.77
433546,0.7610739469528198,0.5614866018295288,0.01,0.77
433646,0.7610739469528198,0.5614866018295288,0.01,0.77
433746,0.7610739469528198,0.5614866018295288,0.01,0.77
433846,0.7610739469528198,0.5614866018295288,0.01,0.77
433946,0.7610739469528198,0.5614866018295288,0.01,0.77
434046,0.7610739469528198,0.5614866018295288,0.01,0.77
434146,0.7610739469528198,0.5614866018295288,0.01,0.77
434246,0.7610739469528198,0.5614866018295288,0.01,0.77
434346,0.7610739469528198,0.5614866018295288,0.01,0.77
434446,0.7610739469528198,0.5614866018295288,0.01,0.77
434546,0.7610739469528198,0.5614866018295288,0.01,0.77
434646,0.7610739469528198,0.5614866018295288,0.01,0.77
434746,0.7610739469528198,0.5614866018295288,0.01,0.77
434846,0.7610739469528198,0.5614866018295288,0.01,0.77
434946,0.7610739469528198,0.5614866018295288,0.01,0.77
435046,0.7610739469528198,0.5614866018295288,0.01,0.77
435146,0.7610739469528198,0.5614866018295288,0.01,0.77
435246,0.7610739469528198,0.5614866018295288,0.01,0.77
435346,0.7610739469528198,0.5614866018295288,0.01,0.77
435446,0.7610739469528198,0.5614866018295288,0.01,0.77
435546,0.7610739469528198,0.5614866018295288,0.01,0.77
435646,0.7610739469528198,0.5614866018295288,0.01,0.77
435746,0.7610739469528198,0.5614866018295288,0.01,0.77
435846,0.7610739469528198,0.5614866018295288,0.01,0.77
435946,0.7610739469528198,0.5614866018295288,0.01,0.77
436046,0.7610739469528198,0.5614866018295288,0.01,0.77
436146,0.7610739469528198,0.5614866018295288,0.01,0.77
436246,0.7610739469528198,0.5614866018295288,0.01,0.77
436346,0.7610739469528198,0.5614866018295288,0.01,0.77
436446,0.7610739469528198,0.5614866018295288,0.01,0.77
436546,0.7610739469528198,0.5614866018295288,0.01,0.77
436646,0.7610739469528198,0.5614866018295288,0.01,0.77
436746,0.7610739469528198,0.5614866018295288,0.01,0.77
436846,0.7610739469528198,0.5614866018295288,0.01,0.77
436946,0.7610739469528198,0.5614866018295288,0.01,0.77
437046,0.7610739469528198,0.5614866018295288,0.01,0.77
437146,0.7610739469528198,0.5614866018295288,0.01,0.77
437246,0.7610739469528198,0.5614866018295288,0.01,0.77
437346,0.7610739469528198,0.5614866018295288,0.01,0.77
437446,0.7610739469528198,0.5614866018295288,0.01,0.77
437546,0.7610739469528198,0.5614866018295288,0.01,0.77
437646,0.7610739469528198,0.5614866018295288,0.01,0.77
437746,0.7610739469528198,0.5614866018295288,0.01,0.77
437846,0.7610739469528198,0.5614866018295288,0.01,0.77
437946,0.7610739469528198,0.5614866018295288,0.01,0.77
438046,0.7610739469528198,0.5614866018295288,0.01,0.77
438146,0.7610739469528198,0.5614866018295288,0.01,0.77
438246,0.7610739469528198,0.5614866018295288,0.01,0.77
438346,0.7610739469528198,0.5614866018295288,0.01,0.77
438446,0.7610739469528198,0.5614866018295288,0.01,0.77
438546,0.7610739469528198,0.5614866018295288,0.01,0.77
438646,0.7610739469528198,0.5614866018295288,0.01,0.77
438746,0.7610739469528198,0.5614866018295288,0.01,0.77
438846,0.7610739469528198,0.5614866018295288,0.01,0.77
438946,0.7610739469528198,0.5614866018295288,0.01,0.77
439046,0.7610739469528198,0.5614866018295288,0.01,0.77
439146,0.7610739469528198,0.5614866018295288,0.01,0.77
439246,0.7610739469528198,0.5614866018295288,0.01,0.77
439346,0.7610739469528198,0.5614866018295288,0.01,0.77
439446,0.7610739469528198,0.5614866018295288,0.01,0.77
439546,0.7610739469528198,0.5614866018295288,0.01,0.77
439646,0.7610739469528198,0.5614866018295288,0.01,0.77
439746,0.7610739469528198,0.5614866018295288,0.01,0.77
439846,0.7610739469528198,0.5614866018295288,0.01,0.77
439946,0.7610739469528198,0.5614866018295288,0.01,0.77
440046,0.7610739469528198,0.5614866018295288,0.01,0.77
440146,0.7610739469528198,0.5614866018295288,0.01,0.77
440246,0.7610739469528198,0.5614866018295288,0.01,0.77
440346,0.7610739469528198,0.5614866018295288,0.01,0.77
440446,0.7610739469528198,0.5614866018295288,0.01,0.77
440546,0.7610739469528198,0.5614866018295288,0.01,0.77
440646,0.7610739469528198,0.5614866018295288,0.01,0.77
440746,0.7610739469528198,0.5614866018295288,0.01,0.77
440846,0.7610739469528198,0.5614866018295288,0.01,0.77
440946,0.7610739469528198,0.5614866018295288,0.01,0.77
441046,0.7610739469528198,0.5614866018295288,0.01,0.77
441146,0.7610739469528198,0.5614866018295288,0.01,0.77
441246,0.7610739469528198,0.5614866018295288,0.01,0.77
441346,0.7610739469528198,0.5614866018295288,0.01,0.77
441446,0.7610739469528198,0.5614866018295288,0.01,0.77
441546,0.7610739469528198,0.5614866018295288,0.01,0.77
441646,0.7610739469528198,0.5614866018295288,0.01,0.77
441746,0.7610739469528198,0.5614866018295288,0.01,0.77
441846,0.7610739469528198,0.5614866018295288,0.01,0.77
441946,0.7610739469528198,0.5614866018295288,0.01,0.77
442046,0.7610739469528198,0.5614866018295288,0.01,0.77
442146,0.7610739469528198,0.5614866018295288,0.01,0.77
442246,0.7610739469528198,0.5614866018295288,0.01,0.77
442346,0.7610739469528198,0.5614866018295288,0.01,0.77
442446,0.7610739469528198,0.5614866018295288,0.01,0.77
442546,0.7610739469528198,0.5614866018295288,0.01,0.77
442646,0.7610739469528198,0.5614866018295288,0.01,0.77
442746,0.7610739469528198,0.5614866018295288,0.01,0.77
442846,0.7610739469528198,0.5614866018295288,0.01,0.77
442946,0.7610739469528198,0.5614866018295288,0.01,0.77
443046,0.7610739469528198,0.5614866018295288,0.01,0.77
443146,0.7610739469528198,0.5614866018295288,0.01,0.77
443246,0.7610739469528198,0.5614866018295288,0.01,0.77
443346,0.7610739469528198,0.5614866018295288,0.01,0.77
443446,0.7610739469528198,0.5614866018295288,0.01,0.77
443546,0.7610739469528198,0.5614866018295288,0.01,0.77
443646,0.7610739469528198,0.5614866018295288,0.01,0.77
443746,0.7610739469528198,0.5614866018295288,0.01,0.77
443846,0.7610739469528198,0.5614866018295288,0.01,0.77
443946,0.7610739469528198,0.5614866018295288,0.01,0.77
444046,0.7610739469528198,0.5614866018295288,0.01,0.77
444146,0.7610739469528198,0.5614866018295288,0.01,0.77
444246,0.7610739469528198,0.5614866018295288,0.01,0.77
444346,0.7610739469528198,0.5614866018295288,0.01,0.77
444446,0.7610739469528198,0.5614866018295288,0.01,0.77
444546,0.7610739469528198,0.5614866018295288,0.01,0.77
444646,0.7610739469528198,0.5614866018295288,0.01,0.77
444746,0.7610739469528198,0.5614866018295288,0.01,0.77
444846,0.7610739469528198,0.5614866018295288,0.01,0.77
444946,0.7610739469528198,0.5614866018295288,0.01,0.77
445046,0.7610739469528198,0.5614866018295288,0.01,0.77
445146,0.7610739469528198,0.5614866018295288,0.01,0.77
445246,0.7610739469528198,0.5614866018295288,0.01,0.77
445346,0.7610739469528198,0.5614866018295288,0.01,0.77
445446,0.7610739469528198,0.5614866018295288,0.01,0.77
445546,0.7610739469528198,0.5614866018295288,0.01,0.77
445646,0.7610739469528198,0.5614866018295288,0.01,0.77
445746,0.7610739469528198,0.5614866018295288,0.01,0.77
445846,0.7610739469528198,0.5614866018295288,0.01,0.77
445946,0.7610739469528198,0.5614866018295288,0.01,0.77
446046,0.7610739469528198,0.5614866018295288,0.01,0.77
446146,0.7610739469528198,0.5614866018295288,0.01,0.77
446246,0.7610739469528198,0.5614866018295288,0.01,0.77
446346,0.7610739469528198,0.5614866018295288,0.01,0.77
446446,0.7610739469528198,0.5614866018295288,0.01,0.77
446546,0.7610739469528198,0.5614866018295288,0.01,0.77
446646,0.7610739469528198,0.5614866018295288,0.01,0.77
446746,0.7610739469528198,0.5614866018295288,0.01,0.77
446846,0.7610739469528198,0.5614866018295288,0.01,0.77
446946,0.7610739469528198,0.5614866018295288,0.01,0.77
447046,0.7610739469528198,0.5614866018295288,0.01,0.77
447146,0.7610739469528198,0.5614866018295288,0.01,0.77
447246,0.7610739469528198,0.5614866018295288,0.01,0.77
447346,0.7610739469528198,0.5614866018295288,0.01,0.77
447446,0.7610739469528198,0.5614866018295288,0.01,0.77
461546,0.7610739469528198,0.5614866018295288,0.01,0.77
461646,0.7610739469528198,0.5614866018295288,0.01,0.77
461746,0.7610739469528198,0.5614866018295288,0.01,0.77
461846,0.7610739469528198,0.5614866018295288,0.01,0.77
461946,0.7610739469528198,0.5614866018295288,0.01,0.77
462046,0.7610739469528198,0.5614866018295288,0.01,0.77
462146,0.7610739469528198,0.5614866018295288,0.01,0.77
462246,0.7610739469528198,0.5614866018295288,0.01,0.77
462346,0.7610739469528198,0.5614866018295288,0.01,0.77
462446,0.7610739469528198,0.5614866018295288,0.01,0.77
462546,0.7610739469528198,0.5614866018295288,0.01,0.77
462646,0.7610739469528198,0.5614866018295288,0.01,0.77
462746,0.7610739469528198,0.5614866018295288,0.01,0.77
462846,0.7610739469528198,0.5614866018295288,0.01,0.77
462946,0.7610739469528198,0.5614866018295288,0.01,0.77
463046,0.7610739469528198,0.5614866018295288,0.01,0.77
463146,0.7610739469528198,0.5614866018295288,0.01,0.77
463246,0.7610739469528198,0.5614866018295288,0.01,0.77
463346,0.7610739469528198,0.5614866018295288,0.01,0.77
463446,0.7610739469528198,0.5614866018295288,0.01,0.77
463546,0.7610739469528198,0.5614866018295288,0.01,0.77
463646,0.7610739469528198,0.5614866018295288,0.01,0.77
463746,0.7610739469528198,0.5614866018295288,0.01,0.77
463846,0.7610739469528198,0.5614866018295288,0.01,0.77
463946,0.7610739469528198,0.5614866018295288,0.01,0.77
464046,0.7610739469528198,0.5614866018295288,0.01,0.77
464146,0.7610739469528198,0.5614866018295288,0.01,0.77
464246,0.7610739469528198,0.5614866018295288,0.01,0.77
464346,0.7610739469528198,0.5614866018295288,0.01,0.77
464446,0.7610739469528198,0.5614866018295288,0.01,0.77
464546,0.7610739469528198,0.5614866018295288,0.01,0.77
464646,0.7610739469528198,0.5614866018295288,0.01,0.77
464746,0.7610739469528198,0.5614866018295288,0.01,0.77
464846,0.7610739469528198,0.5614866018295288,0.01,0.77
464946,0.7610739469528198,0.5614866018295288,0.01,0.77
465046,0.7610739469528198,0.5614866018295288,0.01,0.77
465146,0.7610739469528198,0.5614866018295288,0.01,0.77
465246,0.7610739469528198,0.5614866018295288,0.01,0.77
465346,0.7610739469528198,0.5614866018295288,0.01,0.77
465446,0.7610739469528198,0.5614866018295288,0.01,0.77
465546,0.7610739469528198,0.5614866018295288,0.01,0.77
465646,0.7610739469528198,0.5614866018295288,0.01,0.77
465746,0.7610739469528198,0.5614866018295288,0.01,0.77
465846,0.7610739469528198,0.5614866018295288,0.01,0.77
465946,0.7610739469528198,0.5614866018295288,0.01,0.77
466046,0.7610739469528198,0.5614866018295288,0.01,0.77
466146,0.7610739469528198,0.5614866018295288,0.01,0.77
466246,0.7610739469528198,0.5614866018295288,0.01,0.77
466346,0.7610739469528198,0.5614866018295288,0.01,0.77
466446,0.7610739469528198,0.5614866018295288,0.01,0.77
466546,0.7610739469528198,0.5614866018295288,0.01,0.77
466646,0.7610739469528198,0.5614866018295288,0.01,0.77
466746,0.7610739469528198,0.5614866018295288,0.01,0.77
466846,0.7610739469528198,0.5614866018295288,0.01,0.77
466946,0.7610739469528198,0.5614866018295288,0.01,0.77
467046,0.7610739469528198,0.5614866018295288,0.01,0.77
467146,0.7610739469528198,0.5614866018295288,0.01,0.77
467246,0.7610739469528198,0.5614866018295288,0.01,0.77
467346,0.7610739469528198,0.5614866018295288,0.01,0.77
467446,0.7610739469528198,0.5614866018295288,0.01,0.77
467546,0.7610739469528198,0.5614866018295288,0.01,0.77
467646,0.7610739469528198,0.5614866018295288,0.01,0.77
467746,0.7610739469528198,0.5614866018295288,0.01,0.77
467846,0.7610739469528198,0.5614866018295288,0.01,0.77
467946,0.7610739469528198,0.5614866018295288,0.01,0.77
468046,0.7610739469528198,0.5614866018295288,0.01,0.77
468146,0.7610739469528198,0.5614866018295288,0.01,0.77
468246,0.7610739469528198,0.5614866018295288,0.01,0.77
468346,0.7610739469528198,0.5614866018295288,0.01,0.77
468446,0.7610739469528198,0.5614866018295288,0.01,0.77
468546,0.7610739469528198,0.5614866018295288,0.01,0.77
468646,0.7610739469528198,0.5614866018295288,0.01,0.77
468746,0.7610739469528198,0.5614866018295288,0.01,0.77
468846,0.7610739469528198,0.5614866018295288,0.01,0.77
468946,0.7610739469528198,0.5614866018295288,0.01,0.77
469046,0.7610739469528198,0.5614866018295288,0.01,0.77
469146,0.7610739469528198,0.5614866018295288,0.01,0.77
469246,0.7610739469528198,0.5614866018295288,0.01,0.77
469346,0.7610739469528198,0.5614866018295288,0.01,0.77
469446,0.7610739469528198,0.5614866018295288,0.01,0.77
469546,0.7610739469528198,0.5614866018295288,0.01,0.77
469646,0.7610739469528198,0.5614866018295288,0.01,0.77
469746,0.7610739469528198,0.5614866018295288,0.01,0.77
469846,0.7610739469528198,0.5614866018295288,0.01,0.77
469946,0.7610739469528198,0.5614866018295288,0.01,0.77
470046,0.7610739469528198,0.5614866018295288,0.01,0.77
470146,0.7610739469528198,0.5614866018295288,0.01,0.77
470246,0.7610739469528198,0.5614866018295288,0.01,0.77
470346,0.7610739469528198,0.5614866018295288,0.01,0.77
470446,0.7610739469528198,0.5614866018295288,0.01,0.77
470546,0.7610739469528198,0.5614866018295288,0.01,0.77
470646,0.7610739469528198,0.5614866018295288,0.01,0.77
470746,0.7610739469528198,0.5614866018295288,0.01,0.77
470846,0.7610739469528198,0.5614866018295288,0.01,0.77
470946,0.7610739469528198,0.5614866018295288,0.01,0.77
471046,0.7610739469528198,0.5614866018295288,0.01,0.77
471146,0.7610739469528198,0.5614866018295288,0.01,0.77
471246,0.7610739469528198,0.5614866018295288,0.01,0.77
471346,0.7610739469528198,0.5614866018295288,0.01,0.77
471446,0.7610739469528198,0.5614866018295288,0.01,0.77
471546,0.7610739469528198,0.5614866018295288,0.01,0.77
471646,0.7610739469528198,0.5614866018295288,0.01,0.77
471746,0.7610739469528198,0.5614866018295288,0.01,0.77
471846,0.7610739469528198,0.5614866018295288,0.01,0.77
471946,0.7610739469528198,0.5614866018295288,0.01,0.77
472046,0.7610739469528198,0.5614866018295288,0.01,0.77
472146,0.7610739469528198,0.5614866018295288,0.01,0.77
472246,0.7610739469528198,0.5614866018295288,0.01,0.77
472346,0.7610739469528198,0.5614866018295288,0.01,0.77
472446,0.7610739469528198,0.5614866018295288,0.01,0.77
472546,0.7610739469528198,0.5614866018295288,0.01,0.77
472646,0.7610739469528198,0.5614866018295288,0.01,0.77
472746,0.7610739469528198,0.5614866018295288,0.01,0.77
472846,0.7610739469528198,0.5614866018295288,0.01,0.77
472946,0.7610739469528198,0.5614866018295288,0.01,0.77
473046,0.7610739469528198,0.5614866018295288,0.01,0.77
473146,0.7610739469528198,0.5614866018295288,0.01,0.77
473246,0.7610739469528198,0.5614866018295288,0.01,0.77
473346,0.7610739469528198,0.5614866018295288,0.01,0.77
473446,0.7610739469528198,0.5614866018295288,0.01,0.77
473546,0.7610739469528198,0.5614866018295288,0.01,0.77
473646,0.7610739469528198,0.5614866018295288,0.01,0.77
473746,0.7610739469528198,0.5614866018295288,0.01,0.77
473846,0.7610739469528198,0.5614866018295288,0.01,0.77
473946,0.7610739469528198,0.5614866018295288,0.01,0.77
474046,0.7610739469528198,0.5614866018295288,0.01,0.77
474146,0.7610739469528198,0.5614866018295288,0.01,0.77
474246,0.7610739469528198,0.5614866018295288,0.01,0.77
474346,0.7610739469528198,0.5614866018295288,0.01,0.77
474446,0.7610739469528198,0.5614866018295288,0.01,0.77
474546,0.7610739469528198,0.5614866018295288,0.01,0.77
474646,0.7610739469528198,0.5614866018295288,0.01,0.77
474746,0.7610739469528198,0.5614866018295288,0.01,0.77
474846,0.7610739469528198,0.5614866018295288,0.01,0.77
474946,0.7610739469528198,0.5614866018295288,0.01,0.77
475046,0.7610739469528198,0.5614866018295288,0.01,0.77
475146,0.7610739469528198,0.5614866018295288,0.01,0.77
475246,0.7610739469528198,0.5614866018295288,0.01,0.77
475346,0.7610739469528198,0.5614866018295288,0.01,0.77
475446,0.7610739469528198,0.5614866018295288,0.01,0.77
489546,0.7610739469528198,0.5614866018295288,0.01,0.81
489646,0.7610739469528198,0.5614866018295288,0.01,0.81
489746,0.7610739469528198,0.5614866018295288,0.01,0.81
489846,0.7610739469528198,0.5614866018295288,0.01,0.81
489946,0.7610739469528198,0.5614866018295288,0.01,0.81
490046,0.7610739469528198,0.5614866018295288,0.01,0.81
490146,0.7610739469528198,0.5614866018295288,0.01,0.81
490246,0.7610739469528198,0.5614866018295288,0.01,0.81
490346,0.7610739469528198,0.5614866018295288,0.01,0.81
490446,0.7610739469528198,0.5614866018295288,0.01,0.81
490546,0.7610739469528198,0.5614866018295288,0.01,0.81
490646,0.7610739469528198,0.5614866018295288,0.01,0.81
490746,0.7610739469528198,0.5614866018295288,0.01,0.81
490846,0.7610739469528198,0.5614866018295288,0.01,0.81
490946,0.7610739469528198,0.5614866018295288,0.01,0.81
491046,0.7610739469528198,0.5614866018295288,0.01,0.81
491146,0.7610739469528198,0.5614866018295288,0.01,0.81
491246,0.7610739469528198,0.5614866018295288,0.01,0.81
491346,0.7610739469528198,0.5614866018295288,0.01,0.81
491446,0.7610739469528198,0.5614866018295288,0.01,0.81
491546,0.7610739469528198,0.5614866018295288,0.01,0.81
491646,0.7610739469528198,0.5614866018295288,0.01,0.81
491746,0.7610739469528198,0.5614866018295288,0.01,0.81
491846,0.7610739469528198,0.5614866018295288,0.01,0.81
491946,0.7610739469528198,0.5614866018295288,0.01,0.81
492046,0.7610739469528198,0.5614866018295288,0.01,0.81
492146,0.7610739469528198,0.5614866018295288,0.01,0.81
492246,0.7610739469528198,0.5614866018295288,0.01,0.81
492346,0.7610739469528198,0.5614866018295288,0.01,0.81
492446,0.7610739469528198,0.5614866018295288,0.01,0.81
492546,0.7610739469528198,0.5614866018295288,0.01,0.81
492646,0.7610739469528198,0.5614866018295288,0.01,0.81
492746,0.7610739469528198,0.5614866018295288,0.01,0.81
492846,0.7610739469528198,0.5614866018295288,0.01,0.81
492946,0.7610739469528198,0.5614866018295288,0.01,0.81
493046,0.7610739469528198,0.5614866018295288,0.01,0.81
493146,0.7610739469528198,0.5614866018295288,0.01,0.81
493246,0.7610739469528198,0.5614866018295288,0.01,0.81
493346,0.7610739469528198,0.5614866018295288,0.01,0.81
493446,0.7610739469528198,0.5614866018295288,0.01,0.81
493546,0.7610739469528198,0.5614866018295288,0.01,0.81
493646,0.7610739469528198,0.5614866018295288,0.01,0.81
493746,0.7610739469528198,0.5614866018295288,0.01,0.81
493846,0.7610739469528198,0.5614866018295288,0.01,0.81
493946,0.7610739469528198,0.5614866018295288,0.01,0.81
494046,0.7610739469528198,0.5614866018295288,0.01,0.81
494146,0.7610739469528198,0.5614866018295288,0.01,0.81
494246,0.7610739469528198,0.5614866018295288,0.01,0.81
494346,0.7610739469528198,0.5614866018295288,0.01,0.81
494446,0.7610739469528198,0.5614866018295288,0.01,0.81
494546,0.7610739469528198,0.5614866018295288,0.01,0.81
494646,0.7610739469528198,0.5614866018295288,0.01,0.81
494746,0.7610739469528198,0.5614866018295288,0.01,0.81
494846,0.7610739469528198,0.5614866018295288,0.01,0.81
494946,0.7610739469528198,0.5614866018295288,0.01,0.81
495046,0.7610739469528198,0.5614866018295288,0.01,0.81
495146,0.7610739469528198,0.5614866018295288,0.01,0.81
495246,0.7610739469528198,0.5614866018295288,0.01,0.81
495346,0.7610739469528198,0.5614866018295288,0.01,0.81
495446,0.7610739469528198,0.5614866018295288,0.01,0.81
495546,0.7610739469528198,0.5614866018295288,0.01,0.81
495646,0.7610739469528198,0.5614866018295288,0.01,0.81
495746,0.7610739469528198,0.5614866018295288,0.01,0.81
495846,0.7610739469528198,0.5614866018295288,0.01,0.81
495946,0.7610739469528198,0.5614866018295288,0.01,0.81
496046,0.7610739469528198,0.5614866018295288,0.01,0.81
496146,0.7610739469528198,0.5614866018295288,0.01,0.81
496246,0.7610739469528198,0.5614866018295288,0.01,0.81
496346,0.7610739469528198,0.5614866018295288,0.01,0.81
496446,0.7610739469528198,0.5614866018295288,0.01,0.81
496546,0.7610739469528198,0.5614866018295288,0.01,0.81
496646,0.7610739469528198,0.5614866018295288,0.01,0.81
496746,0.7610739469528198,0.5614866018295288,0.01,0.81
496846,0.7610739469528198,0.5614866018295288,0.01,0.81
496946,0.7610739469528198,0.5614866018295288,0.01,0.81
497046,0.7610739469528198,0.5614866018295288,0.01,0.81
497146,0.7610739469528198,0.5614866018295288,0.01,0.81
497246,0.7610739469528198,0.5614866018295288,0.01,0.81
497346,0.7610739469528198,0.5614866018295288,0.01,0.81
497446,0.7610739469528198,0.5614866018295288,0.01,0.81
497546,0.7610739469528198,0.5614866018295288,0.01,0.81
497646,0.7610739469528198,0.5614866018295288,0.01,0.81
497746,0.7610739469528198,0.5614866018295288,0.01,0.81
497846,0.7610739469528198,0.5614866018295288,0.01,0.81
497946,0.7610739469528198,0.5614866018295288,0.01,0.81
498046,0.7610739469528198,0.5614866018295288,0.01,0.81
498146,0.7610739469528198,0.5614866018295288,0.01,0.81
498246,0.7610739469528198,0.5614866018295288,0.01,0.81
498346,0.7610739469528198,0.5614866018295288,0.01,0.81
498446,0.7610739469528198,0.5614866018295288,0.01,0.81
498546,0.7610739469528198,0.5614866018295288,0.01,0.81
498646,0.7610739469528198,0.5614866018295288,0.01,0.81
498746,0.7610739469528198,0.5614866018295288,0.01,0.81
498846,0.7610739469528198,0.5614866018295288,0.01,0.81
498946,0.7610739469528198,0.5614866018295288,0.01,0.81
499046,0.7610739469528198,0.5614866018295288,0.01,0.81
499146,0.7610739469528198,0.5614866018295288,0.01,0.81
499246,0.7610739469528198,0.5614866018295288,0.01,0.81
499346,0.7610739469528198,0.5614866018295288,0.01,0.81
499446,0.7610739469528198,0.5614866018295288,0.01,0.81
499546,0.7610739469528198,0.5614866018295288,0.01,0.81
499646,0.7610739469528198,0.5614866018295288,0.01,0.81
499746,0.7610739469528198,0.5614866018295288,0.01,0.81
499846,0.7610739469528198,0.5614866018295288,0.01,0.81
499946,0.7610739469528198,0.5614866018295288,0.01,0.81
500046,0.7610739469528198,0.5614866018295288,0.01,0.81
500146,0.7610739469528198,0.5614866018295288,0.01,0.81
500246,0.7610739469528198,0.5614866018295288,0.01,0.81
500346,0.7610739469528198,0.5614866018295288,0.01,0.81
500446,0.7610739469528198,0.5614866018295288,0.01,0.81
500546,0.7610739469528198,0.5614866018295288,0.01,0.81
500646,0.7610739469528198,0.5614866018295288,0.01,0.81
500746,0.7610739469528198,0.5614866018295288,0.01,0.81
500846,0.7610739469528198,0.5614866018295288,0.01,0.81
500946,0.7610739469528198,0.5614866018295288,0.01,0.81
501046,0.7610739469528198,0.5614866018295288,0.01,0.81
501146,0.7610739469528198,0.5614866018295288,0.01,0.81
501246,0.7610739469528198,0.5614866018295288,0.01,0.81
501346,0.7610739469528198,0.5614866018295288,0.01,0.81
501446,0.7610739469528198,0.5614866018295288,0.01,0.81
501546,0.7610739469528198,0.5614866018295288,0.01,0.81
501646,0.7610739469528198,0.5614866018295288,0.01,0.81
501746,0.7610739469528198,0.5614866018295288,0.01,0.81
501846,0.7610739469528198,0.5614866018295288,0.01,0.81
501946,0.7610739469528198,0.5614866018295288,0.01,0.81
502046,0.7610739469528198,0.5614866018295288,0.01,0.81
502146,0.7610739469528198,0.5614866018295288,0.01,0.81
502246,0.7610739469528198,0.5614866018295288,0.01,0.81
502346,0.7610739469528198,0.5614866018295288,0.01,0.81
502446,0.7610739469528198,0.5614866018295288,0.01,0.81
502546,0.7610739469528198,0.5614866018295288,0.01,0.81
502646,0.7610739469528198,0.5614866018295288,0.01,0.81
502746,0.7610739469528198,0.5614866018295288,0.01,0.81
502846,0.7610739469528198,0.5614866018295288,0.01,0.81
502946,0.7610739469528198,0.5614866018295288,0.01,0.81
503046,0.7610739469528198,0.5614866018295288,0.01,0.81
503146,0.7610739469528198,0.5614866018295288,0.01,0.81
503246,0.7610739469528198,0.5614866018295288,0.01,0.81
503346,0.7610739469528198,0.5614866018295288,0.01,0.81
503446,0.7610739469528198,0.5614866018295288,0.01,0.81
