evaluation,fitness,test_accuracy,time
0,0.4939120411872864,0.54
0,0.4939120411872864,0.4096744656562805,0.79
100,0.4939120411872864,0.4096744656562805,0.79
200,0.4939120411872864,0.4096744656562805,0.79
300,0.4939120411872864,0.4096744656562805,0.79
400,0.4939120411872864,0.4096744656562805,0.79
500,0.4939120411872864,0.4096744656562805,0.79
600,0.4939120411872864,0.4096744656562805,0.79
700,0.4939120411872864,0.4096744656562805,0.79
800,0.5127348303794861,0.5545732975006104,0.79
900,0.6630790829658508,0.608155369758606,0.79
1000,0.6630790829658508,0.608155369758606,0.79
1100,0.6630790829658508,0.608155369758606,0.79
1200,0.6630790829658508,0.608155369758606,0.79
1300,0.6630790829658508,0.608155369758606,0.79
1400,0.6630790829658508,0.608155369758606,0.79
1500,0.6630790829658508,0.608155369758606,0.79
1600,0.6630790829658508,0.608155369758606,0.79
1700,0.6630790829658508,0.608155369758606,0.79
1800,0.6630790829658508,0.608155369758606,0.79
1900,0.6630790829658508,0.608155369758606,0.79
2000,0.6630790829658508,0.608155369758606,0.79
2100,0.6630790829658508,0.608155369758606,0.79
2200,0.6630790829658508,0.608155369758606,0.79
2300,0.6630790829658508,0.608155369758606,0.79
2400,0.6630790829658508,0.608155369758606,0.79
2500,0.6630790829658508,0.608155369758606,0.79
2600,0.6630790829658508,0.608155369758606,0.79
2700,0.6630790829658508,0.608155369758606,0.79
2800,0.6630790829658508,0.608155369758606,0.79
2900,0.6630790829658508,0.608155369758606,0.79
3000,0.6630790829658508,0.608155369758606,0.79
3100,0.6630790829658508,0.608155369758606,0.79
3200,0.6630790829658508,0.608155369758606,0.79
3300,0.6630790829658508,0.608155369758606,0.79
3400,0.6630790829658508,0.608155369758606,0.79
3500,0.6630790829658508,0.608155369758606,0.79
3600,0.6630790829658508,0.608155369758606,0.79
3700,0.6630790829658508,0.608155369758606,0.79
3800,0.6630790829658508,0.608155369758606,0.79
3900,0.6630790829658508,0.608155369758606,0.79
4000,0.6630790829658508,0.608155369758606,0.79
4100,0.6630790829658508,0.608155369758606,0.79
4200,0.6630790829658508,0.608155369758606,0.79
4300,0.6630790829658508,0.608155369758606,0.79
4400,0.6630790829658508,0.608155369758606,0.79
4500,0.6630790829658508,0.608155369758606,0.79
4600,0.6630790829658508,0.608155369758606,0.79
4700,0.6630790829658508,0.608155369758606,0.79
4800,0.6630790829658508,0.608155369758606,0.79
4900,0.6630790829658508,0.608155369758606,0.79
5000,0.7801080346107483,0.722139298915863,0.79
5100,0.7801080346107483,0.722139298915863,0.79
5200,0.7801080346107483,0.722139298915863,0.79
5300,0.7801080346107483,0.722139298915863,0.79
5400,0.7801080346107483,0.722139298915863,0.79
5500,0.7801080346107483,0.722139298915863,0.79
5600,0.7801080346107483,0.722139298915863,0.79
5700,0.7801080346107483,0.722139298915863,0.79
5800,0.7801080346107483,0.722139298915863,0.79
5900,0.7801080346107483,0.722139298915863,0.79
6000,0.7801080346107483,0.722139298915863,0.79
6100,0.7801080346107483,0.722139298915863,0.79
6200,0.7801080346107483,0.722139298915863,0.79
6300,0.7801080346107483,0.722139298915863,0.79
6400,0.7801080346107483,0.722139298915863,0.79
6500,0.7801080346107483,0.722139298915863,0.79
6600,0.7801080346107483,0.722139298915863,0.79
6700,0.7801080346107483,0.722139298915863,0.79
6800,0.7801080346107483,0.722139298915863,0.79
6900,0.7801080346107483,0.722139298915863,0.79
7000,0.7801080346107483,0.722139298915863,0.79
7100,0.7801080346107483,0.722139298915863,0.79
7200,0.7801080346107483,0.722139298915863,0.79
7300,0.7801080346107483,0.722139298915863,0.79
7400,0.7801080346107483,0.722139298915863,0.79
7500,0.7801080346107483,0.722139298915863,0.79
7600,0.7801080346107483,0.722139298915863,0.79
7700,0.7801080346107483,0.722139298915863,0.79
7800,0.7801080346107483,0.722139298915863,0.79
7900,0.7801080346107483,0.722139298915863,0.79
8000,0.7801080346107483,0.722139298915863,0.79
8100,0.7801080346107483,0.722139298915863,0.79
8200,0.7801080346107483,0.722139298915863,0.79
8300,0.7801080346107483,0.722139298915863,0.79
8400,0.7801080346107483,0.722139298915863,0.79
8500,0.7801080346107483,0.722139298915863,0.79
8600,0.7801080346107483,0.722139298915863,0.79
8700,0.7801080346107483,0.722139298915863,0.79
8800,0.7801080346107483,0.722139298915863,0.79
8900,0.7801080346107483,0.722139298915863,0.79
9000,0.7801080346107483,0.722139298915863,0.79
9100,0.7801080346107483,0.722139298915863,0.79
9200,0.7801080346107483,0.722139298915863,0.79
9300,0.7801080346107483,0.722139298915863,0.79
9400,0.7801080346107483,0.722139298915863,0.79
9500,0.7801080346107483,0.722139298915863,0.79
9600,0.7801080346107483,0.722139298915863,0.79
9700,0.7801080346107483,0.722139298915863,0.79
9800,0.7801080346107483,0.722139298915863,0.79
9900,0.7801080346107483,0.722139298915863,0.79
10000,0.7801080346107483,0.722139298915863,0.79
10100,0.7801080346107483,0.722139298915863,0.79
10200,0.7801080346107483,0.722139298915863,0.79
10300,0.7801080346107483,0.722139298915863,0.79
10400,0.7801080346107483,0.722139298915863,0.79
10500,0.7801080346107483,0.722139298915863,0.79
10600,0.7801080346107483,0.722139298915863,0.79
10700,0.7801080346107483,0.722139298915863,0.79
10800,0.7801080346107483,0.722139298915863,0.79
10900,0.7801080346107483,0.722139298915863,0.79
11000,0.7801080346107483,0.722139298915863,0.79
11100,0.7801080346107483,0.722139298915863,0.79
11200,0.7801080346107483,0.722139298915863,0.79
11300,0.7801080346107483,0.722139298915863,0.79
11400,0.7801080346107483,0.722139298915863,0.79
11500,0.7801080346107483,0.722139298915863,0.79
11600,0.7801080346107483,0.722139298915863,0.79
11700,0.7801080346107483,0.722139298915863,0.79
11800,0.7801080346107483,0.722139298915863,0.79
11900,0.7801080346107483,0.722139298915863,0.79
12000,0.7801080346107483,0.722139298915863,0.79
12100,0.7801080346107483,0.722139298915863,0.79
12200,0.7801080346107483,0.722139298915863,0.79
12300,0.7801080346107483,0.722139298915863,0.79
12400,0.7801080346107483,0.722139298915863,0.79
12500,0.7801080346107483,0.722139298915863,0.79
12600,0.7801080346107483,0.722139298915863,0.79
12700,0.7801080346107483,0.722139298915863,0.79
12800,0.7801080346107483,0.722139298915863,0.79
12900,0.7801080346107483,0.722139298915863,0.79
13000,0.7801080346107483,0.722139298915863,0.79
13100,0.7801080346107483,0.722139298915863,0.79
13200,0.7801080346107483,0.722139298915863,0.79
13300,0.7801080346107483,0.722139298915863,0.79
13400,0.7801080346107483,0.722139298915863,0.79
13500,0.7801080346107483,0.722139298915863,0.79
13600,0.7801080346107483,0.722139298915863,0.79
13700,0.7801080346107483,0.722139298915863,0.79
13800,0.7801080346107483,0.722139298915863,0.79
13900,0.7801080346107483,0.722139298915863,0.79
14000,0.7801080346107483,0.722139298915863,0.79
14100,0.7801080346107483,0.722139298915863,0.79
14200,0.7801080346107483,0.722139298915863,0.79
14300,0.7801080346107483,0.722139298915863,0.79
14400,0.7801080346107483,0.722139298915863,0.79
14500,0.7801080346107483,0.722139298915863,0.79
14600,0.7801080346107483,0.722139298915863,0.79
14700,0.7801080346107483,0.722139298915863,0.79
14800,0.7801080346107483,0.722139298915863,0.79
14900,0.7801080346107483,0.722139298915863,0.79
15000,0.7801080346107483,0.722139298915863,0.79
15100,0.7801080346107483,0.722139298915863,0.79
15200,0.7801080346107483,0.722139298915863,0.79
15300,0.7801080346107483,0.722139298915863,0.79
15400,0.7801080346107483,0.722139298915863,0.79
15500,0.7801080346107483,0.722139298915863,0.79
15600,0.7801080346107483,0.722139298915863,0.79
15700,0.7801080346107483,0.722139298915863,0.79
15800,0.7801080346107483,0.722139298915863,0.79
15900,0.7801080346107483,0.722139298915863,0.79
16000,0.7801080346107483,0.722139298915863,0.79
16100,0.7801080346107483,0.722139298915863,0.79
16200,0.7801080346107483,0.722139298915863,0.79
16300,0.7801080346107483,0.722139298915863,0.79
16400,0.7801080346107483,0.722139298915863,0.79
16500,0.7801080346107483,0.722139298915863,0.79
16600,0.7801080346107483,0.722139298915863,0.79
16700,0.7801080346107483,0.722139298915863,0.79
16800,0.7801080346107483,0.722139298915863,0.79
16900,0.8942974805831909,0.9212464094161987,0.79
17000,0.8942974805831909,0.9212464094161987,0.79
17100,0.8942974805831909,0.9212464094161987,0.79
17200,0.8942974805831909,0.9212464094161987,0.79
17300,0.8942974805831909,0.9212464094161987,0.79
17400,0.8942974805831909,0.9212464094161987,0.79
17500,0.8942974805831909,0.9212464094161987,0.79
17600,0.8942974805831909,0.9212464094161987,0.79
17700,0.8942974805831909,0.9212464094161987,0.79
17800,0.9458212852478027,0.953380823135376,0.79
17900,0.9458212852478027,0.953380823135376,0.79
18000,0.9458212852478027,0.953380823135376,0.79
18100,0.9458212852478027,0.953380823135376,0.79
18200,0.9458212852478027,0.953380823135376,0.79
18300,0.9458212852478027,0.953380823135376,0.79
18400,0.9458212852478027,0.953380823135376,0.79
18500,0.9458212852478027,0.953380823135376,0.79
18600,0.9458212852478027,0.953380823135376,0.79
18700,0.9458212852478027,0.953380823135376,0.79
18800,0.9458212852478027,0.953380823135376,0.79
18900,0.9458212852478027,0.953380823135376,0.79
19000,0.9458212852478027,0.953380823135376,0.79
19100,0.9458212852478027,0.953380823135376,0.79
19200,0.9458212852478027,0.953380823135376,0.79
19300,0.9458212852478027,0.953380823135376,0.79
19400,0.9458212852478027,0.953380823135376,0.79
19500,0.9458212852478027,0.953380823135376,0.79
19600,0.9458212852478027,0.953380823135376,0.79
19700,0.9458212852478027,0.953380823135376,0.79
19800,0.9458212852478027,0.953380823135376,0.79
19900,0.9458212852478027,0.953380823135376,0.79
20000,0.9458212852478027,0.953380823135376,0.79
20100,0.9458212852478027,0.953380823135376,0.79
20200,0.9458212852478027,0.953380823135376,0.79
20300,0.9458212852478027,0.953380823135376,0.79
20400,0.9458212852478027,0.953380823135376,0.79
20500,0.9458212852478027,0.953380823135376,0.79
20600,0.9458212852478027,0.953380823135376,0.79
20700,0.9458212852478027,0.953380823135376,0.79
20800,0.9458212852478027,0.953380823135376,0.79
20900,0.9458212852478027,0.953380823135376,0.79
21000,0.9458212852478027,0.953380823135376,0.79
21100,0.9458212852478027,0.953380823135376,0.79
21200,0.9458212852478027,0.953380823135376,0.79
21300,0.9458212852478027,0.953380823135376,0.79
21400,0.9458212852478027,0.953380823135376,0.79
21500,0.9458212852478027,0.953380823135376,0.79
21600,0.9458212852478027,0.953380823135376,0.79
21700,0.9458212852478027,0.953380823135376,0.79
21800,0.9458212852478027,0.953380823135376,0.79
21900,0.9458212852478027,0.953380823135376,0.79
22000,0.9458212852478027,0.953380823135376,0.79
22100,0.9458212852478027,0.953380823135376,0.79
22200,0.9458212852478027,0.953380823135376,0.79
22300,0.9458212852478027,0.953380823135376,0.79
22400,0.9458212852478027,0.953380823135376,0.79
22500,0.9458212852478027,0.953380823135376,0.79
22600,0.9458212852478027,0.953380823135376,0.79
22700,0.9458212852478027,0.953380823135376,0.79
22800,0.9458212852478027,0.953380823135376,0.79
22900,0.9458212852478027,0.953380823135376,0.79
23000,0.9458212852478027,0.953380823135376,0.79
23100,0.9458212852478027,0.953380823135376,0.79
23200,0.9458212852478027,0.953380823135376,0.79
23300,0.9458212852478027,0.953380823135376,0.79
23400,0.9458212852478027,0.953380823135376,0.79
23500,0.9458212852478027,0.953380823135376,0.79
23600,0.9458212852478027,0.953380823135376,0.79
23700,0.9458212852478027,0.953380823135376,0.79
23800,0.9458212852478027,0.953380823135376,0.79
23900,0.9458212852478027,0.953380823135376,0.79
24000,0.9458212852478027,0.953380823135376,0.79
24100,0.9458212852478027,0.953380823135376,0.79
24200,0.9458212852478027,0.953380823135376,0.79
24300,0.9458212852478027,0.953380823135376,0.79
24400,0.9458212852478027,0.953380823135376,0.79
24500,0.9458212852478027,0.953380823135376,0.79
24600,0.9458212852478027,0.953380823135376,0.79
24700,0.9458212852478027,0.953380823135376,0.79
24800,0.9458212852478027,0.953380823135376,0.79
24900,0.9458212852478027,0.953380823135376,0.79
25000,0.9458212852478027,0.953380823135376,0.79
25100,0.9458212852478027,0.953380823135376,0.79
25200,0.9458212852478027,0.953380823135376,0.79
25300,0.9458212852478027,0.953380823135376,0.79
25400,0.9458212852478027,0.953380823135376,0.79
25500,0.9458212852478027,0.953380823135376,0.79
25600,0.9458212852478027,0.953380823135376,0.79
25700,0.9458212852478027,0.953380823135376,0.79
25800,0.9458212852478027,0.953380823135376,0.79
25900,0.9458212852478027,0.953380823135376,0.79
26000,0.9458212852478027,0.953380823135376,0.79
26100,0.9458212852478027,0.953380823135376,0.79
26200,0.9458212852478027,0.953380823135376,0.79
26300,0.9458212852478027,0.953380823135376,0.79
26400,0.9458212852478027,0.953380823135376,0.79
26500,0.9458212852478027,0.953380823135376,0.79
26600,0.9458212852478027,0.953380823135376,0.79
26700,0.9458212852478027,0.953380823135376,0.79
26800,0.9458212852478027,0.953380823135376,0.79
26900,0.9458212852478027,0.953380823135376,0.79
27000,0.9458212852478027,0.953380823135376,0.79
27100,0.9458212852478027,0.953380823135376,0.79
27200,0.9458212852478027,0.953380823135376,0.79
27300,0.9458212852478027,0.953380823135376,0.79
27400,0.9458212852478027,0.953380823135376,0.79
27500,0.9458212852478027,0.953380823135376,0.79
27600,0.9458212852478027,0.953380823135376,0.79
27700,0.9458212852478027,0.953380823135376,0.79
27800,0.9458212852478027,0.953380823135376,0.79
27900,0.9458212852478027,0.953380823135376,0.79
28000,0.9458212852478027,0.953380823135376,0.79
28100,0.9458212852478027,0.953380823135376,0.79
28200,0.9458212852478027,0.953380823135376,0.79
28300,0.9458212852478027,0.953380823135376,0.79
28400,0.9458212852478027,0.953380823135376,0.79
28500,0.9458212852478027,0.953380823135376,0.79
28600,0.9458212852478027,0.953380823135376,0.79
28700,0.9458212852478027,0.953380823135376,0.79
28800,0.9458212852478027,0.953380823135376,0.79
28900,0.9458212852478027,0.953380823135376,0.79
29000,0.9458212852478027,0.953380823135376,0.79
29100,0.9458212852478027,0.953380823135376,0.79
29200,0.9458212852478027,0.953380823135376,0.79
29300,0.9458212852478027,0.953380823135376,0.79
29400,0.9458212852478027,0.953380823135376,0.79
29500,0.9458212852478027,0.953380823135376,0.79
29600,0.9458212852478027,0.953380823135376,0.79
29700,0.9458212852478027,0.953380823135376,0.79
29800,0.9458212852478027,0.953380823135376,0.79
29900,0.9458212852478027,0.953380823135376,0.79
30000,0.9458212852478027,-inf,0.78
30100,0.9458212852478027,-inf,0.78
30200,0.9458212852478027,-inf,0.78
30300,0.9458212852478027,-inf,0.78
30400,0.9458212852478027,-inf,0.78
30500,0.9458212852478027,-inf,0.78
30600,0.9458212852478027,-inf,0.78
30700,0.9458212852478027,-inf,0.78
30800,0.9458212852478027,-inf,0.78
30900,0.9458212852478027,-inf,0.78
31000,0.9458212852478027,-inf,0.78
31100,0.9458212852478027,-inf,0.78
31200,0.9458212852478027,-inf,0.78
31300,0.9458212852478027,-inf,0.78
31400,0.9458212852478027,-inf,0.78
31500,0.9458212852478027,-inf,0.78
31600,0.9458212852478027,-inf,0.78
31700,0.9458212852478027,-inf,0.78
31800,0.9458212852478027,-inf,0.78
31900,0.9458212852478027,-inf,0.78
32000,0.9458212852478027,-inf,0.78
32100,0.9458212852478027,-inf,0.78
32200,0.9458212852478027,-inf,0.78
32300,0.9458212852478027,-inf,0.78
32400,0.9458212852478027,-inf,0.78
32500,0.9458212852478027,-inf,0.78
32600,0.9458212852478027,-inf,0.78
32700,0.9458212852478027,-inf,0.78
32800,0.9458212852478027,-inf,0.78
32900,0.9458212852478027,-inf,0.78
33000,0.9458212852478027,-inf,0.78
33100,0.9458212852478027,-inf,0.78
33200,0.9458212852478027,-inf,0.78
33300,0.9458212852478027,-inf,0.78
33400,0.9458212852478027,-inf,0.78
33500,0.9458212852478027,-inf,0.78
33600,0.9458212852478027,-inf,0.78
33700,0.9458212852478027,-inf,0.78
33800,0.9458212852478027,-inf,0.78
33900,0.9755734205245972,0.9800065755844116,0.78
34000,0.9755734205245972,0.9800065755844116,0.78
34100,0.9755734205245972,0.9800065755844116,0.78
34200,0.9755734205245972,0.9800065755844116,0.78
34300,0.9755734205245972,0.9800065755844116,0.78
34400,0.9755734205245972,0.9800065755844116,0.78
34500,0.9755734205245972,0.9800065755844116,0.78
34600,0.9755734205245972,0.9800065755844116,0.78
34700,0.9755734205245972,0.9800065755844116,0.78
34800,0.9755734205245972,0.9800065755844116,0.78
34900,0.9755734205245972,0.9800065755844116,0.78
35000,0.9755734205245972,0.9800065755844116,0.78
35100,0.9755734205245972,0.9800065755844116,0.78
35200,0.9755734205245972,0.9800065755844116,0.78
35300,0.9755734205245972,0.9800065755844116,0.78
35400,0.9755734205245972,0.9800065755844116,0.78
35500,0.9755734205245972,0.9800065755844116,0.78
35600,0.9755734205245972,0.9800065755844116,0.78
35700,0.9755734205245972,0.9800065755844116,0.78
35800,0.9755734205245972,0.9800065755844116,0.78
35900,0.9755734205245972,0.9800065755844116,0.78
36000,0.9755734205245972,0.9800065755844116,0.78
36100,0.9755734205245972,0.9800065755844116,0.78
36200,0.9755734205245972,0.9800065755844116,0.78
36300,0.9755734205245972,0.9800065755844116,0.78
36400,0.9755734205245972,0.9800065755844116,0.78
36500,0.9755734205245972,0.9800065755844116,0.78
36600,0.9755734205245972,0.9800065755844116,0.78
36700,0.9755734205245972,0.9800065755844116,0.78
36800,0.9755734205245972,0.9800065755844116,0.78
36900,0.9755734205245972,0.9800065755844116,0.78
37000,0.9755734205245972,0.9800065755844116,0.78
37100,0.9755734205245972,0.9800065755844116,0.78
37200,0.9755734205245972,0.9800065755844116,0.78
37300,0.9755734205245972,0.9800065755844116,0.78
37400,0.9755734205245972,0.9800065755844116,0.78
37500,0.9755734205245972,0.9800065755844116,0.78
37600,0.9755734205245972,0.9800065755844116,0.78
37700,0.9755734205245972,0.9800065755844116,0.78
37800,0.9755734205245972,0.9800065755844116,0.78
37900,0.9755734205245972,0.9800065755844116,0.78
38000,0.9755734205245972,0.9800065755844116,0.78
38100,0.9755734205245972,0.9800065755844116,0.78
38200,0.9755734205245972,0.9800065755844116,0.78
38300,0.9755734205245972,0.9800065755844116,0.78
38400,0.9755734205245972,0.9800065755844116,0.78
38500,0.9755734205245972,0.9800065755844116,0.78
38600,0.9755734205245972,0.9800065755844116,0.78
38700,0.9755734205245972,0.9800065755844116,0.78
38800,0.9755734205245972,0.9800065755844116,0.78
38900,0.9755734205245972,0.9800065755844116,0.78
39000,0.9755734205245972,0.9800065755844116,0.78
39100,0.9755734205245972,0.9800065755844116,0.78
39200,0.9755734205245972,0.9800065755844116,0.78
39300,0.9755734205245972,0.9800065755844116,0.78
39400,0.9755734205245972,0.9800065755844116,0.78
39500,0.9755734205245972,0.9800065755844116,0.78
39600,0.9755734205245972,0.9800065755844116,0.78
39700,0.9755734205245972,0.9800065755844116,0.78
39800,0.9755734205245972,0.9800065755844116,0.78
39900,0.9755734205245972,0.9800065755844116,0.78
40000,0.9755734205245972,0.9800065755844116,0.78
40100,0.9755734205245972,0.9800065755844116,0.78
40200,0.9755734205245972,0.9800065755844116,0.78
40300,0.9755734205245972,0.9800065755844116,0.78
40400,0.9755734205245972,0.9800065755844116,0.78
40500,0.9755734205245972,0.9800065755844116,0.78
40600,0.9755734205245972,0.9800065755844116,0.78
40700,0.9755734205245972,0.9800065755844116,0.78
40800,0.9755734205245972,0.9800065755844116,0.78
40900,0.9755734205245972,0.9800065755844116,0.78
41000,0.9755734205245972,0.9800065755844116,0.78
41100,0.9755734205245972,0.9800065755844116,0.78
41200,0.9755734205245972,0.9800065755844116,0.78
41300,0.9755734205245972,0.9800065755844116,0.78
41400,0.9755734205245972,0.9800065755844116,0.78
41500,0.9755734205245972,0.9800065755844116,0.78
41600,0.9755734205245972,0.9800065755844116,0.78
41700,0.9755734205245972,0.9800065755844116,0.78
41800,0.9755734205245972,0.9800065755844116,0.78
41900,0.9755734205245972,0.9800065755844116,0.78
42000,0.9755734205245972,0.9800065755844116,0.78
42100,0.9755734205245972,0.9800065755844116,0.78
42200,0.9755734205245972,0.9800065755844116,0.78
42300,0.9755734205245972,0.9800065755844116,0.78
42400,0.9755734205245972,0.9800065755844116,0.78
42500,0.9755734205245972,0.9800065755844116,0.78
42600,0.9755734205245972,0.9800065755844116,0.78
42700,0.9755734205245972,0.9800065755844116,0.78
42800,0.9755734205245972,0.9800065755844116,0.78
42900,0.9755734205245972,0.9800065755844116,0.78
43000,0.9755734205245972,0.9800065755844116,0.78
43100,0.9755734205245972,0.9800065755844116,0.78
43200,0.9755734205245972,0.9800065755844116,0.78
43300,0.9755734205245972,0.9800065755844116,0.78
43400,0.9755734205245972,0.9800065755844116,0.78
43500,0.9755734205245972,0.9800065755844116,0.78
43600,0.9755734205245972,0.9800065755844116,0.78
43700,0.9755734205245972,0.9800065755844116,0.78
43800,0.9755734205245972,0.9800065755844116,0.78
43900,0.9755734205245972,0.9800065755844116,0.78
44000,0.9755734205245972,0.9800065755844116,0.78
44100,0.9755734205245972,0.9800065755844116,0.78
44200,0.9755734205245972,0.9800065755844116,0.78
44300,0.9755734205245972,0.9800065755844116,0.78
44400,0.9755734205245972,0.9800065755844116,0.78
44500,0.9755734205245972,0.9800065755844116,0.78
44600,0.9755734205245972,0.9800065755844116,0.78
44700,0.9755734205245972,0.9800065755844116,0.78
44800,0.9755734205245972,0.9800065755844116,0.78
44900,0.9755734205245972,0.9800065755844116,0.78
45000,0.9755734205245972,0.9800065755844116,0.78
45100,0.9755734205245972,0.9800065755844116,0.78
45200,0.9755734205245972,0.9800065755844116,0.78
45300,0.9755734205245972,0.9800065755844116,0.78
45400,0.9755734205245972,0.9800065755844116,0.78
45500,0.9755734205245972,0.9800065755844116,0.78
45600,0.9755734205245972,0.9800065755844116,0.78
45700,0.9755734205245972,0.9800065755844116,0.78
45800,0.9755734205245972,0.9800065755844116,0.78
45900,0.9755734205245972,0.9800065755844116,0.78
46000,0.9755734205245972,0.9800065755844116,0.78
46100,0.9755734205245972,0.9800065755844116,0.78
46200,0.9755734205245972,0.9800065755844116,0.78
46300,0.9755734205245972,0.9800065755844116,0.78
46400,0.9755734205245972,0.9800065755844116,0.78
46500,0.9755734205245972,0.9800065755844116,0.78
46600,0.9755734205245972,0.9800065755844116,0.78
46700,0.9755734205245972,0.9800065755844116,0.78
46800,0.9755734205245972,0.9800065755844116,0.78
46900,0.9755734205245972,0.9800065755844116,0.78
47000,0.9755734205245972,0.9800065755844116,0.78
47100,0.9755734205245972,0.9800065755844116,0.78
47200,0.9755734205245972,0.9800065755844116,0.78
47300,0.9755734205245972,0.9800065755844116,0.78
47400,0.9755734205245972,0.9800065755844116,0.78
47500,0.9755734205245972,0.9800065755844116,0.78
47600,0.9755734205245972,0.9800065755844116,0.78
47700,0.9755734205245972,0.9800065755844116,0.78
47800,0.9755734205245972,0.9800065755844116,0.78
47900,0.9755734205245972,0.9800065755844116,0.78
48000,0.9755734205245972,0.9800065755844116,0.78
48100,0.9755734205245972,0.9800065755844116,0.78
48200,0.9755734205245972,0.9800065755844116,0.78
48300,0.9755734205245972,0.9800065755844116,0.78
48400,0.9755734205245972,0.9800065755844116,0.78
48500,0.9755734205245972,0.9800065755844116,0.78
48600,0.9755734205245972,0.9800065755844116,0.78
48700,0.9755734205245972,0.9800065755844116,0.78
48800,0.9755734205245972,0.9800065755844116,0.78
48900,0.9755734205245972,0.9800065755844116,0.78
49000,0.9755734205245972,0.9800065755844116,0.78
49100,0.9755734205245972,0.9800065755844116,0.78
49200,0.9755734205245972,0.9800065755844116,0.78
49300,0.9755734205245972,0.9800065755844116,0.78
49400,0.9755734205245972,0.9800065755844116,0.78
49500,0.9755734205245972,0.9800065755844116,0.78
49600,0.9755734205245972,0.9800065755844116,0.78
49700,0.9755734205245972,0.9800065755844116,0.78
49800,0.9755734205245972,0.9800065755844116,0.78
49900,0.9755734205245972,0.9800065755844116,0.78
50000,0.9755734205245972,0.9800065755844116,0.78
50100,0.9755734205245972,0.9800065755844116,0.78
50200,0.9755734205245972,0.9800065755844116,0.78
50300,0.9755734205245972,0.9800065755844116,0.78
50400,0.9755734205245972,0.9800065755844116,0.78
50500,0.9755734205245972,0.9800065755844116,0.78
50600,0.9755734205245972,0.9800065755844116,0.78
50700,0.9755734205245972,0.9800065755844116,0.78
50800,0.9755734205245972,0.9800065755844116,0.78
50900,0.9755734205245972,0.9800065755844116,0.78
51000,0.9755734205245972,0.9800065755844116,0.78
51100,0.9755734205245972,0.9800065755844116,0.78
51200,0.9755734205245972,0.9800065755844116,0.78
51300,0.9755734205245972,0.9800065755844116,0.78
51400,0.9755734205245972,0.9800065755844116,0.78
51500,0.9755734205245972,0.9800065755844116,0.78
51600,0.9755734205245972,0.9800065755844116,0.78
51700,0.9755734205245972,0.9800065755844116,0.78
51800,0.9755734205245972,0.9800065755844116,0.78
51900,0.9755734205245972,0.9800065755844116,0.78
52000,0.9755734205245972,0.9800065755844116,0.78
52100,0.9755734205245972,0.9800065755844116,0.78
52200,0.9755734205245972,0.9800065755844116,0.78
52300,0.9755734205245972,0.9800065755844116,0.78
52400,0.9755734205245972,0.9800065755844116,0.78
52500,0.9755734205245972,0.9800065755844116,0.78
52600,0.9755734205245972,0.9800065755844116,0.78
52700,0.9755734205245972,0.9800065755844116,0.78
52800,0.9755734205245972,0.9800065755844116,0.78
52900,0.9755734205245972,0.9800065755844116,0.78
53000,0.9755734205245972,0.9800065755844116,0.78
53100,0.9755734205245972,0.9800065755844116,0.78
53200,0.9755734205245972,0.9800065755844116,0.78
53300,0.9755734205245972,0.9800065755844116,0.78
53400,0.9755734205245972,0.9800065755844116,0.78
53500,0.9755734205245972,0.9800065755844116,0.78
53600,0.9755734205245972,0.9800065755844116,0.78
53700,0.9755734205245972,0.9800065755844116,0.78
53800,0.9755734205245972,0.9800065755844116,0.78
53900,0.9755734205245972,0.9800065755844116,0.78
54000,0.9755734205245972,0.9800065755844116,0.78
54100,0.9755734205245972,0.9800065755844116,0.78
54200,0.9755734205245972,0.9800065755844116,0.78
54300,0.9755734205245972,0.9800065755844116,0.78
54400,0.9755734205245972,0.9800065755844116,0.78
54500,0.9755734205245972,0.9800065755844116,0.78
54600,0.9755734205245972,0.9800065755844116,0.78
54700,0.9755734205245972,0.9800065755844116,0.78
54800,0.9755734205245972,0.9800065755844116,0.78
54900,0.9755734205245972,0.9800065755844116,0.78
55000,0.9755734205245972,0.9800065755844116,0.78
55100,0.9755734205245972,0.9800065755844116,0.78
55200,0.9755734205245972,0.9800065755844116,0.78
55300,0.9755734205245972,0.9800065755844116,0.78
55400,0.9755734205245972,0.9800065755844116,0.78
55500,0.9755734205245972,0.9800065755844116,0.78
55600,0.9755734205245972,0.9800065755844116,0.78
55700,0.9755734205245972,0.9800065755844116,0.78
55800,0.9755734205245972,0.9800065755844116,0.78
55900,0.9755734205245972,0.9800065755844116,0.78
56000,0.9755734205245972,0.9800065755844116,0.78
56100,0.9755734205245972,0.9800065755844116,0.78
56200,0.9755734205245972,0.9800065755844116,0.78
56300,0.9755734205245972,0.9800065755844116,0.78
56400,0.9755734205245972,0.9800065755844116,0.78
56500,0.9755734205245972,0.9800065755844116,0.78
56600,0.9755734205245972,0.9800065755844116,0.78
56700,0.9755734205245972,0.9800065755844116,0.78
56800,0.9755734205245972,0.9800065755844116,0.78
56900,0.9755734205245972,0.9800065755844116,0.78
57000,0.9755734205245972,0.9800065755844116,0.78
57100,0.9755734205245972,0.9800065755844116,0.78
57200,0.9755734205245972,0.9800065755844116,0.78
57300,0.9755734205245972,0.9800065755844116,0.78
57400,0.9755734205245972,0.9800065755844116,0.78
57500,0.9755734205245972,0.9800065755844116,0.78
57600,0.9755734205245972,0.9800065755844116,0.78
57700,0.9755734205245972,0.9800065755844116,0.78
57800,0.9755734205245972,0.9800065755844116,0.78
57900,0.9755734205245972,0.9800065755844116,0.78
58000,0.9755734205245972,0.9800065755844116,0.78
58100,0.9755734205245972,0.9800065755844116,0.78
58200,0.9755734205245972,0.9800065755844116,0.78
58300,0.9755734205245972,0.9800065755844116,0.78
58400,0.9755734205245972,0.9800065755844116,0.78
58500,0.9755734205245972,0.9800065755844116,0.78
58600,0.9755734205245972,0.9800065755844116,0.78
58700,0.9755734205245972,0.9800065755844116,0.78
58800,0.9755734205245972,0.9800065755844116,0.78
58900,0.9755734205245972,0.9800065755844116,0.78
59000,0.9755734205245972,0.9800065755844116,0.78
59100,0.9755734205245972,0.9800065755844116,0.78
59200,0.9755734205245972,0.9800065755844116,0.78
59300,0.9755734205245972,0.9800065755844116,0.78
59400,0.9755734205245972,0.9800065755844116,0.78
59500,0.9755734205245972,0.9800065755844116,0.78
59600,0.9755734205245972,0.9800065755844116,0.78
59700,0.9755734205245972,0.9800065755844116,0.78
59800,0.9755734205245972,0.9800065755844116,0.78
59900,0.9755734205245972,0.9800065755844116,0.78
60000,0.9755734205245972,-2.866334915161133,0.79
60100,0.9755734205245972,-2.866334915161133,0.79
60200,0.9755734205245972,-2.866334915161133,0.79
60300,0.9755734205245972,-2.866334915161133,0.79
60400,0.9755734205245972,-2.866334915161133,0.79
60500,0.9755734205245972,-2.866334915161133,0.79
60600,0.9755734205245972,-2.866334915161133,0.79
60700,0.9755734205245972,-2.866334915161133,0.79
60800,0.9755734205245972,-2.866334915161133,0.79
60900,0.9755734205245972,-2.866334915161133,0.79
61000,0.9755734205245972,-2.866334915161133,0.79
61100,0.9755734205245972,-2.866334915161133,0.79
61200,0.9755734205245972,-2.866334915161133,0.79
61300,0.9755734205245972,-2.866334915161133,0.79
61400,0.9755734205245972,-2.866334915161133,0.79
61500,0.9755734205245972,-2.866334915161133,0.79
61600,0.9755734205245972,-2.866334915161133,0.79
61700,0.9755734205245972,-2.866334915161133,0.79
61800,0.9755734205245972,-2.866334915161133,0.79
61900,0.9755734205245972,-2.866334915161133,0.79
62000,0.9755734205245972,-2.866334915161133,0.79
62100,0.9755734205245972,-2.866334915161133,0.79
62200,0.9755734205245972,-2.866334915161133,0.79
62300,0.9755734205245972,-2.866334915161133,0.79
62400,0.9755734205245972,-2.866334915161133,0.79
62500,0.9755734205245972,-2.866334915161133,0.79
62600,0.9755734205245972,-2.866334915161133,0.79
62700,0.9755734205245972,-2.866334915161133,0.79
62800,0.9755734205245972,-2.866334915161133,0.79
62900,0.9755734205245972,-2.866334915161133,0.79
63000,0.9755734205245972,-2.866334915161133,0.79
63100,0.9755734205245972,-2.866334915161133,0.79
63200,0.9755734205245972,-2.866334915161133,0.79
63300,0.9755734205245972,-2.866334915161133,0.79
63400,0.9755734205245972,-2.866334915161133,0.79
63500,0.9755734205245972,-2.866334915161133,0.79
63600,0.9755734205245972,-2.866334915161133,0.79
63700,0.9755734205245972,-2.866334915161133,0.79
63800,0.9755734205245972,-2.866334915161133,0.79
63900,0.9755734205245972,-2.866334915161133,0.79
64000,0.9755734205245972,-2.866334915161133,0.79
64100,0.9755734205245972,-2.866334915161133,0.79
64200,0.9755734205245972,-2.866334915161133,0.79
64300,0.9755734205245972,-2.866334915161133,0.79
64400,0.9755734205245972,-2.866334915161133,0.79
64500,0.9755734205245972,-2.866334915161133,0.79
64600,0.9755734205245972,-2.866334915161133,0.79
64700,0.9755734205245972,-2.866334915161133,0.79
64800,0.9755734205245972,-2.866334915161133,0.79
64900,0.9755734205245972,-2.866334915161133,0.79
65000,0.9755734205245972,-2.866334915161133,0.79
65100,0.9755734205245972,-2.866334915161133,0.79
65200,0.9755734205245972,-2.866334915161133,0.79
65300,0.9755734205245972,-2.866334915161133,0.79
65400,0.9755734205245972,-2.866334915161133,0.79
65500,0.9755734205245972,-2.866334915161133,0.79
65600,0.9755734205245972,-2.866334915161133,0.79
65700,0.9755734205245972,-2.866334915161133,0.79
65800,0.9755734205245972,-2.866334915161133,0.79
65900,0.9755734205245972,-2.866334915161133,0.79
66000,0.9755734205245972,-2.866334915161133,0.79
66100,0.9755734205245972,-2.866334915161133,0.79
66200,0.9755734205245972,-2.866334915161133,0.79
66300,0.9755734205245972,-2.866334915161133,0.79
66400,0.9755734205245972,-2.866334915161133,0.79
66500,0.9755734205245972,-2.866334915161133,0.79
66600,0.9755734205245972,-2.866334915161133,0.79
66700,0.9755734205245972,-2.866334915161133,0.79
66800,0.9755734205245972,-2.866334915161133,0.79
66900,0.9755734205245972,-2.866334915161133,0.79
67000,0.9755734205245972,-2.866334915161133,0.79
67100,0.9755734205245972,-2.866334915161133,0.79
67200,0.9755734205245972,-2.866334915161133,0.79
67300,0.9755734205245972,-2.866334915161133,0.79
67400,0.9755734205245972,-2.866334915161133,0.79
67500,0.9755734205245972,-2.866334915161133,0.79
67600,0.9755734205245972,-2.866334915161133,0.79
67700,0.9755734205245972,-2.866334915161133,0.79
67800,0.9755734205245972,-2.866334915161133,0.79
67900,0.9755734205245972,-2.866334915161133,0.79
68000,0.9755734205245972,-2.866334915161133,0.79
68100,0.9755734205245972,-2.866334915161133,0.79
68200,0.9755734205245972,-2.866334915161133,0.79
68300,0.9755734205245972,-2.866334915161133,0.79
68400,0.9755734205245972,-2.866334915161133,0.79
68500,0.9755734205245972,-2.866334915161133,0.79
68600,0.9755734205245972,-2.866334915161133,0.79
68700,0.9755734205245972,-2.866334915161133,0.79
68800,0.9755734205245972,-2.866334915161133,0.79
68900,0.9755734205245972,-2.866334915161133,0.79
69000,0.9755734205245972,-2.866334915161133,0.79
69100,0.9755734205245972,-2.866334915161133,0.79
69200,0.9755734205245972,-2.866334915161133,0.79
69300,0.9755734205245972,-2.866334915161133,0.79
69400,0.9755734205245972,-2.866334915161133,0.79
69500,0.9755734205245972,-2.866334915161133,0.79
69600,0.9755734205245972,-2.866334915161133,0.79
69700,0.9755734205245972,-2.866334915161133,0.79
69800,0.9755734205245972,-2.866334915161133,0.79
69900,0.9755734205245972,-2.866334915161133,0.79
70000,0.9755734205245972,-2.866334915161133,0.79
70100,0.9755734205245972,-2.866334915161133,0.79
70200,0.9755734205245972,-2.866334915161133,0.79
70300,0.9755734205245972,-2.866334915161133,0.79
70400,0.9755734205245972,-2.866334915161133,0.79
70500,0.9755734205245972,-2.866334915161133,0.79
70600,0.9755734205245972,-2.866334915161133,0.79
70700,0.9755734205245972,-2.866334915161133,0.79
70800,0.9755734205245972,-2.866334915161133,0.79
70900,0.9755734205245972,-2.866334915161133,0.79
71000,0.9755734205245972,-2.866334915161133,0.79
71100,0.9755734205245972,-2.866334915161133,0.79
71200,0.9755734205245972,-2.866334915161133,0.79
71300,0.9755734205245972,-2.866334915161133,0.79
71400,0.9755734205245972,-2.866334915161133,0.79
71500,0.9755734205245972,-2.866334915161133,0.79
71600,0.9755734205245972,-2.866334915161133,0.79
71700,0.9755734205245972,-2.866334915161133,0.79
71800,0.9755734205245972,-2.866334915161133,0.79
71900,0.9755734205245972,-2.866334915161133,0.79
72000,0.9755734205245972,-2.866334915161133,0.79
72100,0.9755734205245972,-2.866334915161133,0.79
72200,0.9755734205245972,-2.866334915161133,0.79
72300,0.9755734205245972,-2.866334915161133,0.79
72400,0.9755734205245972,-2.866334915161133,0.79
72500,0.9755734205245972,-2.866334915161133,0.79
72600,0.9755734205245972,-2.866334915161133,0.79
72700,0.9755734205245972,-2.866334915161133,0.79
72800,0.9755734205245972,-2.866334915161133,0.79
72900,0.9755734205245972,-2.866334915161133,0.79
73000,0.9755734205245972,-2.866334915161133,0.79
73100,0.9755734205245972,-2.866334915161133,0.79
73200,0.9755734205245972,-2.866334915161133,0.79
73300,0.9755734205245972,-2.866334915161133,0.79
73400,0.9755734205245972,-2.866334915161133,0.79
73500,0.9755734205245972,-2.866334915161133,0.79
73600,0.9755734205245972,-2.866334915161133,0.79
73700,0.9755734205245972,-2.866334915161133,0.79
73800,0.9755734205245972,-2.866334915161133,0.79
73900,0.9755734205245972,-2.866334915161133,0.79
74000,0.9755734205245972,-2.866334915161133,0.79
74100,0.9755734205245972,-2.866334915161133,0.79
74200,0.9755734205245972,-2.866334915161133,0.79
74300,0.9755734205245972,-2.866334915161133,0.79
74400,0.9755734205245972,-2.866334915161133,0.79
74500,0.9755734205245972,-2.866334915161133,0.79
74600,0.9755734205245972,-2.866334915161133,0.79
74700,0.9755734205245972,-2.866334915161133,0.79
74800,0.9755734205245972,-2.866334915161133,0.79
74900,0.9755734205245972,-2.866334915161133,0.79
75000,0.9755734205245972,-2.866334915161133,0.79
75100,0.9755734205245972,-2.866334915161133,0.79
75200,0.9755734205245972,-2.866334915161133,0.79
75300,0.9755734205245972,-2.866334915161133,0.79
75400,0.9755734205245972,-2.866334915161133,0.79
75500,0.9755734205245972,-2.866334915161133,0.79
75600,0.9755734205245972,-2.866334915161133,0.79
75700,0.9755734205245972,-2.866334915161133,0.79
75800,0.9755734205245972,-2.866334915161133,0.79
75900,0.9755734205245972,-2.866334915161133,0.79
76000,0.9755734205245972,-2.866334915161133,0.79
76100,0.9755734205245972,-2.866334915161133,0.79
76200,0.9755734205245972,-2.866334915161133,0.79
76300,0.9755734205245972,-2.866334915161133,0.79
76400,0.9755734205245972,-2.866334915161133,0.79
76500,0.9755734205245972,-2.866334915161133,0.79
76600,0.9755734205245972,-2.866334915161133,0.79
76700,0.9755734205245972,-2.866334915161133,0.79
76800,0.9755734205245972,-2.866334915161133,0.79
76900,0.9755734205245972,-2.866334915161133,0.79
77000,0.9755734205245972,-2.866334915161133,0.79
77100,0.9755734205245972,-2.866334915161133,0.79
77200,0.9755734205245972,-2.866334915161133,0.79
77300,0.9755734205245972,-2.866334915161133,0.79
77400,0.9755734205245972,-2.866334915161133,0.79
77500,0.9755734205245972,-2.866334915161133,0.79
77600,0.9755734205245972,-2.866334915161133,0.79
77700,0.9755734205245972,-2.866334915161133,0.79
77800,0.9755734205245972,-2.866334915161133,0.79
77900,0.9755734205245972,-2.866334915161133,0.79
78000,0.9755734205245972,-2.866334915161133,0.79
78100,0.9755734205245972,-2.866334915161133,0.79
78200,0.9755734205245972,-2.866334915161133,0.79
78300,0.9755734205245972,-2.866334915161133,0.79
78400,0.9755734205245972,-2.866334915161133,0.79
78500,0.9755734205245972,-2.866334915161133,0.79
78600,0.9755734205245972,-2.866334915161133,0.79
78700,0.9755734205245972,-2.866334915161133,0.79
78800,0.9755734205245972,-2.866334915161133,0.79
78900,0.9755734205245972,-2.866334915161133,0.79
79000,0.9755734205245972,-2.866334915161133,0.79
79100,0.9755734205245972,-2.866334915161133,0.79
79200,0.9755734205245972,-2.866334915161133,0.79
79300,0.9755734205245972,-2.866334915161133,0.79
79400,0.9755734205245972,-2.866334915161133,0.79
79500,0.9755734205245972,-2.866334915161133,0.79
79600,0.9755734205245972,-2.866334915161133,0.79
79700,0.9755734205245972,-2.866334915161133,0.79
79800,0.9755734205245972,-2.866334915161133,0.79
79900,0.9755734205245972,-2.866334915161133,0.79
80000,0.9755734205245972,-2.866334915161133,0.79
80100,0.9755734205245972,-2.866334915161133,0.79
80200,0.9755734205245972,-2.866334915161133,0.79
80300,0.9755734205245972,-2.866334915161133,0.79
80400,0.9755734205245972,-2.866334915161133,0.79
80500,0.9755734205245972,-2.866334915161133,0.79
80600,0.9755734205245972,-2.866334915161133,0.79
80700,0.9755734205245972,-2.866334915161133,0.79
80800,0.9755734205245972,-2.866334915161133,0.79
80900,0.9755734205245972,-2.866334915161133,0.79
81000,0.9755734205245972,-2.866334915161133,0.79
81100,0.9755734205245972,-2.866334915161133,0.79
81200,0.9755734205245972,-2.866334915161133,0.79
81300,0.9755734205245972,-2.866334915161133,0.79
81400,0.9755734205245972,-2.866334915161133,0.79
81500,0.9755734205245972,-2.866334915161133,0.79
81600,0.9755734205245972,-2.866334915161133,0.79
81700,0.9755734205245972,-2.866334915161133,0.79
81800,0.9755734205245972,-2.866334915161133,0.79
81900,0.9755734205245972,-2.866334915161133,0.79
82000,0.9755734205245972,-2.866334915161133,0.79
82100,0.9755734205245972,-2.866334915161133,0.79
82200,0.9755734205245972,-2.866334915161133,0.79
82300,0.9755734205245972,-2.866334915161133,0.79
82400,0.9755734205245972,-2.866334915161133,0.79
82500,0.9755734205245972,-2.866334915161133,0.79
82600,0.9755734205245972,-2.866334915161133,0.79
82700,0.9755734205245972,-2.866334915161133,0.79
82800,0.9755734205245972,-2.866334915161133,0.79
82900,0.9755734205245972,-2.866334915161133,0.79
83000,0.9755734205245972,-2.866334915161133,0.79
83100,0.9755734205245972,-2.866334915161133,0.79
83200,0.9755734205245972,-2.866334915161133,0.79
83300,0.9755734205245972,-2.866334915161133,0.79
83400,0.9755734205245972,-2.866334915161133,0.79
83500,0.9755734205245972,-2.866334915161133,0.79
83600,0.9755734205245972,-2.866334915161133,0.79
83700,0.9755734205245972,-2.866334915161133,0.79
83800,0.9755734205245972,-2.866334915161133,0.79
83900,0.9755734205245972,-2.866334915161133,0.79
84000,0.9755734205245972,-2.866334915161133,0.79
84100,0.9755734205245972,-2.866334915161133,0.79
84200,0.9755734205245972,-2.866334915161133,0.79
84300,0.9755734205245972,-2.866334915161133,0.79
84400,0.9755734205245972,-2.866334915161133,0.79
84500,0.9755734205245972,-2.866334915161133,0.79
84600,0.9755734205245972,-2.866334915161133,0.79
84700,0.9755734205245972,-2.866334915161133,0.79
84800,0.9755734205245972,-2.866334915161133,0.79
84900,0.9755734205245972,-2.866334915161133,0.79
85000,0.9755734205245972,-2.866334915161133,0.79
85100,0.9755734205245972,-2.866334915161133,0.79
85200,0.9755734205245972,-2.866334915161133,0.79
85300,0.9755734205245972,-2.866334915161133,0.79
85400,0.9755734205245972,-2.866334915161133,0.79
85500,0.9755734205245972,-2.866334915161133,0.79
85600,0.9755734205245972,-2.866334915161133,0.79
85700,0.9755734205245972,-2.866334915161133,0.79
85800,0.9755734205245972,-2.866334915161133,0.79
85900,0.9755734205245972,-2.866334915161133,0.79
86000,0.9755734205245972,-2.866334915161133,0.79
86100,0.9755734205245972,-2.866334915161133,0.79
86200,0.9755734205245972,-2.866334915161133,0.79
86300,0.9755734205245972,-2.866334915161133,0.79
86400,0.9755734205245972,-2.866334915161133,0.79
86500,0.9755734205245972,-2.866334915161133,0.79
86600,0.9755734205245972,-2.866334915161133,0.79
86700,0.9755734205245972,-2.866334915161133,0.79
86800,0.9755734205245972,-2.866334915161133,0.79
86900,0.9755734205245972,-2.866334915161133,0.79
87000,0.9755734205245972,-2.866334915161133,0.79
87100,0.9755734205245972,-2.866334915161133,0.79
87200,0.9755734205245972,-2.866334915161133,0.79
87300,0.9755734205245972,-2.866334915161133,0.79
87400,0.9755734205245972,-2.866334915161133,0.79
87500,0.9755734205245972,-2.866334915161133,0.79
87600,0.9755734205245972,-2.866334915161133,0.79
87700,0.9755734205245972,-2.866334915161133,0.79
87800,0.9755734205245972,-2.866334915161133,0.79
87900,0.9755734205245972,-2.866334915161133,0.79
88000,0.9755734205245972,-2.866334915161133,0.79
88100,0.9755734205245972,-2.866334915161133,0.79
88200,0.9755734205245972,-2.866334915161133,0.79
88300,0.9755734205245972,-2.866334915161133,0.79
88400,0.9755734205245972,-2.866334915161133,0.79
88500,0.9755734205245972,-2.866334915161133,0.79
88600,0.9755734205245972,-2.866334915161133,0.79
88700,0.9755734205245972,-2.866334915161133,0.79
88800,0.9755734205245972,-2.866334915161133,0.79
88900,0.9755734205245972,-2.866334915161133,0.79
89000,0.9755734205245972,-2.866334915161133,0.79
89100,0.9755734205245972,-2.866334915161133,0.79
89200,0.9755734205245972,-2.866334915161133,0.79
89300,0.9755734205245972,-2.866334915161133,0.79
89400,0.9755734205245972,-2.866334915161133,0.79
89500,0.9755734205245972,-2.866334915161133,0.79
89600,0.9755734205245972,-2.866334915161133,0.79
89700,0.9755734205245972,-2.866334915161133,0.79
89800,0.9755734205245972,-2.866334915161133,0.79
89900,0.9755734205245972,-2.866334915161133,0.79
90000,0.9755734205245972,-2.866334915161133,0.79
90100,0.9755734205245972,-2.866334915161133,0.79
90200,0.9755734205245972,-2.866334915161133,0.79
90300,0.9755734205245972,-2.866334915161133,0.79
90400,0.9755734205245972,-2.866334915161133,0.79
90500,0.9755734205245972,-2.866334915161133,0.79
90600,0.9755734205245972,-2.866334915161133,0.79
90700,0.9755734205245972,-2.866334915161133,0.79
90800,0.9755734205245972,-2.866334915161133,0.79
90900,0.9755734205245972,-2.866334915161133,0.79
91000,0.9755734205245972,-2.866334915161133,0.79
91100,0.9755734205245972,-2.866334915161133,0.79
91200,0.9755734205245972,-2.866334915161133,0.79
91300,0.9755734205245972,-2.866334915161133,0.79
91400,0.9755734205245972,-2.866334915161133,0.79
91500,0.9755734205245972,-2.866334915161133,0.79
91600,0.9755734205245972,-2.866334915161133,0.79
91700,0.9755734205245972,-2.866334915161133,0.79
91800,0.9755734205245972,-2.866334915161133,0.79
91900,0.9755734205245972,-2.866334915161133,0.79
92000,0.9755734205245972,-2.866334915161133,0.79
92100,0.9755734205245972,-2.866334915161133,0.79
92200,0.9755734205245972,-2.866334915161133,0.79
92300,0.9755734205245972,-2.866334915161133,0.79
92400,0.9755734205245972,-2.866334915161133,0.79
92500,0.9755734205245972,-2.866334915161133,0.79
92600,0.9755734205245972,-2.866334915161133,0.79
92700,0.9755734205245972,-2.866334915161133,0.79
92800,0.9755734205245972,-2.866334915161133,0.79
92900,0.9755734205245972,-2.866334915161133,0.79
93000,0.9755734205245972,-2.866334915161133,0.79
93100,0.9755734205245972,-2.866334915161133,0.79
93200,0.9755734205245972,-2.866334915161133,0.79
93300,0.9755734205245972,-2.866334915161133,0.79
93400,0.9755734205245972,-2.866334915161133,0.79
93500,0.9755734205245972,-2.866334915161133,0.79
93600,0.9755734205245972,-2.866334915161133,0.79
93700,0.9755734205245972,-2.866334915161133,0.79
93800,0.9755734205245972,-2.866334915161133,0.79
93900,0.9755734205245972,-2.866334915161133,0.79
94000,0.9755734205245972,-2.866334915161133,0.79
94100,0.9755734205245972,-2.866334915161133,0.79
94200,0.9755734205245972,-2.866334915161133,0.79
94300,0.9755734205245972,-2.866334915161133,0.79
94400,0.9755734205245972,-2.866334915161133,0.79
94500,0.9755734205245972,-2.866334915161133,0.79
94600,0.9755734205245972,-2.866334915161133,0.79
94700,0.9755734205245972,-2.866334915161133,0.79
94800,0.9755734205245972,-2.866334915161133,0.79
94900,0.9755734205245972,-2.866334915161133,0.79
95000,0.9755734205245972,-2.866334915161133,0.79
95100,0.9755734205245972,-2.866334915161133,0.79
95200,0.9755734205245972,-2.866334915161133,0.79
95300,0.9755734205245972,-2.866334915161133,0.79
95400,0.9755734205245972,-2.866334915161133,0.79
95500,0.9755734205245972,-2.866334915161133,0.79
95600,0.9755734205245972,-2.866334915161133,0.79
95700,0.9755734205245972,-2.866334915161133,0.79
95800,0.9755734205245972,-2.866334915161133,0.79
95900,0.9755734205245972,-2.866334915161133,0.79
96000,0.9755734205245972,-2.866334915161133,0.79
96100,0.9755734205245972,-2.866334915161133,0.79
96200,0.9755734205245972,-2.866334915161133,0.79
96300,0.9755734205245972,-2.866334915161133,0.79
96400,0.9755734205245972,-2.866334915161133,0.79
96500,0.9755734205245972,-2.866334915161133,0.79
96600,0.9755734205245972,-2.866334915161133,0.79
96700,0.9755734205245972,-2.866334915161133,0.79
96800,0.9755734205245972,-2.866334915161133,0.79
96900,0.9755734205245972,-2.866334915161133,0.79
97000,0.9755734205245972,-2.866334915161133,0.79
97100,0.9755734205245972,-2.866334915161133,0.79
97200,0.9755734205245972,-2.866334915161133,0.79
97300,0.9755734205245972,-2.866334915161133,0.79
97400,0.9755734205245972,-2.866334915161133,0.79
97500,0.9755734205245972,-2.866334915161133,0.79
97600,0.9755734205245972,-2.866334915161133,0.79
97700,0.9755734205245972,-2.866334915161133,0.79
97800,0.9755734205245972,-2.866334915161133,0.79
97900,0.9755734205245972,-2.866334915161133,0.79
98000,0.9755734205245972,-2.866334915161133,0.79
98100,0.9755734205245972,-2.866334915161133,0.79
98200,0.9755734205245972,-2.866334915161133,0.79
98300,0.9755734205245972,-2.866334915161133,0.79
98400,0.9755734205245972,-2.866334915161133,0.79
98500,0.9755734205245972,-2.866334915161133,0.79
98600,0.9755734205245972,-2.866334915161133,0.79
98700,0.9755734205245972,-2.866334915161133,0.79
98800,0.9755734205245972,-2.866334915161133,0.79
98900,0.9755734205245972,-2.866334915161133,0.79
99000,0.9755734205245972,-2.866334915161133,0.79
99100,0.9755734205245972,-2.866334915161133,0.79
99200,0.9755734205245972,-2.866334915161133,0.79
99300,0.9755734205245972,-2.866334915161133,0.79
99400,0.9755734205245972,-2.866334915161133,0.79
99500,0.9755734205245972,-2.866334915161133,0.79
99600,0.9755734205245972,-2.866334915161133,0.79
99700,0.9755734205245972,-2.866334915161133,0.79
99800,0.9755734205245972,-2.866334915161133,0.79
99900,0.9755734205245972,-2.866334915161133,0.79
100000,0.9755734205245972,-2.866334915161133,0.79
100100,0.9755734205245972,-2.866334915161133,0.79
100200,0.9755734205245972,-2.866334915161133,0.79
100300,0.9755734205245972,-2.866334915161133,0.79
100400,0.9755734205245972,-2.866334915161133,0.79
100500,0.9755734205245972,-2.866334915161133,0.79
100600,0.9755734205245972,-2.866334915161133,0.79
100700,0.9755734205245972,-2.866334915161133,0.79
100800,0.9755734205245972,-2.866334915161133,0.79
100900,0.9755734205245972,-2.866334915161133,0.79
101000,0.9755734205245972,-2.866334915161133,0.79
101100,0.9755734205245972,-2.866334915161133,0.79
101200,0.9755734205245972,-2.866334915161133,0.79
101300,0.9755734205245972,-2.866334915161133,0.79
101400,0.9755734205245972,-2.866334915161133,0.79
101500,0.9755734205245972,-2.866334915161133,0.79
101600,0.9755734205245972,-2.866334915161133,0.79
101700,0.9755734205245972,-2.866334915161133,0.79
101800,0.9755734205245972,-2.866334915161133,0.79
101900,0.9755734205245972,-2.866334915161133,0.79
102000,0.9755734205245972,-2.866334915161133,0.79
102100,0.9755734205245972,-2.866334915161133,0.79
102200,0.9755734205245972,-2.866334915161133,0.79
102300,0.9755734205245972,-2.866334915161133,0.79
102400,0.9755734205245972,-2.866334915161133,0.79
102500,0.9755734205245972,-2.866334915161133,0.79
102600,0.9755734205245972,-2.866334915161133,0.79
102700,0.9755734205245972,-2.866334915161133,0.79
102800,0.9755734205245972,-2.866334915161133,0.79
102900,0.9755734205245972,-2.866334915161133,0.79
103000,0.9755734205245972,-2.866334915161133,0.79
103100,0.9755734205245972,-2.866334915161133,0.79
103200,0.9755734205245972,-2.866334915161133,0.79
103300,0.9755734205245972,-2.866334915161133,0.79
103400,0.9755734205245972,-2.866334915161133,0.79
103500,0.9755734205245972,-2.866334915161133,0.79
103600,0.9755734205245972,-2.866334915161133,0.79
103700,0.9755734205245972,-2.866334915161133,0.79
103800,0.9755734205245972,-2.866334915161133,0.79
103900,0.9755734205245972,-2.866334915161133,0.79
104000,0.9755734205245972,-2.866334915161133,0.79
104100,0.9755734205245972,-2.866334915161133,0.79
104200,0.9755734205245972,-2.866334915161133,0.79
104300,0.9755734205245972,-2.866334915161133,0.79
104400,0.9755734205245972,-2.866334915161133,0.79
104500,0.9755734205245972,-2.866334915161133,0.79
104600,0.9755734205245972,-2.866334915161133,0.79
104700,0.9755734205245972,-2.866334915161133,0.79
104800,0.9755734205245972,-2.866334915161133,0.79
104900,0.9755734205245972,-2.866334915161133,0.79
105000,0.9755734205245972,-2.866334915161133,0.79
105100,0.9755734205245972,-2.866334915161133,0.79
105200,0.9755734205245972,-2.866334915161133,0.79
105300,0.9755734205245972,-2.866334915161133,0.79
105400,0.9755734205245972,-2.866334915161133,0.79
105500,0.9755734205245972,-2.866334915161133,0.79
105600,0.9755734205245972,-2.866334915161133,0.79
105700,0.9755734205245972,-2.866334915161133,0.79
105800,0.9755734205245972,-2.866334915161133,0.79
105900,0.9755734205245972,-2.866334915161133,0.79
106000,0.9755734205245972,-2.866334915161133,0.79
106100,0.9755734205245972,-2.866334915161133,0.79
106200,0.9755734205245972,-2.866334915161133,0.79
106300,0.9755734205245972,-2.866334915161133,0.79
106400,0.9755734205245972,-2.866334915161133,0.79
106500,0.9755734205245972,-2.866334915161133,0.79
106600,0.9755734205245972,-2.866334915161133,0.79
106700,0.9755734205245972,-2.866334915161133,0.79
106800,0.9755734205245972,-2.866334915161133,0.79
106900,0.9755734205245972,-2.866334915161133,0.79
107000,0.9755734205245972,-2.866334915161133,0.79
107100,0.9755734205245972,-2.866334915161133,0.79
107200,0.9755734205245972,-2.866334915161133,0.79
107300,0.9755734205245972,-2.866334915161133,0.79
107400,0.9755734205245972,-2.866334915161133,0.79
107500,0.9755734205245972,-2.866334915161133,0.79
107600,0.9755734205245972,-2.866334915161133,0.79
107700,0.9755734205245972,-2.866334915161133,0.79
107800,0.9755734205245972,-2.866334915161133,0.79
107900,0.9755734205245972,-2.866334915161133,0.79
108000,0.9755734205245972,-2.866334915161133,0.79
108100,0.9755734205245972,-2.866334915161133,0.79
108200,0.9755734205245972,-2.866334915161133,0.79
108300,0.9755734205245972,-2.866334915161133,0.79
108400,0.9755734205245972,-2.866334915161133,0.79
108500,0.9755734205245972,-2.866334915161133,0.79
108600,0.9755734205245972,-2.866334915161133,0.79
108700,0.9755734205245972,-2.866334915161133,0.79
108800,0.9755734205245972,-2.866334915161133,0.79
108900,0.9755734205245972,-2.866334915161133,0.79
109000,0.9755734205245972,-2.866334915161133,0.79
109100,0.9755734205245972,-2.866334915161133,0.79
109200,0.9755734205245972,-2.866334915161133,0.79
109300,0.9755734205245972,-2.866334915161133,0.79
109400,0.9755734205245972,-2.866334915161133,0.79
109500,0.9755734205245972,-2.866334915161133,0.79
109600,0.9755734205245972,-2.866334915161133,0.79
109700,0.9755734205245972,-2.866334915161133,0.79
109800,0.9755734205245972,-2.866334915161133,0.79
109900,0.9755734205245972,-2.866334915161133,0.79
110000,0.9755734205245972,-2.866334915161133,0.79
110100,0.9755734205245972,-2.866334915161133,0.79
110200,0.9755734205245972,-2.866334915161133,0.79
110300,0.9755734205245972,-2.866334915161133,0.79
110400,0.9755734205245972,-2.866334915161133,0.79
110500,0.9755734205245972,-2.866334915161133,0.79
110600,0.9755734205245972,-2.866334915161133,0.79
110700,0.9755734205245972,-2.866334915161133,0.79
110800,0.9755734205245972,-2.866334915161133,0.79
110900,0.9755734205245972,-2.866334915161133,0.79
111000,0.9755734205245972,-2.866334915161133,0.79
111100,0.9755734205245972,-2.866334915161133,0.79
111200,0.9755734205245972,-2.866334915161133,0.79
111300,0.9755734205245972,-2.866334915161133,0.79
111400,0.9755734205245972,-2.866334915161133,0.79
111500,0.9755734205245972,-2.866334915161133,0.79
111600,0.9755734205245972,-2.866334915161133,0.79
111700,0.9755734205245972,-2.866334915161133,0.79
111800,0.9755734205245972,-2.866334915161133,0.79
111900,0.9755734205245972,-2.866334915161133,0.79
112000,0.9755734205245972,-2.866334915161133,0.79
112100,0.9755734205245972,-2.866334915161133,0.79
112200,0.9755734205245972,-2.866334915161133,0.79
112300,0.9755734205245972,-2.866334915161133,0.79
112400,0.9755734205245972,-2.866334915161133,0.79
112500,0.9755734205245972,-2.866334915161133,0.79
112600,0.9755734205245972,-2.866334915161133,0.79
112700,0.9755734205245972,-2.866334915161133,0.79
112800,0.9755734205245972,-2.866334915161133,0.79
112900,0.9755734205245972,-2.866334915161133,0.79
113000,0.9755734205245972,-2.866334915161133,0.79
113100,0.9755734205245972,-2.866334915161133,0.79
113200,0.9755734205245972,-2.866334915161133,0.79
113300,0.9755734205245972,-2.866334915161133,0.79
113400,0.9755734205245972,-2.866334915161133,0.79
113500,0.9755734205245972,-2.866334915161133,0.79
113600,0.9755734205245972,-2.866334915161133,0.79
113700,0.9755734205245972,-2.866334915161133,0.79
113800,0.9755734205245972,-2.866334915161133,0.79
113900,0.9755734205245972,-2.866334915161133,0.79
114000,0.9755734205245972,-2.866334915161133,0.79
114100,0.9755734205245972,-2.866334915161133,0.79
114200,0.9755734205245972,-2.866334915161133,0.79
114300,0.9755734205245972,-2.866334915161133,0.79
114400,0.9755734205245972,-2.866334915161133,0.79
114500,0.9755734205245972,-2.866334915161133,0.79
114600,0.9755734205245972,-2.866334915161133,0.79
114700,0.9755734205245972,-2.866334915161133,0.79
114800,0.9755734205245972,-2.866334915161133,0.79
114900,0.9755734205245972,-2.866334915161133,0.79
115000,0.9755734205245972,-2.866334915161133,0.79
115100,0.9755734205245972,-2.866334915161133,0.79
115200,0.9755734205245972,-2.866334915161133,0.79
115300,0.9755734205245972,-2.866334915161133,0.79
115400,0.9755734205245972,-2.866334915161133,0.79
115500,0.9755734205245972,-2.866334915161133,0.79
115600,0.9755734205245972,-2.866334915161133,0.79
115700,0.9755734205245972,-2.866334915161133,0.79
115800,0.9755734205245972,-2.866334915161133,0.79
115900,0.9755734205245972,-2.866334915161133,0.79
116000,0.9755734205245972,-2.866334915161133,0.79
116100,0.9755734205245972,-2.866334915161133,0.79
116200,0.9755734205245972,-2.866334915161133,0.79
116300,0.9755734205245972,-2.866334915161133,0.79
116400,0.9755734205245972,-2.866334915161133,0.79
116500,0.9755734205245972,-2.866334915161133,0.79
116600,0.9755734205245972,-2.866334915161133,0.79
116700,0.9755734205245972,-2.866334915161133,0.79
116800,0.9755734205245972,-2.866334915161133,0.79
116900,0.9755734205245972,-2.866334915161133,0.79
117000,0.9755734205245972,-2.866334915161133,0.79
117100,0.9755734205245972,-2.866334915161133,0.79
117200,0.9755734205245972,-2.866334915161133,0.79
117300,0.9755734205245972,-2.866334915161133,0.79
117400,0.9755734205245972,-2.866334915161133,0.79
117500,0.9755734205245972,-2.866334915161133,0.79
117600,0.9755734205245972,-2.866334915161133,0.79
117700,0.9755734205245972,-2.866334915161133,0.79
117800,0.9755734205245972,-2.866334915161133,0.79
117900,0.9755734205245972,-2.866334915161133,0.79
118000,0.9755734205245972,-2.866334915161133,0.79
118100,0.9755734205245972,-2.866334915161133,0.79
118200,0.9755734205245972,-2.866334915161133,0.79
118300,0.9755734205245972,-2.866334915161133,0.79
118400,0.9755734205245972,-2.866334915161133,0.79
118500,0.9755734205245972,-2.866334915161133,0.79
118600,0.9755734205245972,-2.866334915161133,0.79
118700,0.9755734205245972,-2.866334915161133,0.79
118800,0.9755734205245972,-2.866334915161133,0.79
118900,0.9755734205245972,-2.866334915161133,0.79
119000,0.9755734205245972,-2.866334915161133,0.79
119100,0.9755734205245972,-2.866334915161133,0.79
119200,0.9755734205245972,-2.866334915161133,0.79
119300,0.9755734205245972,-2.866334915161133,0.79
119400,0.9755734205245972,-2.866334915161133,0.79
119500,0.9755734205245972,-2.866334915161133,0.79
119600,0.9755734205245972,-2.866334915161133,0.79
119700,0.9755734205245972,-2.866334915161133,0.79
119800,0.9755734205245972,-2.866334915161133,0.79
119900,0.9755734205245972,-2.866334915161133,0.79
120000,0.9755734205245972,-2.866334915161133,0.78
120100,0.9755734205245972,-2.866334915161133,0.78
120200,0.9755734205245972,-2.866334915161133,0.78
120300,0.9755734205245972,-2.866334915161133,0.78
120400,0.9755734205245972,-2.866334915161133,0.78
120500,0.9755734205245972,-2.866334915161133,0.78
120600,0.9755734205245972,-2.866334915161133,0.78
120700,0.9755734205245972,-2.866334915161133,0.78
120800,0.9755734205245972,-2.866334915161133,0.78
120900,0.9755734205245972,-2.866334915161133,0.78
121000,0.9755734205245972,-2.866334915161133,0.78
121100,0.9755734205245972,-2.866334915161133,0.78
121200,0.9755734205245972,-2.866334915161133,0.78
121300,0.9755734205245972,-2.866334915161133,0.78
121400,0.9755734205245972,-2.866334915161133,0.78
121500,0.9755734205245972,-2.866334915161133,0.78
121600,0.9755734205245972,-2.866334915161133,0.78
121700,0.9755734205245972,-2.866334915161133,0.78
121800,0.9755734205245972,-2.866334915161133,0.78
121900,0.9755734205245972,-2.866334915161133,0.78
122000,0.9755734205245972,-2.866334915161133,0.78
122100,0.9755734205245972,-2.866334915161133,0.78
122200,0.9755734205245972,-2.866334915161133,0.78
122300,0.9755734205245972,-2.866334915161133,0.78
122400,0.9755734205245972,-2.866334915161133,0.78
122500,0.9755734205245972,-2.866334915161133,0.78
122600,0.9755734205245972,-2.866334915161133,0.78
122700,0.9755734205245972,-2.866334915161133,0.78
122800,0.9755734205245972,-2.866334915161133,0.78
122900,0.9755734205245972,-2.866334915161133,0.78
123000,0.9755734205245972,-2.866334915161133,0.78
123100,0.9755734205245972,-2.866334915161133,0.78
123200,0.9755734205245972,-2.866334915161133,0.78
123300,0.9755734205245972,-2.866334915161133,0.78
123400,0.9755734205245972,-2.866334915161133,0.78
123500,0.9755734205245972,-2.866334915161133,0.78
123600,0.9755734205245972,-2.866334915161133,0.78
123700,0.9755734205245972,-2.866334915161133,0.78
123800,0.9755734205245972,-2.866334915161133,0.78
123900,0.9755734205245972,-2.866334915161133,0.78
124000,0.9755734205245972,-2.866334915161133,0.78
124100,0.9755734205245972,-2.866334915161133,0.78
124200,0.9755734205245972,-2.866334915161133,0.78
124300,0.9755734205245972,-2.866334915161133,0.78
124400,0.9755734205245972,-2.866334915161133,0.78
124500,0.9755734205245972,-2.866334915161133,0.78
124600,0.9755734205245972,-2.866334915161133,0.78
124700,0.9755734205245972,-2.866334915161133,0.78
124800,0.9755734205245972,-2.866334915161133,0.78
124900,0.9755734205245972,-2.866334915161133,0.78
125000,0.9755734205245972,-2.866334915161133,0.78
125100,0.9755734205245972,-2.866334915161133,0.78
125200,0.9755734205245972,-2.866334915161133,0.78
125300,0.9755734205245972,-2.866334915161133,0.78
125400,0.9755734205245972,-2.866334915161133,0.78
125500,0.9755734205245972,-2.866334915161133,0.78
125600,0.9755734205245972,-2.866334915161133,0.78
125700,0.9755734205245972,-2.866334915161133,0.78
125800,0.9755734205245972,-2.866334915161133,0.78
125900,0.9755734205245972,-2.866334915161133,0.78
126000,0.9755734205245972,-2.866334915161133,0.78
126100,0.9755734205245972,-2.866334915161133,0.78
126200,0.9755734205245972,-2.866334915161133,0.78
126300,0.9755734205245972,-2.866334915161133,0.78
126400,0.9755734205245972,-2.866334915161133,0.78
126500,0.9755734205245972,-2.866334915161133,0.78
126600,0.9755734205245972,-2.866334915161133,0.78
126700,0.9755734205245972,-2.866334915161133,0.78
126800,0.9755734205245972,-2.866334915161133,0.78
126900,0.9755734205245972,-2.866334915161133,0.78
127000,0.9755734205245972,-2.866334915161133,0.78
127100,0.9755734205245972,-2.866334915161133,0.78
127200,0.9755734205245972,-2.866334915161133,0.78
127300,0.9755734205245972,-2.866334915161133,0.78
127400,0.9755734205245972,-2.866334915161133,0.78
127500,0.9755734205245972,-2.866334915161133,0.78
127600,0.9755734205245972,-2.866334915161133,0.78
127700,0.9755734205245972,-2.866334915161133,0.78
127800,0.9755734205245972,-2.866334915161133,0.78
127900,0.9755734205245972,-2.866334915161133,0.78
128000,0.9755734205245972,-2.866334915161133,0.78
128100,0.9755734205245972,-2.866334915161133,0.78
128200,0.9755734205245972,-2.866334915161133,0.78
128300,0.9755734205245972,-2.866334915161133,0.78
128400,0.9755734205245972,-2.866334915161133,0.78
128500,0.9755734205245972,-2.866334915161133,0.78
128600,0.9755734205245972,-2.866334915161133,0.78
128700,0.9755734205245972,-2.866334915161133,0.78
128800,0.9755734205245972,-2.866334915161133,0.78
128900,0.9755734205245972,-2.866334915161133,0.78
129000,0.9755734205245972,-2.866334915161133,0.78
129100,0.9755734205245972,-2.866334915161133,0.78
129200,0.9755734205245972,-2.866334915161133,0.78
129300,0.9755734205245972,-2.866334915161133,0.78
129400,0.9755734205245972,-2.866334915161133,0.78
129500,0.9755734205245972,-2.866334915161133,0.78
129600,0.9755734205245972,-2.866334915161133,0.78
129700,0.9755734205245972,-2.866334915161133,0.78
129800,0.9755734205245972,-2.866334915161133,0.78
129900,0.9755734205245972,-2.866334915161133,0.78
130000,0.9755734205245972,-2.866334915161133,0.78
130100,0.9755734205245972,-2.866334915161133,0.78
130200,0.9755734205245972,-2.866334915161133,0.78
130300,0.9755734205245972,-2.866334915161133,0.78
130400,0.9755734205245972,-2.866334915161133,0.78
130500,0.9755734205245972,-2.866334915161133,0.78
130600,0.9755734205245972,-2.866334915161133,0.78
130700,0.9755734205245972,-2.866334915161133,0.78
130800,0.9755734205245972,-2.866334915161133,0.78
130900,0.9755734205245972,-2.866334915161133,0.78
131000,0.9755734205245972,-2.866334915161133,0.78
131100,0.9755734205245972,-2.866334915161133,0.78
131200,0.9755734205245972,-2.866334915161133,0.78
131300,0.9755734205245972,-2.866334915161133,0.78
131400,0.9755734205245972,-2.866334915161133,0.78
131500,0.9755734205245972,-2.866334915161133,0.78
131600,0.9755734205245972,-2.866334915161133,0.78
131700,0.9755734205245972,-2.866334915161133,0.78
131800,0.9755734205245972,-2.866334915161133,0.78
131900,0.9755734205245972,-2.866334915161133,0.78
132000,0.9755734205245972,-2.866334915161133,0.78
132100,0.9755734205245972,-2.866334915161133,0.78
132200,0.9755734205245972,-2.866334915161133,0.78
132300,0.9755734205245972,-2.866334915161133,0.78
132400,0.9755734205245972,-2.866334915161133,0.78
132500,0.9755734205245972,-2.866334915161133,0.78
132600,0.9755734205245972,-2.866334915161133,0.78
132700,0.9755734205245972,-2.866334915161133,0.78
132800,0.9755734205245972,-2.866334915161133,0.78
132900,0.9755734205245972,-2.866334915161133,0.78
133000,0.9755734205245972,-2.866334915161133,0.78
133100,0.9755734205245972,-2.866334915161133,0.78
133200,0.9755734205245972,-2.866334915161133,0.78
133300,0.9755734205245972,-2.866334915161133,0.78
133400,0.9755734205245972,-2.866334915161133,0.78
133500,0.9755734205245972,-2.866334915161133,0.78
133600,0.9755734205245972,-2.866334915161133,0.78
133700,0.9755734205245972,-2.866334915161133,0.78
133800,0.9755734205245972,-2.866334915161133,0.78
133900,0.9755734205245972,-2.866334915161133,0.78
134000,0.9755734205245972,-2.866334915161133,0.78
134100,0.9755734205245972,-2.866334915161133,0.78
134200,0.9755734205245972,-2.866334915161133,0.78
134300,0.9755734205245972,-2.866334915161133,0.78
134400,0.9755734205245972,-2.866334915161133,0.78
134500,0.9755734205245972,-2.866334915161133,0.78
134600,0.9755734205245972,-2.866334915161133,0.78
134700,0.9755734205245972,-2.866334915161133,0.78
134800,0.9755734205245972,-2.866334915161133,0.78
134900,0.9755734205245972,-2.866334915161133,0.78
135000,0.9755734205245972,-2.866334915161133,0.78
135100,0.9755734205245972,-2.866334915161133,0.78
135200,0.9755734205245972,-2.866334915161133,0.78
135300,0.9755734205245972,-2.866334915161133,0.78
135400,0.9755734205245972,-2.866334915161133,0.78
135500,0.9755734205245972,-2.866334915161133,0.78
135600,0.9755734205245972,-2.866334915161133,0.78
135700,0.9755734205245972,-2.866334915161133,0.78
135800,0.9755734205245972,-2.866334915161133,0.78
135900,0.9755734205245972,-2.866334915161133,0.78
136000,0.9755734205245972,-2.866334915161133,0.78
136100,0.9755734205245972,-2.866334915161133,0.78
136200,0.9755734205245972,-2.866334915161133,0.78
136300,0.9755734205245972,-2.866334915161133,0.78
136400,0.9755734205245972,-2.866334915161133,0.78
136500,0.9755734205245972,-2.866334915161133,0.78
136600,0.9755734205245972,-2.866334915161133,0.78
136700,0.9755734205245972,-2.866334915161133,0.78
136800,0.9755734205245972,-2.866334915161133,0.78
136900,0.9755734205245972,-2.866334915161133,0.78
137000,0.9755734205245972,-2.866334915161133,0.78
137100,0.9755734205245972,-2.866334915161133,0.78
137200,0.9755734205245972,-2.866334915161133,0.78
137300,0.9755734205245972,-2.866334915161133,0.78
137400,0.9755734205245972,-2.866334915161133,0.78
137500,0.9755734205245972,-2.866334915161133,0.78
137600,0.9755734205245972,-2.866334915161133,0.78
137700,0.9755734205245972,-2.866334915161133,0.78
137800,0.9755734205245972,-2.866334915161133,0.78
137900,0.9755734205245972,-2.866334915161133,0.78
138000,0.9755734205245972,-2.866334915161133,0.78
138100,0.9755734205245972,-2.866334915161133,0.78
138200,0.9755734205245972,-2.866334915161133,0.78
138300,0.9755734205245972,-2.866334915161133,0.78
138400,0.9755734205245972,-2.866334915161133,0.78
138500,0.9755734205245972,-2.866334915161133,0.78
138600,0.9755734205245972,-2.866334915161133,0.78
138700,0.9755734205245972,-2.866334915161133,0.78
138800,0.9755734205245972,-2.866334915161133,0.78
138900,0.9755734205245972,-2.866334915161133,0.78
139000,0.9755734205245972,-2.866334915161133,0.78
139100,0.9755734205245972,-2.866334915161133,0.78
139200,0.9755734205245972,-2.866334915161133,0.78
139300,0.9755734205245972,-2.866334915161133,0.78
139400,0.9755734205245972,-2.866334915161133,0.78
139500,0.9755734205245972,-2.866334915161133,0.78
139600,0.9755734205245972,-2.866334915161133,0.78
139700,0.9755734205245972,-2.866334915161133,0.78
139800,0.9755734205245972,-2.866334915161133,0.78
139900,0.9755734205245972,-2.866334915161133,0.78
140000,0.9755734205245972,-2.866334915161133,0.78
140100,0.9755734205245972,-2.866334915161133,0.78
140200,0.9755734205245972,-2.866334915161133,0.78
140300,0.9755734205245972,-2.866334915161133,0.78
140400,0.9755734205245972,-2.866334915161133,0.78
140500,0.9755734205245972,-2.866334915161133,0.78
140600,0.9755734205245972,-2.866334915161133,0.78
140700,0.9755734205245972,-2.866334915161133,0.78
140800,0.9755734205245972,-2.866334915161133,0.78
140900,0.9755734205245972,-2.866334915161133,0.78
141000,0.9755734205245972,-2.866334915161133,0.78
141100,0.9755734205245972,-2.866334915161133,0.78
141200,0.9755734205245972,-2.866334915161133,0.78
141300,0.9755734205245972,-2.866334915161133,0.78
141400,0.9755734205245972,-2.866334915161133,0.78
141500,0.9755734205245972,-2.866334915161133,0.78
141600,0.9755734205245972,-2.866334915161133,0.78
141700,0.9755734205245972,-2.866334915161133,0.78
141800,0.9755734205245972,-2.866334915161133,0.78
141900,0.9755734205245972,-2.866334915161133,0.78
142000,0.9755734205245972,-2.866334915161133,0.78
142100,0.9755734205245972,-2.866334915161133,0.78
142200,0.9755734205245972,-2.866334915161133,0.78
142300,0.9755734205245972,-2.866334915161133,0.78
142400,0.9755734205245972,-2.866334915161133,0.78
142500,0.9755734205245972,-2.866334915161133,0.78
142600,0.9755734205245972,-2.866334915161133,0.78
142700,0.9755734205245972,-2.866334915161133,0.78
142800,0.9755734205245972,-2.866334915161133,0.78
142900,0.9755734205245972,-2.866334915161133,0.78
143000,0.9755734205245972,-2.866334915161133,0.78
143100,0.9755734205245972,-2.866334915161133,0.78
143200,0.9755734205245972,-2.866334915161133,0.78
143300,0.9755734205245972,-2.866334915161133,0.78
143400,0.9755734205245972,-2.866334915161133,0.78
143500,0.9755734205245972,-2.866334915161133,0.78
143600,0.9755734205245972,-2.866334915161133,0.78
143700,0.9755734205245972,-2.866334915161133,0.78
143800,0.9755734205245972,-2.866334915161133,0.78
143900,0.9755734205245972,-2.866334915161133,0.78
144000,0.9755734205245972,-2.866334915161133,0.78
144100,0.9755734205245972,-2.866334915161133,0.78
144200,0.9755734205245972,-2.866334915161133,0.78
144300,0.9755734205245972,-2.866334915161133,0.78
144400,0.9755734205245972,-2.866334915161133,0.78
144500,0.9755734205245972,-2.866334915161133,0.78
144600,0.9755734205245972,-2.866334915161133,0.78
144700,0.9755734205245972,-2.866334915161133,0.78
144800,0.9755734205245972,-2.866334915161133,0.78
144900,0.9755734205245972,-2.866334915161133,0.78
145000,0.9755734205245972,-2.866334915161133,0.78
145100,0.9755734205245972,-2.866334915161133,0.78
145200,0.9755734205245972,-2.866334915161133,0.78
145300,0.9755734205245972,-2.866334915161133,0.78
145400,0.9755734205245972,-2.866334915161133,0.78
145500,0.9755734205245972,-2.866334915161133,0.78
145600,0.9755734205245972,-2.866334915161133,0.78
145700,0.9755734205245972,-2.866334915161133,0.78
145800,0.9755734205245972,-2.866334915161133,0.78
145900,0.9755734205245972,-2.866334915161133,0.78
146000,0.9755734205245972,-2.866334915161133,0.78
146100,0.9755734205245972,-2.866334915161133,0.78
146200,0.9755734205245972,-2.866334915161133,0.78
146300,0.9755734205245972,-2.866334915161133,0.78
146400,0.9755734205245972,-2.866334915161133,0.78
146500,0.9755734205245972,-2.866334915161133,0.78
146600,0.9755734205245972,-2.866334915161133,0.78
146700,0.9755734205245972,-2.866334915161133,0.78
146800,0.9755734205245972,-2.866334915161133,0.78
146900,0.9755734205245972,-2.866334915161133,0.78
147000,0.9755734205245972,-2.866334915161133,0.78
147100,0.9755734205245972,-2.866334915161133,0.78
147200,0.9755734205245972,-2.866334915161133,0.78
147300,0.9755734205245972,-2.866334915161133,0.78
147400,0.9755734205245972,-2.866334915161133,0.78
147500,0.9755734205245972,-2.866334915161133,0.78
147600,0.9755734205245972,-2.866334915161133,0.78
147700,0.9755734205245972,-2.866334915161133,0.78
147800,0.9755734205245972,-2.866334915161133,0.78
147900,0.9755734205245972,-2.866334915161133,0.78
148000,0.9755734205245972,-2.866334915161133,0.78
148100,0.9755734205245972,-2.866334915161133,0.78
148200,0.9755734205245972,-2.866334915161133,0.78
148300,0.9755734205245972,-2.866334915161133,0.78
148400,0.9755734205245972,-2.866334915161133,0.78
148500,0.9755734205245972,-2.866334915161133,0.78
148600,0.9755734205245972,-2.866334915161133,0.78
148700,0.9755734205245972,-2.866334915161133,0.78
148800,0.9755734205245972,-2.866334915161133,0.78
148900,0.9755734205245972,-2.866334915161133,0.78
149000,0.9755734205245972,-2.866334915161133,0.78
149100,0.9755734205245972,-2.866334915161133,0.78
149200,0.9755734205245972,-2.866334915161133,0.78
149300,0.9755734205245972,-2.866334915161133,0.78
149400,0.9755734205245972,-2.866334915161133,0.78
149500,0.9755734205245972,-2.866334915161133,0.78
149600,0.9755734205245972,-2.866334915161133,0.78
149700,0.9755734205245972,-2.866334915161133,0.78
149800,0.9755734205245972,-2.866334915161133,0.78
149900,0.9755734205245972,-2.866334915161133,0.78
150000,0.9755734205245972,-2.866334915161133,0.78
150100,0.9755734205245972,-2.866334915161133,0.78
150200,0.9755734205245972,-2.866334915161133,0.78
150300,0.9755734205245972,-2.866334915161133,0.78
150400,0.9755734205245972,-2.866334915161133,0.78
150500,0.9755734205245972,-2.866334915161133,0.78
150600,0.9755734205245972,-2.866334915161133,0.78
150700,0.9755734205245972,-2.866334915161133,0.78
150800,0.9755734205245972,-2.866334915161133,0.78
150900,0.9755734205245972,-2.866334915161133,0.78
151000,0.9755734205245972,-2.866334915161133,0.78
151100,0.9755734205245972,-2.866334915161133,0.78
151200,0.9755734205245972,-2.866334915161133,0.78
151300,0.9755734205245972,-2.866334915161133,0.78
151400,0.9755734205245972,-2.866334915161133,0.78
151500,0.9755734205245972,-2.866334915161133,0.78
151600,0.9755734205245972,-2.866334915161133,0.78
151700,0.9755734205245972,-2.866334915161133,0.78
151800,0.9755734205245972,-2.866334915161133,0.78
151900,0.9755734205245972,-2.866334915161133,0.78
152000,0.9755734205245972,-2.866334915161133,0.78
152100,0.9755734205245972,-2.866334915161133,0.78
152200,0.9755734205245972,-2.866334915161133,0.78
152300,0.9755734205245972,-2.866334915161133,0.78
152400,0.9755734205245972,-2.866334915161133,0.78
152500,0.9755734205245972,-2.866334915161133,0.78
152600,0.9755734205245972,-2.866334915161133,0.78
152700,0.9755734205245972,-2.866334915161133,0.78
152800,0.9755734205245972,-2.866334915161133,0.78
152900,0.9755734205245972,-2.866334915161133,0.78
153000,0.9755734205245972,-2.866334915161133,0.78
153100,0.9755734205245972,-2.866334915161133,0.78
153200,0.9755734205245972,-2.866334915161133,0.78
153300,0.9755734205245972,-2.866334915161133,0.78
153400,0.9755734205245972,-2.866334915161133,0.78
153500,0.9755734205245972,-2.866334915161133,0.78
153600,0.9755734205245972,-2.866334915161133,0.78
153700,0.9755734205245972,-2.866334915161133,0.78
153800,0.9755734205245972,-2.866334915161133,0.78
153900,0.9755734205245972,-2.866334915161133,0.78
154000,0.9755734205245972,-2.866334915161133,0.78
154100,0.9755734205245972,-2.866334915161133,0.78
154200,0.9755734205245972,-2.866334915161133,0.78
154300,0.9755734205245972,-2.866334915161133,0.78
154400,0.9755734205245972,-2.866334915161133,0.78
154500,0.9755734205245972,-2.866334915161133,0.78
154600,0.9755734205245972,-2.866334915161133,0.78
154700,0.9755734205245972,-2.866334915161133,0.78
154800,0.9755734205245972,-2.866334915161133,0.78
154900,0.9755734205245972,-2.866334915161133,0.78
155000,0.9755734205245972,-2.866334915161133,0.78
155100,0.9755734205245972,-2.866334915161133,0.78
155200,0.9755734205245972,-2.866334915161133,0.78
155300,0.9755734205245972,-2.866334915161133,0.78
155400,0.9755734205245972,-2.866334915161133,0.78
155500,0.9755734205245972,-2.866334915161133,0.78
155600,0.9755734205245972,-2.866334915161133,0.78
155700,0.9755734205245972,-2.866334915161133,0.78
155800,0.9755734205245972,-2.866334915161133,0.78
155900,0.9755734205245972,-2.866334915161133,0.78
156000,0.9755734205245972,-2.866334915161133,0.78
156100,0.9755734205245972,-2.866334915161133,0.78
156200,0.9755734205245972,-2.866334915161133,0.78
156300,0.9755734205245972,-2.866334915161133,0.78
156400,0.9755734205245972,-2.866334915161133,0.78
156500,0.9755734205245972,-2.866334915161133,0.78
156600,0.9755734205245972,-2.866334915161133,0.78
156700,0.9755734205245972,-2.866334915161133,0.78
156800,0.9755734205245972,-2.866334915161133,0.78
156900,0.9755734205245972,-2.866334915161133,0.78
157000,0.9755734205245972,-2.866334915161133,0.78
157100,0.9755734205245972,-2.866334915161133,0.78
157200,0.9755734205245972,-2.866334915161133,0.78
157300,0.9755734205245972,-2.866334915161133,0.78
157400,0.9755734205245972,-2.866334915161133,0.78
157500,0.9755734205245972,-2.866334915161133,0.78
157600,0.9755734205245972,-2.866334915161133,0.78
157700,0.9755734205245972,-2.866334915161133,0.78
157800,0.9755734205245972,-2.866334915161133,0.78
157900,0.9755734205245972,-2.866334915161133,0.78
158000,0.9755734205245972,-2.866334915161133,0.78
158100,0.9755734205245972,-2.866334915161133,0.78
158200,0.9755734205245972,-2.866334915161133,0.78
158300,0.9755734205245972,-2.866334915161133,0.78
158400,0.9755734205245972,-2.866334915161133,0.78
158500,0.9755734205245972,-2.866334915161133,0.78
158600,0.9755734205245972,-2.866334915161133,0.78
158700,0.9755734205245972,-2.866334915161133,0.78
158800,0.9755734205245972,-2.866334915161133,0.78
158900,0.9755734205245972,-2.866334915161133,0.78
159000,0.9755734205245972,-2.866334915161133,0.78
159100,0.9755734205245972,-2.866334915161133,0.78
159200,0.9755734205245972,-2.866334915161133,0.78
159300,0.9755734205245972,-2.866334915161133,0.78
159400,0.9755734205245972,-2.866334915161133,0.78
159500,0.9755734205245972,-2.866334915161133,0.78
159600,0.9755734205245972,-2.866334915161133,0.78
159700,0.9755734205245972,-2.866334915161133,0.78
159800,0.9755734205245972,-2.866334915161133,0.78
159900,0.9755734205245972,-2.866334915161133,0.78
160000,0.9755734205245972,-2.866334915161133,0.78
160100,0.9755734205245972,-2.866334915161133,0.78
160200,0.9755734205245972,-2.866334915161133,0.78
160300,0.9755734205245972,-2.866334915161133,0.78
160400,0.9755734205245972,-2.866334915161133,0.78
160500,0.9755734205245972,-2.866334915161133,0.78
160600,0.9755734205245972,-2.866334915161133,0.78
160700,0.9755734205245972,-2.866334915161133,0.78
160800,0.9755734205245972,-2.866334915161133,0.78
160900,0.9755734205245972,-2.866334915161133,0.78
161000,0.9755734205245972,-2.866334915161133,0.78
161100,0.9755734205245972,-2.866334915161133,0.78
161200,0.9755734205245972,-2.866334915161133,0.78
161300,0.9755734205245972,-2.866334915161133,0.78
161400,0.9755734205245972,-2.866334915161133,0.78
161500,0.9755734205245972,-2.866334915161133,0.78
161600,0.9755734205245972,-2.866334915161133,0.78
161700,0.9755734205245972,-2.866334915161133,0.78
161800,0.9755734205245972,-2.866334915161133,0.78
161900,0.9755734205245972,-2.866334915161133,0.78
162000,0.9755734205245972,-2.866334915161133,0.78
162100,0.9755734205245972,-2.866334915161133,0.78
162200,0.9755734205245972,-2.866334915161133,0.78
162300,0.9755734205245972,-2.866334915161133,0.78
162400,0.9755734205245972,-2.866334915161133,0.78
162500,0.9755734205245972,-2.866334915161133,0.78
162600,0.9755734205245972,-2.866334915161133,0.78
162700,0.9755734205245972,-2.866334915161133,0.78
162800,0.9755734205245972,-2.866334915161133,0.78
162900,0.9755734205245972,-2.866334915161133,0.78
163000,0.9755734205245972,-2.866334915161133,0.78
163100,0.9755734205245972,-2.866334915161133,0.78
163200,0.9755734205245972,-2.866334915161133,0.78
163300,0.9755734205245972,-2.866334915161133,0.78
163400,0.9755734205245972,-2.866334915161133,0.78
163500,0.9755734205245972,-2.866334915161133,0.78
163600,0.9755734205245972,-2.866334915161133,0.78
163700,0.9755734205245972,-2.866334915161133,0.78
163800,0.9755734205245972,-2.866334915161133,0.78
163900,0.9755734205245972,-2.866334915161133,0.78
164000,0.9755734205245972,-2.866334915161133,0.78
164100,0.9755734205245972,-2.866334915161133,0.78
164200,0.9755734205245972,-2.866334915161133,0.78
164300,0.9755734205245972,-2.866334915161133,0.78
164400,0.9755734205245972,-2.866334915161133,0.78
164500,0.9755734205245972,-2.866334915161133,0.78
164600,0.9755734205245972,-2.866334915161133,0.78
164700,0.9755734205245972,-2.866334915161133,0.78
164800,0.9755734205245972,-2.866334915161133,0.78
164900,0.9755734205245972,-2.866334915161133,0.78
165000,0.9755734205245972,-2.866334915161133,0.78
165100,0.9755734205245972,-2.866334915161133,0.78
165200,0.9755734205245972,-2.866334915161133,0.78
165300,0.9755734205245972,-2.866334915161133,0.78
165400,0.9755734205245972,-2.866334915161133,0.78
165500,0.9755734205245972,-2.866334915161133,0.78
165600,0.9755734205245972,-2.866334915161133,0.78
165700,0.9755734205245972,-2.866334915161133,0.78
165800,0.9755734205245972,-2.866334915161133,0.78
165900,0.9755734205245972,-2.866334915161133,0.78
166000,0.9755734205245972,-2.866334915161133,0.78
166100,0.9755734205245972,-2.866334915161133,0.78
166200,0.9755734205245972,-2.866334915161133,0.78
166300,0.9755734205245972,-2.866334915161133,0.78
166400,0.9755734205245972,-2.866334915161133,0.78
166500,0.9755734205245972,-2.866334915161133,0.78
166600,0.9755734205245972,-2.866334915161133,0.78
166700,0.9755734205245972,-2.866334915161133,0.78
166800,0.9755734205245972,-2.866334915161133,0.78
166900,0.9755734205245972,-2.866334915161133,0.78
167000,0.9755734205245972,-2.866334915161133,0.78
167100,0.9755734205245972,-2.866334915161133,0.78
167200,0.9755734205245972,-2.866334915161133,0.78
167300,0.9755734205245972,-2.866334915161133,0.78
167400,0.9755734205245972,-2.866334915161133,0.78
167500,0.9755734205245972,-2.866334915161133,0.78
167600,0.9755734205245972,-2.866334915161133,0.78
167700,0.9755734205245972,-2.866334915161133,0.78
167800,0.9755734205245972,-2.866334915161133,0.78
167900,0.9755734205245972,-2.866334915161133,0.78
168000,0.9755734205245972,-2.866334915161133,0.78
168100,0.9755734205245972,-2.866334915161133,0.78
168200,0.9755734205245972,-2.866334915161133,0.78
168300,0.9755734205245972,-2.866334915161133,0.78
168400,0.9755734205245972,-2.866334915161133,0.78
168500,0.9755734205245972,-2.866334915161133,0.78
168600,0.9755734205245972,-2.866334915161133,0.78
168700,0.9755734205245972,-2.866334915161133,0.78
168800,0.9755734205245972,-2.866334915161133,0.78
168900,0.9755734205245972,-2.866334915161133,0.78
169000,0.9755734205245972,-2.866334915161133,0.78
169100,0.9755734205245972,-2.866334915161133,0.78
169200,0.9755734205245972,-2.866334915161133,0.78
169300,0.9755734205245972,-2.866334915161133,0.78
169400,0.9755734205245972,-2.866334915161133,0.78
169500,0.9755734205245972,-2.866334915161133,0.78
169600,0.9755734205245972,-2.866334915161133,0.78
169700,0.9755734205245972,-2.866334915161133,0.78
169800,0.9755734205245972,-2.866334915161133,0.78
169900,0.9755734205245972,-2.866334915161133,0.78
170000,0.9755734205245972,-2.866334915161133,0.78
170100,0.9755734205245972,-2.866334915161133,0.78
170200,0.9755734205245972,-2.866334915161133,0.78
170300,0.9755734205245972,-2.866334915161133,0.78
170400,0.9755734205245972,-2.866334915161133,0.78
170500,0.9755734205245972,-2.866334915161133,0.78
170600,0.9755734205245972,-2.866334915161133,0.78
170700,0.9755734205245972,-2.866334915161133,0.78
170800,0.9755734205245972,-2.866334915161133,0.78
170900,0.9755734205245972,-2.866334915161133,0.78
171000,0.9755734205245972,-2.866334915161133,0.78
171100,0.9755734205245972,-2.866334915161133,0.78
171200,0.9755734205245972,-2.866334915161133,0.78
171300,0.9755734205245972,-2.866334915161133,0.78
171400,0.9755734205245972,-2.866334915161133,0.78
171500,0.9755734205245972,-2.866334915161133,0.78
171600,0.9755734205245972,-2.866334915161133,0.78
171700,0.9755734205245972,-2.866334915161133,0.78
171800,0.9755734205245972,-2.866334915161133,0.78
171900,0.9755734205245972,-2.866334915161133,0.78
172000,0.9755734205245972,-2.866334915161133,0.78
172100,0.9755734205245972,-2.866334915161133,0.78
172200,0.9755734205245972,-2.866334915161133,0.78
172300,0.9755734205245972,-2.866334915161133,0.78
172400,0.9755734205245972,-2.866334915161133,0.78
172500,0.9755734205245972,-2.866334915161133,0.78
172600,0.9755734205245972,-2.866334915161133,0.78
172700,0.9755734205245972,-2.866334915161133,0.78
172800,0.9755734205245972,-2.866334915161133,0.78
172900,0.9755734205245972,-2.866334915161133,0.78
173000,0.9755734205245972,-2.866334915161133,0.78
173100,0.9755734205245972,-2.866334915161133,0.78
173200,0.9755734205245972,-2.866334915161133,0.78
173300,0.9755734205245972,-2.866334915161133,0.78
173400,0.9755734205245972,-2.866334915161133,0.78
173500,0.9755734205245972,-2.866334915161133,0.78
173600,0.9755734205245972,-2.866334915161133,0.78
173700,0.9755734205245972,-2.866334915161133,0.78
173800,0.9755734205245972,-2.866334915161133,0.78
173900,0.9755734205245972,-2.866334915161133,0.78
174000,0.9755734205245972,-2.866334915161133,0.78
174100,0.9755734205245972,-2.866334915161133,0.78
174200,0.9755734205245972,-2.866334915161133,0.78
174300,0.9755734205245972,-2.866334915161133,0.78
174400,0.9755734205245972,-2.866334915161133,0.78
174500,0.9755734205245972,-2.866334915161133,0.78
174600,0.9755734205245972,-2.866334915161133,0.78
174700,0.9755734205245972,-2.866334915161133,0.78
174800,0.9755734205245972,-2.866334915161133,0.78
174900,0.9755734205245972,-2.866334915161133,0.78
175000,0.9755734205245972,-2.866334915161133,0.78
175100,0.9755734205245972,-2.866334915161133,0.78
175200,0.9755734205245972,-2.866334915161133,0.78
175300,0.9755734205245972,-2.866334915161133,0.78
175400,0.9755734205245972,-2.866334915161133,0.78
175500,0.9755734205245972,-2.866334915161133,0.78
175600,0.9755734205245972,-2.866334915161133,0.78
175700,0.9755734205245972,-2.866334915161133,0.78
175800,0.9755734205245972,-2.866334915161133,0.78
175900,0.9755734205245972,-2.866334915161133,0.78
176000,0.9755734205245972,-2.866334915161133,0.78
176100,0.9755734205245972,-2.866334915161133,0.78
176200,0.9755734205245972,-2.866334915161133,0.78
176300,0.9755734205245972,-2.866334915161133,0.78
176400,0.9755734205245972,-2.866334915161133,0.78
176500,0.9755734205245972,-2.866334915161133,0.78
176600,0.9755734205245972,-2.866334915161133,0.78
176700,0.9755734205245972,-2.866334915161133,0.78
176800,0.9755734205245972,-2.866334915161133,0.78
176900,0.9755734205245972,-2.866334915161133,0.78
177000,0.9755734205245972,-2.866334915161133,0.78
177100,0.9755734205245972,-2.866334915161133,0.78
177200,0.9755734205245972,-2.866334915161133,0.78
177300,0.9755734205245972,-2.866334915161133,0.78
177400,0.9755734205245972,-2.866334915161133,0.78
177500,0.9755734205245972,-2.866334915161133,0.78
177600,0.9755734205245972,-2.866334915161133,0.78
177700,0.9755734205245972,-2.866334915161133,0.78
177800,0.9755734205245972,-2.866334915161133,0.78
177900,0.9755734205245972,-2.866334915161133,0.78
178000,0.9755734205245972,-2.866334915161133,0.78
178100,0.9755734205245972,-2.866334915161133,0.78
178200,0.9755734205245972,-2.866334915161133,0.78
178300,0.9755734205245972,-2.866334915161133,0.78
178400,0.9755734205245972,-2.866334915161133,0.78
178500,0.9755734205245972,-2.866334915161133,0.78
178600,0.9755734205245972,-2.866334915161133,0.78
178700,0.9755734205245972,-2.866334915161133,0.78
178800,0.9755734205245972,-2.866334915161133,0.78
178900,0.9755734205245972,-2.866334915161133,0.78
179000,0.9755734205245972,-2.866334915161133,0.78
179100,0.9755734205245972,-2.866334915161133,0.78
179200,0.9755734205245972,-2.866334915161133,0.78
179300,0.9755734205245972,-2.866334915161133,0.78
179400,0.9755734205245972,-2.866334915161133,0.78
179500,0.9755734205245972,-2.866334915161133,0.78
179600,0.9755734205245972,-2.866334915161133,0.78
179700,0.9755734205245972,-2.866334915161133,0.78
179800,0.9755734205245972,-2.866334915161133,0.78
179900,0.9755734205245972,-2.866334915161133,0.78
180000,0.9755734205245972,-2.866334915161133,0.78
180100,0.9755734205245972,-2.866334915161133,0.78
180200,0.9755734205245972,-2.866334915161133,0.78
180300,0.9755734205245972,-2.866334915161133,0.78
180400,0.9755734205245972,-2.866334915161133,0.78
180500,0.9755734205245972,-2.866334915161133,0.78
180600,0.9755734205245972,-2.866334915161133,0.78
180700,0.9755734205245972,-2.866334915161133,0.78
180800,0.9755734205245972,-2.866334915161133,0.78
180900,0.9755734205245972,-2.866334915161133,0.78
181000,0.9755734205245972,-2.866334915161133,0.78
181100,0.9755734205245972,-2.866334915161133,0.78
181200,0.9755734205245972,-2.866334915161133,0.78
181300,0.9755734205245972,-2.866334915161133,0.78
181400,0.9755734205245972,-2.866334915161133,0.78
181500,0.9755734205245972,-2.866334915161133,0.78
181600,0.9755734205245972,-2.866334915161133,0.78
181700,0.9755734205245972,-2.866334915161133,0.78
181800,0.9755734205245972,-2.866334915161133,0.78
181900,0.9755734205245972,-2.866334915161133,0.78
182000,0.9755734205245972,-2.866334915161133,0.78
182100,0.9755734205245972,-2.866334915161133,0.78
182200,0.9755734205245972,-2.866334915161133,0.78
182300,0.9755734205245972,-2.866334915161133,0.78
182400,0.9755734205245972,-2.866334915161133,0.78
182500,0.9755734205245972,-2.866334915161133,0.78
182600,0.9755734205245972,-2.866334915161133,0.78
182700,0.9755734205245972,-2.866334915161133,0.78
182800,0.9755734205245972,-2.866334915161133,0.78
182900,0.9755734205245972,-2.866334915161133,0.78
183000,0.9755734205245972,-2.866334915161133,0.78
183100,0.9755734205245972,-2.866334915161133,0.78
183200,0.9755734205245972,-2.866334915161133,0.78
183300,0.9755734205245972,-2.866334915161133,0.78
183400,0.9755734205245972,-2.866334915161133,0.78
183500,0.9755734205245972,-2.866334915161133,0.78
183600,0.9755734205245972,-2.866334915161133,0.78
183700,0.9755734205245972,-2.866334915161133,0.78
183800,0.9755734205245972,-2.866334915161133,0.78
183900,0.9755734205245972,-2.866334915161133,0.78
184000,0.9755734205245972,-2.866334915161133,0.78
184100,0.9755734205245972,-2.866334915161133,0.78
184200,0.9755734205245972,-2.866334915161133,0.78
184300,0.9755734205245972,-2.866334915161133,0.78
184400,0.9755734205245972,-2.866334915161133,0.78
184500,0.9755734205245972,-2.866334915161133,0.78
184600,0.9755734205245972,-2.866334915161133,0.78
184700,0.9755734205245972,-2.866334915161133,0.78
184800,0.9755734205245972,-2.866334915161133,0.78
184900,0.9755734205245972,-2.866334915161133,0.78
185000,0.9755734205245972,-2.866334915161133,0.78
185100,0.9755734205245972,-2.866334915161133,0.78
185200,0.9755734205245972,-2.866334915161133,0.78
185300,0.9755734205245972,-2.866334915161133,0.78
185400,0.9755734205245972,-2.866334915161133,0.78
185500,0.9755734205245972,-2.866334915161133,0.78
185600,0.9755734205245972,-2.866334915161133,0.78
185700,0.9755734205245972,-2.866334915161133,0.78
185800,0.9755734205245972,-2.866334915161133,0.78
185900,0.9755734205245972,-2.866334915161133,0.78
186000,0.9755734205245972,-2.866334915161133,0.78
186100,0.9755734205245972,-2.866334915161133,0.78
186200,0.9755734205245972,-2.866334915161133,0.78
186300,0.9755734205245972,-2.866334915161133,0.78
186400,0.9755734205245972,-2.866334915161133,0.78
186500,0.9755734205245972,-2.866334915161133,0.78
186600,0.9755734205245972,-2.866334915161133,0.78
186700,0.9755734205245972,-2.866334915161133,0.78
186800,0.9755734205245972,-2.866334915161133,0.78
186900,0.9755734205245972,-2.866334915161133,0.78
187000,0.9755734205245972,-2.866334915161133,0.78
187100,0.9755734205245972,-2.866334915161133,0.78
187200,0.9755734205245972,-2.866334915161133,0.78
187300,0.9755734205245972,-2.866334915161133,0.78
187400,0.9755734205245972,-2.866334915161133,0.78
187500,0.9755734205245972,-2.866334915161133,0.78
187600,0.9755734205245972,-2.866334915161133,0.78
187700,0.9755734205245972,-2.866334915161133,0.78
187800,0.9755734205245972,-2.866334915161133,0.78
187900,0.9755734205245972,-2.866334915161133,0.78
188000,0.9755734205245972,-2.866334915161133,0.78
188100,0.9755734205245972,-2.866334915161133,0.78
188200,0.9755734205245972,-2.866334915161133,0.78
188300,0.9755734205245972,-2.866334915161133,0.78
188400,0.9755734205245972,-2.866334915161133,0.78
188500,0.9755734205245972,-2.866334915161133,0.78
188600,0.9755734205245972,-2.866334915161133,0.78
188700,0.9755734205245972,-2.866334915161133,0.78
188800,0.9755734205245972,-2.866334915161133,0.78
188900,0.9755734205245972,-2.866334915161133,0.78
189000,0.9755734205245972,-2.866334915161133,0.78
189100,0.9755734205245972,-2.866334915161133,0.78
189200,0.9755734205245972,-2.866334915161133,0.78
189300,0.9755734205245972,-2.866334915161133,0.78
189400,0.9755734205245972,-2.866334915161133,0.78
189500,0.9755734205245972,-2.866334915161133,0.78
189600,0.9755734205245972,-2.866334915161133,0.78
189700,0.9755734205245972,-2.866334915161133,0.78
189800,0.9755734205245972,-2.866334915161133,0.78
189900,0.9755734205245972,-2.866334915161133,0.78
190000,0.9755734205245972,-2.866334915161133,0.78
190100,0.9755734205245972,-2.866334915161133,0.78
190200,0.9755734205245972,-2.866334915161133,0.78
190300,0.9755734205245972,-2.866334915161133,0.78
190400,0.9755734205245972,-2.866334915161133,0.78
190500,0.9755734205245972,-2.866334915161133,0.78
190600,0.9755734205245972,-2.866334915161133,0.78
190700,0.9755734205245972,-2.866334915161133,0.78
190800,0.9755734205245972,-2.866334915161133,0.78
190900,0.9755734205245972,-2.866334915161133,0.78
191000,0.9755734205245972,-2.866334915161133,0.78
191100,0.9755734205245972,-2.866334915161133,0.78
191200,0.9755734205245972,-2.866334915161133,0.78
191300,0.9755734205245972,-2.866334915161133,0.78
191400,0.9755734205245972,-2.866334915161133,0.78
191500,0.9755734205245972,-2.866334915161133,0.78
191600,0.9755734205245972,-2.866334915161133,0.78
191700,0.9755734205245972,-2.866334915161133,0.78
191800,0.9755734205245972,-2.866334915161133,0.78
191900,0.9755734205245972,-2.866334915161133,0.78
192000,0.9755734205245972,-2.866334915161133,0.78
192100,0.9755734205245972,-2.866334915161133,0.78
192200,0.9755734205245972,-2.866334915161133,0.78
192300,0.9755734205245972,-2.866334915161133,0.78
192400,0.9755734205245972,-2.866334915161133,0.78
192500,0.9755734205245972,-2.866334915161133,0.78
192600,0.9755734205245972,-2.866334915161133,0.78
192700,0.9755734205245972,-2.866334915161133,0.78
192800,0.9755734205245972,-2.866334915161133,0.78
192900,0.9755734205245972,-2.866334915161133,0.78
193000,0.9755734205245972,-2.866334915161133,0.78
193100,0.9755734205245972,-2.866334915161133,0.78
193200,0.9755734205245972,-2.866334915161133,0.78
193300,0.9755734205245972,-2.866334915161133,0.78
193400,0.9755734205245972,-2.866334915161133,0.78
193500,0.9755734205245972,-2.866334915161133,0.78
193600,0.9755734205245972,-2.866334915161133,0.78
193700,0.9755734205245972,-2.866334915161133,0.78
193800,0.9755734205245972,-2.866334915161133,0.78
193900,0.9755734205245972,-2.866334915161133,0.78
194000,0.9755734205245972,-2.866334915161133,0.78
194100,0.9755734205245972,-2.866334915161133,0.78
194200,0.9755734205245972,-2.866334915161133,0.78
194300,0.9755734205245972,-2.866334915161133,0.78
194400,0.9755734205245972,-2.866334915161133,0.78
194500,0.9755734205245972,-2.866334915161133,0.78
194600,0.9755734205245972,-2.866334915161133,0.78
194700,0.9755734205245972,-2.866334915161133,0.78
194800,0.9755734205245972,-2.866334915161133,0.78
194900,0.9755734205245972,-2.866334915161133,0.78
195000,0.9755734205245972,-2.866334915161133,0.78
195100,0.9755734205245972,-2.866334915161133,0.78
195200,0.9755734205245972,-2.866334915161133,0.78
195300,0.9755734205245972,-2.866334915161133,0.78
195400,0.9755734205245972,-2.866334915161133,0.78
195500,0.9755734205245972,-2.866334915161133,0.78
195600,0.9755734205245972,-2.866334915161133,0.78
195700,0.9755734205245972,-2.866334915161133,0.78
195800,0.9755734205245972,-2.866334915161133,0.78
195900,0.9755734205245972,-2.866334915161133,0.78
196000,0.9755734205245972,-2.866334915161133,0.78
196100,0.9755734205245972,-2.866334915161133,0.78
196200,0.9755734205245972,-2.866334915161133,0.78
196300,0.9755734205245972,-2.866334915161133,0.78
196400,0.9755734205245972,-2.866334915161133,0.78
196500,0.9755734205245972,-2.866334915161133,0.78
196600,0.9755734205245972,-2.866334915161133,0.78
196700,0.9755734205245972,-2.866334915161133,0.78
196800,0.9755734205245972,-2.866334915161133,0.78
196900,0.9755734205245972,-2.866334915161133,0.78
197000,0.9755734205245972,-2.866334915161133,0.78
197100,0.9755734205245972,-2.866334915161133,0.78
197200,0.9755734205245972,-2.866334915161133,0.78
197300,0.9755734205245972,-2.866334915161133,0.78
197400,0.9755734205245972,-2.866334915161133,0.78
197500,0.9755734205245972,-2.866334915161133,0.78
197600,0.9755734205245972,-2.866334915161133,0.78
197700,0.9755734205245972,-2.866334915161133,0.78
197800,0.9755734205245972,-2.866334915161133,0.78
197900,0.9755734205245972,-2.866334915161133,0.78
198000,0.9755734205245972,-2.866334915161133,0.78
198100,0.9755734205245972,-2.866334915161133,0.78
198200,0.9755734205245972,-2.866334915161133,0.78
198300,0.9755734205245972,-2.866334915161133,0.78
198400,0.9755734205245972,-2.866334915161133,0.78
198500,0.9755734205245972,-2.866334915161133,0.78
198600,0.9755734205245972,-2.866334915161133,0.78
198700,0.9755734205245972,-2.866334915161133,0.78
198800,0.9755734205245972,-2.866334915161133,0.78
198900,0.9755734205245972,-2.866334915161133,0.78
199000,0.9755734205245972,-2.866334915161133,0.78
199100,0.9755734205245972,-2.866334915161133,0.78
199200,0.9755734205245972,-2.866334915161133,0.78
199300,0.9755734205245972,-2.866334915161133,0.78
199400,0.9755734205245972,-2.866334915161133,0.78
199500,0.9755734205245972,-2.866334915161133,0.78
199600,0.9755734205245972,-2.866334915161133,0.78
199700,0.9755734205245972,-2.866334915161133,0.78
199800,0.9755734205245972,-2.866334915161133,0.78
199900,0.9755734205245972,-2.866334915161133,0.78
200000,0.9755734205245972,-2.866334915161133,0.78
200100,0.9755734205245972,-2.866334915161133,0.78
200200,0.9755734205245972,-2.866334915161133,0.78
200300,0.9755734205245972,-2.866334915161133,0.78
200400,0.9755734205245972,-2.866334915161133,0.78
200500,0.9755734205245972,-2.866334915161133,0.78
200600,0.9755734205245972,-2.866334915161133,0.78
200700,0.9755734205245972,-2.866334915161133,0.78
200800,0.9755734205245972,-2.866334915161133,0.78
200900,0.9755734205245972,-2.866334915161133,0.78
201000,0.9755734205245972,-2.866334915161133,0.78
201100,0.9755734205245972,-2.866334915161133,0.78
201200,0.9755734205245972,-2.866334915161133,0.78
201300,0.9755734205245972,-2.866334915161133,0.78
201400,0.9755734205245972,-2.866334915161133,0.78
201500,0.9755734205245972,-2.866334915161133,0.78
201600,0.9755734205245972,-2.866334915161133,0.78
201700,0.9755734205245972,-2.866334915161133,0.78
201800,0.9755734205245972,-2.866334915161133,0.78
201900,0.9755734205245972,-2.866334915161133,0.78
202000,0.9755734205245972,-2.866334915161133,0.78
202100,0.9755734205245972,-2.866334915161133,0.78
202200,0.9755734205245972,-2.866334915161133,0.78
202300,0.9755734205245972,-2.866334915161133,0.78
202400,0.9755734205245972,-2.866334915161133,0.78
202500,0.9755734205245972,-2.866334915161133,0.78
202600,0.9755734205245972,-2.866334915161133,0.78
202700,0.9755734205245972,-2.866334915161133,0.78
202800,0.9755734205245972,-2.866334915161133,0.78
202900,0.9755734205245972,-2.866334915161133,0.78
203000,0.9755734205245972,-2.866334915161133,0.78
203100,0.9755734205245972,-2.866334915161133,0.78
203200,0.9755734205245972,-2.866334915161133,0.78
203300,0.9755734205245972,-2.866334915161133,0.78
203400,0.9755734205245972,-2.866334915161133,0.78
203500,0.9755734205245972,-2.866334915161133,0.78
203600,0.9755734205245972,-2.866334915161133,0.78
203700,0.9755734205245972,-2.866334915161133,0.78
203800,0.9755734205245972,-2.866334915161133,0.78
203900,0.9755734205245972,-2.866334915161133,0.78
204000,0.9755734205245972,-2.866334915161133,0.78
204100,0.9755734205245972,-2.866334915161133,0.78
204200,0.9755734205245972,-2.866334915161133,0.78
204300,0.9755734205245972,-2.866334915161133,0.78
204400,0.9755734205245972,-2.866334915161133,0.78
204500,0.9755734205245972,-2.866334915161133,0.78
204600,0.9755734205245972,-2.866334915161133,0.78
204700,0.9755734205245972,-2.866334915161133,0.78
204800,0.9755734205245972,-2.866334915161133,0.78
204900,0.9755734205245972,-2.866334915161133,0.78
205000,0.9755734205245972,-2.866334915161133,0.78
205100,0.9755734205245972,-2.866334915161133,0.78
205200,0.9755734205245972,-2.866334915161133,0.78
205300,0.9755734205245972,-2.866334915161133,0.78
205400,0.9755734205245972,-2.866334915161133,0.78
205500,0.9755734205245972,-2.866334915161133,0.78
205600,0.9755734205245972,-2.866334915161133,0.78
205700,0.9755734205245972,-2.866334915161133,0.78
205800,0.9755734205245972,-2.866334915161133,0.78
205900,0.9755734205245972,-2.866334915161133,0.78
206000,0.9755734205245972,-2.866334915161133,0.78
206100,0.9755734205245972,-2.866334915161133,0.78
206200,0.9755734205245972,-2.866334915161133,0.78
206300,0.9755734205245972,-2.866334915161133,0.78
206400,0.9755734205245972,-2.866334915161133,0.78
206500,0.9755734205245972,-2.866334915161133,0.78
206600,0.9755734205245972,-2.866334915161133,0.78
206700,0.9755734205245972,-2.866334915161133,0.78
206800,0.9755734205245972,-2.866334915161133,0.78
206900,0.9755734205245972,-2.866334915161133,0.78
207000,0.9755734205245972,-2.866334915161133,0.78
207100,0.9755734205245972,-2.866334915161133,0.78
207200,0.9755734205245972,-2.866334915161133,0.78
207300,0.9755734205245972,-2.866334915161133,0.78
207400,0.9755734205245972,-2.866334915161133,0.78
207500,0.9755734205245972,-2.866334915161133,0.78
207600,0.9755734205245972,-2.866334915161133,0.78
207700,0.9755734205245972,-2.866334915161133,0.78
207800,0.9755734205245972,-2.866334915161133,0.78
207900,0.9755734205245972,-2.866334915161133,0.78
208000,0.9755734205245972,-2.866334915161133,0.78
208100,0.9755734205245972,-2.866334915161133,0.78
208200,0.9755734205245972,-2.866334915161133,0.78
208300,0.9755734205245972,-2.866334915161133,0.78
208400,0.9755734205245972,-2.866334915161133,0.78
208500,0.9755734205245972,-2.866334915161133,0.78
208600,0.9755734205245972,-2.866334915161133,0.78
208700,0.9755734205245972,-2.866334915161133,0.78
208800,0.9755734205245972,-2.866334915161133,0.78
208900,0.9755734205245972,-2.866334915161133,0.78
209000,0.9755734205245972,-2.866334915161133,0.78
209100,0.9755734205245972,-2.866334915161133,0.78
209200,0.9755734205245972,-2.866334915161133,0.78
209300,0.9755734205245972,-2.866334915161133,0.78
209400,0.9755734205245972,-2.866334915161133,0.78
209500,0.9755734205245972,-2.866334915161133,0.78
209600,0.9755734205245972,-2.866334915161133,0.78
209700,0.9755734205245972,-2.866334915161133,0.78
209800,0.9755734205245972,-2.866334915161133,0.78
209900,0.9755734205245972,-2.866334915161133,0.78
210000,0.9755734205245972,-2.866334915161133,0.69
210100,0.9755734205245972,-2.866334915161133,0.69
210200,0.9755734205245972,-2.866334915161133,0.69
210300,0.9755734205245972,-2.866334915161133,0.69
210400,0.9755734205245972,-2.866334915161133,0.69
210500,0.9755734205245972,-2.866334915161133,0.69
210600,0.9755734205245972,-2.866334915161133,0.69
210700,0.9755734205245972,-2.866334915161133,0.69
210800,0.9755734205245972,-2.866334915161133,0.69
210900,0.9755734205245972,-2.866334915161133,0.69
211000,0.9755734205245972,-2.866334915161133,0.69
211100,0.9755734205245972,-2.866334915161133,0.69
211200,0.9755734205245972,-2.866334915161133,0.69
211300,0.9755734205245972,-2.866334915161133,0.69
211400,0.9755734205245972,-2.866334915161133,0.69
211500,0.9755734205245972,-2.866334915161133,0.69
211600,0.9755734205245972,-2.866334915161133,0.69
211700,0.9755734205245972,-2.866334915161133,0.69
211800,0.9755734205245972,-2.866334915161133,0.69
211900,0.9755734205245972,-2.866334915161133,0.69
212000,0.9755734205245972,-2.866334915161133,0.69
212100,0.9755734205245972,-2.866334915161133,0.69
212200,0.9755734205245972,-2.866334915161133,0.69
212300,0.9755734205245972,-2.866334915161133,0.69
212400,0.9755734205245972,-2.866334915161133,0.69
212500,0.9755734205245972,-2.866334915161133,0.69
212600,0.9755734205245972,-2.866334915161133,0.69
212700,0.9755734205245972,-2.866334915161133,0.69
212800,0.9755734205245972,-2.866334915161133,0.69
212900,0.9755734205245972,-2.866334915161133,0.69
213000,0.9755734205245972,-2.866334915161133,0.69
213100,0.9755734205245972,-2.866334915161133,0.69
213200,0.9755734205245972,-2.866334915161133,0.69
213300,0.9755734205245972,-2.866334915161133,0.69
213400,0.9755734205245972,-2.866334915161133,0.69
213500,0.9755734205245972,-2.866334915161133,0.69
213600,0.9755734205245972,-2.866334915161133,0.69
213700,0.9755734205245972,-2.866334915161133,0.69
213800,0.9755734205245972,-2.866334915161133,0.69
213900,0.9755734205245972,-2.866334915161133,0.69
214000,0.9755734205245972,-2.866334915161133,0.69
214100,0.9755734205245972,-2.866334915161133,0.69
214200,0.9755734205245972,-2.866334915161133,0.69
214300,0.9755734205245972,-2.866334915161133,0.69
214400,0.9755734205245972,-2.866334915161133,0.69
214500,0.9755734205245972,-2.866334915161133,0.69
214600,0.9755734205245972,-2.866334915161133,0.69
214700,0.9755734205245972,-2.866334915161133,0.69
214800,0.9755734205245972,-2.866334915161133,0.69
214900,0.9755734205245972,-2.866334915161133,0.69
215000,0.9755734205245972,-2.866334915161133,0.69
215100,0.9755734205245972,-2.866334915161133,0.69
215200,0.9755734205245972,-2.866334915161133,0.69
215300,0.9755734205245972,-2.866334915161133,0.69
215400,0.9755734205245972,-2.866334915161133,0.69
215500,0.9755734205245972,-2.866334915161133,0.69
215600,0.9755734205245972,-2.866334915161133,0.69
215700,0.9755734205245972,-2.866334915161133,0.69
215800,0.9755734205245972,-2.866334915161133,0.69
215900,0.9755734205245972,-2.866334915161133,0.69
216000,0.9755734205245972,-2.866334915161133,0.69
216100,0.9755734205245972,-2.866334915161133,0.69
216200,0.9755734205245972,-2.866334915161133,0.69
216300,0.9755734205245972,-2.866334915161133,0.69
216400,0.9755734205245972,-2.866334915161133,0.69
216500,0.9755734205245972,-2.866334915161133,0.69
216600,0.9755734205245972,-2.866334915161133,0.69
216700,0.9755734205245972,-2.866334915161133,0.69
216800,0.9755734205245972,-2.866334915161133,0.69
216900,0.9755734205245972,-2.866334915161133,0.69
217000,0.9755734205245972,-2.866334915161133,0.69
217100,0.9755734205245972,-2.866334915161133,0.69
217200,0.9755734205245972,-2.866334915161133,0.69
217300,0.9755734205245972,-2.866334915161133,0.69
217400,0.9755734205245972,-2.866334915161133,0.69
217500,0.9755734205245972,-2.866334915161133,0.69
217600,0.9755734205245972,-2.866334915161133,0.69
217700,0.9755734205245972,-2.866334915161133,0.69
217800,0.9755734205245972,-2.866334915161133,0.69
217900,0.9755734205245972,-2.866334915161133,0.69
218000,0.9755734205245972,-2.866334915161133,0.69
218100,0.9755734205245972,-2.866334915161133,0.69
218200,0.9755734205245972,-2.866334915161133,0.69
218300,0.9755734205245972,-2.866334915161133,0.69
218400,0.9755734205245972,-2.866334915161133,0.69
218500,0.9755734205245972,-2.866334915161133,0.69
218600,0.9755734205245972,-2.866334915161133,0.69
218700,0.9755734205245972,-2.866334915161133,0.69
218800,0.9755734205245972,-2.866334915161133,0.69
218900,0.9755734205245972,-2.866334915161133,0.69
219000,0.9755734205245972,-2.866334915161133,0.69
219100,0.9755734205245972,-2.866334915161133,0.69
219200,0.9755734205245972,-2.866334915161133,0.69
219300,0.9755734205245972,-2.866334915161133,0.69
219400,0.9755734205245972,-2.866334915161133,0.69
219500,0.9755734205245972,-2.866334915161133,0.69
219600,0.9755734205245972,-2.866334915161133,0.69
219700,0.9755734205245972,-2.866334915161133,0.69
219800,0.9755734205245972,-2.866334915161133,0.69
219900,0.9755734205245972,-2.866334915161133,0.69
220000,0.9755734205245972,-2.866334915161133,0.69
220100,0.9755734205245972,-2.866334915161133,0.69
220200,0.9755734205245972,-2.866334915161133,0.69
220300,0.9755734205245972,-2.866334915161133,0.69
220400,0.9755734205245972,-2.866334915161133,0.69
220500,0.9755734205245972,-2.866334915161133,0.69
220600,0.9755734205245972,-2.866334915161133,0.69
220700,0.9755734205245972,-2.866334915161133,0.69
220800,0.9755734205245972,-2.866334915161133,0.69
220900,0.9755734205245972,-2.866334915161133,0.69
221000,0.9755734205245972,-2.866334915161133,0.69
221100,0.9755734205245972,-2.866334915161133,0.69
221200,0.9755734205245972,-2.866334915161133,0.69
221300,0.9755734205245972,-2.866334915161133,0.69
221400,0.9755734205245972,-2.866334915161133,0.69
221500,0.9755734205245972,-2.866334915161133,0.69
221600,0.9755734205245972,-2.866334915161133,0.69
221700,0.9755734205245972,-2.866334915161133,0.69
221800,0.9755734205245972,-2.866334915161133,0.69
221900,0.9755734205245972,-2.866334915161133,0.69
222000,0.9755734205245972,-2.866334915161133,0.69
222100,0.9755734205245972,-2.866334915161133,0.69
222200,0.9755734205245972,-2.866334915161133,0.69
222300,0.9755734205245972,-2.866334915161133,0.69
222400,0.9755734205245972,-2.866334915161133,0.69
222500,0.9755734205245972,-2.866334915161133,0.69
222600,0.9755734205245972,-2.866334915161133,0.69
222700,0.9755734205245972,-2.866334915161133,0.69
222800,0.9755734205245972,-2.866334915161133,0.69
222900,0.9755734205245972,-2.866334915161133,0.69
223000,0.9755734205245972,-2.866334915161133,0.69
223100,0.9755734205245972,-2.866334915161133,0.69
223200,0.9755734205245972,-2.866334915161133,0.69
223300,0.9755734205245972,-2.866334915161133,0.69
223400,0.9755734205245972,-2.866334915161133,0.69
223500,0.9755734205245972,-2.866334915161133,0.69
223600,0.9755734205245972,-2.866334915161133,0.69
223700,0.9755734205245972,-2.866334915161133,0.69
223800,0.9755734205245972,-2.866334915161133,0.69
223900,0.9755734205245972,-2.866334915161133,0.69
224000,0.9755734205245972,-2.866334915161133,0.69
224100,0.9755734205245972,-2.866334915161133,0.69
224200,0.9755734205245972,-2.866334915161133,0.69
224300,0.9755734205245972,-2.866334915161133,0.69
224400,0.9755734205245972,-2.866334915161133,0.69
224500,0.9755734205245972,-2.866334915161133,0.69
224600,0.9755734205245972,-2.866334915161133,0.69
224700,0.9755734205245972,-2.866334915161133,0.69
224800,0.9755734205245972,-2.866334915161133,0.69
224900,0.9755734205245972,-2.866334915161133,0.69
225000,0.9755734205245972,-2.866334915161133,0.69
225100,0.9755734205245972,-2.866334915161133,0.69
225200,0.9755734205245972,-2.866334915161133,0.69
225300,0.9755734205245972,-2.866334915161133,0.69
225400,0.9755734205245972,-2.866334915161133,0.69
225500,0.9755734205245972,-2.866334915161133,0.69
225600,0.9755734205245972,-2.866334915161133,0.69
225700,0.9755734205245972,-2.866334915161133,0.69
225800,0.9755734205245972,-2.866334915161133,0.69
225900,0.9755734205245972,-2.866334915161133,0.69
226000,0.9755734205245972,-2.866334915161133,0.69
226100,0.9755734205245972,-2.866334915161133,0.69
226200,0.9755734205245972,-2.866334915161133,0.69
226300,0.9755734205245972,-2.866334915161133,0.69
226400,0.9755734205245972,-2.866334915161133,0.69
226500,0.9755734205245972,-2.866334915161133,0.69
226600,0.9755734205245972,-2.866334915161133,0.69
226700,0.9755734205245972,-2.866334915161133,0.69
226800,0.9755734205245972,-2.866334915161133,0.69
226900,0.9755734205245972,-2.866334915161133,0.69
227000,0.9755734205245972,-2.866334915161133,0.69
227100,0.9755734205245972,-2.866334915161133,0.69
227200,0.9755734205245972,-2.866334915161133,0.69
227300,0.9755734205245972,-2.866334915161133,0.69
227400,0.9755734205245972,-2.866334915161133,0.69
227500,0.9755734205245972,-2.866334915161133,0.69
227600,0.9755734205245972,-2.866334915161133,0.69
227700,0.9755734205245972,-2.866334915161133,0.69
227800,0.9755734205245972,-2.866334915161133,0.69
227900,0.9755734205245972,-2.866334915161133,0.69
228000,0.9755734205245972,-2.866334915161133,0.69
228100,0.9755734205245972,-2.866334915161133,0.69
228200,0.9755734205245972,-2.866334915161133,0.69
228300,0.9755734205245972,-2.866334915161133,0.69
228400,0.9755734205245972,-2.866334915161133,0.69
228500,0.9755734205245972,-2.866334915161133,0.69
228600,0.9755734205245972,-2.866334915161133,0.69
228700,0.9755734205245972,-2.866334915161133,0.69
228800,0.9755734205245972,-2.866334915161133,0.69
228900,0.9755734205245972,-2.866334915161133,0.69
229000,0.9755734205245972,-2.866334915161133,0.69
229100,0.9755734205245972,-2.866334915161133,0.69
229200,0.9755734205245972,-2.866334915161133,0.69
229300,0.9755734205245972,-2.866334915161133,0.69
229400,0.9755734205245972,-2.866334915161133,0.69
229500,0.9755734205245972,-2.866334915161133,0.69
229600,0.9755734205245972,-2.866334915161133,0.69
229700,0.9755734205245972,-2.866334915161133,0.69
229800,0.9755734205245972,-2.866334915161133,0.69
229900,0.9755734205245972,-2.866334915161133,0.69
230000,0.9755734205245972,-2.866334915161133,0.69
230100,0.9755734205245972,-2.866334915161133,0.69
230200,0.9755734205245972,-2.866334915161133,0.69
230300,0.9755734205245972,-2.866334915161133,0.69
230400,0.9755734205245972,-2.866334915161133,0.69
230500,0.9755734205245972,-2.866334915161133,0.69
230600,0.9755734205245972,-2.866334915161133,0.69
230700,0.9755734205245972,-2.866334915161133,0.69
230800,0.9755734205245972,-2.866334915161133,0.69
230900,0.9755734205245972,-2.866334915161133,0.69
231000,0.9755734205245972,-2.866334915161133,0.69
231100,0.9755734205245972,-2.866334915161133,0.69
231200,0.9755734205245972,-2.866334915161133,0.69
231300,0.9755734205245972,-2.866334915161133,0.69
231400,0.9755734205245972,-2.866334915161133,0.69
231500,0.9755734205245972,-2.866334915161133,0.69
231600,0.9755734205245972,-2.866334915161133,0.69
231700,0.9755734205245972,-2.866334915161133,0.69
231800,0.9755734205245972,-2.866334915161133,0.69
231900,0.9755734205245972,-2.866334915161133,0.69
232000,0.9755734205245972,-2.866334915161133,0.69
232100,0.9755734205245972,-2.866334915161133,0.69
232200,0.9755734205245972,-2.866334915161133,0.69
232300,0.9755734205245972,-2.866334915161133,0.69
232400,0.9755734205245972,-2.866334915161133,0.69
232500,0.9755734205245972,-2.866334915161133,0.69
232600,0.9755734205245972,-2.866334915161133,0.69
232700,0.9755734205245972,-2.866334915161133,0.69
232800,0.9755734205245972,-2.866334915161133,0.69
232900,0.9755734205245972,-2.866334915161133,0.69
233000,0.9755734205245972,-2.866334915161133,0.69
233100,0.9755734205245972,-2.866334915161133,0.69
233200,0.9755734205245972,-2.866334915161133,0.69
233300,0.9755734205245972,-2.866334915161133,0.69
233400,0.9755734205245972,-2.866334915161133,0.69
233500,0.9755734205245972,-2.866334915161133,0.69
233600,0.9755734205245972,-2.866334915161133,0.69
233700,0.9755734205245972,-2.866334915161133,0.69
233800,0.9755734205245972,-2.866334915161133,0.69
233900,0.9755734205245972,-2.866334915161133,0.69
234000,0.9755734205245972,-2.866334915161133,0.69
234100,0.9755734205245972,-2.866334915161133,0.69
234200,0.9755734205245972,-2.866334915161133,0.69
234300,0.9755734205245972,-2.866334915161133,0.69
234400,0.9755734205245972,-2.866334915161133,0.69
234500,0.9755734205245972,-2.866334915161133,0.69
234600,0.9755734205245972,-2.866334915161133,0.69
234700,0.9755734205245972,-2.866334915161133,0.69
234800,0.9755734205245972,-2.866334915161133,0.69
234900,0.9755734205245972,-2.866334915161133,0.69
235000,0.9755734205245972,-2.866334915161133,0.69
235100,0.9755734205245972,-2.866334915161133,0.69
235200,0.9755734205245972,-2.866334915161133,0.69
235300,0.9755734205245972,-2.866334915161133,0.69
235400,0.9755734205245972,-2.866334915161133,0.69
235500,0.9755734205245972,-2.866334915161133,0.69
235600,0.9755734205245972,-2.866334915161133,0.69
235700,0.9755734205245972,-2.866334915161133,0.69
235800,0.9755734205245972,-2.866334915161133,0.69
235900,0.9755734205245972,-2.866334915161133,0.69
236000,0.9755734205245972,-2.866334915161133,0.69
236100,0.9755734205245972,-2.866334915161133,0.69
236200,0.9755734205245972,-2.866334915161133,0.69
236300,0.9755734205245972,-2.866334915161133,0.69
236400,0.9755734205245972,-2.866334915161133,0.69
236500,0.9755734205245972,-2.866334915161133,0.69
236600,0.9755734205245972,-2.866334915161133,0.69
236700,0.9755734205245972,-2.866334915161133,0.69
236800,0.9755734205245972,-2.866334915161133,0.69
236900,0.9755734205245972,-2.866334915161133,0.69
237000,0.9755734205245972,-2.866334915161133,0.69
237100,0.9755734205245972,-2.866334915161133,0.69
237200,0.9755734205245972,-2.866334915161133,0.69
237300,0.9755734205245972,-2.866334915161133,0.69
237400,0.9755734205245972,-2.866334915161133,0.69
237500,0.9755734205245972,-2.866334915161133,0.69
237600,0.9755734205245972,-2.866334915161133,0.69
237700,0.9755734205245972,-2.866334915161133,0.69
237800,0.9755734205245972,-2.866334915161133,0.69
237900,0.9755734205245972,-2.866334915161133,0.69
238000,0.9755734205245972,-2.866334915161133,0.69
238100,0.9755734205245972,-2.866334915161133,0.69
238200,0.9755734205245972,-2.866334915161133,0.69
238300,0.9755734205245972,-2.866334915161133,0.69
238400,0.9755734205245972,-2.866334915161133,0.69
238500,0.9755734205245972,-2.866334915161133,0.69
238600,0.9755734205245972,-2.866334915161133,0.69
238700,0.9755734205245972,-2.866334915161133,0.69
238800,0.9755734205245972,-2.866334915161133,0.69
238900,0.9755734205245972,-2.866334915161133,0.69
239000,0.9755734205245972,-2.866334915161133,0.69
239100,0.9755734205245972,-2.866334915161133,0.69
239200,0.9755734205245972,-2.866334915161133,0.69
239300,0.9755734205245972,-2.866334915161133,0.69
239400,0.9755734205245972,-2.866334915161133,0.69
239500,0.9755734205245972,-2.866334915161133,0.69
239600,0.9755734205245972,-2.866334915161133,0.69
239700,0.9755734205245972,-2.866334915161133,0.69
239800,0.9755734205245972,-2.866334915161133,0.69
239900,0.9755734205245972,-2.866334915161133,0.69
240000,0.9755734205245972,-2.866334915161133,0.66
240100,0.9755734205245972,-2.866334915161133,0.66
240200,0.9755734205245972,-2.866334915161133,0.66
240300,0.9755734205245972,-2.866334915161133,0.66
240400,0.9755734205245972,-2.866334915161133,0.66
240500,0.9755734205245972,-2.866334915161133,0.66
240600,0.9755734205245972,-2.866334915161133,0.66
240700,0.9755734205245972,-2.866334915161133,0.66
240800,0.9755734205245972,-2.866334915161133,0.66
240900,0.9755734205245972,-2.866334915161133,0.66
241000,0.9755734205245972,-2.866334915161133,0.66
241100,0.9755734205245972,-2.866334915161133,0.66
241200,0.9755734205245972,-2.866334915161133,0.66
241300,0.9755734205245972,-2.866334915161133,0.66
241400,0.9755734205245972,-2.866334915161133,0.66
241500,0.9755734205245972,-2.866334915161133,0.66
241600,0.9755734205245972,-2.866334915161133,0.66
241700,0.9755734205245972,-2.866334915161133,0.66
241800,0.9755734205245972,-2.866334915161133,0.66
241900,0.9755734205245972,-2.866334915161133,0.66
242000,0.9755734205245972,-2.866334915161133,0.66
242100,0.9755734205245972,-2.866334915161133,0.66
242200,0.9755734205245972,-2.866334915161133,0.66
242300,0.9755734205245972,-2.866334915161133,0.66
242400,0.9755734205245972,-2.866334915161133,0.66
242500,0.9755734205245972,-2.866334915161133,0.66
242600,0.9755734205245972,-2.866334915161133,0.66
242700,0.9755734205245972,-2.866334915161133,0.66
242800,0.9755734205245972,-2.866334915161133,0.66
242900,0.9755734205245972,-2.866334915161133,0.66
243000,0.9755734205245972,-2.866334915161133,0.66
243100,0.9755734205245972,-2.866334915161133,0.66
243200,0.9755734205245972,-2.866334915161133,0.66
243300,0.9755734205245972,-2.866334915161133,0.66
243400,0.9755734205245972,-2.866334915161133,0.66
243500,0.9755734205245972,-2.866334915161133,0.66
243600,0.9755734205245972,-2.866334915161133,0.66
243700,0.9755734205245972,-2.866334915161133,0.66
243800,0.9755734205245972,-2.866334915161133,0.66
243900,0.9755734205245972,-2.866334915161133,0.66
244000,0.9755734205245972,-2.866334915161133,0.66
244100,0.9755734205245972,-2.866334915161133,0.66
244200,0.9755734205245972,-2.866334915161133,0.66
244300,0.9755734205245972,-2.866334915161133,0.66
244400,0.9755734205245972,-2.866334915161133,0.66
244500,0.9755734205245972,-2.866334915161133,0.66
244600,0.9755734205245972,-2.866334915161133,0.66
244700,0.9755734205245972,-2.866334915161133,0.66
244800,0.9755734205245972,-2.866334915161133,0.66
244900,0.9755734205245972,-2.866334915161133,0.66
245000,0.9755734205245972,-2.866334915161133,0.66
245100,0.9755734205245972,-2.866334915161133,0.66
245200,0.9755734205245972,-2.866334915161133,0.66
245300,0.9755734205245972,-2.866334915161133,0.66
245400,0.9755734205245972,-2.866334915161133,0.66
245500,0.9755734205245972,-2.866334915161133,0.66
245600,0.9755734205245972,-2.866334915161133,0.66
245700,0.9755734205245972,-2.866334915161133,0.66
245800,0.9755734205245972,-2.866334915161133,0.66
245900,0.9755734205245972,-2.866334915161133,0.66
246000,0.9755734205245972,-2.866334915161133,0.66
246100,0.9755734205245972,-2.866334915161133,0.66
246200,0.9755734205245972,-2.866334915161133,0.66
246300,0.9755734205245972,-2.866334915161133,0.66
246400,0.9755734205245972,-2.866334915161133,0.66
246500,0.9755734205245972,-2.866334915161133,0.66
246600,0.9755734205245972,-2.866334915161133,0.66
246700,0.9755734205245972,-2.866334915161133,0.66
246800,0.9755734205245972,-2.866334915161133,0.66
246900,0.9755734205245972,-2.866334915161133,0.66
247000,0.9755734205245972,-2.866334915161133,0.66
247100,0.9755734205245972,-2.866334915161133,0.66
247200,0.9755734205245972,-2.866334915161133,0.66
247300,0.9755734205245972,-2.866334915161133,0.66
247400,0.9755734205245972,-2.866334915161133,0.66
247500,0.9755734205245972,-2.866334915161133,0.66
247600,0.9755734205245972,-2.866334915161133,0.66
247700,0.9755734205245972,-2.866334915161133,0.66
247800,0.9755734205245972,-2.866334915161133,0.66
247900,0.9755734205245972,-2.866334915161133,0.66
248000,0.9755734205245972,-2.866334915161133,0.66
248100,0.9755734205245972,-2.866334915161133,0.66
248200,0.9755734205245972,-2.866334915161133,0.66
248300,0.9755734205245972,-2.866334915161133,0.66
248400,0.9755734205245972,-2.866334915161133,0.66
248500,0.9755734205245972,-2.866334915161133,0.66
248600,0.9755734205245972,-2.866334915161133,0.66
248700,0.9755734205245972,-2.866334915161133,0.66
248800,0.9755734205245972,-2.866334915161133,0.66
248900,0.9755734205245972,-2.866334915161133,0.66
249000,0.9755734205245972,-2.866334915161133,0.66
249100,0.9755734205245972,-2.866334915161133,0.66
249200,0.9755734205245972,-2.866334915161133,0.66
249300,0.9755734205245972,-2.866334915161133,0.66
249400,0.9755734205245972,-2.866334915161133,0.66
249500,0.9755734205245972,-2.866334915161133,0.66
249600,0.9755734205245972,-2.866334915161133,0.66
249700,0.9755734205245972,-2.866334915161133,0.66
249800,0.9755734205245972,-2.866334915161133,0.66
249900,0.9755734205245972,-2.866334915161133,0.66
250000,0.9755734205245972,-2.866334915161133,0.66
250100,0.9755734205245972,-2.866334915161133,0.66
250200,0.9755734205245972,-2.866334915161133,0.66
250300,0.9755734205245972,-2.866334915161133,0.66
250400,0.9755734205245972,-2.866334915161133,0.66
250500,0.9755734205245972,-2.866334915161133,0.66
250600,0.9755734205245972,-2.866334915161133,0.66
250700,0.9755734205245972,-2.866334915161133,0.66
250800,0.9755734205245972,-2.866334915161133,0.66
250900,0.9755734205245972,-2.866334915161133,0.66
251000,0.9755734205245972,-2.866334915161133,0.66
251100,0.9755734205245972,-2.866334915161133,0.66
251200,0.9755734205245972,-2.866334915161133,0.66
251300,0.9755734205245972,-2.866334915161133,0.66
251400,0.9755734205245972,-2.866334915161133,0.66
251500,0.9755734205245972,-2.866334915161133,0.66
251600,0.9755734205245972,-2.866334915161133,0.66
251700,0.9755734205245972,-2.866334915161133,0.66
251800,0.9755734205245972,-2.866334915161133,0.66
251900,0.9755734205245972,-2.866334915161133,0.66
252000,0.9755734205245972,-2.866334915161133,0.66
252100,0.9755734205245972,-2.866334915161133,0.66
252200,0.9755734205245972,-2.866334915161133,0.66
252300,0.9755734205245972,-2.866334915161133,0.66
252400,0.9755734205245972,-2.866334915161133,0.66
252500,0.9755734205245972,-2.866334915161133,0.66
252600,0.9755734205245972,-2.866334915161133,0.66
252700,0.9755734205245972,-2.866334915161133,0.66
252800,0.9755734205245972,-2.866334915161133,0.66
252900,0.9755734205245972,-2.866334915161133,0.66
253000,0.9755734205245972,-2.866334915161133,0.66
253100,0.9755734205245972,-2.866334915161133,0.66
253200,0.9755734205245972,-2.866334915161133,0.66
253300,0.9755734205245972,-2.866334915161133,0.66
253400,0.9755734205245972,-2.866334915161133,0.66
253500,0.9755734205245972,-2.866334915161133,0.66
253600,0.9755734205245972,-2.866334915161133,0.66
253700,0.9755734205245972,-2.866334915161133,0.66
253800,0.9755734205245972,-2.866334915161133,0.66
253900,0.9755734205245972,-2.866334915161133,0.66
254000,0.9755734205245972,-2.866334915161133,0.66
254100,0.9755734205245972,-2.866334915161133,0.66
254200,0.9755734205245972,-2.866334915161133,0.66
254300,0.9755734205245972,-2.866334915161133,0.66
254400,0.9755734205245972,-2.866334915161133,0.66
254500,0.9755734205245972,-2.866334915161133,0.66
254600,0.9755734205245972,-2.866334915161133,0.66
254700,0.9755734205245972,-2.866334915161133,0.66
254800,0.9755734205245972,-2.866334915161133,0.66
254900,0.9755734205245972,-2.866334915161133,0.66
255000,0.9755734205245972,-2.866334915161133,0.66
255100,0.9755734205245972,-2.866334915161133,0.66
255200,0.9755734205245972,-2.866334915161133,0.66
255300,0.9755734205245972,-2.866334915161133,0.66
255400,0.9755734205245972,-2.866334915161133,0.66
255500,0.9755734205245972,-2.866334915161133,0.66
255600,0.9755734205245972,-2.866334915161133,0.66
255700,0.9755734205245972,-2.866334915161133,0.66
255800,0.9755734205245972,-2.866334915161133,0.66
255900,0.9755734205245972,-2.866334915161133,0.66
256000,0.9755734205245972,-2.866334915161133,0.66
256100,0.9755734205245972,-2.866334915161133,0.66
256200,0.9755734205245972,-2.866334915161133,0.66
256300,0.9755734205245972,-2.866334915161133,0.66
256400,0.9755734205245972,-2.866334915161133,0.66
256500,0.9755734205245972,-2.866334915161133,0.66
256600,0.9755734205245972,-2.866334915161133,0.66
256700,0.9755734205245972,-2.866334915161133,0.66
256800,0.9755734205245972,-2.866334915161133,0.66
256900,0.9755734205245972,-2.866334915161133,0.66
257000,0.9755734205245972,-2.866334915161133,0.66
257100,0.9755734205245972,-2.866334915161133,0.66
257200,0.9755734205245972,-2.866334915161133,0.66
257300,0.9755734205245972,-2.866334915161133,0.66
257400,0.9755734205245972,-2.866334915161133,0.66
257500,0.9755734205245972,-2.866334915161133,0.66
257600,0.9755734205245972,-2.866334915161133,0.66
257700,0.9755734205245972,-2.866334915161133,0.66
257800,0.9755734205245972,-2.866334915161133,0.66
257900,0.9755734205245972,-2.866334915161133,0.66
258000,0.9755734205245972,-2.866334915161133,0.66
258100,0.9755734205245972,-2.866334915161133,0.66
258200,0.9755734205245972,-2.866334915161133,0.66
258300,0.9755734205245972,-2.866334915161133,0.66
258400,0.9755734205245972,-2.866334915161133,0.66
258500,0.9755734205245972,-2.866334915161133,0.66
258600,0.9755734205245972,-2.866334915161133,0.66
258700,0.9755734205245972,-2.866334915161133,0.66
258800,0.9755734205245972,-2.866334915161133,0.66
258900,0.9755734205245972,-2.866334915161133,0.66
259000,0.9755734205245972,-2.866334915161133,0.66
259100,0.9755734205245972,-2.866334915161133,0.66
259200,0.9755734205245972,-2.866334915161133,0.66
259300,0.9755734205245972,-2.866334915161133,0.66
259400,0.9755734205245972,-2.866334915161133,0.66
259500,0.9755734205245972,-2.866334915161133,0.66
259600,0.9755734205245972,-2.866334915161133,0.66
259700,0.9755734205245972,-2.866334915161133,0.66
259800,0.9755734205245972,-2.866334915161133,0.66
259900,0.9755734205245972,-2.866334915161133,0.66
260000,0.9755734205245972,-2.866334915161133,0.66
260100,0.9755734205245972,-2.866334915161133,0.66
260200,0.9755734205245972,-2.866334915161133,0.66
260300,0.9755734205245972,-2.866334915161133,0.66
260400,0.9755734205245972,-2.866334915161133,0.66
260500,0.9755734205245972,-2.866334915161133,0.66
260600,0.9755734205245972,-2.866334915161133,0.66
260700,0.9755734205245972,-2.866334915161133,0.66
260800,0.9755734205245972,-2.866334915161133,0.66
260900,0.9755734205245972,-2.866334915161133,0.66
261000,0.9755734205245972,-2.866334915161133,0.66
261100,0.9755734205245972,-2.866334915161133,0.66
261200,0.9755734205245972,-2.866334915161133,0.66
261300,0.9755734205245972,-2.866334915161133,0.66
261400,0.9755734205245972,-2.866334915161133,0.66
261500,0.9755734205245972,-2.866334915161133,0.66
261600,0.9755734205245972,-2.866334915161133,0.66
261700,0.9755734205245972,-2.866334915161133,0.66
261800,0.9755734205245972,-2.866334915161133,0.66
261900,0.9755734205245972,-2.866334915161133,0.66
262000,0.9755734205245972,-2.866334915161133,0.66
262100,0.9755734205245972,-2.866334915161133,0.66
262200,0.9755734205245972,-2.866334915161133,0.66
262300,0.9755734205245972,-2.866334915161133,0.66
262400,0.9755734205245972,-2.866334915161133,0.66
262500,0.9755734205245972,-2.866334915161133,0.66
262600,0.9755734205245972,-2.866334915161133,0.66
262700,0.9755734205245972,-2.866334915161133,0.66
262800,0.9755734205245972,-2.866334915161133,0.66
262900,0.9755734205245972,-2.866334915161133,0.66
263000,0.9755734205245972,-2.866334915161133,0.66
263100,0.9755734205245972,-2.866334915161133,0.66
263200,0.9755734205245972,-2.866334915161133,0.66
263300,0.9755734205245972,-2.866334915161133,0.66
263400,0.9755734205245972,-2.866334915161133,0.66
263500,0.9755734205245972,-2.866334915161133,0.66
263600,0.9755734205245972,-2.866334915161133,0.66
263700,0.9755734205245972,-2.866334915161133,0.66
263800,0.9755734205245972,-2.866334915161133,0.66
263900,0.9755734205245972,-2.866334915161133,0.66
264000,0.9755734205245972,-2.866334915161133,0.66
264100,0.9755734205245972,-2.866334915161133,0.66
264200,0.9755734205245972,-2.866334915161133,0.66
264300,0.9755734205245972,-2.866334915161133,0.66
264400,0.9755734205245972,-2.866334915161133,0.66
264500,0.9755734205245972,-2.866334915161133,0.66
264600,0.9755734205245972,-2.866334915161133,0.66
264700,0.9755734205245972,-2.866334915161133,0.66
264800,0.9755734205245972,-2.866334915161133,0.66
264900,0.9755734205245972,-2.866334915161133,0.66
265000,0.9755734205245972,-2.866334915161133,0.66
265100,0.9755734205245972,-2.866334915161133,0.66
265200,0.9755734205245972,-2.866334915161133,0.66
265300,0.9755734205245972,-2.866334915161133,0.66
265400,0.9755734205245972,-2.866334915161133,0.66
265500,0.9755734205245972,-2.866334915161133,0.66
265600,0.9755734205245972,-2.866334915161133,0.66
265700,0.9755734205245972,-2.866334915161133,0.66
265800,0.9755734205245972,-2.866334915161133,0.66
265900,0.9755734205245972,-2.866334915161133,0.66
266000,0.9755734205245972,-2.866334915161133,0.66
266100,0.9755734205245972,-2.866334915161133,0.66
266200,0.9755734205245972,-2.866334915161133,0.66
266300,0.9755734205245972,-2.866334915161133,0.66
266400,0.9755734205245972,-2.866334915161133,0.66
266500,0.9755734205245972,-2.866334915161133,0.66
266600,0.9755734205245972,-2.866334915161133,0.66
266700,0.9755734205245972,-2.866334915161133,0.66
266800,0.9755734205245972,-2.866334915161133,0.66
266900,0.9755734205245972,-2.866334915161133,0.66
267000,0.9755734205245972,-2.866334915161133,0.66
267100,0.9755734205245972,-2.866334915161133,0.66
267200,0.9755734205245972,-2.866334915161133,0.66
267300,0.9755734205245972,-2.866334915161133,0.66
267400,0.9755734205245972,-2.866334915161133,0.66
267500,0.9755734205245972,-2.866334915161133,0.66
267600,0.9755734205245972,-2.866334915161133,0.66
267700,0.9755734205245972,-2.866334915161133,0.66
267800,0.9755734205245972,-2.866334915161133,0.66
267900,0.9755734205245972,-2.866334915161133,0.66
268000,0.9755734205245972,-2.866334915161133,0.66
268100,0.9755734205245972,-2.866334915161133,0.66
268200,0.9755734205245972,-2.866334915161133,0.66
268300,0.9755734205245972,-2.866334915161133,0.66
268400,0.9755734205245972,-2.866334915161133,0.66
268500,0.9755734205245972,-2.866334915161133,0.66
268600,0.9755734205245972,-2.866334915161133,0.66
268700,0.9755734205245972,-2.866334915161133,0.66
268800,0.9755734205245972,-2.866334915161133,0.66
268900,0.9755734205245972,-2.866334915161133,0.66
269000,0.9755734205245972,-2.866334915161133,0.66
269100,0.9755734205245972,-2.866334915161133,0.66
269200,0.9755734205245972,-2.866334915161133,0.66
269300,0.9755734205245972,-2.866334915161133,0.66
269400,0.9755734205245972,-2.866334915161133,0.66
269500,0.9755734205245972,-2.866334915161133,0.66
269600,0.9755734205245972,-2.866334915161133,0.66
269700,0.9755734205245972,-2.866334915161133,0.66
269800,0.9755734205245972,-2.866334915161133,0.66
269900,0.9755734205245972,-2.866334915161133,0.66
270000,0.9755734205245972,-2.866334915161133,0.47
270100,0.9755734205245972,-2.866334915161133,0.47
270200,0.9755734205245972,-2.866334915161133,0.47
270300,0.9755734205245972,-2.866334915161133,0.47
270400,0.9755734205245972,-2.866334915161133,0.47
270500,0.9755734205245972,-2.866334915161133,0.47
270600,0.9755734205245972,-2.866334915161133,0.47
270700,0.9755734205245972,-2.866334915161133,0.47
270800,0.9755734205245972,-2.866334915161133,0.47
270900,0.9755734205245972,-2.866334915161133,0.47
271000,0.9755734205245972,-2.866334915161133,0.47
271100,0.9755734205245972,-2.866334915161133,0.47
271200,0.9755734205245972,-2.866334915161133,0.47
271300,0.9755734205245972,-2.866334915161133,0.47
271400,0.9755734205245972,-2.866334915161133,0.47
271500,0.9755734205245972,-2.866334915161133,0.47
271600,0.9755734205245972,-2.866334915161133,0.47
271700,0.9755734205245972,-2.866334915161133,0.47
271800,0.9755734205245972,-2.866334915161133,0.47
271900,0.9755734205245972,-2.866334915161133,0.47
272000,0.9755734205245972,-2.866334915161133,0.47
272100,0.9755734205245972,-2.866334915161133,0.47
272200,0.9755734205245972,-2.866334915161133,0.47
272300,0.9755734205245972,-2.866334915161133,0.47
272400,0.9755734205245972,-2.866334915161133,0.47
272500,0.9755734205245972,-2.866334915161133,0.47
272600,0.9755734205245972,-2.866334915161133,0.47
272700,0.9755734205245972,-2.866334915161133,0.47
272800,0.9755734205245972,-2.866334915161133,0.47
272900,0.9755734205245972,-2.866334915161133,0.47
273000,0.9755734205245972,-2.866334915161133,0.47
273100,0.9755734205245972,-2.866334915161133,0.47
273200,0.9755734205245972,-2.866334915161133,0.47
273300,0.9755734205245972,-2.866334915161133,0.47
273400,0.9755734205245972,-2.866334915161133,0.47
273500,0.9755734205245972,-2.866334915161133,0.47
273600,0.9755734205245972,-2.866334915161133,0.47
273700,0.9755734205245972,-2.866334915161133,0.47
273800,0.9755734205245972,-2.866334915161133,0.47
273900,0.9755734205245972,-2.866334915161133,0.47
274000,0.9755734205245972,-2.866334915161133,0.47
274100,0.9755734205245972,-2.866334915161133,0.47
274200,0.9755734205245972,-2.866334915161133,0.47
274300,0.9755734205245972,-2.866334915161133,0.47
274400,0.9755734205245972,-2.866334915161133,0.47
274500,0.9755734205245972,-2.866334915161133,0.47
274600,0.9755734205245972,-2.866334915161133,0.47
274700,0.9755734205245972,-2.866334915161133,0.47
274800,0.9755734205245972,-2.866334915161133,0.47
274900,0.9755734205245972,-2.866334915161133,0.47
275000,0.9755734205245972,-2.866334915161133,0.47
275100,0.9755734205245972,-2.866334915161133,0.47
275200,0.9755734205245972,-2.866334915161133,0.47
275300,0.9755734205245972,-2.866334915161133,0.47
275400,0.9755734205245972,-2.866334915161133,0.47
275500,0.9755734205245972,-2.866334915161133,0.47
275600,0.9755734205245972,-2.866334915161133,0.47
275700,0.9755734205245972,-2.866334915161133,0.47
275800,0.9755734205245972,-2.866334915161133,0.47
275900,0.9755734205245972,-2.866334915161133,0.47
276000,0.9755734205245972,-2.866334915161133,0.47
276100,0.9755734205245972,-2.866334915161133,0.47
276200,0.9755734205245972,-2.866334915161133,0.47
276300,0.9755734205245972,-2.866334915161133,0.47
276400,0.9755734205245972,-2.866334915161133,0.47
276500,0.9755734205245972,-2.866334915161133,0.47
276600,0.9755734205245972,-2.866334915161133,0.47
276700,0.9755734205245972,-2.866334915161133,0.47
276800,0.9755734205245972,-2.866334915161133,0.47
276900,0.9755734205245972,-2.866334915161133,0.47
277000,0.9755734205245972,-2.866334915161133,0.47
277100,0.9755734205245972,-2.866334915161133,0.47
277200,0.9755734205245972,-2.866334915161133,0.47
277300,0.9755734205245972,-2.866334915161133,0.47
277400,0.9755734205245972,-2.866334915161133,0.47
277500,0.9755734205245972,-2.866334915161133,0.47
277600,0.9755734205245972,-2.866334915161133,0.47
277700,0.9755734205245972,-2.866334915161133,0.47
277800,0.9755734205245972,-2.866334915161133,0.47
277900,0.9755734205245972,-2.866334915161133,0.47
278000,0.9755734205245972,-2.866334915161133,0.47
278100,0.9755734205245972,-2.866334915161133,0.47
278200,0.9755734205245972,-2.866334915161133,0.47
278300,0.9755734205245972,-2.866334915161133,0.47
278400,0.9755734205245972,-2.866334915161133,0.47
278500,0.9755734205245972,-2.866334915161133,0.47
278600,0.9755734205245972,-2.866334915161133,0.47
278700,0.9755734205245972,-2.866334915161133,0.47
278800,0.9755734205245972,-2.866334915161133,0.47
278900,0.9755734205245972,-2.866334915161133,0.47
279000,0.9755734205245972,-2.866334915161133,0.47
279100,0.9755734205245972,-2.866334915161133,0.47
279200,0.9755734205245972,-2.866334915161133,0.47
279300,0.9755734205245972,-2.866334915161133,0.47
279400,0.9755734205245972,-2.866334915161133,0.47
279500,0.9755734205245972,-2.866334915161133,0.47
279600,0.9755734205245972,-2.866334915161133,0.47
279700,0.9755734205245972,-2.866334915161133,0.47
279800,0.9755734205245972,-2.866334915161133,0.47
279900,0.9755734205245972,-2.866334915161133,0.47
280000,0.9755734205245972,-2.866334915161133,0.47
280100,0.9755734205245972,-2.866334915161133,0.47
280200,0.9755734205245972,-2.866334915161133,0.47
280300,0.9755734205245972,-2.866334915161133,0.47
280400,0.9755734205245972,-2.866334915161133,0.47
280500,0.9755734205245972,-2.866334915161133,0.47
280600,0.9755734205245972,-2.866334915161133,0.47
280700,0.9755734205245972,-2.866334915161133,0.47
280800,0.9755734205245972,-2.866334915161133,0.47
280900,0.9755734205245972,-2.866334915161133,0.47
281000,0.9755734205245972,-2.866334915161133,0.47
281100,0.9755734205245972,-2.866334915161133,0.47
281200,0.9755734205245972,-2.866334915161133,0.47
281300,0.9755734205245972,-2.866334915161133,0.47
281400,0.9755734205245972,-2.866334915161133,0.47
281500,0.9755734205245972,-2.866334915161133,0.47
281600,0.9755734205245972,-2.866334915161133,0.47
281700,0.9755734205245972,-2.866334915161133,0.47
281800,0.9755734205245972,-2.866334915161133,0.47
281900,0.9755734205245972,-2.866334915161133,0.47
282000,0.9755734205245972,-2.866334915161133,0.47
282100,0.9755734205245972,-2.866334915161133,0.47
282200,0.9755734205245972,-2.866334915161133,0.47
282300,0.9755734205245972,-2.866334915161133,0.47
282400,0.9755734205245972,-2.866334915161133,0.47
282500,0.9755734205245972,-2.866334915161133,0.47
282600,0.9755734205245972,-2.866334915161133,0.47
282700,0.9755734205245972,-2.866334915161133,0.47
282800,0.9755734205245972,-2.866334915161133,0.47
282900,0.9755734205245972,-2.866334915161133,0.47
283000,0.9755734205245972,-2.866334915161133,0.47
283100,0.9755734205245972,-2.866334915161133,0.47
283200,0.9755734205245972,-2.866334915161133,0.47
283300,0.9755734205245972,-2.866334915161133,0.47
283400,0.9755734205245972,-2.866334915161133,0.47
283500,0.9755734205245972,-2.866334915161133,0.47
283600,0.9755734205245972,-2.866334915161133,0.47
283700,0.9755734205245972,-2.866334915161133,0.47
283800,0.9755734205245972,-2.866334915161133,0.47
283900,0.9755734205245972,-2.866334915161133,0.47
284000,0.9755734205245972,-2.866334915161133,0.47
284100,0.9755734205245972,-2.866334915161133,0.47
284200,0.9755734205245972,-2.866334915161133,0.47
284300,0.9755734205245972,-2.866334915161133,0.47
284400,0.9755734205245972,-2.866334915161133,0.47
284500,0.9755734205245972,-2.866334915161133,0.47
284600,0.9755734205245972,-2.866334915161133,0.47
284700,0.9755734205245972,-2.866334915161133,0.47
284800,0.9755734205245972,-2.866334915161133,0.47
284900,0.9755734205245972,-2.866334915161133,0.47
285000,0.9755734205245972,-2.866334915161133,0.47
285100,0.9755734205245972,-2.866334915161133,0.47
285200,0.9755734205245972,-2.866334915161133,0.47
285300,0.9755734205245972,-2.866334915161133,0.47
285400,0.9755734205245972,-2.866334915161133,0.47
285500,0.9755734205245972,-2.866334915161133,0.47
285600,0.9755734205245972,-2.866334915161133,0.47
285700,0.9755734205245972,-2.866334915161133,0.47
285800,0.9755734205245972,-2.866334915161133,0.47
285900,0.9755734205245972,-2.866334915161133,0.47
286000,0.9755734205245972,-2.866334915161133,0.47
286100,0.9755734205245972,-2.866334915161133,0.47
286200,0.9755734205245972,-2.866334915161133,0.47
286300,0.9755734205245972,-2.866334915161133,0.47
286400,0.9755734205245972,-2.866334915161133,0.47
286500,0.9755734205245972,-2.866334915161133,0.47
286600,0.9755734205245972,-2.866334915161133,0.47
286700,0.9755734205245972,-2.866334915161133,0.47
286800,0.9755734205245972,-2.866334915161133,0.47
286900,0.9755734205245972,-2.866334915161133,0.47
287000,0.9755734205245972,-2.866334915161133,0.47
287100,0.9755734205245972,-2.866334915161133,0.47
287200,0.9755734205245972,-2.866334915161133,0.47
287300,0.9755734205245972,-2.866334915161133,0.47
287400,0.9755734205245972,-2.866334915161133,0.47
287500,0.9755734205245972,-2.866334915161133,0.47
287600,0.9755734205245972,-2.866334915161133,0.47
287700,0.9755734205245972,-2.866334915161133,0.47
287800,0.9755734205245972,-2.866334915161133,0.47
287900,0.9755734205245972,-2.866334915161133,0.47
288000,0.9755734205245972,-2.866334915161133,0.47
288100,0.9755734205245972,-2.866334915161133,0.47
288200,0.9755734205245972,-2.866334915161133,0.47
288300,0.9755734205245972,-2.866334915161133,0.47
288400,0.9755734205245972,-2.866334915161133,0.47
288500,0.9755734205245972,-2.866334915161133,0.47
288600,0.9755734205245972,-2.866334915161133,0.47
288700,0.9755734205245972,-2.866334915161133,0.47
288800,0.9755734205245972,-2.866334915161133,0.47
288900,0.9755734205245972,-2.866334915161133,0.47
289000,0.9755734205245972,-2.866334915161133,0.47
289100,0.9755734205245972,-2.866334915161133,0.47
289200,0.9755734205245972,-2.866334915161133,0.47
289300,0.9755734205245972,-2.866334915161133,0.47
289400,0.9755734205245972,-2.866334915161133,0.47
289500,0.9755734205245972,-2.866334915161133,0.47
289600,0.9755734205245972,-2.866334915161133,0.47
289700,0.9755734205245972,-2.866334915161133,0.47
289800,0.9755734205245972,-2.866334915161133,0.47
289900,0.9755734205245972,-2.866334915161133,0.47
290000,0.9755734205245972,-2.866334915161133,0.47
290100,0.9755734205245972,-2.866334915161133,0.47
290200,0.9755734205245972,-2.866334915161133,0.47
290300,0.9755734205245972,-2.866334915161133,0.47
290400,0.9755734205245972,-2.866334915161133,0.47
290500,0.9755734205245972,-2.866334915161133,0.47
290600,0.9755734205245972,-2.866334915161133,0.47
290700,0.9755734205245972,-2.866334915161133,0.47
290800,0.9755734205245972,-2.866334915161133,0.47
290900,0.9755734205245972,-2.866334915161133,0.47
291000,0.9755734205245972,-2.866334915161133,0.47
291100,0.9755734205245972,-2.866334915161133,0.47
291200,0.9755734205245972,-2.866334915161133,0.47
291300,0.9755734205245972,-2.866334915161133,0.47
291400,0.9755734205245972,-2.866334915161133,0.47
291500,0.9755734205245972,-2.866334915161133,0.47
291600,0.9755734205245972,-2.866334915161133,0.47
291700,0.9755734205245972,-2.866334915161133,0.47
291800,0.9755734205245972,-2.866334915161133,0.47
291900,0.9755734205245972,-2.866334915161133,0.47
292000,0.9755734205245972,-2.866334915161133,0.47
292100,0.9755734205245972,-2.866334915161133,0.47
292200,0.9755734205245972,-2.866334915161133,0.47
292300,0.9755734205245972,-2.866334915161133,0.47
292400,0.9755734205245972,-2.866334915161133,0.47
292500,0.9755734205245972,-2.866334915161133,0.47
292600,0.9755734205245972,-2.866334915161133,0.47
292700,0.9755734205245972,-2.866334915161133,0.47
292800,0.9755734205245972,-2.866334915161133,0.47
292900,0.9755734205245972,-2.866334915161133,0.47
293000,0.9755734205245972,-2.866334915161133,0.47
293100,0.9755734205245972,-2.866334915161133,0.47
293200,0.9755734205245972,-2.866334915161133,0.47
293300,0.9755734205245972,-2.866334915161133,0.47
293400,0.9755734205245972,-2.866334915161133,0.47
293500,0.9755734205245972,-2.866334915161133,0.47
293600,0.9755734205245972,-2.866334915161133,0.47
293700,0.9755734205245972,-2.866334915161133,0.47
293800,0.9755734205245972,-2.866334915161133,0.47
293900,0.9755734205245972,-2.866334915161133,0.47
294000,0.9755734205245972,-2.866334915161133,0.47
294100,0.9755734205245972,-2.866334915161133,0.47
294200,0.9755734205245972,-2.866334915161133,0.47
294300,0.9755734205245972,-2.866334915161133,0.47
294400,0.9755734205245972,-2.866334915161133,0.47
294500,0.9755734205245972,-2.866334915161133,0.47
294600,0.9755734205245972,-2.866334915161133,0.47
294700,0.9755734205245972,-2.866334915161133,0.47
294800,0.9755734205245972,-2.866334915161133,0.47
294900,0.9755734205245972,-2.866334915161133,0.47
295000,0.9755734205245972,-2.866334915161133,0.47
295100,0.9755734205245972,-2.866334915161133,0.47
295200,0.9755734205245972,-2.866334915161133,0.47
295300,0.9755734205245972,-2.866334915161133,0.47
295400,0.9755734205245972,-2.866334915161133,0.47
295500,0.9755734205245972,-2.866334915161133,0.47
295600,0.9755734205245972,-2.866334915161133,0.47
295700,0.9755734205245972,-2.866334915161133,0.47
295800,0.9755734205245972,-2.866334915161133,0.47
295900,0.9755734205245972,-2.866334915161133,0.47
296000,0.9755734205245972,-2.866334915161133,0.47
296100,0.9755734205245972,-2.866334915161133,0.47
296200,0.9755734205245972,-2.866334915161133,0.47
296300,0.9755734205245972,-2.866334915161133,0.47
296400,0.9755734205245972,-2.866334915161133,0.47
296500,0.9755734205245972,-2.866334915161133,0.47
296600,0.9755734205245972,-2.866334915161133,0.47
296700,0.9755734205245972,-2.866334915161133,0.47
296800,0.9755734205245972,-2.866334915161133,0.47
296900,0.9755734205245972,-2.866334915161133,0.47
297000,0.9755734205245972,-2.866334915161133,0.47
297100,0.9755734205245972,-2.866334915161133,0.47
297200,0.9755734205245972,-2.866334915161133,0.47
297300,0.9755734205245972,-2.866334915161133,0.47
297400,0.9755734205245972,-2.866334915161133,0.47
297500,0.9755734205245972,-2.866334915161133,0.47
297600,0.9755734205245972,-2.866334915161133,0.47
297700,0.9755734205245972,-2.866334915161133,0.47
297800,0.9755734205245972,-2.866334915161133,0.47
297900,0.9755734205245972,-2.866334915161133,0.47
298000,0.9755734205245972,-2.866334915161133,0.47
298100,0.9755734205245972,-2.866334915161133,0.47
298200,0.9755734205245972,-2.866334915161133,0.47
298300,0.9755734205245972,-2.866334915161133,0.47
298400,0.9755734205245972,-2.866334915161133,0.47
298500,0.9755734205245972,-2.866334915161133,0.47
298600,0.9755734205245972,-2.866334915161133,0.47
298700,0.9755734205245972,-2.866334915161133,0.47
298800,0.9755734205245972,-2.866334915161133,0.47
298900,0.9755734205245972,-2.866334915161133,0.47
299000,0.9755734205245972,-2.866334915161133,0.47
299100,0.9755734205245972,-2.866334915161133,0.47
299200,0.9755734205245972,-2.866334915161133,0.47
299300,0.9755734205245972,-2.866334915161133,0.47
299400,0.9755734205245972,-2.866334915161133,0.47
299500,0.9755734205245972,-2.866334915161133,0.47
299600,0.9755734205245972,-2.866334915161133,0.47
299700,0.9755734205245972,-2.866334915161133,0.47
299800,0.9755734205245972,-2.866334915161133,0.47
299900,0.9755734205245972,-2.866334915161133,0.47
300000,0.9755734205245972,-2.866334915161133,0.46
300100,0.9755734205245972,-2.866334915161133,0.46
300200,0.9755734205245972,-2.866334915161133,0.46
300300,0.9755734205245972,-2.866334915161133,0.46
300400,0.9755734205245972,-2.866334915161133,0.46
300500,0.9755734205245972,-2.866334915161133,0.46
300600,0.9755734205245972,-2.866334915161133,0.46
300700,0.9755734205245972,-2.866334915161133,0.46
300800,0.9755734205245972,-2.866334915161133,0.46
300900,0.9755734205245972,-2.866334915161133,0.46
301000,0.9755734205245972,-2.866334915161133,0.46
301100,0.9755734205245972,-2.866334915161133,0.46
301200,0.9755734205245972,-2.866334915161133,0.46
301300,0.9755734205245972,-2.866334915161133,0.46
301400,0.9755734205245972,-2.866334915161133,0.46
301500,0.9755734205245972,-2.866334915161133,0.46
301600,0.9755734205245972,-2.866334915161133,0.46
301700,0.9755734205245972,-2.866334915161133,0.46
301800,0.9755734205245972,-2.866334915161133,0.46
301900,0.9755734205245972,-2.866334915161133,0.46
302000,0.9755734205245972,-2.866334915161133,0.46
302100,0.9755734205245972,-2.866334915161133,0.46
302200,0.9755734205245972,-2.866334915161133,0.46
302300,0.9755734205245972,-2.866334915161133,0.46
302400,0.9755734205245972,-2.866334915161133,0.46
302500,0.9755734205245972,-2.866334915161133,0.46
302600,0.9755734205245972,-2.866334915161133,0.46
302700,0.9755734205245972,-2.866334915161133,0.46
302800,0.9755734205245972,-2.866334915161133,0.46
302900,0.9755734205245972,-2.866334915161133,0.46
303000,0.9755734205245972,-2.866334915161133,0.46
303100,0.9755734205245972,-2.866334915161133,0.46
303200,0.9755734205245972,-2.866334915161133,0.46
303300,0.9755734205245972,-2.866334915161133,0.46
303400,0.9755734205245972,-2.866334915161133,0.46
303500,0.9755734205245972,-2.866334915161133,0.46
303600,0.9755734205245972,-2.866334915161133,0.46
303700,0.9755734205245972,-2.866334915161133,0.46
303800,0.9755734205245972,-2.866334915161133,0.46
303900,0.9755734205245972,-2.866334915161133,0.46
304000,0.9755734205245972,-2.866334915161133,0.46
304100,0.9755734205245972,-2.866334915161133,0.46
304200,0.9755734205245972,-2.866334915161133,0.46
304300,0.9755734205245972,-2.866334915161133,0.46
304400,0.9755734205245972,-2.866334915161133,0.46
304500,0.9755734205245972,-2.866334915161133,0.46
304600,0.9755734205245972,-2.866334915161133,0.46
304700,0.9755734205245972,-2.866334915161133,0.46
304800,0.9755734205245972,-2.866334915161133,0.46
304900,0.9755734205245972,-2.866334915161133,0.46
305000,0.9755734205245972,-2.866334915161133,0.46
305100,0.9755734205245972,-2.866334915161133,0.46
305200,0.9755734205245972,-2.866334915161133,0.46
305300,0.9755734205245972,-2.866334915161133,0.46
305400,0.9755734205245972,-2.866334915161133,0.46
305500,0.9755734205245972,-2.866334915161133,0.46
305600,0.9755734205245972,-2.866334915161133,0.46
305700,0.9755734205245972,-2.866334915161133,0.46
305800,0.9755734205245972,-2.866334915161133,0.46
305900,0.9755734205245972,-2.866334915161133,0.46
306000,0.9755734205245972,-2.866334915161133,0.46
306100,0.9755734205245972,-2.866334915161133,0.46
306200,0.9755734205245972,-2.866334915161133,0.46
306300,0.9755734205245972,-2.866334915161133,0.46
306400,0.9755734205245972,-2.866334915161133,0.46
306500,0.9755734205245972,-2.866334915161133,0.46
306600,0.9755734205245972,-2.866334915161133,0.46
306700,0.9755734205245972,-2.866334915161133,0.46
306800,0.9755734205245972,-2.866334915161133,0.46
306900,0.9755734205245972,-2.866334915161133,0.46
307000,0.9755734205245972,-2.866334915161133,0.46
307100,0.9755734205245972,-2.866334915161133,0.46
307200,0.9755734205245972,-2.866334915161133,0.46
307300,0.9755734205245972,-2.866334915161133,0.46
307400,0.9755734205245972,-2.866334915161133,0.46
307500,0.9755734205245972,-2.866334915161133,0.46
307600,0.9755734205245972,-2.866334915161133,0.46
307700,0.9755734205245972,-2.866334915161133,0.46
307800,0.9755734205245972,-2.866334915161133,0.46
307900,0.9755734205245972,-2.866334915161133,0.46
308000,0.9755734205245972,-2.866334915161133,0.46
308100,0.9755734205245972,-2.866334915161133,0.46
308200,0.9755734205245972,-2.866334915161133,0.46
308300,0.9755734205245972,-2.866334915161133,0.46
308400,0.9755734205245972,-2.866334915161133,0.46
308500,0.9755734205245972,-2.866334915161133,0.46
308600,0.9755734205245972,-2.866334915161133,0.46
308700,0.9755734205245972,-2.866334915161133,0.46
308800,0.9755734205245972,-2.866334915161133,0.46
308900,0.9755734205245972,-2.866334915161133,0.46
309000,0.9755734205245972,-2.866334915161133,0.46
309100,0.9755734205245972,-2.866334915161133,0.46
309200,0.9755734205245972,-2.866334915161133,0.46
309300,0.9755734205245972,-2.866334915161133,0.46
309400,0.9755734205245972,-2.866334915161133,0.46
309500,0.9755734205245972,-2.866334915161133,0.46
309600,0.9755734205245972,-2.866334915161133,0.46
309700,0.9755734205245972,-2.866334915161133,0.46
309800,0.9755734205245972,-2.866334915161133,0.46
309900,0.9755734205245972,-2.866334915161133,0.46
310000,0.9755734205245972,-2.866334915161133,0.46
310100,0.9755734205245972,-2.866334915161133,0.46
310200,0.9755734205245972,-2.866334915161133,0.46
310300,0.9755734205245972,-2.866334915161133,0.46
310400,0.9755734205245972,-2.866334915161133,0.46
310500,0.9755734205245972,-2.866334915161133,0.46
310600,0.9755734205245972,-2.866334915161133,0.46
310700,0.9755734205245972,-2.866334915161133,0.46
310800,0.9755734205245972,-2.866334915161133,0.46
310900,0.9755734205245972,-2.866334915161133,0.46
311000,0.9755734205245972,-2.866334915161133,0.46
311100,0.9755734205245972,-2.866334915161133,0.46
311200,0.9755734205245972,-2.866334915161133,0.46
311300,0.9755734205245972,-2.866334915161133,0.46
311400,0.9755734205245972,-2.866334915161133,0.46
311500,0.9755734205245972,-2.866334915161133,0.46
311600,0.9755734205245972,-2.866334915161133,0.46
311700,0.9755734205245972,-2.866334915161133,0.46
311800,0.9755734205245972,-2.866334915161133,0.46
311900,0.9755734205245972,-2.866334915161133,0.46
312000,0.9755734205245972,-2.866334915161133,0.46
312100,0.9755734205245972,-2.866334915161133,0.46
312200,0.9755734205245972,-2.866334915161133,0.46
312300,0.9755734205245972,-2.866334915161133,0.46
312400,0.9755734205245972,-2.866334915161133,0.46
312500,0.9755734205245972,-2.866334915161133,0.46
312600,0.9755734205245972,-2.866334915161133,0.46
312700,0.9755734205245972,-2.866334915161133,0.46
312800,0.9755734205245972,-2.866334915161133,0.46
312900,0.9755734205245972,-2.866334915161133,0.46
313000,0.9755734205245972,-2.866334915161133,0.46
313100,0.9755734205245972,-2.866334915161133,0.46
313200,0.9755734205245972,-2.866334915161133,0.46
313300,0.9755734205245972,-2.866334915161133,0.46
313400,0.9755734205245972,-2.866334915161133,0.46
313500,0.9755734205245972,-2.866334915161133,0.46
313600,0.9755734205245972,-2.866334915161133,0.46
313700,0.9755734205245972,-2.866334915161133,0.46
313800,0.9755734205245972,-2.866334915161133,0.46
313900,0.9755734205245972,-2.866334915161133,0.46
314000,0.9755734205245972,-2.866334915161133,0.46
314100,0.9755734205245972,-2.866334915161133,0.46
314200,0.9755734205245972,-2.866334915161133,0.46
314300,0.9755734205245972,-2.866334915161133,0.46
314400,0.9755734205245972,-2.866334915161133,0.46
314500,0.9755734205245972,-2.866334915161133,0.46
314600,0.9755734205245972,-2.866334915161133,0.46
314700,0.9755734205245972,-2.866334915161133,0.46
314800,0.9755734205245972,-2.866334915161133,0.46
314900,0.9755734205245972,-2.866334915161133,0.46
315000,0.9755734205245972,-2.866334915161133,0.46
315100,0.9755734205245972,-2.866334915161133,0.46
315200,0.9755734205245972,-2.866334915161133,0.46
315300,0.9755734205245972,-2.866334915161133,0.46
315400,0.9755734205245972,-2.866334915161133,0.46
315500,0.9755734205245972,-2.866334915161133,0.46
315600,0.9755734205245972,-2.866334915161133,0.46
315700,0.9755734205245972,-2.866334915161133,0.46
315800,0.9755734205245972,-2.866334915161133,0.46
315900,0.9755734205245972,-2.866334915161133,0.46
316000,0.9755734205245972,-2.866334915161133,0.46
316100,0.9755734205245972,-2.866334915161133,0.46
316200,0.9755734205245972,-2.866334915161133,0.46
316300,0.9755734205245972,-2.866334915161133,0.46
316400,0.9755734205245972,-2.866334915161133,0.46
316500,0.9755734205245972,-2.866334915161133,0.46
316600,0.9755734205245972,-2.866334915161133,0.46
316700,0.9755734205245972,-2.866334915161133,0.46
316800,0.9755734205245972,-2.866334915161133,0.46
316900,0.9755734205245972,-2.866334915161133,0.46
317000,0.9755734205245972,-2.866334915161133,0.46
317100,0.9755734205245972,-2.866334915161133,0.46
317200,0.9755734205245972,-2.866334915161133,0.46
317300,0.9755734205245972,-2.866334915161133,0.46
317400,0.9755734205245972,-2.866334915161133,0.46
317500,0.9755734205245972,-2.866334915161133,0.46
317600,0.9755734205245972,-2.866334915161133,0.46
317700,0.9755734205245972,-2.866334915161133,0.46
317800,0.9755734205245972,-2.866334915161133,0.46
317900,0.9755734205245972,-2.866334915161133,0.46
318000,0.9755734205245972,-2.866334915161133,0.46
318100,0.9755734205245972,-2.866334915161133,0.46
318200,0.9755734205245972,-2.866334915161133,0.46
318300,0.9755734205245972,-2.866334915161133,0.46
318400,0.9755734205245972,-2.866334915161133,0.46
318500,0.9755734205245972,-2.866334915161133,0.46
318600,0.9755734205245972,-2.866334915161133,0.46
318700,0.9755734205245972,-2.866334915161133,0.46
318800,0.9755734205245972,-2.866334915161133,0.46
318900,0.9755734205245972,-2.866334915161133,0.46
319000,0.9755734205245972,-2.866334915161133,0.46
319100,0.9755734205245972,-2.866334915161133,0.46
319200,0.9755734205245972,-2.866334915161133,0.46
319300,0.9755734205245972,-2.866334915161133,0.46
319400,0.9755734205245972,-2.866334915161133,0.46
319500,0.9755734205245972,-2.866334915161133,0.46
319600,0.9755734205245972,-2.866334915161133,0.46
319700,0.9755734205245972,-2.866334915161133,0.46
319800,0.9755734205245972,-2.866334915161133,0.46
319900,0.9755734205245972,-2.866334915161133,0.46
320000,0.9755734205245972,-2.866334915161133,0.46
320100,0.9755734205245972,-2.866334915161133,0.46
320200,0.9755734205245972,-2.866334915161133,0.46
320300,0.9755734205245972,-2.866334915161133,0.46
320400,0.9755734205245972,-2.866334915161133,0.46
320500,0.9755734205245972,-2.866334915161133,0.46
320600,0.9755734205245972,-2.866334915161133,0.46
320700,0.9755734205245972,-2.866334915161133,0.46
320800,0.9755734205245972,-2.866334915161133,0.46
320900,0.9755734205245972,-2.866334915161133,0.46
321000,0.9755734205245972,-2.866334915161133,0.46
321100,0.9755734205245972,-2.866334915161133,0.46
321200,0.9755734205245972,-2.866334915161133,0.46
321300,0.9755734205245972,-2.866334915161133,0.46
321400,0.9755734205245972,-2.866334915161133,0.46
321500,0.9755734205245972,-2.866334915161133,0.46
321600,0.9755734205245972,-2.866334915161133,0.46
321700,0.9755734205245972,-2.866334915161133,0.46
321800,0.9755734205245972,-2.866334915161133,0.46
321900,0.9755734205245972,-2.866334915161133,0.46
322000,0.9755734205245972,-2.866334915161133,0.46
322100,0.9755734205245972,-2.866334915161133,0.46
322200,0.9755734205245972,-2.866334915161133,0.46
322300,0.9755734205245972,-2.866334915161133,0.46
322400,0.9755734205245972,-2.866334915161133,0.46
322500,0.9755734205245972,-2.866334915161133,0.46
322600,0.9755734205245972,-2.866334915161133,0.46
322700,0.9755734205245972,-2.866334915161133,0.46
322800,0.9755734205245972,-2.866334915161133,0.46
322900,0.9755734205245972,-2.866334915161133,0.46
323000,0.9755734205245972,-2.866334915161133,0.46
323100,0.9755734205245972,-2.866334915161133,0.46
323200,0.9755734205245972,-2.866334915161133,0.46
323300,0.9755734205245972,-2.866334915161133,0.46
323400,0.9755734205245972,-2.866334915161133,0.46
323500,0.9755734205245972,-2.866334915161133,0.46
323600,0.9755734205245972,-2.866334915161133,0.46
323700,0.9755734205245972,-2.866334915161133,0.46
323800,0.9755734205245972,-2.866334915161133,0.46
323900,0.9755734205245972,-2.866334915161133,0.46
324000,0.9755734205245972,-2.866334915161133,0.46
324100,0.9755734205245972,-2.866334915161133,0.46
324200,0.9755734205245972,-2.866334915161133,0.46
324300,0.9755734205245972,-2.866334915161133,0.46
324400,0.9755734205245972,-2.866334915161133,0.46
324500,0.9755734205245972,-2.866334915161133,0.46
324600,0.9755734205245972,-2.866334915161133,0.46
324700,0.9755734205245972,-2.866334915161133,0.46
324800,0.9755734205245972,-2.866334915161133,0.46
324900,0.9755734205245972,-2.866334915161133,0.46
325000,0.9755734205245972,-2.866334915161133,0.46
325100,0.9755734205245972,-2.866334915161133,0.46
325200,0.9755734205245972,-2.866334915161133,0.46
325300,0.9755734205245972,-2.866334915161133,0.46
325400,0.9755734205245972,-2.866334915161133,0.46
325500,0.9755734205245972,-2.866334915161133,0.46
325600,0.9755734205245972,-2.866334915161133,0.46
325700,0.9755734205245972,-2.866334915161133,0.46
325800,0.9755734205245972,-2.866334915161133,0.46
325900,0.9755734205245972,-2.866334915161133,0.46
326000,0.9755734205245972,-2.866334915161133,0.46
326100,0.9755734205245972,-2.866334915161133,0.46
326200,0.9755734205245972,-2.866334915161133,0.46
326300,0.9755734205245972,-2.866334915161133,0.46
326400,0.9755734205245972,-2.866334915161133,0.46
326500,0.9755734205245972,-2.866334915161133,0.46
326600,0.9755734205245972,-2.866334915161133,0.46
326700,0.9755734205245972,-2.866334915161133,0.46
326800,0.9755734205245972,-2.866334915161133,0.46
326900,0.9755734205245972,-2.866334915161133,0.46
327000,0.9755734205245972,-2.866334915161133,0.46
327100,0.9755734205245972,-2.866334915161133,0.46
327200,0.9755734205245972,-2.866334915161133,0.46
327300,0.9755734205245972,-2.866334915161133,0.46
327400,0.9755734205245972,-2.866334915161133,0.46
327500,0.9755734205245972,-2.866334915161133,0.46
327600,0.9755734205245972,-2.866334915161133,0.46
327700,0.9755734205245972,-2.866334915161133,0.46
327800,0.9755734205245972,-2.866334915161133,0.46
327900,0.9755734205245972,-2.866334915161133,0.46
328000,0.9755734205245972,-2.866334915161133,0.46
328100,0.9755734205245972,-2.866334915161133,0.46
328200,0.9755734205245972,-2.866334915161133,0.46
328300,0.9755734205245972,-2.866334915161133,0.46
328400,0.9755734205245972,-2.866334915161133,0.46
328500,0.9755734205245972,-2.866334915161133,0.46
328600,0.9755734205245972,-2.866334915161133,0.46
328700,0.9755734205245972,-2.866334915161133,0.46
328800,0.9755734205245972,-2.866334915161133,0.46
328900,0.9755734205245972,-2.866334915161133,0.46
329000,0.9755734205245972,-2.866334915161133,0.46
329100,0.9755734205245972,-2.866334915161133,0.46
329200,0.9755734205245972,-2.866334915161133,0.46
329300,0.9755734205245972,-2.866334915161133,0.46
329400,0.9755734205245972,-2.866334915161133,0.46
329500,0.9755734205245972,-2.866334915161133,0.46
329600,0.9755734205245972,-2.866334915161133,0.46
329700,0.9755734205245972,-2.866334915161133,0.46
329800,0.9755734205245972,-2.866334915161133,0.46
329900,0.9755734205245972,-2.866334915161133,0.46
330000,0.9755734205245972,-2.866334915161133,0.47
330100,0.9755734205245972,-2.866334915161133,0.47
330200,0.9755734205245972,-2.866334915161133,0.47
330300,0.9755734205245972,-2.866334915161133,0.47
330400,0.9755734205245972,-2.866334915161133,0.47
330500,0.9755734205245972,-2.866334915161133,0.47
330600,0.9755734205245972,-2.866334915161133,0.47
330700,0.9755734205245972,-2.866334915161133,0.47
330800,0.9755734205245972,-2.866334915161133,0.47
330900,0.9755734205245972,-2.866334915161133,0.47
331000,0.9755734205245972,-2.866334915161133,0.47
331100,0.9755734205245972,-2.866334915161133,0.47
331200,0.9755734205245972,-2.866334915161133,0.47
331300,0.9755734205245972,-2.866334915161133,0.47
331400,0.9755734205245972,-2.866334915161133,0.47
331500,0.9755734205245972,-2.866334915161133,0.47
331600,0.9755734205245972,-2.866334915161133,0.47
331700,0.9755734205245972,-2.866334915161133,0.47
331800,0.9755734205245972,-2.866334915161133,0.47
331900,0.9755734205245972,-2.866334915161133,0.47
332000,0.9755734205245972,-2.866334915161133,0.47
332100,0.9755734205245972,-2.866334915161133,0.47
332200,0.9755734205245972,-2.866334915161133,0.47
332300,0.9755734205245972,-2.866334915161133,0.47
332400,0.9755734205245972,-2.866334915161133,0.47
332500,0.9755734205245972,-2.866334915161133,0.47
332600,0.9755734205245972,-2.866334915161133,0.47
332700,0.9755734205245972,-2.866334915161133,0.47
332800,0.9755734205245972,-2.866334915161133,0.47
332900,0.9755734205245972,-2.866334915161133,0.47
333000,0.9755734205245972,-2.866334915161133,0.47
333100,0.9755734205245972,-2.866334915161133,0.47
333200,0.9755734205245972,-2.866334915161133,0.47
333300,0.9755734205245972,-2.866334915161133,0.47
333400,0.9755734205245972,-2.866334915161133,0.47
333500,0.9755734205245972,-2.866334915161133,0.47
333600,0.9755734205245972,-2.866334915161133,0.47
333700,0.9755734205245972,-2.866334915161133,0.47
333800,0.9755734205245972,-2.866334915161133,0.47
333900,0.9755734205245972,-2.866334915161133,0.47
334000,0.9755734205245972,-2.866334915161133,0.47
334100,0.9755734205245972,-2.866334915161133,0.47
334200,0.9755734205245972,-2.866334915161133,0.47
334300,0.9755734205245972,-2.866334915161133,0.47
334400,0.9755734205245972,-2.866334915161133,0.47
334500,0.9755734205245972,-2.866334915161133,0.47
334600,0.9755734205245972,-2.866334915161133,0.47
334700,0.9755734205245972,-2.866334915161133,0.47
334800,0.9755734205245972,-2.866334915161133,0.47
334900,0.9755734205245972,-2.866334915161133,0.47
335000,0.9755734205245972,-2.866334915161133,0.47
335100,0.9755734205245972,-2.866334915161133,0.47
335200,0.9755734205245972,-2.866334915161133,0.47
335300,0.9755734205245972,-2.866334915161133,0.47
335400,0.9755734205245972,-2.866334915161133,0.47
335500,0.9755734205245972,-2.866334915161133,0.47
335600,0.9755734205245972,-2.866334915161133,0.47
335700,0.9755734205245972,-2.866334915161133,0.47
335800,0.9755734205245972,-2.866334915161133,0.47
335900,0.9755734205245972,-2.866334915161133,0.47
336000,0.9755734205245972,-2.866334915161133,0.47
336100,0.9755734205245972,-2.866334915161133,0.47
336200,0.9755734205245972,-2.866334915161133,0.47
336300,0.9755734205245972,-2.866334915161133,0.47
336400,0.9755734205245972,-2.866334915161133,0.47
336500,0.9755734205245972,-2.866334915161133,0.47
336600,0.9755734205245972,-2.866334915161133,0.47
336700,0.9755734205245972,-2.866334915161133,0.47
336800,0.9755734205245972,-2.866334915161133,0.47
336900,0.9755734205245972,-2.866334915161133,0.47
337000,0.9755734205245972,-2.866334915161133,0.47
337100,0.9755734205245972,-2.866334915161133,0.47
337200,0.9755734205245972,-2.866334915161133,0.47
337300,0.9755734205245972,-2.866334915161133,0.47
337400,0.9755734205245972,-2.866334915161133,0.47
337500,0.9755734205245972,-2.866334915161133,0.47
337600,0.9755734205245972,-2.866334915161133,0.47
337700,0.9755734205245972,-2.866334915161133,0.47
337800,0.9755734205245972,-2.866334915161133,0.47
337900,0.9755734205245972,-2.866334915161133,0.47
338000,0.9755734205245972,-2.866334915161133,0.47
338100,0.9755734205245972,-2.866334915161133,0.47
338200,0.9755734205245972,-2.866334915161133,0.47
338300,0.9755734205245972,-2.866334915161133,0.47
338400,0.9755734205245972,-2.866334915161133,0.47
338500,0.9755734205245972,-2.866334915161133,0.47
338600,0.9755734205245972,-2.866334915161133,0.47
338700,0.9755734205245972,-2.866334915161133,0.47
338800,0.9755734205245972,-2.866334915161133,0.47
338900,0.9755734205245972,-2.866334915161133,0.47
339000,0.9755734205245972,-2.866334915161133,0.47
339100,0.9755734205245972,-2.866334915161133,0.47
339200,0.9755734205245972,-2.866334915161133,0.47
339300,0.9755734205245972,-2.866334915161133,0.47
339400,0.9755734205245972,-2.866334915161133,0.47
339500,0.9755734205245972,-2.866334915161133,0.47
339600,0.9755734205245972,-2.866334915161133,0.47
339700,0.9755734205245972,-2.866334915161133,0.47
339800,0.9755734205245972,-2.866334915161133,0.47
339900,0.9755734205245972,-2.866334915161133,0.47
340000,0.9755734205245972,-2.866334915161133,0.47
340100,0.9755734205245972,-2.866334915161133,0.47
340200,0.9755734205245972,-2.866334915161133,0.47
340300,0.9755734205245972,-2.866334915161133,0.47
340400,0.9755734205245972,-2.866334915161133,0.47
340500,0.9755734205245972,-2.866334915161133,0.47
340600,0.9755734205245972,-2.866334915161133,0.47
340700,0.9755734205245972,-2.866334915161133,0.47
340800,0.9755734205245972,-2.866334915161133,0.47
340900,0.9755734205245972,-2.866334915161133,0.47
341000,0.9755734205245972,-2.866334915161133,0.47
341100,0.9755734205245972,-2.866334915161133,0.47
341200,0.9755734205245972,-2.866334915161133,0.47
341300,0.9755734205245972,-2.866334915161133,0.47
341400,0.9755734205245972,-2.866334915161133,0.47
341500,0.9755734205245972,-2.866334915161133,0.47
341600,0.9755734205245972,-2.866334915161133,0.47
341700,0.9755734205245972,-2.866334915161133,0.47
341800,0.9755734205245972,-2.866334915161133,0.47
341900,0.9755734205245972,-2.866334915161133,0.47
342000,0.9755734205245972,-2.866334915161133,0.47
342100,0.9755734205245972,-2.866334915161133,0.47
342200,0.9755734205245972,-2.866334915161133,0.47
342300,0.9755734205245972,-2.866334915161133,0.47
342400,0.9755734205245972,-2.866334915161133,0.47
342500,0.9755734205245972,-2.866334915161133,0.47
342600,0.9755734205245972,-2.866334915161133,0.47
342700,0.9755734205245972,-2.866334915161133,0.47
342800,0.9755734205245972,-2.866334915161133,0.47
342900,0.9755734205245972,-2.866334915161133,0.47
343000,0.9755734205245972,-2.866334915161133,0.47
343100,0.9755734205245972,-2.866334915161133,0.47
343200,0.9755734205245972,-2.866334915161133,0.47
343300,0.9755734205245972,-2.866334915161133,0.47
343400,0.9755734205245972,-2.866334915161133,0.47
343500,0.9755734205245972,-2.866334915161133,0.47
343600,0.9755734205245972,-2.866334915161133,0.47
343700,0.9755734205245972,-2.866334915161133,0.47
343800,0.9755734205245972,-2.866334915161133,0.47
343900,0.9755734205245972,-2.866334915161133,0.47
344000,0.9755734205245972,-2.866334915161133,0.47
344100,0.9755734205245972,-2.866334915161133,0.47
344200,0.9755734205245972,-2.866334915161133,0.47
344300,0.9755734205245972,-2.866334915161133,0.47
344400,0.9755734205245972,-2.866334915161133,0.47
344500,0.9755734205245972,-2.866334915161133,0.47
344600,0.9755734205245972,-2.866334915161133,0.47
344700,0.9755734205245972,-2.866334915161133,0.47
344800,0.9755734205245972,-2.866334915161133,0.47
344900,0.9755734205245972,-2.866334915161133,0.47
345000,0.9755734205245972,-2.866334915161133,0.47
345100,0.9755734205245972,-2.866334915161133,0.47
345200,0.9755734205245972,-2.866334915161133,0.47
345300,0.9755734205245972,-2.866334915161133,0.47
345400,0.9755734205245972,-2.866334915161133,0.47
345500,0.9755734205245972,-2.866334915161133,0.47
345600,0.9755734205245972,-2.866334915161133,0.47
345700,0.9755734205245972,-2.866334915161133,0.47
345800,0.9755734205245972,-2.866334915161133,0.47
345900,0.9755734205245972,-2.866334915161133,0.47
346000,0.9755734205245972,-2.866334915161133,0.47
346100,0.9755734205245972,-2.866334915161133,0.47
346200,0.9755734205245972,-2.866334915161133,0.47
346300,0.9755734205245972,-2.866334915161133,0.47
346400,0.9755734205245972,-2.866334915161133,0.47
346500,0.9755734205245972,-2.866334915161133,0.47
346600,0.9755734205245972,-2.866334915161133,0.47
346700,0.9755734205245972,-2.866334915161133,0.47
346800,0.9755734205245972,-2.866334915161133,0.47
346900,0.9755734205245972,-2.866334915161133,0.47
347000,0.9755734205245972,-2.866334915161133,0.47
347100,0.9755734205245972,-2.866334915161133,0.47
347200,0.9755734205245972,-2.866334915161133,0.47
347300,0.9755734205245972,-2.866334915161133,0.47
347400,0.9755734205245972,-2.866334915161133,0.47
347500,0.9755734205245972,-2.866334915161133,0.47
347600,0.9755734205245972,-2.866334915161133,0.47
347700,0.9755734205245972,-2.866334915161133,0.47
347800,0.9755734205245972,-2.866334915161133,0.47
347900,0.9755734205245972,-2.866334915161133,0.47
348000,0.9755734205245972,-2.866334915161133,0.47
348100,0.9755734205245972,-2.866334915161133,0.47
348200,0.9755734205245972,-2.866334915161133,0.47
348300,0.9755734205245972,-2.866334915161133,0.47
348400,0.9755734205245972,-2.866334915161133,0.47
348500,0.9755734205245972,-2.866334915161133,0.47
348600,0.9755734205245972,-2.866334915161133,0.47
348700,0.9755734205245972,-2.866334915161133,0.47
348800,0.9755734205245972,-2.866334915161133,0.47
348900,0.9755734205245972,-2.866334915161133,0.47
349000,0.9755734205245972,-2.866334915161133,0.47
349100,0.9755734205245972,-2.866334915161133,0.47
349200,0.9755734205245972,-2.866334915161133,0.47
349300,0.9755734205245972,-2.866334915161133,0.47
349400,0.9755734205245972,-2.866334915161133,0.47
349500,0.9755734205245972,-2.866334915161133,0.47
349600,0.9755734205245972,-2.866334915161133,0.47
349700,0.9755734205245972,-2.866334915161133,0.47
349800,0.9755734205245972,-2.866334915161133,0.47
349900,0.9755734205245972,-2.866334915161133,0.47
350000,0.9755734205245972,-2.866334915161133,0.47
350100,0.9755734205245972,-2.866334915161133,0.47
350200,0.9755734205245972,-2.866334915161133,0.47
350300,0.9755734205245972,-2.866334915161133,0.47
350400,0.9755734205245972,-2.866334915161133,0.47
350500,0.9755734205245972,-2.866334915161133,0.47
350600,0.9755734205245972,-2.866334915161133,0.47
350700,0.9755734205245972,-2.866334915161133,0.47
350800,0.9755734205245972,-2.866334915161133,0.47
350900,0.9755734205245972,-2.866334915161133,0.47
351000,0.9755734205245972,-2.866334915161133,0.47
351100,0.9755734205245972,-2.866334915161133,0.47
351200,0.9755734205245972,-2.866334915161133,0.47
351300,0.9755734205245972,-2.866334915161133,0.47
351400,0.9755734205245972,-2.866334915161133,0.47
351500,0.9755734205245972,-2.866334915161133,0.47
351600,0.9755734205245972,-2.866334915161133,0.47
351700,0.9755734205245972,-2.866334915161133,0.47
351800,0.9755734205245972,-2.866334915161133,0.47
351900,0.9755734205245972,-2.866334915161133,0.47
352000,0.9755734205245972,-2.866334915161133,0.47
352100,0.9755734205245972,-2.866334915161133,0.47
352200,0.9755734205245972,-2.866334915161133,0.47
352300,0.9755734205245972,-2.866334915161133,0.47
352400,0.9755734205245972,-2.866334915161133,0.47
352500,0.9755734205245972,-2.866334915161133,0.47
352600,0.9755734205245972,-2.866334915161133,0.47
352700,0.9755734205245972,-2.866334915161133,0.47
352800,0.9755734205245972,-2.866334915161133,0.47
352900,0.9755734205245972,-2.866334915161133,0.47
353000,0.9755734205245972,-2.866334915161133,0.47
353100,0.9755734205245972,-2.866334915161133,0.47
353200,0.9755734205245972,-2.866334915161133,0.47
353300,0.9755734205245972,-2.866334915161133,0.47
353400,0.9755734205245972,-2.866334915161133,0.47
353500,0.9755734205245972,-2.866334915161133,0.47
353600,0.9755734205245972,-2.866334915161133,0.47
353700,0.9755734205245972,-2.866334915161133,0.47
353800,0.9755734205245972,-2.866334915161133,0.47
353900,0.9755734205245972,-2.866334915161133,0.47
354000,0.9755734205245972,-2.866334915161133,0.47
354100,0.9755734205245972,-2.866334915161133,0.47
354200,0.9755734205245972,-2.866334915161133,0.47
354300,0.9755734205245972,-2.866334915161133,0.47
354400,0.9755734205245972,-2.866334915161133,0.47
354500,0.9755734205245972,-2.866334915161133,0.47
354600,0.9755734205245972,-2.866334915161133,0.47
354700,0.9755734205245972,-2.866334915161133,0.47
354800,0.9755734205245972,-2.866334915161133,0.47
354900,0.9755734205245972,-2.866334915161133,0.47
355000,0.9755734205245972,-2.866334915161133,0.47
355100,0.9755734205245972,-2.866334915161133,0.47
355200,0.9755734205245972,-2.866334915161133,0.47
355300,0.9755734205245972,-2.866334915161133,0.47
355400,0.9755734205245972,-2.866334915161133,0.47
355500,0.9755734205245972,-2.866334915161133,0.47
355600,0.9755734205245972,-2.866334915161133,0.47
355700,0.9755734205245972,-2.866334915161133,0.47
355800,0.9755734205245972,-2.866334915161133,0.47
355900,0.9755734205245972,-2.866334915161133,0.47
356000,0.9755734205245972,-2.866334915161133,0.47
356100,0.9755734205245972,-2.866334915161133,0.47
356200,0.9755734205245972,-2.866334915161133,0.47
356300,0.9755734205245972,-2.866334915161133,0.47
356400,0.9755734205245972,-2.866334915161133,0.47
356500,0.9755734205245972,-2.866334915161133,0.47
356600,0.9755734205245972,-2.866334915161133,0.47
356700,0.9755734205245972,-2.866334915161133,0.47
356800,0.9755734205245972,-2.866334915161133,0.47
356900,0.9755734205245972,-2.866334915161133,0.47
357000,0.9755734205245972,-2.866334915161133,0.47
357100,0.9755734205245972,-2.866334915161133,0.47
357200,0.9755734205245972,-2.866334915161133,0.47
357300,0.9755734205245972,-2.866334915161133,0.47
357400,0.9755734205245972,-2.866334915161133,0.47
357500,0.9755734205245972,-2.866334915161133,0.47
357600,0.9755734205245972,-2.866334915161133,0.47
357700,0.9755734205245972,-2.866334915161133,0.47
357800,0.9755734205245972,-2.866334915161133,0.47
357900,0.9755734205245972,-2.866334915161133,0.47
358000,0.9755734205245972,-2.866334915161133,0.47
358100,0.9755734205245972,-2.866334915161133,0.47
358200,0.9755734205245972,-2.866334915161133,0.47
358300,0.9755734205245972,-2.866334915161133,0.47
358400,0.9755734205245972,-2.866334915161133,0.47
358500,0.9755734205245972,-2.866334915161133,0.47
358600,0.9755734205245972,-2.866334915161133,0.47
358700,0.9755734205245972,-2.866334915161133,0.47
358800,0.9755734205245972,-2.866334915161133,0.47
358900,0.9755734205245972,-2.866334915161133,0.47
359000,0.9755734205245972,-2.866334915161133,0.47
359100,0.9755734205245972,-2.866334915161133,0.47
359200,0.9755734205245972,-2.866334915161133,0.47
359300,0.9755734205245972,-2.866334915161133,0.47
359400,0.9755734205245972,-2.866334915161133,0.47
359500,0.9755734205245972,-2.866334915161133,0.47
359600,0.9755734205245972,-2.866334915161133,0.47
359700,0.9755734205245972,-2.866334915161133,0.47
359800,0.9755734205245972,-2.866334915161133,0.47
359900,0.9755734205245972,-2.866334915161133,0.47
360000,0.9755734205245972,-2.866334915161133,0.47
360100,0.9755734205245972,-2.866334915161133,0.47
360200,0.9755734205245972,-2.866334915161133,0.47
360300,0.9755734205245972,-2.866334915161133,0.47
360400,0.9755734205245972,-2.866334915161133,0.47
360500,0.9755734205245972,-2.866334915161133,0.47
360600,0.9755734205245972,-2.866334915161133,0.47
360700,0.9755734205245972,-2.866334915161133,0.47
360800,0.9755734205245972,-2.866334915161133,0.47
360900,0.9755734205245972,-2.866334915161133,0.47
361000,0.9755734205245972,-2.866334915161133,0.47
361100,0.9755734205245972,-2.866334915161133,0.47
361200,0.9755734205245972,-2.866334915161133,0.47
361300,0.9755734205245972,-2.866334915161133,0.47
361400,0.9755734205245972,-2.866334915161133,0.47
361500,0.9755734205245972,-2.866334915161133,0.47
361600,0.9755734205245972,-2.866334915161133,0.47
361700,0.9755734205245972,-2.866334915161133,0.47
361800,0.9755734205245972,-2.866334915161133,0.47
361900,0.9755734205245972,-2.866334915161133,0.47
362000,0.9755734205245972,-2.866334915161133,0.47
362100,0.9755734205245972,-2.866334915161133,0.47
362200,0.9755734205245972,-2.866334915161133,0.47
362300,0.9755734205245972,-2.866334915161133,0.47
362400,0.9755734205245972,-2.866334915161133,0.47
362500,0.9755734205245972,-2.866334915161133,0.47
362600,0.9755734205245972,-2.866334915161133,0.47
362700,0.9755734205245972,-2.866334915161133,0.47
362800,0.9755734205245972,-2.866334915161133,0.47
362900,0.9755734205245972,-2.866334915161133,0.47
363000,0.9755734205245972,-2.866334915161133,0.47
363100,0.9755734205245972,-2.866334915161133,0.47
363200,0.9755734205245972,-2.866334915161133,0.47
363300,0.9755734205245972,-2.866334915161133,0.47
363400,0.9755734205245972,-2.866334915161133,0.47
363500,0.9755734205245972,-2.866334915161133,0.47
363600,0.9755734205245972,-2.866334915161133,0.47
363700,0.9755734205245972,-2.866334915161133,0.47
363800,0.9755734205245972,-2.866334915161133,0.47
363900,0.9755734205245972,-2.866334915161133,0.47
364000,0.9755734205245972,-2.866334915161133,0.47
364100,0.9755734205245972,-2.866334915161133,0.47
364200,0.9755734205245972,-2.866334915161133,0.47
364300,0.9755734205245972,-2.866334915161133,0.47
364400,0.9755734205245972,-2.866334915161133,0.47
364500,0.9755734205245972,-2.866334915161133,0.47
364600,0.9755734205245972,-2.866334915161133,0.47
364700,0.9755734205245972,-2.866334915161133,0.47
364800,0.9755734205245972,-2.866334915161133,0.47
364900,0.9755734205245972,-2.866334915161133,0.47
365000,0.9755734205245972,-2.866334915161133,0.47
365100,0.9755734205245972,-2.866334915161133,0.47
365200,0.9755734205245972,-2.866334915161133,0.47
365300,0.9755734205245972,-2.866334915161133,0.47
365400,0.9755734205245972,-2.866334915161133,0.47
365500,0.9755734205245972,-2.866334915161133,0.47
365600,0.9755734205245972,-2.866334915161133,0.47
365700,0.9755734205245972,-2.866334915161133,0.47
365800,0.9755734205245972,-2.866334915161133,0.47
365900,0.9755734205245972,-2.866334915161133,0.47
366000,0.9755734205245972,-2.866334915161133,0.47
366100,0.9755734205245972,-2.866334915161133,0.47
366200,0.9755734205245972,-2.866334915161133,0.47
366300,0.9755734205245972,-2.866334915161133,0.47
366400,0.9755734205245972,-2.866334915161133,0.47
366500,0.9755734205245972,-2.866334915161133,0.47
366600,0.9755734205245972,-2.866334915161133,0.47
366700,0.9755734205245972,-2.866334915161133,0.47
366800,0.9755734205245972,-2.866334915161133,0.47
366900,0.9755734205245972,-2.866334915161133,0.47
367000,0.9755734205245972,-2.866334915161133,0.47
367100,0.9755734205245972,-2.866334915161133,0.47
367200,0.9755734205245972,-2.866334915161133,0.47
367300,0.9755734205245972,-2.866334915161133,0.47
367400,0.9755734205245972,-2.866334915161133,0.47
367500,0.9755734205245972,-2.866334915161133,0.47
367600,0.9755734205245972,-2.866334915161133,0.47
367700,0.9755734205245972,-2.866334915161133,0.47
367800,0.9755734205245972,-2.866334915161133,0.47
367900,0.9755734205245972,-2.866334915161133,0.47
368000,0.9755734205245972,-2.866334915161133,0.47
368100,0.9755734205245972,-2.866334915161133,0.47
368200,0.9755734205245972,-2.866334915161133,0.47
368300,0.9755734205245972,-2.866334915161133,0.47
368400,0.9755734205245972,-2.866334915161133,0.47
368500,0.9755734205245972,-2.866334915161133,0.47
368600,0.9755734205245972,-2.866334915161133,0.47
368700,0.9755734205245972,-2.866334915161133,0.47
368800,0.9755734205245972,-2.866334915161133,0.47
368900,0.9755734205245972,-2.866334915161133,0.47
369000,0.9755734205245972,-2.866334915161133,0.47
369100,0.9755734205245972,-2.866334915161133,0.47
369200,0.9755734205245972,-2.866334915161133,0.47
369300,0.9755734205245972,-2.866334915161133,0.47
369400,0.9755734205245972,-2.866334915161133,0.47
369500,0.9755734205245972,-2.866334915161133,0.47
369600,0.9755734205245972,-2.866334915161133,0.47
369700,0.9755734205245972,-2.866334915161133,0.47
369800,0.9755734205245972,-2.866334915161133,0.47
369900,0.9755734205245972,-2.866334915161133,0.47
370000,0.9755734205245972,-2.866334915161133,0.47
370100,0.9755734205245972,-2.866334915161133,0.47
370200,0.9755734205245972,-2.866334915161133,0.47
370300,0.9755734205245972,-2.866334915161133,0.47
370400,0.9755734205245972,-2.866334915161133,0.47
370500,0.9755734205245972,-2.866334915161133,0.47
370600,0.9755734205245972,-2.866334915161133,0.47
370700,0.9755734205245972,-2.866334915161133,0.47
370800,0.9755734205245972,-2.866334915161133,0.47
370900,0.9755734205245972,-2.866334915161133,0.47
371000,0.9755734205245972,-2.866334915161133,0.47
371100,0.9755734205245972,-2.866334915161133,0.47
371200,0.9755734205245972,-2.866334915161133,0.47
371300,0.9755734205245972,-2.866334915161133,0.47
371400,0.9755734205245972,-2.866334915161133,0.47
371500,0.9755734205245972,-2.866334915161133,0.47
371600,0.9755734205245972,-2.866334915161133,0.47
371700,0.9755734205245972,-2.866334915161133,0.47
371800,0.9755734205245972,-2.866334915161133,0.47
371900,0.9755734205245972,-2.866334915161133,0.47
372000,0.9755734205245972,-2.866334915161133,0.47
372100,0.9755734205245972,-2.866334915161133,0.47
372200,0.9755734205245972,-2.866334915161133,0.47
372300,0.9755734205245972,-2.866334915161133,0.47
372400,0.9755734205245972,-2.866334915161133,0.47
372500,0.9755734205245972,-2.866334915161133,0.47
372600,0.9755734205245972,-2.866334915161133,0.47
372700,0.9755734205245972,-2.866334915161133,0.47
372800,0.9755734205245972,-2.866334915161133,0.47
372900,0.9755734205245972,-2.866334915161133,0.47
373000,0.9755734205245972,-2.866334915161133,0.47
373100,0.9755734205245972,-2.866334915161133,0.47
373200,0.9755734205245972,-2.866334915161133,0.47
373300,0.9755734205245972,-2.866334915161133,0.47
373400,0.9755734205245972,-2.866334915161133,0.47
373500,0.9755734205245972,-2.866334915161133,0.47
373600,0.9755734205245972,-2.866334915161133,0.47
373700,0.9755734205245972,-2.866334915161133,0.47
373800,0.9755734205245972,-2.866334915161133,0.47
373900,0.9755734205245972,-2.866334915161133,0.47
374000,0.9755734205245972,-2.866334915161133,0.47
374100,0.9755734205245972,-2.866334915161133,0.47
374200,0.9755734205245972,-2.866334915161133,0.47
374300,0.9755734205245972,-2.866334915161133,0.47
374400,0.9755734205245972,-2.866334915161133,0.47
374500,0.9755734205245972,-2.866334915161133,0.47
374600,0.9755734205245972,-2.866334915161133,0.47
374700,0.9755734205245972,-2.866334915161133,0.47
374800,0.9755734205245972,-2.866334915161133,0.47
374900,0.9755734205245972,-2.866334915161133,0.47
375000,0.9755734205245972,-2.866334915161133,0.47
375100,0.9755734205245972,-2.866334915161133,0.47
375200,0.9755734205245972,-2.866334915161133,0.47
375300,0.9755734205245972,-2.866334915161133,0.47
375400,0.9755734205245972,-2.866334915161133,0.47
375500,0.9755734205245972,-2.866334915161133,0.47
375600,0.9755734205245972,-2.866334915161133,0.47
375700,0.9755734205245972,-2.866334915161133,0.47
375800,0.9755734205245972,-2.866334915161133,0.47
375900,0.9755734205245972,-2.866334915161133,0.47
376000,0.9755734205245972,-2.866334915161133,0.47
376100,0.9755734205245972,-2.866334915161133,0.47
376200,0.9755734205245972,-2.866334915161133,0.47
376300,0.9755734205245972,-2.866334915161133,0.47
376400,0.9755734205245972,-2.866334915161133,0.47
376500,0.9755734205245972,-2.866334915161133,0.47
376600,0.9755734205245972,-2.866334915161133,0.47
376700,0.9755734205245972,-2.866334915161133,0.47
376800,0.9755734205245972,-2.866334915161133,0.47
376900,0.9755734205245972,-2.866334915161133,0.47
377000,0.9755734205245972,-2.866334915161133,0.47
377100,0.9755734205245972,-2.866334915161133,0.47
377200,0.9755734205245972,-2.866334915161133,0.47
377300,0.9755734205245972,-2.866334915161133,0.47
377400,0.9755734205245972,-2.866334915161133,0.47
377500,0.9755734205245972,-2.866334915161133,0.47
377600,0.9755734205245972,-2.866334915161133,0.47
377700,0.9755734205245972,-2.866334915161133,0.47
377800,0.9755734205245972,-2.866334915161133,0.47
377900,0.9755734205245972,-2.866334915161133,0.47
378000,0.9755734205245972,-2.866334915161133,0.47
378100,0.9755734205245972,-2.866334915161133,0.47
378200,0.9755734205245972,-2.866334915161133,0.47
378300,0.9755734205245972,-2.866334915161133,0.47
378400,0.9755734205245972,-2.866334915161133,0.47
378500,0.9755734205245972,-2.866334915161133,0.47
378600,0.9755734205245972,-2.866334915161133,0.47
378700,0.9755734205245972,-2.866334915161133,0.47
378800,0.9755734205245972,-2.866334915161133,0.47
378900,0.9755734205245972,-2.866334915161133,0.47
379000,0.9755734205245972,-2.866334915161133,0.47
379100,0.9755734205245972,-2.866334915161133,0.47
379200,0.9755734205245972,-2.866334915161133,0.47
379300,0.9755734205245972,-2.866334915161133,0.47
379400,0.9755734205245972,-2.866334915161133,0.47
379500,0.9755734205245972,-2.866334915161133,0.47
379600,0.9755734205245972,-2.866334915161133,0.47
379700,0.9755734205245972,-2.866334915161133,0.47
379800,0.9755734205245972,-2.866334915161133,0.47
379900,0.9755734205245972,-2.866334915161133,0.47
380000,0.9755734205245972,-2.866334915161133,0.47
380100,0.9755734205245972,-2.866334915161133,0.47
380200,0.9755734205245972,-2.866334915161133,0.47
380300,0.9755734205245972,-2.866334915161133,0.47
380400,0.9755734205245972,-2.866334915161133,0.47
380500,0.9755734205245972,-2.866334915161133,0.47
380600,0.9755734205245972,-2.866334915161133,0.47
380700,0.9755734205245972,-2.866334915161133,0.47
380800,0.9755734205245972,-2.866334915161133,0.47
380900,0.9755734205245972,-2.866334915161133,0.47
381000,0.9755734205245972,-2.866334915161133,0.47
381100,0.9755734205245972,-2.866334915161133,0.47
381200,0.9755734205245972,-2.866334915161133,0.47
381300,0.9755734205245972,-2.866334915161133,0.47
381400,0.9755734205245972,-2.866334915161133,0.47
381500,0.9755734205245972,-2.866334915161133,0.47
381600,0.9755734205245972,-2.866334915161133,0.47
381700,0.9755734205245972,-2.866334915161133,0.47
381800,0.9755734205245972,-2.866334915161133,0.47
381900,0.9755734205245972,-2.866334915161133,0.47
382000,0.9755734205245972,-2.866334915161133,0.47
382100,0.9755734205245972,-2.866334915161133,0.47
382200,0.9755734205245972,-2.866334915161133,0.47
382300,0.9755734205245972,-2.866334915161133,0.47
382400,0.9755734205245972,-2.866334915161133,0.47
382500,0.9755734205245972,-2.866334915161133,0.47
382600,0.9755734205245972,-2.866334915161133,0.47
382700,0.9755734205245972,-2.866334915161133,0.47
382800,0.9755734205245972,-2.866334915161133,0.47
382900,0.9755734205245972,-2.866334915161133,0.47
383000,0.9755734205245972,-2.866334915161133,0.47
383100,0.9755734205245972,-2.866334915161133,0.47
383200,0.9755734205245972,-2.866334915161133,0.47
383300,0.9755734205245972,-2.866334915161133,0.47
383400,0.9755734205245972,-2.866334915161133,0.47
383500,0.9755734205245972,-2.866334915161133,0.47
383600,0.9755734205245972,-2.866334915161133,0.47
383700,0.9755734205245972,-2.866334915161133,0.47
383800,0.9755734205245972,-2.866334915161133,0.47
383900,0.9755734205245972,-2.866334915161133,0.47
384000,0.9755734205245972,-2.866334915161133,0.47
384100,0.9755734205245972,-2.866334915161133,0.47
384200,0.9755734205245972,-2.866334915161133,0.47
384300,0.9755734205245972,-2.866334915161133,0.47
384400,0.9755734205245972,-2.866334915161133,0.47
384500,0.9755734205245972,-2.866334915161133,0.47
384600,0.9755734205245972,-2.866334915161133,0.47
384700,0.9755734205245972,-2.866334915161133,0.47
384800,0.9755734205245972,-2.866334915161133,0.47
384900,0.9755734205245972,-2.866334915161133,0.47
385000,0.9755734205245972,-2.866334915161133,0.47
385100,0.9755734205245972,-2.866334915161133,0.47
385200,0.9755734205245972,-2.866334915161133,0.47
385300,0.9755734205245972,-2.866334915161133,0.47
385400,0.9755734205245972,-2.866334915161133,0.47
385500,0.9755734205245972,-2.866334915161133,0.47
385600,0.9755734205245972,-2.866334915161133,0.47
385700,0.9755734205245972,-2.866334915161133,0.47
385800,0.9755734205245972,-2.866334915161133,0.47
385900,0.9755734205245972,-2.866334915161133,0.47
386000,0.9755734205245972,-2.866334915161133,0.47
386100,0.9755734205245972,-2.866334915161133,0.47
386200,0.9755734205245972,-2.866334915161133,0.47
386300,0.9755734205245972,-2.866334915161133,0.47
386400,0.9755734205245972,-2.866334915161133,0.47
386500,0.9755734205245972,-2.866334915161133,0.47
386600,0.9755734205245972,-2.866334915161133,0.47
386700,0.9755734205245972,-2.866334915161133,0.47
386800,0.9755734205245972,-2.866334915161133,0.47
386900,0.9755734205245972,-2.866334915161133,0.47
387000,0.9755734205245972,-2.866334915161133,0.47
387100,0.9755734205245972,-2.866334915161133,0.47
387200,0.9755734205245972,-2.866334915161133,0.47
387300,0.9755734205245972,-2.866334915161133,0.47
387400,0.9755734205245972,-2.866334915161133,0.47
387500,0.9755734205245972,-2.866334915161133,0.47
387600,0.9755734205245972,-2.866334915161133,0.47
387700,0.9755734205245972,-2.866334915161133,0.47
387800,0.9755734205245972,-2.866334915161133,0.47
387900,0.9755734205245972,-2.866334915161133,0.47
388000,0.9755734205245972,-2.866334915161133,0.47
388100,0.9755734205245972,-2.866334915161133,0.47
388200,0.9755734205245972,-2.866334915161133,0.47
388300,0.9755734205245972,-2.866334915161133,0.47
388400,0.9755734205245972,-2.866334915161133,0.47
388500,0.9755734205245972,-2.866334915161133,0.47
388600,0.9755734205245972,-2.866334915161133,0.47
388700,0.9755734205245972,-2.866334915161133,0.47
388800,0.9755734205245972,-2.866334915161133,0.47
388900,0.9755734205245972,-2.866334915161133,0.47
389000,0.9755734205245972,-2.866334915161133,0.47
389100,0.9755734205245972,-2.866334915161133,0.47
389200,0.9755734205245972,-2.866334915161133,0.47
389300,0.9755734205245972,-2.866334915161133,0.47
389400,0.9755734205245972,-2.866334915161133,0.47
389500,0.9755734205245972,-2.866334915161133,0.47
389600,0.9755734205245972,-2.866334915161133,0.47
389700,0.9755734205245972,-2.866334915161133,0.47
389800,0.9755734205245972,-2.866334915161133,0.47
389900,0.9755734205245972,-2.866334915161133,0.47
390000,0.9755734205245972,-2.866334915161133,0.47
390100,0.9755734205245972,-2.866334915161133,0.47
390200,0.9755734205245972,-2.866334915161133,0.47
390300,0.9755734205245972,-2.866334915161133,0.47
390400,0.9755734205245972,-2.866334915161133,0.47
390500,0.9755734205245972,-2.866334915161133,0.47
390600,0.9755734205245972,-2.866334915161133,0.47
390700,0.9755734205245972,-2.866334915161133,0.47
390800,0.9755734205245972,-2.866334915161133,0.47
390900,0.9755734205245972,-2.866334915161133,0.47
391000,0.9755734205245972,-2.866334915161133,0.47
391100,0.9755734205245972,-2.866334915161133,0.47
391200,0.9755734205245972,-2.866334915161133,0.47
391300,0.9755734205245972,-2.866334915161133,0.47
391400,0.9755734205245972,-2.866334915161133,0.47
391500,0.9755734205245972,-2.866334915161133,0.47
391600,0.9755734205245972,-2.866334915161133,0.47
391700,0.9755734205245972,-2.866334915161133,0.47
391800,0.9755734205245972,-2.866334915161133,0.47
391900,0.9755734205245972,-2.866334915161133,0.47
392000,0.9755734205245972,-2.866334915161133,0.47
392100,0.9755734205245972,-2.866334915161133,0.47
392200,0.9755734205245972,-2.866334915161133,0.47
392300,0.9755734205245972,-2.866334915161133,0.47
392400,0.9755734205245972,-2.866334915161133,0.47
392500,0.9755734205245972,-2.866334915161133,0.47
392600,0.9755734205245972,-2.866334915161133,0.47
392700,0.9755734205245972,-2.866334915161133,0.47
392800,0.9755734205245972,-2.866334915161133,0.47
392900,0.9755734205245972,-2.866334915161133,0.47
393000,0.9755734205245972,-2.866334915161133,0.47
393100,0.9755734205245972,-2.866334915161133,0.47
393200,0.9755734205245972,-2.866334915161133,0.47
393300,0.9755734205245972,-2.866334915161133,0.47
393400,0.9755734205245972,-2.866334915161133,0.47
393500,0.9755734205245972,-2.866334915161133,0.47
393600,0.9755734205245972,-2.866334915161133,0.47
393700,0.9755734205245972,-2.866334915161133,0.47
393800,0.9755734205245972,-2.866334915161133,0.47
393900,0.9755734205245972,-2.866334915161133,0.47
394000,0.9755734205245972,-2.866334915161133,0.47
394100,0.9755734205245972,-2.866334915161133,0.47
394200,0.9755734205245972,-2.866334915161133,0.47
394300,0.9755734205245972,-2.866334915161133,0.47
394400,0.9755734205245972,-2.866334915161133,0.47
394500,0.9755734205245972,-2.866334915161133,0.47
394600,0.9755734205245972,-2.866334915161133,0.47
394700,0.9755734205245972,-2.866334915161133,0.47
394800,0.9755734205245972,-2.866334915161133,0.47
394900,0.9755734205245972,-2.866334915161133,0.47
395000,0.9755734205245972,-2.866334915161133,0.47
395100,0.9755734205245972,-2.866334915161133,0.47
395200,0.9755734205245972,-2.866334915161133,0.47
395300,0.9755734205245972,-2.866334915161133,0.47
395400,0.9755734205245972,-2.866334915161133,0.47
395500,0.9755734205245972,-2.866334915161133,0.47
395600,0.9755734205245972,-2.866334915161133,0.47
395700,0.9755734205245972,-2.866334915161133,0.47
395800,0.9755734205245972,-2.866334915161133,0.47
395900,0.9755734205245972,-2.866334915161133,0.47
396000,0.9755734205245972,-2.866334915161133,0.47
396100,0.9755734205245972,-2.866334915161133,0.47
396200,0.9755734205245972,-2.866334915161133,0.47
396300,0.9755734205245972,-2.866334915161133,0.47
396400,0.9755734205245972,-2.866334915161133,0.47
396500,0.9755734205245972,-2.866334915161133,0.47
396600,0.9755734205245972,-2.866334915161133,0.47
396700,0.9755734205245972,-2.866334915161133,0.47
396800,0.9755734205245972,-2.866334915161133,0.47
396900,0.9755734205245972,-2.866334915161133,0.47
397000,0.9755734205245972,-2.866334915161133,0.47
397100,0.9755734205245972,-2.866334915161133,0.47
397200,0.9755734205245972,-2.866334915161133,0.47
397300,0.9755734205245972,-2.866334915161133,0.47
397400,0.9755734205245972,-2.866334915161133,0.47
397500,0.9755734205245972,-2.866334915161133,0.47
397600,0.9755734205245972,-2.866334915161133,0.47
397700,0.9755734205245972,-2.866334915161133,0.47
397800,0.9755734205245972,-2.866334915161133,0.47
397900,0.9755734205245972,-2.866334915161133,0.47
398000,0.9755734205245972,-2.866334915161133,0.47
398100,0.9755734205245972,-2.866334915161133,0.47
398200,0.9755734205245972,-2.866334915161133,0.47
398300,0.9755734205245972,-2.866334915161133,0.47
398400,0.9755734205245972,-2.866334915161133,0.47
398500,0.9755734205245972,-2.866334915161133,0.47
398600,0.9755734205245972,-2.866334915161133,0.47
398700,0.9755734205245972,-2.866334915161133,0.47
398800,0.9755734205245972,-2.866334915161133,0.47
398900,0.9755734205245972,-2.866334915161133,0.47
399000,0.9755734205245972,-2.866334915161133,0.47
399100,0.9755734205245972,-2.866334915161133,0.47
399200,0.9755734205245972,-2.866334915161133,0.47
399300,0.9755734205245972,-2.866334915161133,0.47
399400,0.9755734205245972,-2.866334915161133,0.47
399500,0.9755734205245972,-2.866334915161133,0.47
399600,0.9755734205245972,-2.866334915161133,0.47
399700,0.9755734205245972,-2.866334915161133,0.47
399800,0.9755734205245972,-2.866334915161133,0.47
399900,0.9755734205245972,-2.866334915161133,0.47
400000,0.9755734205245972,-2.866334915161133,0.47
400100,0.9755734205245972,-2.866334915161133,0.47
400200,0.9755734205245972,-2.866334915161133,0.47
400300,0.9755734205245972,-2.866334915161133,0.47
400400,0.9755734205245972,-2.866334915161133,0.47
400500,0.9755734205245972,-2.866334915161133,0.47
400600,0.9755734205245972,-2.866334915161133,0.47
400700,0.9755734205245972,-2.866334915161133,0.47
400800,0.9755734205245972,-2.866334915161133,0.47
400900,0.9755734205245972,-2.866334915161133,0.47
401000,0.9755734205245972,-2.866334915161133,0.47
401100,0.9755734205245972,-2.866334915161133,0.47
401200,0.9755734205245972,-2.866334915161133,0.47
401300,0.9755734205245972,-2.866334915161133,0.47
401400,0.9755734205245972,-2.866334915161133,0.47
401500,0.9755734205245972,-2.866334915161133,0.47
401600,0.9755734205245972,-2.866334915161133,0.47
401700,0.9755734205245972,-2.866334915161133,0.47
401800,0.9755734205245972,-2.866334915161133,0.47
401900,0.9755734205245972,-2.866334915161133,0.47
402000,0.9755734205245972,-2.866334915161133,0.47
402100,0.9755734205245972,-2.866334915161133,0.47
402200,0.9755734205245972,-2.866334915161133,0.47
402300,0.9755734205245972,-2.866334915161133,0.47
402400,0.9755734205245972,-2.866334915161133,0.47
402500,0.9755734205245972,-2.866334915161133,0.47
402600,0.9755734205245972,-2.866334915161133,0.47
402700,0.9755734205245972,-2.866334915161133,0.47
402800,0.9755734205245972,-2.866334915161133,0.47
402900,0.9755734205245972,-2.866334915161133,0.47
403000,0.9755734205245972,-2.866334915161133,0.47
403100,0.9755734205245972,-2.866334915161133,0.47
403200,0.9755734205245972,-2.866334915161133,0.47
403300,0.9755734205245972,-2.866334915161133,0.47
403400,0.9755734205245972,-2.866334915161133,0.47
403500,0.9755734205245972,-2.866334915161133,0.47
403600,0.9755734205245972,-2.866334915161133,0.47
403700,0.9755734205245972,-2.866334915161133,0.47
403800,0.9755734205245972,-2.866334915161133,0.47
403900,0.9755734205245972,-2.866334915161133,0.47
404000,0.9755734205245972,-2.866334915161133,0.47
404100,0.9755734205245972,-2.866334915161133,0.47
404200,0.9755734205245972,-2.866334915161133,0.47
404300,0.9755734205245972,-2.866334915161133,0.47
404400,0.9755734205245972,-2.866334915161133,0.47
404500,0.9755734205245972,-2.866334915161133,0.47
404600,0.9755734205245972,-2.866334915161133,0.47
404700,0.9755734205245972,-2.866334915161133,0.47
404800,0.9755734205245972,-2.866334915161133,0.47
404900,0.9755734205245972,-2.866334915161133,0.47
405000,0.9755734205245972,-2.866334915161133,0.47
405100,0.9755734205245972,-2.866334915161133,0.47
405200,0.9755734205245972,-2.866334915161133,0.47
405300,0.9755734205245972,-2.866334915161133,0.47
405400,0.9755734205245972,-2.866334915161133,0.47
405500,0.9755734205245972,-2.866334915161133,0.47
405600,0.9755734205245972,-2.866334915161133,0.47
405700,0.9755734205245972,-2.866334915161133,0.47
405800,0.9755734205245972,-2.866334915161133,0.47
405900,0.9755734205245972,-2.866334915161133,0.47
406000,0.9755734205245972,-2.866334915161133,0.47
406100,0.9755734205245972,-2.866334915161133,0.47
406200,0.9755734205245972,-2.866334915161133,0.47
406300,0.9755734205245972,-2.866334915161133,0.47
406400,0.9755734205245972,-2.866334915161133,0.47
406500,0.9755734205245972,-2.866334915161133,0.47
406600,0.9755734205245972,-2.866334915161133,0.47
406700,0.9755734205245972,-2.866334915161133,0.47
406800,0.9755734205245972,-2.866334915161133,0.47
406900,0.9755734205245972,-2.866334915161133,0.47
407000,0.9755734205245972,-2.866334915161133,0.47
407100,0.9755734205245972,-2.866334915161133,0.47
407200,0.9755734205245972,-2.866334915161133,0.47
407300,0.9755734205245972,-2.866334915161133,0.47
407400,0.9755734205245972,-2.866334915161133,0.47
407500,0.9755734205245972,-2.866334915161133,0.47
407600,0.9755734205245972,-2.866334915161133,0.47
407700,0.9755734205245972,-2.866334915161133,0.47
407800,0.9755734205245972,-2.866334915161133,0.47
407900,0.9755734205245972,-2.866334915161133,0.47
408000,0.9755734205245972,-2.866334915161133,0.47
408100,0.9755734205245972,-2.866334915161133,0.47
408200,0.9755734205245972,-2.866334915161133,0.47
408300,0.9755734205245972,-2.866334915161133,0.47
408400,0.9755734205245972,-2.866334915161133,0.47
408500,0.9755734205245972,-2.866334915161133,0.47
408600,0.9755734205245972,-2.866334915161133,0.47
408700,0.9755734205245972,-2.866334915161133,0.47
408800,0.9755734205245972,-2.866334915161133,0.47
408900,0.9755734205245972,-2.866334915161133,0.47
409000,0.9755734205245972,-2.866334915161133,0.47
409100,0.9755734205245972,-2.866334915161133,0.47
409200,0.9755734205245972,-2.866334915161133,0.47
409300,0.9755734205245972,-2.866334915161133,0.47
409400,0.9755734205245972,-2.866334915161133,0.47
409500,0.9755734205245972,-2.866334915161133,0.47
409600,0.9755734205245972,-2.866334915161133,0.47
409700,0.9755734205245972,-2.866334915161133,0.47
409800,0.9755734205245972,-2.866334915161133,0.47
409900,0.9755734205245972,-2.866334915161133,0.47
410000,0.9755734205245972,-2.866334915161133,0.47
410100,0.9755734205245972,-2.866334915161133,0.47
410200,0.9755734205245972,-2.866334915161133,0.47
410300,0.9755734205245972,-2.866334915161133,0.47
410400,0.9755734205245972,-2.866334915161133,0.47
410500,0.9755734205245972,-2.866334915161133,0.47
410600,0.9755734205245972,-2.866334915161133,0.47
410700,0.9755734205245972,-2.866334915161133,0.47
410800,0.9755734205245972,-2.866334915161133,0.47
410900,0.9755734205245972,-2.866334915161133,0.47
411000,0.9755734205245972,-2.866334915161133,0.47
411100,0.9755734205245972,-2.866334915161133,0.47
411200,0.9755734205245972,-2.866334915161133,0.47
411300,0.9755734205245972,-2.866334915161133,0.47
411400,0.9755734205245972,-2.866334915161133,0.47
411500,0.9755734205245972,-2.866334915161133,0.47
411600,0.9755734205245972,-2.866334915161133,0.47
411700,0.9755734205245972,-2.866334915161133,0.47
411800,0.9755734205245972,-2.866334915161133,0.47
411900,0.9755734205245972,-2.866334915161133,0.47
412000,0.9755734205245972,-2.866334915161133,0.47
412100,0.9755734205245972,-2.866334915161133,0.47
412200,0.9755734205245972,-2.866334915161133,0.47
412300,0.9755734205245972,-2.866334915161133,0.47
412400,0.9755734205245972,-2.866334915161133,0.47
412500,0.9755734205245972,-2.866334915161133,0.47
412600,0.9755734205245972,-2.866334915161133,0.47
412700,0.9755734205245972,-2.866334915161133,0.47
412800,0.9755734205245972,-2.866334915161133,0.47
412900,0.9755734205245972,-2.866334915161133,0.47
413000,0.9755734205245972,-2.866334915161133,0.47
413100,0.9755734205245972,-2.866334915161133,0.47
413200,0.9755734205245972,-2.866334915161133,0.47
413300,0.9755734205245972,-2.866334915161133,0.47
413400,0.9755734205245972,-2.866334915161133,0.47
413500,0.9755734205245972,-2.866334915161133,0.47
413600,0.9755734205245972,-2.866334915161133,0.47
413700,0.9755734205245972,-2.866334915161133,0.47
413800,0.9755734205245972,-2.866334915161133,0.47
413900,0.9755734205245972,-2.866334915161133,0.47
414000,0.9755734205245972,-2.866334915161133,0.47
414100,0.9755734205245972,-2.866334915161133,0.47
414200,0.9755734205245972,-2.866334915161133,0.47
414300,0.9755734205245972,-2.866334915161133,0.47
414400,0.9755734205245972,-2.866334915161133,0.47
414500,0.9755734205245972,-2.866334915161133,0.47
414600,0.9755734205245972,-2.866334915161133,0.47
414700,0.9755734205245972,-2.866334915161133,0.47
414800,0.9755734205245972,-2.866334915161133,0.47
414900,0.9755734205245972,-2.866334915161133,0.47
415000,0.9755734205245972,-2.866334915161133,0.47
415100,0.9755734205245972,-2.866334915161133,0.47
415200,0.9755734205245972,-2.866334915161133,0.47
415300,0.9755734205245972,-2.866334915161133,0.47
415400,0.9755734205245972,-2.866334915161133,0.47
415500,0.9755734205245972,-2.866334915161133,0.47
415600,0.9755734205245972,-2.866334915161133,0.47
415700,0.9755734205245972,-2.866334915161133,0.47
415800,0.9755734205245972,-2.866334915161133,0.47
415900,0.9755734205245972,-2.866334915161133,0.47
416000,0.9755734205245972,-2.866334915161133,0.47
416100,0.9755734205245972,-2.866334915161133,0.47
416200,0.9755734205245972,-2.866334915161133,0.47
416300,0.9755734205245972,-2.866334915161133,0.47
416400,0.9755734205245972,-2.866334915161133,0.47
416500,0.9755734205245972,-2.866334915161133,0.47
416600,0.9755734205245972,-2.866334915161133,0.47
416700,0.9755734205245972,-2.866334915161133,0.47
416800,0.9755734205245972,-2.866334915161133,0.47
416900,0.9755734205245972,-2.866334915161133,0.47
417000,0.9755734205245972,-2.866334915161133,0.47
417100,0.9755734205245972,-2.866334915161133,0.47
417200,0.9755734205245972,-2.866334915161133,0.47
417300,0.9755734205245972,-2.866334915161133,0.47
417400,0.9755734205245972,-2.866334915161133,0.47
417500,0.9755734205245972,-2.866334915161133,0.47
417600,0.9755734205245972,-2.866334915161133,0.47
417700,0.9755734205245972,-2.866334915161133,0.47
417800,0.9755734205245972,-2.866334915161133,0.47
417900,0.9755734205245972,-2.866334915161133,0.47
418000,0.9755734205245972,-2.866334915161133,0.47
418100,0.9755734205245972,-2.866334915161133,0.47
418200,0.9755734205245972,-2.866334915161133,0.47
418300,0.9755734205245972,-2.866334915161133,0.47
418400,0.9755734205245972,-2.866334915161133,0.47
418500,0.9755734205245972,-2.866334915161133,0.47
418600,0.9755734205245972,-2.866334915161133,0.47
418700,0.9755734205245972,-2.866334915161133,0.47
418800,0.9755734205245972,-2.866334915161133,0.47
418900,0.9755734205245972,-2.866334915161133,0.47
419000,0.9755734205245972,-2.866334915161133,0.47
419100,0.9755734205245972,-2.866334915161133,0.47
419200,0.9755734205245972,-2.866334915161133,0.47
419300,0.9755734205245972,-2.866334915161133,0.47
419400,0.9755734205245972,-2.866334915161133,0.47
419500,0.9755734205245972,-2.866334915161133,0.47
419600,0.9755734205245972,-2.866334915161133,0.47
419700,0.9755734205245972,-2.866334915161133,0.47
419800,0.9755734205245972,-2.866334915161133,0.47
419900,0.9755734205245972,-2.866334915161133,0.47
420000,0.9755734205245972,-2.866334915161133,0.47
420100,0.9755734205245972,-2.866334915161133,0.47
420200,0.9755734205245972,-2.866334915161133,0.47
420300,0.9755734205245972,-2.866334915161133,0.47
420400,0.9755734205245972,-2.866334915161133,0.47
420500,0.9755734205245972,-2.866334915161133,0.47
420600,0.9755734205245972,-2.866334915161133,0.47
420700,0.9755734205245972,-2.866334915161133,0.47
420800,0.9755734205245972,-2.866334915161133,0.47
420900,0.9755734205245972,-2.866334915161133,0.47
421000,0.9755734205245972,-2.866334915161133,0.47
421100,0.9755734205245972,-2.866334915161133,0.47
421200,0.9755734205245972,-2.866334915161133,0.47
421300,0.9755734205245972,-2.866334915161133,0.47
421400,0.9755734205245972,-2.866334915161133,0.47
421500,0.9755734205245972,-2.866334915161133,0.47
421600,0.9755734205245972,-2.866334915161133,0.47
421700,0.9755734205245972,-2.866334915161133,0.47
421800,0.9755734205245972,-2.866334915161133,0.47
421900,0.9755734205245972,-2.866334915161133,0.47
422000,0.9755734205245972,-2.866334915161133,0.47
422100,0.9755734205245972,-2.866334915161133,0.47
422200,0.9755734205245972,-2.866334915161133,0.47
422300,0.9755734205245972,-2.866334915161133,0.47
422400,0.9755734205245972,-2.866334915161133,0.47
422500,0.9755734205245972,-2.866334915161133,0.47
422600,0.9755734205245972,-2.866334915161133,0.47
422700,0.9755734205245972,-2.866334915161133,0.47
422800,0.9755734205245972,-2.866334915161133,0.47
422900,0.9755734205245972,-2.866334915161133,0.47
423000,0.9755734205245972,-2.866334915161133,0.47
423100,0.9755734205245972,-2.866334915161133,0.47
423200,0.9755734205245972,-2.866334915161133,0.47
423300,0.9755734205245972,-2.866334915161133,0.47
423400,0.9755734205245972,-2.866334915161133,0.47
423500,0.9755734205245972,-2.866334915161133,0.47
423600,0.9755734205245972,-2.866334915161133,0.47
423700,0.9755734205245972,-2.866334915161133,0.47
423800,0.9755734205245972,-2.866334915161133,0.47
423900,0.9755734205245972,-2.866334915161133,0.47
424000,0.9755734205245972,-2.866334915161133,0.47
424100,0.9755734205245972,-2.866334915161133,0.47
424200,0.9755734205245972,-2.866334915161133,0.47
424300,0.9755734205245972,-2.866334915161133,0.47
424400,0.9755734205245972,-2.866334915161133,0.47
424500,0.9755734205245972,-2.866334915161133,0.47
424600,0.9755734205245972,-2.866334915161133,0.47
424700,0.9755734205245972,-2.866334915161133,0.47
424800,0.9755734205245972,-2.866334915161133,0.47
424900,0.9755734205245972,-2.866334915161133,0.47
425000,0.9755734205245972,-2.866334915161133,0.47
425100,0.9755734205245972,-2.866334915161133,0.47
425200,0.9755734205245972,-2.866334915161133,0.47
425300,0.9755734205245972,-2.866334915161133,0.47
425400,0.9755734205245972,-2.866334915161133,0.47
425500,0.9755734205245972,-2.866334915161133,0.47
425600,0.9755734205245972,-2.866334915161133,0.47
425700,0.9755734205245972,-2.866334915161133,0.47
425800,0.9755734205245972,-2.866334915161133,0.47
425900,0.9755734205245972,-2.866334915161133,0.47
426000,0.9755734205245972,-2.866334915161133,0.47
426100,0.9755734205245972,-2.866334915161133,0.47
426200,0.9755734205245972,-2.866334915161133,0.47
426300,0.9755734205245972,-2.866334915161133,0.47
426400,0.9755734205245972,-2.866334915161133,0.47
426500,0.9755734205245972,-2.866334915161133,0.47
426600,0.9755734205245972,-2.866334915161133,0.47
426700,0.9755734205245972,-2.866334915161133,0.47
426800,0.9755734205245972,-2.866334915161133,0.47
426900,0.9755734205245972,-2.866334915161133,0.47
427000,0.9755734205245972,-2.866334915161133,0.47
427100,0.9755734205245972,-2.866334915161133,0.47
427200,0.9755734205245972,-2.866334915161133,0.47
427300,0.9755734205245972,-2.866334915161133,0.47
427400,0.9755734205245972,-2.866334915161133,0.47
427500,0.9755734205245972,-2.866334915161133,0.47
427600,0.9755734205245972,-2.866334915161133,0.47
427700,0.9755734205245972,-2.866334915161133,0.47
427800,0.9755734205245972,-2.866334915161133,0.47
427900,0.9755734205245972,-2.866334915161133,0.47
428000,0.9755734205245972,-2.866334915161133,0.47
428100,0.9755734205245972,-2.866334915161133,0.47
428200,0.9755734205245972,-2.866334915161133,0.47
428300,0.9755734205245972,-2.866334915161133,0.47
428400,0.9755734205245972,-2.866334915161133,0.47
428500,0.9755734205245972,-2.866334915161133,0.47
428600,0.9755734205245972,-2.866334915161133,0.47
428700,0.9755734205245972,-2.866334915161133,0.47
428800,0.9755734205245972,-2.866334915161133,0.47
428900,0.9755734205245972,-2.866334915161133,0.47
429000,0.9755734205245972,-2.866334915161133,0.47
429100,0.9755734205245972,-2.866334915161133,0.47
429200,0.9755734205245972,-2.866334915161133,0.47
429300,0.9755734205245972,-2.866334915161133,0.47
429400,0.9755734205245972,-2.866334915161133,0.47
429500,0.9755734205245972,-2.866334915161133,0.47
429600,0.9755734205245972,-2.866334915161133,0.47
429700,0.9755734205245972,-2.866334915161133,0.47
429800,0.9755734205245972,-2.866334915161133,0.47
429900,0.9755734205245972,-2.866334915161133,0.47
430000,0.9755734205245972,-2.866334915161133,0.47
430100,0.9755734205245972,-2.866334915161133,0.47
430200,0.9755734205245972,-2.866334915161133,0.47
430300,0.9755734205245972,-2.866334915161133,0.47
430400,0.9755734205245972,-2.866334915161133,0.47
430500,0.9755734205245972,-2.866334915161133,0.47
430600,0.9755734205245972,-2.866334915161133,0.47
430700,0.9755734205245972,-2.866334915161133,0.47
430800,0.9755734205245972,-2.866334915161133,0.47
430900,0.9755734205245972,-2.866334915161133,0.47
431000,0.9755734205245972,-2.866334915161133,0.47
431100,0.9755734205245972,-2.866334915161133,0.47
431200,0.9755734205245972,-2.866334915161133,0.47
431300,0.9755734205245972,-2.866334915161133,0.47
431400,0.9755734205245972,-2.866334915161133,0.47
431500,0.9755734205245972,-2.866334915161133,0.47
431600,0.9755734205245972,-2.866334915161133,0.47
431700,0.9755734205245972,-2.866334915161133,0.47
431800,0.9755734205245972,-2.866334915161133,0.47
431900,0.9755734205245972,-2.866334915161133,0.47
432000,0.9755734205245972,-2.866334915161133,0.47
432100,0.9755734205245972,-2.866334915161133,0.47
432200,0.9755734205245972,-2.866334915161133,0.47
432300,0.9755734205245972,-2.866334915161133,0.47
432400,0.9755734205245972,-2.866334915161133,0.47
432500,0.9755734205245972,-2.866334915161133,0.47
432600,0.9755734205245972,-2.866334915161133,0.47
432700,0.9755734205245972,-2.866334915161133,0.47
432800,0.9755734205245972,-2.866334915161133,0.47
432900,0.9755734205245972,-2.866334915161133,0.47
433000,0.9755734205245972,-2.866334915161133,0.47
433100,0.9755734205245972,-2.866334915161133,0.47
433200,0.9755734205245972,-2.866334915161133,0.47
433300,0.9755734205245972,-2.866334915161133,0.47
433400,0.9755734205245972,-2.866334915161133,0.47
433500,0.9755734205245972,-2.866334915161133,0.47
433600,0.9755734205245972,-2.866334915161133,0.47
433700,0.9755734205245972,-2.866334915161133,0.47
433800,0.9755734205245972,-2.866334915161133,0.47
433900,0.9755734205245972,-2.866334915161133,0.47
434000,0.9755734205245972,-2.866334915161133,0.47
434100,0.9755734205245972,-2.866334915161133,0.47
434200,0.9755734205245972,-2.866334915161133,0.47
434300,0.9755734205245972,-2.866334915161133,0.47
434400,0.9755734205245972,-2.866334915161133,0.47
434500,0.9755734205245972,-2.866334915161133,0.47
434600,0.9755734205245972,-2.866334915161133,0.47
434700,0.9755734205245972,-2.866334915161133,0.47
434800,0.9755734205245972,-2.866334915161133,0.47
434900,0.9755734205245972,-2.866334915161133,0.47
435000,0.9755734205245972,-2.866334915161133,0.47
435100,0.9755734205245972,-2.866334915161133,0.47
435200,0.9755734205245972,-2.866334915161133,0.47
435300,0.9755734205245972,-2.866334915161133,0.47
435400,0.9755734205245972,-2.866334915161133,0.47
435500,0.9755734205245972,-2.866334915161133,0.47
435600,0.9755734205245972,-2.866334915161133,0.47
435700,0.9755734205245972,-2.866334915161133,0.47
435800,0.9755734205245972,-2.866334915161133,0.47
435900,0.9755734205245972,-2.866334915161133,0.47
436000,0.9755734205245972,-2.866334915161133,0.47
436100,0.9755734205245972,-2.866334915161133,0.47
436200,0.9755734205245972,-2.866334915161133,0.47
436300,0.9755734205245972,-2.866334915161133,0.47
436400,0.9755734205245972,-2.866334915161133,0.47
436500,0.9755734205245972,-2.866334915161133,0.47
436600,0.9755734205245972,-2.866334915161133,0.47
436700,0.9755734205245972,-2.866334915161133,0.47
436800,0.9755734205245972,-2.866334915161133,0.47
436900,0.9755734205245972,-2.866334915161133,0.47
437000,0.9755734205245972,-2.866334915161133,0.47
437100,0.9755734205245972,-2.866334915161133,0.47
437200,0.9755734205245972,-2.866334915161133,0.47
437300,0.9755734205245972,-2.866334915161133,0.47
437400,0.9755734205245972,-2.866334915161133,0.47
437500,0.9755734205245972,-2.866334915161133,0.47
437600,0.9755734205245972,-2.866334915161133,0.47
437700,0.9755734205245972,-2.866334915161133,0.47
437800,0.9755734205245972,-2.866334915161133,0.47
437900,0.9755734205245972,-2.866334915161133,0.47
438000,0.9755734205245972,-2.866334915161133,0.47
438100,0.9755734205245972,-2.866334915161133,0.47
438200,0.9755734205245972,-2.866334915161133,0.47
438300,0.9755734205245972,-2.866334915161133,0.47
438400,0.9755734205245972,-2.866334915161133,0.47
438500,0.9755734205245972,-2.866334915161133,0.47
438600,0.9755734205245972,-2.866334915161133,0.47
438700,0.9755734205245972,-2.866334915161133,0.47
438800,0.9755734205245972,-2.866334915161133,0.47
438900,0.9755734205245972,-2.866334915161133,0.47
439000,0.9755734205245972,-2.866334915161133,0.47
439100,0.9755734205245972,-2.866334915161133,0.47
439200,0.9755734205245972,-2.866334915161133,0.47
439300,0.9755734205245972,-2.866334915161133,0.47
439400,0.9755734205245972,-2.866334915161133,0.47
439500,0.9755734205245972,-2.866334915161133,0.47
439600,0.9755734205245972,-2.866334915161133,0.47
439700,0.9755734205245972,-2.866334915161133,0.47
439800,0.9755734205245972,-2.866334915161133,0.47
439900,0.9755734205245972,-2.866334915161133,0.47
440000,0.9755734205245972,-2.866334915161133,0.47
440100,0.9755734205245972,-2.866334915161133,0.47
440200,0.9755734205245972,-2.866334915161133,0.47
440300,0.9755734205245972,-2.866334915161133,0.47
440400,0.9755734205245972,-2.866334915161133,0.47
440500,0.9755734205245972,-2.866334915161133,0.47
440600,0.9755734205245972,-2.866334915161133,0.47
440700,0.9755734205245972,-2.866334915161133,0.47
440800,0.9755734205245972,-2.866334915161133,0.47
440900,0.9755734205245972,-2.866334915161133,0.47
441000,0.9755734205245972,-2.866334915161133,0.47
441100,0.9755734205245972,-2.866334915161133,0.47
441200,0.9755734205245972,-2.866334915161133,0.47
441300,0.9755734205245972,-2.866334915161133,0.47
441400,0.9755734205245972,-2.866334915161133,0.47
441500,0.9755734205245972,-2.866334915161133,0.47
441600,0.9755734205245972,-2.866334915161133,0.47
441700,0.9755734205245972,-2.866334915161133,0.47
441800,0.9755734205245972,-2.866334915161133,0.47
441900,0.9755734205245972,-2.866334915161133,0.47
442000,0.9755734205245972,-2.866334915161133,0.47
442100,0.9755734205245972,-2.866334915161133,0.47
442200,0.9755734205245972,-2.866334915161133,0.47
442300,0.9755734205245972,-2.866334915161133,0.47
442400,0.9755734205245972,-2.866334915161133,0.47
442500,0.9755734205245972,-2.866334915161133,0.47
442600,0.9755734205245972,-2.866334915161133,0.47
442700,0.9755734205245972,-2.866334915161133,0.47
442800,0.9755734205245972,-2.866334915161133,0.47
442900,0.9755734205245972,-2.866334915161133,0.47
443000,0.9755734205245972,-2.866334915161133,0.47
443100,0.9755734205245972,-2.866334915161133,0.47
443200,0.9755734205245972,-2.866334915161133,0.47
443300,0.9755734205245972,-2.866334915161133,0.47
443400,0.9755734205245972,-2.866334915161133,0.47
443500,0.9755734205245972,-2.866334915161133,0.47
443600,0.9755734205245972,-2.866334915161133,0.47
443700,0.9755734205245972,-2.866334915161133,0.47
443800,0.9755734205245972,-2.866334915161133,0.47
443900,0.9755734205245972,-2.866334915161133,0.47
444000,0.9755734205245972,-2.866334915161133,0.47
444100,0.9755734205245972,-2.866334915161133,0.47
444200,0.9755734205245972,-2.866334915161133,0.47
444300,0.9755734205245972,-2.866334915161133,0.47
444400,0.9755734205245972,-2.866334915161133,0.47
444500,0.9755734205245972,-2.866334915161133,0.47
444600,0.9755734205245972,-2.866334915161133,0.47
444700,0.9755734205245972,-2.866334915161133,0.47
444800,0.9755734205245972,-2.866334915161133,0.47
444900,0.9755734205245972,-2.866334915161133,0.47
445000,0.9755734205245972,-2.866334915161133,0.47
445100,0.9755734205245972,-2.866334915161133,0.47
445200,0.9755734205245972,-2.866334915161133,0.47
445300,0.9755734205245972,-2.866334915161133,0.47
445400,0.9755734205245972,-2.866334915161133,0.47
445500,0.9755734205245972,-2.866334915161133,0.47
445600,0.9755734205245972,-2.866334915161133,0.47
445700,0.9755734205245972,-2.866334915161133,0.47
445800,0.9755734205245972,-2.866334915161133,0.47
445900,0.9755734205245972,-2.866334915161133,0.47
446000,0.9755734205245972,-2.866334915161133,0.47
446100,0.9755734205245972,-2.866334915161133,0.47
446200,0.9755734205245972,-2.866334915161133,0.47
446300,0.9755734205245972,-2.866334915161133,0.47
446400,0.9755734205245972,-2.866334915161133,0.47
446500,0.9755734205245972,-2.866334915161133,0.47
446600,0.9755734205245972,-2.866334915161133,0.47
446700,0.9755734205245972,-2.866334915161133,0.47
446800,0.9755734205245972,-2.866334915161133,0.47
446900,0.9755734205245972,-2.866334915161133,0.47
447000,0.9755734205245972,-2.866334915161133,0.47
447100,0.9755734205245972,-2.866334915161133,0.47
447200,0.9755734205245972,-2.866334915161133,0.47
447300,0.9755734205245972,-2.866334915161133,0.47
447400,0.9755734205245972,-2.866334915161133,0.47
447500,0.9755734205245972,-2.866334915161133,0.47
447600,0.9755734205245972,-2.866334915161133,0.47
447700,0.9755734205245972,-2.866334915161133,0.47
447800,0.9755734205245972,-2.866334915161133,0.47
447900,0.9755734205245972,-2.866334915161133,0.47
448000,0.9755734205245972,-2.866334915161133,0.47
448100,0.9755734205245972,-2.866334915161133,0.47
448200,0.9755734205245972,-2.866334915161133,0.47
448300,0.9755734205245972,-2.866334915161133,0.47
448400,0.9755734205245972,-2.866334915161133,0.47
448500,0.9755734205245972,-2.866334915161133,0.47
448600,0.9755734205245972,-2.866334915161133,0.47
448700,0.9755734205245972,-2.866334915161133,0.47
448800,0.9755734205245972,-2.866334915161133,0.47
448900,0.9755734205245972,-2.866334915161133,0.47
449000,0.9755734205245972,-2.866334915161133,0.47
449100,0.9755734205245972,-2.866334915161133,0.47
449200,0.9755734205245972,-2.866334915161133,0.47
449300,0.9755734205245972,-2.866334915161133,0.47
449400,0.9755734205245972,-2.866334915161133,0.47
449500,0.9755734205245972,-2.866334915161133,0.47
449600,0.9755734205245972,-2.866334915161133,0.47
449700,0.9755734205245972,-2.866334915161133,0.47
449800,0.9755734205245972,-2.866334915161133,0.47
449900,0.9755734205245972,-2.866334915161133,0.47
450000,0.9755734205245972,-2.866334915161133,0.47
450100,0.9755734205245972,-2.866334915161133,0.47
450200,0.9755734205245972,-2.866334915161133,0.47
450300,0.9755734205245972,-2.866334915161133,0.47
450400,0.9755734205245972,-2.866334915161133,0.47
450500,0.9755734205245972,-2.866334915161133,0.47
450600,0.9755734205245972,-2.866334915161133,0.47
450700,0.9755734205245972,-2.866334915161133,0.47
450800,0.9755734205245972,-2.866334915161133,0.47
450900,0.9755734205245972,-2.866334915161133,0.47
451000,0.9755734205245972,-2.866334915161133,0.47
451100,0.9755734205245972,-2.866334915161133,0.47
451200,0.9755734205245972,-2.866334915161133,0.47
451300,0.9755734205245972,-2.866334915161133,0.47
451400,0.9755734205245972,-2.866334915161133,0.47
451500,0.9755734205245972,-2.866334915161133,0.47
451600,0.9755734205245972,-2.866334915161133,0.47
451700,0.9755734205245972,-2.866334915161133,0.47
451800,0.9755734205245972,-2.866334915161133,0.47
451900,0.9755734205245972,-2.866334915161133,0.47
452000,0.9755734205245972,-2.866334915161133,0.47
452100,0.9755734205245972,-2.866334915161133,0.47
452200,0.9755734205245972,-2.866334915161133,0.47
452300,0.9755734205245972,-2.866334915161133,0.47
452400,0.9755734205245972,-2.866334915161133,0.47
452500,0.9755734205245972,-2.866334915161133,0.47
452600,0.9755734205245972,-2.866334915161133,0.47
452700,0.9755734205245972,-2.866334915161133,0.47
452800,0.9755734205245972,-2.866334915161133,0.47
452900,0.9755734205245972,-2.866334915161133,0.47
453000,0.9755734205245972,-2.866334915161133,0.47
453100,0.9755734205245972,-2.866334915161133,0.47
453200,0.9755734205245972,-2.866334915161133,0.47
453300,0.9755734205245972,-2.866334915161133,0.47
453400,0.9755734205245972,-2.866334915161133,0.47
453500,0.9755734205245972,-2.866334915161133,0.47
453600,0.9755734205245972,-2.866334915161133,0.47
453700,0.9755734205245972,-2.866334915161133,0.47
453800,0.9755734205245972,-2.866334915161133,0.47
453900,0.9755734205245972,-2.866334915161133,0.47
454000,0.9755734205245972,-2.866334915161133,0.47
454100,0.9755734205245972,-2.866334915161133,0.47
454200,0.9755734205245972,-2.866334915161133,0.47
454300,0.9755734205245972,-2.866334915161133,0.47
454400,0.9755734205245972,-2.866334915161133,0.47
454500,0.9755734205245972,-2.866334915161133,0.47
454600,0.9755734205245972,-2.866334915161133,0.47
454700,0.9755734205245972,-2.866334915161133,0.47
454800,0.9755734205245972,-2.866334915161133,0.47
454900,0.9755734205245972,-2.866334915161133,0.47
455000,0.9755734205245972,-2.866334915161133,0.47
455100,0.9755734205245972,-2.866334915161133,0.47
455200,0.9755734205245972,-2.866334915161133,0.47
455300,0.9755734205245972,-2.866334915161133,0.47
455400,0.9755734205245972,-2.866334915161133,0.47
455500,0.9755734205245972,-2.866334915161133,0.47
455600,0.9755734205245972,-2.866334915161133,0.47
455700,0.9755734205245972,-2.866334915161133,0.47
455800,0.9755734205245972,-2.866334915161133,0.47
455900,0.9755734205245972,-2.866334915161133,0.47
456000,0.9755734205245972,-2.866334915161133,0.47
456100,0.9755734205245972,-2.866334915161133,0.47
456200,0.9755734205245972,-2.866334915161133,0.47
456300,0.9755734205245972,-2.866334915161133,0.47
456400,0.9755734205245972,-2.866334915161133,0.47
456500,0.9755734205245972,-2.866334915161133,0.47
456600,0.9755734205245972,-2.866334915161133,0.47
456700,0.9755734205245972,-2.866334915161133,0.47
456800,0.9755734205245972,-2.866334915161133,0.47
456900,0.9755734205245972,-2.866334915161133,0.47
457000,0.9755734205245972,-2.866334915161133,0.47
457100,0.9755734205245972,-2.866334915161133,0.47
457200,0.9755734205245972,-2.866334915161133,0.47
457300,0.9755734205245972,-2.866334915161133,0.47
457400,0.9755734205245972,-2.866334915161133,0.47
457500,0.9755734205245972,-2.866334915161133,0.47
457600,0.9755734205245972,-2.866334915161133,0.47
457700,0.9755734205245972,-2.866334915161133,0.47
457800,0.9755734205245972,-2.866334915161133,0.47
457900,0.9755734205245972,-2.866334915161133,0.47
458000,0.9755734205245972,-2.866334915161133,0.47
458100,0.9755734205245972,-2.866334915161133,0.47
458200,0.9755734205245972,-2.866334915161133,0.47
458300,0.9755734205245972,-2.866334915161133,0.47
458400,0.9755734205245972,-2.866334915161133,0.47
458500,0.9755734205245972,-2.866334915161133,0.47
458600,0.9755734205245972,-2.866334915161133,0.47
458700,0.9755734205245972,-2.866334915161133,0.47
458800,0.9755734205245972,-2.866334915161133,0.47
458900,0.9755734205245972,-2.866334915161133,0.47
459000,0.9755734205245972,-2.866334915161133,0.47
459100,0.9755734205245972,-2.866334915161133,0.47
459200,0.9755734205245972,-2.866334915161133,0.47
459300,0.9755734205245972,-2.866334915161133,0.47
459400,0.9755734205245972,-2.866334915161133,0.47
459500,0.9755734205245972,-2.866334915161133,0.47
459600,0.9755734205245972,-2.866334915161133,0.47
459700,0.9755734205245972,-2.866334915161133,0.47
459800,0.9755734205245972,-2.866334915161133,0.47
459900,0.9755734205245972,-2.866334915161133,0.47
460000,0.9755734205245972,-2.866334915161133,0.47
460100,0.9755734205245972,-2.866334915161133,0.47
460200,0.9755734205245972,-2.866334915161133,0.47
460300,0.9755734205245972,-2.866334915161133,0.47
460400,0.9755734205245972,-2.866334915161133,0.47
460500,0.9755734205245972,-2.866334915161133,0.47
460600,0.9755734205245972,-2.866334915161133,0.47
460700,0.9755734205245972,-2.866334915161133,0.47
460800,0.9755734205245972,-2.866334915161133,0.47
460900,0.9755734205245972,-2.866334915161133,0.47
461000,0.9755734205245972,-2.866334915161133,0.47
461100,0.9755734205245972,-2.866334915161133,0.47
461200,0.9755734205245972,-2.866334915161133,0.47
461300,0.9755734205245972,-2.866334915161133,0.47
461400,0.9755734205245972,-2.866334915161133,0.47
461500,0.9755734205245972,-2.866334915161133,0.47
461600,0.9755734205245972,-2.866334915161133,0.47
461700,0.9755734205245972,-2.866334915161133,0.47
461800,0.9755734205245972,-2.866334915161133,0.47
461900,0.9755734205245972,-2.866334915161133,0.47
462000,0.9755734205245972,-2.866334915161133,0.47
462100,0.9755734205245972,-2.866334915161133,0.47
462200,0.9755734205245972,-2.866334915161133,0.47
462300,0.9755734205245972,-2.866334915161133,0.47
462400,0.9755734205245972,-2.866334915161133,0.47
462500,0.9755734205245972,-2.866334915161133,0.47
462600,0.9755734205245972,-2.866334915161133,0.47
462700,0.9755734205245972,-2.866334915161133,0.47
462800,0.9755734205245972,-2.866334915161133,0.47
462900,0.9755734205245972,-2.866334915161133,0.47
463000,0.9755734205245972,-2.866334915161133,0.47
463100,0.9755734205245972,-2.866334915161133,0.47
463200,0.9755734205245972,-2.866334915161133,0.47
463300,0.9755734205245972,-2.866334915161133,0.47
463400,0.9755734205245972,-2.866334915161133,0.47
463500,0.9755734205245972,-2.866334915161133,0.47
463600,0.9755734205245972,-2.866334915161133,0.47
463700,0.9755734205245972,-2.866334915161133,0.47
463800,0.9755734205245972,-2.866334915161133,0.47
463900,0.9755734205245972,-2.866334915161133,0.47
464000,0.9755734205245972,-2.866334915161133,0.47
464100,0.9755734205245972,-2.866334915161133,0.47
464200,0.9755734205245972,-2.866334915161133,0.47
464300,0.9755734205245972,-2.866334915161133,0.47
464400,0.9755734205245972,-2.866334915161133,0.47
464500,0.9755734205245972,-2.866334915161133,0.47
464600,0.9755734205245972,-2.866334915161133,0.47
464700,0.9755734205245972,-2.866334915161133,0.47
464800,0.9755734205245972,-2.866334915161133,0.47
464900,0.9755734205245972,-2.866334915161133,0.47
465000,0.9755734205245972,-2.866334915161133,0.47
465100,0.9755734205245972,-2.866334915161133,0.47
465200,0.9755734205245972,-2.866334915161133,0.47
465300,0.9755734205245972,-2.866334915161133,0.47
465400,0.9755734205245972,-2.866334915161133,0.47
465500,0.9755734205245972,-2.866334915161133,0.47
465600,0.9755734205245972,-2.866334915161133,0.47
465700,0.9755734205245972,-2.866334915161133,0.47
465800,0.9755734205245972,-2.866334915161133,0.47
465900,0.9755734205245972,-2.866334915161133,0.47
466000,0.9755734205245972,-2.866334915161133,0.47
466100,0.9755734205245972,-2.866334915161133,0.47
466200,0.9755734205245972,-2.866334915161133,0.47
466300,0.9755734205245972,-2.866334915161133,0.47
466400,0.9755734205245972,-2.866334915161133,0.47
466500,0.9755734205245972,-2.866334915161133,0.47
466600,0.9755734205245972,-2.866334915161133,0.47
466700,0.9755734205245972,-2.866334915161133,0.47
466800,0.9755734205245972,-2.866334915161133,0.47
466900,0.9755734205245972,-2.866334915161133,0.47
467000,0.9755734205245972,-2.866334915161133,0.47
467100,0.9755734205245972,-2.866334915161133,0.47
467200,0.9755734205245972,-2.866334915161133,0.47
467300,0.9755734205245972,-2.866334915161133,0.47
467400,0.9755734205245972,-2.866334915161133,0.47
467500,0.9755734205245972,-2.866334915161133,0.47
467600,0.9755734205245972,-2.866334915161133,0.47
467700,0.9755734205245972,-2.866334915161133,0.47
467800,0.9755734205245972,-2.866334915161133,0.47
467900,0.9755734205245972,-2.866334915161133,0.47
468000,0.9755734205245972,-2.866334915161133,0.47
468100,0.9755734205245972,-2.866334915161133,0.47
468200,0.9755734205245972,-2.866334915161133,0.47
468300,0.9755734205245972,-2.866334915161133,0.47
468400,0.9755734205245972,-2.866334915161133,0.47
468500,0.9755734205245972,-2.866334915161133,0.47
468600,0.9755734205245972,-2.866334915161133,0.47
468700,0.9755734205245972,-2.866334915161133,0.47
468800,0.9755734205245972,-2.866334915161133,0.47
468900,0.9755734205245972,-2.866334915161133,0.47
469000,0.9755734205245972,-2.866334915161133,0.47
469100,0.9755734205245972,-2.866334915161133,0.47
469200,0.9755734205245972,-2.866334915161133,0.47
469300,0.9755734205245972,-2.866334915161133,0.47
469400,0.9755734205245972,-2.866334915161133,0.47
469500,0.9755734205245972,-2.866334915161133,0.47
469600,0.9755734205245972,-2.866334915161133,0.47
469700,0.9755734205245972,-2.866334915161133,0.47
469800,0.9755734205245972,-2.866334915161133,0.47
469900,0.9755734205245972,-2.866334915161133,0.47
470000,0.9755734205245972,-2.866334915161133,0.47
470100,0.9755734205245972,-2.866334915161133,0.47
470200,0.9755734205245972,-2.866334915161133,0.47
470300,0.9755734205245972,-2.866334915161133,0.47
470400,0.9755734205245972,-2.866334915161133,0.47
470500,0.9755734205245972,-2.866334915161133,0.47
470600,0.9755734205245972,-2.866334915161133,0.47
470700,0.9755734205245972,-2.866334915161133,0.47
470800,0.9755734205245972,-2.866334915161133,0.47
470900,0.9755734205245972,-2.866334915161133,0.47
471000,0.9755734205245972,-2.866334915161133,0.47
471100,0.9755734205245972,-2.866334915161133,0.47
471200,0.9755734205245972,-2.866334915161133,0.47
471300,0.9755734205245972,-2.866334915161133,0.47
471400,0.9755734205245972,-2.866334915161133,0.47
471500,0.9755734205245972,-2.866334915161133,0.47
471600,0.9755734205245972,-2.866334915161133,0.47
471700,0.9755734205245972,-2.866334915161133,0.47
471800,0.9755734205245972,-2.866334915161133,0.47
471900,0.9755734205245972,-2.866334915161133,0.47
472000,0.9755734205245972,-2.866334915161133,0.47
472100,0.9755734205245972,-2.866334915161133,0.47
472200,0.9755734205245972,-2.866334915161133,0.47
472300,0.9755734205245972,-2.866334915161133,0.47
472400,0.9755734205245972,-2.866334915161133,0.47
472500,0.9755734205245972,-2.866334915161133,0.47
472600,0.9755734205245972,-2.866334915161133,0.47
472700,0.9755734205245972,-2.866334915161133,0.47
472800,0.9755734205245972,-2.866334915161133,0.47
472900,0.9755734205245972,-2.866334915161133,0.47
473000,0.9755734205245972,-2.866334915161133,0.47
473100,0.9755734205245972,-2.866334915161133,0.47
473200,0.9755734205245972,-2.866334915161133,0.47
473300,0.9755734205245972,-2.866334915161133,0.47
473400,0.9755734205245972,-2.866334915161133,0.47
473500,0.9755734205245972,-2.866334915161133,0.47
473600,0.9755734205245972,-2.866334915161133,0.47
473700,0.9755734205245972,-2.866334915161133,0.47
473800,0.9755734205245972,-2.866334915161133,0.47
473900,0.9755734205245972,-2.866334915161133,0.47
474000,0.9755734205245972,-2.866334915161133,0.47
474100,0.9755734205245972,-2.866334915161133,0.47
474200,0.9755734205245972,-2.866334915161133,0.47
474300,0.9755734205245972,-2.866334915161133,0.47
474400,0.9755734205245972,-2.866334915161133,0.47
474500,0.9755734205245972,-2.866334915161133,0.47
474600,0.9755734205245972,-2.866334915161133,0.47
474700,0.9755734205245972,-2.866334915161133,0.47
474800,0.9755734205245972,-2.866334915161133,0.47
474900,0.9755734205245972,-2.866334915161133,0.47
475000,0.9755734205245972,-2.866334915161133,0.47
475100,0.9755734205245972,-2.866334915161133,0.47
475200,0.9755734205245972,-2.866334915161133,0.47
475300,0.9755734205245972,-2.866334915161133,0.47
475400,0.9755734205245972,-2.866334915161133,0.47
475500,0.9755734205245972,-2.866334915161133,0.47
475600,0.9755734205245972,-2.866334915161133,0.47
475700,0.9755734205245972,-2.866334915161133,0.47
475800,0.9755734205245972,-2.866334915161133,0.47
475900,0.9755734205245972,-2.866334915161133,0.47
476000,0.9755734205245972,-2.866334915161133,0.47
476100,0.9755734205245972,-2.866334915161133,0.47
476200,0.9755734205245972,-2.866334915161133,0.47
476300,0.9755734205245972,-2.866334915161133,0.47
476400,0.9755734205245972,-2.866334915161133,0.47
476500,0.9755734205245972,-2.866334915161133,0.47
476600,0.9755734205245972,-2.866334915161133,0.47
476700,0.9755734205245972,-2.866334915161133,0.47
476800,0.9755734205245972,-2.866334915161133,0.47
476900,0.9755734205245972,-2.866334915161133,0.47
477000,0.9755734205245972,-2.866334915161133,0.47
477100,0.9755734205245972,-2.866334915161133,0.47
477200,0.9755734205245972,-2.866334915161133,0.47
477300,0.9755734205245972,-2.866334915161133,0.47
477400,0.9755734205245972,-2.866334915161133,0.47
477500,0.9755734205245972,-2.866334915161133,0.47
477600,0.9755734205245972,-2.866334915161133,0.47
477700,0.9755734205245972,-2.866334915161133,0.47
477800,0.9755734205245972,-2.866334915161133,0.47
477900,0.9755734205245972,-2.866334915161133,0.47
478000,0.9755734205245972,-2.866334915161133,0.47
478100,0.9755734205245972,-2.866334915161133,0.47
478200,0.9755734205245972,-2.866334915161133,0.47
478300,0.9755734205245972,-2.866334915161133,0.47
478400,0.9755734205245972,-2.866334915161133,0.47
478500,0.9755734205245972,-2.866334915161133,0.47
478600,0.9755734205245972,-2.866334915161133,0.47
478700,0.9755734205245972,-2.866334915161133,0.47
478800,0.9755734205245972,-2.866334915161133,0.47
478900,0.9755734205245972,-2.866334915161133,0.47
479000,0.9755734205245972,-2.866334915161133,0.47
479100,0.9755734205245972,-2.866334915161133,0.47
479200,0.9755734205245972,-2.866334915161133,0.47
479300,0.9755734205245972,-2.866334915161133,0.47
479400,0.9755734205245972,-2.866334915161133,0.47
479500,0.9755734205245972,-2.866334915161133,0.47
479600,0.9755734205245972,-2.866334915161133,0.47
479700,0.9755734205245972,-2.866334915161133,0.47
479800,0.9755734205245972,-2.866334915161133,0.47
479900,0.9755734205245972,-2.866334915161133,0.47
480000,0.9755734205245972,-2.866334915161133,0.47
480100,0.9755734205245972,-2.866334915161133,0.47
480200,0.9755734205245972,-2.866334915161133,0.47
480300,0.9755734205245972,-2.866334915161133,0.47
480400,0.9755734205245972,-2.866334915161133,0.47
480500,0.9755734205245972,-2.866334915161133,0.47
480600,0.9755734205245972,-2.866334915161133,0.47
480700,0.9755734205245972,-2.866334915161133,0.47
480800,0.9755734205245972,-2.866334915161133,0.47
480900,0.9755734205245972,-2.866334915161133,0.47
481000,0.9755734205245972,-2.866334915161133,0.47
481100,0.9755734205245972,-2.866334915161133,0.47
481200,0.9755734205245972,-2.866334915161133,0.47
481300,0.9755734205245972,-2.866334915161133,0.47
481400,0.9755734205245972,-2.866334915161133,0.47
481500,0.9755734205245972,-2.866334915161133,0.47
481600,0.9755734205245972,-2.866334915161133,0.47
481700,0.9755734205245972,-2.866334915161133,0.47
481800,0.9755734205245972,-2.866334915161133,0.47
481900,0.9755734205245972,-2.866334915161133,0.47
482000,0.9755734205245972,-2.866334915161133,0.47
482100,0.9755734205245972,-2.866334915161133,0.47
482200,0.9755734205245972,-2.866334915161133,0.47
482300,0.9755734205245972,-2.866334915161133,0.47
482400,0.9755734205245972,-2.866334915161133,0.47
482500,0.9755734205245972,-2.866334915161133,0.47
482600,0.9755734205245972,-2.866334915161133,0.47
482700,0.9755734205245972,-2.866334915161133,0.47
482800,0.9755734205245972,-2.866334915161133,0.47
482900,0.9755734205245972,-2.866334915161133,0.47
483000,0.9755734205245972,-2.866334915161133,0.47
483100,0.9755734205245972,-2.866334915161133,0.47
483200,0.9755734205245972,-2.866334915161133,0.47
483300,0.9755734205245972,-2.866334915161133,0.47
483400,0.9755734205245972,-2.866334915161133,0.47
483500,0.9755734205245972,-2.866334915161133,0.47
483600,0.9755734205245972,-2.866334915161133,0.47
483700,0.9755734205245972,-2.866334915161133,0.47
483800,0.9755734205245972,-2.866334915161133,0.47
483900,0.9755734205245972,-2.866334915161133,0.47
484000,0.9755734205245972,-2.866334915161133,0.47
484100,0.9755734205245972,-2.866334915161133,0.47
484200,0.9755734205245972,-2.866334915161133,0.47
484300,0.9755734205245972,-2.866334915161133,0.47
484400,0.9755734205245972,-2.866334915161133,0.47
484500,0.9755734205245972,-2.866334915161133,0.47
484600,0.9755734205245972,-2.866334915161133,0.47
484700,0.9755734205245972,-2.866334915161133,0.47
484800,0.9755734205245972,-2.866334915161133,0.47
484900,0.9755734205245972,-2.866334915161133,0.47
485000,0.9755734205245972,-2.866334915161133,0.47
485100,0.9755734205245972,-2.866334915161133,0.47
485200,0.9755734205245972,-2.866334915161133,0.47
485300,0.9755734205245972,-2.866334915161133,0.47
485400,0.9755734205245972,-2.866334915161133,0.47
485500,0.9755734205245972,-2.866334915161133,0.47
485600,0.9755734205245972,-2.866334915161133,0.47
485700,0.9755734205245972,-2.866334915161133,0.47
485800,0.9755734205245972,-2.866334915161133,0.47
485900,0.9755734205245972,-2.866334915161133,0.47
486000,0.9755734205245972,-2.866334915161133,0.47
486100,0.9755734205245972,-2.866334915161133,0.47
486200,0.9755734205245972,-2.866334915161133,0.47
486300,0.9755734205245972,-2.866334915161133,0.47
486400,0.9755734205245972,-2.866334915161133,0.47
486500,0.9755734205245972,-2.866334915161133,0.47
486600,0.9755734205245972,-2.866334915161133,0.47
486700,0.9755734205245972,-2.866334915161133,0.47
486800,0.9755734205245972,-2.866334915161133,0.47
486900,0.9755734205245972,-2.866334915161133,0.47
487000,0.9755734205245972,-2.866334915161133,0.47
487100,0.9755734205245972,-2.866334915161133,0.47
487200,0.9755734205245972,-2.866334915161133,0.47
487300,0.9755734205245972,-2.866334915161133,0.47
487400,0.9755734205245972,-2.866334915161133,0.47
487500,0.9755734205245972,-2.866334915161133,0.47
487600,0.9755734205245972,-2.866334915161133,0.47
487700,0.9755734205245972,-2.866334915161133,0.47
487800,0.9755734205245972,-2.866334915161133,0.47
487900,0.9755734205245972,-2.866334915161133,0.47
488000,0.9755734205245972,-2.866334915161133,0.47
488100,0.9755734205245972,-2.866334915161133,0.47
488200,0.9755734205245972,-2.866334915161133,0.47
488300,0.9755734205245972,-2.866334915161133,0.47
488400,0.9755734205245972,-2.866334915161133,0.47
488500,0.9755734205245972,-2.866334915161133,0.47
488600,0.9755734205245972,-2.866334915161133,0.47
488700,0.9755734205245972,-2.866334915161133,0.47
488800,0.9755734205245972,-2.866334915161133,0.47
488900,0.9755734205245972,-2.866334915161133,0.47
489000,0.9755734205245972,-2.866334915161133,0.47
489100,0.9755734205245972,-2.866334915161133,0.47
489200,0.9755734205245972,-2.866334915161133,0.47
489300,0.9755734205245972,-2.866334915161133,0.47
489400,0.9755734205245972,-2.866334915161133,0.47
489500,0.9755734205245972,-2.866334915161133,0.47
489600,0.9755734205245972,-2.866334915161133,0.47
489700,0.9755734205245972,-2.866334915161133,0.47
489800,0.9755734205245972,-2.866334915161133,0.47
489900,0.9755734205245972,-2.866334915161133,0.47
490000,0.9755734205245972,-2.866334915161133,0.47
490100,0.9755734205245972,-2.866334915161133,0.47
490200,0.9755734205245972,-2.866334915161133,0.47
490300,0.9755734205245972,-2.866334915161133,0.47
490400,0.9755734205245972,-2.866334915161133,0.47
490500,0.9755734205245972,-2.866334915161133,0.47
490600,0.9755734205245972,-2.866334915161133,0.47
490700,0.9755734205245972,-2.866334915161133,0.47
490800,0.9755734205245972,-2.866334915161133,0.47
490900,0.9755734205245972,-2.866334915161133,0.47
491000,0.9755734205245972,-2.866334915161133,0.47
491100,0.9755734205245972,-2.866334915161133,0.47
491200,0.9755734205245972,-2.866334915161133,0.47
491300,0.9755734205245972,-2.866334915161133,0.47
491400,0.9755734205245972,-2.866334915161133,0.47
491500,0.9755734205245972,-2.866334915161133,0.47
491600,0.9755734205245972,-2.866334915161133,0.47
491700,0.9755734205245972,-2.866334915161133,0.47
491800,0.9755734205245972,-2.866334915161133,0.47
491900,0.9755734205245972,-2.866334915161133,0.47
492000,0.9755734205245972,-2.866334915161133,0.47
492100,0.9755734205245972,-2.866334915161133,0.47
492200,0.9755734205245972,-2.866334915161133,0.47
492300,0.9755734205245972,-2.866334915161133,0.47
492400,0.9755734205245972,-2.866334915161133,0.47
492500,0.9755734205245972,-2.866334915161133,0.47
492600,0.9755734205245972,-2.866334915161133,0.47
492700,0.9755734205245972,-2.866334915161133,0.47
492800,0.9755734205245972,-2.866334915161133,0.47
492900,0.9755734205245972,-2.866334915161133,0.47
493000,0.9755734205245972,-2.866334915161133,0.47
493100,0.9755734205245972,-2.866334915161133,0.47
493200,0.9755734205245972,-2.866334915161133,0.47
493300,0.9755734205245972,-2.866334915161133,0.47
493400,0.9755734205245972,-2.866334915161133,0.47
493500,0.9755734205245972,-2.866334915161133,0.47
493600,0.9755734205245972,-2.866334915161133,0.47
493700,0.9755734205245972,-2.866334915161133,0.47
493800,0.9755734205245972,-2.866334915161133,0.47
493900,0.9755734205245972,-2.866334915161133,0.47
494000,0.9755734205245972,-2.866334915161133,0.47
494100,0.9755734205245972,-2.866334915161133,0.47
494200,0.9755734205245972,-2.866334915161133,0.47
494300,0.9755734205245972,-2.866334915161133,0.47
494400,0.9755734205245972,-2.866334915161133,0.47
494500,0.9755734205245972,-2.866334915161133,0.47
494600,0.9755734205245972,-2.866334915161133,0.47
494700,0.9755734205245972,-2.866334915161133,0.47
494800,0.9755734205245972,-2.866334915161133,0.47
494900,0.9755734205245972,-2.866334915161133,0.47
495000,0.9755734205245972,-2.866334915161133,0.47
495100,0.9755734205245972,-2.866334915161133,0.47
495200,0.9755734205245972,-2.866334915161133,0.47
495300,0.9755734205245972,-2.866334915161133,0.47
495400,0.9755734205245972,-2.866334915161133,0.47
495500,0.9755734205245972,-2.866334915161133,0.47
495600,0.9755734205245972,-2.866334915161133,0.47
495700,0.9755734205245972,-2.866334915161133,0.47
495800,0.9755734205245972,-2.866334915161133,0.47
495900,0.9755734205245972,-2.866334915161133,0.47
496000,0.9755734205245972,-2.866334915161133,0.47
496100,0.9755734205245972,-2.866334915161133,0.47
496200,0.9755734205245972,-2.866334915161133,0.47
496300,0.9755734205245972,-2.866334915161133,0.47
496400,0.9755734205245972,-2.866334915161133,0.47
496500,0.9755734205245972,-2.866334915161133,0.47
496600,0.9755734205245972,-2.866334915161133,0.47
496700,0.9755734205245972,-2.866334915161133,0.47
496800,0.9755734205245972,-2.866334915161133,0.47
496900,0.9755734205245972,-2.866334915161133,0.47
497000,0.9755734205245972,-2.866334915161133,0.47
497100,0.9755734205245972,-2.866334915161133,0.47
497200,0.9755734205245972,-2.866334915161133,0.47
497300,0.9755734205245972,-2.866334915161133,0.47
497400,0.9755734205245972,-2.866334915161133,0.47
497500,0.9755734205245972,-2.866334915161133,0.47
497600,0.9755734205245972,-2.866334915161133,0.47
497700,0.9755734205245972,-2.866334915161133,0.47
497800,0.9755734205245972,-2.866334915161133,0.47
497900,0.9755734205245972,-2.866334915161133,0.47
498000,0.9755734205245972,-2.866334915161133,0.47
498100,0.9755734205245972,-2.866334915161133,0.47
498200,0.9755734205245972,-2.866334915161133,0.47
498300,0.9755734205245972,-2.866334915161133,0.47
498400,0.9755734205245972,-2.866334915161133,0.47
498500,0.9755734205245972,-2.866334915161133,0.47
498600,0.9755734205245972,-2.866334915161133,0.47
498700,0.9755734205245972,-2.866334915161133,0.47
498800,0.9755734205245972,-2.866334915161133,0.47
498900,0.9755734205245972,-2.866334915161133,0.47
499000,0.9755734205245972,-2.866334915161133,0.47
499100,0.9755734205245972,-2.866334915161133,0.47
499200,0.9755734205245972,-2.866334915161133,0.47
499300,0.9755734205245972,-2.866334915161133,0.47
499400,0.9755734205245972,-2.866334915161133,0.47
499500,0.9755734205245972,-2.866334915161133,0.47
499600,0.9755734205245972,-2.866334915161133,0.47
499700,0.9755734205245972,-2.866334915161133,0.47
499800,0.9755734205245972,-2.866334915161133,0.47
499900,0.9755734205245972,-2.866334915161133,0.47
500000,0.9755734205245972,-2.866334915161133,0.47
500100,0.9755734205245972,-2.866334915161133,0.47
500200,0.9755734205245972,-2.866334915161133,0.47
500300,0.9755734205245972,-2.866334915161133,0.47
500400,0.9755734205245972,-2.866334915161133,0.47
500500,0.9755734205245972,-2.866334915161133,0.47
500600,0.9755734205245972,-2.866334915161133,0.47
500700,0.9755734205245972,-2.866334915161133,0.47
500800,0.9755734205245972,-2.866334915161133,0.47
500900,0.9755734205245972,-2.866334915161133,0.47
501000,0.9755734205245972,-2.866334915161133,0.47
501100,0.9755734205245972,-2.866334915161133,0.47
501200,0.9755734205245972,-2.866334915161133,0.47
501300,0.9755734205245972,-2.866334915161133,0.47
501400,0.9755734205245972,-2.866334915161133,0.47
501500,0.9755734205245972,-2.866334915161133,0.47
501600,0.9755734205245972,-2.866334915161133,0.47
501700,0.9755734205245972,-2.866334915161133,0.47
501800,0.9755734205245972,-2.866334915161133,0.47
501900,0.9755734205245972,-2.866334915161133,0.47
502000,0.9755734205245972,-2.866334915161133,0.47
502100,0.9755734205245972,-2.866334915161133,0.47
502200,0.9755734205245972,-2.866334915161133,0.47
502300,0.9755734205245972,-2.866334915161133,0.47
502400,0.9755734205245972,-2.866334915161133,0.47
502500,0.9755734205245972,-2.866334915161133,0.47
502600,0.9755734205245972,-2.866334915161133,0.47
502700,0.9755734205245972,-2.866334915161133,0.47
502800,0.9755734205245972,-2.866334915161133,0.47
502900,0.9755734205245972,-2.866334915161133,0.47
503000,0.9755734205245972,-2.866334915161133,0.47
503100,0.9755734205245972,-2.866334915161133,0.47
503200,0.9755734205245972,-2.866334915161133,0.47
503300,0.9755734205245972,-2.866334915161133,0.47
503400,0.9755734205245972,-2.866334915161133,0.47
503500,0.9755734205245972,-2.866334915161133,0.47
503600,0.9755734205245972,-2.866334915161133,0.47
503700,0.9755734205245972,-2.866334915161133,0.47
503800,0.9755734205245972,-2.866334915161133,0.47
503900,0.9755734205245972,-2.866334915161133,0.47
504000,0.9755734205245972,-2.866334915161133,0.47
504100,0.9755734205245972,-2.866334915161133,0.47
504200,0.9755734205245972,-2.866334915161133,0.47
504300,0.9755734205245972,-2.866334915161133,0.47
504400,0.9755734205245972,-2.866334915161133,0.47
504500,0.9755734205245972,-2.866334915161133,0.47
504600,0.9755734205245972,-2.866334915161133,0.47
504700,0.9755734205245972,-2.866334915161133,0.47
504800,0.9755734205245972,-2.866334915161133,0.47
504900,0.9755734205245972,-2.866334915161133,0.47
505000,0.9755734205245972,-2.866334915161133,0.47
505100,0.9755734205245972,-2.866334915161133,0.47
505200,0.9755734205245972,-2.866334915161133,0.47
505300,0.9755734205245972,-2.866334915161133,0.47
505400,0.9755734205245972,-2.866334915161133,0.47
505500,0.9755734205245972,-2.866334915161133,0.47
505600,0.9755734205245972,-2.866334915161133,0.47
505700,0.9755734205245972,-2.866334915161133,0.47
505800,0.9755734205245972,-2.866334915161133,0.47
505900,0.9755734205245972,-2.866334915161133,0.47
506000,0.9755734205245972,-2.866334915161133,0.47
506100,0.9755734205245972,-2.866334915161133,0.47
506200,0.9755734205245972,-2.866334915161133,0.47
506300,0.9755734205245972,-2.866334915161133,0.47
506400,0.9755734205245972,-2.866334915161133,0.47
506500,0.9755734205245972,-2.866334915161133,0.47
506600,0.9755734205245972,-2.866334915161133,0.47
506700,0.9755734205245972,-2.866334915161133,0.47
506800,0.9755734205245972,-2.866334915161133,0.47
506900,0.9755734205245972,-2.866334915161133,0.47
507000,0.9755734205245972,-2.866334915161133,0.47
507100,0.9755734205245972,-2.866334915161133,0.47
507200,0.9755734205245972,-2.866334915161133,0.47
507300,0.9755734205245972,-2.866334915161133,0.47
507400,0.9755734205245972,-2.866334915161133,0.47
507500,0.9755734205245972,-2.866334915161133,0.47
507600,0.9755734205245972,-2.866334915161133,0.47
507700,0.9755734205245972,-2.866334915161133,0.47
507800,0.9755734205245972,-2.866334915161133,0.47
507900,0.9755734205245972,-2.866334915161133,0.47
508000,0.9755734205245972,-2.866334915161133,0.47
508100,0.9755734205245972,-2.866334915161133,0.47
508200,0.9755734205245972,-2.866334915161133,0.47
508300,0.9755734205245972,-2.866334915161133,0.47
508400,0.9755734205245972,-2.866334915161133,0.47
508500,0.9755734205245972,-2.866334915161133,0.47
508600,0.9755734205245972,-2.866334915161133,0.47
508700,0.9755734205245972,-2.866334915161133,0.47
508800,0.9755734205245972,-2.866334915161133,0.47
508900,0.9755734205245972,-2.866334915161133,0.47
509000,0.9755734205245972,-2.866334915161133,0.47
509100,0.9755734205245972,-2.866334915161133,0.47
509200,0.9755734205245972,-2.866334915161133,0.47
509300,0.9755734205245972,-2.866334915161133,0.47
509400,0.9755734205245972,-2.866334915161133,0.47
509500,0.9755734205245972,-2.866334915161133,0.47
509600,0.9755734205245972,-2.866334915161133,0.47
509700,0.9755734205245972,-2.866334915161133,0.47
509800,0.9755734205245972,-2.866334915161133,0.47
509900,0.9755734205245972,-2.866334915161133,0.47
