evaluation,fitness,test_accuracy,time
0,-3.5540101528167725,1.09
0,-3.5133800506591797,-3.5288467407226562,1.42
100,-0.21598821878433228,-0.26341110467910767,1.42
200,-0.21598821878433228,-0.26341110467910767,1.42
300,-0.21598821878433228,-0.26341110467910767,1.42
400,-0.21598821878433228,-0.26341110467910767,1.42
500,-0.21598821878433228,-0.26341110467910767,1.42
600,-0.21598821878433228,-0.26341110467910767,1.42
700,-0.21598821878433228,-0.26341110467910767,1.42
800,-0.21598821878433228,-0.26341110467910767,1.42
900,-0.21598821878433228,-0.26341110467910767,1.42
1000,-0.21598821878433228,-0.26341110467910767,1.42
1100,-0.21598821878433228,-0.26341110467910767,1.42
1200,-0.21598821878433228,-0.26341110467910767,1.42
1300,-0.21598821878433228,-0.26341110467910767,1.42
1400,-0.21598821878433228,-0.26341110467910767,1.42
1500,-0.21598821878433228,-0.26341110467910767,1.42
1600,-0.21598821878433228,-0.26341110467910767,1.42
1700,-0.21598821878433228,-0.26341110467910767,1.42
1800,-0.21598821878433228,-0.26341110467910767,1.42
1900,-0.21598821878433228,-0.26341110467910767,1.42
2000,-0.21598821878433228,-0.26341110467910767,1.42
2100,-0.21598821878433228,-0.26341110467910767,1.42
2200,-0.21598821878433228,-0.26341110467910767,1.42
2300,-0.21598821878433228,-0.26341110467910767,1.42
2400,-0.21598821878433228,-0.26341110467910767,1.42
2500,-0.21598821878433228,-0.26341110467910767,1.42
2600,-0.21598821878433228,-0.26341110467910767,1.42
2700,-0.21598821878433228,-0.26341110467910767,1.42
2800,-0.21598821878433228,-0.26341110467910767,1.42
2900,-0.21598821878433228,-0.26341110467910767,1.42
3000,-0.09886884689331055,-0.17948484420776367,1.42
3100,-0.09886884689331055,-0.17948484420776367,1.42
3200,-0.09886884689331055,-0.17948484420776367,1.42
3300,-0.09886884689331055,-0.17948484420776367,1.42
3400,-0.09886884689331055,-0.17948484420776367,1.42
3500,0.13386204838752747,0.12266305088996887,1.42
3600,0.13386204838752747,0.12266305088996887,1.42
3700,0.13386204838752747,0.12266305088996887,1.42
3800,0.13386204838752747,0.12266305088996887,1.42
3900,0.13386204838752747,0.12266305088996887,1.42
4000,0.13386204838752747,0.12266305088996887,1.42
4100,0.13386204838752747,0.12266305088996887,1.42
4200,0.13386204838752747,0.12266305088996887,1.42
4300,0.13386204838752747,0.12266305088996887,1.42
4400,0.13386204838752747,0.12266305088996887,1.42
4500,0.13386204838752747,0.12266305088996887,1.42
4600,0.13386204838752747,0.12266305088996887,1.42
4700,0.13386204838752747,0.12266305088996887,1.42
4800,0.13386204838752747,0.12266305088996887,1.42
4900,0.13386204838752747,0.12266305088996887,1.42
5000,0.13386204838752747,0.12266305088996887,1.42
5100,0.13386204838752747,0.12266305088996887,1.42
5200,0.13386204838752747,-137.96011352539062,0.88
5300,0.13386204838752747,-137.96011352539062,0.88
5400,0.13386204838752747,-137.96011352539062,0.88
5500,0.13386204838752747,-137.96011352539062,0.88
5600,0.13386204838752747,-137.96011352539062,0.88
5700,0.13386204838752747,-137.96011352539062,0.88
5800,0.13386204838752747,-137.96011352539062,0.88
5900,0.13386204838752747,-137.96011352539062,0.88
6000,0.13386204838752747,-137.96011352539062,0.88
6100,0.13386204838752747,-137.96011352539062,0.88
6200,0.13386204838752747,-137.96011352539062,0.88
6300,0.13386204838752747,-137.96011352539062,0.88
6400,0.13386204838752747,-137.96011352539062,0.88
6500,0.13386204838752747,-137.96011352539062,0.88
6600,0.13386204838752747,-137.96011352539062,0.88
6700,0.13386204838752747,-137.96011352539062,0.88
6800,0.13386204838752747,-137.96011352539062,0.88
6900,0.13386204838752747,-137.96011352539062,0.88
7000,0.13386204838752747,-137.96011352539062,0.88
7100,0.13386204838752747,-137.96011352539062,0.88
7200,0.13386204838752747,-137.96011352539062,0.88
7300,0.13386204838752747,-137.96011352539062,0.88
7400,0.13386204838752747,-137.96011352539062,0.88
7500,0.13386204838752747,-137.96011352539062,0.88
7600,0.13386204838752747,-137.96011352539062,0.88
7700,0.13386204838752747,-137.96011352539062,0.88
7800,0.13386204838752747,-137.96011352539062,0.88
7900,0.13386204838752747,-137.96011352539062,0.88
8000,0.13386204838752747,-137.96011352539062,0.88
8100,0.13386204838752747,-137.96011352539062,0.88
8200,0.13386204838752747,-137.96011352539062,0.88
8300,0.13386204838752747,-137.96011352539062,0.88
8400,0.13386204838752747,-137.96011352539062,0.88
8500,0.13386204838752747,-137.96011352539062,0.88
8600,0.13386204838752747,-137.96011352539062,0.88
8700,0.13386204838752747,-137.96011352539062,0.88
8800,0.13386204838752747,-137.96011352539062,0.88
8900,0.13386204838752747,-137.96011352539062,0.88
9000,0.13386204838752747,-137.96011352539062,0.88
9100,0.13386204838752747,-137.96011352539062,0.88
9200,0.13386204838752747,-137.96011352539062,0.88
9300,0.13386204838752747,-137.96011352539062,0.88
9400,0.13386204838752747,-137.96011352539062,0.88
9500,0.13386204838752747,-137.96011352539062,0.88
9600,0.13386204838752747,-137.96011352539062,0.88
9700,0.13386204838752747,-137.96011352539062,0.88
9800,0.13386204838752747,-137.96011352539062,0.88
9900,0.13386204838752747,-137.96011352539062,0.88
10000,0.13386204838752747,-137.96011352539062,0.88
10100,0.13386204838752747,-137.96011352539062,0.88
10200,0.24474895000457764,-0.03893309831619263,0.88
10300,0.24474895000457764,-0.03893309831619263,0.88
12304,0.6036941409111023,0.6266173124313354,0.88
12304,0.6036941409111023,0.6266173124313354,0.85
12404,0.6036941409111023,0.6266173124313354,0.85
12504,0.6036941409111023,0.6266173124313354,0.85
12604,0.6036941409111023,0.6266173124313354,0.85
12704,0.6036941409111023,0.6266173124313354,0.85
12804,0.6036941409111023,0.6266173124313354,0.85
12904,0.6036941409111023,0.6266173124313354,0.85
13004,0.6036941409111023,0.6266173124313354,0.85
13104,0.6036941409111023,0.6266173124313354,0.85
13204,0.6036941409111023,0.6266173124313354,0.85
13304,0.6036941409111023,0.6266173124313354,0.85
13404,0.6036941409111023,0.6266173124313354,0.85
13504,0.6036941409111023,0.6266173124313354,0.85
13604,0.6036941409111023,0.6266173124313354,0.85
13704,0.6036941409111023,0.6266173124313354,0.85
13804,0.6036941409111023,0.6266173124313354,0.85
13904,0.6036941409111023,0.6266173124313354,0.85
14004,0.6036941409111023,0.6266173124313354,0.85
14104,0.6036941409111023,0.6266173124313354,0.85
14204,0.6036941409111023,0.6266173124313354,0.85
14304,0.6036941409111023,0.6266173124313354,0.85
14404,0.6036941409111023,0.6266173124313354,0.85
14504,0.6036941409111023,0.6266173124313354,0.85
14604,0.6036941409111023,0.6266173124313354,0.85
14704,0.6036941409111023,0.6266173124313354,0.85
14804,0.6036941409111023,0.6266173124313354,0.85
14904,0.6036941409111023,0.6266173124313354,0.85
15004,0.6036941409111023,0.6266173124313354,0.85
15104,0.6036941409111023,0.6266173124313354,0.85
15204,0.6036941409111023,0.6266173124313354,0.85
15304,0.6036941409111023,0.6266173124313354,0.85
15404,0.6036941409111023,0.6266173124313354,0.85
15504,0.6036941409111023,0.6266173124313354,0.85
15604,0.6036941409111023,0.6266173124313354,0.85
15704,0.6036941409111023,0.6266173124313354,0.85
15804,0.6036941409111023,0.6266173124313354,0.85
15904,0.6036941409111023,0.6266173124313354,0.85
16004,0.6036941409111023,0.6266173124313354,0.85
16104,0.6036941409111023,0.6266173124313354,0.85
16204,0.6036941409111023,0.6266173124313354,0.85
16304,0.6036941409111023,0.6266173124313354,0.85
16404,0.6036941409111023,0.6266173124313354,0.85
16504,0.6036941409111023,0.6266173124313354,0.85
16604,0.6036941409111023,0.6266173124313354,0.85
16704,0.6036941409111023,0.6266173124313354,0.85
16804,0.6036941409111023,0.6266173124313354,0.85
16904,0.6036941409111023,0.6266173124313354,0.85
17004,0.6036941409111023,0.6266173124313354,0.85
17104,0.7794405221939087,0.8130942583084106,0.85
17204,0.7794405221939087,0.8130942583084106,0.85
17304,0.7794405221939087,0.8130942583084106,0.85
17404,0.7794405221939087,0.8130942583084106,0.85
18657,0.7794405221939087,0.8130942583084106,0.84
18757,0.7794405221939087,0.8130942583084106,0.84
18857,0.7794405221939087,0.8130942583084106,0.84
18957,0.7794405221939087,0.8130942583084106,0.84
19057,0.7794405221939087,0.8130942583084106,0.84
19157,0.7794405221939087,0.8130942583084106,0.84
19257,0.7794405221939087,0.8130942583084106,0.84
19357,0.7794405221939087,0.8130942583084106,0.84
19457,0.7794405221939087,0.8130942583084106,0.84
19557,0.7794405221939087,0.8130942583084106,0.84
19657,0.7794405221939087,0.8130942583084106,0.84
19757,0.7794405221939087,0.8130942583084106,0.84
19857,0.7794405221939087,0.8130942583084106,0.84
19957,0.7794405221939087,0.8130942583084106,0.84
20057,0.7794405221939087,0.8130942583084106,0.84
20157,0.7794405221939087,0.8130942583084106,0.84
20257,0.7794405221939087,0.8130942583084106,0.84
20357,0.7794405221939087,0.8130942583084106,0.84
20457,0.7794405221939087,0.8130942583084106,0.84
20557,0.7794405221939087,0.8130942583084106,0.84
20657,0.7794405221939087,0.8130942583084106,0.84
20757,0.7794405221939087,0.8130942583084106,0.84
20857,0.7794405221939087,0.8130942583084106,0.84
20957,0.7794405221939087,0.8130942583084106,0.84
21057,0.7794405221939087,0.8130942583084106,0.84
21157,0.7794405221939087,0.8130942583084106,0.84
21257,0.7794405221939087,0.8130942583084106,0.84
21357,0.7794405221939087,0.8130942583084106,0.84
21457,0.7794405221939087,0.8130942583084106,0.84
21557,0.7794405221939087,0.8130942583084106,0.84
21657,0.7794405221939087,0.8130942583084106,0.84
21757,0.7794405221939087,0.8130942583084106,0.84
21857,0.7794405221939087,0.8130942583084106,0.84
21957,0.7794405221939087,0.8130942583084106,0.84
22057,0.7794405221939087,0.8130942583084106,0.84
22157,0.7794405221939087,0.8130942583084106,0.84
22257,0.7794405221939087,0.8130942583084106,0.84
22357,0.7794405221939087,0.8130942583084106,0.84
22457,0.7794405221939087,0.8130942583084106,0.84
22557,0.7794405221939087,0.8130942583084106,0.84
22657,0.7794405221939087,0.8130942583084106,0.84
22757,0.7794405221939087,0.8130942583084106,0.84
22857,0.7794405221939087,0.8130942583084106,0.84
22957,0.7794405221939087,0.8130942583084106,0.84
23057,0.7794405221939087,0.8130942583084106,0.84
23157,0.7794405221939087,0.8130942583084106,0.84
23257,0.7794405221939087,0.8130942583084106,0.84
23357,0.7794405221939087,0.8130942583084106,0.84
23457,0.7794405221939087,0.8130942583084106,0.84
23557,0.7794405221939087,0.8130942583084106,0.84
23657,0.7794405221939087,0.8130942583084106,0.84
23757,0.7794405221939087,0.8130942583084106,0.84
26121,0.7794405221939087,0.8130942583084106,0.88
26221,0.7794405221939087,0.8130942583084106,0.88
26321,0.7794405221939087,0.8130942583084106,0.88
26421,0.7794405221939087,0.8130942583084106,0.88
26521,0.7794405221939087,0.8130942583084106,0.88
26621,0.7794405221939087,0.8130942583084106,0.88
26721,0.7794405221939087,0.8130942583084106,0.88
26821,0.7794405221939087,0.8130942583084106,0.88
26921,0.7794405221939087,0.8130942583084106,0.88
27021,0.7794405221939087,0.8130942583084106,0.88
27121,0.7794405221939087,0.8130942583084106,0.88
27221,0.7794405221939087,0.8130942583084106,0.88
27321,0.7794405221939087,0.8130942583084106,0.88
27421,0.7794405221939087,0.8130942583084106,0.88
27521,0.7794405221939087,0.8130942583084106,0.88
27621,0.7794405221939087,0.8130942583084106,0.88
27721,0.7794405221939087,0.8130942583084106,0.88
27821,0.7794405221939087,0.8130942583084106,0.88
27921,0.7794405221939087,0.8130942583084106,0.88
28021,0.7794405221939087,0.8130942583084106,0.88
28121,0.7794405221939087,0.8130942583084106,0.88
28221,0.7794405221939087,0.8130942583084106,0.88
28321,0.7794405221939087,0.8130942583084106,0.88
28421,0.7794405221939087,0.8130942583084106,0.88
28521,0.7794405221939087,0.8130942583084106,0.88
28621,0.7794405221939087,0.8130942583084106,0.88
28721,0.7794405221939087,0.8130942583084106,0.88
28821,0.7794405221939087,0.8130942583084106,0.88
28921,0.7794405221939087,0.8130942583084106,0.88
29021,0.7794405221939087,0.8130942583084106,0.88
29121,0.7794405221939087,0.8130942583084106,0.88
29221,0.7794405221939087,0.8130942583084106,0.88
29321,0.7794405221939087,0.8130942583084106,0.88
29421,0.7794405221939087,0.8130942583084106,0.88
29521,0.7794405221939087,0.8130942583084106,0.88
29621,0.7794405221939087,0.8130942583084106,0.88
29721,0.7794405221939087,0.8130942583084106,0.88
29821,0.7794405221939087,0.8130942583084106,0.88
29921,0.7794405221939087,0.8130942583084106,0.88
30021,0.7794405221939087,0.8130942583084106,0.88
30121,0.7794405221939087,0.8130942583084106,0.88
30221,0.7794405221939087,0.8130942583084106,0.88
30321,0.7794405221939087,0.8130942583084106,0.88
30421,0.7794405221939087,0.8130942583084106,0.88
30521,0.7794405221939087,0.8130942583084106,0.88
30621,0.7794405221939087,0.8130942583084106,0.88
30721,0.7794405221939087,0.8130942583084106,0.88
30821,0.7794405221939087,0.8130942583084106,0.88
30921,0.7794405221939087,0.8130942583084106,0.88
31021,0.7794405221939087,0.8130942583084106,0.88
31121,0.7794405221939087,0.8130942583084106,0.88
31221,0.7794405221939087,0.8130942583084106,0.88
34779,0.7794405221939087,0.8130942583084106,0.82
34879,0.7794405221939087,0.8130942583084106,0.82
34979,0.7794405221939087,0.8130942583084106,0.82
35079,0.7794405221939087,0.8130942583084106,0.82
35179,0.7794405221939087,0.8130942583084106,0.82
35279,0.7794405221939087,0.8130942583084106,0.82
35379,0.7794405221939087,0.8130942583084106,0.82
35479,0.7794405221939087,0.8130942583084106,0.82
35579,0.7794405221939087,0.8130942583084106,0.82
35679,0.7794405221939087,0.8130942583084106,0.82
35779,0.7794405221939087,0.8130942583084106,0.82
35879,0.7794405221939087,0.8130942583084106,0.82
35979,0.7794405221939087,0.8130942583084106,0.82
36079,0.7794405221939087,0.8130942583084106,0.82
36179,0.7794405221939087,0.8130942583084106,0.82
36279,0.7794405221939087,0.8130942583084106,0.82
36379,0.7794405221939087,0.8130942583084106,0.82
36479,0.7794405221939087,0.8130942583084106,0.82
36579,0.7794405221939087,0.8130942583084106,0.82
36679,0.7794405221939087,0.8130942583084106,0.82
36779,0.7794405221939087,0.8130942583084106,0.82
36879,0.7794405221939087,0.8130942583084106,0.82
36979,0.7794405221939087,0.8130942583084106,0.82
37079,0.7794405221939087,0.8130942583084106,0.82
37179,0.7794405221939087,0.8130942583084106,0.82
37279,0.7794405221939087,0.8130942583084106,0.82
37379,0.7794405221939087,0.8130942583084106,0.82
37479,0.7794405221939087,0.8130942583084106,0.82
37579,0.7794405221939087,0.8130942583084106,0.82
37679,0.7794405221939087,0.8130942583084106,0.82
37779,0.7794405221939087,0.8130942583084106,0.82
37879,0.7794405221939087,0.8130942583084106,0.82
37979,0.7794405221939087,0.8130942583084106,0.82
38079,0.7794405221939087,0.8130942583084106,0.82
38179,0.7794405221939087,0.8130942583084106,0.82
38279,0.7794405221939087,0.8130942583084106,0.82
38379,0.7794405221939087,0.8130942583084106,0.82
38479,0.7794405221939087,0.8130942583084106,0.82
38579,0.7794405221939087,0.8130942583084106,0.82
38679,0.7794405221939087,0.8130942583084106,0.82
38779,0.7794405221939087,0.8130942583084106,0.82
38879,0.7794405221939087,0.8130942583084106,0.82
38979,0.7794405221939087,0.8130942583084106,0.82
39079,0.7794405221939087,0.8130942583084106,0.82
39179,0.7794405221939087,0.8130942583084106,0.82
39279,0.7794405221939087,0.8130942583084106,0.82
39379,0.7794405221939087,0.8130942583084106,0.82
39479,0.7794405221939087,0.8130942583084106,0.82
39579,0.7794405221939087,0.8130942583084106,0.82
39679,0.7794405221939087,0.8130942583084106,0.82
39779,0.7794405221939087,0.8130942583084106,0.82
39879,0.7794405221939087,0.8130942583084106,0.82
45129,0.7794405221939087,0.8130942583084106,1.41
45229,0.7794405221939087,0.8130942583084106,1.41
45329,0.7794405221939087,0.8130942583084106,1.41
45429,0.7794405221939087,0.8130942583084106,1.41
45529,0.7794405221939087,0.8130942583084106,1.41
45629,0.7794405221939087,0.8130942583084106,1.41
45729,0.7794405221939087,0.8130942583084106,1.41
45829,0.7794405221939087,0.8130942583084106,1.41
45929,0.7794405221939087,0.8130942583084106,1.41
46029,0.7794405221939087,0.8130942583084106,1.41
46129,0.7794405221939087,0.8130942583084106,1.41
46229,0.7794405221939087,0.8130942583084106,1.41
46329,0.7794405221939087,0.8130942583084106,1.41
46429,0.7794405221939087,0.8130942583084106,1.41
46529,0.7794405221939087,0.8130942583084106,1.41
46629,0.7794405221939087,0.8130942583084106,1.41
46729,0.7794405221939087,0.8130942583084106,1.41
46829,0.7794405221939087,0.8130942583084106,1.41
46929,0.7794405221939087,0.8130942583084106,1.41
47029,0.7794405221939087,0.8130942583084106,1.41
47129,0.7794405221939087,0.8130942583084106,1.41
47229,0.7794405221939087,0.8130942583084106,1.41
47329,0.7794405221939087,0.8130942583084106,1.41
47429,0.7794405221939087,0.8130942583084106,1.41
47529,0.7794405221939087,0.8130942583084106,1.41
47629,0.7794405221939087,0.8130942583084106,1.41
47729,0.7794405221939087,0.8130942583084106,1.41
47829,0.7794405221939087,0.8130942583084106,1.41
47929,0.7794405221939087,0.8130942583084106,1.41
48029,0.7794405221939087,0.8130942583084106,1.41
48129,0.7794405221939087,0.8130942583084106,1.41
48229,0.7794405221939087,0.8130942583084106,1.41
48329,0.7794405221939087,0.8130942583084106,1.41
48429,0.7794405221939087,0.8130942583084106,1.41
48529,0.7794405221939087,0.8130942583084106,1.41
48629,0.7794405221939087,0.8130942583084106,1.41
48729,0.7794405221939087,0.8130942583084106,1.41
48829,0.7794405221939087,0.8130942583084106,1.41
48929,0.7794405221939087,0.8130942583084106,1.41
49029,0.7794405221939087,0.8130942583084106,1.41
49129,0.7794405221939087,0.8130942583084106,1.41
49229,0.7794405221939087,0.8130942583084106,1.41
49329,0.7794405221939087,0.8130942583084106,1.41
49429,0.7794405221939087,0.8130942583084106,1.41
49529,0.7794405221939087,0.8130942583084106,1.41
49629,0.7794405221939087,0.8130942583084106,1.41
49729,0.7794405221939087,0.8130942583084106,1.41
49829,0.7794405221939087,0.8130942583084106,1.41
49929,0.7794405221939087,0.8130942583084106,1.41
50029,0.7794405221939087,0.8130942583084106,1.41
50129,0.7794405221939087,0.8130942583084106,1.41
50229,0.7794405221939087,0.8130942583084106,1.41
55529,0.7794405221939087,0.8130942583084106,0.87
55629,0.7794405221939087,0.8130942583084106,0.87
55729,0.7794405221939087,0.8130942583084106,0.87
55829,0.7794405221939087,0.8130942583084106,0.87
55929,0.7794405221939087,0.8130942583084106,0.87
56029,0.7794405221939087,0.8130942583084106,0.87
56129,0.7794405221939087,0.8130942583084106,0.87
56229,0.7794405221939087,0.8130942583084106,0.87
56329,0.7794405221939087,0.8130942583084106,0.87
56429,0.7794405221939087,0.8130942583084106,0.87
56529,0.7794405221939087,0.8130942583084106,0.87
56629,0.7794405221939087,0.8130942583084106,0.87
56729,0.7794405221939087,0.8130942583084106,0.87
56829,0.7794405221939087,0.8130942583084106,0.87
56929,0.7794405221939087,0.8130942583084106,0.87
57029,0.7794405221939087,0.8130942583084106,0.87
57129,0.7794405221939087,0.8130942583084106,0.87
57229,0.7794405221939087,0.8130942583084106,0.87
57329,0.7794405221939087,0.8130942583084106,0.87
57429,0.7794405221939087,0.8130942583084106,0.87
57529,0.7794405221939087,0.8130942583084106,0.87
57629,0.7794405221939087,0.8130942583084106,0.87
57729,0.7794405221939087,0.8130942583084106,0.87
57829,0.7794405221939087,0.8130942583084106,0.87
57929,0.7794405221939087,0.8130942583084106,0.87
58029,0.7794405221939087,0.8130942583084106,0.87
58129,0.7794405221939087,0.8130942583084106,0.87
58229,0.7794405221939087,0.8130942583084106,0.87
58329,0.7794405221939087,0.8130942583084106,0.87
58429,0.7794405221939087,0.8130942583084106,0.87
58529,0.7794405221939087,0.8130942583084106,0.87
58629,0.7794405221939087,0.8130942583084106,0.87
58729,0.7794405221939087,0.8130942583084106,0.87
58829,0.7794405221939087,0.8130942583084106,0.87
58929,0.7794405221939087,0.8130942583084106,0.87
59029,0.7794405221939087,0.8130942583084106,0.87
59129,0.7794405221939087,0.8130942583084106,0.87
59229,0.7794405221939087,0.8130942583084106,0.87
59329,0.7794405221939087,0.8130942583084106,0.87
59429,0.7794405221939087,0.8130942583084106,0.87
59529,0.7794405221939087,0.8130942583084106,0.87
59629,0.7794405221939087,0.8130942583084106,0.87
59729,0.7794405221939087,0.8130942583084106,0.87
59829,0.7794405221939087,0.8130942583084106,0.87
59929,0.7794405221939087,0.8130942583084106,0.87
60029,0.7794405221939087,0.8130942583084106,0.87
60129,0.7794405221939087,0.8130942583084106,0.87
60229,0.7794405221939087,0.8130942583084106,0.87
60329,0.7794405221939087,0.8130942583084106,0.87
60429,0.7794405221939087,0.8130942583084106,0.87
60529,0.7794405221939087,0.8130942583084106,0.87
60629,0.7794405221939087,0.8130942583084106,0.87
65929,0.7794405221939087,0.8130942583084106,0.88
66029,0.7794405221939087,0.8130942583084106,0.88
66129,0.7794405221939087,0.8130942583084106,0.88
66229,0.7794405221939087,0.8130942583084106,0.88
66329,0.7794405221939087,0.8130942583084106,0.88
66429,0.7794405221939087,0.8130942583084106,0.88
66529,0.7794405221939087,0.8130942583084106,0.88
66629,0.7794405221939087,0.8130942583084106,0.88
66729,0.7794405221939087,0.8130942583084106,0.88
66829,0.7794405221939087,0.8130942583084106,0.88
66929,0.7794405221939087,0.8130942583084106,0.88
67029,0.7794405221939087,0.8130942583084106,0.88
67129,0.7794405221939087,0.8130942583084106,0.88
67229,0.7794405221939087,0.8130942583084106,0.88
67329,0.7794405221939087,0.8130942583084106,0.88
67429,0.7794405221939087,0.8130942583084106,0.88
67529,0.7794405221939087,0.8130942583084106,0.88
67629,0.7794405221939087,0.8130942583084106,0.88
67729,0.7794405221939087,0.8130942583084106,0.88
67829,0.7794405221939087,0.8130942583084106,0.88
67929,0.7794405221939087,0.8130942583084106,0.88
68029,0.7794405221939087,0.8130942583084106,0.88
68129,0.7794405221939087,0.8130942583084106,0.88
68229,0.7794405221939087,0.8130942583084106,0.88
68329,0.7794405221939087,0.8130942583084106,0.88
68429,0.7794405221939087,0.8130942583084106,0.88
68529,0.7794405221939087,0.8130942583084106,0.88
68629,0.7794405221939087,0.8130942583084106,0.88
68729,0.7794405221939087,0.8130942583084106,0.88
68829,0.7794405221939087,0.8130942583084106,0.88
68929,0.7794405221939087,0.8130942583084106,0.88
69029,0.7794405221939087,0.8130942583084106,0.88
69129,0.7794405221939087,0.8130942583084106,0.88
69229,0.7794405221939087,0.8130942583084106,0.88
69329,0.7794405221939087,0.8130942583084106,0.88
69429,0.7794405221939087,0.8130942583084106,0.88
69529,0.7794405221939087,0.8130942583084106,0.88
69629,0.7794405221939087,0.8130942583084106,0.88
69729,0.7794405221939087,0.8130942583084106,0.88
69829,0.7794405221939087,0.8130942583084106,0.88
69929,0.7794405221939087,0.8130942583084106,0.88
70029,0.7794405221939087,0.8130942583084106,0.88
70129,0.7794405221939087,0.8130942583084106,0.88
70229,0.7794405221939087,0.8130942583084106,0.88
70329,0.7794405221939087,0.8130942583084106,0.88
70429,0.7794405221939087,0.8130942583084106,0.88
70529,0.7794405221939087,0.8130942583084106,0.88
70629,0.7794405221939087,0.8130942583084106,0.88
70729,0.7794405221939087,0.8130942583084106,0.88
70829,0.7794405221939087,0.8130942583084106,0.88
70929,0.7794405221939087,0.8130942583084106,0.88
71029,0.7794405221939087,0.8130942583084106,0.88
76329,0.7794405221939087,0.8130942583084106,0.86
76429,0.7794405221939087,0.8130942583084106,0.86
76529,0.7794405221939087,0.8130942583084106,0.86
76629,0.7794405221939087,0.8130942583084106,0.86
76729,0.7794405221939087,0.8130942583084106,0.86
76829,0.7794405221939087,0.8130942583084106,0.86
76929,0.7794405221939087,0.8130942583084106,0.86
77029,0.7794405221939087,0.8130942583084106,0.86
77129,0.7794405221939087,0.8130942583084106,0.86
77229,0.7794405221939087,0.8130942583084106,0.86
77329,0.7794405221939087,0.8130942583084106,0.86
77429,0.7794405221939087,0.8130942583084106,0.86
77529,0.7794405221939087,0.8130942583084106,0.86
77629,0.7794405221939087,0.8130942583084106,0.86
77729,0.7794405221939087,0.8130942583084106,0.86
77829,0.7794405221939087,0.8130942583084106,0.86
77929,0.7794405221939087,0.8130942583084106,0.86
78029,0.7794405221939087,0.8130942583084106,0.86
78129,0.7794405221939087,0.8130942583084106,0.86
78229,0.7794405221939087,0.8130942583084106,0.86
78329,0.7794405221939087,0.8130942583084106,0.86
78429,0.7794405221939087,0.8130942583084106,0.86
78529,0.7794405221939087,0.8130942583084106,0.86
78629,0.7794405221939087,0.8130942583084106,0.86
78729,0.7794405221939087,0.8130942583084106,0.86
78829,0.7794405221939087,0.8130942583084106,0.86
78929,0.7794405221939087,0.8130942583084106,0.86
79029,0.7794405221939087,0.8130942583084106,0.86
79129,0.7794405221939087,0.8130942583084106,0.86
79229,0.7794405221939087,0.8130942583084106,0.86
79329,0.7794405221939087,0.8130942583084106,0.86
79429,0.7794405221939087,0.8130942583084106,0.86
79529,0.7794405221939087,0.8130942583084106,0.86
79629,0.7794405221939087,0.8130942583084106,0.86
79729,0.7794405221939087,0.8130942583084106,0.86
79829,0.7794405221939087,0.8130942583084106,0.86
79929,0.7794405221939087,0.8130942583084106,0.86
80029,0.7794405221939087,0.8130942583084106,0.86
80129,0.7794405221939087,0.8130942583084106,0.86
80229,0.7794405221939087,0.8130942583084106,0.86
80329,0.7794405221939087,0.8130942583084106,0.86
80429,0.7794405221939087,0.8130942583084106,0.86
80529,0.7794405221939087,0.8130942583084106,0.86
80629,0.7794405221939087,0.8130942583084106,0.86
80729,0.7794405221939087,0.8130942583084106,0.86
80829,0.7794405221939087,0.8130942583084106,0.86
80929,0.7794405221939087,0.8130942583084106,0.86
81029,0.7794405221939087,0.8130942583084106,0.86
81129,0.7794405221939087,0.8130942583084106,0.86
81229,0.7794405221939087,0.8130942583084106,0.86
81329,0.7794405221939087,0.8130942583084106,0.86
81429,0.7794405221939087,0.8130942583084106,0.86
86729,0.7794405221939087,0.8130942583084106,0.90
86829,0.7794405221939087,0.8130942583084106,0.90
86929,0.7794405221939087,0.8130942583084106,0.90
87029,0.7794405221939087,0.8130942583084106,0.90
87129,0.7794405221939087,0.8130942583084106,0.90
87229,0.7794405221939087,0.8130942583084106,0.90
87329,0.7794405221939087,0.8130942583084106,0.90
87429,0.7794405221939087,0.8130942583084106,0.90
87529,0.7794405221939087,0.8130942583084106,0.90
87629,0.7794405221939087,0.8130942583084106,0.90
87729,0.7794405221939087,0.8130942583084106,0.90
87829,0.7794405221939087,0.8130942583084106,0.90
87929,0.7794405221939087,0.8130942583084106,0.90
88029,0.7794405221939087,0.8130942583084106,0.90
88129,0.7794405221939087,0.8130942583084106,0.90
88229,0.7794405221939087,0.8130942583084106,0.90
88329,0.7794405221939087,0.8130942583084106,0.90
88429,0.7794405221939087,0.8130942583084106,0.90
88529,0.7794405221939087,0.8130942583084106,0.90
88629,0.7794405221939087,0.8130942583084106,0.90
88729,0.7794405221939087,0.8130942583084106,0.90
88829,0.7794405221939087,0.8130942583084106,0.90
88929,0.7794405221939087,0.8130942583084106,0.90
89029,0.7794405221939087,0.8130942583084106,0.90
89129,0.7794405221939087,0.8130942583084106,0.90
89229,0.7794405221939087,0.8130942583084106,0.90
89329,0.7794405221939087,0.8130942583084106,0.90
89429,0.7794405221939087,0.8130942583084106,0.90
89529,0.7794405221939087,0.8130942583084106,0.90
89629,0.7794405221939087,0.8130942583084106,0.90
89729,0.7794405221939087,0.8130942583084106,0.90
89829,0.7794405221939087,0.8130942583084106,0.90
89929,0.7794405221939087,0.8130942583084106,0.90
90029,0.7794405221939087,0.8130942583084106,0.90
90129,0.7794405221939087,0.8130942583084106,0.90
90229,0.7794405221939087,0.8130942583084106,0.90
90329,0.7794405221939087,0.8130942583084106,0.90
90429,0.7794405221939087,0.8130942583084106,0.90
90529,0.7794405221939087,0.8130942583084106,0.90
90629,0.7794405221939087,0.8130942583084106,0.90
90729,0.7794405221939087,0.8130942583084106,0.90
90829,0.7794405221939087,0.8130942583084106,0.90
90929,0.7794405221939087,0.8130942583084106,0.90
91029,0.7794405221939087,0.8130942583084106,0.90
91129,0.7794405221939087,0.8130942583084106,0.90
91229,0.7794405221939087,0.8130942583084106,0.90
91329,0.7794405221939087,0.8130942583084106,0.90
91429,0.7794405221939087,0.8130942583084106,0.90
91529,0.7794405221939087,0.8130942583084106,0.90
91629,0.7794405221939087,0.8130942583084106,0.90
91729,0.7794405221939087,0.8130942583084106,0.90
91829,0.7794405221939087,0.8130942583084106,0.90
97129,0.7794405221939087,0.8130942583084106,0.87
97229,0.7794405221939087,0.8130942583084106,0.87
97329,0.7794405221939087,0.8130942583084106,0.87
97429,0.7794405221939087,0.8130942583084106,0.87
97529,0.7794405221939087,0.8130942583084106,0.87
97629,0.7794405221939087,0.8130942583084106,0.87
97729,0.7794405221939087,0.8130942583084106,0.87
97829,0.7794405221939087,0.8130942583084106,0.87
97929,0.7794405221939087,0.8130942583084106,0.87
98029,0.7794405221939087,0.8130942583084106,0.87
98129,0.7794405221939087,0.8130942583084106,0.87
98229,0.7794405221939087,0.8130942583084106,0.87
98329,0.7794405221939087,0.8130942583084106,0.87
98429,0.7794405221939087,0.8130942583084106,0.87
98529,0.7794405221939087,0.8130942583084106,0.87
98629,0.7794405221939087,0.8130942583084106,0.87
98729,0.7794405221939087,0.8130942583084106,0.87
98829,0.7794405221939087,0.8130942583084106,0.87
98929,0.7794405221939087,0.8130942583084106,0.87
99029,0.7794405221939087,0.8130942583084106,0.87
99129,0.7794405221939087,0.8130942583084106,0.87
99229,0.7794405221939087,0.8130942583084106,0.87
99329,0.7794405221939087,0.8130942583084106,0.87
99429,0.7794405221939087,0.8130942583084106,0.87
99529,0.7794405221939087,0.8130942583084106,0.87
99629,0.7794405221939087,0.8130942583084106,0.87
99729,0.7794405221939087,0.8130942583084106,0.87
99829,0.7794405221939087,0.8130942583084106,0.87
99929,0.7794405221939087,0.8130942583084106,0.87
100029,0.7794405221939087,0.8130942583084106,0.87
100129,0.7794405221939087,0.8130942583084106,0.87
100229,0.7794405221939087,0.8130942583084106,0.87
100329,0.7794405221939087,0.8130942583084106,0.87
100429,0.7794405221939087,0.8130942583084106,0.87
100529,0.7794405221939087,0.8130942583084106,0.87
100629,0.7794405221939087,0.8130942583084106,0.87
100729,0.7794405221939087,0.8130942583084106,0.87
100829,0.7794405221939087,0.8130942583084106,0.87
100929,0.7794405221939087,0.8130942583084106,0.87
101029,0.7794405221939087,0.8130942583084106,0.87
101129,0.7794405221939087,0.8130942583084106,0.87
101229,0.7794405221939087,0.8130942583084106,0.87
101329,0.7794405221939087,0.8130942583084106,0.87
101429,0.7794405221939087,0.8130942583084106,0.87
101529,0.7794405221939087,0.8130942583084106,0.87
101629,0.7794405221939087,0.8130942583084106,0.87
101729,0.7794405221939087,0.8130942583084106,0.87
101829,0.7794405221939087,0.8130942583084106,0.87
101929,0.7794405221939087,0.8130942583084106,0.87
102029,0.7794405221939087,0.8130942583084106,0.87
102129,0.7794405221939087,0.8130942583084106,0.87
102229,0.7794405221939087,0.8130942583084106,0.87
107529,0.7794405221939087,0.8130942583084106,0.86
107629,0.7794405221939087,0.8130942583084106,0.86
107729,0.7794405221939087,0.8130942583084106,0.86
107829,0.7794405221939087,0.8130942583084106,0.86
107929,0.7794405221939087,0.8130942583084106,0.86
108029,0.7794405221939087,0.8130942583084106,0.86
108129,0.7794405221939087,0.8130942583084106,0.86
108229,0.7794405221939087,0.8130942583084106,0.86
108329,0.7794405221939087,0.8130942583084106,0.86
108429,0.7794405221939087,0.8130942583084106,0.86
108529,0.7794405221939087,0.8130942583084106,0.86
108629,0.7794405221939087,0.8130942583084106,0.86
108729,0.7794405221939087,0.8130942583084106,0.86
108829,0.7794405221939087,0.8130942583084106,0.86
108929,0.7794405221939087,0.8130942583084106,0.86
109029,0.7794405221939087,0.8130942583084106,0.86
109129,0.7794405221939087,0.8130942583084106,0.86
109229,0.7794405221939087,0.8130942583084106,0.86
109329,0.7794405221939087,0.8130942583084106,0.86
109429,0.7794405221939087,0.8130942583084106,0.86
109529,0.7794405221939087,0.8130942583084106,0.86
109629,0.7794405221939087,0.8130942583084106,0.86
109729,0.7794405221939087,0.8130942583084106,0.86
109829,0.7794405221939087,0.8130942583084106,0.86
109929,0.7794405221939087,0.8130942583084106,0.86
110029,0.7794405221939087,0.8130942583084106,0.86
110129,0.7794405221939087,0.8130942583084106,0.86
110229,0.7794405221939087,0.8130942583084106,0.86
110329,0.7794405221939087,0.8130942583084106,0.86
110429,0.7794405221939087,0.8130942583084106,0.86
110529,0.7794405221939087,0.8130942583084106,0.86
110629,0.7794405221939087,0.8130942583084106,0.86
110729,0.7794405221939087,0.8130942583084106,0.86
110829,0.7794405221939087,0.8130942583084106,0.86
110929,0.7794405221939087,0.8130942583084106,0.86
111029,0.7794405221939087,0.8130942583084106,0.86
111129,0.7794405221939087,0.8130942583084106,0.86
111229,0.7794405221939087,0.8130942583084106,0.86
111329,0.7794405221939087,0.8130942583084106,0.86
111429,0.7794405221939087,0.8130942583084106,0.86
111529,0.7794405221939087,0.8130942583084106,0.86
111629,0.7794405221939087,0.8130942583084106,0.86
111729,0.7794405221939087,0.8130942583084106,0.86
111829,0.7794405221939087,0.8130942583084106,0.86
111929,0.7794405221939087,0.8130942583084106,0.86
112029,0.7794405221939087,0.8130942583084106,0.86
112129,0.7794405221939087,0.8130942583084106,0.86
112229,0.7794405221939087,0.8130942583084106,0.86
112329,0.7794405221939087,0.8130942583084106,0.86
112429,0.7794405221939087,0.8130942583084106,0.86
112529,0.7794405221939087,0.8130942583084106,0.86
112629,0.7794405221939087,0.8130942583084106,0.86
117929,0.7794405221939087,0.8130942583084106,0.85
118029,0.7794405221939087,0.8130942583084106,0.85
118129,0.7794405221939087,0.8130942583084106,0.85
118229,0.7794405221939087,0.8130942583084106,0.85
118329,0.7794405221939087,0.8130942583084106,0.85
118429,0.7794405221939087,0.8130942583084106,0.85
118529,0.7794405221939087,0.8130942583084106,0.85
118629,0.7794405221939087,0.8130942583084106,0.85
118729,0.7794405221939087,0.8130942583084106,0.85
118829,0.7794405221939087,0.8130942583084106,0.85
118929,0.7794405221939087,0.8130942583084106,0.85
119029,0.7794405221939087,0.8130942583084106,0.85
119129,0.7794405221939087,0.8130942583084106,0.85
119229,0.7794405221939087,0.8130942583084106,0.85
119329,0.7794405221939087,0.8130942583084106,0.85
119429,0.7794405221939087,0.8130942583084106,0.85
119529,0.7794405221939087,0.8130942583084106,0.85
119629,0.7794405221939087,0.8130942583084106,0.85
119729,0.7794405221939087,0.8130942583084106,0.85
119829,0.7794405221939087,0.8130942583084106,0.85
119929,0.7794405221939087,0.8130942583084106,0.85
120029,0.7794405221939087,0.8130942583084106,0.85
120129,0.7794405221939087,0.8130942583084106,0.85
120229,0.7794405221939087,0.8130942583084106,0.85
120329,0.7794405221939087,0.8130942583084106,0.85
120429,0.7794405221939087,0.8130942583084106,0.85
120529,0.7794405221939087,0.8130942583084106,0.85
120629,0.7794405221939087,0.8130942583084106,0.85
120729,0.7794405221939087,0.8130942583084106,0.85
120829,0.7794405221939087,0.8130942583084106,0.85
120929,0.7794405221939087,0.8130942583084106,0.85
121029,0.7794405221939087,0.8130942583084106,0.85
121129,0.7794405221939087,0.8130942583084106,0.85
121229,0.7794405221939087,0.8130942583084106,0.85
121329,0.7794405221939087,0.8130942583084106,0.85
121429,0.7794405221939087,0.8130942583084106,0.85
121529,0.7794405221939087,0.8130942583084106,0.85
121629,0.7794405221939087,0.8130942583084106,0.85
121729,0.7794405221939087,0.8130942583084106,0.85
121829,0.7794405221939087,0.8130942583084106,0.85
121929,0.7794405221939087,0.8130942583084106,0.85
122029,0.7794405221939087,0.8130942583084106,0.85
122129,0.7794405221939087,0.8130942583084106,0.85
122229,0.7794405221939087,0.8130942583084106,0.85
122329,0.7794405221939087,0.8130942583084106,0.85
122429,0.7794405221939087,0.8130942583084106,0.85
122529,0.7794405221939087,0.8130942583084106,0.85
122629,0.7794405221939087,0.8130942583084106,0.85
122729,0.7794405221939087,0.8130942583084106,0.85
122829,0.7794405221939087,0.8130942583084106,0.85
122929,0.7794405221939087,0.8130942583084106,0.85
123029,0.7794405221939087,0.8130942583084106,0.85
128329,0.7794405221939087,0.8130942583084106,0.87
128429,0.7794405221939087,0.8130942583084106,0.87
128529,0.7794405221939087,0.8130942583084106,0.87
128629,0.7794405221939087,0.8130942583084106,0.87
128729,0.7794405221939087,0.8130942583084106,0.87
128829,0.7794405221939087,0.8130942583084106,0.87
128929,0.7794405221939087,0.8130942583084106,0.87
129029,0.7794405221939087,0.8130942583084106,0.87
129129,0.7794405221939087,0.8130942583084106,0.87
129229,0.7794405221939087,0.8130942583084106,0.87
129329,0.7794405221939087,0.8130942583084106,0.87
129429,0.7794405221939087,0.8130942583084106,0.87
129529,0.7794405221939087,0.8130942583084106,0.87
129629,0.7794405221939087,0.8130942583084106,0.87
129729,0.7794405221939087,0.8130942583084106,0.87
129829,0.7794405221939087,0.8130942583084106,0.87
129929,0.7794405221939087,0.8130942583084106,0.87
130029,0.7794405221939087,0.8130942583084106,0.87
130129,0.7794405221939087,0.8130942583084106,0.87
130229,0.7794405221939087,0.8130942583084106,0.87
130329,0.7794405221939087,0.8130942583084106,0.87
130429,0.7794405221939087,0.8130942583084106,0.87
130529,0.7794405221939087,0.8130942583084106,0.87
130629,0.7794405221939087,0.8130942583084106,0.87
130729,0.7794405221939087,0.8130942583084106,0.87
130829,0.7794405221939087,0.8130942583084106,0.87
130929,0.7794405221939087,0.8130942583084106,0.87
131029,0.7794405221939087,0.8130942583084106,0.87
131129,0.7794405221939087,0.8130942583084106,0.87
131229,0.7794405221939087,0.8130942583084106,0.87
131329,0.7794405221939087,0.8130942583084106,0.87
131429,0.7794405221939087,0.8130942583084106,0.87
131529,0.7794405221939087,0.8130942583084106,0.87
131629,0.7794405221939087,0.8130942583084106,0.87
131729,0.7794405221939087,0.8130942583084106,0.87
131829,0.7794405221939087,0.8130942583084106,0.87
131929,0.7794405221939087,0.8130942583084106,0.87
132029,0.7794405221939087,0.8130942583084106,0.87
132129,0.7794405221939087,0.8130942583084106,0.87
132229,0.7794405221939087,0.8130942583084106,0.87
132329,0.7794405221939087,0.8130942583084106,0.87
132429,0.7794405221939087,0.8130942583084106,0.87
132529,0.7794405221939087,0.8130942583084106,0.87
132629,0.7794405221939087,0.8130942583084106,0.87
132729,0.7794405221939087,0.8130942583084106,0.87
132829,0.7794405221939087,0.8130942583084106,0.87
132929,0.7794405221939087,0.8130942583084106,0.87
133029,0.7794405221939087,0.8130942583084106,0.87
133129,0.7794405221939087,0.8130942583084106,0.87
133229,0.7794405221939087,0.8130942583084106,0.87
133329,0.7794405221939087,0.8130942583084106,0.87
133429,0.7794405221939087,0.8130942583084106,0.87
138729,0.7794405221939087,0.8130942583084106,0.86
138829,0.7794405221939087,0.8130942583084106,0.86
138929,0.7794405221939087,0.8130942583084106,0.86
139029,0.7794405221939087,0.8130942583084106,0.86
139129,0.7794405221939087,0.8130942583084106,0.86
139229,0.7794405221939087,0.8130942583084106,0.86
139329,0.7794405221939087,0.8130942583084106,0.86
139429,0.7794405221939087,0.8130942583084106,0.86
139529,0.7794405221939087,0.8130942583084106,0.86
139629,0.7794405221939087,0.8130942583084106,0.86
139729,0.7794405221939087,0.8130942583084106,0.86
139829,0.7794405221939087,0.8130942583084106,0.86
139929,0.7794405221939087,0.8130942583084106,0.86
140029,0.7794405221939087,0.8130942583084106,0.86
140129,0.7794405221939087,0.8130942583084106,0.86
140229,0.7794405221939087,0.8130942583084106,0.86
140329,0.7794405221939087,0.8130942583084106,0.86
140429,0.7794405221939087,0.8130942583084106,0.86
140529,0.7794405221939087,0.8130942583084106,0.86
140629,0.7794405221939087,0.8130942583084106,0.86
140729,0.7794405221939087,0.8130942583084106,0.86
140829,0.7794405221939087,0.8130942583084106,0.86
140929,0.7794405221939087,0.8130942583084106,0.86
141029,0.7794405221939087,0.8130942583084106,0.86
141129,0.7794405221939087,0.8130942583084106,0.86
141229,0.7794405221939087,0.8130942583084106,0.86
141329,0.7794405221939087,0.8130942583084106,0.86
141429,0.7794405221939087,0.8130942583084106,0.86
141529,0.7794405221939087,0.8130942583084106,0.86
141629,0.7794405221939087,0.8130942583084106,0.86
141729,0.7794405221939087,0.8130942583084106,0.86
141829,0.7794405221939087,0.8130942583084106,0.86
141929,0.7794405221939087,0.8130942583084106,0.86
142029,0.7794405221939087,0.8130942583084106,0.86
142129,0.7794405221939087,0.8130942583084106,0.86
142229,0.7794405221939087,0.8130942583084106,0.86
142329,0.7794405221939087,0.8130942583084106,0.86
142429,0.7794405221939087,0.8130942583084106,0.86
142529,0.7794405221939087,0.8130942583084106,0.86
142629,0.7794405221939087,0.8130942583084106,0.86
142729,0.7794405221939087,0.8130942583084106,0.86
142829,0.7794405221939087,0.8130942583084106,0.86
142929,0.7794405221939087,0.8130942583084106,0.86
143029,0.7794405221939087,0.8130942583084106,0.86
143129,0.7794405221939087,0.8130942583084106,0.86
143229,0.7794405221939087,0.8130942583084106,0.86
143329,0.7794405221939087,0.8130942583084106,0.86
143429,0.7794405221939087,0.8130942583084106,0.86
143529,0.7794405221939087,0.8130942583084106,0.86
143629,0.7794405221939087,0.8130942583084106,0.86
143729,0.7794405221939087,0.8130942583084106,0.86
143829,0.7794405221939087,0.8130942583084106,0.86
149129,0.7794405221939087,0.8130942583084106,0.87
149229,0.7794405221939087,0.8130942583084106,0.87
149329,0.7794405221939087,0.8130942583084106,0.87
149429,0.7794405221939087,0.8130942583084106,0.87
149529,0.7794405221939087,0.8130942583084106,0.87
149629,0.7794405221939087,0.8130942583084106,0.87
149729,0.7794405221939087,0.8130942583084106,0.87
149829,0.7794405221939087,0.8130942583084106,0.87
149929,0.7794405221939087,0.8130942583084106,0.87
150029,0.7794405221939087,0.8130942583084106,0.87
150129,0.7794405221939087,0.8130942583084106,0.87
150229,0.7794405221939087,0.8130942583084106,0.87
150329,0.7794405221939087,0.8130942583084106,0.87
150429,0.7794405221939087,0.8130942583084106,0.87
150529,0.7794405221939087,0.8130942583084106,0.87
150629,0.7794405221939087,0.8130942583084106,0.87
150729,0.7794405221939087,0.8130942583084106,0.87
150829,0.7794405221939087,0.8130942583084106,0.87
150929,0.7794405221939087,0.8130942583084106,0.87
151029,0.7794405221939087,0.8130942583084106,0.87
151129,0.7794405221939087,0.8130942583084106,0.87
151229,0.7794405221939087,0.8130942583084106,0.87
151329,0.7794405221939087,0.8130942583084106,0.87
151429,0.7794405221939087,0.8130942583084106,0.87
151529,0.7794405221939087,0.8130942583084106,0.87
151629,0.7794405221939087,0.8130942583084106,0.87
151729,0.7794405221939087,0.8130942583084106,0.87
151829,0.7794405221939087,0.8130942583084106,0.87
151929,0.7794405221939087,0.8130942583084106,0.87
152029,0.7794405221939087,0.8130942583084106,0.87
152129,0.7794405221939087,0.8130942583084106,0.87
152229,0.7794405221939087,0.8130942583084106,0.87
152329,0.7794405221939087,0.8130942583084106,0.87
152429,0.7794405221939087,0.8130942583084106,0.87
152529,0.7794405221939087,0.8130942583084106,0.87
152629,0.7794405221939087,0.8130942583084106,0.87
152729,0.7794405221939087,0.8130942583084106,0.87
152829,0.7794405221939087,0.8130942583084106,0.87
152929,0.7794405221939087,0.8130942583084106,0.87
153029,0.7794405221939087,0.8130942583084106,0.87
153129,0.7794405221939087,0.8130942583084106,0.87
153229,0.7794405221939087,0.8130942583084106,0.87
153329,0.7794405221939087,0.8130942583084106,0.87
153429,0.7794405221939087,0.8130942583084106,0.87
153529,0.7794405221939087,0.8130942583084106,0.87
153629,0.7794405221939087,0.8130942583084106,0.87
153729,0.7794405221939087,0.8130942583084106,0.87
153829,0.7794405221939087,0.8130942583084106,0.87
153929,0.7794405221939087,0.8130942583084106,0.87
154029,0.7794405221939087,0.8130942583084106,0.87
154129,0.7794405221939087,0.8130942583084106,0.87
154229,0.7794405221939087,0.8130942583084106,0.87
159529,0.7794405221939087,0.8130942583084106,0.88
159629,0.7794405221939087,0.8130942583084106,0.88
159729,0.7794405221939087,0.8130942583084106,0.88
159829,0.7794405221939087,0.8130942583084106,0.88
159929,0.7794405221939087,0.8130942583084106,0.88
160029,0.7794405221939087,0.8130942583084106,0.88
160129,0.7794405221939087,0.8130942583084106,0.88
160229,0.7794405221939087,0.8130942583084106,0.88
160329,0.7794405221939087,0.8130942583084106,0.88
160429,0.7794405221939087,0.8130942583084106,0.88
160529,0.7794405221939087,0.8130942583084106,0.88
160629,0.7794405221939087,0.8130942583084106,0.88
160729,0.7794405221939087,0.8130942583084106,0.88
160829,0.7794405221939087,0.8130942583084106,0.88
160929,0.7794405221939087,0.8130942583084106,0.88
161029,0.7794405221939087,0.8130942583084106,0.88
161129,0.7794405221939087,0.8130942583084106,0.88
161229,0.7794405221939087,0.8130942583084106,0.88
161329,0.7794405221939087,0.8130942583084106,0.88
161429,0.7794405221939087,0.8130942583084106,0.88
161529,0.7794405221939087,0.8130942583084106,0.88
161629,0.7794405221939087,0.8130942583084106,0.88
161729,0.7794405221939087,0.8130942583084106,0.88
161829,0.7794405221939087,0.8130942583084106,0.88
161929,0.7794405221939087,0.8130942583084106,0.88
162029,0.7794405221939087,0.8130942583084106,0.88
162129,0.7794405221939087,0.8130942583084106,0.88
162229,0.7794405221939087,0.8130942583084106,0.88
162329,0.7794405221939087,0.8130942583084106,0.88
162429,0.7794405221939087,0.8130942583084106,0.88
162529,0.7794405221939087,0.8130942583084106,0.88
162629,0.7794405221939087,0.8130942583084106,0.88
162729,0.7794405221939087,0.8130942583084106,0.88
162829,0.7794405221939087,0.8130942583084106,0.88
162929,0.7794405221939087,0.8130942583084106,0.88
163029,0.7794405221939087,0.8130942583084106,0.88
163129,0.7794405221939087,0.8130942583084106,0.88
163229,0.7794405221939087,0.8130942583084106,0.88
163329,0.7794405221939087,0.8130942583084106,0.88
163429,0.7794405221939087,0.8130942583084106,0.88
163529,0.7794405221939087,0.8130942583084106,0.88
163629,0.7794405221939087,0.8130942583084106,0.88
163729,0.7794405221939087,0.8130942583084106,0.88
163829,0.7794405221939087,0.8130942583084106,0.88
163929,0.7794405221939087,0.8130942583084106,0.88
164029,0.7794405221939087,0.8130942583084106,0.88
164129,0.7794405221939087,0.8130942583084106,0.88
164229,0.7794405221939087,0.8130942583084106,0.88
164329,0.7794405221939087,0.8130942583084106,0.88
164429,0.7794405221939087,0.8130942583084106,0.88
164529,0.7794405221939087,0.8130942583084106,0.88
164629,0.7794405221939087,0.8130942583084106,0.88
169929,0.7794405221939087,0.8130942583084106,0.86
170029,0.7794405221939087,0.8130942583084106,0.86
170129,0.7794405221939087,0.8130942583084106,0.86
170229,0.7794405221939087,0.8130942583084106,0.86
170329,0.7794405221939087,0.8130942583084106,0.86
170429,0.7794405221939087,0.8130942583084106,0.86
170529,0.7794405221939087,0.8130942583084106,0.86
170629,0.7794405221939087,0.8130942583084106,0.86
170729,0.7794405221939087,0.8130942583084106,0.86
170829,0.7794405221939087,0.8130942583084106,0.86
170929,0.7794405221939087,0.8130942583084106,0.86
171029,0.7794405221939087,0.8130942583084106,0.86
171129,0.7794405221939087,0.8130942583084106,0.86
171229,0.7794405221939087,0.8130942583084106,0.86
171329,0.7794405221939087,0.8130942583084106,0.86
171429,0.7794405221939087,0.8130942583084106,0.86
171529,0.7794405221939087,0.8130942583084106,0.86
171629,0.7794405221939087,0.8130942583084106,0.86
171729,0.7794405221939087,0.8130942583084106,0.86
171829,0.7794405221939087,0.8130942583084106,0.86
171929,0.7794405221939087,0.8130942583084106,0.86
172029,0.7794405221939087,0.8130942583084106,0.86
172129,0.7794405221939087,0.8130942583084106,0.86
172229,0.7794405221939087,0.8130942583084106,0.86
172329,0.7794405221939087,0.8130942583084106,0.86
172429,0.7794405221939087,0.8130942583084106,0.86
172529,0.7794405221939087,0.8130942583084106,0.86
172629,0.7794405221939087,0.8130942583084106,0.86
172729,0.7794405221939087,0.8130942583084106,0.86
172829,0.7794405221939087,0.8130942583084106,0.86
172929,0.7794405221939087,0.8130942583084106,0.86
173029,0.7794405221939087,0.8130942583084106,0.86
173129,0.7794405221939087,0.8130942583084106,0.86
173229,0.7794405221939087,0.8130942583084106,0.86
173329,0.7794405221939087,0.8130942583084106,0.86
173429,0.7794405221939087,0.8130942583084106,0.86
173529,0.7794405221939087,0.8130942583084106,0.86
173629,0.7794405221939087,0.8130942583084106,0.86
173729,0.7794405221939087,0.8130942583084106,0.86
173829,0.7794405221939087,0.8130942583084106,0.86
173929,0.7794405221939087,0.8130942583084106,0.86
174029,0.7794405221939087,0.8130942583084106,0.86
174129,0.7794405221939087,0.8130942583084106,0.86
174229,0.7794405221939087,0.8130942583084106,0.86
174329,0.7794405221939087,0.8130942583084106,0.86
174429,0.7794405221939087,0.8130942583084106,0.86
174529,0.7794405221939087,0.8130942583084106,0.86
174629,0.7794405221939087,0.8130942583084106,0.86
174729,0.7794405221939087,0.8130942583084106,0.86
174829,0.7794405221939087,0.8130942583084106,0.86
174929,0.7794405221939087,0.8130942583084106,0.86
175029,0.7794405221939087,0.8130942583084106,0.86
180329,0.7794405221939087,0.8130942583084106,0.87
180429,0.7794405221939087,0.8130942583084106,0.87
180529,0.7794405221939087,0.8130942583084106,0.87
180629,0.7794405221939087,0.8130942583084106,0.87
180729,0.7794405221939087,0.8130942583084106,0.87
180829,0.7794405221939087,0.8130942583084106,0.87
180929,0.7794405221939087,0.8130942583084106,0.87
181029,0.7794405221939087,0.8130942583084106,0.87
181129,0.7794405221939087,0.8130942583084106,0.87
181229,0.7794405221939087,0.8130942583084106,0.87
181329,0.7794405221939087,0.8130942583084106,0.87
181429,0.7794405221939087,0.8130942583084106,0.87
181529,0.7794405221939087,0.8130942583084106,0.87
181629,0.7794405221939087,0.8130942583084106,0.87
181729,0.7794405221939087,0.8130942583084106,0.87
181829,0.7794405221939087,0.8130942583084106,0.87
181929,0.7794405221939087,0.8130942583084106,0.87
182029,0.7794405221939087,0.8130942583084106,0.87
182129,0.7794405221939087,0.8130942583084106,0.87
182229,0.7794405221939087,0.8130942583084106,0.87
182329,0.7794405221939087,0.8130942583084106,0.87
182429,0.7794405221939087,0.8130942583084106,0.87
182529,0.7794405221939087,0.8130942583084106,0.87
182629,0.7794405221939087,0.8130942583084106,0.87
182729,0.7794405221939087,0.8130942583084106,0.87
182829,0.7794405221939087,0.8130942583084106,0.87
182929,0.7794405221939087,0.8130942583084106,0.87
183029,0.7794405221939087,0.8130942583084106,0.87
183129,0.7794405221939087,0.8130942583084106,0.87
183229,0.7794405221939087,0.8130942583084106,0.87
183329,0.7794405221939087,0.8130942583084106,0.87
183429,0.7794405221939087,0.8130942583084106,0.87
183529,0.7794405221939087,0.8130942583084106,0.87
183629,0.7794405221939087,0.8130942583084106,0.87
183729,0.7794405221939087,0.8130942583084106,0.87
183829,0.7794405221939087,0.8130942583084106,0.87
183929,0.7794405221939087,0.8130942583084106,0.87
184029,0.7794405221939087,0.8130942583084106,0.87
184129,0.7794405221939087,0.8130942583084106,0.87
184229,0.7794405221939087,0.8130942583084106,0.87
184329,0.7794405221939087,0.8130942583084106,0.87
184429,0.7794405221939087,0.8130942583084106,0.87
184529,0.7794405221939087,0.8130942583084106,0.87
184629,0.7794405221939087,0.8130942583084106,0.87
184729,0.7794405221939087,0.8130942583084106,0.87
184829,0.7794405221939087,0.8130942583084106,0.87
184929,0.7794405221939087,0.8130942583084106,0.87
185029,0.7794405221939087,0.8130942583084106,0.87
185129,0.7794405221939087,0.8130942583084106,0.87
185229,0.7794405221939087,0.8130942583084106,0.87
185329,0.7794405221939087,0.8130942583084106,0.87
185429,0.7794405221939087,0.8130942583084106,0.87
190729,0.7794405221939087,0.8130942583084106,0.89
190829,0.7794405221939087,0.8130942583084106,0.89
190929,0.7794405221939087,0.8130942583084106,0.89
191029,0.7794405221939087,0.8130942583084106,0.89
191129,0.7794405221939087,0.8130942583084106,0.89
191229,0.7794405221939087,0.8130942583084106,0.89
191329,0.7794405221939087,0.8130942583084106,0.89
191429,0.7794405221939087,0.8130942583084106,0.89
191529,0.7794405221939087,0.8130942583084106,0.89
191629,0.7794405221939087,0.8130942583084106,0.89
191729,0.7794405221939087,0.8130942583084106,0.89
191829,0.7794405221939087,0.8130942583084106,0.89
191929,0.7794405221939087,0.8130942583084106,0.89
192029,0.7794405221939087,0.8130942583084106,0.89
192129,0.7794405221939087,0.8130942583084106,0.89
192229,0.7794405221939087,0.8130942583084106,0.89
192329,0.7794405221939087,0.8130942583084106,0.89
192429,0.7794405221939087,0.8130942583084106,0.89
192529,0.7794405221939087,0.8130942583084106,0.89
192629,0.7794405221939087,0.8130942583084106,0.89
192729,0.7794405221939087,0.8130942583084106,0.89
192829,0.7794405221939087,0.8130942583084106,0.89
192929,0.7794405221939087,0.8130942583084106,0.89
193029,0.7794405221939087,0.8130942583084106,0.89
193129,0.7794405221939087,0.8130942583084106,0.89
193229,0.7794405221939087,0.8130942583084106,0.89
193329,0.7794405221939087,0.8130942583084106,0.89
193429,0.7794405221939087,0.8130942583084106,0.89
193529,0.7794405221939087,0.8130942583084106,0.89
193629,0.7794405221939087,0.8130942583084106,0.89
193729,0.7794405221939087,0.8130942583084106,0.89
193829,0.7794405221939087,0.8130942583084106,0.89
193929,0.7794405221939087,0.8130942583084106,0.89
194029,0.7794405221939087,0.8130942583084106,0.89
194129,0.7794405221939087,0.8130942583084106,0.89
194229,0.7794405221939087,0.8130942583084106,0.89
194329,0.7794405221939087,0.8130942583084106,0.89
194429,0.7794405221939087,0.8130942583084106,0.89
194529,0.7794405221939087,0.8130942583084106,0.89
194629,0.7794405221939087,0.8130942583084106,0.89
194729,0.7794405221939087,0.8130942583084106,0.89
194829,0.7794405221939087,0.8130942583084106,0.89
194929,0.7794405221939087,0.8130942583084106,0.89
195029,0.7794405221939087,0.8130942583084106,0.89
195129,0.7794405221939087,0.8130942583084106,0.89
195229,0.7794405221939087,0.8130942583084106,0.89
195329,0.7794405221939087,0.8130942583084106,0.89
195429,0.7794405221939087,0.8130942583084106,0.89
195529,0.7794405221939087,0.8130942583084106,0.89
195629,0.7794405221939087,0.8130942583084106,0.89
195729,0.7794405221939087,0.8130942583084106,0.89
195829,0.7794405221939087,0.8130942583084106,0.89
201129,0.7794405221939087,0.8130942583084106,0.87
201229,0.7794405221939087,0.8130942583084106,0.87
201329,0.7794405221939087,0.8130942583084106,0.87
201429,0.7794405221939087,0.8130942583084106,0.87
201529,0.7794405221939087,0.8130942583084106,0.87
201629,0.7794405221939087,0.8130942583084106,0.87
201729,0.7794405221939087,0.8130942583084106,0.87
201829,0.7794405221939087,0.8130942583084106,0.87
201929,0.7794405221939087,0.8130942583084106,0.87
202029,0.7794405221939087,0.8130942583084106,0.87
202129,0.7794405221939087,0.8130942583084106,0.87
202229,0.7794405221939087,0.8130942583084106,0.87
202329,0.7794405221939087,0.8130942583084106,0.87
202429,0.7794405221939087,0.8130942583084106,0.87
202529,0.7794405221939087,0.8130942583084106,0.87
202629,0.7794405221939087,0.8130942583084106,0.87
202729,0.7794405221939087,0.8130942583084106,0.87
202829,0.7794405221939087,0.8130942583084106,0.87
202929,0.7794405221939087,0.8130942583084106,0.87
203029,0.7794405221939087,0.8130942583084106,0.87
203129,0.7794405221939087,0.8130942583084106,0.87
203229,0.7794405221939087,0.8130942583084106,0.87
203329,0.7794405221939087,0.8130942583084106,0.87
203429,0.7794405221939087,0.8130942583084106,0.87
203529,0.7794405221939087,0.8130942583084106,0.87
203629,0.7794405221939087,0.8130942583084106,0.87
203729,0.7794405221939087,0.8130942583084106,0.87
203829,0.7794405221939087,0.8130942583084106,0.87
203929,0.7794405221939087,0.8130942583084106,0.87
204029,0.7794405221939087,0.8130942583084106,0.87
204129,0.7794405221939087,0.8130942583084106,0.87
204229,0.7794405221939087,0.8130942583084106,0.87
204329,0.7794405221939087,0.8130942583084106,0.87
204429,0.7794405221939087,0.8130942583084106,0.87
204529,0.7794405221939087,0.8130942583084106,0.87
204629,0.7794405221939087,0.8130942583084106,0.87
204729,0.7794405221939087,0.8130942583084106,0.87
204829,0.7794405221939087,0.8130942583084106,0.87
204929,0.7794405221939087,0.8130942583084106,0.87
205029,0.7794405221939087,0.8130942583084106,0.87
205129,0.7794405221939087,0.8130942583084106,0.87
205229,0.7794405221939087,0.8130942583084106,0.87
205329,0.7794405221939087,0.8130942583084106,0.87
205429,0.7794405221939087,0.8130942583084106,0.87
205529,0.7794405221939087,0.8130942583084106,0.87
205629,0.7794405221939087,0.8130942583084106,0.87
205729,0.7794405221939087,0.8130942583084106,0.87
205829,0.7794405221939087,0.8130942583084106,0.87
205929,0.7794405221939087,0.8130942583084106,0.87
206029,0.7794405221939087,0.8130942583084106,0.87
206129,0.7794405221939087,0.8130942583084106,0.87
206229,0.7794405221939087,0.8130942583084106,0.87
211529,0.7794405221939087,0.8130942583084106,0.87
211629,0.7794405221939087,0.8130942583084106,0.87
211729,0.7794405221939087,0.8130942583084106,0.87
211829,0.7794405221939087,0.8130942583084106,0.87
211929,0.7794405221939087,0.8130942583084106,0.87
212029,0.7794405221939087,0.8130942583084106,0.87
212129,0.7794405221939087,0.8130942583084106,0.87
212229,0.7794405221939087,0.8130942583084106,0.87
212329,0.7794405221939087,0.8130942583084106,0.87
212429,0.7794405221939087,0.8130942583084106,0.87
212529,0.7794405221939087,0.8130942583084106,0.87
212629,0.7794405221939087,0.8130942583084106,0.87
212729,0.7794405221939087,0.8130942583084106,0.87
212829,0.7794405221939087,0.8130942583084106,0.87
212929,0.7794405221939087,0.8130942583084106,0.87
213029,0.7794405221939087,0.8130942583084106,0.87
213129,0.7794405221939087,0.8130942583084106,0.87
213229,0.7794405221939087,0.8130942583084106,0.87
213329,0.7794405221939087,0.8130942583084106,0.87
213429,0.7794405221939087,0.8130942583084106,0.87
213529,0.7794405221939087,0.8130942583084106,0.87
213629,0.7794405221939087,0.8130942583084106,0.87
213729,0.7794405221939087,0.8130942583084106,0.87
213829,0.7794405221939087,0.8130942583084106,0.87
213929,0.7794405221939087,0.8130942583084106,0.87
214029,0.7794405221939087,0.8130942583084106,0.87
214129,0.7794405221939087,0.8130942583084106,0.87
214229,0.7794405221939087,0.8130942583084106,0.87
214329,0.7794405221939087,0.8130942583084106,0.87
214429,0.7794405221939087,0.8130942583084106,0.87
214529,0.7794405221939087,0.8130942583084106,0.87
214629,0.7794405221939087,0.8130942583084106,0.87
214729,0.7794405221939087,0.8130942583084106,0.87
214829,0.7794405221939087,0.8130942583084106,0.87
214929,0.7794405221939087,0.8130942583084106,0.87
215029,0.7794405221939087,0.8130942583084106,0.87
215129,0.7794405221939087,0.8130942583084106,0.87
215229,0.7794405221939087,0.8130942583084106,0.87
215329,0.7794405221939087,0.8130942583084106,0.87
215429,0.7794405221939087,0.8130942583084106,0.87
215529,0.7794405221939087,0.8130942583084106,0.87
215629,0.7794405221939087,0.8130942583084106,0.87
215729,0.7794405221939087,0.8130942583084106,0.87
215829,0.7794405221939087,0.8130942583084106,0.87
215929,0.7794405221939087,0.8130942583084106,0.87
216029,0.7794405221939087,0.8130942583084106,0.87
216129,0.7794405221939087,0.8130942583084106,0.87
216229,0.7794405221939087,0.8130942583084106,0.87
216329,0.7794405221939087,0.8130942583084106,0.87
216429,0.7794405221939087,0.8130942583084106,0.87
216529,0.7794405221939087,0.8130942583084106,0.87
216629,0.7794405221939087,0.8130942583084106,0.87
221929,0.7794405221939087,0.8130942583084106,0.86
222029,0.7794405221939087,0.8130942583084106,0.86
222129,0.7794405221939087,0.8130942583084106,0.86
222229,0.7794405221939087,0.8130942583084106,0.86
222329,0.7794405221939087,0.8130942583084106,0.86
222429,0.7794405221939087,0.8130942583084106,0.86
222529,0.7794405221939087,0.8130942583084106,0.86
222629,0.7794405221939087,0.8130942583084106,0.86
222729,0.7794405221939087,0.8130942583084106,0.86
222829,0.7794405221939087,0.8130942583084106,0.86
222929,0.7794405221939087,0.8130942583084106,0.86
223029,0.7794405221939087,0.8130942583084106,0.86
223129,0.7794405221939087,0.8130942583084106,0.86
223229,0.7794405221939087,0.8130942583084106,0.86
223329,0.7794405221939087,0.8130942583084106,0.86
223429,0.7794405221939087,0.8130942583084106,0.86
223529,0.7794405221939087,0.8130942583084106,0.86
223629,0.7794405221939087,0.8130942583084106,0.86
223729,0.7794405221939087,0.8130942583084106,0.86
223829,0.7794405221939087,0.8130942583084106,0.86
223929,0.7794405221939087,0.8130942583084106,0.86
224029,0.7794405221939087,0.8130942583084106,0.86
224129,0.7794405221939087,0.8130942583084106,0.86
224229,0.7794405221939087,0.8130942583084106,0.86
224329,0.7794405221939087,0.8130942583084106,0.86
224429,0.7794405221939087,0.8130942583084106,0.86
224529,0.7794405221939087,0.8130942583084106,0.86
224629,0.7794405221939087,0.8130942583084106,0.86
224729,0.7794405221939087,0.8130942583084106,0.86
224829,0.7794405221939087,0.8130942583084106,0.86
224929,0.7794405221939087,0.8130942583084106,0.86
225029,0.7794405221939087,0.8130942583084106,0.86
225129,0.7794405221939087,0.8130942583084106,0.86
225229,0.7794405221939087,0.8130942583084106,0.86
225329,0.7794405221939087,0.8130942583084106,0.86
225429,0.7794405221939087,0.8130942583084106,0.86
225529,0.7794405221939087,0.8130942583084106,0.86
225629,0.7794405221939087,0.8130942583084106,0.86
225729,0.7794405221939087,0.8130942583084106,0.86
225829,0.7794405221939087,0.8130942583084106,0.86
225929,0.7794405221939087,0.8130942583084106,0.86
226029,0.7794405221939087,0.8130942583084106,0.86
226129,0.7794405221939087,0.8130942583084106,0.86
226229,0.7794405221939087,0.8130942583084106,0.86
226329,0.7794405221939087,0.8130942583084106,0.86
226429,0.7794405221939087,0.8130942583084106,0.86
226529,0.7794405221939087,0.8130942583084106,0.86
226629,0.7794405221939087,0.8130942583084106,0.86
226729,0.7794405221939087,0.8130942583084106,0.86
226829,0.7794405221939087,0.8130942583084106,0.86
226929,0.7794405221939087,0.8130942583084106,0.86
227029,0.7794405221939087,0.8130942583084106,0.86
232329,0.7794405221939087,0.8130942583084106,0.85
232429,0.7794405221939087,0.8130942583084106,0.85
232529,0.7794405221939087,0.8130942583084106,0.85
232629,0.7794405221939087,0.8130942583084106,0.85
232729,0.7794405221939087,0.8130942583084106,0.85
232829,0.7794405221939087,0.8130942583084106,0.85
232929,0.7794405221939087,0.8130942583084106,0.85
233029,0.7794405221939087,0.8130942583084106,0.85
233129,0.7794405221939087,0.8130942583084106,0.85
233229,0.7794405221939087,0.8130942583084106,0.85
233329,0.7794405221939087,0.8130942583084106,0.85
233429,0.7794405221939087,0.8130942583084106,0.85
233529,0.7794405221939087,0.8130942583084106,0.85
233629,0.7794405221939087,0.8130942583084106,0.85
233729,0.7794405221939087,0.8130942583084106,0.85
233829,0.7794405221939087,0.8130942583084106,0.85
233929,0.7794405221939087,0.8130942583084106,0.85
234029,0.7794405221939087,0.8130942583084106,0.85
234129,0.7794405221939087,0.8130942583084106,0.85
234229,0.7794405221939087,0.8130942583084106,0.85
234329,0.7794405221939087,0.8130942583084106,0.85
234429,0.7794405221939087,0.8130942583084106,0.85
234529,0.7794405221939087,0.8130942583084106,0.85
234629,0.7794405221939087,0.8130942583084106,0.85
234729,0.7794405221939087,0.8130942583084106,0.85
234829,0.7794405221939087,0.8130942583084106,0.85
234929,0.7794405221939087,0.8130942583084106,0.85
235029,0.7794405221939087,0.8130942583084106,0.85
235129,0.7794405221939087,0.8130942583084106,0.85
235229,0.7794405221939087,0.8130942583084106,0.85
235329,0.7794405221939087,0.8130942583084106,0.85
235429,0.7794405221939087,0.8130942583084106,0.85
235529,0.7794405221939087,0.8130942583084106,0.85
235629,0.7794405221939087,0.8130942583084106,0.85
235729,0.7794405221939087,0.8130942583084106,0.85
235829,0.7794405221939087,0.8130942583084106,0.85
235929,0.7794405221939087,0.8130942583084106,0.85
236029,0.7794405221939087,0.8130942583084106,0.85
236129,0.7794405221939087,0.8130942583084106,0.85
236229,0.7794405221939087,0.8130942583084106,0.85
236329,0.7794405221939087,0.8130942583084106,0.85
236429,0.7794405221939087,0.8130942583084106,0.85
236529,0.7794405221939087,0.8130942583084106,0.85
236629,0.7794405221939087,0.8130942583084106,0.85
236729,0.7794405221939087,0.8130942583084106,0.85
236829,0.7794405221939087,0.8130942583084106,0.85
236929,0.7794405221939087,0.8130942583084106,0.85
237029,0.7794405221939087,0.8130942583084106,0.85
237129,0.7794405221939087,0.8130942583084106,0.85
237229,0.7794405221939087,0.8130942583084106,0.85
237329,0.7794405221939087,0.8130942583084106,0.85
237429,0.7794405221939087,0.8130942583084106,0.85
242729,0.7794405221939087,0.8130942583084106,0.87
242829,0.7794405221939087,0.8130942583084106,0.87
242929,0.7794405221939087,0.8130942583084106,0.87
243029,0.7794405221939087,0.8130942583084106,0.87
243129,0.7794405221939087,0.8130942583084106,0.87
243229,0.7794405221939087,0.8130942583084106,0.87
243329,0.7794405221939087,0.8130942583084106,0.87
243429,0.7794405221939087,0.8130942583084106,0.87
243529,0.7794405221939087,0.8130942583084106,0.87
243629,0.7794405221939087,0.8130942583084106,0.87
243729,0.7794405221939087,0.8130942583084106,0.87
243829,0.7794405221939087,0.8130942583084106,0.87
243929,0.7794405221939087,0.8130942583084106,0.87
244029,0.7794405221939087,0.8130942583084106,0.87
244129,0.7794405221939087,0.8130942583084106,0.87
244229,0.7794405221939087,0.8130942583084106,0.87
244329,0.7794405221939087,0.8130942583084106,0.87
244429,0.7794405221939087,0.8130942583084106,0.87
244529,0.7794405221939087,0.8130942583084106,0.87
244629,0.7794405221939087,0.8130942583084106,0.87
244729,0.7794405221939087,0.8130942583084106,0.87
244829,0.7794405221939087,0.8130942583084106,0.87
244929,0.7794405221939087,0.8130942583084106,0.87
245029,0.7794405221939087,0.8130942583084106,0.87
245129,0.7794405221939087,0.8130942583084106,0.87
245229,0.7794405221939087,0.8130942583084106,0.87
245329,0.7794405221939087,0.8130942583084106,0.87
245429,0.7794405221939087,0.8130942583084106,0.87
245529,0.7794405221939087,0.8130942583084106,0.87
245629,0.7794405221939087,0.8130942583084106,0.87
245729,0.7794405221939087,0.8130942583084106,0.87
245829,0.7794405221939087,0.8130942583084106,0.87
245929,0.7794405221939087,0.8130942583084106,0.87
246029,0.7794405221939087,0.8130942583084106,0.87
246129,0.7794405221939087,0.8130942583084106,0.87
246229,0.7794405221939087,0.8130942583084106,0.87
246329,0.7794405221939087,0.8130942583084106,0.87
246429,0.7794405221939087,0.8130942583084106,0.87
246529,0.7794405221939087,0.8130942583084106,0.87
246629,0.7794405221939087,0.8130942583084106,0.87
246729,0.7794405221939087,0.8130942583084106,0.87
246829,0.7794405221939087,0.8130942583084106,0.87
246929,0.7794405221939087,0.8130942583084106,0.87
247029,0.7794405221939087,0.8130942583084106,0.87
247129,0.7794405221939087,0.8130942583084106,0.87
247229,0.7794405221939087,0.8130942583084106,0.87
247329,0.7794405221939087,0.8130942583084106,0.87
247429,0.7794405221939087,0.8130942583084106,0.87
247529,0.7794405221939087,0.8130942583084106,0.87
247629,0.7794405221939087,0.8130942583084106,0.87
247729,0.7794405221939087,0.8130942583084106,0.87
247829,0.7794405221939087,0.8130942583084106,0.87
253129,0.7794405221939087,0.8130942583084106,0.86
253229,0.7794405221939087,0.8130942583084106,0.86
253329,0.7794405221939087,0.8130942583084106,0.86
253429,0.7794405221939087,0.8130942583084106,0.86
253529,0.7794405221939087,0.8130942583084106,0.86
253629,0.7794405221939087,0.8130942583084106,0.86
253729,0.7794405221939087,0.8130942583084106,0.86
253829,0.7794405221939087,0.8130942583084106,0.86
253929,0.7794405221939087,0.8130942583084106,0.86
254029,0.7794405221939087,0.8130942583084106,0.86
254129,0.7794405221939087,0.8130942583084106,0.86
254229,0.7794405221939087,0.8130942583084106,0.86
254329,0.7794405221939087,0.8130942583084106,0.86
254429,0.7794405221939087,0.8130942583084106,0.86
254529,0.7794405221939087,0.8130942583084106,0.86
254629,0.7794405221939087,0.8130942583084106,0.86
254729,0.7794405221939087,0.8130942583084106,0.86
254829,0.7794405221939087,0.8130942583084106,0.86
254929,0.7794405221939087,0.8130942583084106,0.86
255029,0.7794405221939087,0.8130942583084106,0.86
255129,0.7794405221939087,0.8130942583084106,0.86
255229,0.7794405221939087,0.8130942583084106,0.86
255329,0.7794405221939087,0.8130942583084106,0.86
255429,0.7794405221939087,0.8130942583084106,0.86
255529,0.7794405221939087,0.8130942583084106,0.86
255629,0.7794405221939087,0.8130942583084106,0.86
255729,0.7794405221939087,0.8130942583084106,0.86
255829,0.7794405221939087,0.8130942583084106,0.86
255929,0.7794405221939087,0.8130942583084106,0.86
256029,0.7794405221939087,0.8130942583084106,0.86
256129,0.7794405221939087,0.8130942583084106,0.86
256229,0.7794405221939087,0.8130942583084106,0.86
256329,0.7794405221939087,0.8130942583084106,0.86
256429,0.7794405221939087,0.8130942583084106,0.86
256529,0.7794405221939087,0.8130942583084106,0.86
256629,0.7794405221939087,0.8130942583084106,0.86
256729,0.7794405221939087,0.8130942583084106,0.86
256829,0.7794405221939087,0.8130942583084106,0.86
256929,0.7794405221939087,0.8130942583084106,0.86
257029,0.7794405221939087,0.8130942583084106,0.86
257129,0.7794405221939087,0.8130942583084106,0.86
257229,0.7794405221939087,0.8130942583084106,0.86
257329,0.7794405221939087,0.8130942583084106,0.86
257429,0.7794405221939087,0.8130942583084106,0.86
257529,0.7794405221939087,0.8130942583084106,0.86
257629,0.7794405221939087,0.8130942583084106,0.86
257729,0.7794405221939087,0.8130942583084106,0.86
257829,0.7794405221939087,0.8130942583084106,0.86
257929,0.7794405221939087,0.8130942583084106,0.86
258029,0.7794405221939087,0.8130942583084106,0.86
258129,0.7794405221939087,0.8130942583084106,0.86
258229,0.7794405221939087,0.8130942583084106,0.86
263529,0.7794405221939087,0.8130942583084106,0.87
263629,0.7794405221939087,0.8130942583084106,0.87
263729,0.7794405221939087,0.8130942583084106,0.87
263829,0.7794405221939087,0.8130942583084106,0.87
263929,0.7794405221939087,0.8130942583084106,0.87
264029,0.7794405221939087,0.8130942583084106,0.87
264129,0.7794405221939087,0.8130942583084106,0.87
264229,0.7794405221939087,0.8130942583084106,0.87
264329,0.7794405221939087,0.8130942583084106,0.87
264429,0.7794405221939087,0.8130942583084106,0.87
264529,0.7794405221939087,0.8130942583084106,0.87
264629,0.7794405221939087,0.8130942583084106,0.87
264729,0.7794405221939087,0.8130942583084106,0.87
264829,0.7794405221939087,0.8130942583084106,0.87
264929,0.7794405221939087,0.8130942583084106,0.87
265029,0.7794405221939087,0.8130942583084106,0.87
265129,0.7794405221939087,0.8130942583084106,0.87
265229,0.7794405221939087,0.8130942583084106,0.87
265329,0.7794405221939087,0.8130942583084106,0.87
265429,0.7794405221939087,0.8130942583084106,0.87
265529,0.7794405221939087,0.8130942583084106,0.87
265629,0.7794405221939087,0.8130942583084106,0.87
265729,0.7794405221939087,0.8130942583084106,0.87
265829,0.7794405221939087,0.8130942583084106,0.87
265929,0.7794405221939087,0.8130942583084106,0.87
266029,0.7794405221939087,0.8130942583084106,0.87
266129,0.7794405221939087,0.8130942583084106,0.87
266229,0.7794405221939087,0.8130942583084106,0.87
266329,0.7794405221939087,0.8130942583084106,0.87
266429,0.7794405221939087,0.8130942583084106,0.87
266529,0.7794405221939087,0.8130942583084106,0.87
266629,0.7794405221939087,0.8130942583084106,0.87
266729,0.7794405221939087,0.8130942583084106,0.87
266829,0.7794405221939087,0.8130942583084106,0.87
266929,0.7794405221939087,0.8130942583084106,0.87
267029,0.7794405221939087,0.8130942583084106,0.87
267129,0.7794405221939087,0.8130942583084106,0.87
267229,0.7794405221939087,0.8130942583084106,0.87
267329,0.7794405221939087,0.8130942583084106,0.87
267429,0.7794405221939087,0.8130942583084106,0.87
267529,0.7794405221939087,0.8130942583084106,0.87
267629,0.7794405221939087,0.8130942583084106,0.87
267729,0.7794405221939087,0.8130942583084106,0.87
267829,0.7794405221939087,0.8130942583084106,0.87
267929,0.7794405221939087,0.8130942583084106,0.87
268029,0.7794405221939087,0.8130942583084106,0.87
268129,0.7794405221939087,0.8130942583084106,0.87
268229,0.7794405221939087,0.8130942583084106,0.87
268329,0.7794405221939087,0.8130942583084106,0.87
268429,0.7794405221939087,0.8130942583084106,0.87
268529,0.7794405221939087,0.8130942583084106,0.87
268629,0.7794405221939087,0.8130942583084106,0.87
273929,0.7794405221939087,0.8130942583084106,0.87
274029,0.7794405221939087,0.8130942583084106,0.87
274129,0.7794405221939087,0.8130942583084106,0.87
274229,0.7794405221939087,0.8130942583084106,0.87
274329,0.7794405221939087,0.8130942583084106,0.87
274429,0.7794405221939087,0.8130942583084106,0.87
274529,0.7794405221939087,0.8130942583084106,0.87
274629,0.7794405221939087,0.8130942583084106,0.87
274729,0.7794405221939087,0.8130942583084106,0.87
274829,0.7794405221939087,0.8130942583084106,0.87
274929,0.7794405221939087,0.8130942583084106,0.87
275029,0.7794405221939087,0.8130942583084106,0.87
275129,0.7794405221939087,0.8130942583084106,0.87
275229,0.7794405221939087,0.8130942583084106,0.87
275329,0.7794405221939087,0.8130942583084106,0.87
275429,0.7794405221939087,0.8130942583084106,0.87
275529,0.7794405221939087,0.8130942583084106,0.87
275629,0.7794405221939087,0.8130942583084106,0.87
275729,0.7794405221939087,0.8130942583084106,0.87
275829,0.7794405221939087,0.8130942583084106,0.87
275929,0.7794405221939087,0.8130942583084106,0.87
276029,0.7794405221939087,0.8130942583084106,0.87
276129,0.7794405221939087,0.8130942583084106,0.87
276229,0.7794405221939087,0.8130942583084106,0.87
276329,0.7794405221939087,0.8130942583084106,0.87
276429,0.7794405221939087,0.8130942583084106,0.87
276529,0.7794405221939087,0.8130942583084106,0.87
276629,0.7794405221939087,0.8130942583084106,0.87
276729,0.7794405221939087,0.8130942583084106,0.87
276829,0.7794405221939087,0.8130942583084106,0.87
276929,0.7794405221939087,0.8130942583084106,0.87
277029,0.7794405221939087,0.8130942583084106,0.87
277129,0.7794405221939087,0.8130942583084106,0.87
277229,0.7794405221939087,0.8130942583084106,0.87
277329,0.7794405221939087,0.8130942583084106,0.87
277429,0.7794405221939087,0.8130942583084106,0.87
277529,0.7794405221939087,0.8130942583084106,0.87
277629,0.7794405221939087,0.8130942583084106,0.87
277729,0.7794405221939087,0.8130942583084106,0.87
277829,0.7794405221939087,0.8130942583084106,0.87
277929,0.7794405221939087,0.8130942583084106,0.87
278029,0.7794405221939087,0.8130942583084106,0.87
278129,0.7794405221939087,0.8130942583084106,0.87
278229,0.7794405221939087,0.8130942583084106,0.87
278329,0.7794405221939087,0.8130942583084106,0.87
278429,0.7794405221939087,0.8130942583084106,0.87
278529,0.7794405221939087,0.8130942583084106,0.87
278629,0.7794405221939087,0.8130942583084106,0.87
278729,0.7794405221939087,0.8130942583084106,0.87
278829,0.7794405221939087,0.8130942583084106,0.87
278929,0.7794405221939087,0.8130942583084106,0.87
279029,0.7794405221939087,0.8130942583084106,0.87
284329,0.7794405221939087,0.8130942583084106,0.87
284429,0.7794405221939087,0.8130942583084106,0.87
284529,0.7794405221939087,0.8130942583084106,0.87
284629,0.7794405221939087,0.8130942583084106,0.87
284729,0.7794405221939087,0.8130942583084106,0.87
284829,0.7794405221939087,0.8130942583084106,0.87
284929,0.7794405221939087,0.8130942583084106,0.87
285029,0.7794405221939087,0.8130942583084106,0.87
285129,0.7794405221939087,0.8130942583084106,0.87
285229,0.7794405221939087,0.8130942583084106,0.87
285329,0.7794405221939087,0.8130942583084106,0.87
285429,0.7794405221939087,0.8130942583084106,0.87
285529,0.7794405221939087,0.8130942583084106,0.87
285629,0.7794405221939087,0.8130942583084106,0.87
285729,0.7794405221939087,0.8130942583084106,0.87
285829,0.7794405221939087,0.8130942583084106,0.87
285929,0.7794405221939087,0.8130942583084106,0.87
286029,0.7794405221939087,0.8130942583084106,0.87
286129,0.7794405221939087,0.8130942583084106,0.87
286229,0.7794405221939087,0.8130942583084106,0.87
286329,0.7794405221939087,0.8130942583084106,0.87
286429,0.7794405221939087,0.8130942583084106,0.87
286529,0.7794405221939087,0.8130942583084106,0.87
286629,0.7794405221939087,0.8130942583084106,0.87
286729,0.7794405221939087,0.8130942583084106,0.87
286829,0.7794405221939087,0.8130942583084106,0.87
286929,0.7794405221939087,0.8130942583084106,0.87
287029,0.7794405221939087,0.8130942583084106,0.87
287129,0.7794405221939087,0.8130942583084106,0.87
287229,0.7794405221939087,0.8130942583084106,0.87
287329,0.7794405221939087,0.8130942583084106,0.87
287429,0.7794405221939087,0.8130942583084106,0.87
287529,0.7794405221939087,0.8130942583084106,0.87
287629,0.7794405221939087,0.8130942583084106,0.87
287729,0.7794405221939087,0.8130942583084106,0.87
287829,0.7794405221939087,0.8130942583084106,0.87
287929,0.7794405221939087,0.8130942583084106,0.87
288029,0.7794405221939087,0.8130942583084106,0.87
288129,0.7794405221939087,0.8130942583084106,0.87
288229,0.7794405221939087,0.8130942583084106,0.87
288329,0.7794405221939087,0.8130942583084106,0.87
288429,0.7794405221939087,0.8130942583084106,0.87
288529,0.7794405221939087,0.8130942583084106,0.87
288629,0.7794405221939087,0.8130942583084106,0.87
288729,0.7794405221939087,0.8130942583084106,0.87
288829,0.7794405221939087,0.8130942583084106,0.87
288929,0.7794405221939087,0.8130942583084106,0.87
289029,0.7794405221939087,0.8130942583084106,0.87
289129,0.7794405221939087,0.8130942583084106,0.87
289229,0.7794405221939087,0.8130942583084106,0.87
289329,0.7794405221939087,0.8130942583084106,0.87
289429,0.7794405221939087,0.8130942583084106,0.87
294729,0.7794405221939087,0.8130942583084106,0.89
294829,0.7794405221939087,0.8130942583084106,0.89
294929,0.7794405221939087,0.8130942583084106,0.89
295029,0.7794405221939087,0.8130942583084106,0.89
295129,0.7794405221939087,0.8130942583084106,0.89
295229,0.7794405221939087,0.8130942583084106,0.89
295329,0.7794405221939087,0.8130942583084106,0.89
295429,0.7794405221939087,0.8130942583084106,0.89
295529,0.7794405221939087,0.8130942583084106,0.89
295629,0.7794405221939087,0.8130942583084106,0.89
295729,0.7794405221939087,0.8130942583084106,0.89
295829,0.7794405221939087,0.8130942583084106,0.89
295929,0.7794405221939087,0.8130942583084106,0.89
296029,0.7794405221939087,0.8130942583084106,0.89
296129,0.7794405221939087,0.8130942583084106,0.89
296229,0.7794405221939087,0.8130942583084106,0.89
296329,0.7794405221939087,0.8130942583084106,0.89
296429,0.7794405221939087,0.8130942583084106,0.89
296529,0.7794405221939087,0.8130942583084106,0.89
296629,0.7794405221939087,0.8130942583084106,0.89
296729,0.7794405221939087,0.8130942583084106,0.89
296829,0.7794405221939087,0.8130942583084106,0.89
296929,0.7794405221939087,0.8130942583084106,0.89
297029,0.7794405221939087,0.8130942583084106,0.89
297129,0.7794405221939087,0.8130942583084106,0.89
297229,0.7794405221939087,0.8130942583084106,0.89
297329,0.7794405221939087,0.8130942583084106,0.89
297429,0.7794405221939087,0.8130942583084106,0.89
297529,0.7794405221939087,0.8130942583084106,0.89
297629,0.7794405221939087,0.8130942583084106,0.89
297729,0.7794405221939087,0.8130942583084106,0.89
297829,0.7794405221939087,0.8130942583084106,0.89
297929,0.7794405221939087,0.8130942583084106,0.89
298029,0.7794405221939087,0.8130942583084106,0.89
298129,0.7794405221939087,0.8130942583084106,0.89
298229,0.7794405221939087,0.8130942583084106,0.89
298329,0.7794405221939087,0.8130942583084106,0.89
298429,0.7794405221939087,0.8130942583084106,0.89
298529,0.7794405221939087,0.8130942583084106,0.89
298629,0.7794405221939087,0.8130942583084106,0.89
298729,0.7794405221939087,0.8130942583084106,0.89
298829,0.7794405221939087,0.8130942583084106,0.89
298929,0.7794405221939087,0.8130942583084106,0.89
299029,0.7794405221939087,0.8130942583084106,0.89
299129,0.7794405221939087,0.8130942583084106,0.89
299229,0.7794405221939087,0.8130942583084106,0.89
299329,0.7794405221939087,0.8130942583084106,0.89
299429,0.7794405221939087,0.8130942583084106,0.89
299529,0.7794405221939087,0.8130942583084106,0.89
299629,0.7794405221939087,0.8130942583084106,0.89
299729,0.7794405221939087,0.8130942583084106,0.89
299829,0.7794405221939087,0.8130942583084106,0.89
305129,0.7794405221939087,0.8130942583084106,0.87
305229,0.7794405221939087,0.8130942583084106,0.87
305329,0.7794405221939087,0.8130942583084106,0.87
305429,0.7794405221939087,0.8130942583084106,0.87
305529,0.7794405221939087,0.8130942583084106,0.87
305629,0.7794405221939087,0.8130942583084106,0.87
305729,0.7794405221939087,0.8130942583084106,0.87
305829,0.7794405221939087,0.8130942583084106,0.87
305929,0.7794405221939087,0.8130942583084106,0.87
306029,0.7794405221939087,0.8130942583084106,0.87
306129,0.7794405221939087,0.8130942583084106,0.87
306229,0.7794405221939087,0.8130942583084106,0.87
306329,0.7794405221939087,0.8130942583084106,0.87
306429,0.7794405221939087,0.8130942583084106,0.87
306529,0.7794405221939087,0.8130942583084106,0.87
306629,0.7794405221939087,0.8130942583084106,0.87
306729,0.7794405221939087,0.8130942583084106,0.87
306829,0.7794405221939087,0.8130942583084106,0.87
306929,0.7794405221939087,0.8130942583084106,0.87
307029,0.7794405221939087,0.8130942583084106,0.87
307129,0.7794405221939087,0.8130942583084106,0.87
307229,0.7794405221939087,0.8130942583084106,0.87
307329,0.7794405221939087,0.8130942583084106,0.87
307429,0.7794405221939087,0.8130942583084106,0.87
307529,0.7794405221939087,0.8130942583084106,0.87
307629,0.7794405221939087,0.8130942583084106,0.87
307729,0.7794405221939087,0.8130942583084106,0.87
307829,0.7794405221939087,0.8130942583084106,0.87
307929,0.7794405221939087,0.8130942583084106,0.87
308029,0.7794405221939087,0.8130942583084106,0.87
308129,0.7794405221939087,0.8130942583084106,0.87
308229,0.7794405221939087,0.8130942583084106,0.87
308329,0.7794405221939087,0.8130942583084106,0.87
308429,0.7794405221939087,0.8130942583084106,0.87
308529,0.7794405221939087,0.8130942583084106,0.87
308629,0.7794405221939087,0.8130942583084106,0.87
308729,0.7794405221939087,0.8130942583084106,0.87
308829,0.7794405221939087,0.8130942583084106,0.87
308929,0.7794405221939087,0.8130942583084106,0.87
309029,0.7794405221939087,0.8130942583084106,0.87
309129,0.7794405221939087,0.8130942583084106,0.87
309229,0.7794405221939087,0.8130942583084106,0.87
309329,0.7794405221939087,0.8130942583084106,0.87
309429,0.7794405221939087,0.8130942583084106,0.87
309529,0.7794405221939087,0.8130942583084106,0.87
309629,0.7794405221939087,0.8130942583084106,0.87
309729,0.7794405221939087,0.8130942583084106,0.87
309829,0.7794405221939087,0.8130942583084106,0.87
309929,0.7794405221939087,0.8130942583084106,0.87
310029,0.7794405221939087,0.8130942583084106,0.87
310129,0.7794405221939087,0.8130942583084106,0.87
310229,0.7794405221939087,0.8130942583084106,0.87
315529,0.7794405221939087,0.8130942583084106,0.87
315629,0.7794405221939087,0.8130942583084106,0.87
315729,0.7794405221939087,0.8130942583084106,0.87
315829,0.7794405221939087,0.8130942583084106,0.87
315929,0.7794405221939087,0.8130942583084106,0.87
316029,0.7794405221939087,0.8130942583084106,0.87
316129,0.7794405221939087,0.8130942583084106,0.87
316229,0.7794405221939087,0.8130942583084106,0.87
316329,0.7794405221939087,0.8130942583084106,0.87
316429,0.7794405221939087,0.8130942583084106,0.87
316529,0.7794405221939087,0.8130942583084106,0.87
316629,0.7794405221939087,0.8130942583084106,0.87
316729,0.7794405221939087,0.8130942583084106,0.87
316829,0.7794405221939087,0.8130942583084106,0.87
316929,0.7794405221939087,0.8130942583084106,0.87
317029,0.7794405221939087,0.8130942583084106,0.87
317129,0.7794405221939087,0.8130942583084106,0.87
317229,0.7794405221939087,0.8130942583084106,0.87
317329,0.7794405221939087,0.8130942583084106,0.87
317429,0.7794405221939087,0.8130942583084106,0.87
317529,0.7794405221939087,0.8130942583084106,0.87
317629,0.7794405221939087,0.8130942583084106,0.87
317729,0.7794405221939087,0.8130942583084106,0.87
317829,0.7794405221939087,0.8130942583084106,0.87
317929,0.7794405221939087,0.8130942583084106,0.87
318029,0.7794405221939087,0.8130942583084106,0.87
318129,0.7794405221939087,0.8130942583084106,0.87
318229,0.7794405221939087,0.8130942583084106,0.87
318329,0.7794405221939087,0.8130942583084106,0.87
318429,0.7794405221939087,0.8130942583084106,0.87
318529,0.7794405221939087,0.8130942583084106,0.87
318629,0.7794405221939087,0.8130942583084106,0.87
318729,0.7794405221939087,0.8130942583084106,0.87
318829,0.7794405221939087,0.8130942583084106,0.87
318929,0.7794405221939087,0.8130942583084106,0.87
319029,0.7794405221939087,0.8130942583084106,0.87
319129,0.7794405221939087,0.8130942583084106,0.87
319229,0.7794405221939087,0.8130942583084106,0.87
319329,0.7794405221939087,0.8130942583084106,0.87
319429,0.7794405221939087,0.8130942583084106,0.87
319529,0.7794405221939087,0.8130942583084106,0.87
319629,0.7794405221939087,0.8130942583084106,0.87
319729,0.7794405221939087,0.8130942583084106,0.87
319829,0.7794405221939087,0.8130942583084106,0.87
319929,0.7794405221939087,0.8130942583084106,0.87
320029,0.7794405221939087,0.8130942583084106,0.87
320129,0.7794405221939087,0.8130942583084106,0.87
320229,0.7794405221939087,0.8130942583084106,0.87
320329,0.7794405221939087,0.8130942583084106,0.87
320429,0.7794405221939087,0.8130942583084106,0.87
320529,0.7794405221939087,0.8130942583084106,0.87
320629,0.7794405221939087,0.8130942583084106,0.87
325929,0.7794405221939087,0.8130942583084106,0.88
326029,0.7794405221939087,0.8130942583084106,0.88
326129,0.7794405221939087,0.8130942583084106,0.88
326229,0.7794405221939087,0.8130942583084106,0.88
326329,0.7794405221939087,0.8130942583084106,0.88
326429,0.7794405221939087,0.8130942583084106,0.88
326529,0.7794405221939087,0.8130942583084106,0.88
326629,0.7794405221939087,0.8130942583084106,0.88
326729,0.7794405221939087,0.8130942583084106,0.88
326829,0.7794405221939087,0.8130942583084106,0.88
326929,0.7794405221939087,0.8130942583084106,0.88
327029,0.7794405221939087,0.8130942583084106,0.88
327129,0.7794405221939087,0.8130942583084106,0.88
327229,0.7794405221939087,0.8130942583084106,0.88
327329,0.7794405221939087,0.8130942583084106,0.88
327429,0.7794405221939087,0.8130942583084106,0.88
327529,0.7794405221939087,0.8130942583084106,0.88
327629,0.7794405221939087,0.8130942583084106,0.88
327729,0.7794405221939087,0.8130942583084106,0.88
327829,0.7794405221939087,0.8130942583084106,0.88
327929,0.7794405221939087,0.8130942583084106,0.88
328029,0.7794405221939087,0.8130942583084106,0.88
328129,0.7794405221939087,0.8130942583084106,0.88
328229,0.7794405221939087,0.8130942583084106,0.88
328329,0.7794405221939087,0.8130942583084106,0.88
328429,0.7794405221939087,0.8130942583084106,0.88
328529,0.7794405221939087,0.8130942583084106,0.88
328629,0.7794405221939087,0.8130942583084106,0.88
328729,0.7794405221939087,0.8130942583084106,0.88
328829,0.7794405221939087,0.8130942583084106,0.88
328929,0.7794405221939087,0.8130942583084106,0.88
329029,0.7794405221939087,0.8130942583084106,0.88
329129,0.7794405221939087,0.8130942583084106,0.88
329229,0.7794405221939087,0.8130942583084106,0.88
329329,0.7794405221939087,0.8130942583084106,0.88
329429,0.7794405221939087,0.8130942583084106,0.88
329529,0.7794405221939087,0.8130942583084106,0.88
329629,0.7794405221939087,0.8130942583084106,0.88
329729,0.7794405221939087,0.8130942583084106,0.88
329829,0.7794405221939087,0.8130942583084106,0.88
329929,0.7794405221939087,0.8130942583084106,0.88
330029,0.7794405221939087,0.8130942583084106,0.88
330129,0.7794405221939087,0.8130942583084106,0.88
330229,0.7794405221939087,0.8130942583084106,0.88
330329,0.7794405221939087,0.8130942583084106,0.88
330429,0.7794405221939087,0.8130942583084106,0.88
330529,0.7794405221939087,0.8130942583084106,0.88
330629,0.7794405221939087,0.8130942583084106,0.88
330729,0.7794405221939087,0.8130942583084106,0.88
330829,0.7794405221939087,0.8130942583084106,0.88
330929,0.7794405221939087,0.8130942583084106,0.88
331029,0.7794405221939087,0.8130942583084106,0.88
336329,0.7794405221939087,0.8130942583084106,0.86
336429,0.7794405221939087,0.8130942583084106,0.86
336529,0.7794405221939087,0.8130942583084106,0.86
336629,0.7794405221939087,0.8130942583084106,0.86
336729,0.7794405221939087,0.8130942583084106,0.86
336829,0.7794405221939087,0.8130942583084106,0.86
336929,0.7794405221939087,0.8130942583084106,0.86
337029,0.7794405221939087,0.8130942583084106,0.86
337129,0.7794405221939087,0.8130942583084106,0.86
337229,0.7794405221939087,0.8130942583084106,0.86
337329,0.7794405221939087,0.8130942583084106,0.86
337429,0.7794405221939087,0.8130942583084106,0.86
337529,0.7794405221939087,0.8130942583084106,0.86
337629,0.7794405221939087,0.8130942583084106,0.86
337729,0.7794405221939087,0.8130942583084106,0.86
337829,0.7794405221939087,0.8130942583084106,0.86
337929,0.7794405221939087,0.8130942583084106,0.86
338029,0.7794405221939087,0.8130942583084106,0.86
338129,0.7794405221939087,0.8130942583084106,0.86
338229,0.7794405221939087,0.8130942583084106,0.86
338329,0.7794405221939087,0.8130942583084106,0.86
338429,0.7794405221939087,0.8130942583084106,0.86
338529,0.7794405221939087,0.8130942583084106,0.86
338629,0.7794405221939087,0.8130942583084106,0.86
338729,0.7794405221939087,0.8130942583084106,0.86
338829,0.7794405221939087,0.8130942583084106,0.86
338929,0.7794405221939087,0.8130942583084106,0.86
339029,0.7794405221939087,0.8130942583084106,0.86
339129,0.7794405221939087,0.8130942583084106,0.86
339229,0.7794405221939087,0.8130942583084106,0.86
339329,0.7794405221939087,0.8130942583084106,0.86
339429,0.7794405221939087,0.8130942583084106,0.86
339529,0.7794405221939087,0.8130942583084106,0.86
339629,0.7794405221939087,0.8130942583084106,0.86
339729,0.7794405221939087,0.8130942583084106,0.86
339829,0.7794405221939087,0.8130942583084106,0.86
339929,0.7794405221939087,0.8130942583084106,0.86
340029,0.7794405221939087,0.8130942583084106,0.86
340129,0.7794405221939087,0.8130942583084106,0.86
340229,0.7794405221939087,0.8130942583084106,0.86
340329,0.7794405221939087,0.8130942583084106,0.86
340429,0.7794405221939087,0.8130942583084106,0.86
340529,0.7794405221939087,0.8130942583084106,0.86
340629,0.7794405221939087,0.8130942583084106,0.86
340729,0.7794405221939087,0.8130942583084106,0.86
340829,0.7794405221939087,0.8130942583084106,0.86
340929,0.7794405221939087,0.8130942583084106,0.86
341029,0.7794405221939087,0.8130942583084106,0.86
341129,0.7794405221939087,0.8130942583084106,0.86
341229,0.7794405221939087,0.8130942583084106,0.86
341329,0.7794405221939087,0.8130942583084106,0.86
341429,0.7794405221939087,0.8130942583084106,0.86
346729,0.7794405221939087,0.8130942583084106,0.87
346829,0.7794405221939087,0.8130942583084106,0.87
346929,0.7794405221939087,0.8130942583084106,0.87
347029,0.7794405221939087,0.8130942583084106,0.87
347129,0.7794405221939087,0.8130942583084106,0.87
347229,0.7794405221939087,0.8130942583084106,0.87
347329,0.7794405221939087,0.8130942583084106,0.87
347429,0.7794405221939087,0.8130942583084106,0.87
347529,0.7794405221939087,0.8130942583084106,0.87
347629,0.7794405221939087,0.8130942583084106,0.87
347729,0.7794405221939087,0.8130942583084106,0.87
347829,0.7794405221939087,0.8130942583084106,0.87
347929,0.7794405221939087,0.8130942583084106,0.87
348029,0.7794405221939087,0.8130942583084106,0.87
348129,0.7794405221939087,0.8130942583084106,0.87
348229,0.7794405221939087,0.8130942583084106,0.87
348329,0.7794405221939087,0.8130942583084106,0.87
348429,0.7794405221939087,0.8130942583084106,0.87
348529,0.7794405221939087,0.8130942583084106,0.87
348629,0.7794405221939087,0.8130942583084106,0.87
348729,0.7794405221939087,0.8130942583084106,0.87
348829,0.7794405221939087,0.8130942583084106,0.87
348929,0.7794405221939087,0.8130942583084106,0.87
349029,0.7794405221939087,0.8130942583084106,0.87
349129,0.7794405221939087,0.8130942583084106,0.87
349229,0.7794405221939087,0.8130942583084106,0.87
349329,0.7794405221939087,0.8130942583084106,0.87
349429,0.7794405221939087,0.8130942583084106,0.87
349529,0.7794405221939087,0.8130942583084106,0.87
349629,0.7794405221939087,0.8130942583084106,0.87
349729,0.7794405221939087,0.8130942583084106,0.87
349829,0.7794405221939087,0.8130942583084106,0.87
349929,0.7794405221939087,0.8130942583084106,0.87
350029,0.7794405221939087,0.8130942583084106,0.87
350129,0.7794405221939087,0.8130942583084106,0.87
350229,0.7794405221939087,0.8130942583084106,0.87
350329,0.7794405221939087,0.8130942583084106,0.87
350429,0.7794405221939087,0.8130942583084106,0.87
350529,0.7794405221939087,0.8130942583084106,0.87
350629,0.7794405221939087,0.8130942583084106,0.87
350729,0.7794405221939087,0.8130942583084106,0.87
350829,0.7794405221939087,0.8130942583084106,0.87
350929,0.7794405221939087,0.8130942583084106,0.87
351029,0.7794405221939087,0.8130942583084106,0.87
351129,0.7794405221939087,0.8130942583084106,0.87
351229,0.7794405221939087,0.8130942583084106,0.87
351329,0.7794405221939087,0.8130942583084106,0.87
351429,0.7794405221939087,0.8130942583084106,0.87
351529,0.7794405221939087,0.8130942583084106,0.87
351629,0.7794405221939087,0.8130942583084106,0.87
351729,0.7794405221939087,0.8130942583084106,0.87
351829,0.7794405221939087,0.8130942583084106,0.87
357129,0.7794405221939087,0.8130942583084106,0.86
357229,0.7794405221939087,0.8130942583084106,0.86
357329,0.7794405221939087,0.8130942583084106,0.86
357429,0.7794405221939087,0.8130942583084106,0.86
357529,0.7794405221939087,0.8130942583084106,0.86
357629,0.7794405221939087,0.8130942583084106,0.86
357729,0.7794405221939087,0.8130942583084106,0.86
357829,0.7794405221939087,0.8130942583084106,0.86
357929,0.7794405221939087,0.8130942583084106,0.86
358029,0.7794405221939087,0.8130942583084106,0.86
358129,0.7794405221939087,0.8130942583084106,0.86
358229,0.7794405221939087,0.8130942583084106,0.86
358329,0.7794405221939087,0.8130942583084106,0.86
358429,0.7794405221939087,0.8130942583084106,0.86
358529,0.7794405221939087,0.8130942583084106,0.86
358629,0.7794405221939087,0.8130942583084106,0.86
358729,0.7794405221939087,0.8130942583084106,0.86
358829,0.7794405221939087,0.8130942583084106,0.86
358929,0.7794405221939087,0.8130942583084106,0.86
359029,0.7794405221939087,0.8130942583084106,0.86
359129,0.7794405221939087,0.8130942583084106,0.86
359229,0.7794405221939087,0.8130942583084106,0.86
359329,0.7794405221939087,0.8130942583084106,0.86
359429,0.7794405221939087,0.8130942583084106,0.86
359529,0.7794405221939087,0.8130942583084106,0.86
359629,0.7794405221939087,0.8130942583084106,0.86
359729,0.7794405221939087,0.8130942583084106,0.86
359829,0.7794405221939087,0.8130942583084106,0.86
359929,0.7794405221939087,0.8130942583084106,0.86
360029,0.7794405221939087,0.8130942583084106,0.86
360129,0.7794405221939087,0.8130942583084106,0.86
360229,0.7794405221939087,0.8130942583084106,0.86
360329,0.7794405221939087,0.8130942583084106,0.86
360429,0.7794405221939087,0.8130942583084106,0.86
360529,0.7794405221939087,0.8130942583084106,0.86
360629,0.7794405221939087,0.8130942583084106,0.86
360729,0.7794405221939087,0.8130942583084106,0.86
360829,0.7794405221939087,0.8130942583084106,0.86
360929,0.7794405221939087,0.8130942583084106,0.86
361029,0.7794405221939087,0.8130942583084106,0.86
361129,0.7794405221939087,0.8130942583084106,0.86
361229,0.7794405221939087,0.8130942583084106,0.86
361329,0.7794405221939087,0.8130942583084106,0.86
361429,0.7794405221939087,0.8130942583084106,0.86
361529,0.7794405221939087,0.8130942583084106,0.86
361629,0.7794405221939087,0.8130942583084106,0.86
361729,0.7794405221939087,0.8130942583084106,0.86
361829,0.7794405221939087,0.8130942583084106,0.86
361929,0.7794405221939087,0.8130942583084106,0.86
362029,0.7794405221939087,0.8130942583084106,0.86
362129,0.7794405221939087,0.8130942583084106,0.86
362229,0.7794405221939087,0.8130942583084106,0.86
367529,0.7794405221939087,0.8130942583084106,0.86
367629,0.7794405221939087,0.8130942583084106,0.86
367729,0.7794405221939087,0.8130942583084106,0.86
367829,0.7794405221939087,0.8130942583084106,0.86
367929,0.7794405221939087,0.8130942583084106,0.86
368029,0.7794405221939087,0.8130942583084106,0.86
368129,0.7794405221939087,0.8130942583084106,0.86
368229,0.7794405221939087,0.8130942583084106,0.86
368329,0.7794405221939087,0.8130942583084106,0.86
368429,0.7794405221939087,0.8130942583084106,0.86
368529,0.7794405221939087,0.8130942583084106,0.86
368629,0.7794405221939087,0.8130942583084106,0.86
368729,0.7794405221939087,0.8130942583084106,0.86
368829,0.7794405221939087,0.8130942583084106,0.86
368929,0.7794405221939087,0.8130942583084106,0.86
369029,0.7794405221939087,0.8130942583084106,0.86
369129,0.7794405221939087,0.8130942583084106,0.86
369229,0.7794405221939087,0.8130942583084106,0.86
369329,0.7794405221939087,0.8130942583084106,0.86
369429,0.7794405221939087,0.8130942583084106,0.86
369529,0.7794405221939087,0.8130942583084106,0.86
369629,0.7794405221939087,0.8130942583084106,0.86
369729,0.7794405221939087,0.8130942583084106,0.86
369829,0.7794405221939087,0.8130942583084106,0.86
369929,0.7794405221939087,0.8130942583084106,0.86
370029,0.7794405221939087,0.8130942583084106,0.86
370129,0.7794405221939087,0.8130942583084106,0.86
370229,0.7794405221939087,0.8130942583084106,0.86
370329,0.7794405221939087,0.8130942583084106,0.86
370429,0.7794405221939087,0.8130942583084106,0.86
370529,0.7794405221939087,0.8130942583084106,0.86
370629,0.7794405221939087,0.8130942583084106,0.86
370729,0.7794405221939087,0.8130942583084106,0.86
370829,0.7794405221939087,0.8130942583084106,0.86
370929,0.7794405221939087,0.8130942583084106,0.86
371029,0.7794405221939087,0.8130942583084106,0.86
371129,0.7794405221939087,0.8130942583084106,0.86
371229,0.7794405221939087,0.8130942583084106,0.86
371329,0.7794405221939087,0.8130942583084106,0.86
371429,0.7794405221939087,0.8130942583084106,0.86
371529,0.7794405221939087,0.8130942583084106,0.86
371629,0.7794405221939087,0.8130942583084106,0.86
371729,0.7794405221939087,0.8130942583084106,0.86
371829,0.7794405221939087,0.8130942583084106,0.86
371929,0.7794405221939087,0.8130942583084106,0.86
372029,0.7794405221939087,0.8130942583084106,0.86
372129,0.7794405221939087,0.8130942583084106,0.86
372229,0.7794405221939087,0.8130942583084106,0.86
372329,0.7794405221939087,0.8130942583084106,0.86
372429,0.7794405221939087,0.8130942583084106,0.86
372529,0.7794405221939087,0.8130942583084106,0.86
372629,0.7794405221939087,0.8130942583084106,0.86
377929,0.7794405221939087,0.8130942583084106,0.86
378029,0.7794405221939087,0.8130942583084106,0.86
378129,0.7794405221939087,0.8130942583084106,0.86
378229,0.7794405221939087,0.8130942583084106,0.86
378329,0.7794405221939087,0.8130942583084106,0.86
378429,0.7794405221939087,0.8130942583084106,0.86
378529,0.7794405221939087,0.8130942583084106,0.86
378629,0.7794405221939087,0.8130942583084106,0.86
378729,0.7794405221939087,0.8130942583084106,0.86
378829,0.7794405221939087,0.8130942583084106,0.86
378929,0.7794405221939087,0.8130942583084106,0.86
379029,0.7794405221939087,0.8130942583084106,0.86
379129,0.7794405221939087,0.8130942583084106,0.86
379229,0.7794405221939087,0.8130942583084106,0.86
379329,0.7794405221939087,0.8130942583084106,0.86
379429,0.7794405221939087,0.8130942583084106,0.86
379529,0.7794405221939087,0.8130942583084106,0.86
379629,0.7794405221939087,0.8130942583084106,0.86
379729,0.7794405221939087,0.8130942583084106,0.86
379829,0.7794405221939087,0.8130942583084106,0.86
379929,0.7794405221939087,0.8130942583084106,0.86
380029,0.7794405221939087,0.8130942583084106,0.86
380129,0.7794405221939087,0.8130942583084106,0.86
380229,0.7794405221939087,0.8130942583084106,0.86
380329,0.7794405221939087,0.8130942583084106,0.86
380429,0.7794405221939087,0.8130942583084106,0.86
380529,0.7794405221939087,0.8130942583084106,0.86
380629,0.7794405221939087,0.8130942583084106,0.86
380729,0.7794405221939087,0.8130942583084106,0.86
380829,0.7794405221939087,0.8130942583084106,0.86
380929,0.7794405221939087,0.8130942583084106,0.86
381029,0.7794405221939087,0.8130942583084106,0.86
381129,0.7794405221939087,0.8130942583084106,0.86
381229,0.7794405221939087,0.8130942583084106,0.86
381329,0.7794405221939087,0.8130942583084106,0.86
381429,0.7794405221939087,0.8130942583084106,0.86
381529,0.7794405221939087,0.8130942583084106,0.86
381629,0.7794405221939087,0.8130942583084106,0.86
381729,0.7794405221939087,0.8130942583084106,0.86
381829,0.7794405221939087,0.8130942583084106,0.86
381929,0.7794405221939087,0.8130942583084106,0.86
382029,0.7794405221939087,0.8130942583084106,0.86
382129,0.7794405221939087,0.8130942583084106,0.86
382229,0.7794405221939087,0.8130942583084106,0.86
382329,0.7794405221939087,0.8130942583084106,0.86
382429,0.7794405221939087,0.8130942583084106,0.86
382529,0.7794405221939087,0.8130942583084106,0.86
382629,0.7794405221939087,0.8130942583084106,0.86
382729,0.7794405221939087,0.8130942583084106,0.86
382829,0.7794405221939087,0.8130942583084106,0.86
382929,0.7794405221939087,0.8130942583084106,0.86
383029,0.7794405221939087,0.8130942583084106,0.86
388329,0.7794405221939087,0.8130942583084106,0.87
388429,0.7794405221939087,0.8130942583084106,0.87
388529,0.7794405221939087,0.8130942583084106,0.87
388629,0.7794405221939087,0.8130942583084106,0.87
388729,0.7794405221939087,0.8130942583084106,0.87
388829,0.7794405221939087,0.8130942583084106,0.87
388929,0.7794405221939087,0.8130942583084106,0.87
389029,0.7794405221939087,0.8130942583084106,0.87
389129,0.7794405221939087,0.8130942583084106,0.87
389229,0.7794405221939087,0.8130942583084106,0.87
389329,0.7794405221939087,0.8130942583084106,0.87
389429,0.7794405221939087,0.8130942583084106,0.87
389529,0.7794405221939087,0.8130942583084106,0.87
389629,0.7794405221939087,0.8130942583084106,0.87
389729,0.7794405221939087,0.8130942583084106,0.87
389829,0.7794405221939087,0.8130942583084106,0.87
389929,0.7794405221939087,0.8130942583084106,0.87
390029,0.7794405221939087,0.8130942583084106,0.87
390129,0.7794405221939087,0.8130942583084106,0.87
390229,0.7794405221939087,0.8130942583084106,0.87
390329,0.7794405221939087,0.8130942583084106,0.87
390429,0.7794405221939087,0.8130942583084106,0.87
390529,0.7794405221939087,0.8130942583084106,0.87
390629,0.7794405221939087,0.8130942583084106,0.87
390729,0.7794405221939087,0.8130942583084106,0.87
390829,0.7794405221939087,0.8130942583084106,0.87
390929,0.7794405221939087,0.8130942583084106,0.87
391029,0.7794405221939087,0.8130942583084106,0.87
391129,0.7794405221939087,0.8130942583084106,0.87
391229,0.7794405221939087,0.8130942583084106,0.87
391329,0.7794405221939087,0.8130942583084106,0.87
391429,0.7794405221939087,0.8130942583084106,0.87
391529,0.7794405221939087,0.8130942583084106,0.87
391629,0.7794405221939087,0.8130942583084106,0.87
391729,0.7794405221939087,0.8130942583084106,0.87
391829,0.7794405221939087,0.8130942583084106,0.87
391929,0.7794405221939087,0.8130942583084106,0.87
392029,0.7794405221939087,0.8130942583084106,0.87
392129,0.7794405221939087,0.8130942583084106,0.87
392229,0.7794405221939087,0.8130942583084106,0.87
392329,0.7794405221939087,0.8130942583084106,0.87
392429,0.7794405221939087,0.8130942583084106,0.87
392529,0.7794405221939087,0.8130942583084106,0.87
392629,0.7794405221939087,0.8130942583084106,0.87
392729,0.7794405221939087,0.8130942583084106,0.87
392829,0.7794405221939087,0.8130942583084106,0.87
392929,0.7794405221939087,0.8130942583084106,0.87
393029,0.7794405221939087,0.8130942583084106,0.87
393129,0.7794405221939087,0.8130942583084106,0.87
393229,0.7794405221939087,0.8130942583084106,0.87
393329,0.7794405221939087,0.8130942583084106,0.87
393429,0.7794405221939087,0.8130942583084106,0.87
398729,0.7794405221939087,0.8130942583084106,0.85
398829,0.7794405221939087,0.8130942583084106,0.85
398929,0.7794405221939087,0.8130942583084106,0.85
399029,0.7794405221939087,0.8130942583084106,0.85
399129,0.7794405221939087,0.8130942583084106,0.85
399229,0.7794405221939087,0.8130942583084106,0.85
399329,0.7794405221939087,0.8130942583084106,0.85
399429,0.7794405221939087,0.8130942583084106,0.85
399529,0.7794405221939087,0.8130942583084106,0.85
399629,0.7794405221939087,0.8130942583084106,0.85
399729,0.7794405221939087,0.8130942583084106,0.85
399829,0.7794405221939087,0.8130942583084106,0.85
399929,0.7794405221939087,0.8130942583084106,0.85
400029,0.7794405221939087,0.8130942583084106,0.85
400129,0.7794405221939087,0.8130942583084106,0.85
400229,0.7794405221939087,0.8130942583084106,0.85
400329,0.7794405221939087,0.8130942583084106,0.85
400429,0.7794405221939087,0.8130942583084106,0.85
400529,0.7794405221939087,0.8130942583084106,0.85
400629,0.7794405221939087,0.8130942583084106,0.85
400729,0.7794405221939087,0.8130942583084106,0.85
400829,0.7794405221939087,0.8130942583084106,0.85
400929,0.7794405221939087,0.8130942583084106,0.85
401029,0.7794405221939087,0.8130942583084106,0.85
401129,0.7794405221939087,0.8130942583084106,0.85
401229,0.7794405221939087,0.8130942583084106,0.85
401329,0.7794405221939087,0.8130942583084106,0.85
401429,0.7794405221939087,0.8130942583084106,0.85
401529,0.7794405221939087,0.8130942583084106,0.85
401629,0.7794405221939087,0.8130942583084106,0.85
401729,0.7794405221939087,0.8130942583084106,0.85
401829,0.7794405221939087,0.8130942583084106,0.85
401929,0.7794405221939087,0.8130942583084106,0.85
402029,0.7794405221939087,0.8130942583084106,0.85
402129,0.7794405221939087,0.8130942583084106,0.85
402229,0.7794405221939087,0.8130942583084106,0.85
402329,0.7794405221939087,0.8130942583084106,0.85
402429,0.7794405221939087,0.8130942583084106,0.85
402529,0.7794405221939087,0.8130942583084106,0.85
402629,0.7794405221939087,0.8130942583084106,0.85
402729,0.7794405221939087,0.8130942583084106,0.85
402829,0.7794405221939087,0.8130942583084106,0.85
402929,0.7794405221939087,0.8130942583084106,0.85
403029,0.7794405221939087,0.8130942583084106,0.85
403129,0.7794405221939087,0.8130942583084106,0.85
403229,0.7794405221939087,0.8130942583084106,0.85
403329,0.7794405221939087,0.8130942583084106,0.85
403429,0.7794405221939087,0.8130942583084106,0.85
403529,0.7794405221939087,0.8130942583084106,0.85
403629,0.7794405221939087,0.8130942583084106,0.85
403729,0.7794405221939087,0.8130942583084106,0.85
403829,0.7794405221939087,0.8130942583084106,0.85
409129,0.7794405221939087,0.8130942583084106,0.88
409229,0.7794405221939087,0.8130942583084106,0.88
409329,0.7794405221939087,0.8130942583084106,0.88
409429,0.7794405221939087,0.8130942583084106,0.88
409529,0.7794405221939087,0.8130942583084106,0.88
409629,0.7794405221939087,0.8130942583084106,0.88
409729,0.7794405221939087,0.8130942583084106,0.88
409829,0.7794405221939087,0.8130942583084106,0.88
409929,0.7794405221939087,0.8130942583084106,0.88
410029,0.7794405221939087,0.8130942583084106,0.88
410129,0.7794405221939087,0.8130942583084106,0.88
410229,0.7794405221939087,0.8130942583084106,0.88
410329,0.7794405221939087,0.8130942583084106,0.88
410429,0.7794405221939087,0.8130942583084106,0.88
410529,0.7794405221939087,0.8130942583084106,0.88
410629,0.7794405221939087,0.8130942583084106,0.88
410729,0.7794405221939087,0.8130942583084106,0.88
410829,0.7794405221939087,0.8130942583084106,0.88
410929,0.7794405221939087,0.8130942583084106,0.88
411029,0.7794405221939087,0.8130942583084106,0.88
411129,0.7794405221939087,0.8130942583084106,0.88
411229,0.7794405221939087,0.8130942583084106,0.88
411329,0.7794405221939087,0.8130942583084106,0.88
411429,0.7794405221939087,0.8130942583084106,0.88
411529,0.7794405221939087,0.8130942583084106,0.88
411629,0.7794405221939087,0.8130942583084106,0.88
411729,0.7794405221939087,0.8130942583084106,0.88
411829,0.7794405221939087,0.8130942583084106,0.88
411929,0.7794405221939087,0.8130942583084106,0.88
412029,0.7794405221939087,0.8130942583084106,0.88
412129,0.7794405221939087,0.8130942583084106,0.88
412229,0.7794405221939087,0.8130942583084106,0.88
412329,0.7794405221939087,0.8130942583084106,0.88
412429,0.7794405221939087,0.8130942583084106,0.88
412529,0.7794405221939087,0.8130942583084106,0.88
412629,0.7794405221939087,0.8130942583084106,0.88
412729,0.7794405221939087,0.8130942583084106,0.88
412829,0.7794405221939087,0.8130942583084106,0.88
412929,0.7794405221939087,0.8130942583084106,0.88
413029,0.7794405221939087,0.8130942583084106,0.88
413129,0.7794405221939087,0.8130942583084106,0.88
413229,0.7794405221939087,0.8130942583084106,0.88
413329,0.7794405221939087,0.8130942583084106,0.88
413429,0.7794405221939087,0.8130942583084106,0.88
413529,0.7794405221939087,0.8130942583084106,0.88
413629,0.7794405221939087,0.8130942583084106,0.88
413729,0.7794405221939087,0.8130942583084106,0.88
413829,0.7794405221939087,0.8130942583084106,0.88
413929,0.7794405221939087,0.8130942583084106,0.88
414029,0.7794405221939087,0.8130942583084106,0.88
414129,0.7794405221939087,0.8130942583084106,0.88
414229,0.7794405221939087,0.8130942583084106,0.88
419529,0.7794405221939087,0.8130942583084106,0.87
419629,0.7794405221939087,0.8130942583084106,0.87
419729,0.7794405221939087,0.8130942583084106,0.87
419829,0.7794405221939087,0.8130942583084106,0.87
419929,0.7794405221939087,0.8130942583084106,0.87
420029,0.7794405221939087,0.8130942583084106,0.87
420129,0.7794405221939087,0.8130942583084106,0.87
420229,0.7794405221939087,0.8130942583084106,0.87
420329,0.7794405221939087,0.8130942583084106,0.87
420429,0.7794405221939087,0.8130942583084106,0.87
420529,0.7794405221939087,0.8130942583084106,0.87
420629,0.7794405221939087,0.8130942583084106,0.87
420729,0.7794405221939087,0.8130942583084106,0.87
420829,0.7794405221939087,0.8130942583084106,0.87
420929,0.7794405221939087,0.8130942583084106,0.87
421029,0.7794405221939087,0.8130942583084106,0.87
421129,0.7794405221939087,0.8130942583084106,0.87
421229,0.7794405221939087,0.8130942583084106,0.87
421329,0.7794405221939087,0.8130942583084106,0.87
421429,0.7794405221939087,0.8130942583084106,0.87
421529,0.7794405221939087,0.8130942583084106,0.87
421629,0.7794405221939087,0.8130942583084106,0.87
421729,0.7794405221939087,0.8130942583084106,0.87
421829,0.7794405221939087,0.8130942583084106,0.87
421929,0.7794405221939087,0.8130942583084106,0.87
422029,0.7794405221939087,0.8130942583084106,0.87
422129,0.7794405221939087,0.8130942583084106,0.87
422229,0.7794405221939087,0.8130942583084106,0.87
422329,0.7794405221939087,0.8130942583084106,0.87
422429,0.7794405221939087,0.8130942583084106,0.87
422529,0.7794405221939087,0.8130942583084106,0.87
422629,0.7794405221939087,0.8130942583084106,0.87
422729,0.7794405221939087,0.8130942583084106,0.87
422829,0.7794405221939087,0.8130942583084106,0.87
422929,0.7794405221939087,0.8130942583084106,0.87
423029,0.7794405221939087,0.8130942583084106,0.87
423129,0.7794405221939087,0.8130942583084106,0.87
423229,0.7794405221939087,0.8130942583084106,0.87
423329,0.7794405221939087,0.8130942583084106,0.87
423429,0.7794405221939087,0.8130942583084106,0.87
423529,0.7794405221939087,0.8130942583084106,0.87
423629,0.7794405221939087,0.8130942583084106,0.87
423729,0.7794405221939087,0.8130942583084106,0.87
423829,0.7794405221939087,0.8130942583084106,0.87
423929,0.7794405221939087,0.8130942583084106,0.87
424029,0.7794405221939087,0.8130942583084106,0.87
424129,0.7794405221939087,0.8130942583084106,0.87
424229,0.7794405221939087,0.8130942583084106,0.87
424329,0.7794405221939087,0.8130942583084106,0.87
424429,0.7794405221939087,0.8130942583084106,0.87
424529,0.7794405221939087,0.8130942583084106,0.87
424629,0.7794405221939087,0.8130942583084106,0.87
429929,0.7794405221939087,0.8130942583084106,0.86
430029,0.7794405221939087,0.8130942583084106,0.86
430129,0.7794405221939087,0.8130942583084106,0.86
430229,0.7794405221939087,0.8130942583084106,0.86
430329,0.7794405221939087,0.8130942583084106,0.86
430429,0.7794405221939087,0.8130942583084106,0.86
430529,0.7794405221939087,0.8130942583084106,0.86
430629,0.7794405221939087,0.8130942583084106,0.86
430729,0.7794405221939087,0.8130942583084106,0.86
430829,0.7794405221939087,0.8130942583084106,0.86
430929,0.7794405221939087,0.8130942583084106,0.86
431029,0.7794405221939087,0.8130942583084106,0.86
431129,0.7794405221939087,0.8130942583084106,0.86
431229,0.7794405221939087,0.8130942583084106,0.86
431329,0.7794405221939087,0.8130942583084106,0.86
431429,0.7794405221939087,0.8130942583084106,0.86
431529,0.7794405221939087,0.8130942583084106,0.86
431629,0.7794405221939087,0.8130942583084106,0.86
431729,0.7794405221939087,0.8130942583084106,0.86
431829,0.7794405221939087,0.8130942583084106,0.86
431929,0.7794405221939087,0.8130942583084106,0.86
432029,0.7794405221939087,0.8130942583084106,0.86
432129,0.7794405221939087,0.8130942583084106,0.86
432229,0.7794405221939087,0.8130942583084106,0.86
432329,0.7794405221939087,0.8130942583084106,0.86
432429,0.7794405221939087,0.8130942583084106,0.86
432529,0.7794405221939087,0.8130942583084106,0.86
432629,0.7794405221939087,0.8130942583084106,0.86
432729,0.7794405221939087,0.8130942583084106,0.86
432829,0.7794405221939087,0.8130942583084106,0.86
432929,0.7794405221939087,0.8130942583084106,0.86
433029,0.7794405221939087,0.8130942583084106,0.86
433129,0.7794405221939087,0.8130942583084106,0.86
433229,0.7794405221939087,0.8130942583084106,0.86
433329,0.7794405221939087,0.8130942583084106,0.86
433429,0.7794405221939087,0.8130942583084106,0.86
433529,0.7794405221939087,0.8130942583084106,0.86
433629,0.7794405221939087,0.8130942583084106,0.86
433729,0.7794405221939087,0.8130942583084106,0.86
433829,0.7794405221939087,0.8130942583084106,0.86
433929,0.7794405221939087,0.8130942583084106,0.86
434029,0.7794405221939087,0.8130942583084106,0.86
434129,0.7794405221939087,0.8130942583084106,0.86
434229,0.7794405221939087,0.8130942583084106,0.86
434329,0.7794405221939087,0.8130942583084106,0.86
434429,0.7794405221939087,0.8130942583084106,0.86
434529,0.7794405221939087,0.8130942583084106,0.86
434629,0.7794405221939087,0.8130942583084106,0.86
434729,0.7794405221939087,0.8130942583084106,0.86
434829,0.7794405221939087,0.8130942583084106,0.86
434929,0.7794405221939087,0.8130942583084106,0.86
435029,0.7794405221939087,0.8130942583084106,0.86
440329,0.7794405221939087,0.8130942583084106,0.83
440429,0.7794405221939087,0.8130942583084106,0.83
440529,0.7794405221939087,0.8130942583084106,0.83
440629,0.7794405221939087,0.8130942583084106,0.83
440729,0.7794405221939087,0.8130942583084106,0.83
440829,0.7794405221939087,0.8130942583084106,0.83
440929,0.7794405221939087,0.8130942583084106,0.83
441029,0.7794405221939087,0.8130942583084106,0.83
441129,0.7794405221939087,0.8130942583084106,0.83
441229,0.7794405221939087,0.8130942583084106,0.83
441329,0.7794405221939087,0.8130942583084106,0.83
441429,0.7794405221939087,0.8130942583084106,0.83
441529,0.7794405221939087,0.8130942583084106,0.83
441629,0.7794405221939087,0.8130942583084106,0.83
441729,0.7794405221939087,0.8130942583084106,0.83
441829,0.7794405221939087,0.8130942583084106,0.83
441929,0.7794405221939087,0.8130942583084106,0.83
442029,0.7794405221939087,0.8130942583084106,0.83
442129,0.7794405221939087,0.8130942583084106,0.83
442229,0.7794405221939087,0.8130942583084106,0.83
442329,0.7794405221939087,0.8130942583084106,0.83
442429,0.7794405221939087,0.8130942583084106,0.83
442529,0.7794405221939087,0.8130942583084106,0.83
442629,0.7794405221939087,0.8130942583084106,0.83
442729,0.7794405221939087,0.8130942583084106,0.83
442829,0.7794405221939087,0.8130942583084106,0.83
442929,0.7794405221939087,0.8130942583084106,0.83
443029,0.7794405221939087,0.8130942583084106,0.83
443129,0.7794405221939087,0.8130942583084106,0.83
443229,0.7794405221939087,0.8130942583084106,0.83
443329,0.7794405221939087,0.8130942583084106,0.83
443429,0.7794405221939087,0.8130942583084106,0.83
443529,0.7794405221939087,0.8130942583084106,0.83
443629,0.7794405221939087,0.8130942583084106,0.83
443729,0.7794405221939087,0.8130942583084106,0.83
443829,0.7794405221939087,0.8130942583084106,0.83
443929,0.7794405221939087,0.8130942583084106,0.83
444029,0.7794405221939087,0.8130942583084106,0.83
444129,0.7794405221939087,0.8130942583084106,0.83
444229,0.7794405221939087,0.8130942583084106,0.83
444329,0.7794405221939087,0.8130942583084106,0.83
444429,0.7794405221939087,0.8130942583084106,0.83
444529,0.7794405221939087,0.8130942583084106,0.83
444629,0.7794405221939087,0.8130942583084106,0.83
444729,0.7794405221939087,0.8130942583084106,0.83
444829,0.7794405221939087,0.8130942583084106,0.83
444929,0.7794405221939087,0.8130942583084106,0.83
445029,0.7794405221939087,0.8130942583084106,0.83
445129,0.7794405221939087,0.8130942583084106,0.83
445229,0.7794405221939087,0.8130942583084106,0.83
445329,0.7794405221939087,0.8130942583084106,0.83
445429,0.7794405221939087,0.8130942583084106,0.83
450729,0.7794405221939087,0.8130942583084106,0.82
450829,0.7794405221939087,0.8130942583084106,0.82
450929,0.7794405221939087,0.8130942583084106,0.82
451029,0.7794405221939087,0.8130942583084106,0.82
451129,0.7794405221939087,0.8130942583084106,0.82
451229,0.7794405221939087,0.8130942583084106,0.82
451329,0.7794405221939087,0.8130942583084106,0.82
451429,0.7794405221939087,0.8130942583084106,0.82
451529,0.7794405221939087,0.8130942583084106,0.82
451629,0.7794405221939087,0.8130942583084106,0.82
451729,0.7794405221939087,0.8130942583084106,0.82
451829,0.7794405221939087,0.8130942583084106,0.82
451929,0.7794405221939087,0.8130942583084106,0.82
452029,0.7794405221939087,0.8130942583084106,0.82
452129,0.7794405221939087,0.8130942583084106,0.82
452229,0.7794405221939087,0.8130942583084106,0.82
452329,0.7794405221939087,0.8130942583084106,0.82
452429,0.7794405221939087,0.8130942583084106,0.82
452529,0.7794405221939087,0.8130942583084106,0.82
452629,0.7794405221939087,0.8130942583084106,0.82
452729,0.7794405221939087,0.8130942583084106,0.82
452829,0.7794405221939087,0.8130942583084106,0.82
452929,0.7794405221939087,0.8130942583084106,0.82
453029,0.7794405221939087,0.8130942583084106,0.82
453129,0.7794405221939087,0.8130942583084106,0.82
453229,0.7794405221939087,0.8130942583084106,0.82
453329,0.7794405221939087,0.8130942583084106,0.82
453429,0.7794405221939087,0.8130942583084106,0.82
453529,0.7794405221939087,0.8130942583084106,0.82
453629,0.7794405221939087,0.8130942583084106,0.82
453729,0.7794405221939087,0.8130942583084106,0.82
453829,0.7794405221939087,0.8130942583084106,0.82
453929,0.7794405221939087,0.8130942583084106,0.82
454029,0.7794405221939087,0.8130942583084106,0.82
454129,0.7794405221939087,0.8130942583084106,0.82
454229,0.7794405221939087,0.8130942583084106,0.82
454329,0.7794405221939087,0.8130942583084106,0.82
454429,0.7794405221939087,0.8130942583084106,0.82
454529,0.7794405221939087,0.8130942583084106,0.82
454629,0.7794405221939087,0.8130942583084106,0.82
454729,0.7794405221939087,0.8130942583084106,0.82
454829,0.7794405221939087,0.8130942583084106,0.82
454929,0.7794405221939087,0.8130942583084106,0.82
455029,0.7794405221939087,0.8130942583084106,0.82
455129,0.7794405221939087,0.8130942583084106,0.82
455229,0.7794405221939087,0.8130942583084106,0.82
455329,0.7794405221939087,0.8130942583084106,0.82
455429,0.7794405221939087,0.8130942583084106,0.82
455529,0.7794405221939087,0.8130942583084106,0.82
455629,0.7794405221939087,0.8130942583084106,0.82
455729,0.7794405221939087,0.8130942583084106,0.82
455829,0.7794405221939087,0.8130942583084106,0.82
461129,0.7794405221939087,0.8130942583084106,0.81
461229,0.7794405221939087,0.8130942583084106,0.81
461329,0.7794405221939087,0.8130942583084106,0.81
461429,0.7794405221939087,0.8130942583084106,0.81
461529,0.7794405221939087,0.8130942583084106,0.81
461629,0.7794405221939087,0.8130942583084106,0.81
461729,0.7794405221939087,0.8130942583084106,0.81
461829,0.7794405221939087,0.8130942583084106,0.81
461929,0.7794405221939087,0.8130942583084106,0.81
462029,0.7794405221939087,0.8130942583084106,0.81
462129,0.7794405221939087,0.8130942583084106,0.81
462229,0.7794405221939087,0.8130942583084106,0.81
462329,0.7794405221939087,0.8130942583084106,0.81
462429,0.7794405221939087,0.8130942583084106,0.81
462529,0.7794405221939087,0.8130942583084106,0.81
462629,0.7794405221939087,0.8130942583084106,0.81
462729,0.7794405221939087,0.8130942583084106,0.81
462829,0.7794405221939087,0.8130942583084106,0.81
462929,0.7794405221939087,0.8130942583084106,0.81
463029,0.7794405221939087,0.8130942583084106,0.81
463129,0.7794405221939087,0.8130942583084106,0.81
463229,0.7794405221939087,0.8130942583084106,0.81
463329,0.7794405221939087,0.8130942583084106,0.81
463429,0.7794405221939087,0.8130942583084106,0.81
463529,0.7794405221939087,0.8130942583084106,0.81
463629,0.7794405221939087,0.8130942583084106,0.81
463729,0.7794405221939087,0.8130942583084106,0.81
463829,0.7794405221939087,0.8130942583084106,0.81
463929,0.7794405221939087,0.8130942583084106,0.81
464029,0.7794405221939087,0.8130942583084106,0.81
464129,0.7794405221939087,0.8130942583084106,0.81
464229,0.7794405221939087,0.8130942583084106,0.81
464329,0.7794405221939087,0.8130942583084106,0.81
464429,0.7794405221939087,0.8130942583084106,0.81
464529,0.7794405221939087,0.8130942583084106,0.81
464629,0.7794405221939087,0.8130942583084106,0.81
464729,0.7794405221939087,0.8130942583084106,0.81
464829,0.7794405221939087,0.8130942583084106,0.81
464929,0.7794405221939087,0.8130942583084106,0.81
465029,0.7794405221939087,0.8130942583084106,0.81
465129,0.7794405221939087,0.8130942583084106,0.81
465229,0.7794405221939087,0.8130942583084106,0.81
465329,0.7794405221939087,0.8130942583084106,0.81
465429,0.7794405221939087,0.8130942583084106,0.81
465529,0.7794405221939087,0.8130942583084106,0.81
465629,0.7794405221939087,0.8130942583084106,0.81
465729,0.7794405221939087,0.8130942583084106,0.81
465829,0.7794405221939087,0.8130942583084106,0.81
465929,0.7794405221939087,0.8130942583084106,0.81
466029,0.7794405221939087,0.8130942583084106,0.81
466129,0.7794405221939087,0.8130942583084106,0.81
466229,0.7794405221939087,0.8130942583084106,0.81
471529,0.7794405221939087,0.8130942583084106,0.76
471629,0.7794405221939087,0.8130942583084106,0.76
471729,0.7794405221939087,0.8130942583084106,0.76
471829,0.7794405221939087,0.8130942583084106,0.76
471929,0.7794405221939087,0.8130942583084106,0.76
472029,0.7794405221939087,0.8130942583084106,0.76
472129,0.7794405221939087,0.8130942583084106,0.76
472229,0.7794405221939087,0.8130942583084106,0.76
472329,0.7794405221939087,0.8130942583084106,0.76
472429,0.7794405221939087,0.8130942583084106,0.76
472529,0.7794405221939087,0.8130942583084106,0.76
472629,0.7794405221939087,0.8130942583084106,0.76
472729,0.7794405221939087,0.8130942583084106,0.76
472829,0.7794405221939087,0.8130942583084106,0.76
472929,0.7794405221939087,0.8130942583084106,0.76
473029,0.7794405221939087,0.8130942583084106,0.76
473129,0.7794405221939087,0.8130942583084106,0.76
473229,0.7794405221939087,0.8130942583084106,0.76
473329,0.7794405221939087,0.8130942583084106,0.76
473429,0.7794405221939087,0.8130942583084106,0.76
473529,0.7794405221939087,0.8130942583084106,0.76
473629,0.7794405221939087,0.8130942583084106,0.76
473729,0.7794405221939087,0.8130942583084106,0.76
473829,0.7794405221939087,0.8130942583084106,0.76
473929,0.7794405221939087,0.8130942583084106,0.76
474029,0.7794405221939087,0.8130942583084106,0.76
474129,0.7794405221939087,0.8130942583084106,0.76
474229,0.7794405221939087,0.8130942583084106,0.76
474329,0.7794405221939087,0.8130942583084106,0.76
474429,0.7794405221939087,0.8130942583084106,0.76
474529,0.7794405221939087,0.8130942583084106,0.76
474629,0.7794405221939087,0.8130942583084106,0.76
474729,0.7794405221939087,0.8130942583084106,0.76
474829,0.7794405221939087,0.8130942583084106,0.76
474929,0.7794405221939087,0.8130942583084106,0.76
475029,0.7794405221939087,0.8130942583084106,0.76
475129,0.7794405221939087,0.8130942583084106,0.76
475229,0.7794405221939087,0.8130942583084106,0.76
475329,0.7794405221939087,0.8130942583084106,0.76
475429,0.7794405221939087,0.8130942583084106,0.76
475529,0.7794405221939087,0.8130942583084106,0.76
475629,0.7794405221939087,0.8130942583084106,0.76
475729,0.7794405221939087,0.8130942583084106,0.76
475829,0.7794405221939087,0.8130942583084106,0.76
475929,0.7794405221939087,0.8130942583084106,0.76
476029,0.7794405221939087,0.8130942583084106,0.76
476129,0.7794405221939087,0.8130942583084106,0.76
476229,0.7794405221939087,0.8130942583084106,0.76
476329,0.7794405221939087,0.8130942583084106,0.76
476429,0.7794405221939087,0.8130942583084106,0.76
476529,0.7794405221939087,0.8130942583084106,0.76
476629,0.7794405221939087,0.8130942583084106,0.76
481929,0.7794405221939087,0.8130942583084106,0.67
482029,0.7794405221939087,0.8130942583084106,0.67
482129,0.7794405221939087,0.8130942583084106,0.67
482229,0.7794405221939087,0.8130942583084106,0.67
482329,0.7794405221939087,0.8130942583084106,0.67
482429,0.7794405221939087,0.8130942583084106,0.67
482529,0.7794405221939087,0.8130942583084106,0.67
482629,0.7794405221939087,0.8130942583084106,0.67
482729,0.7794405221939087,0.8130942583084106,0.67
482829,0.7794405221939087,0.8130942583084106,0.67
482929,0.7794405221939087,0.8130942583084106,0.67
483029,0.7794405221939087,0.8130942583084106,0.67
483129,0.7794405221939087,0.8130942583084106,0.67
483229,0.7794405221939087,0.8130942583084106,0.67
483329,0.7794405221939087,0.8130942583084106,0.67
483429,0.7794405221939087,0.8130942583084106,0.67
483529,0.7794405221939087,0.8130942583084106,0.67
483629,0.7794405221939087,0.8130942583084106,0.67
483729,0.7794405221939087,0.8130942583084106,0.67
483829,0.7794405221939087,0.8130942583084106,0.67
483929,0.7794405221939087,0.8130942583084106,0.67
484029,0.7794405221939087,0.8130942583084106,0.67
484129,0.7794405221939087,0.8130942583084106,0.67
484229,0.7794405221939087,0.8130942583084106,0.67
484329,0.7794405221939087,0.8130942583084106,0.67
484429,0.7794405221939087,0.8130942583084106,0.67
484529,0.7794405221939087,0.8130942583084106,0.67
484629,0.7794405221939087,0.8130942583084106,0.67
484729,0.7794405221939087,0.8130942583084106,0.67
484829,0.7794405221939087,0.8130942583084106,0.67
484929,0.7794405221939087,0.8130942583084106,0.67
485029,0.7794405221939087,0.8130942583084106,0.67
485129,0.7794405221939087,0.8130942583084106,0.67
485229,0.7794405221939087,0.8130942583084106,0.67
485329,0.7794405221939087,0.8130942583084106,0.67
485429,0.7794405221939087,0.8130942583084106,0.67
485529,0.7794405221939087,0.8130942583084106,0.67
485629,0.7794405221939087,0.8130942583084106,0.67
485729,0.7794405221939087,0.8130942583084106,0.67
485829,0.7794405221939087,0.8130942583084106,0.67
485929,0.7794405221939087,0.8130942583084106,0.67
486029,0.7794405221939087,0.8130942583084106,0.67
486129,0.7794405221939087,0.8130942583084106,0.67
486229,0.7794405221939087,0.8130942583084106,0.67
486329,0.7794405221939087,0.8130942583084106,0.67
486429,0.7794405221939087,0.8130942583084106,0.67
486529,0.7794405221939087,0.8130942583084106,0.67
486629,0.7794405221939087,0.8130942583084106,0.67
486729,0.7794405221939087,0.8130942583084106,0.67
486829,0.7794405221939087,0.8130942583084106,0.67
486929,0.7794405221939087,0.8130942583084106,0.67
487029,0.7794405221939087,0.8130942583084106,0.67
492329,0.7794405221939087,0.8130942583084106,0.66
492429,0.7794405221939087,0.8130942583084106,0.66
492529,0.7794405221939087,0.8130942583084106,0.66
492629,0.7794405221939087,0.8130942583084106,0.66
492729,0.7794405221939087,0.8130942583084106,0.66
492829,0.7794405221939087,0.8130942583084106,0.66
492929,0.7794405221939087,0.8130942583084106,0.66
493029,0.7794405221939087,0.8130942583084106,0.66
493129,0.7794405221939087,0.8130942583084106,0.66
493229,0.7794405221939087,0.8130942583084106,0.66
493329,0.7794405221939087,0.8130942583084106,0.66
493429,0.7794405221939087,0.8130942583084106,0.66
493529,0.7794405221939087,0.8130942583084106,0.66
493629,0.7794405221939087,0.8130942583084106,0.66
493729,0.7794405221939087,0.8130942583084106,0.66
493829,0.7794405221939087,0.8130942583084106,0.66
493929,0.7794405221939087,0.8130942583084106,0.66
494029,0.7794405221939087,0.8130942583084106,0.66
494129,0.7794405221939087,0.8130942583084106,0.66
494229,0.7794405221939087,0.8130942583084106,0.66
494329,0.7794405221939087,0.8130942583084106,0.66
494429,0.7794405221939087,0.8130942583084106,0.66
494529,0.7794405221939087,0.8130942583084106,0.66
494629,0.7794405221939087,0.8130942583084106,0.66
494729,0.7794405221939087,0.8130942583084106,0.66
494829,0.7794405221939087,0.8130942583084106,0.66
494929,0.7794405221939087,0.8130942583084106,0.66
495029,0.7794405221939087,0.8130942583084106,0.66
495129,0.7794405221939087,0.8130942583084106,0.66
495229,0.7794405221939087,0.8130942583084106,0.66
495329,0.7794405221939087,0.8130942583084106,0.66
495429,0.7794405221939087,0.8130942583084106,0.66
495529,0.7794405221939087,0.8130942583084106,0.66
495629,0.7794405221939087,0.8130942583084106,0.66
495729,0.7794405221939087,0.8130942583084106,0.66
495829,0.7794405221939087,0.8130942583084106,0.66
495929,0.7794405221939087,0.8130942583084106,0.66
496029,0.7794405221939087,0.8130942583084106,0.66
496129,0.7794405221939087,0.8130942583084106,0.66
496229,0.7794405221939087,0.8130942583084106,0.66
496329,0.7794405221939087,0.8130942583084106,0.66
496429,0.7794405221939087,0.8130942583084106,0.66
496529,0.7794405221939087,0.8130942583084106,0.66
496629,0.7794405221939087,0.8130942583084106,0.66
496729,0.7794405221939087,0.8130942583084106,0.66
496829,0.7794405221939087,0.8130942583084106,0.66
496929,0.7794405221939087,0.8130942583084106,0.66
497029,0.7794405221939087,0.8130942583084106,0.66
497129,0.7794405221939087,0.8130942583084106,0.66
497229,0.7794405221939087,0.8130942583084106,0.66
497329,0.7794405221939087,0.8130942583084106,0.66
497429,0.7794405221939087,0.8130942583084106,0.66
